Warm-started from BC checkpoint: models/checkpoints/bc_mlp_gen1_v3.pt
BC KL-anchor attached: models/checkpoints/bc_mlp_gen1_v3.pt (coef 0.05, constant)
Starting PPO training: 5000000 steps | obs_mode=v3 (obs_size=1032) | rollout=512 steps | num_envs=8 | device=cuda | opponent=selfplay=0.5,damagefirst=0.3,random=0.2 (pool: models/ppo/checkpoints/m9seed) | checkpoint every 250000 steps | opp_coef=0.1
Value warmup: policy frozen until step 200000
/home/laith/Projects/pokemon-showdown-ai/models/ppo/train.py:271: UserWarning: checkpoint has no 'opp_head'; using a freshly initialized opponent-prediction head (expected for pre-M5 checkpoints)
  opponent = PPOAgent.load(str(path), device=device)
/home/laith/Projects/pokemon-showdown-ai/models/ppo/train.py:271: UserWarning: could not restore optimizer state (loaded state dict contains a parameter group that doesn't match the size of optimizer's group); using a fresh optimizer (expected when loading a pre-M5 checkpoint into the headed agent)
  opponent = PPOAgent.load(str(path), device=device)
Step 519/5000000 | Win rate (rollout): 0.27 | Loss: 0.380 | Opp label coverage: 0.90
Step 1034/5000000 | Win rate (rollout): 0.42 | Loss: 0.453 | Opp label coverage: 0.90
Step 1548/5000000 | Win rate (rollout): 0.43 | Loss: 0.436 | Opp label coverage: 0.89
Step 2062/5000000 | Win rate (rollout): 0.40 | Loss: 0.353 | Opp label coverage: 0.89
Step 2581/5000000 | Win rate (rollout): 0.27 | Loss: 0.336 | Opp label coverage: 0.90
Step 3094/5000000 | Win rate (rollout): 0.20 | Loss: 0.276 | Opp label coverage: 0.91
Step 3611/5000000 | Win rate (rollout): 0.23 | Loss: 0.258 | Opp label coverage: 0.92
Step 4123/5000000 | Win rate (rollout): 0.75 | Loss: 0.322 | Opp label coverage: 0.80
Step 4639/5000000 | Win rate (rollout): 0.23 | Loss: 0.353 | Opp label coverage: 0.88
Step 5151/5000000 | Win rate (rollout): 0.78 | Loss: 0.335 | Opp label coverage: 0.86
Step 5665/5000000 | Win rate (rollout): 0.38 | Loss: 0.403 | Opp label coverage: 0.91
Step 6182/5000000 | Win rate (rollout): 0.25 | Loss: 0.295 | Opp label coverage: 0.89
Step 6694/5000000 | Win rate (rollout): 0.27 | Loss: 0.308 | Opp label coverage: 0.82
Step 7206/5000000 | Win rate (rollout): 0.43 | Loss: 0.308 | Opp label coverage: 0.78
Step 7718/5000000 | Win rate (rollout): 0.42 | Loss: 0.330 | Opp label coverage: 0.89
Step 8233/5000000 | Win rate (rollout): 0.47 | Loss: 0.350 | Opp label coverage: 0.88
Step 8748/5000000 | Win rate (rollout): 0.18 | Loss: 0.336 | Opp label coverage: 0.90
Step 9260/5000000 | Win rate (rollout): 0.36 | Loss: 0.329 | Opp label coverage: 0.84
Step 9773/5000000 | Win rate (rollout): 0.25 | Loss: 0.396 | Opp label coverage: 0.89
Step 10285/5000000 | Win rate (rollout): 0.20 | Loss: 0.298 | Opp label coverage: 0.81
Step 10799/5000000 | Win rate (rollout): 0.12 | Loss: 0.311 | Opp label coverage: 0.90
Step 11311/5000000 | Win rate (rollout): 0.25 | Loss: 0.313 | Opp label coverage: 0.79
Step 11823/5000000 | Win rate (rollout): 0.41 | Loss: 0.302 | Opp label coverage: 0.83
Step 12339/5000000 | Win rate (rollout): 0.29 | Loss: 0.315 | Opp label coverage: 0.89
Step 12851/5000000 | Win rate (rollout): 0.33 | Loss: 0.358 | Opp label coverage: 0.85
Step 13363/5000000 | Win rate (rollout): 0.38 | Loss: 0.292 | Opp label coverage: 0.80
Step 13880/5000000 | Win rate (rollout): 0.44 | Loss: 0.356 | Opp label coverage: 0.91
Step 14392/5000000 | Win rate (rollout): 0.27 | Loss: 0.315 | Opp label coverage: 0.87
Step 14904/5000000 | Win rate (rollout): 0.25 | Loss: 0.306 | Opp label coverage: 0.83
Step 15416/5000000 | Win rate (rollout): 0.33 | Loss: 0.326 | Opp label coverage: 0.74
Step 15928/5000000 | Win rate (rollout): 0.44 | Loss: 0.297 | Opp label coverage: 0.85
Step 16445/5000000 | Win rate (rollout): 0.64 | Loss: 0.423 | Opp label coverage: 0.89
Step 16957/5000000 | Win rate (rollout): 0.33 | Loss: 0.337 | Opp label coverage: 0.80
Step 17469/5000000 | Win rate (rollout): 0.25 | Loss: 0.325 | Opp label coverage: 0.83
Step 17986/5000000 | Win rate (rollout): 0.20 | Loss: 0.252 | Opp label coverage: 0.90
Step 18498/5000000 | Win rate (rollout): 0.12 | Loss: 0.265 | Opp label coverage: 0.87
Step 19014/5000000 | Win rate (rollout): 0.38 | Loss: 0.340 | Opp label coverage: 0.90
Step 19526/5000000 | Win rate (rollout): 0.38 | Loss: 0.369 | Opp label coverage: 0.83
Step 20038/5000000 | Win rate (rollout): 0.50 | Loss: 0.294 | Opp label coverage: 0.81
Step 20550/5000000 | Win rate (rollout): 0.25 | Loss: 0.288 | Opp label coverage: 0.82
Step 21062/5000000 | Win rate (rollout): 0.75 | Loss: 0.304 | Opp label coverage: 0.82
Step 21575/5000000 | Win rate (rollout): 0.27 | Loss: 0.388 | Opp label coverage: 0.90
Step 22087/5000000 | Win rate (rollout): 0.46 | Loss: 0.343 | Opp label coverage: 0.87
Step 22599/5000000 | Win rate (rollout): 0.50 | Loss: 0.285 | Opp label coverage: 0.90
Step 23111/5000000 | Win rate (rollout): 0.44 | Loss: 0.292 | Opp label coverage: 0.80
Step 23630/5000000 | Win rate (rollout): 0.22 | Loss: 0.319 | Opp label coverage: 0.88
Step 24149/5000000 | Win rate (rollout): 0.38 | Loss: 0.362 | Opp label coverage: 0.91
Step 24664/5000000 | Win rate (rollout): 0.67 | Loss: 0.357 | Opp label coverage: 0.90
Step 25176/5000000 | Win rate (rollout): 0.67 | Loss: 0.285 | Opp label coverage: 0.84
Step 25688/5000000 | Win rate (rollout): 0.46 | Loss: 0.306 | Opp label coverage: 0.85
Step 26201/5000000 | Win rate (rollout): 0.22 | Loss: 0.300 | Opp label coverage: 0.89
Step 26713/5000000 | Win rate (rollout): 0.43 | Loss: 0.268 | Opp label coverage: 0.83
Step 27225/5000000 | Win rate (rollout): 0.50 | Loss: 0.336 | Opp label coverage: 0.88
Step 27737/5000000 | Win rate (rollout): 0.30 | Loss: 0.304 | Opp label coverage: 0.85
Step 28249/5000000 | Win rate (rollout): 0.18 | Loss: 0.306 | Opp label coverage: 0.83
Step 28761/5000000 | Win rate (rollout): 0.33 | Loss: 0.300 | Opp label coverage: 0.82
Step 29276/5000000 | Win rate (rollout): 0.09 | Loss: 0.343 | Opp label coverage: 0.88
Step 29793/5000000 | Win rate (rollout): 0.17 | Loss: 0.373 | Opp label coverage: 0.89
Step 30305/5000000 | Win rate (rollout): 0.33 | Loss: 0.280 | Opp label coverage: 0.84
Step 30817/5000000 | Win rate (rollout): 0.18 | Loss: 0.317 | Opp label coverage: 0.84
Step 31336/5000000 | Win rate (rollout): 0.14 | Loss: 0.347 | Opp label coverage: 0.91
Step 31851/5000000 | Win rate (rollout): 0.25 | Loss: 0.312 | Opp label coverage: 0.89
Step 32363/5000000 | Win rate (rollout): 0.29 | Loss: 0.261 | Opp label coverage: 0.83
Step 32881/5000000 | Win rate (rollout): 0.46 | Loss: 0.335 | Opp label coverage: 0.90
Step 33393/5000000 | Win rate (rollout): 0.33 | Loss: 0.305 | Opp label coverage: 0.84
Step 33905/5000000 | Win rate (rollout): 0.17 | Loss: 0.296 | Opp label coverage: 0.81
Step 34417/5000000 | Win rate (rollout): 0.33 | Loss: 0.289 | Opp label coverage: 0.85
Step 34929/5000000 | Win rate (rollout): 0.18 | Loss: 0.327 | Opp label coverage: 0.88
Step 35441/5000000 | Win rate (rollout): 0.25 | Loss: 0.276 | Opp label coverage: 0.83
Step 35953/5000000 | Win rate (rollout): 0.36 | Loss: 0.318 | Opp label coverage: 0.78
Step 36465/5000000 | Win rate (rollout): 0.18 | Loss: 0.297 | Opp label coverage: 0.83
Step 36977/5000000 | Win rate (rollout): 0.12 | Loss: 0.292 | Opp label coverage: 0.86
Step 37494/5000000 | Win rate (rollout): 0.12 | Loss: 0.283 | Opp label coverage: 0.90
Step 38007/5000000 | Win rate (rollout): 0.15 | Loss: 0.260 | Opp label coverage: 0.89
Step 38519/5000000 | Win rate (rollout): 0.08 | Loss: 0.286 | Opp label coverage: 0.83
Step 39035/5000000 | Win rate (rollout): 0.25 | Loss: 0.309 | Opp label coverage: 0.90
Step 39550/5000000 | Win rate (rollout): 0.43 | Loss: 0.347 | Opp label coverage: 0.88
Step 40062/5000000 | Win rate (rollout): 0.15 | Loss: 0.258 | Opp label coverage: 0.89
Step 40575/5000000 | Win rate (rollout): 0.15 | Loss: 0.296 | Opp label coverage: 0.90
Step 41087/5000000 | Win rate (rollout): 0.33 | Loss: 0.284 | Opp label coverage: 0.83
Step 41599/5000000 | Win rate (rollout): 0.50 | Loss: 0.296 | Opp label coverage: 0.89
Step 42111/5000000 | Win rate (rollout): 0.45 | Loss: 0.275 | Opp label coverage: 0.86
Step 42623/5000000 | Win rate (rollout): 0.25 | Loss: 0.325 | Opp label coverage: 0.84
Step 43136/5000000 | Win rate (rollout): 0.33 | Loss: 0.337 | Opp label coverage: 0.89
Step 43648/5000000 | Win rate (rollout): 0.67 | Loss: 0.279 | Opp label coverage: 0.80
Step 44160/5000000 | Win rate (rollout): 0.22 | Loss: 0.305 | Opp label coverage: 0.88
Step 44672/5000000 | Win rate (rollout): 0.14 | Loss: 0.257 | Opp label coverage: 0.86
Step 45188/5000000 | Win rate (rollout): 0.56 | Loss: 0.317 | Opp label coverage: 0.91
Step 45700/5000000 | Win rate (rollout): 0.17 | Loss: 0.315 | Opp label coverage: 0.83
Step 46212/5000000 | Win rate (rollout): 0.24 | Loss: 0.343 | Opp label coverage: 0.83
Step 46724/5000000 | Win rate (rollout): 0.31 | Loss: 0.344 | Opp label coverage: 0.80
Step 47236/5000000 | Win rate (rollout): 0.44 | Loss: 0.350 | Opp label coverage: 0.84
Step 47753/5000000 | Win rate (rollout): 0.30 | Loss: 0.372 | Opp label coverage: 0.89
Step 48270/5000000 | Win rate (rollout): 0.17 | Loss: 0.304 | Opp label coverage: 0.89
Step 48782/5000000 | Win rate (rollout): 0.36 | Loss: 0.313 | Opp label coverage: 0.85
Step 49295/5000000 | Win rate (rollout): 0.40 | Loss: 0.288 | Opp label coverage: 0.90
Step 49807/5000000 | Win rate (rollout): 0.21 | Loss: 0.321 | Opp label coverage: 0.77
Step 50319/5000000 | Win rate (rollout): 0.17 | Loss: 0.245 | Opp label coverage: 0.81
Step 50834/5000000 | Win rate (rollout): 0.12 | Loss: 0.349 | Opp label coverage: 0.89
Step 51348/5000000 | Win rate (rollout): 0.21 | Loss: 0.378 | Opp label coverage: 0.90
Step 51860/5000000 | Win rate (rollout): 0.14 | Loss: 0.259 | Opp label coverage: 0.86
Step 52373/5000000 | Win rate (rollout): 0.42 | Loss: 0.282 | Opp label coverage: 0.88
Step 52885/5000000 | Win rate (rollout): 0.29 | Loss: 0.269 | Opp label coverage: 0.84
Step 53402/5000000 | Win rate (rollout): 0.29 | Loss: 0.337 | Opp label coverage: 0.90
Step 53919/5000000 | Win rate (rollout): 0.33 | Loss: 0.394 | Opp label coverage: 0.88
Step 54433/5000000 | Win rate (rollout): 0.45 | Loss: 0.276 | Opp label coverage: 0.91
Step 54945/5000000 | Win rate (rollout): 0.36 | Loss: 0.338 | Opp label coverage: 0.86
Step 55460/5000000 | Win rate (rollout): 0.10 | Loss: 0.272 | Opp label coverage: 0.88
Step 55975/5000000 | Win rate (rollout): 0.09 | Loss: 0.284 | Opp label coverage: 0.90
Step 56487/5000000 | Win rate (rollout): 0.33 | Loss: 0.293 | Opp label coverage: 0.88
Step 57005/5000000 | Win rate (rollout): 0.50 | Loss: 0.301 | Opp label coverage: 0.91
Step 57517/5000000 | Win rate (rollout): 0.22 | Loss: 0.312 | Opp label coverage: 0.76
Step 58029/5000000 | Win rate (rollout): 0.33 | Loss: 0.271 | Opp label coverage: 0.84
Step 58544/5000000 | Win rate (rollout): 0.09 | Loss: 0.285 | Opp label coverage: 0.88
Step 59056/5000000 | Win rate (rollout): 0.30 | Loss: 0.309 | Opp label coverage: 0.82
Step 59573/5000000 | Win rate (rollout): 0.22 | Loss: 0.332 | Opp label coverage: 0.91
Step 60086/5000000 | Win rate (rollout): 0.31 | Loss: 0.287 | Opp label coverage: 0.87
Step 60602/5000000 | Win rate (rollout): 0.00 | Loss: 0.277 | Opp label coverage: 0.88
Step 61121/5000000 | Win rate (rollout): 0.38 | Loss: 0.331 | Opp label coverage: 0.90
Step 61633/5000000 | Win rate (rollout): 0.23 | Loss: 0.319 | Opp label coverage: 0.81
Step 62145/5000000 | Win rate (rollout): 0.25 | Loss: 0.343 | Opp label coverage: 0.81
Step 62657/5000000 | Win rate (rollout): 0.33 | Loss: 0.275 | Opp label coverage: 0.85
Step 63169/5000000 | Win rate (rollout): 0.20 | Loss: 0.311 | Opp label coverage: 0.78
Step 63682/5000000 | Win rate (rollout): 0.33 | Loss: 0.366 | Opp label coverage: 0.89
Step 64194/5000000 | Win rate (rollout): 0.50 | Loss: 0.354 | Opp label coverage: 0.85
Step 64706/5000000 | Win rate (rollout): 0.29 | Loss: 0.317 | Opp label coverage: 0.84
Step 65218/5000000 | Win rate (rollout): 0.29 | Loss: 0.317 | Opp label coverage: 0.84
Step 65730/5000000 | Win rate (rollout): 0.25 | Loss: 0.298 | Opp label coverage: 0.81
Step 66242/5000000 | Win rate (rollout): 0.38 | Loss: 0.344 | Opp label coverage: 0.83
Step 66754/5000000 | Win rate (rollout): 0.00 | Loss: 0.257 | Opp label coverage: 0.84
Step 67270/5000000 | Win rate (rollout): 0.50 | Loss: 0.355 | Opp label coverage: 0.91
Step 67782/5000000 | Win rate (rollout): 0.50 | Loss: 0.309 | Opp label coverage: 0.79
Step 68296/5000000 | Win rate (rollout): 0.30 | Loss: 0.260 | Opp label coverage: 0.88
Step 68808/5000000 | Win rate (rollout): 0.36 | Loss: 0.329 | Opp label coverage: 0.86
Step 69320/5000000 | Win rate (rollout): 0.33 | Loss: 0.311 | Opp label coverage: 0.83
Step 69832/5000000 | Win rate (rollout): 0.29 | Loss: 0.295 | Opp label coverage: 0.83
Step 70344/5000000 | Win rate (rollout): 0.44 | Loss: 0.281 | Opp label coverage: 0.83
Step 70859/5000000 | Win rate (rollout): 0.22 | Loss: 0.333 | Opp label coverage: 0.89
Step 71374/5000000 | Win rate (rollout): 0.31 | Loss: 0.381 | Opp label coverage: 0.89
Step 71886/5000000 | Win rate (rollout): 0.25 | Loss: 0.285 | Opp label coverage: 0.86
Step 72402/5000000 | Win rate (rollout): 0.33 | Loss: 0.297 | Opp label coverage: 0.90
Step 72915/5000000 | Win rate (rollout): 0.54 | Loss: 0.374 | Opp label coverage: 0.90
Step 73432/5000000 | Win rate (rollout): 0.36 | Loss: 0.333 | Opp label coverage: 0.90
Step 73947/5000000 | Win rate (rollout): 0.33 | Loss: 0.336 | Opp label coverage: 0.88
Step 74466/5000000 | Win rate (rollout): 0.15 | Loss: 0.305 | Opp label coverage: 0.89
Step 74978/5000000 | Win rate (rollout): 0.44 | Loss: 0.297 | Opp label coverage: 0.83
Step 75490/5000000 | Win rate (rollout): 0.27 | Loss: 0.277 | Opp label coverage: 0.86
Step 76005/5000000 | Win rate (rollout): 0.11 | Loss: 0.310 | Opp label coverage: 0.89
Step 76517/5000000 | Win rate (rollout): 0.38 | Loss: 0.306 | Opp label coverage: 0.87
Step 77030/5000000 | Win rate (rollout): 0.36 | Loss: 0.339 | Opp label coverage: 0.89
Step 77542/5000000 | Win rate (rollout): 0.13 | Loss: 0.331 | Opp label coverage: 0.83
Step 78056/5000000 | Win rate (rollout): 0.33 | Loss: 0.331 | Opp label coverage: 0.90
Step 78573/5000000 | Win rate (rollout): 0.13 | Loss: 0.279 | Opp label coverage: 0.88
Step 79091/5000000 | Win rate (rollout): 0.33 | Loss: 0.350 | Opp label coverage: 0.89
Step 79603/5000000 | Win rate (rollout): 0.50 | Loss: 0.318 | Opp label coverage: 0.84
Step 80115/5000000 | Win rate (rollout): 0.27 | Loss: 0.356 | Opp label coverage: 0.88
Step 80632/5000000 | Win rate (rollout): 0.19 | Loss: 0.237 | Opp label coverage: 0.88
Step 81144/5000000 | Win rate (rollout): 0.43 | Loss: 0.287 | Opp label coverage: 0.80
Step 81656/5000000 | Win rate (rollout): 0.33 | Loss: 0.306 | Opp label coverage: 0.83
Step 82172/5000000 | Win rate (rollout): 0.20 | Loss: 0.301 | Opp label coverage: 0.88
Step 82684/5000000 | Win rate (rollout): 0.09 | Loss: 0.310 | Opp label coverage: 0.81
Step 83196/5000000 | Win rate (rollout): 0.25 | Loss: 0.276 | Opp label coverage: 0.83
Step 83708/5000000 | Win rate (rollout): 0.33 | Loss: 0.271 | Opp label coverage: 0.85
Step 84225/5000000 | Win rate (rollout): 0.25 | Loss: 0.295 | Opp label coverage: 0.91
Step 84737/5000000 | Win rate (rollout): 0.21 | Loss: 0.339 | Opp label coverage: 0.89
Step 85251/5000000 | Win rate (rollout): 0.46 | Loss: 0.410 | Opp label coverage: 0.90
Step 85763/5000000 | Win rate (rollout): 0.50 | Loss: 0.305 | Opp label coverage: 0.83
Step 86278/5000000 | Win rate (rollout): 0.09 | Loss: 0.336 | Opp label coverage: 0.88
Step 86795/5000000 | Win rate (rollout): 0.47 | Loss: 0.381 | Opp label coverage: 0.88
Step 87309/5000000 | Win rate (rollout): 0.38 | Loss: 0.334 | Opp label coverage: 0.90
Step 87821/5000000 | Win rate (rollout): 0.38 | Loss: 0.293 | Opp label coverage: 0.88
Step 88338/5000000 | Win rate (rollout): 0.56 | Loss: 0.285 | Opp label coverage: 0.90
Step 88852/5000000 | Win rate (rollout): 0.21 | Loss: 0.329 | Opp label coverage: 0.90
Step 89364/5000000 | Win rate (rollout): 0.09 | Loss: 0.323 | Opp label coverage: 0.83
Step 89879/5000000 | Win rate (rollout): 0.33 | Loss: 0.337 | Opp label coverage: 0.90
Step 90391/5000000 | Win rate (rollout): 0.27 | Loss: 0.318 | Opp label coverage: 0.80
Step 90903/5000000 | Win rate (rollout): 0.15 | Loss: 0.293 | Opp label coverage: 0.80
Step 91419/5000000 | Win rate (rollout): 0.44 | Loss: 0.394 | Opp label coverage: 0.90
Step 91937/5000000 | Win rate (rollout): 0.21 | Loss: 0.272 | Opp label coverage: 0.88
Step 92449/5000000 | Win rate (rollout): 0.23 | Loss: 0.329 | Opp label coverage: 0.81
Step 92961/5000000 | Win rate (rollout): 0.62 | Loss: 0.301 | Opp label coverage: 0.86
Step 93473/5000000 | Win rate (rollout): 0.23 | Loss: 0.328 | Opp label coverage: 0.80
Step 93991/5000000 | Win rate (rollout): 0.33 | Loss: 0.321 | Opp label coverage: 0.91
Step 94506/5000000 | Win rate (rollout): 0.09 | Loss: 0.248 | Opp label coverage: 0.89
Step 95019/5000000 | Win rate (rollout): 0.25 | Loss: 0.342 | Opp label coverage: 0.91
Step 95531/5000000 | Win rate (rollout): 0.22 | Loss: 0.298 | Opp label coverage: 0.81
Step 96047/5000000 | Win rate (rollout): 0.11 | Loss: 0.332 | Opp label coverage: 0.89
Step 96559/5000000 | Win rate (rollout): 0.12 | Loss: 0.283 | Opp label coverage: 0.85
Step 97074/5000000 | Win rate (rollout): 0.00 | Loss: 0.316 | Opp label coverage: 0.89
Step 97586/5000000 | Win rate (rollout): 0.23 | Loss: 0.318 | Opp label coverage: 0.81
Step 98098/5000000 | Win rate (rollout): 0.07 | Loss: 0.269 | Opp label coverage: 0.81
Step 98613/5000000 | Win rate (rollout): 0.25 | Loss: 0.238 | Opp label coverage: 0.90
Step 99125/5000000 | Win rate (rollout): 0.27 | Loss: 0.348 | Opp label coverage: 0.84
Step 99638/5000000 | Win rate (rollout): 0.18 | Loss: 0.252 | Opp label coverage: 0.88
Step 100150/5000000 | Win rate (rollout): 0.29 | Loss: 0.325 | Opp label coverage: 0.82
Step 100668/5000000 | Win rate (rollout): 0.33 | Loss: 0.298 | Opp label coverage: 0.90
Step 101183/5000000 | Win rate (rollout): 0.42 | Loss: 0.341 | Opp label coverage: 0.90
Step 101699/5000000 | Win rate (rollout): 0.55 | Loss: 0.265 | Opp label coverage: 0.91
Step 102211/5000000 | Win rate (rollout): 0.75 | Loss: 0.298 | Opp label coverage: 0.85
Step 102723/5000000 | Win rate (rollout): 0.40 | Loss: 0.314 | Opp label coverage: 0.83
Step 103236/5000000 | Win rate (rollout): 0.00 | Loss: 0.317 | Opp label coverage: 0.88
Step 103748/5000000 | Win rate (rollout): 0.17 | Loss: 0.290 | Opp label coverage: 0.84
Step 104260/5000000 | Win rate (rollout): 0.31 | Loss: 0.279 | Opp label coverage: 0.84
Step 104772/5000000 | Win rate (rollout): 0.47 | Loss: 0.362 | Opp label coverage: 0.82
Step 105284/5000000 | Win rate (rollout): 0.10 | Loss: 0.303 | Opp label coverage: 0.89
Step 105798/5000000 | Win rate (rollout): 0.31 | Loss: 0.256 | Opp label coverage: 0.90
Step 106313/5000000 | Win rate (rollout): 0.12 | Loss: 0.329 | Opp label coverage: 0.87
Step 106832/5000000 | Win rate (rollout): 0.56 | Loss: 0.336 | Opp label coverage: 0.91
Step 107344/5000000 | Win rate (rollout): 0.38 | Loss: 0.329 | Opp label coverage: 0.84
Step 107856/5000000 | Win rate (rollout): 0.50 | Loss: 0.334 | Opp label coverage: 0.90
Step 108368/5000000 | Win rate (rollout): 0.38 | Loss: 0.331 | Opp label coverage: 0.84
Step 108884/5000000 | Win rate (rollout): 0.11 | Loss: 0.262 | Opp label coverage: 0.89
Step 109398/5000000 | Win rate (rollout): 0.36 | Loss: 0.364 | Opp label coverage: 0.89
Step 109910/5000000 | Win rate (rollout): 0.54 | Loss: 0.371 | Opp label coverage: 0.78
Step 110422/5000000 | Win rate (rollout): 0.38 | Loss: 0.323 | Opp label coverage: 0.90
Step 110939/5000000 | Win rate (rollout): 0.29 | Loss: 0.284 | Opp label coverage: 0.89
Step 111451/5000000 | Win rate (rollout): 0.50 | Loss: 0.269 | Opp label coverage: 0.85
Step 111965/5000000 | Win rate (rollout): 0.33 | Loss: 0.347 | Opp label coverage: 0.89
Step 112477/5000000 | Win rate (rollout): 0.25 | Loss: 0.264 | Opp label coverage: 0.84
Step 112992/5000000 | Win rate (rollout): 0.40 | Loss: 0.355 | Opp label coverage: 0.89
Step 113505/5000000 | Win rate (rollout): 0.33 | Loss: 0.271 | Opp label coverage: 0.91
Step 114021/5000000 | Win rate (rollout): 0.43 | Loss: 0.319 | Opp label coverage: 0.88
Step 114537/5000000 | Win rate (rollout): 0.40 | Loss: 0.350 | Opp label coverage: 0.89
Step 115050/5000000 | Win rate (rollout): 0.33 | Loss: 0.455 | Opp label coverage: 0.88
Step 115567/5000000 | Win rate (rollout): 0.23 | Loss: 0.336 | Opp label coverage: 0.89
Step 116080/5000000 | Win rate (rollout): 0.36 | Loss: 0.284 | Opp label coverage: 0.92
Step 116599/5000000 | Win rate (rollout): 0.54 | Loss: 0.301 | Opp label coverage: 0.89
Step 117111/5000000 | Win rate (rollout): 0.17 | Loss: 0.252 | Opp label coverage: 0.88
Step 117623/5000000 | Win rate (rollout): 0.36 | Loss: 0.258 | Opp label coverage: 0.87
Step 118135/5000000 | Win rate (rollout): 0.40 | Loss: 0.260 | Opp label coverage: 0.82
Step 118650/5000000 | Win rate (rollout): 0.11 | Loss: 0.280 | Opp label coverage: 0.90
Step 119162/5000000 | Win rate (rollout): 0.21 | Loss: 0.330 | Opp label coverage: 0.80
Step 119680/5000000 | Win rate (rollout): 0.33 | Loss: 0.265 | Opp label coverage: 0.90
Step 120197/5000000 | Win rate (rollout): 0.33 | Loss: 0.361 | Opp label coverage: 0.90
Step 120709/5000000 | Win rate (rollout): 0.18 | Loss: 0.307 | Opp label coverage: 0.80
Step 121223/5000000 | Win rate (rollout): 0.50 | Loss: 0.340 | Opp label coverage: 0.92
Step 121735/5000000 | Win rate (rollout): 0.29 | Loss: 0.360 | Opp label coverage: 0.83
Step 122250/5000000 | Win rate (rollout): 0.45 | Loss: 0.360 | Opp label coverage: 0.89
Step 122762/5000000 | Win rate (rollout): 0.12 | Loss: 0.269 | Opp label coverage: 0.79
Step 123276/5000000 | Win rate (rollout): 0.43 | Loss: 0.269 | Opp label coverage: 0.91
Step 123788/5000000 | Win rate (rollout): 0.40 | Loss: 0.311 | Opp label coverage: 0.82
Step 124303/5000000 | Win rate (rollout): 0.17 | Loss: 0.288 | Opp label coverage: 0.87
Step 124815/5000000 | Win rate (rollout): 0.23 | Loss: 0.316 | Opp label coverage: 0.88
Step 125327/5000000 | Win rate (rollout): 0.00 | Loss: 0.208 | Opp label coverage: 0.90
Step 125839/5000000 | Win rate (rollout): 0.33 | Loss: 0.293 | Opp label coverage: 0.89
Step 126358/5000000 | Win rate (rollout): 0.27 | Loss: 0.328 | Opp label coverage: 0.90
Step 126870/5000000 | Win rate (rollout): 0.40 | Loss: 0.315 | Opp label coverage: 0.78
Step 127385/5000000 | Win rate (rollout): 0.36 | Loss: 0.324 | Opp label coverage: 0.89
Step 127897/5000000 | Win rate (rollout): 0.46 | Loss: 0.364 | Opp label coverage: 0.91
Step 128409/5000000 | Win rate (rollout): 0.47 | Loss: 0.349 | Opp label coverage: 0.90
Step 128921/5000000 | Win rate (rollout): 0.46 | Loss: 0.358 | Opp label coverage: 0.86
Step 129437/5000000 | Win rate (rollout): 0.10 | Loss: 0.322 | Opp label coverage: 0.88
Step 129956/5000000 | Win rate (rollout): 0.23 | Loss: 0.359 | Opp label coverage: 0.90
Step 130468/5000000 | Win rate (rollout): 0.50 | Loss: 0.295 | Opp label coverage: 0.88
Step 130980/5000000 | Win rate (rollout): 0.45 | Loss: 0.291 | Opp label coverage: 0.87
Step 131492/5000000 | Win rate (rollout): 0.45 | Loss: 0.303 | Opp label coverage: 0.77
Step 132008/5000000 | Win rate (rollout): 0.44 | Loss: 0.291 | Opp label coverage: 0.90
Step 132522/5000000 | Win rate (rollout): 0.31 | Loss: 0.318 | Opp label coverage: 0.89
Step 133034/5000000 | Win rate (rollout): 0.60 | Loss: 0.329 | Opp label coverage: 0.83
Step 133547/5000000 | Win rate (rollout): 0.38 | Loss: 0.315 | Opp label coverage: 0.90
Step 134060/5000000 | Win rate (rollout): 0.36 | Loss: 0.370 | Opp label coverage: 0.89
Step 134575/5000000 | Win rate (rollout): 0.29 | Loss: 0.227 | Opp label coverage: 0.90
Step 135088/5000000 | Win rate (rollout): 0.30 | Loss: 0.256 | Opp label coverage: 0.90
Step 135601/5000000 | Win rate (rollout): 0.36 | Loss: 0.325 | Opp label coverage: 0.90
Step 136113/5000000 | Win rate (rollout): 0.27 | Loss: 0.289 | Opp label coverage: 0.82
Step 136632/5000000 | Win rate (rollout): 0.30 | Loss: 0.278 | Opp label coverage: 0.90
Step 137144/5000000 | Win rate (rollout): 0.57 | Loss: 0.276 | Opp label coverage: 0.81
Step 137660/5000000 | Win rate (rollout): 0.25 | Loss: 0.246 | Opp label coverage: 0.89
Step 138174/5000000 | Win rate (rollout): 0.27 | Loss: 0.198 | Opp label coverage: 0.92
Step 138686/5000000 | Win rate (rollout): 0.25 | Loss: 0.327 | Opp label coverage: 0.87
Step 139205/5000000 | Win rate (rollout): 0.30 | Loss: 0.362 | Opp label coverage: 0.89
Step 139717/5000000 | Win rate (rollout): 0.30 | Loss: 0.337 | Opp label coverage: 0.79
Step 140229/5000000 | Win rate (rollout): 0.44 | Loss: 0.284 | Opp label coverage: 0.86
Step 140741/5000000 | Win rate (rollout): 0.00 | Loss: 0.290 | Opp label coverage: 0.79
Step 141253/5000000 | Win rate (rollout): 0.40 | Loss: 0.381 | Opp label coverage: 0.80
Step 141765/5000000 | Win rate (rollout): 0.57 | Loss: 0.287 | Opp label coverage: 0.86
Step 142277/5000000 | Win rate (rollout): 0.27 | Loss: 0.321 | Opp label coverage: 0.79
Step 142789/5000000 | Win rate (rollout): 0.31 | Loss: 0.309 | Opp label coverage: 0.84
Step 143301/5000000 | Win rate (rollout): 0.62 | Loss: 0.318 | Opp label coverage: 0.87
Step 143813/5000000 | Win rate (rollout): 0.10 | Loss: 0.264 | Opp label coverage: 0.80
Step 144325/5000000 | Win rate (rollout): 0.50 | Loss: 0.265 | Opp label coverage: 0.88
Step 144839/5000000 | Win rate (rollout): 0.40 | Loss: 0.363 | Opp label coverage: 0.88
Step 145357/5000000 | Win rate (rollout): 0.36 | Loss: 0.293 | Opp label coverage: 0.90
Step 145869/5000000 | Win rate (rollout): 0.40 | Loss: 0.302 | Opp label coverage: 0.81
Step 146381/5000000 | Win rate (rollout): 0.44 | Loss: 0.336 | Opp label coverage: 0.85
Step 146893/5000000 | Win rate (rollout): 0.15 | Loss: 0.308 | Opp label coverage: 0.88
Step 147406/5000000 | Win rate (rollout): 0.42 | Loss: 0.355 | Opp label coverage: 0.90
Step 147918/5000000 | Win rate (rollout): 0.30 | Loss: 0.299 | Opp label coverage: 0.86
Step 148431/5000000 | Win rate (rollout): 0.38 | Loss: 0.337 | Opp label coverage: 0.89
Step 148943/5000000 | Win rate (rollout): 0.31 | Loss: 0.320 | Opp label coverage: 0.89
Step 149455/5000000 | Win rate (rollout): 0.44 | Loss: 0.336 | Opp label coverage: 0.79
Step 149967/5000000 | Win rate (rollout): 0.31 | Loss: 0.308 | Opp label coverage: 0.84
Step 150482/5000000 | Win rate (rollout): 0.64 | Loss: 0.372 | Opp label coverage: 0.90
Step 151001/5000000 | Win rate (rollout): 0.27 | Loss: 0.304 | Opp label coverage: 0.91
Step 151516/5000000 | Win rate (rollout): 0.25 | Loss: 0.288 | Opp label coverage: 0.90
Step 152030/5000000 | Win rate (rollout): 0.27 | Loss: 0.322 | Opp label coverage: 0.93
Step 152542/5000000 | Win rate (rollout): 0.25 | Loss: 0.291 | Opp label coverage: 0.89
Step 153054/5000000 | Win rate (rollout): 0.38 | Loss: 0.336 | Opp label coverage: 0.84
Step 153566/5000000 | Win rate (rollout): 0.12 | Loss: 0.291 | Opp label coverage: 0.89
Step 154083/5000000 | Win rate (rollout): 0.38 | Loss: 0.376 | Opp label coverage: 0.90
Step 154598/5000000 | Win rate (rollout): 0.53 | Loss: 0.335 | Opp label coverage: 0.89
Step 155115/5000000 | Win rate (rollout): 0.00 | Loss: 0.267 | Opp label coverage: 0.90
Step 155627/5000000 | Win rate (rollout): 0.46 | Loss: 0.359 | Opp label coverage: 0.83
Step 156139/5000000 | Win rate (rollout): 0.38 | Loss: 0.289 | Opp label coverage: 0.81
Step 156651/5000000 | Win rate (rollout): 0.33 | Loss: 0.322 | Opp label coverage: 0.81
Step 157169/5000000 | Win rate (rollout): 0.00 | Loss: 0.289 | Opp label coverage: 0.88
Step 157687/5000000 | Win rate (rollout): 0.33 | Loss: 0.290 | Opp label coverage: 0.89
Step 158199/5000000 | Win rate (rollout): 0.38 | Loss: 0.350 | Opp label coverage: 0.83
Step 158711/5000000 | Win rate (rollout): 0.21 | Loss: 0.308 | Opp label coverage: 0.79
Step 159223/5000000 | Win rate (rollout): 0.33 | Loss: 0.354 | Opp label coverage: 0.89
Step 159735/5000000 | Win rate (rollout): 0.27 | Loss: 0.282 | Opp label coverage: 0.80
Step 160250/5000000 | Win rate (rollout): 0.45 | Loss: 0.376 | Opp label coverage: 0.90
Step 160764/5000000 | Win rate (rollout): 0.46 | Loss: 0.303 | Opp label coverage: 0.90
Step 161277/5000000 | Win rate (rollout): 0.43 | Loss: 0.302 | Opp label coverage: 0.90
Step 161795/5000000 | Win rate (rollout): 0.23 | Loss: 0.312 | Opp label coverage: 0.90
Step 162307/5000000 | Win rate (rollout): 0.15 | Loss: 0.296 | Opp label coverage: 0.89
Step 162819/5000000 | Win rate (rollout): 0.08 | Loss: 0.284 | Opp label coverage: 0.83
Step 163336/5000000 | Win rate (rollout): 0.22 | Loss: 0.293 | Opp label coverage: 0.89
Step 163848/5000000 | Win rate (rollout): 0.58 | Loss: 0.401 | Opp label coverage: 0.82
Step 164366/5000000 | Win rate (rollout): 0.50 | Loss: 0.304 | Opp label coverage: 0.90
Step 164883/5000000 | Win rate (rollout): 0.50 | Loss: 0.308 | Opp label coverage: 0.90
Step 165399/5000000 | Win rate (rollout): 0.31 | Loss: 0.267 | Opp label coverage: 0.91
Step 165911/5000000 | Win rate (rollout): 0.09 | Loss: 0.301 | Opp label coverage: 0.79
Step 166425/5000000 | Win rate (rollout): 0.12 | Loss: 0.290 | Opp label coverage: 0.87
Step 166937/5000000 | Win rate (rollout): 0.57 | Loss: 0.286 | Opp label coverage: 0.83
Step 167452/5000000 | Win rate (rollout): 0.18 | Loss: 0.309 | Opp label coverage: 0.88
Step 167966/5000000 | Win rate (rollout): 0.47 | Loss: 0.381 | Opp label coverage: 0.89
Step 168479/5000000 | Win rate (rollout): 0.54 | Loss: 0.368 | Opp label coverage: 0.91
Step 168991/5000000 | Win rate (rollout): 0.17 | Loss: 0.336 | Opp label coverage: 0.78
Step 169503/5000000 | Win rate (rollout): 0.31 | Loss: 0.325 | Opp label coverage: 0.79
Step 170015/5000000 | Win rate (rollout): 0.43 | Loss: 0.273 | Opp label coverage: 0.84
Step 170527/5000000 | Win rate (rollout): 0.44 | Loss: 0.336 | Opp label coverage: 0.90
Step 171045/5000000 | Win rate (rollout): 0.27 | Loss: 0.335 | Opp label coverage: 0.89
Step 171564/5000000 | Win rate (rollout): 0.17 | Loss: 0.281 | Opp label coverage: 0.91
Step 172080/5000000 | Win rate (rollout): 0.25 | Loss: 0.232 | Opp label coverage: 0.90
Step 172592/5000000 | Win rate (rollout): 0.27 | Loss: 0.283 | Opp label coverage: 0.85
Step 173104/5000000 | Win rate (rollout): 0.20 | Loss: 0.237 | Opp label coverage: 0.82
Step 173621/5000000 | Win rate (rollout): 0.50 | Loss: 0.330 | Opp label coverage: 0.90
Step 174139/5000000 | Win rate (rollout): 0.31 | Loss: 0.304 | Opp label coverage: 0.91
Step 174658/5000000 | Win rate (rollout): 0.43 | Loss: 0.373 | Opp label coverage: 0.90
Step 175170/5000000 | Win rate (rollout): 0.17 | Loss: 0.280 | Opp label coverage: 0.82
Step 175686/5000000 | Win rate (rollout): 0.44 | Loss: 0.289 | Opp label coverage: 0.91
Step 176202/5000000 | Win rate (rollout): 0.46 | Loss: 0.318 | Opp label coverage: 0.90
Step 176714/5000000 | Win rate (rollout): 0.27 | Loss: 0.351 | Opp label coverage: 0.87
Step 177226/5000000 | Win rate (rollout): 0.40 | Loss: 0.295 | Opp label coverage: 0.84
Step 177739/5000000 | Win rate (rollout): 0.50 | Loss: 0.214 | Opp label coverage: 0.91
Step 178251/5000000 | Win rate (rollout): 0.00 | Loss: 0.294 | Opp label coverage: 0.82
Step 178763/5000000 | Win rate (rollout): 0.08 | Loss: 0.292 | Opp label coverage: 0.79
Step 179276/5000000 | Win rate (rollout): 0.40 | Loss: 0.319 | Opp label coverage: 0.89
Step 179788/5000000 | Win rate (rollout): 0.12 | Loss: 0.264 | Opp label coverage: 0.85
Step 180300/5000000 | Win rate (rollout): 0.50 | Loss: 0.378 | Opp label coverage: 0.81
Step 180815/5000000 | Win rate (rollout): 0.20 | Loss: 0.269 | Opp label coverage: 0.89
Step 181327/5000000 | Win rate (rollout): 0.12 | Loss: 0.258 | Opp label coverage: 0.80
Step 181846/5000000 | Win rate (rollout): 0.22 | Loss: 0.270 | Opp label coverage: 0.90
Step 182358/5000000 | Win rate (rollout): 0.10 | Loss: 0.263 | Opp label coverage: 0.80
Step 182870/5000000 | Win rate (rollout): 0.60 | Loss: 0.268 | Opp label coverage: 0.76
Step 183382/5000000 | Win rate (rollout): 0.27 | Loss: 0.281 | Opp label coverage: 0.84
Step 183897/5000000 | Win rate (rollout): 0.22 | Loss: 0.269 | Opp label coverage: 0.90
Step 184409/5000000 | Win rate (rollout): 0.29 | Loss: 0.351 | Opp label coverage: 0.89
Step 184926/5000000 | Win rate (rollout): 0.29 | Loss: 0.255 | Opp label coverage: 0.87
Step 185440/5000000 | Win rate (rollout): 0.13 | Loss: 0.302 | Opp label coverage: 0.88
Step 185952/5000000 | Win rate (rollout): 0.38 | Loss: 0.279 | Opp label coverage: 0.85
Step 186469/5000000 | Win rate (rollout): 0.62 | Loss: 0.387 | Opp label coverage: 0.91
Step 186986/5000000 | Win rate (rollout): 0.19 | Loss: 0.319 | Opp label coverage: 0.89
Step 187504/5000000 | Win rate (rollout): 0.46 | Loss: 0.372 | Opp label coverage: 0.88
Step 188017/5000000 | Win rate (rollout): 0.33 | Loss: 0.370 | Opp label coverage: 0.87
Step 188529/5000000 | Win rate (rollout): 0.50 | Loss: 0.302 | Opp label coverage: 0.88
Step 189041/5000000 | Win rate (rollout): 0.31 | Loss: 0.286 | Opp label coverage: 0.81
Step 189553/5000000 | Win rate (rollout): 0.60 | Loss: 0.319 | Opp label coverage: 0.83
Step 190065/5000000 | Win rate (rollout): 0.19 | Loss: 0.316 | Opp label coverage: 0.81
Step 190584/5000000 | Win rate (rollout): 0.00 | Loss: 0.291 | Opp label coverage: 0.90
Step 191096/5000000 | Win rate (rollout): 0.12 | Loss: 0.262 | Opp label coverage: 0.79
Step 191610/5000000 | Win rate (rollout): 0.33 | Loss: 0.331 | Opp label coverage: 0.89
Step 192125/5000000 | Win rate (rollout): 0.20 | Loss: 0.309 | Opp label coverage: 0.89
Step 192637/5000000 | Win rate (rollout): 0.08 | Loss: 0.286 | Opp label coverage: 0.83
Step 193150/5000000 | Win rate (rollout): 0.18 | Loss: 0.182 | Opp label coverage: 0.88
Step 193662/5000000 | Win rate (rollout): 0.36 | Loss: 0.327 | Opp label coverage: 0.89
Step 194178/5000000 | Win rate (rollout): 0.29 | Loss: 0.359 | Opp label coverage: 0.88
Step 194690/5000000 | Win rate (rollout): 0.33 | Loss: 0.267 | Opp label coverage: 0.78
Step 195208/5000000 | Win rate (rollout): 0.30 | Loss: 0.323 | Opp label coverage: 0.89
Step 195721/5000000 | Win rate (rollout): 0.36 | Loss: 0.354 | Opp label coverage: 0.89
Step 196233/5000000 | Win rate (rollout): 0.21 | Loss: 0.321 | Opp label coverage: 0.89
Step 196748/5000000 | Win rate (rollout): 0.08 | Loss: 0.341 | Opp label coverage: 0.87
Step 197261/5000000 | Win rate (rollout): 0.33 | Loss: 0.291 | Opp label coverage: 0.88
Step 197773/5000000 | Win rate (rollout): 0.62 | Loss: 0.306 | Opp label coverage: 0.81
Step 198285/5000000 | Win rate (rollout): 0.22 | Loss: 0.321 | Opp label coverage: 0.89
Step 198797/5000000 | Win rate (rollout): 0.43 | Loss: 0.255 | Opp label coverage: 0.87
Step 199309/5000000 | Win rate (rollout): 0.25 | Loss: 0.303 | Opp label coverage: 0.91
Step 199821/5000000 | Win rate (rollout): 0.50 | Loss: 0.364 | Opp label coverage: 0.83
[value-warmup] complete at step 200338 — policy unfrozen
Step 200338/5000000 | Win rate (rollout): 0.22 | Loss: 0.319 | Opp label coverage: 0.89
Step 200850/5000000 | Win rate (rollout): 0.25 | Loss: 0.195 | Opp label coverage: 0.84
Step 201362/5000000 | Win rate (rollout): 0.14 | Loss: 0.160 | Opp label coverage: 0.91
Step 201881/5000000 | Win rate (rollout): 0.38 | Loss: 0.226 | Opp label coverage: 0.91
Step 202396/5000000 | Win rate (rollout): 0.27 | Loss: 0.146 | Opp label coverage: 0.90
Step 202910/5000000 | Win rate (rollout): 0.33 | Loss: 0.175 | Opp label coverage: 0.89
Step 203422/5000000 | Win rate (rollout): 0.20 | Loss: 0.144 | Opp label coverage: 0.81
Step 203939/5000000 | Win rate (rollout): 0.22 | Loss: 0.150 | Opp label coverage: 0.90
Step 204451/5000000 | Win rate (rollout): 0.14 | Loss: 0.166 | Opp label coverage: 0.82
Step 204966/5000000 | Win rate (rollout): 0.25 | Loss: 0.141 | Opp label coverage: 0.88
Step 205479/5000000 | Win rate (rollout): 0.42 | Loss: 0.211 | Opp label coverage: 0.88
Step 205991/5000000 | Win rate (rollout): 0.57 | Loss: 0.154 | Opp label coverage: 0.84
Step 206503/5000000 | Win rate (rollout): 0.38 | Loss: 0.133 | Opp label coverage: 0.87
Step 207019/5000000 | Win rate (rollout): 0.44 | Loss: 0.191 | Opp label coverage: 0.89
Step 207538/5000000 | Win rate (rollout): 0.38 | Loss: 0.161 | Opp label coverage: 0.89
Step 208050/5000000 | Win rate (rollout): 0.50 | Loss: 0.162 | Opp label coverage: 0.84
Step 208568/5000000 | Win rate (rollout): 0.20 | Loss: 0.133 | Opp label coverage: 0.88
Step 209080/5000000 | Win rate (rollout): 0.50 | Loss: 0.172 | Opp label coverage: 0.81
Step 209592/5000000 | Win rate (rollout): 0.35 | Loss: 0.180 | Opp label coverage: 0.84
Step 210104/5000000 | Win rate (rollout): 0.57 | Loss: 0.190 | Opp label coverage: 0.78
Step 210616/5000000 | Win rate (rollout): 0.09 | Loss: 0.139 | Opp label coverage: 0.83
Step 211128/5000000 | Win rate (rollout): 0.33 | Loss: 0.158 | Opp label coverage: 0.81
Step 211640/5000000 | Win rate (rollout): 0.38 | Loss: 0.187 | Opp label coverage: 0.81
Step 212156/5000000 | Win rate (rollout): 0.33 | Loss: 0.125 | Opp label coverage: 0.90
Step 212669/5000000 | Win rate (rollout): 0.29 | Loss: 0.120 | Opp label coverage: 0.90
Step 213186/5000000 | Win rate (rollout): 0.38 | Loss: 0.150 | Opp label coverage: 0.90
Step 213698/5000000 | Win rate (rollout): 0.60 | Loss: 0.172 | Opp label coverage: 0.86
Step 214215/5000000 | Win rate (rollout): 0.33 | Loss: 0.153 | Opp label coverage: 0.89
Step 214728/5000000 | Win rate (rollout): 0.47 | Loss: 0.195 | Opp label coverage: 0.91
Step 215240/5000000 | Win rate (rollout): 0.42 | Loss: 0.228 | Opp label coverage: 0.84
Step 215752/5000000 | Win rate (rollout): 0.57 | Loss: 0.177 | Opp label coverage: 0.82
Step 216264/5000000 | Win rate (rollout): 0.47 | Loss: 0.186 | Opp label coverage: 0.81
Step 216776/5000000 | Win rate (rollout): 0.40 | Loss: 0.182 | Opp label coverage: 0.79
Step 217288/5000000 | Win rate (rollout): 0.33 | Loss: 0.179 | Opp label coverage: 0.80
Step 217800/5000000 | Win rate (rollout): 0.50 | Loss: 0.186 | Opp label coverage: 0.85
Step 218313/5000000 | Win rate (rollout): 0.33 | Loss: 0.179 | Opp label coverage: 0.90
Step 218826/5000000 | Win rate (rollout): 0.43 | Loss: 0.101 | Opp label coverage: 0.89
Step 219338/5000000 | Win rate (rollout): 0.50 | Loss: 0.190 | Opp label coverage: 0.82
Step 219850/5000000 | Win rate (rollout): 0.44 | Loss: 0.174 | Opp label coverage: 0.79
Step 220366/5000000 | Win rate (rollout): 0.27 | Loss: 0.190 | Opp label coverage: 0.89
Step 220878/5000000 | Win rate (rollout): 0.71 | Loss: 0.150 | Opp label coverage: 0.85
Step 221390/5000000 | Win rate (rollout): 0.46 | Loss: 0.173 | Opp label coverage: 0.85
Step 221902/5000000 | Win rate (rollout): 0.62 | Loss: 0.193 | Opp label coverage: 0.81
Step 222415/5000000 | Win rate (rollout): 0.60 | Loss: 0.202 | Opp label coverage: 0.91
Step 222927/5000000 | Win rate (rollout): 0.50 | Loss: 0.202 | Opp label coverage: 0.85
Step 223439/5000000 | Win rate (rollout): 0.43 | Loss: 0.208 | Opp label coverage: 0.82
Step 223951/5000000 | Win rate (rollout): 0.55 | Loss: 0.196 | Opp label coverage: 0.84
Step 224466/5000000 | Win rate (rollout): 0.33 | Loss: 0.234 | Opp label coverage: 0.91
Step 224978/5000000 | Win rate (rollout): 0.31 | Loss: 0.167 | Opp label coverage: 0.80
Step 225496/5000000 | Win rate (rollout): 0.67 | Loss: 0.200 | Opp label coverage: 0.87
Step 226008/5000000 | Win rate (rollout): 0.69 | Loss: 0.183 | Opp label coverage: 0.81
Step 226520/5000000 | Win rate (rollout): 0.56 | Loss: 0.225 | Opp label coverage: 0.80
Step 227032/5000000 | Win rate (rollout): 0.38 | Loss: 0.218 | Opp label coverage: 0.81
Step 227544/5000000 | Win rate (rollout): 0.50 | Loss: 0.161 | Opp label coverage: 0.89
Step 228059/5000000 | Win rate (rollout): 0.46 | Loss: 0.196 | Opp label coverage: 0.88
Step 228574/5000000 | Win rate (rollout): 0.53 | Loss: 0.214 | Opp label coverage: 0.89
Step 229086/5000000 | Win rate (rollout): 0.44 | Loss: 0.173 | Opp label coverage: 0.82
Step 229600/5000000 | Win rate (rollout): 0.73 | Loss: 0.197 | Opp label coverage: 0.90
Step 230115/5000000 | Win rate (rollout): 0.69 | Loss: 0.153 | Opp label coverage: 0.89
Step 230627/5000000 | Win rate (rollout): 0.75 | Loss: 0.162 | Opp label coverage: 0.83
Step 231139/5000000 | Win rate (rollout): 0.54 | Loss: 0.180 | Opp label coverage: 0.84
Step 231651/5000000 | Win rate (rollout): 0.60 | Loss: 0.168 | Opp label coverage: 0.86
Step 232163/5000000 | Win rate (rollout): 0.62 | Loss: 0.180 | Opp label coverage: 0.86
Step 232675/5000000 | Win rate (rollout): 0.40 | Loss: 0.159 | Opp label coverage: 0.82
Step 233187/5000000 | Win rate (rollout): 0.44 | Loss: 0.204 | Opp label coverage: 0.84
Step 233703/5000000 | Win rate (rollout): 0.50 | Loss: 0.198 | Opp label coverage: 0.90
Step 234215/5000000 | Win rate (rollout): 0.50 | Loss: 0.180 | Opp label coverage: 0.82
Step 234727/5000000 | Win rate (rollout): 0.47 | Loss: 0.168 | Opp label coverage: 0.80
Step 235241/5000000 | Win rate (rollout): 0.11 | Loss: 0.112 | Opp label coverage: 0.89
Step 235754/5000000 | Win rate (rollout): 0.71 | Loss: -0.013 | Opp label coverage: 0.88
Step 236273/5000000 | Win rate (rollout): 0.54 | Loss: 0.176 | Opp label coverage: 0.89
Step 236785/5000000 | Win rate (rollout): 0.56 | Loss: 0.167 | Opp label coverage: 0.83
Step 237299/5000000 | Win rate (rollout): 0.33 | Loss: 0.160 | Opp label coverage: 0.92
Step 237811/5000000 | Win rate (rollout): 0.50 | Loss: 0.197 | Opp label coverage: 0.80
Step 238324/5000000 | Win rate (rollout): 0.50 | Loss: 0.138 | Opp label coverage: 0.89
Step 238836/5000000 | Win rate (rollout): 0.54 | Loss: 0.204 | Opp label coverage: 0.83
Step 239348/5000000 | Win rate (rollout): 0.43 | Loss: 0.129 | Opp label coverage: 0.90
Step 239862/5000000 | Win rate (rollout): 0.62 | Loss: 0.134 | Opp label coverage: 0.90
Step 240374/5000000 | Win rate (rollout): 0.38 | Loss: 0.187 | Opp label coverage: 0.82
Step 240889/5000000 | Win rate (rollout): 0.73 | Loss: 0.186 | Opp label coverage: 0.90
Step 241401/5000000 | Win rate (rollout): 0.18 | Loss: 0.179 | Opp label coverage: 0.88
Step 241913/5000000 | Win rate (rollout): 0.55 | Loss: 0.173 | Opp label coverage: 0.82
Step 242426/5000000 | Win rate (rollout): 0.44 | Loss: 0.141 | Opp label coverage: 0.89
Step 242941/5000000 | Win rate (rollout): 0.53 | Loss: 0.181 | Opp label coverage: 0.90
Step 243456/5000000 | Win rate (rollout): 0.50 | Loss: 0.139 | Opp label coverage: 0.89
Step 243972/5000000 | Win rate (rollout): 0.31 | Loss: 0.165 | Opp label coverage: 0.89
Step 244489/5000000 | Win rate (rollout): 0.43 | Loss: 0.170 | Opp label coverage: 0.89
Step 245001/5000000 | Win rate (rollout): 0.36 | Loss: 0.170 | Opp label coverage: 0.91
Step 245513/5000000 | Win rate (rollout): 0.67 | Loss: 0.200 | Opp label coverage: 0.82
Step 246025/5000000 | Win rate (rollout): 0.23 | Loss: 0.182 | Opp label coverage: 0.85
Step 246537/5000000 | Win rate (rollout): 0.62 | Loss: 0.168 | Opp label coverage: 0.79
Step 247049/5000000 | Win rate (rollout): 0.62 | Loss: 0.183 | Opp label coverage: 0.88
Step 247565/5000000 | Win rate (rollout): 0.55 | Loss: 0.163 | Opp label coverage: 0.91
Step 248077/5000000 | Win rate (rollout): 0.36 | Loss: 0.165 | Opp label coverage: 0.83
Step 248589/5000000 | Win rate (rollout): 0.11 | Loss: 0.181 | Opp label coverage: 0.82
Step 249101/5000000 | Win rate (rollout): 0.15 | Loss: 0.176 | Opp label coverage: 0.82
Step 249613/5000000 | Win rate (rollout): 0.56 | Loss: 0.180 | Opp label coverage: 0.85
[checkpoint] Saved models/ppo/checkpoints/m9seed/ppo_step_250005.pt
Step 250130/5000000 | Win rate (rollout): 0.11 | Loss: 0.152 | Opp label coverage: 0.88
Step 250646/5000000 | Win rate (rollout): 0.38 | Loss: 0.215 | Opp label coverage: 0.91
Step 251158/5000000 | Win rate (rollout): 0.17 | Loss: 0.167 | Opp label coverage: 0.86
Step 251670/5000000 | Win rate (rollout): 0.27 | Loss: 0.167 | Opp label coverage: 0.85
Step 252184/5000000 | Win rate (rollout): 0.80 | Loss: 0.224 | Opp label coverage: 0.92
Step 252698/5000000 | Win rate (rollout): 0.50 | Loss: 0.199 | Opp label coverage: 0.91
Step 253210/5000000 | Win rate (rollout): 0.55 | Loss: 0.191 | Opp label coverage: 0.80
Step 253722/5000000 | Win rate (rollout): 0.56 | Loss: 0.178 | Opp label coverage: 0.84
Step 254241/5000000 | Win rate (rollout): 0.12 | Loss: 0.150 | Opp label coverage: 0.90
Step 254753/5000000 | Win rate (rollout): 0.44 | Loss: 0.184 | Opp label coverage: 0.83
Step 255265/5000000 | Win rate (rollout): 0.46 | Loss: 0.180 | Opp label coverage: 0.80
Step 255777/5000000 | Win rate (rollout): 0.38 | Loss: 0.197 | Opp label coverage: 0.81
Step 256289/5000000 | Win rate (rollout): 0.07 | Loss: 0.163 | Opp label coverage: 0.83
Step 256801/5000000 | Win rate (rollout): 0.50 | Loss: 0.174 | Opp label coverage: 0.83
Step 257313/5000000 | Win rate (rollout): 0.53 | Loss: 0.191 | Opp label coverage: 0.85
Step 257825/5000000 | Win rate (rollout): 0.23 | Loss: 0.164 | Opp label coverage: 0.84
Step 258337/5000000 | Win rate (rollout): 0.71 | Loss: 0.181 | Opp label coverage: 0.86
Step 258849/5000000 | Win rate (rollout): 0.54 | Loss: 0.157 | Opp label coverage: 0.82
Step 259361/5000000 | Win rate (rollout): 0.45 | Loss: 0.168 | Opp label coverage: 0.81
Step 259873/5000000 | Win rate (rollout): 0.40 | Loss: 0.204 | Opp label coverage: 0.84
Step 260385/5000000 | Win rate (rollout): 0.43 | Loss: 0.178 | Opp label coverage: 0.71
Step 260897/5000000 | Win rate (rollout): 0.29 | Loss: 0.173 | Opp label coverage: 0.84
Step 261409/5000000 | Win rate (rollout): 0.33 | Loss: 0.200 | Opp label coverage: 0.80
Step 261925/5000000 | Win rate (rollout): 0.60 | Loss: 0.180 | Opp label coverage: 0.90
Step 262437/5000000 | Win rate (rollout): 0.30 | Loss: 0.186 | Opp label coverage: 0.85
Step 262949/5000000 | Win rate (rollout): 0.29 | Loss: 0.223 | Opp label coverage: 0.91
Step 263462/5000000 | Win rate (rollout): 0.50 | Loss: 0.178 | Opp label coverage: 0.91
Step 263981/5000000 | Win rate (rollout): 0.38 | Loss: 0.183 | Opp label coverage: 0.91
Step 264493/5000000 | Win rate (rollout): 0.47 | Loss: 0.176 | Opp label coverage: 0.91
Step 265005/5000000 | Win rate (rollout): 0.27 | Loss: 0.179 | Opp label coverage: 0.83
Step 265517/5000000 | Win rate (rollout): 0.40 | Loss: 0.194 | Opp label coverage: 0.80
Step 266029/5000000 | Win rate (rollout): 0.22 | Loss: 0.165 | Opp label coverage: 0.78
Step 266544/5000000 | Win rate (rollout): 0.33 | Loss: 0.128 | Opp label coverage: 0.91
Step 267060/5000000 | Win rate (rollout): 0.53 | Loss: 0.243 | Opp label coverage: 0.91
Step 267579/5000000 | Win rate (rollout): 0.60 | Loss: 0.235 | Opp label coverage: 0.89
Step 268095/5000000 | Win rate (rollout): 0.50 | Loss: 0.101 | Opp label coverage: 0.89
Step 268607/5000000 | Win rate (rollout): 0.42 | Loss: 0.181 | Opp label coverage: 0.82
Step 269124/5000000 | Win rate (rollout): 0.22 | Loss: 0.233 | Opp label coverage: 0.91
Step 269636/5000000 | Win rate (rollout): 0.40 | Loss: 0.170 | Opp label coverage: 0.82
Step 270154/5000000 | Win rate (rollout): 0.56 | Loss: 0.199 | Opp label coverage: 0.91
Step 270670/5000000 | Win rate (rollout): 0.64 | Loss: 0.196 | Opp label coverage: 0.92
Step 271187/5000000 | Win rate (rollout): 0.79 | Loss: 0.196 | Opp label coverage: 0.91
Step 271703/5000000 | Win rate (rollout): 0.79 | Loss: 0.166 | Opp label coverage: 0.91
Step 272215/5000000 | Win rate (rollout): 0.62 | Loss: 0.177 | Opp label coverage: 0.87
Step 272727/5000000 | Win rate (rollout): 0.67 | Loss: 0.197 | Opp label coverage: 0.85
Step 273239/5000000 | Win rate (rollout): 0.45 | Loss: 0.161 | Opp label coverage: 0.81
Step 273751/5000000 | Win rate (rollout): 0.71 | Loss: 0.163 | Opp label coverage: 0.84
Step 274263/5000000 | Win rate (rollout): 0.57 | Loss: 0.195 | Opp label coverage: 0.79
Step 274775/5000000 | Win rate (rollout): 0.39 | Loss: 0.189 | Opp label coverage: 0.79
Step 275287/5000000 | Win rate (rollout): 0.62 | Loss: 0.193 | Opp label coverage: 0.81
Step 275799/5000000 | Win rate (rollout): 0.50 | Loss: 0.183 | Opp label coverage: 0.80
Step 276316/5000000 | Win rate (rollout): 0.58 | Loss: 0.211 | Opp label coverage: 0.89
Step 276828/5000000 | Win rate (rollout): 0.45 | Loss: 0.162 | Opp label coverage: 0.85
Step 277340/5000000 | Win rate (rollout): 0.57 | Loss: 0.176 | Opp label coverage: 0.79
Step 277852/5000000 | Win rate (rollout): 0.31 | Loss: 0.196 | Opp label coverage: 0.81
Step 278367/5000000 | Win rate (rollout): 0.60 | Loss: 0.210 | Opp label coverage: 0.90
Step 278879/5000000 | Win rate (rollout): 0.60 | Loss: 0.197 | Opp label coverage: 0.90
Step 279391/5000000 | Win rate (rollout): 0.62 | Loss: 0.176 | Opp label coverage: 0.75
Step 279904/5000000 | Win rate (rollout): 0.29 | Loss: 0.170 | Opp label coverage: 0.90
Step 280416/5000000 | Win rate (rollout): 0.46 | Loss: 0.175 | Opp label coverage: 0.84
Step 280928/5000000 | Win rate (rollout): 0.44 | Loss: 0.209 | Opp label coverage: 0.84
Step 281440/5000000 | Win rate (rollout): 0.44 | Loss: 0.211 | Opp label coverage: 0.82
Step 281952/5000000 | Win rate (rollout): 0.62 | Loss: 0.201 | Opp label coverage: 0.83
Step 282464/5000000 | Win rate (rollout): 0.53 | Loss: 0.204 | Opp label coverage: 0.79
Step 282976/5000000 | Win rate (rollout): 0.42 | Loss: 0.168 | Opp label coverage: 0.81
Step 283488/5000000 | Win rate (rollout): 0.56 | Loss: 0.183 | Opp label coverage: 0.81
Step 284000/5000000 | Win rate (rollout): 0.75 | Loss: 0.184 | Opp label coverage: 0.84
Step 284512/5000000 | Win rate (rollout): 0.44 | Loss: 0.174 | Opp label coverage: 0.83
Step 285024/5000000 | Win rate (rollout): 0.44 | Loss: 0.160 | Opp label coverage: 0.81
Step 285540/5000000 | Win rate (rollout): 0.50 | Loss: 0.151 | Opp label coverage: 0.88
Step 286056/5000000 | Win rate (rollout): 0.25 | Loss: 0.186 | Opp label coverage: 0.90
Step 286568/5000000 | Win rate (rollout): 0.36 | Loss: 0.177 | Opp label coverage: 0.80
Step 287084/5000000 | Win rate (rollout): 0.55 | Loss: 0.264 | Opp label coverage: 0.90
Step 287596/5000000 | Win rate (rollout): 0.67 | Loss: 0.179 | Opp label coverage: 0.88
Step 288112/5000000 | Win rate (rollout): 0.55 | Loss: 0.170 | Opp label coverage: 0.89
Step 288628/5000000 | Win rate (rollout): 0.46 | Loss: 0.190 | Opp label coverage: 0.89
Step 289142/5000000 | Win rate (rollout): 0.58 | Loss: 0.147 | Opp label coverage: 0.90
Step 289654/5000000 | Win rate (rollout): 0.36 | Loss: 0.167 | Opp label coverage: 0.84
Step 290170/5000000 | Win rate (rollout): 0.38 | Loss: 0.157 | Opp label coverage: 0.90
Step 290682/5000000 | Win rate (rollout): 0.31 | Loss: 0.198 | Opp label coverage: 0.81
Step 291194/5000000 | Win rate (rollout): 0.07 | Loss: 0.146 | Opp label coverage: 0.78
Step 291706/5000000 | Win rate (rollout): 0.59 | Loss: 0.194 | Opp label coverage: 0.78
Step 292220/5000000 | Win rate (rollout): 0.67 | Loss: 0.225 | Opp label coverage: 0.94
Step 292732/5000000 | Win rate (rollout): 0.67 | Loss: 0.196 | Opp label coverage: 0.84
Step 293244/5000000 | Win rate (rollout): 0.57 | Loss: 0.213 | Opp label coverage: 0.91
Step 293756/5000000 | Win rate (rollout): 0.62 | Loss: 0.160 | Opp label coverage: 0.84
Step 294274/5000000 | Win rate (rollout): 0.25 | Loss: 0.152 | Opp label coverage: 0.93
Step 294791/5000000 | Win rate (rollout): 0.67 | Loss: 0.216 | Opp label coverage: 0.93
Step 295307/5000000 | Win rate (rollout): 0.55 | Loss: 0.280 | Opp label coverage: 0.90
Step 295819/5000000 | Win rate (rollout): 0.46 | Loss: 0.195 | Opp label coverage: 0.82
Step 296332/5000000 | Win rate (rollout): 0.44 | Loss: 0.089 | Opp label coverage: 0.90
Step 296850/5000000 | Win rate (rollout): 0.56 | Loss: 0.186 | Opp label coverage: 0.92
Step 297368/5000000 | Win rate (rollout): 0.40 | Loss: 0.210 | Opp label coverage: 0.91
Step 297880/5000000 | Win rate (rollout): 0.38 | Loss: 0.187 | Opp label coverage: 0.81
Step 298397/5000000 | Win rate (rollout): 0.50 | Loss: 0.213 | Opp label coverage: 0.89
Step 298909/5000000 | Win rate (rollout): 0.55 | Loss: 0.190 | Opp label coverage: 0.84
Step 299421/5000000 | Win rate (rollout): 0.29 | Loss: 0.156 | Opp label coverage: 0.87
Step 299940/5000000 | Win rate (rollout): 0.50 | Loss: 0.200 | Opp label coverage: 0.90
Step 300452/5000000 | Win rate (rollout): 0.50 | Loss: 0.189 | Opp label coverage: 0.84
Step 300964/5000000 | Win rate (rollout): 0.86 | Loss: 0.206 | Opp label coverage: 0.93
Step 301476/5000000 | Win rate (rollout): 0.64 | Loss: 0.180 | Opp label coverage: 0.81
Step 301988/5000000 | Win rate (rollout): 0.78 | Loss: 0.168 | Opp label coverage: 0.79
Step 302500/5000000 | Win rate (rollout): 0.50 | Loss: 0.236 | Opp label coverage: 0.90
Step 303016/5000000 | Win rate (rollout): 0.29 | Loss: 0.244 | Opp label coverage: 0.88
Step 303528/5000000 | Win rate (rollout): 0.42 | Loss: 0.160 | Opp label coverage: 0.83
Step 304040/5000000 | Win rate (rollout): 0.64 | Loss: 0.176 | Opp label coverage: 0.81
Step 304552/5000000 | Win rate (rollout): 0.47 | Loss: 0.201 | Opp label coverage: 0.82
Step 305064/5000000 | Win rate (rollout): 0.60 | Loss: 0.182 | Opp label coverage: 0.84
Step 305578/5000000 | Win rate (rollout): 0.57 | Loss: 0.190 | Opp label coverage: 0.93
Step 306090/5000000 | Win rate (rollout): 0.71 | Loss: 0.175 | Opp label coverage: 0.84
Step 306607/5000000 | Win rate (rollout): 0.55 | Loss: 0.178 | Opp label coverage: 0.91
Step 307124/5000000 | Win rate (rollout): 0.58 | Loss: 0.212 | Opp label coverage: 0.91
Step 307636/5000000 | Win rate (rollout): 0.42 | Loss: 0.189 | Opp label coverage: 0.81
Step 308148/5000000 | Win rate (rollout): 0.56 | Loss: 0.189 | Opp label coverage: 0.84
Step 308663/5000000 | Win rate (rollout): 0.50 | Loss: 0.210 | Opp label coverage: 0.91
Step 309181/5000000 | Win rate (rollout): 0.50 | Loss: 0.202 | Opp label coverage: 0.89
Step 309698/5000000 | Win rate (rollout): 0.31 | Loss: 0.219 | Opp label coverage: 0.92
Step 310210/5000000 | Win rate (rollout): 0.60 | Loss: 0.197 | Opp label coverage: 0.83
Step 310722/5000000 | Win rate (rollout): 0.65 | Loss: 0.198 | Opp label coverage: 0.83
Step 311237/5000000 | Win rate (rollout): 0.70 | Loss: 0.185 | Opp label coverage: 0.93
Step 311749/5000000 | Win rate (rollout): 0.54 | Loss: 0.162 | Opp label coverage: 0.87
Step 312262/5000000 | Win rate (rollout): 0.45 | Loss: 0.162 | Opp label coverage: 0.89
Step 312774/5000000 | Win rate (rollout): 0.73 | Loss: 0.199 | Opp label coverage: 0.87
Step 313288/5000000 | Win rate (rollout): 0.25 | Loss: 0.144 | Opp label coverage: 0.89
Step 313800/5000000 | Win rate (rollout): 0.46 | Loss: 0.190 | Opp label coverage: 0.83
Step 314312/5000000 | Win rate (rollout): 0.25 | Loss: 0.207 | Opp label coverage: 0.84
Step 314826/5000000 | Win rate (rollout): 0.60 | Loss: 0.153 | Opp label coverage: 0.92
Step 315338/5000000 | Win rate (rollout): 0.33 | Loss: 0.155 | Opp label coverage: 0.84
Step 315850/5000000 | Win rate (rollout): 0.54 | Loss: 0.229 | Opp label coverage: 0.91
Step 316365/5000000 | Win rate (rollout): 0.27 | Loss: 0.201 | Opp label coverage: 0.90
Step 316880/5000000 | Win rate (rollout): 0.64 | Loss: 0.217 | Opp label coverage: 0.91
Step 317395/5000000 | Win rate (rollout): 0.57 | Loss: 0.201 | Opp label coverage: 0.90
Step 317907/5000000 | Win rate (rollout): 0.36 | Loss: 0.147 | Opp label coverage: 0.80
Step 318419/5000000 | Win rate (rollout): 0.56 | Loss: 0.195 | Opp label coverage: 0.88
Step 318937/5000000 | Win rate (rollout): 0.50 | Loss: 0.186 | Opp label coverage: 0.90
Step 319452/5000000 | Win rate (rollout): 0.50 | Loss: 0.220 | Opp label coverage: 0.89
Step 319967/5000000 | Win rate (rollout): 0.71 | Loss: 0.171 | Opp label coverage: 0.92
Step 320480/5000000 | Win rate (rollout): 0.54 | Loss: 0.258 | Opp label coverage: 0.91
Step 320996/5000000 | Win rate (rollout): 0.46 | Loss: 0.258 | Opp label coverage: 0.90
Step 321508/5000000 | Win rate (rollout): 0.42 | Loss: 0.172 | Opp label coverage: 0.83
Step 322021/5000000 | Win rate (rollout): 0.67 | Loss: 0.202 | Opp label coverage: 0.91
Step 322539/5000000 | Win rate (rollout): 0.64 | Loss: 0.156 | Opp label coverage: 0.90
Step 323051/5000000 | Win rate (rollout): 0.31 | Loss: 0.205 | Opp label coverage: 0.83
Step 323563/5000000 | Win rate (rollout): 0.57 | Loss: 0.156 | Opp label coverage: 0.84
Step 324075/5000000 | Win rate (rollout): 0.33 | Loss: 0.193 | Opp label coverage: 0.84
Step 324587/5000000 | Win rate (rollout): 0.56 | Loss: 0.162 | Opp label coverage: 0.80
Step 325099/5000000 | Win rate (rollout): 0.44 | Loss: 0.179 | Opp label coverage: 0.84
Step 325611/5000000 | Win rate (rollout): 0.50 | Loss: 0.157 | Opp label coverage: 0.88
Step 326130/5000000 | Win rate (rollout): 0.40 | Loss: 0.220 | Opp label coverage: 0.89
Step 326642/5000000 | Win rate (rollout): 0.54 | Loss: 0.180 | Opp label coverage: 0.84
Step 327156/5000000 | Win rate (rollout): 0.44 | Loss: 0.173 | Opp label coverage: 0.91
Step 327668/5000000 | Win rate (rollout): 0.67 | Loss: 0.196 | Opp label coverage: 0.84
Step 328185/5000000 | Win rate (rollout): 0.64 | Loss: 0.181 | Opp label coverage: 0.91
Step 328697/5000000 | Win rate (rollout): 0.40 | Loss: 0.175 | Opp label coverage: 0.87
Step 329209/5000000 | Win rate (rollout): 0.40 | Loss: 0.183 | Opp label coverage: 0.81
Step 329721/5000000 | Win rate (rollout): 0.88 | Loss: 0.223 | Opp label coverage: 0.90
Step 330236/5000000 | Win rate (rollout): 0.44 | Loss: 0.210 | Opp label coverage: 0.91
Step 330748/5000000 | Win rate (rollout): 0.33 | Loss: 0.173 | Opp label coverage: 0.78
Step 331263/5000000 | Win rate (rollout): 0.60 | Loss: 0.225 | Opp label coverage: 0.92
Step 331778/5000000 | Win rate (rollout): 0.42 | Loss: 0.168 | Opp label coverage: 0.89
Step 332290/5000000 | Win rate (rollout): 0.67 | Loss: 0.166 | Opp label coverage: 0.81
Step 332802/5000000 | Win rate (rollout): 0.25 | Loss: 0.196 | Opp label coverage: 0.80
Step 333314/5000000 | Win rate (rollout): 0.33 | Loss: 0.178 | Opp label coverage: 0.83
Step 333826/5000000 | Win rate (rollout): 0.56 | Loss: 0.168 | Opp label coverage: 0.86
Step 334345/5000000 | Win rate (rollout): 0.75 | Loss: 0.175 | Opp label coverage: 0.92
Step 334857/5000000 | Win rate (rollout): 0.36 | Loss: 0.189 | Opp label coverage: 0.81
Step 335369/5000000 | Win rate (rollout): 1.00 | Loss: 0.200 | Opp label coverage: 0.91
Step 335881/5000000 | Win rate (rollout): 0.54 | Loss: 0.183 | Opp label coverage: 0.86
Step 336393/5000000 | Win rate (rollout): 0.50 | Loss: 0.185 | Opp label coverage: 0.78
Step 336909/5000000 | Win rate (rollout): 0.45 | Loss: 0.158 | Opp label coverage: 0.89
Step 337423/5000000 | Win rate (rollout): 0.64 | Loss: 0.170 | Opp label coverage: 0.89
Step 337940/5000000 | Win rate (rollout): 0.44 | Loss: 0.196 | Opp label coverage: 0.90
Step 338452/5000000 | Win rate (rollout): 0.71 | Loss: 0.172 | Opp label coverage: 0.86
Step 338964/5000000 | Win rate (rollout): 0.27 | Loss: 0.161 | Opp label coverage: 0.85
Step 339476/5000000 | Win rate (rollout): 0.75 | Loss: 0.180 | Opp label coverage: 0.82
Step 339990/5000000 | Win rate (rollout): 0.50 | Loss: 0.166 | Opp label coverage: 0.90
Step 340507/5000000 | Win rate (rollout): 0.57 | Loss: 0.180 | Opp label coverage: 0.91
Step 341019/5000000 | Win rate (rollout): 0.18 | Loss: 0.169 | Opp label coverage: 0.82
Step 341531/5000000 | Win rate (rollout): 0.40 | Loss: 0.188 | Opp label coverage: 0.82
Step 342043/5000000 | Win rate (rollout): 0.25 | Loss: 0.155 | Opp label coverage: 0.82
Step 342555/5000000 | Win rate (rollout): 0.50 | Loss: 0.183 | Opp label coverage: 0.82
Step 343067/5000000 | Win rate (rollout): 0.50 | Loss: 0.180 | Opp label coverage: 0.84
Step 343579/5000000 | Win rate (rollout): 0.42 | Loss: 0.207 | Opp label coverage: 0.84
Step 344091/5000000 | Win rate (rollout): 0.56 | Loss: 0.184 | Opp label coverage: 0.85
Step 344605/5000000 | Win rate (rollout): 0.40 | Loss: 0.162 | Opp label coverage: 0.89
Step 345124/5000000 | Win rate (rollout): 0.53 | Loss: 0.177 | Opp label coverage: 0.88
Step 345636/5000000 | Win rate (rollout): 0.71 | Loss: 0.191 | Opp label coverage: 0.79
Step 346148/5000000 | Win rate (rollout): 0.75 | Loss: 0.168 | Opp label coverage: 0.82
Step 346665/5000000 | Win rate (rollout): 0.89 | Loss: 0.140 | Opp label coverage: 0.93
Step 347179/5000000 | Win rate (rollout): 0.50 | Loss: 0.229 | Opp label coverage: 0.88
Step 347691/5000000 | Win rate (rollout): 0.70 | Loss: 0.164 | Opp label coverage: 0.88
Step 348203/5000000 | Win rate (rollout): 0.29 | Loss: 0.167 | Opp label coverage: 0.86
Step 348721/5000000 | Win rate (rollout): 0.44 | Loss: 0.167 | Opp label coverage: 0.92
Step 349236/5000000 | Win rate (rollout): 0.77 | Loss: 0.201 | Opp label coverage: 0.92
Step 349748/5000000 | Win rate (rollout): 0.69 | Loss: 0.218 | Opp label coverage: 0.85
Step 350260/5000000 | Win rate (rollout): 0.50 | Loss: 0.203 | Opp label coverage: 0.84
Step 350772/5000000 | Win rate (rollout): 0.33 | Loss: 0.197 | Opp label coverage: 0.81
Step 351284/5000000 | Win rate (rollout): 0.42 | Loss: 0.167 | Opp label coverage: 0.81
Step 351796/5000000 | Win rate (rollout): 0.33 | Loss: 0.169 | Opp label coverage: 0.83
Step 352310/5000000 | Win rate (rollout): 0.71 | Loss: 0.178 | Opp label coverage: 0.89
Step 352822/5000000 | Win rate (rollout): 0.69 | Loss: 0.156 | Opp label coverage: 0.90
Step 353337/5000000 | Win rate (rollout): 0.43 | Loss: 0.237 | Opp label coverage: 0.90
Step 353854/5000000 | Win rate (rollout): 0.44 | Loss: 0.201 | Opp label coverage: 0.90
Step 354366/5000000 | Win rate (rollout): 0.70 | Loss: 0.178 | Opp label coverage: 0.81
Step 354881/5000000 | Win rate (rollout): 0.86 | Loss: 0.150 | Opp label coverage: 0.90
Step 355393/5000000 | Win rate (rollout): 0.38 | Loss: 0.165 | Opp label coverage: 0.86
Step 355905/5000000 | Win rate (rollout): 0.54 | Loss: 0.176 | Opp label coverage: 0.78
Step 356417/5000000 | Win rate (rollout): 0.33 | Loss: 0.179 | Opp label coverage: 0.81
Step 356929/5000000 | Win rate (rollout): 0.47 | Loss: 0.191 | Opp label coverage: 0.83
Step 357441/5000000 | Win rate (rollout): 0.89 | Loss: 0.157 | Opp label coverage: 0.77
Step 357953/5000000 | Win rate (rollout): 0.64 | Loss: 0.192 | Opp label coverage: 0.78
Step 358465/5000000 | Win rate (rollout): 0.30 | Loss: 0.162 | Opp label coverage: 0.81
Step 358981/5000000 | Win rate (rollout): 0.22 | Loss: 0.155 | Opp label coverage: 0.91
Step 359493/5000000 | Win rate (rollout): 0.67 | Loss: 0.182 | Opp label coverage: 0.82
Step 360005/5000000 | Win rate (rollout): 0.55 | Loss: 0.163 | Opp label coverage: 0.80
Step 360517/5000000 | Win rate (rollout): 0.22 | Loss: 0.163 | Opp label coverage: 0.80
Step 361029/5000000 | Win rate (rollout): 0.57 | Loss: 0.187 | Opp label coverage: 0.83
Step 361545/5000000 | Win rate (rollout): 0.62 | Loss: 0.247 | Opp label coverage: 0.90
Step 362060/5000000 | Win rate (rollout): 0.25 | Loss: 0.176 | Opp label coverage: 0.91
Step 362572/5000000 | Win rate (rollout): 0.70 | Loss: 0.164 | Opp label coverage: 0.83
Step 363084/5000000 | Win rate (rollout): 0.43 | Loss: 0.187 | Opp label coverage: 0.91
Step 363601/5000000 | Win rate (rollout): 0.53 | Loss: 0.184 | Opp label coverage: 0.91
Step 364117/5000000 | Win rate (rollout): 0.29 | Loss: 0.205 | Opp label coverage: 0.90
Step 364632/5000000 | Win rate (rollout): 0.42 | Loss: 0.201 | Opp label coverage: 0.89
Step 365144/5000000 | Win rate (rollout): 0.55 | Loss: 0.190 | Opp label coverage: 0.83
Step 365656/5000000 | Win rate (rollout): 0.56 | Loss: 0.185 | Opp label coverage: 0.78
Step 366168/5000000 | Win rate (rollout): 0.25 | Loss: 0.186 | Opp label coverage: 0.84
Step 366683/5000000 | Win rate (rollout): 0.70 | Loss: 0.225 | Opp label coverage: 0.92
Step 367195/5000000 | Win rate (rollout): 0.56 | Loss: 0.169 | Opp label coverage: 0.85
Step 367707/5000000 | Win rate (rollout): 0.46 | Loss: 0.194 | Opp label coverage: 0.80
Step 368225/5000000 | Win rate (rollout): 0.50 | Loss: 0.183 | Opp label coverage: 0.90
Step 368742/5000000 | Win rate (rollout): 0.67 | Loss: 0.173 | Opp label coverage: 0.90
Step 369254/5000000 | Win rate (rollout): 0.56 | Loss: 0.177 | Opp label coverage: 0.80
Step 369766/5000000 | Win rate (rollout): 0.54 | Loss: 0.208 | Opp label coverage: 0.86
Step 370278/5000000 | Win rate (rollout): 0.64 | Loss: 0.183 | Opp label coverage: 0.81
Step 370790/5000000 | Win rate (rollout): 0.55 | Loss: 0.196 | Opp label coverage: 0.92
Step 371302/5000000 | Win rate (rollout): 0.58 | Loss: 0.185 | Opp label coverage: 0.78
Step 371814/5000000 | Win rate (rollout): 0.55 | Loss: 0.198 | Opp label coverage: 0.84
Step 372326/5000000 | Win rate (rollout): 0.27 | Loss: 0.218 | Opp label coverage: 0.82
Step 372838/5000000 | Win rate (rollout): 0.27 | Loss: 0.156 | Opp label coverage: 0.81
Step 373351/5000000 | Win rate (rollout): 0.56 | Loss: 0.150 | Opp label coverage: 0.92
Step 373863/5000000 | Win rate (rollout): 0.50 | Loss: 0.173 | Opp label coverage: 0.81
Step 374375/5000000 | Win rate (rollout): 0.56 | Loss: 0.210 | Opp label coverage: 0.86
Step 374887/5000000 | Win rate (rollout): 0.43 | Loss: 0.177 | Opp label coverage: 0.81
Step 375399/5000000 | Win rate (rollout): 0.44 | Loss: 0.181 | Opp label coverage: 0.86
Step 375914/5000000 | Win rate (rollout): 0.73 | Loss: 0.210 | Opp label coverage: 0.89
Step 376426/5000000 | Win rate (rollout): 0.67 | Loss: 0.164 | Opp label coverage: 0.87
Step 376938/5000000 | Win rate (rollout): 0.78 | Loss: 0.211 | Opp label coverage: 0.93
Step 377456/5000000 | Win rate (rollout): 0.50 | Loss: 0.230 | Opp label coverage: 0.91
Step 377968/5000000 | Win rate (rollout): 0.56 | Loss: 0.170 | Opp label coverage: 0.81
Step 378483/5000000 | Win rate (rollout): 0.50 | Loss: 0.167 | Opp label coverage: 0.89
Step 379001/5000000 | Win rate (rollout): 0.47 | Loss: 0.192 | Opp label coverage: 0.90
Step 379515/5000000 | Win rate (rollout): 0.57 | Loss: 0.192 | Opp label coverage: 0.87
Step 380027/5000000 | Win rate (rollout): 0.70 | Loss: 0.179 | Opp label coverage: 0.84
Step 380546/5000000 | Win rate (rollout): 0.50 | Loss: 0.218 | Opp label coverage: 0.89
Step 381060/5000000 | Win rate (rollout): 0.50 | Loss: 0.209 | Opp label coverage: 0.89
Step 381572/5000000 | Win rate (rollout): 0.30 | Loss: 0.167 | Opp label coverage: 0.84
Step 382084/5000000 | Win rate (rollout): 0.91 | Loss: 0.171 | Opp label coverage: 0.85
Step 382596/5000000 | Win rate (rollout): 0.57 | Loss: 0.169 | Opp label coverage: 0.82
Step 383108/5000000 | Win rate (rollout): 0.60 | Loss: 0.192 | Opp label coverage: 0.83
Step 383620/5000000 | Win rate (rollout): 0.31 | Loss: 0.210 | Opp label coverage: 0.81
Step 384139/5000000 | Win rate (rollout): 0.33 | Loss: 0.207 | Opp label coverage: 0.91
Step 384656/5000000 | Win rate (rollout): 0.67 | Loss: 0.178 | Opp label coverage: 0.90
Step 385168/5000000 | Win rate (rollout): 0.40 | Loss: 0.221 | Opp label coverage: 0.89
Step 385686/5000000 | Win rate (rollout): 0.62 | Loss: 0.242 | Opp label coverage: 0.89
Step 386201/5000000 | Win rate (rollout): 0.40 | Loss: 0.183 | Opp label coverage: 0.90
Step 386713/5000000 | Win rate (rollout): 0.29 | Loss: 0.228 | Opp label coverage: 0.81
Step 387228/5000000 | Win rate (rollout): 0.42 | Loss: 0.248 | Opp label coverage: 0.90
Step 387741/5000000 | Win rate (rollout): 0.18 | Loss: 0.213 | Opp label coverage: 0.89
Step 388253/5000000 | Win rate (rollout): 0.86 | Loss: 0.185 | Opp label coverage: 0.81
Step 388765/5000000 | Win rate (rollout): 0.47 | Loss: 0.220 | Opp label coverage: 0.86
Step 389278/5000000 | Win rate (rollout): 0.67 | Loss: 0.236 | Opp label coverage: 0.90
Step 389790/5000000 | Win rate (rollout): 0.31 | Loss: 0.173 | Opp label coverage: 0.82
Step 390302/5000000 | Win rate (rollout): 0.67 | Loss: 0.219 | Opp label coverage: 0.90
Step 390814/5000000 | Win rate (rollout): 0.50 | Loss: 0.187 | Opp label coverage: 0.85
Step 391326/5000000 | Win rate (rollout): 0.62 | Loss: 0.188 | Opp label coverage: 0.82
Step 391843/5000000 | Win rate (rollout): 0.10 | Loss: 0.166 | Opp label coverage: 0.88
Step 392356/5000000 | Win rate (rollout): 0.65 | Loss: 0.161 | Opp label coverage: 0.90
Step 392868/5000000 | Win rate (rollout): 0.89 | Loss: 0.191 | Opp label coverage: 0.85
Step 393387/5000000 | Win rate (rollout): 0.57 | Loss: 0.192 | Opp label coverage: 0.92
Step 393899/5000000 | Win rate (rollout): 0.50 | Loss: 0.169 | Opp label coverage: 0.80
Step 394413/5000000 | Win rate (rollout): 0.44 | Loss: 0.158 | Opp label coverage: 0.89
Step 394925/5000000 | Win rate (rollout): 0.54 | Loss: 0.166 | Opp label coverage: 0.79
Step 395441/5000000 | Win rate (rollout): 0.20 | Loss: 0.213 | Opp label coverage: 0.88
Step 395953/5000000 | Win rate (rollout): 0.60 | Loss: 0.184 | Opp label coverage: 0.82
Step 396465/5000000 | Win rate (rollout): 0.46 | Loss: 0.202 | Opp label coverage: 0.85
Step 396981/5000000 | Win rate (rollout): 0.50 | Loss: 0.193 | Opp label coverage: 0.89
Step 397498/5000000 | Win rate (rollout): 0.57 | Loss: 0.209 | Opp label coverage: 0.91
Step 398014/5000000 | Win rate (rollout): 0.31 | Loss: 0.229 | Opp label coverage: 0.90
Step 398526/5000000 | Win rate (rollout): 0.73 | Loss: 0.206 | Opp label coverage: 0.91
Step 399042/5000000 | Win rate (rollout): 0.69 | Loss: 0.220 | Opp label coverage: 0.92
Step 399558/5000000 | Win rate (rollout): 0.54 | Loss: 0.198 | Opp label coverage: 0.90
Step 400070/5000000 | Win rate (rollout): 0.69 | Loss: 0.170 | Opp label coverage: 0.89
Step 400583/5000000 | Win rate (rollout): 0.43 | Loss: 0.307 | Opp label coverage: 0.91
Step 401095/5000000 | Win rate (rollout): 0.62 | Loss: 0.169 | Opp label coverage: 0.76
Step 401607/5000000 | Win rate (rollout): 0.29 | Loss: 0.195 | Opp label coverage: 0.73
Step 402125/5000000 | Win rate (rollout): 0.42 | Loss: 0.198 | Opp label coverage: 0.89
Step 402638/5000000 | Win rate (rollout): 0.56 | Loss: 0.212 | Opp label coverage: 0.92
Step 403150/5000000 | Win rate (rollout): 0.47 | Loss: 0.203 | Opp label coverage: 0.89
Step 403666/5000000 | Win rate (rollout): 0.38 | Loss: 0.238 | Opp label coverage: 0.90
Step 404178/5000000 | Win rate (rollout): 0.86 | Loss: 0.168 | Opp label coverage: 0.82
Step 404690/5000000 | Win rate (rollout): 0.67 | Loss: 0.176 | Opp label coverage: 0.83
Step 405202/5000000 | Win rate (rollout): 0.27 | Loss: 0.168 | Opp label coverage: 0.82
Step 405718/5000000 | Win rate (rollout): 0.60 | Loss: 0.197 | Opp label coverage: 0.91
Step 406230/5000000 | Win rate (rollout): 0.62 | Loss: 0.193 | Opp label coverage: 0.83
Step 406745/5000000 | Win rate (rollout): 0.60 | Loss: 0.210 | Opp label coverage: 0.90
Step 407257/5000000 | Win rate (rollout): 0.23 | Loss: 0.188 | Opp label coverage: 0.83
Step 407769/5000000 | Win rate (rollout): 0.44 | Loss: 0.178 | Opp label coverage: 0.84
Step 408281/5000000 | Win rate (rollout): 0.77 | Loss: 0.251 | Opp label coverage: 0.90
Step 408794/5000000 | Win rate (rollout): 0.38 | Loss: 0.155 | Opp label coverage: 0.91
Step 409310/5000000 | Win rate (rollout): 0.67 | Loss: 0.179 | Opp label coverage: 0.91
Step 409824/5000000 | Win rate (rollout): 0.50 | Loss: 0.231 | Opp label coverage: 0.91
Step 410336/5000000 | Win rate (rollout): 0.57 | Loss: 0.185 | Opp label coverage: 0.81
Step 410848/5000000 | Win rate (rollout): 0.47 | Loss: 0.233 | Opp label coverage: 0.85
Step 411365/5000000 | Win rate (rollout): 0.50 | Loss: 0.157 | Opp label coverage: 0.90
Step 411882/5000000 | Win rate (rollout): 0.54 | Loss: 0.202 | Opp label coverage: 0.91
Step 412398/5000000 | Win rate (rollout): 0.38 | Loss: 0.213 | Opp label coverage: 0.91
Step 412910/5000000 | Win rate (rollout): 0.56 | Loss: 0.170 | Opp label coverage: 0.87
Step 413424/5000000 | Win rate (rollout): 0.55 | Loss: 0.188 | Opp label coverage: 0.89
Step 413936/5000000 | Win rate (rollout): 0.27 | Loss: 0.183 | Opp label coverage: 0.81
Step 414448/5000000 | Win rate (rollout): 0.45 | Loss: 0.179 | Opp label coverage: 0.89
Step 414965/5000000 | Win rate (rollout): 0.57 | Loss: 0.153 | Opp label coverage: 0.91
Step 415481/5000000 | Win rate (rollout): 0.62 | Loss: 0.190 | Opp label coverage: 0.92
Step 415993/5000000 | Win rate (rollout): 0.50 | Loss: 0.184 | Opp label coverage: 0.82
Step 416505/5000000 | Win rate (rollout): 0.56 | Loss: 0.192 | Opp label coverage: 0.81
Step 417022/5000000 | Win rate (rollout): 0.12 | Loss: 0.226 | Opp label coverage: 0.90
Step 417534/5000000 | Win rate (rollout): 0.60 | Loss: 0.172 | Opp label coverage: 0.81
Step 418051/5000000 | Win rate (rollout): 0.58 | Loss: 0.155 | Opp label coverage: 0.88
Step 418563/5000000 | Win rate (rollout): 0.60 | Loss: 0.192 | Opp label coverage: 0.80
Step 419075/5000000 | Win rate (rollout): 0.73 | Loss: 0.150 | Opp label coverage: 0.86
Step 419587/5000000 | Win rate (rollout): 0.42 | Loss: 0.200 | Opp label coverage: 0.78
Step 420099/5000000 | Win rate (rollout): 0.43 | Loss: 0.184 | Opp label coverage: 0.81
Step 420611/5000000 | Win rate (rollout): 0.50 | Loss: 0.169 | Opp label coverage: 0.84
Step 421126/5000000 | Win rate (rollout): 0.80 | Loss: 0.245 | Opp label coverage: 0.93
Step 421638/5000000 | Win rate (rollout): 0.71 | Loss: 0.160 | Opp label coverage: 0.79
Step 422153/5000000 | Win rate (rollout): 0.70 | Loss: 0.238 | Opp label coverage: 0.91
Step 422671/5000000 | Win rate (rollout): 0.36 | Loss: 0.202 | Opp label coverage: 0.89
Step 423185/5000000 | Win rate (rollout): 0.50 | Loss: 0.208 | Opp label coverage: 0.92
Step 423702/5000000 | Win rate (rollout): 0.54 | Loss: 0.146 | Opp label coverage: 0.92
Step 424220/5000000 | Win rate (rollout): 0.64 | Loss: 0.237 | Opp label coverage: 0.93
Step 424732/5000000 | Win rate (rollout): 0.42 | Loss: 0.177 | Opp label coverage: 0.79
Step 425244/5000000 | Win rate (rollout): 0.67 | Loss: 0.182 | Opp label coverage: 0.82
Step 425760/5000000 | Win rate (rollout): 0.55 | Loss: 0.177 | Opp label coverage: 0.90
Step 426272/5000000 | Win rate (rollout): 0.47 | Loss: 0.222 | Opp label coverage: 0.81
Step 426786/5000000 | Win rate (rollout): 0.70 | Loss: 0.220 | Opp label coverage: 0.91
Step 427301/5000000 | Win rate (rollout): 0.50 | Loss: 0.227 | Opp label coverage: 0.88
Step 427816/5000000 | Win rate (rollout): 0.73 | Loss: 0.227 | Opp label coverage: 0.90
Step 428328/5000000 | Win rate (rollout): 0.42 | Loss: 0.171 | Opp label coverage: 0.86
Step 428842/5000000 | Win rate (rollout): 0.62 | Loss: 0.191 | Opp label coverage: 0.92
Step 429358/5000000 | Win rate (rollout): 0.53 | Loss: 0.249 | Opp label coverage: 0.89
Step 429870/5000000 | Win rate (rollout): 0.80 | Loss: 0.164 | Opp label coverage: 0.82
Step 430383/5000000 | Win rate (rollout): 0.50 | Loss: 0.224 | Opp label coverage: 0.90
Step 430898/5000000 | Win rate (rollout): 0.58 | Loss: 0.184 | Opp label coverage: 0.89
Step 431411/5000000 | Win rate (rollout): 0.56 | Loss: 0.337 | Opp label coverage: 0.91
Step 431923/5000000 | Win rate (rollout): 0.40 | Loss: 0.197 | Opp label coverage: 0.84
Step 432437/5000000 | Win rate (rollout): 0.78 | Loss: 0.216 | Opp label coverage: 0.90
Step 432954/5000000 | Win rate (rollout): 0.71 | Loss: 0.216 | Opp label coverage: 0.90
Step 433467/5000000 | Win rate (rollout): 0.77 | Loss: 0.127 | Opp label coverage: 0.92
Step 433979/5000000 | Win rate (rollout): 0.50 | Loss: 0.218 | Opp label coverage: 0.81
Step 434491/5000000 | Win rate (rollout): 0.54 | Loss: 0.190 | Opp label coverage: 0.81
Step 435007/5000000 | Win rate (rollout): 0.71 | Loss: 0.192 | Opp label coverage: 0.91
Step 435524/5000000 | Win rate (rollout): 0.36 | Loss: 0.165 | Opp label coverage: 0.90
Step 436036/5000000 | Win rate (rollout): 0.57 | Loss: 0.173 | Opp label coverage: 0.85
Step 436551/5000000 | Win rate (rollout): 0.44 | Loss: 0.201 | Opp label coverage: 0.90
Step 437063/5000000 | Win rate (rollout): 0.64 | Loss: 0.173 | Opp label coverage: 0.75
Step 437575/5000000 | Win rate (rollout): 0.82 | Loss: 0.168 | Opp label coverage: 0.82
Step 438093/5000000 | Win rate (rollout): 0.55 | Loss: 0.205 | Opp label coverage: 0.90
Step 438605/5000000 | Win rate (rollout): 0.67 | Loss: 0.190 | Opp label coverage: 0.91
Step 439117/5000000 | Win rate (rollout): 0.44 | Loss: 0.191 | Opp label coverage: 0.80
Step 439629/5000000 | Win rate (rollout): 0.50 | Loss: 0.198 | Opp label coverage: 0.80
Step 440141/5000000 | Win rate (rollout): 0.53 | Loss: 0.216 | Opp label coverage: 0.84
Step 440653/5000000 | Win rate (rollout): 0.60 | Loss: 0.236 | Opp label coverage: 0.80
Step 441172/5000000 | Win rate (rollout): 0.62 | Loss: 0.246 | Opp label coverage: 0.90
Step 441684/5000000 | Win rate (rollout): 0.64 | Loss: 0.185 | Opp label coverage: 0.86
Step 442199/5000000 | Win rate (rollout): 0.67 | Loss: 0.251 | Opp label coverage: 0.90
Step 442711/5000000 | Win rate (rollout): 0.40 | Loss: 0.182 | Opp label coverage: 0.80
Step 443225/5000000 | Win rate (rollout): 0.75 | Loss: 0.218 | Opp label coverage: 0.90
Step 443737/5000000 | Win rate (rollout): 0.38 | Loss: 0.189 | Opp label coverage: 0.85
Step 444253/5000000 | Win rate (rollout): 0.55 | Loss: 0.184 | Opp label coverage: 0.90
Step 444765/5000000 | Win rate (rollout): 0.78 | Loss: 0.157 | Opp label coverage: 0.81
Step 445277/5000000 | Win rate (rollout): 0.67 | Loss: 0.178 | Opp label coverage: 0.82
Step 445789/5000000 | Win rate (rollout): 0.44 | Loss: 0.214 | Opp label coverage: 0.89
Step 446301/5000000 | Win rate (rollout): 0.82 | Loss: 0.204 | Opp label coverage: 0.82
Step 446813/5000000 | Win rate (rollout): 0.43 | Loss: 0.192 | Opp label coverage: 0.79
Step 447325/5000000 | Win rate (rollout): 0.50 | Loss: 0.189 | Opp label coverage: 0.86
Step 447837/5000000 | Win rate (rollout): 0.57 | Loss: 0.190 | Opp label coverage: 0.81
Step 448349/5000000 | Win rate (rollout): 0.67 | Loss: 0.208 | Opp label coverage: 0.80
Step 448861/5000000 | Win rate (rollout): 0.57 | Loss: 0.195 | Opp label coverage: 0.77
Step 449373/5000000 | Win rate (rollout): 0.25 | Loss: 0.164 | Opp label coverage: 0.83
Step 449890/5000000 | Win rate (rollout): 0.42 | Loss: 0.174 | Opp label coverage: 0.89
Step 450402/5000000 | Win rate (rollout): 0.38 | Loss: 0.187 | Opp label coverage: 0.81
Step 450919/5000000 | Win rate (rollout): 0.55 | Loss: 0.179 | Opp label coverage: 0.88
Step 451431/5000000 | Win rate (rollout): 0.60 | Loss: 0.187 | Opp label coverage: 0.83
Step 451944/5000000 | Win rate (rollout): 0.70 | Loss: 0.325 | Opp label coverage: 0.88
Step 452456/5000000 | Win rate (rollout): 0.50 | Loss: 0.225 | Opp label coverage: 0.90
Step 452973/5000000 | Win rate (rollout): 0.64 | Loss: 0.212 | Opp label coverage: 0.91
Step 453485/5000000 | Win rate (rollout): 0.29 | Loss: 0.157 | Opp label coverage: 0.87
Step 453997/5000000 | Win rate (rollout): 0.55 | Loss: 0.241 | Opp label coverage: 0.90
Step 454509/5000000 | Win rate (rollout): 0.58 | Loss: 0.197 | Opp label coverage: 0.84
Step 455021/5000000 | Win rate (rollout): 0.57 | Loss: 0.172 | Opp label coverage: 0.80
Step 455533/5000000 | Win rate (rollout): 0.58 | Loss: 0.202 | Opp label coverage: 0.82
Step 456045/5000000 | Win rate (rollout): 0.31 | Loss: 0.182 | Opp label coverage: 0.79
Step 456557/5000000 | Win rate (rollout): 0.42 | Loss: 0.193 | Opp label coverage: 0.80
Step 457069/5000000 | Win rate (rollout): 0.38 | Loss: 0.208 | Opp label coverage: 0.80
Step 457581/5000000 | Win rate (rollout): 0.65 | Loss: 0.203 | Opp label coverage: 0.84
Step 458099/5000000 | Win rate (rollout): 0.45 | Loss: 0.171 | Opp label coverage: 0.90
Step 458611/5000000 | Win rate (rollout): 0.73 | Loss: 0.193 | Opp label coverage: 0.83
Step 459123/5000000 | Win rate (rollout): 0.50 | Loss: 0.164 | Opp label coverage: 0.78
Step 459635/5000000 | Win rate (rollout): 0.43 | Loss: 0.214 | Opp label coverage: 0.79
Step 460148/5000000 | Win rate (rollout): 0.50 | Loss: 0.243 | Opp label coverage: 0.90
Step 460660/5000000 | Win rate (rollout): 0.36 | Loss: 0.169 | Opp label coverage: 0.78
Step 461178/5000000 | Win rate (rollout): 0.45 | Loss: 0.233 | Opp label coverage: 0.90
Step 461690/5000000 | Win rate (rollout): 0.50 | Loss: 0.199 | Opp label coverage: 0.82
Step 462202/5000000 | Win rate (rollout): 0.35 | Loss: 0.204 | Opp label coverage: 0.82
Step 462714/5000000 | Win rate (rollout): 0.59 | Loss: 0.193 | Opp label coverage: 0.85
Step 463226/5000000 | Win rate (rollout): 0.38 | Loss: 0.175 | Opp label coverage: 0.80
Step 463738/5000000 | Win rate (rollout): 0.67 | Loss: 0.206 | Opp label coverage: 0.83
Step 464250/5000000 | Win rate (rollout): 0.69 | Loss: 0.203 | Opp label coverage: 0.78
Step 464762/5000000 | Win rate (rollout): 0.78 | Loss: 0.202 | Opp label coverage: 0.91
Step 465274/5000000 | Win rate (rollout): 0.57 | Loss: 0.214 | Opp label coverage: 0.90
Step 465789/5000000 | Win rate (rollout): 0.44 | Loss: 0.175 | Opp label coverage: 0.89
Step 466303/5000000 | Win rate (rollout): 0.67 | Loss: 0.187 | Opp label coverage: 0.92
Step 466819/5000000 | Win rate (rollout): 0.71 | Loss: 0.186 | Opp label coverage: 0.91
Step 467331/5000000 | Win rate (rollout): 0.43 | Loss: 0.198 | Opp label coverage: 0.82
Step 467844/5000000 | Win rate (rollout): 0.58 | Loss: 0.271 | Opp label coverage: 0.89
Step 468356/5000000 | Win rate (rollout): 0.44 | Loss: 0.179 | Opp label coverage: 0.83
Step 468868/5000000 | Win rate (rollout): 1.00 | Loss: 0.159 | Opp label coverage: 0.85
Step 469380/5000000 | Win rate (rollout): 0.75 | Loss: 0.191 | Opp label coverage: 0.84
Step 469892/5000000 | Win rate (rollout): 0.64 | Loss: 0.207 | Opp label coverage: 0.83
Step 470404/5000000 | Win rate (rollout): 0.47 | Loss: 0.199 | Opp label coverage: 0.84
Step 470917/5000000 | Win rate (rollout): 0.60 | Loss: 0.206 | Opp label coverage: 0.89
Step 471429/5000000 | Win rate (rollout): 0.38 | Loss: 0.171 | Opp label coverage: 0.81
Step 471944/5000000 | Win rate (rollout): 0.60 | Loss: 0.184 | Opp label coverage: 0.90
Step 472456/5000000 | Win rate (rollout): 0.46 | Loss: 0.229 | Opp label coverage: 0.89
Step 472971/5000000 | Win rate (rollout): 0.62 | Loss: 0.208 | Opp label coverage: 0.90
Step 473484/5000000 | Win rate (rollout): 0.69 | Loss: 0.173 | Opp label coverage: 0.90
Step 474001/5000000 | Win rate (rollout): 0.57 | Loss: 0.220 | Opp label coverage: 0.89
Step 474513/5000000 | Win rate (rollout): 0.90 | Loss: 0.165 | Opp label coverage: 0.81
Step 475025/5000000 | Win rate (rollout): 0.46 | Loss: 0.178 | Opp label coverage: 0.80
Step 475539/5000000 | Win rate (rollout): 0.78 | Loss: 0.229 | Opp label coverage: 0.91
Step 476051/5000000 | Win rate (rollout): 0.56 | Loss: 0.202 | Opp label coverage: 0.83
Step 476568/5000000 | Win rate (rollout): 0.50 | Loss: 0.184 | Opp label coverage: 0.90
Step 477080/5000000 | Win rate (rollout): 0.25 | Loss: 0.183 | Opp label coverage: 0.82
Step 477597/5000000 | Win rate (rollout): 0.17 | Loss: 0.179 | Opp label coverage: 0.88
Step 478109/5000000 | Win rate (rollout): 0.38 | Loss: 0.154 | Opp label coverage: 0.83
Step 478621/5000000 | Win rate (rollout): 0.54 | Loss: 0.184 | Opp label coverage: 0.83
Step 479133/5000000 | Win rate (rollout): 0.80 | Loss: 0.216 | Opp label coverage: 0.83
Step 479645/5000000 | Win rate (rollout): 0.25 | Loss: 0.200 | Opp label coverage: 0.82
Step 480157/5000000 | Win rate (rollout): 0.67 | Loss: 0.166 | Opp label coverage: 0.89
Step 480670/5000000 | Win rate (rollout): 0.75 | Loss: 0.269 | Opp label coverage: 0.90
Step 481188/5000000 | Win rate (rollout): 0.56 | Loss: 0.195 | Opp label coverage: 0.90
Step 481705/5000000 | Win rate (rollout): 0.57 | Loss: 0.150 | Opp label coverage: 0.89
Step 482224/5000000 | Win rate (rollout): 0.82 | Loss: 0.191 | Opp label coverage: 0.92
Step 482736/5000000 | Win rate (rollout): 0.25 | Loss: 0.182 | Opp label coverage: 0.83
Step 483249/5000000 | Win rate (rollout): 0.57 | Loss: 0.155 | Opp label coverage: 0.91
Step 483765/5000000 | Win rate (rollout): 0.47 | Loss: 0.187 | Opp label coverage: 0.90
Step 484280/5000000 | Win rate (rollout): 0.75 | Loss: 0.241 | Opp label coverage: 0.91
Step 484792/5000000 | Win rate (rollout): 0.43 | Loss: 0.182 | Opp label coverage: 0.83
Step 485308/5000000 | Win rate (rollout): 0.55 | Loss: 0.213 | Opp label coverage: 0.91
Step 485820/5000000 | Win rate (rollout): 0.69 | Loss: 0.163 | Opp label coverage: 0.82
Step 486335/5000000 | Win rate (rollout): 0.67 | Loss: 0.176 | Opp label coverage: 0.91
Step 486849/5000000 | Win rate (rollout): 0.38 | Loss: 0.187 | Opp label coverage: 0.88
Step 487361/5000000 | Win rate (rollout): 0.36 | Loss: 0.201 | Opp label coverage: 0.79
Step 487873/5000000 | Win rate (rollout): 0.38 | Loss: 0.185 | Opp label coverage: 0.84
Step 488385/5000000 | Win rate (rollout): 0.14 | Loss: 0.154 | Opp label coverage: 0.87
Step 488897/5000000 | Win rate (rollout): 0.23 | Loss: 0.156 | Opp label coverage: 0.79
Step 489409/5000000 | Win rate (rollout): 0.29 | Loss: 0.174 | Opp label coverage: 0.86
Step 489923/5000000 | Win rate (rollout): 0.33 | Loss: 0.222 | Opp label coverage: 0.89
Step 490435/5000000 | Win rate (rollout): 0.54 | Loss: 0.202 | Opp label coverage: 0.81
Step 490947/5000000 | Win rate (rollout): 0.31 | Loss: 0.158 | Opp label coverage: 0.75
Step 491459/5000000 | Win rate (rollout): 0.57 | Loss: 0.151 | Opp label coverage: 0.82
Step 491975/5000000 | Win rate (rollout): 0.57 | Loss: 0.212 | Opp label coverage: 0.91
Step 492492/5000000 | Win rate (rollout): 0.67 | Loss: 0.188 | Opp label coverage: 0.92
Step 493004/5000000 | Win rate (rollout): 0.55 | Loss: 0.168 | Opp label coverage: 0.80
Step 493523/5000000 | Win rate (rollout): 0.55 | Loss: 0.186 | Opp label coverage: 0.90
Step 494039/5000000 | Win rate (rollout): 0.25 | Loss: 0.291 | Opp label coverage: 0.90
Step 494553/5000000 | Win rate (rollout): 0.60 | Loss: 0.201 | Opp label coverage: 0.90
Step 495067/5000000 | Win rate (rollout): 0.60 | Loss: 0.244 | Opp label coverage: 0.90
Step 495584/5000000 | Win rate (rollout): 0.77 | Loss: 0.189 | Opp label coverage: 0.91
Step 496100/5000000 | Win rate (rollout): 0.80 | Loss: 0.211 | Opp label coverage: 0.92
Step 496612/5000000 | Win rate (rollout): 0.69 | Loss: 0.183 | Opp label coverage: 0.85
Step 497126/5000000 | Win rate (rollout): 0.11 | Loss: 0.213 | Opp label coverage: 0.87
Step 497645/5000000 | Win rate (rollout): 0.59 | Loss: 0.203 | Opp label coverage: 0.89
Step 498160/5000000 | Win rate (rollout): 0.58 | Loss: 0.174 | Opp label coverage: 0.90
Step 498672/5000000 | Win rate (rollout): 0.44 | Loss: 0.160 | Opp label coverage: 0.81
Step 499190/5000000 | Win rate (rollout): 0.67 | Loss: 0.189 | Opp label coverage: 0.90
Step 499705/5000000 | Win rate (rollout): 0.43 | Loss: 0.240 | Opp label coverage: 0.90
[checkpoint] Saved models/ppo/checkpoints/m9seed/ppo_step_500009.pt
Step 500217/5000000 | Win rate (rollout): 0.67 | Loss: 0.199 | Opp label coverage: 0.84
Step 500729/5000000 | Win rate (rollout): 0.57 | Loss: 0.172 | Opp label coverage: 0.82
Step 501241/5000000 | Win rate (rollout): 0.50 | Loss: 0.227 | Opp label coverage: 0.84
Step 501753/5000000 | Win rate (rollout): 0.38 | Loss: 0.172 | Opp label coverage: 0.80
Step 502265/5000000 | Win rate (rollout): 0.58 | Loss: 0.201 | Opp label coverage: 0.91
Step 502783/5000000 | Win rate (rollout): 0.83 | Loss: 0.205 | Opp label coverage: 0.90
Step 503299/5000000 | Win rate (rollout): 0.47 | Loss: 0.218 | Opp label coverage: 0.90
Step 503811/5000000 | Win rate (rollout): 0.50 | Loss: 0.181 | Opp label coverage: 0.86
Step 504324/5000000 | Win rate (rollout): 0.75 | Loss: 0.125 | Opp label coverage: 0.90
Step 504842/5000000 | Win rate (rollout): 0.43 | Loss: 0.162 | Opp label coverage: 0.90
Step 505354/5000000 | Win rate (rollout): 0.50 | Loss: 0.186 | Opp label coverage: 0.83
Step 505873/5000000 | Win rate (rollout): 0.64 | Loss: 0.185 | Opp label coverage: 0.90
Step 506385/5000000 | Win rate (rollout): 0.78 | Loss: 0.161 | Opp label coverage: 0.84
Step 506897/5000000 | Win rate (rollout): 0.36 | Loss: 0.213 | Opp label coverage: 0.84
Step 507409/5000000 | Win rate (rollout): 0.60 | Loss: 0.178 | Opp label coverage: 0.85
Step 507924/5000000 | Win rate (rollout): 0.46 | Loss: 0.188 | Opp label coverage: 0.87
Step 508436/5000000 | Win rate (rollout): 0.75 | Loss: 0.166 | Opp label coverage: 0.83
Step 508949/5000000 | Win rate (rollout): 0.50 | Loss: 0.181 | Opp label coverage: 0.90
Step 509461/5000000 | Win rate (rollout): 0.47 | Loss: 0.176 | Opp label coverage: 0.82
Step 509975/5000000 | Win rate (rollout): 0.56 | Loss: 0.164 | Opp label coverage: 0.90
Step 510494/5000000 | Win rate (rollout): 0.64 | Loss: 0.200 | Opp label coverage: 0.91
Step 511010/5000000 | Win rate (rollout): 0.31 | Loss: 0.178 | Opp label coverage: 0.91
Step 511522/5000000 | Win rate (rollout): 0.27 | Loss: 0.195 | Opp label coverage: 0.80
Step 512034/5000000 | Win rate (rollout): 0.28 | Loss: 0.207 | Opp label coverage: 0.85
Step 512546/5000000 | Win rate (rollout): 0.40 | Loss: 0.152 | Opp label coverage: 0.88
Step 513060/5000000 | Win rate (rollout): 0.70 | Loss: 0.211 | Opp label coverage: 0.89
Step 513572/5000000 | Win rate (rollout): 0.71 | Loss: 0.144 | Opp label coverage: 0.81
Step 514089/5000000 | Win rate (rollout): 0.30 | Loss: 0.196 | Opp label coverage: 0.90
Step 514608/5000000 | Win rate (rollout): 0.62 | Loss: 0.217 | Opp label coverage: 0.89
Step 515120/5000000 | Win rate (rollout): 0.71 | Loss: 0.179 | Opp label coverage: 0.85
Step 515638/5000000 | Win rate (rollout): 0.67 | Loss: 0.202 | Opp label coverage: 0.90
Step 516155/5000000 | Win rate (rollout): 0.50 | Loss: 0.243 | Opp label coverage: 0.90
Step 516667/5000000 | Win rate (rollout): 0.40 | Loss: 0.190 | Opp label coverage: 0.88
Step 517182/5000000 | Win rate (rollout): 0.77 | Loss: 0.187 | Opp label coverage: 0.90
Step 517694/5000000 | Win rate (rollout): 0.78 | Loss: 0.183 | Opp label coverage: 0.85
Step 518212/5000000 | Win rate (rollout): 0.55 | Loss: 0.189 | Opp label coverage: 0.89
Step 518724/5000000 | Win rate (rollout): 0.31 | Loss: 0.193 | Opp label coverage: 0.83
Step 519243/5000000 | Win rate (rollout): 0.82 | Loss: 0.213 | Opp label coverage: 0.89
Step 519755/5000000 | Win rate (rollout): 0.80 | Loss: 0.168 | Opp label coverage: 0.84
Step 520267/5000000 | Win rate (rollout): 0.46 | Loss: 0.198 | Opp label coverage: 0.79
Step 520786/5000000 | Win rate (rollout): 0.83 | Loss: 0.144 | Opp label coverage: 0.90
Step 521298/5000000 | Win rate (rollout): 0.47 | Loss: 0.213 | Opp label coverage: 0.89
Step 521810/5000000 | Win rate (rollout): 0.60 | Loss: 0.193 | Opp label coverage: 0.83
Step 522322/5000000 | Win rate (rollout): 0.53 | Loss: 0.234 | Opp label coverage: 0.79
Step 522838/5000000 | Win rate (rollout): 0.60 | Loss: 0.235 | Opp label coverage: 0.87
Step 523350/5000000 | Win rate (rollout): 0.57 | Loss: 0.187 | Opp label coverage: 0.82
Step 523866/5000000 | Win rate (rollout): 0.60 | Loss: 0.174 | Opp label coverage: 0.91
Step 524383/5000000 | Win rate (rollout): 0.44 | Loss: 0.226 | Opp label coverage: 0.91
Step 524895/5000000 | Win rate (rollout): 0.73 | Loss: 0.206 | Opp label coverage: 0.83
Step 525407/5000000 | Win rate (rollout): 0.62 | Loss: 0.183 | Opp label coverage: 0.85
Step 525919/5000000 | Win rate (rollout): 0.62 | Loss: 0.176 | Opp label coverage: 0.79
Step 526431/5000000 | Win rate (rollout): 0.64 | Loss: 0.195 | Opp label coverage: 0.86
Step 526943/5000000 | Win rate (rollout): 0.64 | Loss: 0.158 | Opp label coverage: 0.77
Step 527455/5000000 | Win rate (rollout): 0.56 | Loss: 0.190 | Opp label coverage: 0.90
Step 527972/5000000 | Win rate (rollout): 0.47 | Loss: 0.212 | Opp label coverage: 0.91
Step 528484/5000000 | Win rate (rollout): 0.69 | Loss: 0.218 | Opp label coverage: 0.82
Step 528997/5000000 | Win rate (rollout): 0.70 | Loss: 0.206 | Opp label coverage: 0.89
Step 529509/5000000 | Win rate (rollout): 0.46 | Loss: 0.198 | Opp label coverage: 0.90
Step 530021/5000000 | Win rate (rollout): 0.47 | Loss: 0.214 | Opp label coverage: 0.88
Step 530533/5000000 | Win rate (rollout): 0.45 | Loss: 0.161 | Opp label coverage: 0.86
Step 531045/5000000 | Win rate (rollout): 0.37 | Loss: 0.175 | Opp label coverage: 0.85
Step 531564/5000000 | Win rate (rollout): 0.54 | Loss: 0.211 | Opp label coverage: 0.88
Step 532076/5000000 | Win rate (rollout): 0.73 | Loss: 0.252 | Opp label coverage: 0.85
Step 532590/5000000 | Win rate (rollout): 0.56 | Loss: 0.136 | Opp label coverage: 0.90
Step 533105/5000000 | Win rate (rollout): 0.33 | Loss: 0.205 | Opp label coverage: 0.90
Step 533621/5000000 | Win rate (rollout): 0.30 | Loss: 0.181 | Opp label coverage: 0.89
Step 534133/5000000 | Win rate (rollout): 0.56 | Loss: 0.187 | Opp label coverage: 0.84
Step 534650/5000000 | Win rate (rollout): 0.64 | Loss: 0.203 | Opp label coverage: 0.90
Step 535166/5000000 | Win rate (rollout): 0.77 | Loss: 0.189 | Opp label coverage: 0.90
Step 535678/5000000 | Win rate (rollout): 0.78 | Loss: 0.164 | Opp label coverage: 0.82
Step 536194/5000000 | Win rate (rollout): 0.40 | Loss: 0.168 | Opp label coverage: 0.89
Step 536707/5000000 | Win rate (rollout): 0.53 | Loss: 0.172 | Opp label coverage: 0.88
Step 537220/5000000 | Win rate (rollout): 0.50 | Loss: 0.272 | Opp label coverage: 0.87
Step 537732/5000000 | Win rate (rollout): 0.78 | Loss: 0.175 | Opp label coverage: 0.86
Step 538250/5000000 | Win rate (rollout): 0.42 | Loss: 0.146 | Opp label coverage: 0.89
Step 538762/5000000 | Win rate (rollout): 0.38 | Loss: 0.180 | Opp label coverage: 0.82
Step 539274/5000000 | Win rate (rollout): 0.60 | Loss: 0.181 | Opp label coverage: 0.79
Step 539791/5000000 | Win rate (rollout): 0.29 | Loss: 0.214 | Opp label coverage: 0.88
Step 540303/5000000 | Win rate (rollout): 0.50 | Loss: 0.209 | Opp label coverage: 0.84
Step 540820/5000000 | Win rate (rollout): 0.44 | Loss: 0.199 | Opp label coverage: 0.89
Step 541332/5000000 | Win rate (rollout): 0.45 | Loss: 0.191 | Opp label coverage: 0.78
Step 541845/5000000 | Win rate (rollout): 0.62 | Loss: 0.185 | Opp label coverage: 0.89
Step 542357/5000000 | Win rate (rollout): 0.55 | Loss: 0.209 | Opp label coverage: 0.84
Step 542872/5000000 | Win rate (rollout): 0.50 | Loss: 0.213 | Opp label coverage: 0.90
Step 543386/5000000 | Win rate (rollout): 0.46 | Loss: 0.185 | Opp label coverage: 0.90
Step 543898/5000000 | Win rate (rollout): 0.71 | Loss: 0.168 | Opp label coverage: 0.86
Step 544410/5000000 | Win rate (rollout): 0.80 | Loss: 0.171 | Opp label coverage: 0.88
Step 544922/5000000 | Win rate (rollout): 0.54 | Loss: 0.190 | Opp label coverage: 0.79
Step 545439/5000000 | Win rate (rollout): 0.67 | Loss: 0.159 | Opp label coverage: 0.91
Step 545951/5000000 | Win rate (rollout): 0.54 | Loss: 0.193 | Opp label coverage: 0.81
Step 546463/5000000 | Win rate (rollout): 0.44 | Loss: 0.182 | Opp label coverage: 0.81
Step 546975/5000000 | Win rate (rollout): 0.58 | Loss: 0.180 | Opp label coverage: 0.87
Step 547487/5000000 | Win rate (rollout): 0.50 | Loss: 0.167 | Opp label coverage: 0.83
Step 547999/5000000 | Win rate (rollout): 0.50 | Loss: 0.190 | Opp label coverage: 0.84
Step 548512/5000000 | Win rate (rollout): 0.67 | Loss: 0.239 | Opp label coverage: 0.91
Step 549024/5000000 | Win rate (rollout): 0.50 | Loss: 0.201 | Opp label coverage: 0.81
Step 549536/5000000 | Win rate (rollout): 0.47 | Loss: 0.197 | Opp label coverage: 0.84
Step 550048/5000000 | Win rate (rollout): 0.67 | Loss: 0.172 | Opp label coverage: 0.81
Step 550560/5000000 | Win rate (rollout): 0.33 | Loss: 0.198 | Opp label coverage: 0.82
Step 551072/5000000 | Win rate (rollout): 0.69 | Loss: 0.179 | Opp label coverage: 0.80
Step 551586/5000000 | Win rate (rollout): 0.55 | Loss: 0.149 | Opp label coverage: 0.89
Step 552098/5000000 | Win rate (rollout): 0.40 | Loss: 0.178 | Opp label coverage: 0.85
Step 552610/5000000 | Win rate (rollout): 0.45 | Loss: 0.177 | Opp label coverage: 0.83
Step 553122/5000000 | Win rate (rollout): 0.58 | Loss: 0.189 | Opp label coverage: 0.81
Step 553636/5000000 | Win rate (rollout): 0.64 | Loss: 0.184 | Opp label coverage: 0.89
Step 554149/5000000 | Win rate (rollout): 0.31 | Loss: 0.316 | Opp label coverage: 0.88
Step 554663/5000000 | Win rate (rollout): 0.53 | Loss: 0.208 | Opp label coverage: 0.90
Step 555179/5000000 | Win rate (rollout): 0.33 | Loss: 0.175 | Opp label coverage: 0.89
Step 555693/5000000 | Win rate (rollout): 0.53 | Loss: 0.246 | Opp label coverage: 0.88
Step 556205/5000000 | Win rate (rollout): 0.57 | Loss: 0.175 | Opp label coverage: 0.84
Step 556721/5000000 | Win rate (rollout): 0.70 | Loss: 0.145 | Opp label coverage: 0.90
Step 557238/5000000 | Win rate (rollout): 0.43 | Loss: 0.219 | Opp label coverage: 0.88
Step 557754/5000000 | Win rate (rollout): 0.56 | Loss: 0.196 | Opp label coverage: 0.90
Step 558270/5000000 | Win rate (rollout): 0.50 | Loss: 0.225 | Opp label coverage: 0.89
Step 558782/5000000 | Win rate (rollout): 0.27 | Loss: 0.199 | Opp label coverage: 0.82
Step 559294/5000000 | Win rate (rollout): 0.42 | Loss: 0.197 | Opp label coverage: 0.78
Step 559806/5000000 | Win rate (rollout): 0.53 | Loss: 0.187 | Opp label coverage: 0.85
Step 560318/5000000 | Win rate (rollout): 0.41 | Loss: 0.200 | Opp label coverage: 0.85
Step 560831/5000000 | Win rate (rollout): 0.50 | Loss: 0.108 | Opp label coverage: 0.91
Step 561347/5000000 | Win rate (rollout): 0.60 | Loss: 0.221 | Opp label coverage: 0.87
Step 561859/5000000 | Win rate (rollout): 0.67 | Loss: 0.185 | Opp label coverage: 0.79
Step 562372/5000000 | Win rate (rollout): 0.78 | Loss: 0.252 | Opp label coverage: 0.91
Step 562886/5000000 | Win rate (rollout): 0.43 | Loss: 0.221 | Opp label coverage: 0.89
Step 563398/5000000 | Win rate (rollout): 0.50 | Loss: 0.169 | Opp label coverage: 0.79
Step 563910/5000000 | Win rate (rollout): 0.78 | Loss: 0.222 | Opp label coverage: 0.81
Step 564422/5000000 | Win rate (rollout): 0.38 | Loss: 0.216 | Opp label coverage: 0.79
Step 564934/5000000 | Win rate (rollout): 0.50 | Loss: 0.169 | Opp label coverage: 0.81
Step 565446/5000000 | Win rate (rollout): 0.50 | Loss: 0.215 | Opp label coverage: 0.89
Step 565958/5000000 | Win rate (rollout): 0.80 | Loss: 0.168 | Opp label coverage: 0.80
Step 566470/5000000 | Win rate (rollout): 0.46 | Loss: 0.196 | Opp label coverage: 0.81
Step 566984/5000000 | Win rate (rollout): 0.50 | Loss: 0.169 | Opp label coverage: 0.89
Step 567496/5000000 | Win rate (rollout): 0.73 | Loss: 0.179 | Opp label coverage: 0.83
Step 568008/5000000 | Win rate (rollout): 0.30 | Loss: 0.179 | Opp label coverage: 0.86
Step 568520/5000000 | Win rate (rollout): 0.42 | Loss: 0.180 | Opp label coverage: 0.79
Step 569037/5000000 | Win rate (rollout): 0.50 | Loss: 0.220 | Opp label coverage: 0.89
Step 569549/5000000 | Win rate (rollout): 0.29 | Loss: 0.198 | Opp label coverage: 0.84
Step 570061/5000000 | Win rate (rollout): 0.82 | Loss: 0.196 | Opp label coverage: 0.90
Step 570573/5000000 | Win rate (rollout): 0.78 | Loss: 0.169 | Opp label coverage: 0.85
Step 571085/5000000 | Win rate (rollout): 0.46 | Loss: 0.200 | Opp label coverage: 0.82
Step 571597/5000000 | Win rate (rollout): 0.62 | Loss: 0.196 | Opp label coverage: 0.86
Step 572113/5000000 | Win rate (rollout): 0.60 | Loss: 0.137 | Opp label coverage: 0.91
Step 572627/5000000 | Win rate (rollout): 0.46 | Loss: 0.239 | Opp label coverage: 0.89
Step 573141/5000000 | Win rate (rollout): 0.29 | Loss: 0.196 | Opp label coverage: 0.89
Step 573655/5000000 | Win rate (rollout): 0.67 | Loss: 0.229 | Opp label coverage: 0.89
Step 574174/5000000 | Win rate (rollout): 0.54 | Loss: 0.159 | Opp label coverage: 0.91
Step 574686/5000000 | Win rate (rollout): 0.54 | Loss: 0.186 | Opp label coverage: 0.80
Step 575199/5000000 | Win rate (rollout): 0.55 | Loss: 0.178 | Opp label coverage: 0.91
Step 575711/5000000 | Win rate (rollout): 0.38 | Loss: 0.261 | Opp label coverage: 0.89
Step 576223/5000000 | Win rate (rollout): 0.80 | Loss: 0.192 | Opp label coverage: 0.83
Step 576738/5000000 | Win rate (rollout): 0.70 | Loss: 0.169 | Opp label coverage: 0.90
Step 577250/5000000 | Win rate (rollout): 0.70 | Loss: 0.233 | Opp label coverage: 0.84
Step 577762/5000000 | Win rate (rollout): 0.69 | Loss: 0.166 | Opp label coverage: 0.81
Step 578274/5000000 | Win rate (rollout): 0.67 | Loss: 0.236 | Opp label coverage: 0.77
Step 578787/5000000 | Win rate (rollout): 0.43 | Loss: 0.135 | Opp label coverage: 0.93
Step 579299/5000000 | Win rate (rollout): 0.53 | Loss: 0.165 | Opp label coverage: 0.84
Step 579811/5000000 | Win rate (rollout): 0.30 | Loss: 0.191 | Opp label coverage: 0.91
Step 580323/5000000 | Win rate (rollout): 0.50 | Loss: 0.203 | Opp label coverage: 0.89
Step 580836/5000000 | Win rate (rollout): 0.53 | Loss: 0.223 | Opp label coverage: 0.89
Step 581348/5000000 | Win rate (rollout): 0.60 | Loss: 0.212 | Opp label coverage: 0.79
Step 581860/5000000 | Win rate (rollout): 0.54 | Loss: 0.209 | Opp label coverage: 0.89
Step 582374/5000000 | Win rate (rollout): 0.69 | Loss: 0.197 | Opp label coverage: 0.88
Step 582889/5000000 | Win rate (rollout): 0.50 | Loss: 0.170 | Opp label coverage: 0.89
Step 583401/5000000 | Win rate (rollout): 0.42 | Loss: 0.175 | Opp label coverage: 0.82
Step 583913/5000000 | Win rate (rollout): 0.00 | Loss: 0.188 | Opp label coverage: 0.88
Step 584431/5000000 | Win rate (rollout): 0.33 | Loss: 0.208 | Opp label coverage: 0.92
Step 584943/5000000 | Win rate (rollout): 0.42 | Loss: 0.208 | Opp label coverage: 0.81
Step 585455/5000000 | Win rate (rollout): 0.38 | Loss: 0.178 | Opp label coverage: 0.79
Step 585971/5000000 | Win rate (rollout): 0.67 | Loss: 0.196 | Opp label coverage: 0.91
Step 586483/5000000 | Win rate (rollout): 0.56 | Loss: 0.193 | Opp label coverage: 0.83
Step 586995/5000000 | Win rate (rollout): 0.29 | Loss: 0.157 | Opp label coverage: 0.82
Step 587510/5000000 | Win rate (rollout): 0.62 | Loss: 0.149 | Opp label coverage: 0.90
Step 588022/5000000 | Win rate (rollout): 0.36 | Loss: 0.180 | Opp label coverage: 0.79
Step 588535/5000000 | Win rate (rollout): 0.50 | Loss: 0.201 | Opp label coverage: 0.89
Step 589051/5000000 | Win rate (rollout): 0.67 | Loss: 0.174 | Opp label coverage: 0.90
Step 589563/5000000 | Win rate (rollout): 0.67 | Loss: 0.164 | Opp label coverage: 0.76
Step 590077/5000000 | Win rate (rollout): 0.67 | Loss: 0.195 | Opp label coverage: 0.92
Step 590591/5000000 | Win rate (rollout): 0.59 | Loss: 0.184 | Opp label coverage: 0.90
Step 591105/5000000 | Win rate (rollout): 0.54 | Loss: 0.168 | Opp label coverage: 0.89
Step 591621/5000000 | Win rate (rollout): 0.27 | Loss: 0.237 | Opp label coverage: 0.88
Step 592133/5000000 | Win rate (rollout): 0.64 | Loss: 0.220 | Opp label coverage: 0.79
Step 592645/5000000 | Win rate (rollout): 0.62 | Loss: 0.205 | Opp label coverage: 0.80
Step 593163/5000000 | Win rate (rollout): 0.40 | Loss: 0.196 | Opp label coverage: 0.90
Step 593676/5000000 | Win rate (rollout): 0.43 | Loss: 0.192 | Opp label coverage: 0.89
Step 594188/5000000 | Win rate (rollout): 0.60 | Loss: 0.186 | Opp label coverage: 0.83
Step 594700/5000000 | Win rate (rollout): 0.41 | Loss: 0.194 | Opp label coverage: 0.76
Step 595212/5000000 | Win rate (rollout): 0.78 | Loss: 0.185 | Opp label coverage: 0.82
Step 595724/5000000 | Win rate (rollout): 0.62 | Loss: 0.178 | Opp label coverage: 0.80
Step 596236/5000000 | Win rate (rollout): 0.47 | Loss: 0.194 | Opp label coverage: 0.81
Step 596748/5000000 | Win rate (rollout): 0.38 | Loss: 0.170 | Opp label coverage: 0.80
Step 597260/5000000 | Win rate (rollout): 0.50 | Loss: 0.226 | Opp label coverage: 0.89
Step 597772/5000000 | Win rate (rollout): 0.73 | Loss: 0.215 | Opp label coverage: 0.82
Step 598284/5000000 | Win rate (rollout): 0.46 | Loss: 0.190 | Opp label coverage: 0.84
Step 598796/5000000 | Win rate (rollout): 0.55 | Loss: 0.163 | Opp label coverage: 0.75
Step 599308/5000000 | Win rate (rollout): 0.33 | Loss: 0.246 | Opp label coverage: 0.82
Step 599825/5000000 | Win rate (rollout): 0.50 | Loss: 0.247 | Opp label coverage: 0.89
Step 600337/5000000 | Win rate (rollout): 0.46 | Loss: 0.193 | Opp label coverage: 0.78
Step 600849/5000000 | Win rate (rollout): 0.71 | Loss: 0.187 | Opp label coverage: 0.79
Step 601365/5000000 | Win rate (rollout): 0.67 | Loss: 0.201 | Opp label coverage: 0.90
Step 601877/5000000 | Win rate (rollout): 0.44 | Loss: 0.173 | Opp label coverage: 0.80
Step 602395/5000000 | Win rate (rollout): 0.33 | Loss: 0.179 | Opp label coverage: 0.90
Step 602907/5000000 | Win rate (rollout): 0.43 | Loss: 0.168 | Opp label coverage: 0.85
Step 603423/5000000 | Win rate (rollout): 0.50 | Loss: 0.201 | Opp label coverage: 0.88
Step 603936/5000000 | Win rate (rollout): 0.53 | Loss: 0.201 | Opp label coverage: 0.89
Step 604451/5000000 | Win rate (rollout): 0.77 | Loss: 0.177 | Opp label coverage: 0.93
Step 604963/5000000 | Win rate (rollout): 0.45 | Loss: 0.180 | Opp label coverage: 0.89
Step 605475/5000000 | Win rate (rollout): 0.58 | Loss: 0.185 | Opp label coverage: 0.80
Step 605993/5000000 | Win rate (rollout): 0.58 | Loss: 0.192 | Opp label coverage: 0.88
Step 606511/5000000 | Win rate (rollout): 0.27 | Loss: 0.219 | Opp label coverage: 0.90
Step 607023/5000000 | Win rate (rollout): 0.40 | Loss: 0.193 | Opp label coverage: 0.83
Step 607535/5000000 | Win rate (rollout): 0.36 | Loss: 0.205 | Opp label coverage: 0.82
Step 608054/5000000 | Win rate (rollout): 0.25 | Loss: 0.112 | Opp label coverage: 0.87
Step 608566/5000000 | Win rate (rollout): 0.50 | Loss: 0.221 | Opp label coverage: 0.79
Step 609079/5000000 | Win rate (rollout): 0.55 | Loss: 0.167 | Opp label coverage: 0.88
Step 609596/5000000 | Win rate (rollout): 0.50 | Loss: 0.217 | Opp label coverage: 0.91
Step 610108/5000000 | Win rate (rollout): 0.47 | Loss: 0.189 | Opp label coverage: 0.81
Step 610620/5000000 | Win rate (rollout): 0.29 | Loss: 0.166 | Opp label coverage: 0.85
Step 611134/5000000 | Win rate (rollout): 0.45 | Loss: 0.175 | Opp label coverage: 0.88
Step 611646/5000000 | Win rate (rollout): 0.43 | Loss: 0.194 | Opp label coverage: 0.83
Step 612158/5000000 | Win rate (rollout): 0.56 | Loss: 0.201 | Opp label coverage: 0.89
Step 612675/5000000 | Win rate (rollout): 0.38 | Loss: 0.156 | Opp label coverage: 0.90
Step 613190/5000000 | Win rate (rollout): 0.53 | Loss: 0.159 | Opp label coverage: 0.91
Step 613707/5000000 | Win rate (rollout): 0.27 | Loss: 0.171 | Opp label coverage: 0.90
Step 614223/5000000 | Win rate (rollout): 0.40 | Loss: 0.203 | Opp label coverage: 0.91
Step 614738/5000000 | Win rate (rollout): 0.55 | Loss: 0.189 | Opp label coverage: 0.90
Step 615250/5000000 | Win rate (rollout): 0.71 | Loss: 0.194 | Opp label coverage: 0.89
Step 615768/5000000 | Win rate (rollout): 0.43 | Loss: 0.192 | Opp label coverage: 0.90
Step 616281/5000000 | Win rate (rollout): 0.50 | Loss: 0.259 | Opp label coverage: 0.89
Step 616793/5000000 | Win rate (rollout): 0.43 | Loss: 0.176 | Opp label coverage: 0.89
Step 617310/5000000 | Win rate (rollout): 0.64 | Loss: 0.118 | Opp label coverage: 0.92
Step 617822/5000000 | Win rate (rollout): 0.70 | Loss: 0.199 | Opp label coverage: 0.81
Step 618334/5000000 | Win rate (rollout): 0.36 | Loss: 0.196 | Opp label coverage: 0.82
Step 618853/5000000 | Win rate (rollout): 0.50 | Loss: 0.237 | Opp label coverage: 0.90
Step 619369/5000000 | Win rate (rollout): 0.25 | Loss: 0.195 | Opp label coverage: 0.88
Step 619881/5000000 | Win rate (rollout): 0.78 | Loss: 0.176 | Opp label coverage: 0.83
Step 620393/5000000 | Win rate (rollout): 0.71 | Loss: 0.173 | Opp label coverage: 0.83
Step 620911/5000000 | Win rate (rollout): 0.33 | Loss: 0.222 | Opp label coverage: 0.88
Step 621423/5000000 | Win rate (rollout): 0.71 | Loss: 0.212 | Opp label coverage: 0.91
Step 621936/5000000 | Win rate (rollout): 0.55 | Loss: 0.077 | Opp label coverage: 0.90
Step 622452/5000000 | Win rate (rollout): 0.62 | Loss: 0.215 | Opp label coverage: 0.90
Step 622970/5000000 | Win rate (rollout): 0.71 | Loss: 0.203 | Opp label coverage: 0.89
Step 623485/5000000 | Win rate (rollout): 0.38 | Loss: 0.185 | Opp label coverage: 0.89
Step 624002/5000000 | Win rate (rollout): 0.47 | Loss: 0.253 | Opp label coverage: 0.89
Step 624514/5000000 | Win rate (rollout): 0.50 | Loss: 0.222 | Opp label coverage: 0.83
Step 625026/5000000 | Win rate (rollout): 0.78 | Loss: 0.188 | Opp label coverage: 0.84
Step 625540/5000000 | Win rate (rollout): 0.75 | Loss: 0.157 | Opp label coverage: 0.90
Step 626052/5000000 | Win rate (rollout): 0.70 | Loss: 0.191 | Opp label coverage: 0.86
Step 626569/5000000 | Win rate (rollout): 0.20 | Loss: 0.222 | Opp label coverage: 0.89
Step 627081/5000000 | Win rate (rollout): 0.80 | Loss: 0.176 | Opp label coverage: 0.88
Step 627600/5000000 | Win rate (rollout): 0.50 | Loss: 0.234 | Opp label coverage: 0.89
Step 628116/5000000 | Win rate (rollout): 0.75 | Loss: 0.208 | Opp label coverage: 0.89
Step 628632/5000000 | Win rate (rollout): 0.38 | Loss: 0.258 | Opp label coverage: 0.91
Step 629146/5000000 | Win rate (rollout): 0.87 | Loss: 0.218 | Opp label coverage: 0.93
Step 629663/5000000 | Win rate (rollout): 0.54 | Loss: 0.204 | Opp label coverage: 0.90
Step 630175/5000000 | Win rate (rollout): 0.33 | Loss: 0.207 | Opp label coverage: 0.80
Step 630687/5000000 | Win rate (rollout): 0.60 | Loss: 0.194 | Opp label coverage: 0.78
Step 631205/5000000 | Win rate (rollout): 0.70 | Loss: 0.205 | Opp label coverage: 0.89
Step 631723/5000000 | Win rate (rollout): 0.50 | Loss: 0.206 | Opp label coverage: 0.88
Step 632235/5000000 | Win rate (rollout): 0.54 | Loss: 0.222 | Opp label coverage: 0.80
Step 632747/5000000 | Win rate (rollout): 0.67 | Loss: 0.186 | Opp label coverage: 0.84
Step 633259/5000000 | Win rate (rollout): 0.46 | Loss: 0.165 | Opp label coverage: 0.77
Step 633771/5000000 | Win rate (rollout): 0.50 | Loss: 0.220 | Opp label coverage: 0.79
Step 634283/5000000 | Win rate (rollout): 0.47 | Loss: 0.188 | Opp label coverage: 0.82
Step 634795/5000000 | Win rate (rollout): 0.78 | Loss: 0.166 | Opp label coverage: 0.83
Step 635308/5000000 | Win rate (rollout): 0.75 | Loss: 0.202 | Opp label coverage: 0.90
Step 635823/5000000 | Win rate (rollout): 0.77 | Loss: 0.225 | Opp label coverage: 0.90
Step 636335/5000000 | Win rate (rollout): 0.57 | Loss: 0.214 | Opp label coverage: 0.84
Step 636852/5000000 | Win rate (rollout): 0.89 | Loss: 0.184 | Opp label coverage: 0.90
Step 637364/5000000 | Win rate (rollout): 0.45 | Loss: 0.208 | Opp label coverage: 0.83
Step 637879/5000000 | Win rate (rollout): 0.40 | Loss: 0.219 | Opp label coverage: 0.90
Step 638393/5000000 | Win rate (rollout): 0.67 | Loss: 0.291 | Opp label coverage: 0.88
Step 638905/5000000 | Win rate (rollout): 0.50 | Loss: 0.217 | Opp label coverage: 0.81
Step 639417/5000000 | Win rate (rollout): 0.71 | Loss: 0.180 | Opp label coverage: 0.81
Step 639929/5000000 | Win rate (rollout): 0.69 | Loss: 0.193 | Opp label coverage: 0.84
Step 640441/5000000 | Win rate (rollout): 0.69 | Loss: 0.172 | Opp label coverage: 0.79
Step 640953/5000000 | Win rate (rollout): 0.67 | Loss: 0.181 | Opp label coverage: 0.79
Step 641466/5000000 | Win rate (rollout): 0.62 | Loss: 0.221 | Opp label coverage: 0.90
Step 641978/5000000 | Win rate (rollout): 0.64 | Loss: 0.250 | Opp label coverage: 0.81
Step 642492/5000000 | Win rate (rollout): 0.69 | Loss: 0.135 | Opp label coverage: 0.89
Step 643004/5000000 | Win rate (rollout): 0.56 | Loss: 0.189 | Opp label coverage: 0.82
Step 643516/5000000 | Win rate (rollout): 0.36 | Loss: 0.193 | Opp label coverage: 0.78
Step 644029/5000000 | Win rate (rollout): 0.46 | Loss: 0.193 | Opp label coverage: 0.88
Step 644544/5000000 | Win rate (rollout): 0.60 | Loss: 0.112 | Opp label coverage: 0.89
Step 645062/5000000 | Win rate (rollout): 0.46 | Loss: 0.228 | Opp label coverage: 0.90
Step 645574/5000000 | Win rate (rollout): 0.71 | Loss: 0.193 | Opp label coverage: 0.82
Step 646086/5000000 | Win rate (rollout): 0.40 | Loss: 0.230 | Opp label coverage: 0.78
Step 646598/5000000 | Win rate (rollout): 0.28 | Loss: 0.186 | Opp label coverage: 0.84
Step 647115/5000000 | Win rate (rollout): 0.60 | Loss: 0.228 | Opp label coverage: 0.89
Step 647627/5000000 | Win rate (rollout): 0.91 | Loss: 0.185 | Opp label coverage: 0.80
Step 648139/5000000 | Win rate (rollout): 0.70 | Loss: 0.207 | Opp label coverage: 0.89
Step 648651/5000000 | Win rate (rollout): 0.47 | Loss: 0.193 | Opp label coverage: 0.78
Step 649163/5000000 | Win rate (rollout): 0.47 | Loss: 0.198 | Opp label coverage: 0.79
Step 649677/5000000 | Win rate (rollout): 0.45 | Loss: 0.255 | Opp label coverage: 0.89
Step 650195/5000000 | Win rate (rollout): 0.54 | Loss: 0.217 | Opp label coverage: 0.89
Step 650709/5000000 | Win rate (rollout): 0.54 | Loss: 0.246 | Opp label coverage: 0.90
Step 651221/5000000 | Win rate (rollout): 0.46 | Loss: 0.237 | Opp label coverage: 0.80
Step 651733/5000000 | Win rate (rollout): 0.55 | Loss: 0.167 | Opp label coverage: 0.83
Step 652250/5000000 | Win rate (rollout): 0.78 | Loss: 0.176 | Opp label coverage: 0.92
Step 652762/5000000 | Win rate (rollout): 0.89 | Loss: 0.176 | Opp label coverage: 0.84
Step 653274/5000000 | Win rate (rollout): 0.47 | Loss: 0.214 | Opp label coverage: 0.82
Step 653792/5000000 | Win rate (rollout): 0.58 | Loss: 0.193 | Opp label coverage: 0.89
Step 654308/5000000 | Win rate (rollout): 0.54 | Loss: 0.230 | Opp label coverage: 0.90
Step 654820/5000000 | Win rate (rollout): 0.69 | Loss: 0.221 | Opp label coverage: 0.85
Step 655332/5000000 | Win rate (rollout): 0.88 | Loss: 0.174 | Opp label coverage: 0.86
Step 655845/5000000 | Win rate (rollout): 0.67 | Loss: 0.205 | Opp label coverage: 0.88
Step 656359/5000000 | Win rate (rollout): 0.50 | Loss: 0.230 | Opp label coverage: 0.90
Step 656871/5000000 | Win rate (rollout): 0.62 | Loss: 0.181 | Opp label coverage: 0.83
Step 657383/5000000 | Win rate (rollout): 0.50 | Loss: 0.198 | Opp label coverage: 0.81
Step 657895/5000000 | Win rate (rollout): 0.41 | Loss: 0.225 | Opp label coverage: 0.84
Step 658407/5000000 | Win rate (rollout): 0.41 | Loss: 0.212 | Opp label coverage: 0.80
Step 658924/5000000 | Win rate (rollout): 0.50 | Loss: 0.206 | Opp label coverage: 0.89
Step 659439/5000000 | Win rate (rollout): 0.67 | Loss: 0.219 | Opp label coverage: 0.90
Step 659951/5000000 | Win rate (rollout): 0.80 | Loss: 0.181 | Opp label coverage: 0.75
Step 660469/5000000 | Win rate (rollout): 0.64 | Loss: 0.199 | Opp label coverage: 0.89
Step 660981/5000000 | Win rate (rollout): 0.75 | Loss: 0.202 | Opp label coverage: 0.79
Step 661495/5000000 | Win rate (rollout): 0.42 | Loss: 0.126 | Opp label coverage: 0.89
Step 662009/5000000 | Win rate (rollout): 0.79 | Loss: 0.172 | Opp label coverage: 0.90
Step 662525/5000000 | Win rate (rollout): 0.38 | Loss: 0.233 | Opp label coverage: 0.88
Step 663037/5000000 | Win rate (rollout): 0.62 | Loss: 0.203 | Opp label coverage: 0.86
Step 663552/5000000 | Win rate (rollout): 0.11 | Loss: 0.152 | Opp label coverage: 0.88
Step 664064/5000000 | Win rate (rollout): 0.45 | Loss: 0.167 | Opp label coverage: 0.91
Step 664576/5000000 | Win rate (rollout): 0.43 | Loss: 0.200 | Opp label coverage: 0.84
Step 665088/5000000 | Win rate (rollout): 0.73 | Loss: 0.174 | Opp label coverage: 0.86
Step 665605/5000000 | Win rate (rollout): 0.40 | Loss: 0.216 | Opp label coverage: 0.89
Step 666117/5000000 | Win rate (rollout): 0.57 | Loss: 0.167 | Opp label coverage: 0.81
Step 666630/5000000 | Win rate (rollout): 0.50 | Loss: 0.269 | Opp label coverage: 0.90
Step 667142/5000000 | Win rate (rollout): 0.64 | Loss: 0.181 | Opp label coverage: 0.89
Step 667654/5000000 | Win rate (rollout): 0.70 | Loss: 0.216 | Opp label coverage: 0.85
Step 668166/5000000 | Win rate (rollout): 0.65 | Loss: 0.182 | Opp label coverage: 0.84
Step 668678/5000000 | Win rate (rollout): 0.62 | Loss: 0.153 | Opp label coverage: 0.82
Step 669190/5000000 | Win rate (rollout): 0.25 | Loss: 0.221 | Opp label coverage: 0.79
Step 669702/5000000 | Win rate (rollout): 0.67 | Loss: 0.207 | Opp label coverage: 0.79
Step 670215/5000000 | Win rate (rollout): 0.33 | Loss: 0.233 | Opp label coverage: 0.88
Step 670727/5000000 | Win rate (rollout): 0.70 | Loss: 0.168 | Opp label coverage: 0.87
Step 671242/5000000 | Win rate (rollout): 0.89 | Loss: 0.262 | Opp label coverage: 0.90
Step 671754/5000000 | Win rate (rollout): 0.56 | Loss: 0.174 | Opp label coverage: 0.78
Step 672270/5000000 | Win rate (rollout): 0.57 | Loss: 0.161 | Opp label coverage: 0.91
Step 672783/5000000 | Win rate (rollout): 0.60 | Loss: 0.334 | Opp label coverage: 0.92
Step 673295/5000000 | Win rate (rollout): 0.53 | Loss: 0.176 | Opp label coverage: 0.84
Step 673811/5000000 | Win rate (rollout): 0.12 | Loss: 0.231 | Opp label coverage: 0.89
Step 674328/5000000 | Win rate (rollout): 0.57 | Loss: 0.244 | Opp label coverage: 0.90
Step 674840/5000000 | Win rate (rollout): 0.60 | Loss: 0.185 | Opp label coverage: 0.78
Step 675353/5000000 | Win rate (rollout): 0.25 | Loss: 0.181 | Opp label coverage: 0.88
Step 675868/5000000 | Win rate (rollout): 0.61 | Loss: 0.200 | Opp label coverage: 0.90
Step 676380/5000000 | Win rate (rollout): 0.90 | Loss: 0.195 | Opp label coverage: 0.86
Step 676893/5000000 | Win rate (rollout): 0.62 | Loss: 0.227 | Opp label coverage: 0.90
Step 677412/5000000 | Win rate (rollout): 0.53 | Loss: 0.223 | Opp label coverage: 0.87
Step 677924/5000000 | Win rate (rollout): 0.71 | Loss: 0.217 | Opp label coverage: 0.82
Step 678438/5000000 | Win rate (rollout): 0.56 | Loss: 0.157 | Opp label coverage: 0.91
Step 678950/5000000 | Win rate (rollout): 0.50 | Loss: 0.192 | Opp label coverage: 0.82
Step 679462/5000000 | Win rate (rollout): 0.56 | Loss: 0.188 | Opp label coverage: 0.82
Step 679974/5000000 | Win rate (rollout): 0.33 | Loss: 0.205 | Opp label coverage: 0.90
Step 680486/5000000 | Win rate (rollout): 0.55 | Loss: 0.207 | Opp label coverage: 0.80
Step 680998/5000000 | Win rate (rollout): 0.65 | Loss: 0.192 | Opp label coverage: 0.75
Step 681517/5000000 | Win rate (rollout): 0.58 | Loss: 0.241 | Opp label coverage: 0.89
Step 682031/5000000 | Win rate (rollout): 0.36 | Loss: 0.141 | Opp label coverage: 0.89
Step 682550/5000000 | Win rate (rollout): 0.76 | Loss: 0.214 | Opp label coverage: 0.90
Step 683062/5000000 | Win rate (rollout): 0.38 | Loss: 0.203 | Opp label coverage: 0.83
Step 683574/5000000 | Win rate (rollout): 0.69 | Loss: 0.170 | Opp label coverage: 0.82
Step 684089/5000000 | Win rate (rollout): 0.33 | Loss: 0.201 | Opp label coverage: 0.89
Step 684602/5000000 | Win rate (rollout): 0.73 | Loss: 0.258 | Opp label coverage: 0.91
Step 685116/5000000 | Win rate (rollout): 0.69 | Loss: 0.215 | Opp label coverage: 0.92
Step 685633/5000000 | Win rate (rollout): 0.44 | Loss: 0.107 | Opp label coverage: 0.92
Step 686145/5000000 | Win rate (rollout): 0.45 | Loss: 0.216 | Opp label coverage: 0.83
Step 686657/5000000 | Win rate (rollout): 0.54 | Loss: 0.179 | Opp label coverage: 0.86
Step 687173/5000000 | Win rate (rollout): 0.64 | Loss: 0.198 | Opp label coverage: 0.90
Step 687690/5000000 | Win rate (rollout): 0.64 | Loss: 0.230 | Opp label coverage: 0.91
Step 688202/5000000 | Win rate (rollout): 0.46 | Loss: 0.184 | Opp label coverage: 0.84
Step 688715/5000000 | Win rate (rollout): 0.44 | Loss: 0.197 | Opp label coverage: 0.90
Step 689227/5000000 | Win rate (rollout): 0.36 | Loss: 0.217 | Opp label coverage: 0.82
Step 689743/5000000 | Win rate (rollout): 0.56 | Loss: 0.184 | Opp label coverage: 0.89
Step 690257/5000000 | Win rate (rollout): 0.42 | Loss: 0.141 | Opp label coverage: 0.92
Step 690770/5000000 | Win rate (rollout): 0.57 | Loss: 0.277 | Opp label coverage: 0.89
Step 691287/5000000 | Win rate (rollout): 0.20 | Loss: 0.222 | Opp label coverage: 0.89
Step 691799/5000000 | Win rate (rollout): 0.73 | Loss: 0.195 | Opp label coverage: 0.81
Step 692311/5000000 | Win rate (rollout): 0.67 | Loss: 0.196 | Opp label coverage: 0.81
Step 692827/5000000 | Win rate (rollout): 0.70 | Loss: 0.183 | Opp label coverage: 0.91
Step 693339/5000000 | Win rate (rollout): 0.50 | Loss: 0.192 | Opp label coverage: 0.83
Step 693851/5000000 | Win rate (rollout): 0.57 | Loss: 0.165 | Opp label coverage: 0.80
Step 694363/5000000 | Win rate (rollout): 0.60 | Loss: 0.182 | Opp label coverage: 0.83
Step 694878/5000000 | Win rate (rollout): 0.70 | Loss: 0.244 | Opp label coverage: 0.91
Step 695390/5000000 | Win rate (rollout): 0.70 | Loss: 0.195 | Opp label coverage: 0.80
Step 695902/5000000 | Win rate (rollout): 0.46 | Loss: 0.194 | Opp label coverage: 0.80
Step 696414/5000000 | Win rate (rollout): 0.75 | Loss: 0.199 | Opp label coverage: 0.85
Step 696926/5000000 | Win rate (rollout): 0.46 | Loss: 0.207 | Opp label coverage: 0.82
Step 697438/5000000 | Win rate (rollout): 0.47 | Loss: 0.196 | Opp label coverage: 0.83
Step 697950/5000000 | Win rate (rollout): 0.50 | Loss: 0.193 | Opp label coverage: 0.81
Step 698468/5000000 | Win rate (rollout): 0.33 | Loss: 0.194 | Opp label coverage: 0.89
Step 698980/5000000 | Win rate (rollout): 0.89 | Loss: 0.170 | Opp label coverage: 0.83
Step 699494/5000000 | Win rate (rollout): 0.44 | Loss: 0.218 | Opp label coverage: 0.91
Step 700011/5000000 | Win rate (rollout): 0.57 | Loss: 0.211 | Opp label coverage: 0.91
Step 700523/5000000 | Win rate (rollout): 0.64 | Loss: 0.190 | Opp label coverage: 0.93
Step 701040/5000000 | Win rate (rollout): 0.57 | Loss: 0.187 | Opp label coverage: 0.89
Step 701552/5000000 | Win rate (rollout): 0.46 | Loss: 0.194 | Opp label coverage: 0.79
Step 702070/5000000 | Win rate (rollout): 0.50 | Loss: 0.139 | Opp label coverage: 0.89
Step 702582/5000000 | Win rate (rollout): 0.73 | Loss: 0.208 | Opp label coverage: 0.81
Step 703094/5000000 | Win rate (rollout): 0.33 | Loss: 0.217 | Opp label coverage: 0.83
Step 703613/5000000 | Win rate (rollout): 0.25 | Loss: 0.166 | Opp label coverage: 0.90
Step 704125/5000000 | Win rate (rollout): 0.40 | Loss: 0.190 | Opp label coverage: 0.84
Step 704637/5000000 | Win rate (rollout): 0.56 | Loss: 0.212 | Opp label coverage: 0.84
Step 705149/5000000 | Win rate (rollout): 0.20 | Loss: 0.168 | Opp label coverage: 0.83
Step 705668/5000000 | Win rate (rollout): 0.62 | Loss: 0.189 | Opp label coverage: 0.90
Step 706187/5000000 | Win rate (rollout): 0.33 | Loss: 0.201 | Opp label coverage: 0.89
Step 706699/5000000 | Win rate (rollout): 0.15 | Loss: 0.155 | Opp label coverage: 0.79
Step 707211/5000000 | Win rate (rollout): 0.54 | Loss: 0.202 | Opp label coverage: 0.79
Step 707723/5000000 | Win rate (rollout): 0.44 | Loss: 0.168 | Opp label coverage: 0.87
Step 708241/5000000 | Win rate (rollout): 0.69 | Loss: 0.250 | Opp label coverage: 0.89
Step 708756/5000000 | Win rate (rollout): 0.50 | Loss: 0.168 | Opp label coverage: 0.89
Step 709268/5000000 | Win rate (rollout): 0.43 | Loss: 0.215 | Opp label coverage: 0.78
Step 709784/5000000 | Win rate (rollout): 0.40 | Loss: 0.180 | Opp label coverage: 0.89
Step 710300/5000000 | Win rate (rollout): 0.38 | Loss: 0.192 | Opp label coverage: 0.89
Step 710812/5000000 | Win rate (rollout): 0.88 | Loss: 0.191 | Opp label coverage: 0.86
Step 711325/5000000 | Win rate (rollout): 0.67 | Loss: 0.196 | Opp label coverage: 0.91
Step 711837/5000000 | Win rate (rollout): 0.36 | Loss: 0.179 | Opp label coverage: 0.81
Step 712350/5000000 | Win rate (rollout): 0.75 | Loss: 0.229 | Opp label coverage: 0.90
Step 712862/5000000 | Win rate (rollout): 0.50 | Loss: 0.181 | Opp label coverage: 0.79
Step 713374/5000000 | Win rate (rollout): 0.27 | Loss: 0.219 | Opp label coverage: 0.88
Step 713888/5000000 | Win rate (rollout): 0.38 | Loss: 0.184 | Opp label coverage: 0.89
Step 714402/5000000 | Win rate (rollout): 0.62 | Loss: 0.165 | Opp label coverage: 0.88
Step 714914/5000000 | Win rate (rollout): 0.55 | Loss: 0.177 | Opp label coverage: 0.92
Step 715426/5000000 | Win rate (rollout): 0.75 | Loss: 0.219 | Opp label coverage: 0.81
Step 715938/5000000 | Win rate (rollout): 0.70 | Loss: 0.172 | Opp label coverage: 0.85
Step 716450/5000000 | Win rate (rollout): 0.46 | Loss: 0.190 | Opp label coverage: 0.78
Step 716965/5000000 | Win rate (rollout): 0.12 | Loss: 0.224 | Opp label coverage: 0.89
Step 717482/5000000 | Win rate (rollout): 0.50 | Loss: 0.134 | Opp label coverage: 0.91
Step 717994/5000000 | Win rate (rollout): 0.33 | Loss: 0.150 | Opp label coverage: 0.90
Step 718507/5000000 | Win rate (rollout): 0.50 | Loss: 0.112 | Opp label coverage: 0.89
Step 719019/5000000 | Win rate (rollout): 0.50 | Loss: 0.164 | Opp label coverage: 0.79
Step 719531/5000000 | Win rate (rollout): 0.25 | Loss: 0.196 | Opp label coverage: 0.83
Step 720049/5000000 | Win rate (rollout): 0.45 | Loss: 0.208 | Opp label coverage: 0.89
Step 720561/5000000 | Win rate (rollout): 0.80 | Loss: 0.170 | Opp label coverage: 0.83
Step 721073/5000000 | Win rate (rollout): 0.55 | Loss: 0.166 | Opp label coverage: 0.84
Step 721585/5000000 | Win rate (rollout): 0.53 | Loss: 0.233 | Opp label coverage: 0.81
Step 722098/5000000 | Win rate (rollout): 0.10 | Loss: 0.109 | Opp label coverage: 0.89
Step 722610/5000000 | Win rate (rollout): 0.56 | Loss: 0.171 | Opp label coverage: 0.82
Step 723122/5000000 | Win rate (rollout): 0.57 | Loss: 0.154 | Opp label coverage: 0.90
Step 723634/5000000 | Win rate (rollout): 0.75 | Loss: 0.171 | Opp label coverage: 0.82
Step 724152/5000000 | Win rate (rollout): 0.50 | Loss: 0.254 | Opp label coverage: 0.90
Step 724666/5000000 | Win rate (rollout): 0.29 | Loss: 0.161 | Opp label coverage: 0.86
Step 725178/5000000 | Win rate (rollout): 0.22 | Loss: 0.155 | Opp label coverage: 0.79
Step 725690/5000000 | Win rate (rollout): 0.82 | Loss: 0.183 | Opp label coverage: 0.85
Step 726202/5000000 | Win rate (rollout): 0.55 | Loss: 0.187 | Opp label coverage: 0.84
Step 726714/5000000 | Win rate (rollout): 0.64 | Loss: 0.171 | Opp label coverage: 0.86
Step 727228/5000000 | Win rate (rollout): 0.30 | Loss: 0.180 | Opp label coverage: 0.87
Step 727743/5000000 | Win rate (rollout): 0.29 | Loss: 0.186 | Opp label coverage: 0.88
Step 728255/5000000 | Win rate (rollout): 0.50 | Loss: 0.189 | Opp label coverage: 0.83
Step 728767/5000000 | Win rate (rollout): 0.42 | Loss: 0.166 | Opp label coverage: 0.82
Step 729286/5000000 | Win rate (rollout): 0.75 | Loss: 0.186 | Opp label coverage: 0.92
Step 729799/5000000 | Win rate (rollout): 0.33 | Loss: 0.145 | Opp label coverage: 0.89
Step 730314/5000000 | Win rate (rollout): 0.13 | Loss: 0.259 | Opp label coverage: 0.88
Step 730830/5000000 | Win rate (rollout): 0.33 | Loss: 0.170 | Opp label coverage: 0.87
Step 731344/5000000 | Win rate (rollout): 0.23 | Loss: 0.214 | Opp label coverage: 0.90
Step 731856/5000000 | Win rate (rollout): 0.62 | Loss: 0.198 | Opp label coverage: 0.82
Step 732368/5000000 | Win rate (rollout): 0.56 | Loss: 0.183 | Opp label coverage: 0.91
Step 732880/5000000 | Win rate (rollout): 0.38 | Loss: 0.197 | Opp label coverage: 0.90
Step 733392/5000000 | Win rate (rollout): 0.38 | Loss: 0.188 | Opp label coverage: 0.88
Step 733904/5000000 | Win rate (rollout): 0.60 | Loss: 0.211 | Opp label coverage: 0.77
Step 734417/5000000 | Win rate (rollout): 0.33 | Loss: 0.253 | Opp label coverage: 0.90
Step 734929/5000000 | Win rate (rollout): 0.67 | Loss: 0.192 | Opp label coverage: 0.84
Step 735445/5000000 | Win rate (rollout): 0.36 | Loss: 0.142 | Opp label coverage: 0.90
Step 735959/5000000 | Win rate (rollout): 0.50 | Loss: 0.186 | Opp label coverage: 0.89
Step 736471/5000000 | Win rate (rollout): 0.42 | Loss: 0.188 | Opp label coverage: 0.80
Step 736989/5000000 | Win rate (rollout): 0.67 | Loss: 0.188 | Opp label coverage: 0.90
Step 737501/5000000 | Win rate (rollout): 0.50 | Loss: 0.186 | Opp label coverage: 0.78
Step 738013/5000000 | Win rate (rollout): 0.62 | Loss: 0.195 | Opp label coverage: 0.93
Step 738525/5000000 | Win rate (rollout): 0.46 | Loss: 0.176 | Opp label coverage: 0.78
Step 739037/5000000 | Win rate (rollout): 0.41 | Loss: 0.213 | Opp label coverage: 0.78
Step 739549/5000000 | Win rate (rollout): 0.13 | Loss: 0.174 | Opp label coverage: 0.80
Step 740061/5000000 | Win rate (rollout): 0.78 | Loss: 0.194 | Opp label coverage: 0.86
Step 740573/5000000 | Win rate (rollout): 0.75 | Loss: 0.191 | Opp label coverage: 0.81
Step 741089/5000000 | Win rate (rollout): 0.38 | Loss: 0.139 | Opp label coverage: 0.88
Step 741602/5000000 | Win rate (rollout): 0.42 | Loss: 0.150 | Opp label coverage: 0.89
Step 742114/5000000 | Win rate (rollout): 0.36 | Loss: 0.191 | Opp label coverage: 0.81
Step 742631/5000000 | Win rate (rollout): 0.56 | Loss: 0.169 | Opp label coverage: 0.92
Step 743143/5000000 | Win rate (rollout): 0.44 | Loss: 0.198 | Opp label coverage: 0.76
Step 743656/5000000 | Win rate (rollout): 0.50 | Loss: 0.261 | Opp label coverage: 0.89
Step 744168/5000000 | Win rate (rollout): 0.44 | Loss: 0.181 | Opp label coverage: 0.84
Step 744680/5000000 | Win rate (rollout): 0.58 | Loss: 0.180 | Opp label coverage: 0.80
Step 745192/5000000 | Win rate (rollout): 0.50 | Loss: 0.211 | Opp label coverage: 0.79
Step 745704/5000000 | Win rate (rollout): 0.70 | Loss: 0.194 | Opp label coverage: 0.90
Step 746217/5000000 | Win rate (rollout): 0.43 | Loss: 0.150 | Opp label coverage: 0.89
Step 746729/5000000 | Win rate (rollout): 0.64 | Loss: 0.175 | Opp label coverage: 0.83
Step 747245/5000000 | Win rate (rollout): 0.43 | Loss: 0.225 | Opp label coverage: 0.91
Step 747757/5000000 | Win rate (rollout): 0.43 | Loss: 0.189 | Opp label coverage: 0.89
Step 748272/5000000 | Win rate (rollout): 0.53 | Loss: 0.178 | Opp label coverage: 0.88
Step 748786/5000000 | Win rate (rollout): 0.33 | Loss: 0.224 | Opp label coverage: 0.89
Step 749298/5000000 | Win rate (rollout): 0.60 | Loss: 0.199 | Opp label coverage: 0.83
Step 749810/5000000 | Win rate (rollout): 0.36 | Loss: 0.194 | Opp label coverage: 0.88
[checkpoint] Saved models/ppo/checkpoints/m9seed/ppo_step_750015.pt
Step 750328/5000000 | Win rate (rollout): 0.31 | Loss: 0.210 | Opp label coverage: 0.89
Step 750840/5000000 | Win rate (rollout): 0.42 | Loss: 0.168 | Opp label coverage: 0.83
Step 751352/5000000 | Win rate (rollout): 0.23 | Loss: 0.188 | Opp label coverage: 0.82
Step 751866/5000000 | Win rate (rollout): 0.78 | Loss: 0.241 | Opp label coverage: 0.91
Step 752378/5000000 | Win rate (rollout): 0.54 | Loss: 0.186 | Opp label coverage: 0.79
Step 752890/5000000 | Win rate (rollout): 0.62 | Loss: 0.209 | Opp label coverage: 0.92
Step 753402/5000000 | Win rate (rollout): 0.44 | Loss: 0.174 | Opp label coverage: 0.82
Step 753920/5000000 | Win rate (rollout): 0.50 | Loss: 0.176 | Opp label coverage: 0.88
Step 754432/5000000 | Win rate (rollout): 0.42 | Loss: 0.242 | Opp label coverage: 0.82
Step 754944/5000000 | Win rate (rollout): 0.24 | Loss: 0.189 | Opp label coverage: 0.77
Step 755456/5000000 | Win rate (rollout): 0.36 | Loss: 0.161 | Opp label coverage: 0.82
Step 755969/5000000 | Win rate (rollout): 0.50 | Loss: 0.098 | Opp label coverage: 0.90
Step 756481/5000000 | Win rate (rollout): 0.50 | Loss: 0.194 | Opp label coverage: 0.83
Step 756997/5000000 | Win rate (rollout): 0.33 | Loss: 0.182 | Opp label coverage: 0.90
Step 757513/5000000 | Win rate (rollout): 0.57 | Loss: 0.134 | Opp label coverage: 0.89
Step 758028/5000000 | Win rate (rollout): 0.40 | Loss: 0.222 | Opp label coverage: 0.90
Step 758540/5000000 | Win rate (rollout): 0.58 | Loss: 0.204 | Opp label coverage: 0.92
Step 759052/5000000 | Win rate (rollout): 0.42 | Loss: 0.199 | Opp label coverage: 0.80
Step 759569/5000000 | Win rate (rollout): 0.50 | Loss: 0.245 | Opp label coverage: 0.90
Step 760083/5000000 | Win rate (rollout): 0.62 | Loss: 0.073 | Opp label coverage: 0.92
Step 760595/5000000 | Win rate (rollout): 0.25 | Loss: 0.199 | Opp label coverage: 0.90
Step 761107/5000000 | Win rate (rollout): 0.73 | Loss: 0.228 | Opp label coverage: 0.79
Step 761626/5000000 | Win rate (rollout): 0.82 | Loss: 0.195 | Opp label coverage: 0.91
Step 762142/5000000 | Win rate (rollout): 0.64 | Loss: 0.218 | Opp label coverage: 0.89
Step 762655/5000000 | Win rate (rollout): 0.71 | Loss: 0.261 | Opp label coverage: 0.91
Step 763170/5000000 | Win rate (rollout): 0.38 | Loss: 0.245 | Opp label coverage: 0.88
Step 763682/5000000 | Win rate (rollout): 0.44 | Loss: 0.180 | Opp label coverage: 0.81
Step 764194/5000000 | Win rate (rollout): 0.33 | Loss: 0.198 | Opp label coverage: 0.83
Step 764706/5000000 | Win rate (rollout): 0.60 | Loss: 0.190 | Opp label coverage: 0.82
Step 765218/5000000 | Win rate (rollout): 0.53 | Loss: 0.236 | Opp label coverage: 0.83
Step 765730/5000000 | Win rate (rollout): 0.38 | Loss: 0.233 | Opp label coverage: 0.90
Step 766242/5000000 | Win rate (rollout): 0.55 | Loss: 0.184 | Opp label coverage: 0.89
Step 766754/5000000 | Win rate (rollout): 0.54 | Loss: 0.196 | Opp label coverage: 0.80
Step 767272/5000000 | Win rate (rollout): 0.60 | Loss: 0.187 | Opp label coverage: 0.89
Step 767784/5000000 | Win rate (rollout): 0.67 | Loss: 0.198 | Opp label coverage: 0.79
Step 768296/5000000 | Win rate (rollout): 0.47 | Loss: 0.199 | Opp label coverage: 0.80
Step 768812/5000000 | Win rate (rollout): 0.45 | Loss: 0.184 | Opp label coverage: 0.90
Step 769324/5000000 | Win rate (rollout): 0.30 | Loss: 0.183 | Opp label coverage: 0.79
Step 769836/5000000 | Win rate (rollout): 0.64 | Loss: 0.181 | Opp label coverage: 0.82
Step 770351/5000000 | Win rate (rollout): 0.50 | Loss: 0.248 | Opp label coverage: 0.89
Step 770863/5000000 | Win rate (rollout): 0.43 | Loss: 0.173 | Opp label coverage: 0.90
Step 771378/5000000 | Win rate (rollout): 0.71 | Loss: 0.168 | Opp label coverage: 0.93
Step 771890/5000000 | Win rate (rollout): 0.62 | Loss: 0.173 | Opp label coverage: 0.82
Step 772402/5000000 | Win rate (rollout): 0.38 | Loss: 0.220 | Opp label coverage: 0.79
Step 772920/5000000 | Win rate (rollout): 0.58 | Loss: 0.187 | Opp label coverage: 0.88
Step 773432/5000000 | Win rate (rollout): 0.43 | Loss: 0.226 | Opp label coverage: 0.82
Step 773947/5000000 | Win rate (rollout): 0.50 | Loss: 0.145 | Opp label coverage: 0.89
Step 774459/5000000 | Win rate (rollout): 0.67 | Loss: 0.200 | Opp label coverage: 0.83
Step 774972/5000000 | Win rate (rollout): 0.25 | Loss: 0.309 | Opp label coverage: 0.90
Step 775484/5000000 | Win rate (rollout): 0.62 | Loss: 0.207 | Opp label coverage: 0.90
Step 775996/5000000 | Win rate (rollout): 0.42 | Loss: 0.172 | Opp label coverage: 0.78
Step 776508/5000000 | Win rate (rollout): 0.78 | Loss: 0.207 | Opp label coverage: 0.82
Step 777020/5000000 | Win rate (rollout): 0.64 | Loss: 0.182 | Opp label coverage: 0.83
Step 777532/5000000 | Win rate (rollout): 0.69 | Loss: 0.195 | Opp label coverage: 0.84
Step 778048/5000000 | Win rate (rollout): 0.70 | Loss: 0.191 | Opp label coverage: 0.90
Step 778560/5000000 | Win rate (rollout): 0.57 | Loss: 0.214 | Opp label coverage: 0.81
Step 779072/5000000 | Win rate (rollout): 0.70 | Loss: 0.164 | Opp label coverage: 0.84
Step 779584/5000000 | Win rate (rollout): 0.83 | Loss: 0.157 | Opp label coverage: 0.80
Step 780100/5000000 | Win rate (rollout): 0.33 | Loss: 0.223 | Opp label coverage: 0.89
Step 780612/5000000 | Win rate (rollout): 0.67 | Loss: 0.174 | Opp label coverage: 0.81
Step 781124/5000000 | Win rate (rollout): 0.71 | Loss: 0.194 | Opp label coverage: 0.78
Step 781636/5000000 | Win rate (rollout): 0.60 | Loss: 0.206 | Opp label coverage: 0.78
Step 782148/5000000 | Win rate (rollout): 0.29 | Loss: 0.185 | Opp label coverage: 0.86
Step 782665/5000000 | Win rate (rollout): 0.67 | Loss: 0.218 | Opp label coverage: 0.91
Step 783179/5000000 | Win rate (rollout): 0.62 | Loss: 0.252 | Opp label coverage: 0.93
Step 783691/5000000 | Win rate (rollout): 0.50 | Loss: 0.163 | Opp label coverage: 0.80
Step 784206/5000000 | Win rate (rollout): 0.33 | Loss: 0.258 | Opp label coverage: 0.90
Step 784720/5000000 | Win rate (rollout): 0.42 | Loss: 0.227 | Opp label coverage: 0.90
Step 785236/5000000 | Win rate (rollout): 0.50 | Loss: 0.214 | Opp label coverage: 0.90
Step 785748/5000000 | Win rate (rollout): 0.50 | Loss: 0.202 | Opp label coverage: 0.84
Step 786263/5000000 | Win rate (rollout): 0.50 | Loss: 0.180 | Opp label coverage: 0.91
Step 786775/5000000 | Win rate (rollout): 0.18 | Loss: 0.169 | Opp label coverage: 0.81
Step 787291/5000000 | Win rate (rollout): 0.45 | Loss: 0.210 | Opp label coverage: 0.89
Step 787808/5000000 | Win rate (rollout): 0.62 | Loss: 0.188 | Opp label coverage: 0.89
Step 788320/5000000 | Win rate (rollout): 0.50 | Loss: 0.200 | Opp label coverage: 0.81
Step 788839/5000000 | Win rate (rollout): 0.62 | Loss: 0.221 | Opp label coverage: 0.90
Step 789351/5000000 | Win rate (rollout): 0.57 | Loss: 0.177 | Opp label coverage: 0.84
Step 789870/5000000 | Win rate (rollout): 0.73 | Loss: 0.194 | Opp label coverage: 0.91
Step 790382/5000000 | Win rate (rollout): 0.38 | Loss: 0.201 | Opp label coverage: 0.82
Step 790900/5000000 | Win rate (rollout): 0.78 | Loss: 0.224 | Opp label coverage: 0.93
Step 791413/5000000 | Win rate (rollout): 0.62 | Loss: 0.226 | Opp label coverage: 0.91
Step 791926/5000000 | Win rate (rollout): 0.57 | Loss: 0.219 | Opp label coverage: 0.89
Step 792438/5000000 | Win rate (rollout): 0.46 | Loss: 0.188 | Opp label coverage: 0.82
Step 792953/5000000 | Win rate (rollout): 0.50 | Loss: 0.184 | Opp label coverage: 0.90
Step 793467/5000000 | Win rate (rollout): 0.71 | Loss: 0.235 | Opp label coverage: 0.90
Step 793979/5000000 | Win rate (rollout): 0.71 | Loss: 0.189 | Opp label coverage: 0.84
Step 794491/5000000 | Win rate (rollout): 0.56 | Loss: 0.180 | Opp label coverage: 0.82
Step 795003/5000000 | Win rate (rollout): 0.57 | Loss: 0.179 | Opp label coverage: 0.85
Step 795515/5000000 | Win rate (rollout): 0.67 | Loss: 0.177 | Opp label coverage: 0.80
Step 796027/5000000 | Win rate (rollout): 0.58 | Loss: 0.196 | Opp label coverage: 0.85
Step 796539/5000000 | Win rate (rollout): 0.55 | Loss: 0.169 | Opp label coverage: 0.83
Step 797051/5000000 | Win rate (rollout): 0.69 | Loss: 0.195 | Opp label coverage: 0.81
Step 797563/5000000 | Win rate (rollout): 0.53 | Loss: 0.204 | Opp label coverage: 0.83
Step 798077/5000000 | Win rate (rollout): 0.60 | Loss: 0.187 | Opp label coverage: 0.90
Step 798589/5000000 | Win rate (rollout): 0.67 | Loss: 0.207 | Opp label coverage: 0.82
Step 799101/5000000 | Win rate (rollout): 0.42 | Loss: 0.211 | Opp label coverage: 0.89
Step 799613/5000000 | Win rate (rollout): 0.53 | Loss: 0.218 | Opp label coverage: 0.84
Step 800125/5000000 | Win rate (rollout): 0.67 | Loss: 0.170 | Opp label coverage: 0.78
Step 800637/5000000 | Win rate (rollout): 0.42 | Loss: 0.194 | Opp label coverage: 0.77
Step 801150/5000000 | Win rate (rollout): 0.70 | Loss: 0.186 | Opp label coverage: 0.90
Step 801662/5000000 | Win rate (rollout): 0.70 | Loss: 0.212 | Opp label coverage: 0.84
Step 802176/5000000 | Win rate (rollout): 0.56 | Loss: 0.180 | Opp label coverage: 0.92
Step 802688/5000000 | Win rate (rollout): 0.71 | Loss: 0.179 | Opp label coverage: 0.79
Step 803200/5000000 | Win rate (rollout): 0.44 | Loss: 0.218 | Opp label coverage: 0.83
Step 803712/5000000 | Win rate (rollout): 0.82 | Loss: 0.169 | Opp label coverage: 0.85
Step 804228/5000000 | Win rate (rollout): 0.56 | Loss: 0.221 | Opp label coverage: 0.91
Step 804740/5000000 | Win rate (rollout): 0.64 | Loss: 0.174 | Opp label coverage: 0.87
Step 805254/5000000 | Win rate (rollout): 0.50 | Loss: 0.199 | Opp label coverage: 0.91
Step 805770/5000000 | Win rate (rollout): 0.40 | Loss: 0.209 | Opp label coverage: 0.89
Step 806282/5000000 | Win rate (rollout): 0.42 | Loss: 0.191 | Opp label coverage: 0.87
Step 806794/5000000 | Win rate (rollout): 0.70 | Loss: 0.168 | Opp label coverage: 0.85
Step 807306/5000000 | Win rate (rollout): 0.42 | Loss: 0.192 | Opp label coverage: 0.80
Step 807818/5000000 | Win rate (rollout): 0.56 | Loss: 0.184 | Opp label coverage: 0.82
Step 808331/5000000 | Win rate (rollout): 0.14 | Loss: 0.257 | Opp label coverage: 0.90
Step 808843/5000000 | Win rate (rollout): 0.56 | Loss: 0.190 | Opp label coverage: 0.83
Step 809355/5000000 | Win rate (rollout): 0.76 | Loss: 0.195 | Opp label coverage: 0.86
Step 809867/5000000 | Win rate (rollout): 0.60 | Loss: 0.193 | Opp label coverage: 0.83
Step 810384/5000000 | Win rate (rollout): 0.38 | Loss: 0.247 | Opp label coverage: 0.90
Step 810899/5000000 | Win rate (rollout): 0.64 | Loss: 0.185 | Opp label coverage: 0.92
Step 811414/5000000 | Win rate (rollout): 0.40 | Loss: 0.193 | Opp label coverage: 0.89
Step 811926/5000000 | Win rate (rollout): 0.70 | Loss: 0.209 | Opp label coverage: 0.93
Step 812438/5000000 | Win rate (rollout): 0.57 | Loss: 0.183 | Opp label coverage: 0.84
Step 812950/5000000 | Win rate (rollout): 0.55 | Loss: 0.177 | Opp label coverage: 0.85
Step 813463/5000000 | Win rate (rollout): 0.29 | Loss: 0.123 | Opp label coverage: 0.90
Step 813975/5000000 | Win rate (rollout): 0.60 | Loss: 0.196 | Opp label coverage: 0.80
Step 814491/5000000 | Win rate (rollout): 0.33 | Loss: 0.208 | Opp label coverage: 0.90
Step 815003/5000000 | Win rate (rollout): 0.67 | Loss: 0.162 | Opp label coverage: 0.85
Step 815516/5000000 | Win rate (rollout): 0.25 | Loss: 0.206 | Opp label coverage: 0.89
Step 816032/5000000 | Win rate (rollout): 0.62 | Loss: 0.196 | Opp label coverage: 0.92
Step 816544/5000000 | Win rate (rollout): 0.50 | Loss: 0.183 | Opp label coverage: 0.87
Step 817056/5000000 | Win rate (rollout): 0.53 | Loss: 0.185 | Opp label coverage: 0.84
Step 817575/5000000 | Win rate (rollout): 0.40 | Loss: 0.191 | Opp label coverage: 0.90
Step 818087/5000000 | Win rate (rollout): 0.44 | Loss: 0.158 | Opp label coverage: 0.94
Step 818602/5000000 | Win rate (rollout): 0.29 | Loss: 0.193 | Opp label coverage: 0.88
Step 819114/5000000 | Win rate (rollout): 0.62 | Loss: 0.174 | Opp label coverage: 0.88
Step 819627/5000000 | Win rate (rollout): 0.33 | Loss: 0.242 | Opp label coverage: 0.88
Step 820139/5000000 | Win rate (rollout): 0.60 | Loss: 0.184 | Opp label coverage: 0.83
Step 820651/5000000 | Win rate (rollout): 0.58 | Loss: 0.224 | Opp label coverage: 0.84
Step 821167/5000000 | Win rate (rollout): 0.50 | Loss: 0.227 | Opp label coverage: 0.92
Step 821679/5000000 | Win rate (rollout): 0.43 | Loss: 0.214 | Opp label coverage: 0.81
Step 822196/5000000 | Win rate (rollout): 0.60 | Loss: 0.248 | Opp label coverage: 0.91
Step 822708/5000000 | Win rate (rollout): 0.56 | Loss: 0.188 | Opp label coverage: 0.85
Step 823220/5000000 | Win rate (rollout): 0.25 | Loss: 0.178 | Opp label coverage: 0.79
Step 823732/5000000 | Win rate (rollout): 0.44 | Loss: 0.190 | Opp label coverage: 0.84
Step 824247/5000000 | Win rate (rollout): 0.14 | Loss: 0.230 | Opp label coverage: 0.91
Step 824759/5000000 | Win rate (rollout): 0.91 | Loss: 0.186 | Opp label coverage: 0.82
Step 825273/5000000 | Win rate (rollout): 0.36 | Loss: 0.260 | Opp label coverage: 0.89
Step 825791/5000000 | Win rate (rollout): 0.50 | Loss: 0.230 | Opp label coverage: 0.89
Step 826303/5000000 | Win rate (rollout): 0.75 | Loss: 0.188 | Opp label coverage: 0.81
Step 826820/5000000 | Win rate (rollout): 0.33 | Loss: 0.254 | Opp label coverage: 0.89
Step 827332/5000000 | Win rate (rollout): 0.71 | Loss: 0.182 | Opp label coverage: 0.86
Step 827844/5000000 | Win rate (rollout): 0.58 | Loss: 0.165 | Opp label coverage: 0.87
Step 828356/5000000 | Win rate (rollout): 0.31 | Loss: 0.222 | Opp label coverage: 0.76
Step 828868/5000000 | Win rate (rollout): 0.45 | Loss: 0.230 | Opp label coverage: 0.90
Step 829380/5000000 | Win rate (rollout): 0.60 | Loss: 0.196 | Opp label coverage: 0.84
Step 829893/5000000 | Win rate (rollout): 0.67 | Loss: 0.199 | Opp label coverage: 0.91
Step 830406/5000000 | Win rate (rollout): 0.62 | Loss: 0.197 | Opp label coverage: 0.90
Step 830922/5000000 | Win rate (rollout): 0.57 | Loss: 0.206 | Opp label coverage: 0.90
Step 831434/5000000 | Win rate (rollout): 0.75 | Loss: 0.176 | Opp label coverage: 0.84
Step 831949/5000000 | Win rate (rollout): 0.78 | Loss: 0.210 | Opp label coverage: 0.91
Step 832463/5000000 | Win rate (rollout): 0.44 | Loss: 0.130 | Opp label coverage: 0.92
Step 832977/5000000 | Win rate (rollout): 0.43 | Loss: 0.218 | Opp label coverage: 0.89
Step 833492/5000000 | Win rate (rollout): 0.50 | Loss: 0.207 | Opp label coverage: 0.89
Step 834004/5000000 | Win rate (rollout): 0.50 | Loss: 0.231 | Opp label coverage: 0.82
Step 834518/5000000 | Win rate (rollout): 0.56 | Loss: 0.212 | Opp label coverage: 0.89
Step 835030/5000000 | Win rate (rollout): 0.58 | Loss: 0.203 | Opp label coverage: 0.82
Step 835542/5000000 | Win rate (rollout): 0.50 | Loss: 0.203 | Opp label coverage: 0.89
Step 836054/5000000 | Win rate (rollout): 0.82 | Loss: 0.227 | Opp label coverage: 0.81
Step 836567/5000000 | Win rate (rollout): 0.78 | Loss: 0.187 | Opp label coverage: 0.91
Step 837079/5000000 | Win rate (rollout): 0.44 | Loss: 0.205 | Opp label coverage: 0.79
Step 837591/5000000 | Win rate (rollout): 0.69 | Loss: 0.170 | Opp label coverage: 0.83
Step 838103/5000000 | Win rate (rollout): 0.79 | Loss: 0.167 | Opp label coverage: 0.81
Step 838615/5000000 | Win rate (rollout): 0.42 | Loss: 0.221 | Opp label coverage: 0.79
Step 839131/5000000 | Win rate (rollout): 0.67 | Loss: 0.175 | Opp label coverage: 0.90
Step 839645/5000000 | Win rate (rollout): 0.25 | Loss: 0.172 | Opp label coverage: 0.88
Step 840157/5000000 | Win rate (rollout): 0.88 | Loss: 0.193 | Opp label coverage: 0.81
Step 840674/5000000 | Win rate (rollout): 0.55 | Loss: 0.216 | Opp label coverage: 0.88
Step 841186/5000000 | Win rate (rollout): 0.50 | Loss: 0.206 | Opp label coverage: 0.79
Step 841698/5000000 | Win rate (rollout): 0.53 | Loss: 0.214 | Opp label coverage: 0.85
Step 842216/5000000 | Win rate (rollout): 0.30 | Loss: 0.139 | Opp label coverage: 0.87
Step 842735/5000000 | Win rate (rollout): 0.40 | Loss: 0.192 | Opp label coverage: 0.92
Step 843248/5000000 | Win rate (rollout): 0.53 | Loss: 0.166 | Opp label coverage: 0.88
Step 843760/5000000 | Win rate (rollout): 0.56 | Loss: 0.200 | Opp label coverage: 0.79
Step 844272/5000000 | Win rate (rollout): 0.73 | Loss: 0.202 | Opp label coverage: 0.82
Step 844784/5000000 | Win rate (rollout): 0.78 | Loss: 0.173 | Opp label coverage: 0.82
Step 845296/5000000 | Win rate (rollout): 0.83 | Loss: 0.166 | Opp label coverage: 0.84
Step 845813/5000000 | Win rate (rollout): 0.57 | Loss: 0.218 | Opp label coverage: 0.91
Step 846330/5000000 | Win rate (rollout): 0.56 | Loss: 0.154 | Opp label coverage: 0.89
Step 846849/5000000 | Win rate (rollout): 0.58 | Loss: 0.209 | Opp label coverage: 0.89
Step 847362/5000000 | Win rate (rollout): 0.40 | Loss: 0.144 | Opp label coverage: 0.90
Step 847874/5000000 | Win rate (rollout): 0.73 | Loss: 0.180 | Opp label coverage: 0.82
Step 848386/5000000 | Win rate (rollout): 0.60 | Loss: 0.174 | Opp label coverage: 0.80
Step 848898/5000000 | Win rate (rollout): 0.50 | Loss: 0.235 | Opp label coverage: 0.80
Step 849410/5000000 | Win rate (rollout): 0.69 | Loss: 0.188 | Opp label coverage: 0.85
Step 849923/5000000 | Win rate (rollout): 0.56 | Loss: 0.195 | Opp label coverage: 0.90
Step 850435/5000000 | Win rate (rollout): 0.90 | Loss: 0.172 | Opp label coverage: 0.77
Step 850947/5000000 | Win rate (rollout): 0.33 | Loss: 0.229 | Opp label coverage: 0.79
Step 851459/5000000 | Win rate (rollout): 0.78 | Loss: 0.168 | Opp label coverage: 0.84
Step 851974/5000000 | Win rate (rollout): 0.67 | Loss: 0.145 | Opp label coverage: 0.92
Step 852491/5000000 | Win rate (rollout): 0.47 | Loss: 0.192 | Opp label coverage: 0.87
Step 853007/5000000 | Win rate (rollout): 0.54 | Loss: 0.188 | Opp label coverage: 0.88
Step 853519/5000000 | Win rate (rollout): 0.85 | Loss: 0.191 | Opp label coverage: 0.80
Step 854036/5000000 | Win rate (rollout): 0.30 | Loss: 0.180 | Opp label coverage: 0.89
Step 854548/5000000 | Win rate (rollout): 0.75 | Loss: 0.218 | Opp label coverage: 0.81
Step 855060/5000000 | Win rate (rollout): 0.75 | Loss: 0.168 | Opp label coverage: 0.81
Step 855572/5000000 | Win rate (rollout): 0.50 | Loss: 0.178 | Opp label coverage: 0.78
Step 856091/5000000 | Win rate (rollout): 0.33 | Loss: 0.201 | Opp label coverage: 0.88
Step 856603/5000000 | Win rate (rollout): 0.60 | Loss: 0.179 | Opp label coverage: 0.80
Step 857115/5000000 | Win rate (rollout): 0.60 | Loss: 0.196 | Opp label coverage: 0.83
Step 857632/5000000 | Win rate (rollout): 0.78 | Loss: 0.222 | Opp label coverage: 0.91
Step 858144/5000000 | Win rate (rollout): 0.57 | Loss: 0.167 | Opp label coverage: 0.83
Step 858659/5000000 | Win rate (rollout): 0.55 | Loss: 0.228 | Opp label coverage: 0.89
Step 859171/5000000 | Win rate (rollout): 0.50 | Loss: 0.179 | Opp label coverage: 0.75
Step 859683/5000000 | Win rate (rollout): 0.44 | Loss: 0.172 | Opp label coverage: 0.81
Step 860195/5000000 | Win rate (rollout): 0.75 | Loss: 0.171 | Opp label coverage: 0.75
Step 860708/5000000 | Win rate (rollout): 0.56 | Loss: 0.204 | Opp label coverage: 0.89
Step 861220/5000000 | Win rate (rollout): 0.33 | Loss: 0.195 | Opp label coverage: 0.81
Step 861732/5000000 | Win rate (rollout): 0.30 | Loss: 0.185 | Opp label coverage: 0.82
Step 862244/5000000 | Win rate (rollout): 0.50 | Loss: 0.225 | Opp label coverage: 0.84
Step 862756/5000000 | Win rate (rollout): 0.50 | Loss: 0.171 | Opp label coverage: 0.83
Step 863274/5000000 | Win rate (rollout): 0.73 | Loss: 0.191 | Opp label coverage: 0.90
Step 863787/5000000 | Win rate (rollout): 0.65 | Loss: 0.105 | Opp label coverage: 0.88
Step 864299/5000000 | Win rate (rollout): 0.64 | Loss: 0.193 | Opp label coverage: 0.87
Step 864817/5000000 | Win rate (rollout): 0.44 | Loss: 0.173 | Opp label coverage: 0.90
Step 865334/5000000 | Win rate (rollout): 0.56 | Loss: 0.211 | Opp label coverage: 0.90
Step 865847/5000000 | Win rate (rollout): 0.56 | Loss: 0.217 | Opp label coverage: 0.92
Step 866362/5000000 | Win rate (rollout): 0.67 | Loss: 0.152 | Opp label coverage: 0.90
Step 866877/5000000 | Win rate (rollout): 0.38 | Loss: 0.252 | Opp label coverage: 0.90
Step 867389/5000000 | Win rate (rollout): 0.38 | Loss: 0.193 | Opp label coverage: 0.79
Step 867901/5000000 | Win rate (rollout): 0.80 | Loss: 0.200 | Opp label coverage: 0.82
Step 868418/5000000 | Win rate (rollout): 0.82 | Loss: 0.181 | Opp label coverage: 0.89
Step 868930/5000000 | Win rate (rollout): 0.71 | Loss: 0.149 | Opp label coverage: 0.74
Step 869442/5000000 | Win rate (rollout): 0.69 | Loss: 0.220 | Opp label coverage: 0.79
Step 869954/5000000 | Win rate (rollout): 0.50 | Loss: 0.197 | Opp label coverage: 0.84
Step 870466/5000000 | Win rate (rollout): 0.75 | Loss: 0.168 | Opp label coverage: 0.83
Step 870978/5000000 | Win rate (rollout): 0.62 | Loss: 0.194 | Opp label coverage: 0.86
Step 871491/5000000 | Win rate (rollout): 0.50 | Loss: 0.224 | Opp label coverage: 0.90
Step 872003/5000000 | Win rate (rollout): 0.62 | Loss: 0.200 | Opp label coverage: 0.86
Step 872519/5000000 | Win rate (rollout): 0.67 | Loss: 0.208 | Opp label coverage: 0.89
Step 873035/5000000 | Win rate (rollout): 0.50 | Loss: 0.152 | Opp label coverage: 0.90
Step 873547/5000000 | Win rate (rollout): 0.56 | Loss: 0.185 | Opp label coverage: 0.83
Step 874062/5000000 | Win rate (rollout): 0.55 | Loss: 0.154 | Opp label coverage: 0.91
Step 874574/5000000 | Win rate (rollout): 0.69 | Loss: 0.213 | Opp label coverage: 0.81
Step 875086/5000000 | Win rate (rollout): 0.53 | Loss: 0.215 | Opp label coverage: 0.80
Step 875598/5000000 | Win rate (rollout): 1.00 | Loss: 0.156 | Opp label coverage: 0.84
Step 876117/5000000 | Win rate (rollout): 0.70 | Loss: 0.232 | Opp label coverage: 0.91
Step 876629/5000000 | Win rate (rollout): 0.71 | Loss: 0.189 | Opp label coverage: 0.85
Step 877141/5000000 | Win rate (rollout): 0.62 | Loss: 0.217 | Opp label coverage: 0.82
Step 877653/5000000 | Win rate (rollout): 0.57 | Loss: 0.145 | Opp label coverage: 0.82
Step 878170/5000000 | Win rate (rollout): 0.50 | Loss: 0.196 | Opp label coverage: 0.88
Step 878682/5000000 | Win rate (rollout): 0.36 | Loss: 0.202 | Opp label coverage: 0.90
Step 879199/5000000 | Win rate (rollout): 0.62 | Loss: 0.178 | Opp label coverage: 0.91
Step 879711/5000000 | Win rate (rollout): 0.15 | Loss: 0.183 | Opp label coverage: 0.91
Step 880226/5000000 | Win rate (rollout): 0.58 | Loss: 0.215 | Opp label coverage: 0.91
Step 880738/5000000 | Win rate (rollout): 0.78 | Loss: 0.180 | Opp label coverage: 0.80
Step 881250/5000000 | Win rate (rollout): 0.57 | Loss: 0.202 | Opp label coverage: 0.84
Step 881766/5000000 | Win rate (rollout): 0.57 | Loss: 0.221 | Opp label coverage: 0.91
Step 882278/5000000 | Win rate (rollout): 0.86 | Loss: 0.165 | Opp label coverage: 0.79
Step 882790/5000000 | Win rate (rollout): 0.36 | Loss: 0.203 | Opp label coverage: 0.81
Step 883302/5000000 | Win rate (rollout): 0.41 | Loss: 0.210 | Opp label coverage: 0.83
Step 883814/5000000 | Win rate (rollout): 0.83 | Loss: 0.172 | Opp label coverage: 0.81
Step 884326/5000000 | Win rate (rollout): 0.58 | Loss: 0.180 | Opp label coverage: 0.80
Step 884841/5000000 | Win rate (rollout): 0.50 | Loss: 0.175 | Opp label coverage: 0.89
Step 885353/5000000 | Win rate (rollout): 0.69 | Loss: 0.218 | Opp label coverage: 0.78
Step 885871/5000000 | Win rate (rollout): 0.92 | Loss: 0.191 | Opp label coverage: 0.92
Step 886383/5000000 | Win rate (rollout): 0.55 | Loss: 0.209 | Opp label coverage: 0.81
Step 886897/5000000 | Win rate (rollout): 0.44 | Loss: 0.218 | Opp label coverage: 0.91
Step 887412/5000000 | Win rate (rollout): 0.50 | Loss: 0.188 | Opp label coverage: 0.90
Step 887924/5000000 | Win rate (rollout): 0.46 | Loss: 0.198 | Opp label coverage: 0.82
Step 888437/5000000 | Win rate (rollout): 0.55 | Loss: 0.279 | Opp label coverage: 0.90
Step 888949/5000000 | Win rate (rollout): 0.60 | Loss: 0.166 | Opp label coverage: 0.86
Step 889461/5000000 | Win rate (rollout): 0.54 | Loss: 0.222 | Opp label coverage: 0.82
Step 889978/5000000 | Win rate (rollout): 0.12 | Loss: 0.213 | Opp label coverage: 0.88
Step 890496/5000000 | Win rate (rollout): 0.46 | Loss: 0.224 | Opp label coverage: 0.91
Step 891013/5000000 | Win rate (rollout): 0.64 | Loss: 0.174 | Opp label coverage: 0.90
Step 891525/5000000 | Win rate (rollout): 0.50 | Loss: 0.176 | Opp label coverage: 0.86
Step 892040/5000000 | Win rate (rollout): 0.38 | Loss: 0.235 | Opp label coverage: 0.89
Step 892559/5000000 | Win rate (rollout): 0.33 | Loss: 0.210 | Opp label coverage: 0.91
Step 893074/5000000 | Win rate (rollout): 0.33 | Loss: 0.177 | Opp label coverage: 0.90
Step 893586/5000000 | Win rate (rollout): 0.40 | Loss: 0.193 | Opp label coverage: 0.85
Step 894098/5000000 | Win rate (rollout): 0.44 | Loss: 0.180 | Opp label coverage: 0.82
Step 894610/5000000 | Win rate (rollout): 0.62 | Loss: 0.190 | Opp label coverage: 0.82
Step 895127/5000000 | Win rate (rollout): 0.58 | Loss: 0.217 | Opp label coverage: 0.88
Step 895639/5000000 | Win rate (rollout): 0.67 | Loss: 0.214 | Opp label coverage: 0.84
Step 896151/5000000 | Win rate (rollout): 0.62 | Loss: 0.196 | Opp label coverage: 0.84
Step 896663/5000000 | Win rate (rollout): 0.38 | Loss: 0.198 | Opp label coverage: 0.82
Step 897176/5000000 | Win rate (rollout): 0.69 | Loss: 0.253 | Opp label coverage: 0.90
Step 897688/5000000 | Win rate (rollout): 0.50 | Loss: 0.204 | Opp label coverage: 0.86
Step 898206/5000000 | Win rate (rollout): 0.38 | Loss: 0.171 | Opp label coverage: 0.90
Step 898718/5000000 | Win rate (rollout): 0.50 | Loss: 0.232 | Opp label coverage: 0.91
Step 899235/5000000 | Win rate (rollout): 0.54 | Loss: 0.227 | Opp label coverage: 0.89
Step 899754/5000000 | Win rate (rollout): 0.50 | Loss: 0.219 | Opp label coverage: 0.89
Step 900271/5000000 | Win rate (rollout): 0.54 | Loss: 0.189 | Opp label coverage: 0.91
Step 900783/5000000 | Win rate (rollout): 0.67 | Loss: 0.215 | Opp label coverage: 0.85
Step 901295/5000000 | Win rate (rollout): 0.69 | Loss: 0.186 | Opp label coverage: 0.84
Step 901814/5000000 | Win rate (rollout): 0.44 | Loss: 0.201 | Opp label coverage: 0.91
Step 902330/5000000 | Win rate (rollout): 0.71 | Loss: 0.249 | Opp label coverage: 0.89
Step 902842/5000000 | Win rate (rollout): 0.67 | Loss: 0.186 | Opp label coverage: 0.87
Step 903357/5000000 | Win rate (rollout): 0.33 | Loss: 0.168 | Opp label coverage: 0.89
Step 903875/5000000 | Win rate (rollout): 0.44 | Loss: 0.222 | Opp label coverage: 0.88
Step 904387/5000000 | Win rate (rollout): 0.64 | Loss: 0.196 | Opp label coverage: 0.83
Step 904899/5000000 | Win rate (rollout): 0.67 | Loss: 0.251 | Opp label coverage: 0.85
Step 905413/5000000 | Win rate (rollout): 0.44 | Loss: 0.218 | Opp label coverage: 0.90
Step 905925/5000000 | Win rate (rollout): 0.73 | Loss: 0.170 | Opp label coverage: 0.88
Step 906441/5000000 | Win rate (rollout): 0.73 | Loss: 0.186 | Opp label coverage: 0.90
Step 906953/5000000 | Win rate (rollout): 0.25 | Loss: 0.211 | Opp label coverage: 0.80
Step 907471/5000000 | Win rate (rollout): 0.69 | Loss: 0.224 | Opp label coverage: 0.88
Step 907983/5000000 | Win rate (rollout): 0.80 | Loss: 0.176 | Opp label coverage: 0.83
Step 908500/5000000 | Win rate (rollout): 0.50 | Loss: 0.172 | Opp label coverage: 0.89
Step 909012/5000000 | Win rate (rollout): 0.54 | Loss: 0.196 | Opp label coverage: 0.82
Step 909530/5000000 | Win rate (rollout): 0.62 | Loss: 0.175 | Opp label coverage: 0.90
Step 910042/5000000 | Win rate (rollout): 0.69 | Loss: 0.178 | Opp label coverage: 0.89
Step 910556/5000000 | Win rate (rollout): 0.75 | Loss: 0.274 | Opp label coverage: 0.90
Step 911068/5000000 | Win rate (rollout): 0.50 | Loss: 0.202 | Opp label coverage: 0.81
Step 911580/5000000 | Win rate (rollout): 0.75 | Loss: 0.186 | Opp label coverage: 0.82
Step 912092/5000000 | Win rate (rollout): 0.50 | Loss: 0.214 | Opp label coverage: 0.81
Step 912605/5000000 | Win rate (rollout): 0.25 | Loss: 0.145 | Opp label coverage: 0.88
Step 913117/5000000 | Win rate (rollout): 0.53 | Loss: 0.229 | Opp label coverage: 0.91
Step 913629/5000000 | Win rate (rollout): 0.46 | Loss: 0.205 | Opp label coverage: 0.82
Step 914141/5000000 | Win rate (rollout): 0.64 | Loss: 0.183 | Opp label coverage: 0.78
Step 914654/5000000 | Win rate (rollout): 0.70 | Loss: 0.140 | Opp label coverage: 0.89
Step 915168/5000000 | Win rate (rollout): 0.60 | Loss: 0.235 | Opp label coverage: 0.89
Step 915680/5000000 | Win rate (rollout): 0.78 | Loss: 0.202 | Opp label coverage: 0.83
Step 916195/5000000 | Win rate (rollout): 0.54 | Loss: 0.218 | Opp label coverage: 0.87
Step 916708/5000000 | Win rate (rollout): 0.50 | Loss: 0.225 | Opp label coverage: 0.91
Step 917220/5000000 | Win rate (rollout): 0.38 | Loss: 0.196 | Opp label coverage: 0.83
Step 917732/5000000 | Win rate (rollout): 0.67 | Loss: 0.192 | Opp label coverage: 0.82
Step 918244/5000000 | Win rate (rollout): 0.57 | Loss: 0.187 | Opp label coverage: 0.77
Step 918756/5000000 | Win rate (rollout): 0.36 | Loss: 0.197 | Opp label coverage: 0.82
Step 919268/5000000 | Win rate (rollout): 0.45 | Loss: 0.190 | Opp label coverage: 0.90
Step 919780/5000000 | Win rate (rollout): 0.50 | Loss: 0.177 | Opp label coverage: 0.81
Step 920293/5000000 | Win rate (rollout): 0.60 | Loss: 0.245 | Opp label coverage: 0.88
Step 920812/5000000 | Win rate (rollout): 0.47 | Loss: 0.167 | Opp label coverage: 0.91
Step 921324/5000000 | Win rate (rollout): 0.46 | Loss: 0.230 | Opp label coverage: 0.84
Step 921836/5000000 | Win rate (rollout): 0.50 | Loss: 0.194 | Opp label coverage: 0.82
Step 922348/5000000 | Win rate (rollout): 0.50 | Loss: 0.178 | Opp label coverage: 0.81
Step 922860/5000000 | Win rate (rollout): 0.43 | Loss: 0.189 | Opp label coverage: 0.82
Step 923372/5000000 | Win rate (rollout): 0.18 | Loss: 0.179 | Opp label coverage: 0.81
Step 923887/5000000 | Win rate (rollout): 0.67 | Loss: 0.178 | Opp label coverage: 0.90
Step 924399/5000000 | Win rate (rollout): 0.33 | Loss: 0.163 | Opp label coverage: 0.80
Step 924911/5000000 | Win rate (rollout): 0.55 | Loss: 0.178 | Opp label coverage: 0.88
Step 925426/5000000 | Win rate (rollout): 0.67 | Loss: 0.173 | Opp label coverage: 0.90
Step 925939/5000000 | Win rate (rollout): 0.36 | Loss: 0.189 | Opp label coverage: 0.92
Step 926451/5000000 | Win rate (rollout): 0.55 | Loss: 0.192 | Opp label coverage: 0.82
Step 926964/5000000 | Win rate (rollout): 1.00 | Loss: 0.244 | Opp label coverage: 0.91
Step 927476/5000000 | Win rate (rollout): 0.57 | Loss: 0.202 | Opp label coverage: 0.82
Step 927988/5000000 | Win rate (rollout): 0.33 | Loss: 0.195 | Opp label coverage: 0.83
Step 928506/5000000 | Win rate (rollout): 0.44 | Loss: 0.172 | Opp label coverage: 0.89
Step 929018/5000000 | Win rate (rollout): 0.67 | Loss: 0.206 | Opp label coverage: 0.89
Step 929530/5000000 | Win rate (rollout): 0.69 | Loss: 0.187 | Opp label coverage: 0.80
Step 930042/5000000 | Win rate (rollout): 1.00 | Loss: 0.159 | Opp label coverage: 0.82
Step 930558/5000000 | Win rate (rollout): 0.69 | Loss: 0.208 | Opp label coverage: 0.90
Step 931070/5000000 | Win rate (rollout): 0.56 | Loss: 0.193 | Opp label coverage: 0.85
Step 931582/5000000 | Win rate (rollout): 0.64 | Loss: 0.184 | Opp label coverage: 0.83
Step 932097/5000000 | Win rate (rollout): 0.55 | Loss: 0.255 | Opp label coverage: 0.88
Step 932611/5000000 | Win rate (rollout): 0.41 | Loss: 0.283 | Opp label coverage: 0.87
Step 933126/5000000 | Win rate (rollout): 0.58 | Loss: 0.230 | Opp label coverage: 0.91
Step 933638/5000000 | Win rate (rollout): 0.50 | Loss: 0.180 | Opp label coverage: 0.81
Step 934156/5000000 | Win rate (rollout): 0.70 | Loss: 0.194 | Opp label coverage: 0.91
Step 934672/5000000 | Win rate (rollout): 0.64 | Loss: 0.190 | Opp label coverage: 0.91
Step 935184/5000000 | Win rate (rollout): 0.53 | Loss: 0.184 | Opp label coverage: 0.84
Step 935696/5000000 | Win rate (rollout): 0.80 | Loss: 0.159 | Opp label coverage: 0.83
Step 936208/5000000 | Win rate (rollout): 0.36 | Loss: 0.226 | Opp label coverage: 0.82
Step 936720/5000000 | Win rate (rollout): 0.44 | Loss: 0.161 | Opp label coverage: 0.78
Step 937233/5000000 | Win rate (rollout): 0.70 | Loss: 0.205 | Opp label coverage: 0.89
Step 937748/5000000 | Win rate (rollout): 0.71 | Loss: 0.222 | Opp label coverage: 0.93
Step 938260/5000000 | Win rate (rollout): 0.75 | Loss: 0.206 | Opp label coverage: 0.86
Step 938774/5000000 | Win rate (rollout): 0.62 | Loss: 0.211 | Opp label coverage: 0.90
Step 939286/5000000 | Win rate (rollout): 0.57 | Loss: 0.180 | Opp label coverage: 0.84
Step 939803/5000000 | Win rate (rollout): 0.22 | Loss: 0.228 | Opp label coverage: 0.89
Step 940317/5000000 | Win rate (rollout): 0.29 | Loss: 0.203 | Opp label coverage: 0.89
Step 940831/5000000 | Win rate (rollout): 0.50 | Loss: 0.232 | Opp label coverage: 0.90
Step 941349/5000000 | Win rate (rollout): 0.85 | Loss: 0.204 | Opp label coverage: 0.91
Step 941866/5000000 | Win rate (rollout): 0.53 | Loss: 0.176 | Opp label coverage: 0.90
Step 942378/5000000 | Win rate (rollout): 0.50 | Loss: 0.204 | Opp label coverage: 0.84
Step 942894/5000000 | Win rate (rollout): 0.57 | Loss: 0.254 | Opp label coverage: 0.92
Step 943406/5000000 | Win rate (rollout): 0.53 | Loss: 0.193 | Opp label coverage: 0.86
Step 943918/5000000 | Win rate (rollout): 0.64 | Loss: 0.172 | Opp label coverage: 0.83
Step 944430/5000000 | Win rate (rollout): 0.50 | Loss: 0.190 | Opp label coverage: 0.83
Step 944942/5000000 | Win rate (rollout): 0.50 | Loss: 0.198 | Opp label coverage: 0.81
Step 945458/5000000 | Win rate (rollout): 0.00 | Loss: 0.218 | Opp label coverage: 0.89
Step 945970/5000000 | Win rate (rollout): 0.56 | Loss: 0.190 | Opp label coverage: 0.90
Step 946482/5000000 | Win rate (rollout): 0.62 | Loss: 0.176 | Opp label coverage: 0.85
Step 946994/5000000 | Win rate (rollout): 0.38 | Loss: 0.186 | Opp label coverage: 0.84
Step 947506/5000000 | Win rate (rollout): 0.89 | Loss: 0.215 | Opp label coverage: 0.84
Step 948018/5000000 | Win rate (rollout): 0.54 | Loss: 0.191 | Opp label coverage: 0.83
Step 948530/5000000 | Win rate (rollout): 0.50 | Loss: 0.164 | Opp label coverage: 0.84
Step 949042/5000000 | Win rate (rollout): 0.40 | Loss: 0.177 | Opp label coverage: 0.90
Step 949555/5000000 | Win rate (rollout): 0.62 | Loss: 0.176 | Opp label coverage: 0.89
Step 950067/5000000 | Win rate (rollout): 0.46 | Loss: 0.189 | Opp label coverage: 0.83
Step 950580/5000000 | Win rate (rollout): 0.38 | Loss: 0.254 | Opp label coverage: 0.90
Step 951092/5000000 | Win rate (rollout): 0.58 | Loss: 0.195 | Opp label coverage: 0.85
Step 951606/5000000 | Win rate (rollout): 0.36 | Loss: 0.192 | Opp label coverage: 0.89
Step 952122/5000000 | Win rate (rollout): 0.46 | Loss: 0.222 | Opp label coverage: 0.90
Step 952640/5000000 | Win rate (rollout): 0.44 | Loss: 0.234 | Opp label coverage: 0.88
Step 953154/5000000 | Win rate (rollout): 0.42 | Loss: 0.187 | Opp label coverage: 0.91
Step 953666/5000000 | Win rate (rollout): 0.64 | Loss: 0.189 | Opp label coverage: 0.89
Step 954178/5000000 | Win rate (rollout): 0.75 | Loss: 0.177 | Opp label coverage: 0.80
Step 954690/5000000 | Win rate (rollout): 0.60 | Loss: 0.185 | Opp label coverage: 0.84
Step 955203/5000000 | Win rate (rollout): 0.55 | Loss: 0.152 | Opp label coverage: 0.90
Step 955719/5000000 | Win rate (rollout): 0.33 | Loss: 0.202 | Opp label coverage: 0.91
Step 956231/5000000 | Win rate (rollout): 0.67 | Loss: 0.196 | Opp label coverage: 0.86
Step 956743/5000000 | Win rate (rollout): 0.46 | Loss: 0.195 | Opp label coverage: 0.80
Step 957255/5000000 | Win rate (rollout): 0.36 | Loss: 0.196 | Opp label coverage: 0.88
Step 957772/5000000 | Win rate (rollout): 0.42 | Loss: 0.187 | Opp label coverage: 0.89
Step 958284/5000000 | Win rate (rollout): 0.10 | Loss: 0.189 | Opp label coverage: 0.91
Step 958796/5000000 | Win rate (rollout): 0.86 | Loss: 0.170 | Opp label coverage: 0.82
Step 959312/5000000 | Win rate (rollout): 0.78 | Loss: 0.236 | Opp label coverage: 0.90
Step 959824/5000000 | Win rate (rollout): 0.50 | Loss: 0.174 | Opp label coverage: 0.82
Step 960340/5000000 | Win rate (rollout): 0.67 | Loss: 0.165 | Opp label coverage: 0.89
Step 960854/5000000 | Win rate (rollout): 0.36 | Loss: 0.161 | Opp label coverage: 0.90
Step 961367/5000000 | Win rate (rollout): 0.50 | Loss: 0.186 | Opp label coverage: 0.91
Step 961882/5000000 | Win rate (rollout): 0.55 | Loss: 0.192 | Opp label coverage: 0.91
Step 962394/5000000 | Win rate (rollout): 0.33 | Loss: 0.197 | Opp label coverage: 0.82
Step 962909/5000000 | Win rate (rollout): 0.60 | Loss: 0.206 | Opp label coverage: 0.90
Step 963423/5000000 | Win rate (rollout): 0.47 | Loss: 0.161 | Opp label coverage: 0.88
Step 963939/5000000 | Win rate (rollout): 0.31 | Loss: 0.212 | Opp label coverage: 0.91
Step 964456/5000000 | Win rate (rollout): 0.67 | Loss: 0.216 | Opp label coverage: 0.91
Step 964968/5000000 | Win rate (rollout): 0.30 | Loss: 0.181 | Opp label coverage: 0.80
Step 965483/5000000 | Win rate (rollout): 0.55 | Loss: 0.189 | Opp label coverage: 0.91
Step 965995/5000000 | Win rate (rollout): 0.42 | Loss: 0.197 | Opp label coverage: 0.83
Step 966509/5000000 | Win rate (rollout): 0.50 | Loss: 0.218 | Opp label coverage: 0.92
Step 967025/5000000 | Win rate (rollout): 0.57 | Loss: 0.232 | Opp label coverage: 0.89
Step 967537/5000000 | Win rate (rollout): 0.76 | Loss: 0.235 | Opp label coverage: 0.90
Step 968049/5000000 | Win rate (rollout): 0.67 | Loss: 0.173 | Opp label coverage: 0.84
Step 968561/5000000 | Win rate (rollout): 0.60 | Loss: 0.196 | Opp label coverage: 0.89
Step 969074/5000000 | Win rate (rollout): 0.67 | Loss: 0.254 | Opp label coverage: 0.94
Step 969586/5000000 | Win rate (rollout): 0.20 | Loss: 0.197 | Opp label coverage: 0.81
Step 970098/5000000 | Win rate (rollout): 0.50 | Loss: 0.188 | Opp label coverage: 0.81
Step 970610/5000000 | Win rate (rollout): 0.62 | Loss: 0.231 | Opp label coverage: 0.90
Step 971122/5000000 | Win rate (rollout): 0.71 | Loss: 0.195 | Opp label coverage: 0.92
Step 971634/5000000 | Win rate (rollout): 0.56 | Loss: 0.190 | Opp label coverage: 0.84
Step 972148/5000000 | Win rate (rollout): 0.67 | Loss: 0.194 | Opp label coverage: 0.90
Step 972663/5000000 | Win rate (rollout): 0.69 | Loss: 0.189 | Opp label coverage: 0.92
Step 973177/5000000 | Win rate (rollout): 0.54 | Loss: 0.142 | Opp label coverage: 0.90
Step 973691/5000000 | Win rate (rollout): 0.46 | Loss: 0.273 | Opp label coverage: 0.88
Step 974203/5000000 | Win rate (rollout): 0.64 | Loss: 0.196 | Opp label coverage: 0.79
Step 974717/5000000 | Win rate (rollout): 0.30 | Loss: 0.225 | Opp label coverage: 0.89
Step 975229/5000000 | Win rate (rollout): 0.55 | Loss: 0.222 | Opp label coverage: 0.83
Step 975741/5000000 | Win rate (rollout): 0.58 | Loss: 0.206 | Opp label coverage: 0.83
Step 976253/5000000 | Win rate (rollout): 0.43 | Loss: 0.170 | Opp label coverage: 0.81
Step 976765/5000000 | Win rate (rollout): 0.58 | Loss: 0.178 | Opp label coverage: 0.77
Step 977277/5000000 | Win rate (rollout): 0.41 | Loss: 0.178 | Opp label coverage: 0.81
Step 977789/5000000 | Win rate (rollout): 0.67 | Loss: 0.218 | Opp label coverage: 0.80
Step 978301/5000000 | Win rate (rollout): 0.45 | Loss: 0.161 | Opp label coverage: 0.81
Step 978815/5000000 | Win rate (rollout): 0.25 | Loss: 0.229 | Opp label coverage: 0.88
Step 979327/5000000 | Win rate (rollout): 0.50 | Loss: 0.215 | Opp label coverage: 0.90
Step 979842/5000000 | Win rate (rollout): 0.40 | Loss: 0.175 | Opp label coverage: 0.91
Step 980354/5000000 | Win rate (rollout): 0.54 | Loss: 0.196 | Opp label coverage: 0.89
Step 980866/5000000 | Win rate (rollout): 0.40 | Loss: 0.185 | Opp label coverage: 0.85
Step 981378/5000000 | Win rate (rollout): 0.46 | Loss: 0.207 | Opp label coverage: 0.83
Step 981890/5000000 | Win rate (rollout): 0.56 | Loss: 0.190 | Opp label coverage: 0.84
Step 982402/5000000 | Win rate (rollout): 0.65 | Loss: 0.191 | Opp label coverage: 0.83
Step 982914/5000000 | Win rate (rollout): 0.29 | Loss: 0.205 | Opp label coverage: 0.88
Step 983431/5000000 | Win rate (rollout): 0.78 | Loss: 0.194 | Opp label coverage: 0.92
Step 983943/5000000 | Win rate (rollout): 0.62 | Loss: 0.173 | Opp label coverage: 0.87
Step 984458/5000000 | Win rate (rollout): 0.64 | Loss: 0.161 | Opp label coverage: 0.88
Step 984970/5000000 | Win rate (rollout): 0.46 | Loss: 0.186 | Opp label coverage: 0.79
Step 985482/5000000 | Win rate (rollout): 0.31 | Loss: 0.184 | Opp label coverage: 0.83
Step 986001/5000000 | Win rate (rollout): 0.50 | Loss: 0.244 | Opp label coverage: 0.92
Step 986513/5000000 | Win rate (rollout): 0.71 | Loss: 0.235 | Opp label coverage: 0.90
Step 987025/5000000 | Win rate (rollout): 0.56 | Loss: 0.191 | Opp label coverage: 0.81
Step 987537/5000000 | Win rate (rollout): 0.86 | Loss: 0.204 | Opp label coverage: 0.80
Step 988056/5000000 | Win rate (rollout): 0.25 | Loss: 0.194 | Opp label coverage: 0.90
Step 988568/5000000 | Win rate (rollout): 0.71 | Loss: 0.201 | Opp label coverage: 0.79
Step 989081/5000000 | Win rate (rollout): 0.57 | Loss: 0.214 | Opp label coverage: 0.92
Step 989593/5000000 | Win rate (rollout): 0.69 | Loss: 0.182 | Opp label coverage: 0.84
Step 990105/5000000 | Win rate (rollout): 0.50 | Loss: 0.184 | Opp label coverage: 0.81
Step 990620/5000000 | Win rate (rollout): 0.67 | Loss: 0.224 | Opp label coverage: 0.92
Step 991134/5000000 | Win rate (rollout): 0.33 | Loss: 0.191 | Opp label coverage: 0.89
Step 991650/5000000 | Win rate (rollout): 0.50 | Loss: 0.163 | Opp label coverage: 0.91
Step 992162/5000000 | Win rate (rollout): 0.53 | Loss: 0.199 | Opp label coverage: 0.82
Step 992674/5000000 | Win rate (rollout): 0.53 | Loss: 0.201 | Opp label coverage: 0.78
Step 993186/5000000 | Win rate (rollout): 0.40 | Loss: 0.190 | Opp label coverage: 0.90
Step 993698/5000000 | Win rate (rollout): 0.21 | Loss: 0.232 | Opp label coverage: 0.84
Step 994210/5000000 | Win rate (rollout): 0.50 | Loss: 0.184 | Opp label coverage: 0.81
Step 994722/5000000 | Win rate (rollout): 0.38 | Loss: 0.194 | Opp label coverage: 0.81
Step 995234/5000000 | Win rate (rollout): 0.67 | Loss: 0.226 | Opp label coverage: 0.82
Step 995746/5000000 | Win rate (rollout): 0.41 | Loss: 0.186 | Opp label coverage: 0.80
Step 996259/5000000 | Win rate (rollout): 0.56 | Loss: 0.233 | Opp label coverage: 0.90
Step 996776/5000000 | Win rate (rollout): 0.43 | Loss: 0.201 | Opp label coverage: 0.90
Step 997288/5000000 | Win rate (rollout): 0.42 | Loss: 0.202 | Opp label coverage: 0.91
Step 997800/5000000 | Win rate (rollout): 0.60 | Loss: 0.210 | Opp label coverage: 0.85
Step 998315/5000000 | Win rate (rollout): 0.30 | Loss: 0.154 | Opp label coverage: 0.90
Step 998834/5000000 | Win rate (rollout): 0.67 | Loss: 0.219 | Opp label coverage: 0.90
Step 999346/5000000 | Win rate (rollout): 0.31 | Loss: 0.179 | Opp label coverage: 0.80
Step 999860/5000000 | Win rate (rollout): 0.44 | Loss: 0.198 | Opp label coverage: 0.88
[checkpoint] Saved models/ppo/checkpoints/m9seed/ppo_step_1000016.pt
Step 1000378/5000000 | Win rate (rollout): 0.14 | Loss: 0.226 | Opp label coverage: 0.90
Step 1000890/5000000 | Win rate (rollout): 0.43 | Loss: 0.155 | Opp label coverage: 0.83
Step 1001402/5000000 | Win rate (rollout): 0.70 | Loss: 0.211 | Opp label coverage: 0.89
Step 1001914/5000000 | Win rate (rollout): 0.43 | Loss: 0.205 | Opp label coverage: 0.81
Step 1002428/5000000 | Win rate (rollout): 0.50 | Loss: 0.261 | Opp label coverage: 0.90
Step 1002940/5000000 | Win rate (rollout): 0.45 | Loss: 0.181 | Opp label coverage: 0.80
Step 1003452/5000000 | Win rate (rollout): 0.50 | Loss: 0.223 | Opp label coverage: 0.81
Step 1003964/5000000 | Win rate (rollout): 0.53 | Loss: 0.206 | Opp label coverage: 0.79
Step 1004476/5000000 | Win rate (rollout): 0.67 | Loss: 0.164 | Opp label coverage: 0.78
Step 1004991/5000000 | Win rate (rollout): 0.67 | Loss: 0.223 | Opp label coverage: 0.91
Step 1005503/5000000 | Win rate (rollout): 0.62 | Loss: 0.199 | Opp label coverage: 0.84
Step 1006018/5000000 | Win rate (rollout): 0.83 | Loss: 0.199 | Opp label coverage: 0.90
Step 1006530/5000000 | Win rate (rollout): 0.38 | Loss: 0.210 | Opp label coverage: 0.82
Step 1007046/5000000 | Win rate (rollout): 0.60 | Loss: 0.201 | Opp label coverage: 0.91
Step 1007558/5000000 | Win rate (rollout): 0.70 | Loss: 0.206 | Opp label coverage: 0.84
Step 1008074/5000000 | Win rate (rollout): 0.50 | Loss: 0.199 | Opp label coverage: 0.91
Step 1008589/5000000 | Win rate (rollout): 0.64 | Loss: 0.166 | Opp label coverage: 0.91
Step 1009105/5000000 | Win rate (rollout): 0.58 | Loss: 0.168 | Opp label coverage: 0.90
Step 1009617/5000000 | Win rate (rollout): 1.00 | Loss: 0.178 | Opp label coverage: 0.81
Step 1010133/5000000 | Win rate (rollout): 0.60 | Loss: 0.151 | Opp label coverage: 0.90
Step 1010649/5000000 | Win rate (rollout): 0.75 | Loss: 0.223 | Opp label coverage: 0.89
Step 1011161/5000000 | Win rate (rollout): 0.50 | Loss: 0.193 | Opp label coverage: 0.86
Step 1011673/5000000 | Win rate (rollout): 0.38 | Loss: 0.222 | Opp label coverage: 0.83
Step 1012189/5000000 | Win rate (rollout): 0.50 | Loss: 0.193 | Opp label coverage: 0.91
Step 1012701/5000000 | Win rate (rollout): 0.54 | Loss: 0.233 | Opp label coverage: 0.83
Step 1013213/5000000 | Win rate (rollout): 0.62 | Loss: 0.192 | Opp label coverage: 0.78
Step 1013725/5000000 | Win rate (rollout): 0.50 | Loss: 0.204 | Opp label coverage: 0.79
Step 1014237/5000000 | Win rate (rollout): 0.60 | Loss: 0.209 | Opp label coverage: 0.89
Step 1014749/5000000 | Win rate (rollout): 0.36 | Loss: 0.218 | Opp label coverage: 0.88
Step 1015261/5000000 | Win rate (rollout): 0.62 | Loss: 0.191 | Opp label coverage: 0.79
Step 1015776/5000000 | Win rate (rollout): 0.83 | Loss: 0.153 | Opp label coverage: 0.93
Step 1016292/5000000 | Win rate (rollout): 0.73 | Loss: 0.215 | Opp label coverage: 0.91
Step 1016804/5000000 | Win rate (rollout): 0.80 | Loss: 0.175 | Opp label coverage: 0.79
Step 1017316/5000000 | Win rate (rollout): 0.62 | Loss: 0.190 | Opp label coverage: 0.82
Step 1017834/5000000 | Win rate (rollout): 0.33 | Loss: 0.216 | Opp label coverage: 0.90
Step 1018347/5000000 | Win rate (rollout): 0.67 | Loss: 0.241 | Opp label coverage: 0.91
Step 1018862/5000000 | Win rate (rollout): 0.42 | Loss: 0.210 | Opp label coverage: 0.89
Step 1019374/5000000 | Win rate (rollout): 0.64 | Loss: 0.241 | Opp label coverage: 0.84
Step 1019886/5000000 | Win rate (rollout): 0.50 | Loss: 0.165 | Opp label coverage: 0.83
Step 1020400/5000000 | Win rate (rollout): 0.62 | Loss: 0.187 | Opp label coverage: 0.90
Step 1020912/5000000 | Win rate (rollout): 0.43 | Loss: 0.212 | Opp label coverage: 0.81
Step 1021428/5000000 | Win rate (rollout): 0.22 | Loss: 0.230 | Opp label coverage: 0.90
Step 1021945/5000000 | Win rate (rollout): 0.47 | Loss: 0.194 | Opp label coverage: 0.90
Step 1022463/5000000 | Win rate (rollout): 0.56 | Loss: 0.184 | Opp label coverage: 0.93
Step 1022978/5000000 | Win rate (rollout): 0.56 | Loss: 0.224 | Opp label coverage: 0.89
Step 1023490/5000000 | Win rate (rollout): 0.78 | Loss: 0.195 | Opp label coverage: 0.81
Step 1024002/5000000 | Win rate (rollout): 0.75 | Loss: 0.221 | Opp label coverage: 0.86
Step 1024517/5000000 | Win rate (rollout): 0.56 | Loss: 0.163 | Opp label coverage: 0.91
Step 1025029/5000000 | Win rate (rollout): 0.64 | Loss: 0.215 | Opp label coverage: 0.89
Step 1025545/5000000 | Win rate (rollout): 0.43 | Loss: 0.242 | Opp label coverage: 0.90
Step 1026063/5000000 | Win rate (rollout): 0.40 | Loss: 0.208 | Opp label coverage: 0.90
Step 1026578/5000000 | Win rate (rollout): 0.33 | Loss: 0.182 | Opp label coverage: 0.89
Step 1027096/5000000 | Win rate (rollout): 0.25 | Loss: 0.181 | Opp label coverage: 0.89
Step 1027613/5000000 | Win rate (rollout): 0.20 | Loss: 0.215 | Opp label coverage: 0.89
Step 1028125/5000000 | Win rate (rollout): 0.54 | Loss: 0.226 | Opp label coverage: 0.82
Step 1028637/5000000 | Win rate (rollout): 0.44 | Loss: 0.161 | Opp label coverage: 0.84
Step 1029149/5000000 | Win rate (rollout): 0.50 | Loss: 0.189 | Opp label coverage: 0.86
Step 1029662/5000000 | Win rate (rollout): 0.57 | Loss: 0.182 | Opp label coverage: 0.91
Step 1030174/5000000 | Win rate (rollout): 0.46 | Loss: 0.190 | Opp label coverage: 0.86
Step 1030686/5000000 | Win rate (rollout): 0.64 | Loss: 0.170 | Opp label coverage: 0.84
Step 1031198/5000000 | Win rate (rollout): 0.67 | Loss: 0.172 | Opp label coverage: 0.90
Step 1031716/5000000 | Win rate (rollout): 0.60 | Loss: 0.209 | Opp label coverage: 0.91
Step 1032228/5000000 | Win rate (rollout): 0.45 | Loss: 0.215 | Opp label coverage: 0.81
Step 1032742/5000000 | Win rate (rollout): 0.64 | Loss: 0.229 | Opp label coverage: 0.90
Step 1033254/5000000 | Win rate (rollout): 0.50 | Loss: 0.182 | Opp label coverage: 0.78
Step 1033770/5000000 | Win rate (rollout): 0.62 | Loss: 0.180 | Opp label coverage: 0.93
Step 1034282/5000000 | Win rate (rollout): 0.88 | Loss: 0.185 | Opp label coverage: 0.84
Step 1034794/5000000 | Win rate (rollout): 0.36 | Loss: 0.183 | Opp label coverage: 0.86
Step 1035308/5000000 | Win rate (rollout): 0.67 | Loss: 0.130 | Opp label coverage: 0.89
Step 1035820/5000000 | Win rate (rollout): 0.78 | Loss: 0.171 | Opp label coverage: 0.83
Step 1036335/5000000 | Win rate (rollout): 0.46 | Loss: 0.243 | Opp label coverage: 0.88
Step 1036847/5000000 | Win rate (rollout): 0.42 | Loss: 0.221 | Opp label coverage: 0.77
Step 1037364/5000000 | Win rate (rollout): 0.17 | Loss: 0.214 | Opp label coverage: 0.89
Step 1037876/5000000 | Win rate (rollout): 0.29 | Loss: 0.155 | Opp label coverage: 0.78
Step 1038388/5000000 | Win rate (rollout): 0.45 | Loss: 0.206 | Opp label coverage: 0.84
Step 1038907/5000000 | Win rate (rollout): 0.50 | Loss: 0.190 | Opp label coverage: 0.88
Step 1039419/5000000 | Win rate (rollout): 0.50 | Loss: 0.183 | Opp label coverage: 0.85
Step 1039937/5000000 | Win rate (rollout): 0.57 | Loss: 0.177 | Opp label coverage: 0.93
Step 1040449/5000000 | Win rate (rollout): 0.70 | Loss: 0.217 | Opp label coverage: 0.81
Step 1040967/5000000 | Win rate (rollout): 0.36 | Loss: 0.216 | Opp label coverage: 0.88
Step 1041483/5000000 | Win rate (rollout): 0.69 | Loss: 0.223 | Opp label coverage: 0.91
Step 1041995/5000000 | Win rate (rollout): 0.69 | Loss: 0.201 | Opp label coverage: 0.79
Step 1042512/5000000 | Win rate (rollout): 0.44 | Loss: 0.169 | Opp label coverage: 0.90
Step 1043024/5000000 | Win rate (rollout): 0.70 | Loss: 0.148 | Opp label coverage: 0.79
Step 1043536/5000000 | Win rate (rollout): 0.50 | Loss: 0.193 | Opp label coverage: 0.75
Step 1044053/5000000 | Win rate (rollout): 0.60 | Loss: 0.197 | Opp label coverage: 0.90
Step 1044569/5000000 | Win rate (rollout): 0.67 | Loss: 0.265 | Opp label coverage: 0.89
Step 1045081/5000000 | Win rate (rollout): 0.33 | Loss: 0.212 | Opp label coverage: 0.81
Step 1045593/5000000 | Win rate (rollout): 0.67 | Loss: 0.212 | Opp label coverage: 0.89
Step 1046105/5000000 | Win rate (rollout): 0.56 | Loss: 0.169 | Opp label coverage: 0.85
Step 1046617/5000000 | Win rate (rollout): 0.62 | Loss: 0.180 | Opp label coverage: 0.79
Step 1047129/5000000 | Win rate (rollout): 0.70 | Loss: 0.195 | Opp label coverage: 0.81
Step 1047641/5000000 | Win rate (rollout): 0.42 | Loss: 0.177 | Opp label coverage: 0.84
Step 1048153/5000000 | Win rate (rollout): 0.46 | Loss: 0.206 | Opp label coverage: 0.86
Step 1048671/5000000 | Win rate (rollout): 0.56 | Loss: 0.239 | Opp label coverage: 0.89
Step 1049183/5000000 | Win rate (rollout): 0.60 | Loss: 0.170 | Opp label coverage: 0.84
Step 1049695/5000000 | Win rate (rollout): 0.56 | Loss: 0.196 | Opp label coverage: 0.81
Step 1050207/5000000 | Win rate (rollout): 0.71 | Loss: 0.162 | Opp label coverage: 0.79
Step 1050719/5000000 | Win rate (rollout): 0.83 | Loss: 0.157 | Opp label coverage: 0.79
Step 1051237/5000000 | Win rate (rollout): 0.27 | Loss: 0.235 | Opp label coverage: 0.88
Step 1051752/5000000 | Win rate (rollout): 0.46 | Loss: 0.233 | Opp label coverage: 0.90
Step 1052264/5000000 | Win rate (rollout): 0.46 | Loss: 0.193 | Opp label coverage: 0.79
Step 1052776/5000000 | Win rate (rollout): 0.59 | Loss: 0.200 | Opp label coverage: 0.78
Step 1053288/5000000 | Win rate (rollout): 0.50 | Loss: 0.234 | Opp label coverage: 0.90
Step 1053800/5000000 | Win rate (rollout): 0.75 | Loss: 0.217 | Opp label coverage: 0.78
Step 1054319/5000000 | Win rate (rollout): 0.80 | Loss: 0.194 | Opp label coverage: 0.90
Step 1054831/5000000 | Win rate (rollout): 0.43 | Loss: 0.171 | Opp label coverage: 0.78
Step 1055350/5000000 | Win rate (rollout): 0.60 | Loss: 0.211 | Opp label coverage: 0.90
Step 1055862/5000000 | Win rate (rollout): 0.80 | Loss: 0.164 | Opp label coverage: 0.80
Step 1056374/5000000 | Win rate (rollout): 0.18 | Loss: 0.212 | Opp label coverage: 0.81
Step 1056887/5000000 | Win rate (rollout): 0.29 | Loss: 0.259 | Opp label coverage: 0.90
Step 1057399/5000000 | Win rate (rollout): 0.62 | Loss: 0.174 | Opp label coverage: 0.85
Step 1057911/5000000 | Win rate (rollout): 0.50 | Loss: 0.210 | Opp label coverage: 0.80
Step 1058423/5000000 | Win rate (rollout): 0.83 | Loss: 0.162 | Opp label coverage: 0.80
Step 1058935/5000000 | Win rate (rollout): 0.46 | Loss: 0.203 | Opp label coverage: 0.83
Step 1059447/5000000 | Win rate (rollout): 0.42 | Loss: 0.206 | Opp label coverage: 0.83
Step 1059964/5000000 | Win rate (rollout): 0.22 | Loss: 0.199 | Opp label coverage: 0.89
Step 1060477/5000000 | Win rate (rollout): 0.60 | Loss: 0.090 | Opp label coverage: 0.91
Step 1060992/5000000 | Win rate (rollout): 0.54 | Loss: 0.264 | Opp label coverage: 0.90
Step 1061504/5000000 | Win rate (rollout): 0.54 | Loss: 0.207 | Opp label coverage: 0.89
Step 1062016/5000000 | Win rate (rollout): 0.42 | Loss: 0.188 | Opp label coverage: 0.83
Step 1062530/5000000 | Win rate (rollout): 0.50 | Loss: 0.205 | Opp label coverage: 0.90
Step 1063047/5000000 | Win rate (rollout): 0.50 | Loss: 0.200 | Opp label coverage: 0.89
Step 1063559/5000000 | Win rate (rollout): 0.55 | Loss: 0.193 | Opp label coverage: 0.85
Step 1064071/5000000 | Win rate (rollout): 0.33 | Loss: 0.195 | Opp label coverage: 0.81
Step 1064586/5000000 | Win rate (rollout): 0.38 | Loss: 0.188 | Opp label coverage: 0.90
Step 1065098/5000000 | Win rate (rollout): 0.33 | Loss: 0.193 | Opp label coverage: 0.82
Step 1065610/5000000 | Win rate (rollout): 0.50 | Loss: 0.218 | Opp label coverage: 0.81
Step 1066122/5000000 | Win rate (rollout): 0.53 | Loss: 0.198 | Opp label coverage: 0.85
Step 1066634/5000000 | Win rate (rollout): 0.50 | Loss: 0.233 | Opp label coverage: 0.88
Step 1067146/5000000 | Win rate (rollout): 0.30 | Loss: 0.182 | Opp label coverage: 0.77
Step 1067659/5000000 | Win rate (rollout): 0.43 | Loss: 0.199 | Opp label coverage: 0.93
Step 1068171/5000000 | Win rate (rollout): 0.60 | Loss: 0.216 | Opp label coverage: 0.89
Step 1068683/5000000 | Win rate (rollout): 0.50 | Loss: 0.186 | Opp label coverage: 0.82
Step 1069195/5000000 | Win rate (rollout): 0.57 | Loss: 0.204 | Opp label coverage: 0.82
Step 1069710/5000000 | Win rate (rollout): 0.70 | Loss: 0.283 | Opp label coverage: 0.91
Step 1070225/5000000 | Win rate (rollout): 0.25 | Loss: 0.212 | Opp label coverage: 0.89
Step 1070740/5000000 | Win rate (rollout): 0.38 | Loss: 0.275 | Opp label coverage: 0.91
Step 1071252/5000000 | Win rate (rollout): 0.54 | Loss: 0.185 | Opp label coverage: 0.82
Step 1071764/5000000 | Win rate (rollout): 0.40 | Loss: 0.196 | Opp label coverage: 0.83
Step 1072282/5000000 | Win rate (rollout): 0.50 | Loss: 0.207 | Opp label coverage: 0.91
Step 1072796/5000000 | Win rate (rollout): 0.27 | Loss: 0.241 | Opp label coverage: 0.89
Step 1073308/5000000 | Win rate (rollout): 0.57 | Loss: 0.214 | Opp label coverage: 0.82
Step 1073824/5000000 | Win rate (rollout): 0.38 | Loss: 0.200 | Opp label coverage: 0.91
Step 1074342/5000000 | Win rate (rollout): 0.50 | Loss: 0.206 | Opp label coverage: 0.92
Step 1074854/5000000 | Win rate (rollout): 0.54 | Loss: 0.193 | Opp label coverage: 0.79
Step 1075373/5000000 | Win rate (rollout): 0.18 | Loss: 0.166 | Opp label coverage: 0.88
Step 1075885/5000000 | Win rate (rollout): 0.64 | Loss: 0.164 | Opp label coverage: 0.84
Step 1076397/5000000 | Win rate (rollout): 0.36 | Loss: 0.193 | Opp label coverage: 0.84
Step 1076909/5000000 | Win rate (rollout): 0.59 | Loss: 0.211 | Opp label coverage: 0.82
Step 1077424/5000000 | Win rate (rollout): 0.78 | Loss: 0.206 | Opp label coverage: 0.90
Step 1077936/5000000 | Win rate (rollout): 0.54 | Loss: 0.220 | Opp label coverage: 0.90
Step 1078450/5000000 | Win rate (rollout): 0.56 | Loss: 0.191 | Opp label coverage: 0.90
Step 1078964/5000000 | Win rate (rollout): 0.38 | Loss: 0.233 | Opp label coverage: 0.87
Step 1079481/5000000 | Win rate (rollout): 0.54 | Loss: 0.185 | Opp label coverage: 0.90
Step 1079993/5000000 | Win rate (rollout): 0.64 | Loss: 0.230 | Opp label coverage: 0.89
Step 1080505/5000000 | Win rate (rollout): 0.36 | Loss: 0.191 | Opp label coverage: 0.83
Step 1081017/5000000 | Win rate (rollout): 0.78 | Loss: 0.182 | Opp label coverage: 0.85
Step 1081532/5000000 | Win rate (rollout): 0.50 | Loss: 0.215 | Opp label coverage: 0.89
Step 1082051/5000000 | Win rate (rollout): 0.41 | Loss: 0.176 | Opp label coverage: 0.88
Step 1082566/5000000 | Win rate (rollout): 0.43 | Loss: 0.226 | Opp label coverage: 0.88
Step 1083078/5000000 | Win rate (rollout): 0.55 | Loss: 0.236 | Opp label coverage: 0.80
Step 1083590/5000000 | Win rate (rollout): 0.60 | Loss: 0.182 | Opp label coverage: 0.85
Step 1084103/5000000 | Win rate (rollout): 0.30 | Loss: 0.213 | Opp label coverage: 0.88
Step 1084615/5000000 | Win rate (rollout): 0.54 | Loss: 0.224 | Opp label coverage: 0.83
Step 1085127/5000000 | Win rate (rollout): 0.64 | Loss: 0.220 | Opp label coverage: 0.84
Step 1085639/5000000 | Win rate (rollout): 0.38 | Loss: 0.170 | Opp label coverage: 0.83
Step 1086155/5000000 | Win rate (rollout): 0.38 | Loss: 0.236 | Opp label coverage: 0.91
Step 1086673/5000000 | Win rate (rollout): 0.69 | Loss: 0.200 | Opp label coverage: 0.89
Step 1087185/5000000 | Win rate (rollout): 0.47 | Loss: 0.198 | Opp label coverage: 0.81
Step 1087697/5000000 | Win rate (rollout): 0.70 | Loss: 0.179 | Opp label coverage: 0.81
Step 1088209/5000000 | Win rate (rollout): 0.50 | Loss: 0.169 | Opp label coverage: 0.82
Step 1088721/5000000 | Win rate (rollout): 0.50 | Loss: 0.220 | Opp label coverage: 0.91
Step 1089233/5000000 | Win rate (rollout): 0.75 | Loss: 0.190 | Opp label coverage: 0.83
Step 1089750/5000000 | Win rate (rollout): 0.54 | Loss: 0.260 | Opp label coverage: 0.88
Step 1090262/5000000 | Win rate (rollout): 0.54 | Loss: 0.182 | Opp label coverage: 0.79
Step 1090774/5000000 | Win rate (rollout): 0.92 | Loss: 0.164 | Opp label coverage: 0.84
Step 1091286/5000000 | Win rate (rollout): 0.50 | Loss: 0.220 | Opp label coverage: 0.80
Step 1091798/5000000 | Win rate (rollout): 0.47 | Loss: 0.230 | Opp label coverage: 0.80
Step 1092310/5000000 | Win rate (rollout): 0.58 | Loss: 0.225 | Opp label coverage: 0.82
Step 1092823/5000000 | Win rate (rollout): 0.73 | Loss: 0.274 | Opp label coverage: 0.89
Step 1093336/5000000 | Win rate (rollout): 0.77 | Loss: 0.123 | Opp label coverage: 0.90
Step 1093848/5000000 | Win rate (rollout): 0.62 | Loss: 0.171 | Opp label coverage: 0.89
Step 1094360/5000000 | Win rate (rollout): 0.50 | Loss: 0.193 | Opp label coverage: 0.86
Step 1094877/5000000 | Win rate (rollout): 0.44 | Loss: 0.255 | Opp label coverage: 0.90
Step 1095391/5000000 | Win rate (rollout): 0.56 | Loss: 0.140 | Opp label coverage: 0.91
Step 1095905/5000000 | Win rate (rollout): 0.86 | Loss: 0.257 | Opp label coverage: 0.90
Step 1096417/5000000 | Win rate (rollout): 0.57 | Loss: 0.213 | Opp label coverage: 0.82
Step 1096933/5000000 | Win rate (rollout): 0.64 | Loss: 0.239 | Opp label coverage: 0.90
Step 1097448/5000000 | Win rate (rollout): 0.71 | Loss: 0.227 | Opp label coverage: 0.88
Step 1097960/5000000 | Win rate (rollout): 0.75 | Loss: 0.195 | Opp label coverage: 0.84
Step 1098474/5000000 | Win rate (rollout): 0.67 | Loss: 0.172 | Opp label coverage: 0.90
Step 1098992/5000000 | Win rate (rollout): 0.43 | Loss: 0.189 | Opp label coverage: 0.90
Step 1099508/5000000 | Win rate (rollout): 0.80 | Loss: 0.222 | Opp label coverage: 0.88
Step 1100024/5000000 | Win rate (rollout): 0.67 | Loss: 0.241 | Opp label coverage: 0.92
Step 1100536/5000000 | Win rate (rollout): 0.50 | Loss: 0.209 | Opp label coverage: 0.89
Step 1101051/5000000 | Win rate (rollout): 0.50 | Loss: 0.259 | Opp label coverage: 0.89
Step 1101563/5000000 | Win rate (rollout): 0.50 | Loss: 0.214 | Opp label coverage: 0.86
Step 1102075/5000000 | Win rate (rollout): 0.42 | Loss: 0.238 | Opp label coverage: 0.88
Step 1102587/5000000 | Win rate (rollout): 0.58 | Loss: 0.207 | Opp label coverage: 0.87
Step 1103104/5000000 | Win rate (rollout): 0.73 | Loss: 0.228 | Opp label coverage: 0.92
Step 1103616/5000000 | Win rate (rollout): 0.62 | Loss: 0.174 | Opp label coverage: 0.83
Step 1104128/5000000 | Win rate (rollout): 0.40 | Loss: 0.184 | Opp label coverage: 0.79
Step 1104642/5000000 | Win rate (rollout): 0.30 | Loss: 0.226 | Opp label coverage: 0.88
Step 1105159/5000000 | Win rate (rollout): 0.64 | Loss: 0.172 | Opp label coverage: 0.90
Step 1105677/5000000 | Win rate (rollout): 0.54 | Loss: 0.194 | Opp label coverage: 0.90
Step 1106192/5000000 | Win rate (rollout): 0.73 | Loss: 0.201 | Opp label coverage: 0.91
Step 1106710/5000000 | Win rate (rollout): 0.71 | Loss: 0.192 | Opp label coverage: 0.91
Step 1107222/5000000 | Win rate (rollout): 0.50 | Loss: 0.204 | Opp label coverage: 0.84
Step 1107737/5000000 | Win rate (rollout): 0.50 | Loss: 0.297 | Opp label coverage: 0.89
Step 1108253/5000000 | Win rate (rollout): 0.25 | Loss: 0.219 | Opp label coverage: 0.90
Step 1108767/5000000 | Win rate (rollout): 0.83 | Loss: 0.216 | Opp label coverage: 0.93
Step 1109279/5000000 | Win rate (rollout): 0.56 | Loss: 0.162 | Opp label coverage: 0.79
Step 1109792/5000000 | Win rate (rollout): 0.56 | Loss: 0.101 | Opp label coverage: 0.91
Step 1110305/5000000 | Win rate (rollout): 0.56 | Loss: 0.190 | Opp label coverage: 0.88
Step 1110817/5000000 | Win rate (rollout): 0.69 | Loss: 0.172 | Opp label coverage: 0.81
Step 1111331/5000000 | Win rate (rollout): 0.17 | Loss: 0.212 | Opp label coverage: 0.91
Step 1111843/5000000 | Win rate (rollout): 0.57 | Loss: 0.225 | Opp label coverage: 0.84
Step 1112355/5000000 | Win rate (rollout): 0.75 | Loss: 0.194 | Opp label coverage: 0.86
Step 1112867/5000000 | Win rate (rollout): 0.58 | Loss: 0.199 | Opp label coverage: 0.82
Step 1113383/5000000 | Win rate (rollout): 0.62 | Loss: 0.253 | Opp label coverage: 0.91
Step 1113895/5000000 | Win rate (rollout): 0.55 | Loss: 0.173 | Opp label coverage: 0.82
Step 1114412/5000000 | Win rate (rollout): 0.36 | Loss: 0.176 | Opp label coverage: 0.89
Step 1114929/5000000 | Win rate (rollout): 0.33 | Loss: 0.223 | Opp label coverage: 0.90
Step 1115443/5000000 | Win rate (rollout): 0.44 | Loss: 0.182 | Opp label coverage: 0.89
Step 1115955/5000000 | Win rate (rollout): 0.42 | Loss: 0.217 | Opp label coverage: 0.90
Step 1116469/5000000 | Win rate (rollout): 0.62 | Loss: 0.214 | Opp label coverage: 0.90
Step 1116986/5000000 | Win rate (rollout): 0.50 | Loss: 0.243 | Opp label coverage: 0.90
Step 1117498/5000000 | Win rate (rollout): 0.50 | Loss: 0.231 | Opp label coverage: 0.76
Step 1118014/5000000 | Win rate (rollout): 0.60 | Loss: 0.230 | Opp label coverage: 0.89
Step 1118526/5000000 | Win rate (rollout): 0.78 | Loss: 0.188 | Opp label coverage: 0.79
Step 1119038/5000000 | Win rate (rollout): 0.54 | Loss: 0.193 | Opp label coverage: 0.84
Step 1119550/5000000 | Win rate (rollout): 0.64 | Loss: 0.203 | Opp label coverage: 0.89
Step 1120065/5000000 | Win rate (rollout): 0.50 | Loss: 0.202 | Opp label coverage: 0.89
Step 1120577/5000000 | Win rate (rollout): 0.58 | Loss: 0.190 | Opp label coverage: 0.86
Step 1121089/5000000 | Win rate (rollout): 0.75 | Loss: 0.171 | Opp label coverage: 0.82
Step 1121606/5000000 | Win rate (rollout): 0.50 | Loss: 0.195 | Opp label coverage: 0.89
Step 1122118/5000000 | Win rate (rollout): 0.43 | Loss: 0.229 | Opp label coverage: 0.83
Step 1122630/5000000 | Win rate (rollout): 0.73 | Loss: 0.187 | Opp label coverage: 0.91
Step 1123143/5000000 | Win rate (rollout): 0.75 | Loss: 0.236 | Opp label coverage: 0.92
Step 1123655/5000000 | Win rate (rollout): 0.56 | Loss: 0.189 | Opp label coverage: 0.82
Step 1124167/5000000 | Win rate (rollout): 0.22 | Loss: 0.186 | Opp label coverage: 0.76
Step 1124682/5000000 | Win rate (rollout): 0.30 | Loss: 0.228 | Opp label coverage: 0.89
Step 1125194/5000000 | Win rate (rollout): 0.58 | Loss: 0.184 | Opp label coverage: 0.82
Step 1125711/5000000 | Win rate (rollout): 0.33 | Loss: 0.225 | Opp label coverage: 0.89
Step 1126223/5000000 | Win rate (rollout): 0.47 | Loss: 0.200 | Opp label coverage: 0.84
Step 1126735/5000000 | Win rate (rollout): 0.83 | Loss: 0.197 | Opp label coverage: 0.85
Step 1127247/5000000 | Win rate (rollout): 0.33 | Loss: 0.186 | Opp label coverage: 0.84
Step 1127759/5000000 | Win rate (rollout): 0.90 | Loss: 0.201 | Opp label coverage: 0.81
Step 1128271/5000000 | Win rate (rollout): 0.56 | Loss: 0.234 | Opp label coverage: 0.90
Step 1128784/5000000 | Win rate (rollout): 0.38 | Loss: 0.172 | Opp label coverage: 0.91
Step 1129296/5000000 | Win rate (rollout): 0.50 | Loss: 0.187 | Opp label coverage: 0.80
Step 1129808/5000000 | Win rate (rollout): 0.86 | Loss: 0.191 | Opp label coverage: 0.84
Step 1130320/5000000 | Win rate (rollout): 0.64 | Loss: 0.221 | Opp label coverage: 0.92
Step 1130832/5000000 | Win rate (rollout): 0.38 | Loss: 0.210 | Opp label coverage: 0.81
Step 1131347/5000000 | Win rate (rollout): 0.50 | Loss: 0.231 | Opp label coverage: 0.89
Step 1131859/5000000 | Win rate (rollout): 0.60 | Loss: 0.199 | Opp label coverage: 0.81
Step 1132371/5000000 | Win rate (rollout): 0.50 | Loss: 0.194 | Opp label coverage: 0.85
Step 1132883/5000000 | Win rate (rollout): 0.65 | Loss: 0.193 | Opp label coverage: 0.81
Step 1133399/5000000 | Win rate (rollout): 0.89 | Loss: 0.228 | Opp label coverage: 0.91
Step 1133911/5000000 | Win rate (rollout): 0.60 | Loss: 0.246 | Opp label coverage: 0.89
Step 1134423/5000000 | Win rate (rollout): 0.80 | Loss: 0.158 | Opp label coverage: 0.83
Step 1134935/5000000 | Win rate (rollout): 0.67 | Loss: 0.186 | Opp label coverage: 0.85
Step 1135448/5000000 | Win rate (rollout): 0.33 | Loss: 0.193 | Opp label coverage: 0.89
Step 1135962/5000000 | Win rate (rollout): 0.73 | Loss: 0.176 | Opp label coverage: 0.92
Step 1136478/5000000 | Win rate (rollout): 0.58 | Loss: 0.224 | Opp label coverage: 0.89
Step 1136990/5000000 | Win rate (rollout): 0.69 | Loss: 0.209 | Opp label coverage: 0.83
Step 1137502/5000000 | Win rate (rollout): 0.70 | Loss: 0.230 | Opp label coverage: 0.90
Step 1138014/5000000 | Win rate (rollout): 0.60 | Loss: 0.197 | Opp label coverage: 0.85
Step 1138529/5000000 | Win rate (rollout): 0.62 | Loss: 0.169 | Opp label coverage: 0.89
Step 1139041/5000000 | Win rate (rollout): 0.38 | Loss: 0.190 | Opp label coverage: 0.79
Step 1139557/5000000 | Win rate (rollout): 0.40 | Loss: 0.205 | Opp label coverage: 0.88
Step 1140069/5000000 | Win rate (rollout): 0.50 | Loss: 0.208 | Opp label coverage: 0.82
Step 1140581/5000000 | Win rate (rollout): 0.69 | Loss: 0.238 | Opp label coverage: 0.85
Step 1141093/5000000 | Win rate (rollout): 0.47 | Loss: 0.223 | Opp label coverage: 0.80
Step 1141605/5000000 | Win rate (rollout): 0.67 | Loss: 0.184 | Opp label coverage: 0.85
Step 1142120/5000000 | Win rate (rollout): 0.50 | Loss: 0.169 | Opp label coverage: 0.92
Step 1142633/5000000 | Win rate (rollout): 0.64 | Loss: 0.205 | Opp label coverage: 0.92
Step 1143145/5000000 | Win rate (rollout): 0.50 | Loss: 0.192 | Opp label coverage: 0.85
Step 1143657/5000000 | Win rate (rollout): 0.64 | Loss: 0.216 | Opp label coverage: 0.84
Step 1144169/5000000 | Win rate (rollout): 0.54 | Loss: 0.216 | Opp label coverage: 0.80
Step 1144682/5000000 | Win rate (rollout): 0.64 | Loss: 0.170 | Opp label coverage: 0.91
Step 1145194/5000000 | Win rate (rollout): 0.31 | Loss: 0.186 | Opp label coverage: 0.81
Step 1145706/5000000 | Win rate (rollout): 0.53 | Loss: 0.203 | Opp label coverage: 0.83
Step 1146218/5000000 | Win rate (rollout): 0.60 | Loss: 0.198 | Opp label coverage: 0.87
Step 1146732/5000000 | Win rate (rollout): 0.33 | Loss: 0.219 | Opp label coverage: 0.92
Step 1147244/5000000 | Win rate (rollout): 0.50 | Loss: 0.206 | Opp label coverage: 0.83
Step 1147756/5000000 | Win rate (rollout): 0.60 | Loss: 0.233 | Opp label coverage: 0.77
Step 1148268/5000000 | Win rate (rollout): 0.41 | Loss: 0.204 | Opp label coverage: 0.78
Step 1148783/5000000 | Win rate (rollout): 0.62 | Loss: 0.202 | Opp label coverage: 0.92
Step 1149301/5000000 | Win rate (rollout): 0.43 | Loss: 0.210 | Opp label coverage: 0.89
Step 1149813/5000000 | Win rate (rollout): 0.60 | Loss: 0.168 | Opp label coverage: 0.81
Step 1150325/5000000 | Win rate (rollout): 0.50 | Loss: 0.189 | Opp label coverage: 0.79
Step 1150837/5000000 | Win rate (rollout): 0.36 | Loss: 0.203 | Opp label coverage: 0.83
Step 1151356/5000000 | Win rate (rollout): 0.36 | Loss: 0.237 | Opp label coverage: 0.90
Step 1151868/5000000 | Win rate (rollout): 0.92 | Loss: 0.199 | Opp label coverage: 0.78
Step 1152383/5000000 | Win rate (rollout): 0.57 | Loss: 0.199 | Opp label coverage: 0.92
Step 1152900/5000000 | Win rate (rollout): 0.62 | Loss: 0.199 | Opp label coverage: 0.92
Step 1153417/5000000 | Win rate (rollout): 0.31 | Loss: 0.232 | Opp label coverage: 0.89
Step 1153933/5000000 | Win rate (rollout): 0.42 | Loss: 0.189 | Opp label coverage: 0.91
Step 1154445/5000000 | Win rate (rollout): 0.50 | Loss: 0.180 | Opp label coverage: 0.83
Step 1154959/5000000 | Win rate (rollout): 0.44 | Loss: 0.130 | Opp label coverage: 0.90
Step 1155471/5000000 | Win rate (rollout): 0.47 | Loss: 0.195 | Opp label coverage: 0.83
Step 1155983/5000000 | Win rate (rollout): 0.50 | Loss: 0.181 | Opp label coverage: 0.81
Step 1156495/5000000 | Win rate (rollout): 0.50 | Loss: 0.213 | Opp label coverage: 0.91
Step 1157010/5000000 | Win rate (rollout): 0.42 | Loss: 0.201 | Opp label coverage: 0.90
Step 1157524/5000000 | Win rate (rollout): 0.73 | Loss: 0.268 | Opp label coverage: 0.91
Step 1158039/5000000 | Win rate (rollout): 0.27 | Loss: 0.181 | Opp label coverage: 0.93
Step 1158551/5000000 | Win rate (rollout): 0.79 | Loss: 0.218 | Opp label coverage: 0.86
Step 1159063/5000000 | Win rate (rollout): 0.50 | Loss: 0.199 | Opp label coverage: 0.82
Step 1159575/5000000 | Win rate (rollout): 0.24 | Loss: 0.186 | Opp label coverage: 0.81
Step 1160087/5000000 | Win rate (rollout): 0.44 | Loss: 0.206 | Opp label coverage: 0.84
Step 1160599/5000000 | Win rate (rollout): 0.92 | Loss: 0.193 | Opp label coverage: 0.82
Step 1161111/5000000 | Win rate (rollout): 0.86 | Loss: 0.193 | Opp label coverage: 0.86
Step 1161627/5000000 | Win rate (rollout): 0.50 | Loss: 0.157 | Opp label coverage: 0.90
Step 1162141/5000000 | Win rate (rollout): 0.43 | Loss: 0.204 | Opp label coverage: 0.90
Step 1162653/5000000 | Win rate (rollout): 0.50 | Loss: 0.199 | Opp label coverage: 0.82
Step 1163165/5000000 | Win rate (rollout): 0.42 | Loss: 0.196 | Opp label coverage: 0.85
Step 1163677/5000000 | Win rate (rollout): 0.54 | Loss: 0.219 | Opp label coverage: 0.86
Step 1164191/5000000 | Win rate (rollout): 0.50 | Loss: 0.179 | Opp label coverage: 0.90
Step 1164703/5000000 | Win rate (rollout): 0.43 | Loss: 0.240 | Opp label coverage: 0.81
Step 1165215/5000000 | Win rate (rollout): 0.75 | Loss: 0.183 | Opp label coverage: 0.87
Step 1165727/5000000 | Win rate (rollout): 0.82 | Loss: 0.196 | Opp label coverage: 0.81
Step 1166241/5000000 | Win rate (rollout): 0.50 | Loss: 0.214 | Opp label coverage: 0.91
Step 1166758/5000000 | Win rate (rollout): 0.50 | Loss: 0.188 | Opp label coverage: 0.89
Step 1167270/5000000 | Win rate (rollout): 0.90 | Loss: 0.177 | Opp label coverage: 0.84
Step 1167786/5000000 | Win rate (rollout): 0.20 | Loss: 0.285 | Opp label coverage: 0.88
Step 1168298/5000000 | Win rate (rollout): 0.80 | Loss: 0.201 | Opp label coverage: 0.82
Step 1168811/5000000 | Win rate (rollout): 0.62 | Loss: 0.137 | Opp label coverage: 0.91
Step 1169323/5000000 | Win rate (rollout): 0.54 | Loss: 0.206 | Opp label coverage: 0.80
Step 1169837/5000000 | Win rate (rollout): 0.67 | Loss: 0.201 | Opp label coverage: 0.90
Step 1170349/5000000 | Win rate (rollout): 0.60 | Loss: 0.185 | Opp label coverage: 0.83
Step 1170863/5000000 | Win rate (rollout): 0.46 | Loss: 0.215 | Opp label coverage: 0.90
Step 1171375/5000000 | Win rate (rollout): 0.78 | Loss: 0.187 | Opp label coverage: 0.83
Step 1171891/5000000 | Win rate (rollout): 0.38 | Loss: 0.184 | Opp label coverage: 0.91
Step 1172403/5000000 | Win rate (rollout): 0.73 | Loss: 0.182 | Opp label coverage: 0.79
Step 1172917/5000000 | Win rate (rollout): 0.25 | Loss: 0.215 | Opp label coverage: 0.87
Step 1173433/5000000 | Win rate (rollout): 0.54 | Loss: 0.193 | Opp label coverage: 0.90
Step 1173945/5000000 | Win rate (rollout): 0.54 | Loss: 0.193 | Opp label coverage: 0.83
Step 1174462/5000000 | Win rate (rollout): 0.58 | Loss: 0.189 | Opp label coverage: 0.89
Step 1174974/5000000 | Win rate (rollout): 0.70 | Loss: 0.207 | Opp label coverage: 0.81
Step 1175486/5000000 | Win rate (rollout): 0.33 | Loss: 0.184 | Opp label coverage: 0.84
Step 1175998/5000000 | Win rate (rollout): 0.40 | Loss: 0.191 | Opp label coverage: 0.88
Step 1176511/5000000 | Win rate (rollout): 0.57 | Loss: 0.269 | Opp label coverage: 0.90
Step 1177027/5000000 | Win rate (rollout): 0.69 | Loss: 0.179 | Opp label coverage: 0.90
Step 1177543/5000000 | Win rate (rollout): 0.40 | Loss: 0.217 | Opp label coverage: 0.90
Step 1178062/5000000 | Win rate (rollout): 0.57 | Loss: 0.260 | Opp label coverage: 0.89
Step 1178574/5000000 | Win rate (rollout): 0.18 | Loss: 0.175 | Opp label coverage: 0.81
Step 1179089/5000000 | Win rate (rollout): 0.27 | Loss: 0.243 | Opp label coverage: 0.89
Step 1179601/5000000 | Win rate (rollout): 0.36 | Loss: 0.185 | Opp label coverage: 0.84
Step 1180113/5000000 | Win rate (rollout): 0.50 | Loss: 0.219 | Opp label coverage: 0.82
Step 1180626/5000000 | Win rate (rollout): 0.60 | Loss: 0.256 | Opp label coverage: 0.90
Step 1181138/5000000 | Win rate (rollout): 0.42 | Loss: 0.197 | Opp label coverage: 0.80
Step 1181651/5000000 | Win rate (rollout): 0.73 | Loss: 0.170 | Opp label coverage: 0.91
Step 1182164/5000000 | Win rate (rollout): 0.75 | Loss: 0.268 | Opp label coverage: 0.91
Step 1182676/5000000 | Win rate (rollout): 0.56 | Loss: 0.202 | Opp label coverage: 0.81
Step 1183188/5000000 | Win rate (rollout): 0.62 | Loss: 0.186 | Opp label coverage: 0.82
Step 1183700/5000000 | Win rate (rollout): 0.50 | Loss: 0.218 | Opp label coverage: 0.92
Step 1184219/5000000 | Win rate (rollout): 0.64 | Loss: 0.213 | Opp label coverage: 0.89
Step 1184737/5000000 | Win rate (rollout): 0.20 | Loss: 0.219 | Opp label coverage: 0.88
Step 1185249/5000000 | Win rate (rollout): 0.54 | Loss: 0.226 | Opp label coverage: 0.83
Step 1185763/5000000 | Win rate (rollout): 0.70 | Loss: 0.248 | Opp label coverage: 0.91
Step 1186277/5000000 | Win rate (rollout): 0.80 | Loss: 0.104 | Opp label coverage: 0.91
Step 1186794/5000000 | Win rate (rollout): 0.47 | Loss: 0.183 | Opp label coverage: 0.90
Step 1187306/5000000 | Win rate (rollout): 0.57 | Loss: 0.218 | Opp label coverage: 0.83
Step 1187819/5000000 | Win rate (rollout): 0.33 | Loss: 0.175 | Opp label coverage: 0.89
Step 1188331/5000000 | Win rate (rollout): 0.80 | Loss: 0.203 | Opp label coverage: 0.92
Step 1188843/5000000 | Win rate (rollout): 0.67 | Loss: 0.206 | Opp label coverage: 0.81
Step 1189355/5000000 | Win rate (rollout): 0.43 | Loss: 0.207 | Opp label coverage: 0.92
Step 1189867/5000000 | Win rate (rollout): 0.43 | Loss: 0.204 | Opp label coverage: 0.85
Step 1190379/5000000 | Win rate (rollout): 0.40 | Loss: 0.209 | Opp label coverage: 0.82
Step 1190896/5000000 | Win rate (rollout): 0.50 | Loss: 0.230 | Opp label coverage: 0.92
Step 1191410/5000000 | Win rate (rollout): 0.64 | Loss: 0.153 | Opp label coverage: 0.90
Step 1191922/5000000 | Win rate (rollout): 0.69 | Loss: 0.191 | Opp label coverage: 0.78
Step 1192439/5000000 | Win rate (rollout): 0.67 | Loss: 0.267 | Opp label coverage: 0.92
Step 1192951/5000000 | Win rate (rollout): 0.69 | Loss: 0.205 | Opp label coverage: 0.91
Step 1193463/5000000 | Win rate (rollout): 0.33 | Loss: 0.174 | Opp label coverage: 0.85
Step 1193975/5000000 | Win rate (rollout): 0.60 | Loss: 0.230 | Opp label coverage: 0.74
Step 1194491/5000000 | Win rate (rollout): 0.22 | Loss: 0.201 | Opp label coverage: 0.89
Step 1195003/5000000 | Win rate (rollout): 0.86 | Loss: 0.191 | Opp label coverage: 0.90
Step 1195515/5000000 | Win rate (rollout): 0.80 | Loss: 0.211 | Opp label coverage: 0.91
Step 1196027/5000000 | Win rate (rollout): 0.62 | Loss: 0.194 | Opp label coverage: 0.83
Step 1196539/5000000 | Win rate (rollout): 0.50 | Loss: 0.208 | Opp label coverage: 0.81
Step 1197054/5000000 | Win rate (rollout): 0.40 | Loss: 0.152 | Opp label coverage: 0.88
Step 1197566/5000000 | Win rate (rollout): 0.56 | Loss: 0.207 | Opp label coverage: 0.80
Step 1198081/5000000 | Win rate (rollout): 0.40 | Loss: 0.237 | Opp label coverage: 0.89
Step 1198599/5000000 | Win rate (rollout): 0.60 | Loss: 0.148 | Opp label coverage: 0.91
Step 1199112/5000000 | Win rate (rollout): 0.55 | Loss: 0.205 | Opp label coverage: 0.91
Step 1199624/5000000 | Win rate (rollout): 0.60 | Loss: 0.194 | Opp label coverage: 0.83
Step 1200136/5000000 | Win rate (rollout): 0.38 | Loss: 0.192 | Opp label coverage: 0.86
Step 1200648/5000000 | Win rate (rollout): 0.67 | Loss: 0.186 | Opp label coverage: 0.80
Step 1201160/5000000 | Win rate (rollout): 0.20 | Loss: 0.214 | Opp label coverage: 0.90
Step 1201672/5000000 | Win rate (rollout): 0.64 | Loss: 0.180 | Opp label coverage: 0.82
Step 1202184/5000000 | Win rate (rollout): 0.70 | Loss: 0.208 | Opp label coverage: 0.81
Step 1202699/5000000 | Win rate (rollout): 0.25 | Loss: 0.146 | Opp label coverage: 0.90
Step 1203214/5000000 | Win rate (rollout): 0.40 | Loss: 0.268 | Opp label coverage: 0.90
Step 1203729/5000000 | Win rate (rollout): 0.42 | Loss: 0.268 | Opp label coverage: 0.90
Step 1204241/5000000 | Win rate (rollout): 0.44 | Loss: 0.167 | Opp label coverage: 0.80
Step 1204753/5000000 | Win rate (rollout): 0.57 | Loss: 0.182 | Opp label coverage: 0.84
Step 1205269/5000000 | Win rate (rollout): 0.70 | Loss: 0.239 | Opp label coverage: 0.89
Step 1205787/5000000 | Win rate (rollout): 0.61 | Loss: 0.248 | Opp label coverage: 0.89
Step 1206299/5000000 | Win rate (rollout): 0.78 | Loss: 0.183 | Opp label coverage: 0.79
Step 1206811/5000000 | Win rate (rollout): 0.56 | Loss: 0.252 | Opp label coverage: 0.90
Step 1207329/5000000 | Win rate (rollout): 0.64 | Loss: 0.246 | Opp label coverage: 0.90
Step 1207841/5000000 | Win rate (rollout): 0.73 | Loss: 0.187 | Opp label coverage: 0.80
Step 1208353/5000000 | Win rate (rollout): 0.75 | Loss: 0.165 | Opp label coverage: 0.85
Step 1208865/5000000 | Win rate (rollout): 0.38 | Loss: 0.241 | Opp label coverage: 0.84
Step 1209379/5000000 | Win rate (rollout): 0.62 | Loss: 0.155 | Opp label coverage: 0.89
Step 1209897/5000000 | Win rate (rollout): 0.71 | Loss: 0.197 | Opp label coverage: 0.90
Step 1210416/5000000 | Win rate (rollout): 0.75 | Loss: 0.182 | Opp label coverage: 0.91
Step 1210933/5000000 | Win rate (rollout): 0.50 | Loss: 0.192 | Opp label coverage: 0.90
Step 1211445/5000000 | Win rate (rollout): 0.50 | Loss: 0.184 | Opp label coverage: 0.84
Step 1211957/5000000 | Win rate (rollout): 0.50 | Loss: 0.178 | Opp label coverage: 0.83
Step 1212473/5000000 | Win rate (rollout): 0.58 | Loss: 0.144 | Opp label coverage: 0.89
Step 1212985/5000000 | Win rate (rollout): 0.75 | Loss: 0.182 | Opp label coverage: 0.83
Step 1213499/5000000 | Win rate (rollout): 0.58 | Loss: 0.169 | Opp label coverage: 0.89
Step 1214011/5000000 | Win rate (rollout): 0.64 | Loss: 0.217 | Opp label coverage: 0.84
Step 1214523/5000000 | Win rate (rollout): 0.55 | Loss: 0.245 | Opp label coverage: 0.90
Step 1215035/5000000 | Win rate (rollout): 0.29 | Loss: 0.201 | Opp label coverage: 0.80
Step 1215553/5000000 | Win rate (rollout): 0.67 | Loss: 0.208 | Opp label coverage: 0.89
Step 1216065/5000000 | Win rate (rollout): 0.57 | Loss: 0.219 | Opp label coverage: 0.79
Step 1216581/5000000 | Win rate (rollout): 0.64 | Loss: 0.185 | Opp label coverage: 0.89
Step 1217093/5000000 | Win rate (rollout): 0.25 | Loss: 0.181 | Opp label coverage: 0.82
Step 1217605/5000000 | Win rate (rollout): 0.73 | Loss: 0.216 | Opp label coverage: 0.82
Step 1218117/5000000 | Win rate (rollout): 0.53 | Loss: 0.194 | Opp label coverage: 0.82
Step 1218633/5000000 | Win rate (rollout): 0.83 | Loss: 0.189 | Opp label coverage: 0.90
Step 1219145/5000000 | Win rate (rollout): 0.38 | Loss: 0.246 | Opp label coverage: 0.88
Step 1219659/5000000 | Win rate (rollout): 0.54 | Loss: 0.216 | Opp label coverage: 0.88
Step 1220173/5000000 | Win rate (rollout): 0.67 | Loss: 0.203 | Opp label coverage: 0.89
Step 1220690/5000000 | Win rate (rollout): 0.31 | Loss: 0.189 | Opp label coverage: 0.89
Step 1221203/5000000 | Win rate (rollout): 0.40 | Loss: 0.237 | Opp label coverage: 0.92
Step 1221715/5000000 | Win rate (rollout): 0.43 | Loss: 0.192 | Opp label coverage: 0.85
Step 1222227/5000000 | Win rate (rollout): 0.50 | Loss: 0.169 | Opp label coverage: 0.78
Step 1222739/5000000 | Win rate (rollout): 0.79 | Loss: 0.194 | Opp label coverage: 0.77
Step 1223251/5000000 | Win rate (rollout): 0.47 | Loss: 0.196 | Opp label coverage: 0.82
Step 1223763/5000000 | Win rate (rollout): 0.71 | Loss: 0.188 | Opp label coverage: 0.81
Step 1224275/5000000 | Win rate (rollout): 0.70 | Loss: 0.196 | Opp label coverage: 0.83
Step 1224787/5000000 | Win rate (rollout): 0.36 | Loss: 0.231 | Opp label coverage: 0.83
Step 1225302/5000000 | Win rate (rollout): 0.44 | Loss: 0.181 | Opp label coverage: 0.89
Step 1225821/5000000 | Win rate (rollout): 0.47 | Loss: 0.200 | Opp label coverage: 0.90
Step 1226336/5000000 | Win rate (rollout): 0.58 | Loss: 0.228 | Opp label coverage: 0.91
Step 1226855/5000000 | Win rate (rollout): 0.58 | Loss: 0.201 | Opp label coverage: 0.93
Step 1227367/5000000 | Win rate (rollout): 0.62 | Loss: 0.201 | Opp label coverage: 0.78
Step 1227879/5000000 | Win rate (rollout): 0.71 | Loss: 0.204 | Opp label coverage: 0.83
Step 1228391/5000000 | Win rate (rollout): 0.47 | Loss: 0.189 | Opp label coverage: 0.79
Step 1228903/5000000 | Win rate (rollout): 0.67 | Loss: 0.225 | Opp label coverage: 0.86
Step 1229415/5000000 | Win rate (rollout): 0.67 | Loss: 0.185 | Opp label coverage: 0.77
Step 1229931/5000000 | Win rate (rollout): 0.50 | Loss: 0.243 | Opp label coverage: 0.89
Step 1230449/5000000 | Win rate (rollout): 0.62 | Loss: 0.201 | Opp label coverage: 0.91
Step 1230968/5000000 | Win rate (rollout): 0.53 | Loss: 0.198 | Opp label coverage: 0.90
Step 1231484/5000000 | Win rate (rollout): 0.58 | Loss: 0.239 | Opp label coverage: 0.90
Step 1231996/5000000 | Win rate (rollout): 0.38 | Loss: 0.197 | Opp label coverage: 0.86
Step 1232508/5000000 | Win rate (rollout): 0.56 | Loss: 0.191 | Opp label coverage: 0.79
Step 1233024/5000000 | Win rate (rollout): 0.40 | Loss: 0.226 | Opp label coverage: 0.89
Step 1233536/5000000 | Win rate (rollout): 0.70 | Loss: 0.187 | Opp label coverage: 0.79
Step 1234054/5000000 | Win rate (rollout): 0.54 | Loss: 0.267 | Opp label coverage: 0.88
Step 1234566/5000000 | Win rate (rollout): 0.50 | Loss: 0.211 | Opp label coverage: 0.83
Step 1235079/5000000 | Win rate (rollout): 0.50 | Loss: 0.108 | Opp label coverage: 0.88
Step 1235595/5000000 | Win rate (rollout): 0.47 | Loss: 0.177 | Opp label coverage: 0.88
Step 1236109/5000000 | Win rate (rollout): 0.54 | Loss: 0.219 | Opp label coverage: 0.89
Step 1236621/5000000 | Win rate (rollout): 0.55 | Loss: 0.188 | Opp label coverage: 0.83
Step 1237135/5000000 | Win rate (rollout): 0.56 | Loss: 0.255 | Opp label coverage: 0.92
Step 1237647/5000000 | Win rate (rollout): 0.80 | Loss: 0.202 | Opp label coverage: 0.84
Step 1238159/5000000 | Win rate (rollout): 0.46 | Loss: 0.234 | Opp label coverage: 0.83
Step 1238674/5000000 | Win rate (rollout): 0.62 | Loss: 0.258 | Opp label coverage: 0.92
Step 1239188/5000000 | Win rate (rollout): 0.57 | Loss: 0.230 | Opp label coverage: 0.91
Step 1239703/5000000 | Win rate (rollout): 0.43 | Loss: 0.249 | Opp label coverage: 0.90
Step 1240215/5000000 | Win rate (rollout): 0.58 | Loss: 0.186 | Opp label coverage: 0.81
Step 1240727/5000000 | Win rate (rollout): 0.40 | Loss: 0.167 | Opp label coverage: 0.84
Step 1241242/5000000 | Win rate (rollout): 0.55 | Loss: 0.224 | Opp label coverage: 0.89
Step 1241754/5000000 | Win rate (rollout): 0.55 | Loss: 0.181 | Opp label coverage: 0.85
Step 1242270/5000000 | Win rate (rollout): 0.45 | Loss: 0.201 | Opp label coverage: 0.90
Step 1242782/5000000 | Win rate (rollout): 0.62 | Loss: 0.220 | Opp label coverage: 0.90
Step 1243301/5000000 | Win rate (rollout): 0.44 | Loss: 0.244 | Opp label coverage: 0.89
Step 1243813/5000000 | Win rate (rollout): 0.64 | Loss: 0.203 | Opp label coverage: 0.84
Step 1244328/5000000 | Win rate (rollout): 0.64 | Loss: 0.227 | Opp label coverage: 0.89
Step 1244840/5000000 | Win rate (rollout): 0.54 | Loss: 0.192 | Opp label coverage: 0.90
Step 1245352/5000000 | Win rate (rollout): 0.62 | Loss: 0.203 | Opp label coverage: 0.78
Step 1245871/5000000 | Win rate (rollout): 0.33 | Loss: 0.170 | Opp label coverage: 0.91
Step 1246383/5000000 | Win rate (rollout): 0.50 | Loss: 0.199 | Opp label coverage: 0.82
Step 1246895/5000000 | Win rate (rollout): 0.71 | Loss: 0.174 | Opp label coverage: 0.81
Step 1247414/5000000 | Win rate (rollout): 0.33 | Loss: 0.192 | Opp label coverage: 0.89
Step 1247926/5000000 | Win rate (rollout): 0.30 | Loss: 0.196 | Opp label coverage: 0.80
Step 1248438/5000000 | Win rate (rollout): 0.29 | Loss: 0.204 | Opp label coverage: 0.83
Step 1248950/5000000 | Win rate (rollout): 0.62 | Loss: 0.174 | Opp label coverage: 0.84
Step 1249469/5000000 | Win rate (rollout): 0.33 | Loss: 0.205 | Opp label coverage: 0.89
Step 1249986/5000000 | Win rate (rollout): 0.53 | Loss: 0.170 | Opp label coverage: 0.90
[checkpoint] Saved models/ppo/checkpoints/m9seed/ppo_step_1250016.pt
Step 1250498/5000000 | Win rate (rollout): 0.54 | Loss: 0.199 | Opp label coverage: 0.90
Step 1251010/5000000 | Win rate (rollout): 0.62 | Loss: 0.174 | Opp label coverage: 0.84
Step 1251529/5000000 | Win rate (rollout): 0.50 | Loss: 0.236 | Opp label coverage: 0.91
Step 1252048/5000000 | Win rate (rollout): 0.67 | Loss: 0.178 | Opp label coverage: 0.90
Step 1252560/5000000 | Win rate (rollout): 0.70 | Loss: 0.177 | Opp label coverage: 0.79
Step 1253072/5000000 | Win rate (rollout): 0.50 | Loss: 0.178 | Opp label coverage: 0.84
Step 1253584/5000000 | Win rate (rollout): 0.33 | Loss: 0.183 | Opp label coverage: 0.82
Step 1254100/5000000 | Win rate (rollout): 0.33 | Loss: 0.239 | Opp label coverage: 0.90
Step 1254613/5000000 | Win rate (rollout): 0.57 | Loss: 0.211 | Opp label coverage: 0.90
Step 1255127/5000000 | Win rate (rollout): 0.62 | Loss: 0.265 | Opp label coverage: 0.91
Step 1255641/5000000 | Win rate (rollout): 0.62 | Loss: 0.191 | Opp label coverage: 0.91
Step 1256154/5000000 | Win rate (rollout): 0.69 | Loss: 0.282 | Opp label coverage: 0.90
Step 1256670/5000000 | Win rate (rollout): 0.36 | Loss: 0.174 | Opp label coverage: 0.91
Step 1257184/5000000 | Win rate (rollout): 0.36 | Loss: 0.269 | Opp label coverage: 0.90
Step 1257696/5000000 | Win rate (rollout): 0.58 | Loss: 0.198 | Opp label coverage: 0.80
Step 1258208/5000000 | Win rate (rollout): 0.29 | Loss: 0.175 | Opp label coverage: 0.84
Step 1258721/5000000 | Win rate (rollout): 0.50 | Loss: 0.132 | Opp label coverage: 0.89
Step 1259233/5000000 | Win rate (rollout): 0.33 | Loss: 0.173 | Opp label coverage: 0.84
Step 1259745/5000000 | Win rate (rollout): 0.71 | Loss: 0.217 | Opp label coverage: 0.83
Step 1260257/5000000 | Win rate (rollout): 0.55 | Loss: 0.164 | Opp label coverage: 0.82
Step 1260772/5000000 | Win rate (rollout): 0.45 | Loss: 0.214 | Opp label coverage: 0.90
Step 1261286/5000000 | Win rate (rollout): 0.77 | Loss: 0.297 | Opp label coverage: 0.89
Step 1261798/5000000 | Win rate (rollout): 0.54 | Loss: 0.220 | Opp label coverage: 0.84
Step 1262314/5000000 | Win rate (rollout): 0.38 | Loss: 0.200 | Opp label coverage: 0.90
Step 1262828/5000000 | Win rate (rollout): 0.43 | Loss: 0.184 | Opp label coverage: 0.90
Step 1263347/5000000 | Win rate (rollout): 0.40 | Loss: 0.228 | Opp label coverage: 0.88
Step 1263859/5000000 | Win rate (rollout): 0.47 | Loss: 0.191 | Opp label coverage: 0.83
Step 1264371/5000000 | Win rate (rollout): 0.80 | Loss: 0.215 | Opp label coverage: 0.81
Step 1264889/5000000 | Win rate (rollout): 0.27 | Loss: 0.191 | Opp label coverage: 0.87
Step 1265404/5000000 | Win rate (rollout): 0.27 | Loss: 0.243 | Opp label coverage: 0.87
Step 1265920/5000000 | Win rate (rollout): 0.38 | Loss: 0.202 | Opp label coverage: 0.90
Step 1266432/5000000 | Win rate (rollout): 0.53 | Loss: 0.210 | Opp label coverage: 0.84
Step 1266945/5000000 | Win rate (rollout): 0.45 | Loss: 0.168 | Opp label coverage: 0.91
Step 1267461/5000000 | Win rate (rollout): 0.46 | Loss: 0.230 | Opp label coverage: 0.89
Step 1267973/5000000 | Win rate (rollout): 0.60 | Loss: 0.223 | Opp label coverage: 0.84
Step 1268487/5000000 | Win rate (rollout): 0.40 | Loss: 0.263 | Opp label coverage: 0.89
Step 1268999/5000000 | Win rate (rollout): 0.46 | Loss: 0.178 | Opp label coverage: 0.86
Step 1269511/5000000 | Win rate (rollout): 0.47 | Loss: 0.216 | Opp label coverage: 0.83
Step 1270028/5000000 | Win rate (rollout): 0.30 | Loss: 0.193 | Opp label coverage: 0.89
Step 1270541/5000000 | Win rate (rollout): 0.46 | Loss: 0.177 | Opp label coverage: 0.90
Step 1271059/5000000 | Win rate (rollout): 0.46 | Loss: 0.184 | Opp label coverage: 0.91
Step 1271576/5000000 | Win rate (rollout): 0.60 | Loss: 0.221 | Opp label coverage: 0.92
Step 1272088/5000000 | Win rate (rollout): 0.62 | Loss: 0.196 | Opp label coverage: 0.83
Step 1272602/5000000 | Win rate (rollout): 0.62 | Loss: 0.187 | Opp label coverage: 0.93
Step 1273114/5000000 | Win rate (rollout): 0.58 | Loss: 0.235 | Opp label coverage: 0.84
Step 1273631/5000000 | Win rate (rollout): 0.40 | Loss: 0.176 | Opp label coverage: 0.90
Step 1274144/5000000 | Win rate (rollout): 0.31 | Loss: 0.178 | Opp label coverage: 0.89
Step 1274658/5000000 | Win rate (rollout): 0.69 | Loss: 0.124 | Opp label coverage: 0.92
Step 1275170/5000000 | Win rate (rollout): 0.50 | Loss: 0.184 | Opp label coverage: 0.83
Step 1275682/5000000 | Win rate (rollout): 0.67 | Loss: 0.211 | Opp label coverage: 0.91
Step 1276194/5000000 | Win rate (rollout): 0.82 | Loss: 0.190 | Opp label coverage: 0.83
Step 1276706/5000000 | Win rate (rollout): 0.56 | Loss: 0.201 | Opp label coverage: 0.79
Step 1277218/5000000 | Win rate (rollout): 0.73 | Loss: 0.208 | Opp label coverage: 0.90
Step 1277734/5000000 | Win rate (rollout): 0.46 | Loss: 0.150 | Opp label coverage: 0.91
Step 1278247/5000000 | Win rate (rollout): 0.73 | Loss: 0.152 | Opp label coverage: 0.90
Step 1278761/5000000 | Win rate (rollout): 0.67 | Loss: 0.144 | Opp label coverage: 0.92
Step 1279274/5000000 | Win rate (rollout): 0.69 | Loss: 0.255 | Opp label coverage: 0.90
Step 1279786/5000000 | Win rate (rollout): 0.45 | Loss: 0.180 | Opp label coverage: 0.88
Step 1280300/5000000 | Win rate (rollout): 0.45 | Loss: 0.153 | Opp label coverage: 0.90
Step 1280812/5000000 | Win rate (rollout): 0.75 | Loss: 0.229 | Opp label coverage: 0.89
Step 1281324/5000000 | Win rate (rollout): 0.53 | Loss: 0.189 | Opp label coverage: 0.89
Step 1281836/5000000 | Win rate (rollout): 0.62 | Loss: 0.215 | Opp label coverage: 0.81
Step 1282350/5000000 | Win rate (rollout): 0.33 | Loss: 0.215 | Opp label coverage: 0.90
Step 1282862/5000000 | Win rate (rollout): 0.45 | Loss: 0.207 | Opp label coverage: 0.81
Step 1283374/5000000 | Win rate (rollout): 0.56 | Loss: 0.196 | Opp label coverage: 0.83
Step 1283886/5000000 | Win rate (rollout): 0.35 | Loss: 0.209 | Opp label coverage: 0.83
Step 1284398/5000000 | Win rate (rollout): 0.75 | Loss: 0.202 | Opp label coverage: 0.80
Step 1284910/5000000 | Win rate (rollout): 0.50 | Loss: 0.186 | Opp label coverage: 0.88
Step 1285424/5000000 | Win rate (rollout): 0.44 | Loss: 0.214 | Opp label coverage: 0.89
Step 1285936/5000000 | Win rate (rollout): 0.33 | Loss: 0.187 | Opp label coverage: 0.85
Step 1286448/5000000 | Win rate (rollout): 0.43 | Loss: 0.192 | Opp label coverage: 0.79
Step 1286960/5000000 | Win rate (rollout): 0.73 | Loss: 0.207 | Opp label coverage: 0.85
Step 1287472/5000000 | Win rate (rollout): 0.75 | Loss: 0.187 | Opp label coverage: 0.86
Step 1287984/5000000 | Win rate (rollout): 0.67 | Loss: 0.166 | Opp label coverage: 0.84
Step 1288496/5000000 | Win rate (rollout): 0.64 | Loss: 0.204 | Opp label coverage: 0.83
Step 1289008/5000000 | Win rate (rollout): 0.56 | Loss: 0.176 | Opp label coverage: 0.79
Step 1289520/5000000 | Win rate (rollout): 0.61 | Loss: 0.230 | Opp label coverage: 0.82
Step 1290032/5000000 | Win rate (rollout): 0.78 | Loss: 0.202 | Opp label coverage: 0.90
Step 1290544/5000000 | Win rate (rollout): 0.47 | Loss: 0.212 | Opp label coverage: 0.89
Step 1291056/5000000 | Win rate (rollout): 1.00 | Loss: 0.176 | Opp label coverage: 0.84
Step 1291569/5000000 | Win rate (rollout): 0.60 | Loss: 0.221 | Opp label coverage: 0.91
Step 1292081/5000000 | Win rate (rollout): 0.43 | Loss: 0.206 | Opp label coverage: 0.84
Step 1292593/5000000 | Win rate (rollout): 0.71 | Loss: 0.241 | Opp label coverage: 0.85
Step 1293105/5000000 | Win rate (rollout): 0.47 | Loss: 0.176 | Opp label coverage: 0.81
Step 1293622/5000000 | Win rate (rollout): 0.45 | Loss: 0.196 | Opp label coverage: 0.89
Step 1294138/5000000 | Win rate (rollout): 0.46 | Loss: 0.235 | Opp label coverage: 0.90
Step 1294653/5000000 | Win rate (rollout): 0.75 | Loss: 0.180 | Opp label coverage: 0.92
Step 1295165/5000000 | Win rate (rollout): 0.75 | Loss: 0.179 | Opp label coverage: 0.85
Step 1295677/5000000 | Win rate (rollout): 0.36 | Loss: 0.208 | Opp label coverage: 0.77
Step 1296192/5000000 | Win rate (rollout): 0.30 | Loss: 0.200 | Opp label coverage: 0.89
Step 1296704/5000000 | Win rate (rollout): 0.40 | Loss: 0.202 | Opp label coverage: 0.80
Step 1297216/5000000 | Win rate (rollout): 0.75 | Loss: 0.176 | Opp label coverage: 0.87
Step 1297728/5000000 | Win rate (rollout): 0.53 | Loss: 0.161 | Opp label coverage: 0.84
Step 1298242/5000000 | Win rate (rollout): 0.30 | Loss: 0.201 | Opp label coverage: 0.89
Step 1298756/5000000 | Win rate (rollout): 0.43 | Loss: 0.189 | Opp label coverage: 0.88
Step 1299268/5000000 | Win rate (rollout): 0.67 | Loss: 0.209 | Opp label coverage: 0.83
Step 1299781/5000000 | Win rate (rollout): 0.56 | Loss: 0.223 | Opp label coverage: 0.90
Step 1300296/5000000 | Win rate (rollout): 0.53 | Loss: 0.243 | Opp label coverage: 0.90
Step 1300812/5000000 | Win rate (rollout): 0.46 | Loss: 0.162 | Opp label coverage: 0.91
Step 1301324/5000000 | Win rate (rollout): 0.44 | Loss: 0.194 | Opp label coverage: 0.92
Step 1301841/5000000 | Win rate (rollout): 0.42 | Loss: 0.221 | Opp label coverage: 0.91
Step 1302353/5000000 | Win rate (rollout): 0.62 | Loss: 0.197 | Opp label coverage: 0.85
Step 1302865/5000000 | Win rate (rollout): 0.64 | Loss: 0.183 | Opp label coverage: 0.85
Step 1303377/5000000 | Win rate (rollout): 0.36 | Loss: 0.216 | Opp label coverage: 0.88
Step 1303894/5000000 | Win rate (rollout): 0.33 | Loss: 0.251 | Opp label coverage: 0.88
Step 1304406/5000000 | Win rate (rollout): 0.57 | Loss: 0.183 | Opp label coverage: 0.83
Step 1304923/5000000 | Win rate (rollout): 0.50 | Loss: 0.190 | Opp label coverage: 0.89
Step 1305435/5000000 | Win rate (rollout): 0.64 | Loss: 0.218 | Opp label coverage: 0.85
Step 1305947/5000000 | Win rate (rollout): 0.56 | Loss: 0.214 | Opp label coverage: 0.90
Step 1306459/5000000 | Win rate (rollout): 0.73 | Loss: 0.183 | Opp label coverage: 0.85
Step 1306973/5000000 | Win rate (rollout): 0.44 | Loss: 0.199 | Opp label coverage: 0.90
Step 1307490/5000000 | Win rate (rollout): 0.53 | Loss: 0.217 | Opp label coverage: 0.89
Step 1308002/5000000 | Win rate (rollout): 0.42 | Loss: 0.197 | Opp label coverage: 0.82
Step 1308520/5000000 | Win rate (rollout): 0.54 | Loss: 0.223 | Opp label coverage: 0.90
Step 1309032/5000000 | Win rate (rollout): 0.73 | Loss: 0.179 | Opp label coverage: 0.83
Step 1309544/5000000 | Win rate (rollout): 0.62 | Loss: 0.206 | Opp label coverage: 0.84
Step 1310058/5000000 | Win rate (rollout): 0.44 | Loss: 0.270 | Opp label coverage: 0.89
Step 1310570/5000000 | Win rate (rollout): 0.64 | Loss: 0.189 | Opp label coverage: 0.83
Step 1311088/5000000 | Win rate (rollout): 0.62 | Loss: 0.227 | Opp label coverage: 0.92
Step 1311602/5000000 | Win rate (rollout): 0.77 | Loss: 0.292 | Opp label coverage: 0.92
Step 1312119/5000000 | Win rate (rollout): 0.53 | Loss: 0.189 | Opp label coverage: 0.91
Step 1312636/5000000 | Win rate (rollout): 0.50 | Loss: 0.236 | Opp label coverage: 0.90
Step 1313149/5000000 | Win rate (rollout): 0.27 | Loss: 0.204 | Opp label coverage: 0.89
Step 1313661/5000000 | Win rate (rollout): 0.71 | Loss: 0.174 | Opp label coverage: 0.80
Step 1314173/5000000 | Win rate (rollout): 0.33 | Loss: 0.182 | Opp label coverage: 0.89
Step 1314689/5000000 | Win rate (rollout): 0.50 | Loss: 0.213 | Opp label coverage: 0.89
Step 1315201/5000000 | Win rate (rollout): 0.71 | Loss: 0.217 | Opp label coverage: 0.82
Step 1315713/5000000 | Win rate (rollout): 0.67 | Loss: 0.212 | Opp label coverage: 0.81
Step 1316230/5000000 | Win rate (rollout): 0.22 | Loss: 0.217 | Opp label coverage: 0.89
Step 1316745/5000000 | Win rate (rollout): 0.67 | Loss: 0.231 | Opp label coverage: 0.90
Step 1317262/5000000 | Win rate (rollout): 0.79 | Loss: 0.181 | Opp label coverage: 0.91
Step 1317775/5000000 | Win rate (rollout): 0.60 | Loss: 0.245 | Opp label coverage: 0.90
Step 1318287/5000000 | Win rate (rollout): 0.50 | Loss: 0.193 | Opp label coverage: 0.89
Step 1318799/5000000 | Win rate (rollout): 0.29 | Loss: 0.204 | Opp label coverage: 0.90
Step 1319317/5000000 | Win rate (rollout): 0.50 | Loss: 0.215 | Opp label coverage: 0.90
Step 1319830/5000000 | Win rate (rollout): 0.50 | Loss: 0.314 | Opp label coverage: 0.89
Step 1320344/5000000 | Win rate (rollout): 0.62 | Loss: 0.107 | Opp label coverage: 0.88
Step 1320856/5000000 | Win rate (rollout): 0.75 | Loss: 0.205 | Opp label coverage: 0.82
Step 1321368/5000000 | Win rate (rollout): 0.56 | Loss: 0.189 | Opp label coverage: 0.85
Step 1321880/5000000 | Win rate (rollout): 0.29 | Loss: 0.191 | Opp label coverage: 0.82
Step 1322394/5000000 | Win rate (rollout): 0.58 | Loss: 0.222 | Opp label coverage: 0.88
Step 1322906/5000000 | Win rate (rollout): 0.62 | Loss: 0.187 | Opp label coverage: 0.79
Step 1323418/5000000 | Win rate (rollout): 0.40 | Loss: 0.232 | Opp label coverage: 0.90
Step 1323930/5000000 | Win rate (rollout): 0.36 | Loss: 0.198 | Opp label coverage: 0.81
Step 1324442/5000000 | Win rate (rollout): 0.60 | Loss: 0.186 | Opp label coverage: 0.87
Step 1324960/5000000 | Win rate (rollout): 0.50 | Loss: 0.293 | Opp label coverage: 0.89
Step 1325475/5000000 | Win rate (rollout): 0.40 | Loss: 0.230 | Opp label coverage: 0.90
Step 1325994/5000000 | Win rate (rollout): 0.21 | Loss: 0.178 | Opp label coverage: 0.88
Step 1326506/5000000 | Win rate (rollout): 0.57 | Loss: 0.188 | Opp label coverage: 0.83
Step 1327018/5000000 | Win rate (rollout): 0.47 | Loss: 0.189 | Opp label coverage: 0.79
Step 1327530/5000000 | Win rate (rollout): 0.53 | Loss: 0.232 | Opp label coverage: 0.83
Step 1328042/5000000 | Win rate (rollout): 0.67 | Loss: 0.174 | Opp label coverage: 0.90
Step 1328554/5000000 | Win rate (rollout): 0.33 | Loss: 0.214 | Opp label coverage: 0.86
Step 1329068/5000000 | Win rate (rollout): 0.60 | Loss: 0.255 | Opp label coverage: 0.91
Step 1329580/5000000 | Win rate (rollout): 0.40 | Loss: 0.175 | Opp label coverage: 0.75
Step 1330095/5000000 | Win rate (rollout): 0.60 | Loss: 0.249 | Opp label coverage: 0.90
Step 1330607/5000000 | Win rate (rollout): 0.46 | Loss: 0.195 | Opp label coverage: 0.82
Step 1331119/5000000 | Win rate (rollout): 0.40 | Loss: 0.202 | Opp label coverage: 0.87
Step 1331636/5000000 | Win rate (rollout): 0.33 | Loss: 0.263 | Opp label coverage: 0.90
Step 1332148/5000000 | Win rate (rollout): 0.42 | Loss: 0.200 | Opp label coverage: 0.79
Step 1332664/5000000 | Win rate (rollout): 0.71 | Loss: 0.184 | Opp label coverage: 0.90
Step 1333176/5000000 | Win rate (rollout): 0.57 | Loss: 0.160 | Opp label coverage: 0.80
Step 1333688/5000000 | Win rate (rollout): 0.62 | Loss: 0.183 | Opp label coverage: 0.84
Step 1334204/5000000 | Win rate (rollout): 0.40 | Loss: 0.248 | Opp label coverage: 0.89
Step 1334716/5000000 | Win rate (rollout): 0.43 | Loss: 0.181 | Opp label coverage: 0.82
Step 1335228/5000000 | Win rate (rollout): 0.47 | Loss: 0.271 | Opp label coverage: 0.77
Step 1335742/5000000 | Win rate (rollout): 0.30 | Loss: 0.043 | Opp label coverage: 0.90
Step 1336254/5000000 | Win rate (rollout): 0.54 | Loss: 0.221 | Opp label coverage: 0.89
Step 1336766/5000000 | Win rate (rollout): 0.57 | Loss: 0.224 | Opp label coverage: 0.81
Step 1337278/5000000 | Win rate (rollout): 0.50 | Loss: 0.230 | Opp label coverage: 0.81
Step 1337790/5000000 | Win rate (rollout): 0.50 | Loss: 0.178 | Opp label coverage: 0.86
Step 1338302/5000000 | Win rate (rollout): 0.77 | Loss: 0.192 | Opp label coverage: 0.83
Step 1338816/5000000 | Win rate (rollout): 0.45 | Loss: 0.107 | Opp label coverage: 0.88
Step 1339328/5000000 | Win rate (rollout): 0.71 | Loss: 0.192 | Opp label coverage: 0.86
Step 1339843/5000000 | Win rate (rollout): 0.67 | Loss: 0.135 | Opp label coverage: 0.92
Step 1340355/5000000 | Win rate (rollout): 0.75 | Loss: 0.208 | Opp label coverage: 0.91
Step 1340870/5000000 | Win rate (rollout): 0.31 | Loss: 0.191 | Opp label coverage: 0.90
Step 1341389/5000000 | Win rate (rollout): 0.71 | Loss: 0.250 | Opp label coverage: 0.90
Step 1341901/5000000 | Win rate (rollout): 0.27 | Loss: 0.173 | Opp label coverage: 0.80
Step 1342413/5000000 | Win rate (rollout): 0.25 | Loss: 0.161 | Opp label coverage: 0.84
Step 1342925/5000000 | Win rate (rollout): 0.57 | Loss: 0.213 | Opp label coverage: 0.83
Step 1343441/5000000 | Win rate (rollout): 0.40 | Loss: 0.210 | Opp label coverage: 0.90
Step 1343953/5000000 | Win rate (rollout): 0.67 | Loss: 0.206 | Opp label coverage: 0.80
Step 1344468/5000000 | Win rate (rollout): 0.50 | Loss: 0.274 | Opp label coverage: 0.89
Step 1344980/5000000 | Win rate (rollout): 0.60 | Loss: 0.196 | Opp label coverage: 0.86
Step 1345492/5000000 | Win rate (rollout): 0.20 | Loss: 0.186 | Opp label coverage: 0.81
Step 1346011/5000000 | Win rate (rollout): 0.33 | Loss: 0.188 | Opp label coverage: 0.88
Step 1346524/5000000 | Win rate (rollout): 0.45 | Loss: 0.207 | Opp label coverage: 0.90
Step 1347036/5000000 | Win rate (rollout): 0.64 | Loss: 0.210 | Opp label coverage: 0.79
Step 1347548/5000000 | Win rate (rollout): 0.46 | Loss: 0.213 | Opp label coverage: 0.79
Step 1348062/5000000 | Win rate (rollout): 0.55 | Loss: 0.160 | Opp label coverage: 0.90
Step 1348574/5000000 | Win rate (rollout): 0.45 | Loss: 0.166 | Opp label coverage: 0.84
Step 1349086/5000000 | Win rate (rollout): 0.56 | Loss: 0.185 | Opp label coverage: 0.81
Step 1349604/5000000 | Win rate (rollout): 0.56 | Loss: 0.199 | Opp label coverage: 0.91
Step 1350117/5000000 | Win rate (rollout): 0.40 | Loss: 0.193 | Opp label coverage: 0.89
Step 1350629/5000000 | Win rate (rollout): 0.58 | Loss: 0.201 | Opp label coverage: 0.80
Step 1351141/5000000 | Win rate (rollout): 0.50 | Loss: 0.211 | Opp label coverage: 0.82
Step 1351653/5000000 | Win rate (rollout): 0.60 | Loss: 0.181 | Opp label coverage: 0.85
Step 1352169/5000000 | Win rate (rollout): 0.30 | Loss: 0.260 | Opp label coverage: 0.88
Step 1352681/5000000 | Win rate (rollout): 0.70 | Loss: 0.193 | Opp label coverage: 0.84
Step 1353193/5000000 | Win rate (rollout): 0.40 | Loss: 0.227 | Opp label coverage: 0.84
Step 1353705/5000000 | Win rate (rollout): 0.53 | Loss: 0.209 | Opp label coverage: 0.81
Step 1354217/5000000 | Win rate (rollout): 0.50 | Loss: 0.209 | Opp label coverage: 0.91
Step 1354729/5000000 | Win rate (rollout): 0.50 | Loss: 0.189 | Opp label coverage: 0.82
Step 1355241/5000000 | Win rate (rollout): 0.64 | Loss: 0.193 | Opp label coverage: 0.77
Step 1355753/5000000 | Win rate (rollout): 0.62 | Loss: 0.228 | Opp label coverage: 0.85
Step 1356265/5000000 | Win rate (rollout): 0.50 | Loss: 0.181 | Opp label coverage: 0.81
Step 1356777/5000000 | Win rate (rollout): 0.71 | Loss: 0.174 | Opp label coverage: 0.77
Step 1357294/5000000 | Win rate (rollout): 0.67 | Loss: 0.211 | Opp label coverage: 0.90
Step 1357806/5000000 | Win rate (rollout): 0.62 | Loss: 0.204 | Opp label coverage: 0.81
Step 1358323/5000000 | Win rate (rollout): 0.50 | Loss: 0.178 | Opp label coverage: 0.90
Step 1358836/5000000 | Win rate (rollout): 0.67 | Loss: 0.157 | Opp label coverage: 0.91
Step 1359348/5000000 | Win rate (rollout): 0.83 | Loss: 0.201 | Opp label coverage: 0.83
Step 1359860/5000000 | Win rate (rollout): 0.50 | Loss: 0.233 | Opp label coverage: 0.82
Step 1360377/5000000 | Win rate (rollout): 0.42 | Loss: 0.154 | Opp label coverage: 0.90
Step 1360889/5000000 | Win rate (rollout): 0.46 | Loss: 0.221 | Opp label coverage: 0.90
Step 1361405/5000000 | Win rate (rollout): 0.73 | Loss: 0.215 | Opp label coverage: 0.91
Step 1361922/5000000 | Win rate (rollout): 0.69 | Loss: 0.208 | Opp label coverage: 0.91
Step 1362436/5000000 | Win rate (rollout): 0.67 | Loss: 0.181 | Opp label coverage: 0.90
Step 1362948/5000000 | Win rate (rollout): 0.55 | Loss: 0.211 | Opp label coverage: 0.80
Step 1363460/5000000 | Win rate (rollout): 0.60 | Loss: 0.193 | Opp label coverage: 0.80
Step 1363972/5000000 | Win rate (rollout): 0.53 | Loss: 0.227 | Opp label coverage: 0.80
Step 1364488/5000000 | Win rate (rollout): 0.67 | Loss: 0.186 | Opp label coverage: 0.91
Step 1365000/5000000 | Win rate (rollout): 0.93 | Loss: 0.187 | Opp label coverage: 0.85
Step 1365515/5000000 | Win rate (rollout): 0.70 | Loss: 0.186 | Opp label coverage: 0.88
Step 1366032/5000000 | Win rate (rollout): 0.47 | Loss: 0.175 | Opp label coverage: 0.90
Step 1366544/5000000 | Win rate (rollout): 0.38 | Loss: 0.183 | Opp label coverage: 0.81
Step 1367056/5000000 | Win rate (rollout): 0.58 | Loss: 0.184 | Opp label coverage: 0.76
Step 1367568/5000000 | Win rate (rollout): 0.50 | Loss: 0.196 | Opp label coverage: 0.81
Step 1368080/5000000 | Win rate (rollout): 0.39 | Loss: 0.238 | Opp label coverage: 0.82
Step 1368594/5000000 | Win rate (rollout): 0.58 | Loss: 0.227 | Opp label coverage: 0.89
Step 1369106/5000000 | Win rate (rollout): 0.55 | Loss: 0.196 | Opp label coverage: 0.84
Step 1369618/5000000 | Win rate (rollout): 0.64 | Loss: 0.212 | Opp label coverage: 0.78
Step 1370130/5000000 | Win rate (rollout): 0.73 | Loss: 0.208 | Opp label coverage: 0.86
Step 1370644/5000000 | Win rate (rollout): 0.88 | Loss: 0.175 | Opp label coverage: 0.91
Step 1371156/5000000 | Win rate (rollout): 0.54 | Loss: 0.227 | Opp label coverage: 0.78
Step 1371672/5000000 | Win rate (rollout): 0.82 | Loss: 0.172 | Opp label coverage: 0.91
Step 1372184/5000000 | Win rate (rollout): 0.75 | Loss: 0.166 | Opp label coverage: 0.79
Step 1372703/5000000 | Win rate (rollout): 0.36 | Loss: 0.250 | Opp label coverage: 0.88
Step 1373215/5000000 | Win rate (rollout): 0.46 | Loss: 0.187 | Opp label coverage: 0.80
Step 1373730/5000000 | Win rate (rollout): 0.78 | Loss: 0.206 | Opp label coverage: 0.91
Step 1374248/5000000 | Win rate (rollout): 0.50 | Loss: 0.231 | Opp label coverage: 0.89
Step 1374764/5000000 | Win rate (rollout): 0.64 | Loss: 0.238 | Opp label coverage: 0.91
Step 1375276/5000000 | Win rate (rollout): 0.50 | Loss: 0.207 | Opp label coverage: 0.80
Step 1375795/5000000 | Win rate (rollout): 0.50 | Loss: 0.191 | Opp label coverage: 0.88
Step 1376308/5000000 | Win rate (rollout): 0.50 | Loss: 0.213 | Opp label coverage: 0.89
Step 1376824/5000000 | Win rate (rollout): 0.64 | Loss: 0.199 | Opp label coverage: 0.90
Step 1377336/5000000 | Win rate (rollout): 0.33 | Loss: 0.187 | Opp label coverage: 0.80
Step 1377848/5000000 | Win rate (rollout): 0.64 | Loss: 0.208 | Opp label coverage: 0.78
Step 1378360/5000000 | Win rate (rollout): 0.64 | Loss: 0.203 | Opp label coverage: 0.81
Step 1378872/5000000 | Win rate (rollout): 0.73 | Loss: 0.166 | Opp label coverage: 0.89
Step 1379388/5000000 | Win rate (rollout): 0.59 | Loss: 0.272 | Opp label coverage: 0.88
Step 1379906/5000000 | Win rate (rollout): 0.67 | Loss: 0.207 | Opp label coverage: 0.90
Step 1380420/5000000 | Win rate (rollout): 0.62 | Loss: 0.160 | Opp label coverage: 0.89
Step 1380933/5000000 | Win rate (rollout): 0.50 | Loss: 0.203 | Opp label coverage: 0.91
Step 1381446/5000000 | Win rate (rollout): 0.67 | Loss: 0.199 | Opp label coverage: 0.90
Step 1381958/5000000 | Win rate (rollout): 0.60 | Loss: 0.174 | Opp label coverage: 0.82
Step 1382470/5000000 | Win rate (rollout): 0.53 | Loss: 0.181 | Opp label coverage: 0.80
Step 1382982/5000000 | Win rate (rollout): 0.60 | Loss: 0.226 | Opp label coverage: 0.84
Step 1383501/5000000 | Win rate (rollout): 0.78 | Loss: 0.198 | Opp label coverage: 0.91
Step 1384017/5000000 | Win rate (rollout): 0.43 | Loss: 0.182 | Opp label coverage: 0.90
Step 1384529/5000000 | Win rate (rollout): 0.57 | Loss: 0.200 | Opp label coverage: 0.84
Step 1385041/5000000 | Win rate (rollout): 0.46 | Loss: 0.223 | Opp label coverage: 0.77
Step 1385556/5000000 | Win rate (rollout): 0.44 | Loss: 0.160 | Opp label coverage: 0.89
Step 1386068/5000000 | Win rate (rollout): 0.33 | Loss: 0.189 | Opp label coverage: 0.84
Step 1386580/5000000 | Win rate (rollout): 0.77 | Loss: 0.195 | Opp label coverage: 0.85
Step 1387092/5000000 | Win rate (rollout): 0.62 | Loss: 0.195 | Opp label coverage: 0.80
Step 1387611/5000000 | Win rate (rollout): 0.64 | Loss: 0.221 | Opp label coverage: 0.90
Step 1388123/5000000 | Win rate (rollout): 0.42 | Loss: 0.213 | Opp label coverage: 0.81
Step 1388637/5000000 | Win rate (rollout): 0.50 | Loss: 0.227 | Opp label coverage: 0.90
Step 1389151/5000000 | Win rate (rollout): 0.33 | Loss: 0.163 | Opp label coverage: 0.90
Step 1389663/5000000 | Win rate (rollout): 0.64 | Loss: 0.212 | Opp label coverage: 0.82
Step 1390175/5000000 | Win rate (rollout): 0.44 | Loss: 0.209 | Opp label coverage: 0.79
Step 1390687/5000000 | Win rate (rollout): 0.62 | Loss: 0.165 | Opp label coverage: 0.88
Step 1391205/5000000 | Win rate (rollout): 0.62 | Loss: 0.193 | Opp label coverage: 0.91
Step 1391720/5000000 | Win rate (rollout): 0.62 | Loss: 0.201 | Opp label coverage: 0.91
Step 1392232/5000000 | Win rate (rollout): 0.60 | Loss: 0.165 | Opp label coverage: 0.86
Step 1392744/5000000 | Win rate (rollout): 0.71 | Loss: 0.174 | Opp label coverage: 0.87
Step 1393256/5000000 | Win rate (rollout): 0.67 | Loss: 0.163 | Opp label coverage: 0.83
Step 1393768/5000000 | Win rate (rollout): 0.54 | Loss: 0.192 | Opp label coverage: 0.83
Step 1394282/5000000 | Win rate (rollout): 0.67 | Loss: 0.272 | Opp label coverage: 0.90
Step 1394794/5000000 | Win rate (rollout): 0.42 | Loss: 0.186 | Opp label coverage: 0.84
Step 1395307/5000000 | Win rate (rollout): 0.33 | Loss: 0.135 | Opp label coverage: 0.89
Step 1395821/5000000 | Win rate (rollout): 0.46 | Loss: 0.296 | Opp label coverage: 0.89
Step 1396338/5000000 | Win rate (rollout): 0.31 | Loss: 0.178 | Opp label coverage: 0.90
Step 1396854/5000000 | Win rate (rollout): 0.54 | Loss: 0.181 | Opp label coverage: 0.92
Step 1397371/5000000 | Win rate (rollout): 0.57 | Loss: 0.202 | Opp label coverage: 0.90
Step 1397889/5000000 | Win rate (rollout): 0.25 | Loss: 0.173 | Opp label coverage: 0.90
Step 1398402/5000000 | Win rate (rollout): 0.50 | Loss: 0.274 | Opp label coverage: 0.88
Step 1398914/5000000 | Win rate (rollout): 0.80 | Loss: 0.173 | Opp label coverage: 0.87
Step 1399426/5000000 | Win rate (rollout): 0.67 | Loss: 0.209 | Opp label coverage: 0.91
Step 1399942/5000000 | Win rate (rollout): 0.73 | Loss: 0.191 | Opp label coverage: 0.92
Step 1400454/5000000 | Win rate (rollout): 0.50 | Loss: 0.196 | Opp label coverage: 0.86
Step 1400966/5000000 | Win rate (rollout): 0.50 | Loss: 0.193 | Opp label coverage: 0.81
Step 1401485/5000000 | Win rate (rollout): 0.78 | Loss: 0.180 | Opp label coverage: 0.90
Step 1401997/5000000 | Win rate (rollout): 0.60 | Loss: 0.220 | Opp label coverage: 0.81
Step 1402509/5000000 | Win rate (rollout): 0.69 | Loss: 0.200 | Opp label coverage: 0.82
Step 1403021/5000000 | Win rate (rollout): 0.44 | Loss: 0.158 | Opp label coverage: 0.82
Step 1403538/5000000 | Win rate (rollout): 0.80 | Loss: 0.256 | Opp label coverage: 0.92
Step 1404056/5000000 | Win rate (rollout): 0.67 | Loss: 0.191 | Opp label coverage: 0.91
Step 1404568/5000000 | Win rate (rollout): 0.71 | Loss: 0.218 | Opp label coverage: 0.81
Step 1405080/5000000 | Win rate (rollout): 0.60 | Loss: 0.191 | Opp label coverage: 0.92
Step 1405592/5000000 | Win rate (rollout): 0.62 | Loss: 0.191 | Opp label coverage: 0.82
Step 1406108/5000000 | Win rate (rollout): 0.58 | Loss: 0.166 | Opp label coverage: 0.88
Step 1406620/5000000 | Win rate (rollout): 0.50 | Loss: 0.204 | Opp label coverage: 0.85
Step 1407138/5000000 | Win rate (rollout): 0.58 | Loss: 0.240 | Opp label coverage: 0.90
Step 1407656/5000000 | Win rate (rollout): 0.50 | Loss: 0.210 | Opp label coverage: 0.91
Step 1408168/5000000 | Win rate (rollout): 0.75 | Loss: 0.208 | Opp label coverage: 0.80
Step 1408680/5000000 | Win rate (rollout): 0.59 | Loss: 0.226 | Opp label coverage: 0.84
Step 1409192/5000000 | Win rate (rollout): 0.40 | Loss: 0.191 | Opp label coverage: 0.83
Step 1409711/5000000 | Win rate (rollout): 0.67 | Loss: 0.212 | Opp label coverage: 0.89
Step 1410223/5000000 | Win rate (rollout): 0.36 | Loss: 0.180 | Opp label coverage: 0.80
Step 1410735/5000000 | Win rate (rollout): 0.40 | Loss: 0.208 | Opp label coverage: 0.89
Step 1411251/5000000 | Win rate (rollout): 0.53 | Loss: 0.234 | Opp label coverage: 0.89
Step 1411763/5000000 | Win rate (rollout): 0.58 | Loss: 0.183 | Opp label coverage: 0.85
Step 1412275/5000000 | Win rate (rollout): 0.73 | Loss: 0.182 | Opp label coverage: 0.80
Step 1412790/5000000 | Win rate (rollout): 0.56 | Loss: 0.270 | Opp label coverage: 0.90
Step 1413302/5000000 | Win rate (rollout): 0.89 | Loss: 0.174 | Opp label coverage: 0.83
Step 1413820/5000000 | Win rate (rollout): 0.73 | Loss: 0.212 | Opp label coverage: 0.91
Step 1414338/5000000 | Win rate (rollout): 0.75 | Loss: 0.208 | Opp label coverage: 0.92
Step 1414850/5000000 | Win rate (rollout): 0.67 | Loss: 0.179 | Opp label coverage: 0.81
Step 1415362/5000000 | Win rate (rollout): 0.64 | Loss: 0.201 | Opp label coverage: 0.81
Step 1415874/5000000 | Win rate (rollout): 0.89 | Loss: 0.204 | Opp label coverage: 0.90
Step 1416386/5000000 | Win rate (rollout): 0.50 | Loss: 0.225 | Opp label coverage: 0.81
Step 1416898/5000000 | Win rate (rollout): 0.50 | Loss: 0.231 | Opp label coverage: 0.82
Step 1417410/5000000 | Win rate (rollout): 0.70 | Loss: 0.190 | Opp label coverage: 0.88
Step 1417922/5000000 | Win rate (rollout): 0.82 | Loss: 0.177 | Opp label coverage: 0.82
Step 1418439/5000000 | Win rate (rollout): 0.33 | Loss: 0.161 | Opp label coverage: 0.90
Step 1418956/5000000 | Win rate (rollout): 0.50 | Loss: 0.204 | Opp label coverage: 0.89
Step 1419469/5000000 | Win rate (rollout): 0.71 | Loss: 0.234 | Opp label coverage: 0.89
Step 1419981/5000000 | Win rate (rollout): 0.77 | Loss: 0.182 | Opp label coverage: 0.85
Step 1420499/5000000 | Win rate (rollout): 0.56 | Loss: 0.184 | Opp label coverage: 0.90
Step 1421014/5000000 | Win rate (rollout): 0.54 | Loss: 0.243 | Opp label coverage: 0.90
Step 1421527/5000000 | Win rate (rollout): 0.13 | Loss: 0.168 | Opp label coverage: 0.89
Step 1422039/5000000 | Win rate (rollout): 0.77 | Loss: 0.211 | Opp label coverage: 0.88
Step 1422551/5000000 | Win rate (rollout): 0.38 | Loss: 0.213 | Opp label coverage: 0.89
Step 1423063/5000000 | Win rate (rollout): 0.64 | Loss: 0.225 | Opp label coverage: 0.83
Step 1423575/5000000 | Win rate (rollout): 0.41 | Loss: 0.203 | Opp label coverage: 0.80
Step 1424093/5000000 | Win rate (rollout): 0.55 | Loss: 0.220 | Opp label coverage: 0.89
Step 1424612/5000000 | Win rate (rollout): 0.50 | Loss: 0.266 | Opp label coverage: 0.90
Step 1425129/5000000 | Win rate (rollout): 0.77 | Loss: 0.233 | Opp label coverage: 0.89
Step 1425642/5000000 | Win rate (rollout): 0.36 | Loss: 0.131 | Opp label coverage: 0.91
Step 1426154/5000000 | Win rate (rollout): 0.50 | Loss: 0.199 | Opp label coverage: 0.80
Step 1426666/5000000 | Win rate (rollout): 0.36 | Loss: 0.182 | Opp label coverage: 0.82
Step 1427178/5000000 | Win rate (rollout): 0.54 | Loss: 0.208 | Opp label coverage: 0.83
Step 1427691/5000000 | Win rate (rollout): 0.33 | Loss: 0.150 | Opp label coverage: 0.90
Step 1428203/5000000 | Win rate (rollout): 0.42 | Loss: 0.222 | Opp label coverage: 0.81
Step 1428717/5000000 | Win rate (rollout): 0.64 | Loss: 0.184 | Opp label coverage: 0.91
Step 1429236/5000000 | Win rate (rollout): 0.62 | Loss: 0.228 | Opp label coverage: 0.89
Step 1429748/5000000 | Win rate (rollout): 0.67 | Loss: 0.171 | Opp label coverage: 0.86
Step 1430260/5000000 | Win rate (rollout): 0.27 | Loss: 0.190 | Opp label coverage: 0.83
Step 1430775/5000000 | Win rate (rollout): 0.62 | Loss: 0.284 | Opp label coverage: 0.90
Step 1431292/5000000 | Win rate (rollout): 0.54 | Loss: 0.256 | Opp label coverage: 0.91
Step 1431804/5000000 | Win rate (rollout): 0.55 | Loss: 0.186 | Opp label coverage: 0.84
Step 1432318/5000000 | Win rate (rollout): 0.60 | Loss: 0.254 | Opp label coverage: 0.90
Step 1432830/5000000 | Win rate (rollout): 0.73 | Loss: 0.196 | Opp label coverage: 0.83
Step 1433346/5000000 | Win rate (rollout): 0.25 | Loss: 0.214 | Opp label coverage: 0.89
Step 1433858/5000000 | Win rate (rollout): 0.58 | Loss: 0.213 | Opp label coverage: 0.84
Step 1434370/5000000 | Win rate (rollout): 0.65 | Loss: 0.183 | Opp label coverage: 0.83
Step 1434882/5000000 | Win rate (rollout): 0.62 | Loss: 0.183 | Opp label coverage: 0.87
Step 1435394/5000000 | Win rate (rollout): 0.50 | Loss: 0.201 | Opp label coverage: 0.81
Step 1435906/5000000 | Win rate (rollout): 0.62 | Loss: 0.207 | Opp label coverage: 0.90
Step 1436419/5000000 | Win rate (rollout): 0.54 | Loss: 0.257 | Opp label coverage: 0.91
Step 1436931/5000000 | Win rate (rollout): 0.50 | Loss: 0.201 | Opp label coverage: 0.83
Step 1437450/5000000 | Win rate (rollout): 0.70 | Loss: 0.206 | Opp label coverage: 0.89
Step 1437968/5000000 | Win rate (rollout): 0.50 | Loss: 0.225 | Opp label coverage: 0.88
Step 1438480/5000000 | Win rate (rollout): 0.62 | Loss: 0.184 | Opp label coverage: 0.85
Step 1438992/5000000 | Win rate (rollout): 0.50 | Loss: 0.168 | Opp label coverage: 0.81
Step 1439509/5000000 | Win rate (rollout): 0.56 | Loss: 0.244 | Opp label coverage: 0.91
Step 1440021/5000000 | Win rate (rollout): 0.80 | Loss: 0.220 | Opp label coverage: 0.89
Step 1440537/5000000 | Win rate (rollout): 0.50 | Loss: 0.245 | Opp label coverage: 0.89
Step 1441055/5000000 | Win rate (rollout): 0.50 | Loss: 0.212 | Opp label coverage: 0.90
Step 1441569/5000000 | Win rate (rollout): 0.33 | Loss: 0.177 | Opp label coverage: 0.89
Step 1442086/5000000 | Win rate (rollout): 0.50 | Loss: 0.202 | Opp label coverage: 0.90
Step 1442598/5000000 | Win rate (rollout): 0.50 | Loss: 0.208 | Opp label coverage: 0.84
Step 1443110/5000000 | Win rate (rollout): 0.44 | Loss: 0.194 | Opp label coverage: 0.80
Step 1443624/5000000 | Win rate (rollout): 0.80 | Loss: 0.220 | Opp label coverage: 0.90
Step 1444136/5000000 | Win rate (rollout): 0.60 | Loss: 0.221 | Opp label coverage: 0.90
Step 1444655/5000000 | Win rate (rollout): 0.54 | Loss: 0.234 | Opp label coverage: 0.89
Step 1445172/5000000 | Win rate (rollout): 0.62 | Loss: 0.230 | Opp label coverage: 0.90
Step 1445684/5000000 | Win rate (rollout): 0.46 | Loss: 0.211 | Opp label coverage: 0.89
Step 1446196/5000000 | Win rate (rollout): 0.47 | Loss: 0.208 | Opp label coverage: 0.84
Step 1446711/5000000 | Win rate (rollout): 0.64 | Loss: 0.193 | Opp label coverage: 0.90
Step 1447223/5000000 | Win rate (rollout): 0.64 | Loss: 0.189 | Opp label coverage: 0.85
Step 1447735/5000000 | Win rate (rollout): 0.50 | Loss: 0.207 | Opp label coverage: 0.82
Step 1448254/5000000 | Win rate (rollout): 0.50 | Loss: 0.203 | Opp label coverage: 0.91
Step 1448766/5000000 | Win rate (rollout): 0.69 | Loss: 0.224 | Opp label coverage: 0.83
Step 1449285/5000000 | Win rate (rollout): 0.67 | Loss: 0.192 | Opp label coverage: 0.90
Step 1449797/5000000 | Win rate (rollout): 0.50 | Loss: 0.153 | Opp label coverage: 0.83
Step 1450312/5000000 | Win rate (rollout): 0.56 | Loss: 0.196 | Opp label coverage: 0.91
Step 1450825/5000000 | Win rate (rollout): 0.69 | Loss: 0.177 | Opp label coverage: 0.91
Step 1451337/5000000 | Win rate (rollout): 0.64 | Loss: 0.217 | Opp label coverage: 0.83
Step 1451849/5000000 | Win rate (rollout): 0.69 | Loss: 0.217 | Opp label coverage: 0.79
Step 1452361/5000000 | Win rate (rollout): 0.33 | Loss: 0.247 | Opp label coverage: 0.88
Step 1452873/5000000 | Win rate (rollout): 0.70 | Loss: 0.178 | Opp label coverage: 0.82
Step 1453391/5000000 | Win rate (rollout): 0.67 | Loss: 0.175 | Opp label coverage: 0.90
Step 1453903/5000000 | Win rate (rollout): 0.57 | Loss: 0.181 | Opp label coverage: 0.88
Step 1454415/5000000 | Win rate (rollout): 0.42 | Loss: 0.215 | Opp label coverage: 0.80
Step 1454931/5000000 | Win rate (rollout): 0.50 | Loss: 0.252 | Opp label coverage: 0.90
Step 1455443/5000000 | Win rate (rollout): 0.46 | Loss: 0.166 | Opp label coverage: 0.90
Step 1455955/5000000 | Win rate (rollout): 0.57 | Loss: 0.198 | Opp label coverage: 0.79
Step 1456467/5000000 | Win rate (rollout): 0.78 | Loss: 0.181 | Opp label coverage: 0.84
Step 1456979/5000000 | Win rate (rollout): 0.33 | Loss: 0.182 | Opp label coverage: 0.80
Step 1457491/5000000 | Win rate (rollout): 0.62 | Loss: 0.194 | Opp label coverage: 0.83
Step 1458005/5000000 | Win rate (rollout): 0.43 | Loss: 0.248 | Opp label coverage: 0.92
Step 1458517/5000000 | Win rate (rollout): 0.58 | Loss: 0.161 | Opp label coverage: 0.80
Step 1459032/5000000 | Win rate (rollout): 0.40 | Loss: 0.201 | Opp label coverage: 0.90
Step 1459544/5000000 | Win rate (rollout): 0.82 | Loss: 0.182 | Opp label coverage: 0.84
Step 1460056/5000000 | Win rate (rollout): 0.75 | Loss: 0.172 | Opp label coverage: 0.82
Step 1460568/5000000 | Win rate (rollout): 0.73 | Loss: 0.197 | Opp label coverage: 0.80
Step 1461083/5000000 | Win rate (rollout): 0.36 | Loss: 0.259 | Opp label coverage: 0.89
Step 1461597/5000000 | Win rate (rollout): 0.53 | Loss: 0.236 | Opp label coverage: 0.88
Step 1462111/5000000 | Win rate (rollout): 0.38 | Loss: 0.197 | Opp label coverage: 0.89
Step 1462623/5000000 | Win rate (rollout): 0.50 | Loss: 0.203 | Opp label coverage: 0.82
Step 1463141/5000000 | Win rate (rollout): 0.50 | Loss: 0.211 | Opp label coverage: 0.90
Step 1463653/5000000 | Win rate (rollout): 0.67 | Loss: 0.196 | Opp label coverage: 0.85
Step 1464171/5000000 | Win rate (rollout): 0.58 | Loss: 0.194 | Opp label coverage: 0.90
Step 1464683/5000000 | Win rate (rollout): 0.50 | Loss: 0.218 | Opp label coverage: 0.82
Step 1465199/5000000 | Win rate (rollout): 0.56 | Loss: 0.201 | Opp label coverage: 0.90
Step 1465717/5000000 | Win rate (rollout): 0.88 | Loss: 0.188 | Opp label coverage: 0.89
Step 1466232/5000000 | Win rate (rollout): 0.47 | Loss: 0.167 | Opp label coverage: 0.90
Step 1466744/5000000 | Win rate (rollout): 0.50 | Loss: 0.215 | Opp label coverage: 0.82
Step 1467256/5000000 | Win rate (rollout): 0.53 | Loss: 0.188 | Opp label coverage: 0.80
Step 1467768/5000000 | Win rate (rollout): 0.73 | Loss: 0.181 | Opp label coverage: 0.87
Step 1468280/5000000 | Win rate (rollout): 0.83 | Loss: 0.183 | Opp label coverage: 0.84
Step 1468792/5000000 | Win rate (rollout): 0.29 | Loss: 0.220 | Opp label coverage: 0.90
Step 1469304/5000000 | Win rate (rollout): 0.33 | Loss: 0.176 | Opp label coverage: 0.82
Step 1469820/5000000 | Win rate (rollout): 0.70 | Loss: 0.219 | Opp label coverage: 0.90
Step 1470337/5000000 | Win rate (rollout): 0.42 | Loss: 0.211 | Opp label coverage: 0.92
Step 1470849/5000000 | Win rate (rollout): 0.82 | Loss: 0.192 | Opp label coverage: 0.78
Step 1471364/5000000 | Win rate (rollout): 0.36 | Loss: 0.202 | Opp label coverage: 0.88
Step 1471879/5000000 | Win rate (rollout): 0.50 | Loss: 0.225 | Opp label coverage: 0.91
Step 1472395/5000000 | Win rate (rollout): 0.47 | Loss: 0.232 | Opp label coverage: 0.87
Step 1472910/5000000 | Win rate (rollout): 0.43 | Loss: 0.231 | Opp label coverage: 0.90
Step 1473423/5000000 | Win rate (rollout): 0.54 | Loss: 0.173 | Opp label coverage: 0.90
Step 1473935/5000000 | Win rate (rollout): 0.50 | Loss: 0.224 | Opp label coverage: 0.82
Step 1474447/5000000 | Win rate (rollout): 0.53 | Loss: 0.196 | Opp label coverage: 0.79
Step 1474962/5000000 | Win rate (rollout): 0.55 | Loss: 0.185 | Opp label coverage: 0.90
Step 1475474/5000000 | Win rate (rollout): 0.70 | Loss: 0.202 | Opp label coverage: 0.79
Step 1475989/5000000 | Win rate (rollout): 0.78 | Loss: 0.204 | Opp label coverage: 0.91
Step 1476504/5000000 | Win rate (rollout): 0.44 | Loss: 0.145 | Opp label coverage: 0.90
Step 1477016/5000000 | Win rate (rollout): 1.00 | Loss: 0.179 | Opp label coverage: 0.86
Step 1477528/5000000 | Win rate (rollout): 0.64 | Loss: 0.181 | Opp label coverage: 0.85
Step 1478040/5000000 | Win rate (rollout): 0.62 | Loss: 0.196 | Opp label coverage: 0.84
Step 1478555/5000000 | Win rate (rollout): 0.80 | Loss: 0.194 | Opp label coverage: 0.93
Step 1479071/5000000 | Win rate (rollout): 0.77 | Loss: 0.204 | Opp label coverage: 0.92
Step 1479583/5000000 | Win rate (rollout): 0.62 | Loss: 0.184 | Opp label coverage: 0.83
Step 1480095/5000000 | Win rate (rollout): 0.90 | Loss: 0.166 | Opp label coverage: 0.84
Step 1480607/5000000 | Win rate (rollout): 0.62 | Loss: 0.183 | Opp label coverage: 0.85
Step 1481119/5000000 | Win rate (rollout): 0.14 | Loss: 0.204 | Opp label coverage: 0.89
Step 1481631/5000000 | Win rate (rollout): 0.67 | Loss: 0.186 | Opp label coverage: 0.87
Step 1482143/5000000 | Win rate (rollout): 0.56 | Loss: 0.186 | Opp label coverage: 0.85
Step 1482656/5000000 | Win rate (rollout): 0.36 | Loss: 0.125 | Opp label coverage: 0.90
Step 1483171/5000000 | Win rate (rollout): 0.38 | Loss: 0.247 | Opp label coverage: 0.90
Step 1483686/5000000 | Win rate (rollout): 0.50 | Loss: 0.263 | Opp label coverage: 0.90
Step 1484203/5000000 | Win rate (rollout): 0.62 | Loss: 0.231 | Opp label coverage: 0.88
Step 1484715/5000000 | Win rate (rollout): 0.65 | Loss: 0.171 | Opp label coverage: 0.91
Step 1485231/5000000 | Win rate (rollout): 0.50 | Loss: 0.231 | Opp label coverage: 0.89
Step 1485747/5000000 | Win rate (rollout): 0.50 | Loss: 0.193 | Opp label coverage: 0.90
Step 1486259/5000000 | Win rate (rollout): 0.78 | Loss: 0.175 | Opp label coverage: 0.87
Step 1486778/5000000 | Win rate (rollout): 0.40 | Loss: 0.205 | Opp label coverage: 0.89
Step 1487290/5000000 | Win rate (rollout): 0.60 | Loss: 0.174 | Opp label coverage: 0.84
Step 1487807/5000000 | Win rate (rollout): 0.64 | Loss: 0.200 | Opp label coverage: 0.90
Step 1488323/5000000 | Win rate (rollout): 0.69 | Loss: 0.195 | Opp label coverage: 0.89
Step 1488835/5000000 | Win rate (rollout): 0.42 | Loss: 0.186 | Opp label coverage: 0.83
Step 1489347/5000000 | Win rate (rollout): 0.71 | Loss: 0.203 | Opp label coverage: 0.87
Step 1489862/5000000 | Win rate (rollout): 0.50 | Loss: 0.238 | Opp label coverage: 0.90
Step 1490374/5000000 | Win rate (rollout): 0.33 | Loss: 0.223 | Opp label coverage: 0.85
Step 1490893/5000000 | Win rate (rollout): 0.44 | Loss: 0.229 | Opp label coverage: 0.89
Step 1491411/5000000 | Win rate (rollout): 0.62 | Loss: 0.168 | Opp label coverage: 0.89
Step 1491923/5000000 | Win rate (rollout): 0.69 | Loss: 0.198 | Opp label coverage: 0.82
Step 1492441/5000000 | Win rate (rollout): 0.58 | Loss: 0.255 | Opp label coverage: 0.91
Step 1492953/5000000 | Win rate (rollout): 0.56 | Loss: 0.187 | Opp label coverage: 0.82
Step 1493470/5000000 | Win rate (rollout): 0.50 | Loss: 0.202 | Opp label coverage: 0.91
Step 1493982/5000000 | Win rate (rollout): 0.60 | Loss: 0.258 | Opp label coverage: 0.89
Step 1494495/5000000 | Win rate (rollout): 0.50 | Loss: 0.215 | Opp label coverage: 0.89
Step 1495007/5000000 | Win rate (rollout): 0.38 | Loss: 0.206 | Opp label coverage: 0.86
Step 1495525/5000000 | Win rate (rollout): 0.50 | Loss: 0.198 | Opp label coverage: 0.89
Step 1496037/5000000 | Win rate (rollout): 0.43 | Loss: 0.227 | Opp label coverage: 0.88
Step 1496551/5000000 | Win rate (rollout): 0.31 | Loss: 0.280 | Opp label coverage: 0.90
Step 1497068/5000000 | Win rate (rollout): 0.69 | Loss: 0.175 | Opp label coverage: 0.91
Step 1497586/5000000 | Win rate (rollout): 0.60 | Loss: 0.212 | Opp label coverage: 0.91
Step 1498098/5000000 | Win rate (rollout): 0.77 | Loss: 0.206 | Opp label coverage: 0.83
Step 1498610/5000000 | Win rate (rollout): 0.50 | Loss: 0.189 | Opp label coverage: 0.90
Step 1499122/5000000 | Win rate (rollout): 0.80 | Loss: 0.178 | Opp label coverage: 0.83
Step 1499635/5000000 | Win rate (rollout): 0.44 | Loss: 0.143 | Opp label coverage: 0.89
[checkpoint] Saved models/ppo/checkpoints/m9seed/ppo_step_1500017.pt
Step 1500152/5000000 | Win rate (rollout): 0.47 | Loss: 0.222 | Opp label coverage: 0.88
Step 1500670/5000000 | Win rate (rollout): 0.43 | Loss: 0.211 | Opp label coverage: 0.89
Step 1501188/5000000 | Win rate (rollout): 0.31 | Loss: 0.177 | Opp label coverage: 0.91
Step 1501706/5000000 | Win rate (rollout): 0.46 | Loss: 0.228 | Opp label coverage: 0.88
Step 1502218/5000000 | Win rate (rollout): 0.36 | Loss: 0.214 | Opp label coverage: 0.85
Step 1502733/5000000 | Win rate (rollout): 0.38 | Loss: 0.168 | Opp label coverage: 0.91
Step 1503250/5000000 | Win rate (rollout): 0.67 | Loss: 0.251 | Opp label coverage: 0.90
Step 1503763/5000000 | Win rate (rollout): 0.54 | Loss: 0.222 | Opp label coverage: 0.90
Step 1504279/5000000 | Win rate (rollout): 0.50 | Loss: 0.220 | Opp label coverage: 0.92
Step 1504791/5000000 | Win rate (rollout): 0.55 | Loss: 0.181 | Opp label coverage: 0.81
Step 1505307/5000000 | Win rate (rollout): 0.67 | Loss: 0.175 | Opp label coverage: 0.89
Step 1505824/5000000 | Win rate (rollout): 0.41 | Loss: 0.279 | Opp label coverage: 0.89
Step 1506339/5000000 | Win rate (rollout): 0.47 | Loss: 0.222 | Opp label coverage: 0.88
Step 1506851/5000000 | Win rate (rollout): 0.54 | Loss: 0.212 | Opp label coverage: 0.83
Step 1507366/5000000 | Win rate (rollout): 0.50 | Loss: 0.187 | Opp label coverage: 0.91
Step 1507878/5000000 | Win rate (rollout): 0.56 | Loss: 0.190 | Opp label coverage: 0.83
Step 1508395/5000000 | Win rate (rollout): 0.44 | Loss: 0.207 | Opp label coverage: 0.89
Step 1508907/5000000 | Win rate (rollout): 0.57 | Loss: 0.217 | Opp label coverage: 0.81
Step 1509425/5000000 | Win rate (rollout): 0.73 | Loss: 0.189 | Opp label coverage: 0.92
Step 1509937/5000000 | Win rate (rollout): 0.55 | Loss: 0.204 | Opp label coverage: 0.81
Step 1510453/5000000 | Win rate (rollout): 0.42 | Loss: 0.212 | Opp label coverage: 0.88
Step 1510966/5000000 | Win rate (rollout): 0.31 | Loss: 0.198 | Opp label coverage: 0.89
Step 1511478/5000000 | Win rate (rollout): 0.60 | Loss: 0.186 | Opp label coverage: 0.84
Step 1511990/5000000 | Win rate (rollout): 0.50 | Loss: 0.175 | Opp label coverage: 0.87
Step 1512502/5000000 | Win rate (rollout): 0.33 | Loss: 0.237 | Opp label coverage: 0.80
Step 1513014/5000000 | Win rate (rollout): 0.50 | Loss: 0.206 | Opp label coverage: 0.79
Step 1513526/5000000 | Win rate (rollout): 0.82 | Loss: 0.175 | Opp label coverage: 0.85
Step 1514038/5000000 | Win rate (rollout): 0.55 | Loss: 0.177 | Opp label coverage: 0.85
Step 1514556/5000000 | Win rate (rollout): 0.64 | Loss: 0.202 | Opp label coverage: 0.91
Step 1515073/5000000 | Win rate (rollout): 0.69 | Loss: 0.202 | Opp label coverage: 0.89
Step 1515585/5000000 | Win rate (rollout): 0.44 | Loss: 0.198 | Opp label coverage: 0.80
Step 1516102/5000000 | Win rate (rollout): 0.40 | Loss: 0.227 | Opp label coverage: 0.90
Step 1516616/5000000 | Win rate (rollout): 0.64 | Loss: 0.196 | Opp label coverage: 0.90
Step 1517128/5000000 | Win rate (rollout): 0.69 | Loss: 0.196 | Opp label coverage: 0.80
Step 1517640/5000000 | Win rate (rollout): 0.88 | Loss: 0.169 | Opp label coverage: 0.78
Step 1518153/5000000 | Win rate (rollout): 0.60 | Loss: 0.137 | Opp label coverage: 0.92
Step 1518665/5000000 | Win rate (rollout): 0.42 | Loss: 0.192 | Opp label coverage: 0.81
Step 1519177/5000000 | Win rate (rollout): 0.50 | Loss: 0.203 | Opp label coverage: 0.79
Step 1519691/5000000 | Win rate (rollout): 0.64 | Loss: 0.216 | Opp label coverage: 0.91
Step 1520205/5000000 | Win rate (rollout): 0.60 | Loss: 0.168 | Opp label coverage: 0.87
Step 1520717/5000000 | Win rate (rollout): 0.58 | Loss: 0.202 | Opp label coverage: 0.81
Step 1521229/5000000 | Win rate (rollout): 0.80 | Loss: 0.217 | Opp label coverage: 0.79
Step 1521744/5000000 | Win rate (rollout): 0.40 | Loss: 0.242 | Opp label coverage: 0.89
Step 1522256/5000000 | Win rate (rollout): 0.88 | Loss: 0.188 | Opp label coverage: 0.82
Step 1522768/5000000 | Win rate (rollout): 0.40 | Loss: 0.245 | Opp label coverage: 0.89
Step 1523284/5000000 | Win rate (rollout): 0.67 | Loss: 0.199 | Opp label coverage: 0.91
Step 1523803/5000000 | Win rate (rollout): 0.67 | Loss: 0.184 | Opp label coverage: 0.91
Step 1524315/5000000 | Win rate (rollout): 0.75 | Loss: 0.175 | Opp label coverage: 0.79
Step 1524827/5000000 | Win rate (rollout): 0.40 | Loss: 0.242 | Opp label coverage: 0.89
Step 1525339/5000000 | Win rate (rollout): 0.75 | Loss: 0.210 | Opp label coverage: 0.82
Step 1525851/5000000 | Win rate (rollout): 0.41 | Loss: 0.196 | Opp label coverage: 0.83
Step 1526365/5000000 | Win rate (rollout): 0.40 | Loss: 0.162 | Opp label coverage: 0.90
Step 1526877/5000000 | Win rate (rollout): 0.69 | Loss: 0.215 | Opp label coverage: 0.82
Step 1527389/5000000 | Win rate (rollout): 0.46 | Loss: 0.182 | Opp label coverage: 0.80
Step 1527907/5000000 | Win rate (rollout): 0.64 | Loss: 0.217 | Opp label coverage: 0.90
Step 1528422/5000000 | Win rate (rollout): 0.67 | Loss: 0.303 | Opp label coverage: 0.90
Step 1528937/5000000 | Win rate (rollout): 0.50 | Loss: 0.231 | Opp label coverage: 0.87
Step 1529449/5000000 | Win rate (rollout): 0.40 | Loss: 0.204 | Opp label coverage: 0.81
Step 1529961/5000000 | Win rate (rollout): 0.45 | Loss: 0.200 | Opp label coverage: 0.79
Step 1530474/5000000 | Win rate (rollout): 0.40 | Loss: 0.304 | Opp label coverage: 0.89
Step 1530987/5000000 | Win rate (rollout): 0.57 | Loss: 0.119 | Opp label coverage: 0.88
Step 1531499/5000000 | Win rate (rollout): 0.80 | Loss: 0.179 | Opp label coverage: 0.79
Step 1532011/5000000 | Win rate (rollout): 0.62 | Loss: 0.190 | Opp label coverage: 0.91
Step 1532523/5000000 | Win rate (rollout): 0.42 | Loss: 0.173 | Opp label coverage: 0.83
Step 1533035/5000000 | Win rate (rollout): 0.64 | Loss: 0.227 | Opp label coverage: 0.85
Step 1533548/5000000 | Win rate (rollout): 0.50 | Loss: 0.270 | Opp label coverage: 0.91
Step 1534060/5000000 | Win rate (rollout): 0.62 | Loss: 0.210 | Opp label coverage: 0.93
Step 1534572/5000000 | Win rate (rollout): 0.43 | Loss: 0.204 | Opp label coverage: 0.86
Step 1535087/5000000 | Win rate (rollout): 0.27 | Loss: 0.215 | Opp label coverage: 0.90
Step 1535605/5000000 | Win rate (rollout): 0.21 | Loss: 0.230 | Opp label coverage: 0.88
Step 1536117/5000000 | Win rate (rollout): 0.50 | Loss: 0.185 | Opp label coverage: 0.80
Step 1536629/5000000 | Win rate (rollout): 0.31 | Loss: 0.169 | Opp label coverage: 0.81
Step 1537141/5000000 | Win rate (rollout): 0.44 | Loss: 0.209 | Opp label coverage: 0.89
Step 1537658/5000000 | Win rate (rollout): 0.47 | Loss: 0.159 | Opp label coverage: 0.89
Step 1538173/5000000 | Win rate (rollout): 0.40 | Loss: 0.196 | Opp label coverage: 0.87
Step 1538689/5000000 | Win rate (rollout): 0.36 | Loss: 0.224 | Opp label coverage: 0.89
Step 1539201/5000000 | Win rate (rollout): 0.56 | Loss: 0.181 | Opp label coverage: 0.82
Step 1539713/5000000 | Win rate (rollout): 0.31 | Loss: 0.194 | Opp label coverage: 0.84
Step 1540226/5000000 | Win rate (rollout): 0.12 | Loss: 0.111 | Opp label coverage: 0.89
Step 1540741/5000000 | Win rate (rollout): 0.14 | Loss: 0.222 | Opp label coverage: 0.90
Step 1541253/5000000 | Win rate (rollout): 0.46 | Loss: 0.199 | Opp label coverage: 0.84
Step 1541769/5000000 | Win rate (rollout): 0.36 | Loss: 0.235 | Opp label coverage: 0.90
Step 1542286/5000000 | Win rate (rollout): 0.38 | Loss: 0.253 | Opp label coverage: 0.90
Step 1542798/5000000 | Win rate (rollout): 0.62 | Loss: 0.173 | Opp label coverage: 0.87
Step 1543313/5000000 | Win rate (rollout): 0.40 | Loss: 0.169 | Opp label coverage: 0.90
Step 1543825/5000000 | Win rate (rollout): 0.55 | Loss: 0.229 | Opp label coverage: 0.84
Step 1544337/5000000 | Win rate (rollout): 0.54 | Loss: 0.186 | Opp label coverage: 0.78
Step 1544849/5000000 | Win rate (rollout): 0.56 | Loss: 0.232 | Opp label coverage: 0.89
Step 1545361/5000000 | Win rate (rollout): 0.38 | Loss: 0.184 | Opp label coverage: 0.82
Step 1545873/5000000 | Win rate (rollout): 0.27 | Loss: 0.170 | Opp label coverage: 0.84
Step 1546385/5000000 | Win rate (rollout): 0.35 | Loss: 0.208 | Opp label coverage: 0.80
Step 1546897/5000000 | Win rate (rollout): 0.64 | Loss: 0.215 | Opp label coverage: 0.85
Step 1547409/5000000 | Win rate (rollout): 0.56 | Loss: 0.219 | Opp label coverage: 0.85
Step 1547927/5000000 | Win rate (rollout): 0.33 | Loss: 0.218 | Opp label coverage: 0.87
Step 1548440/5000000 | Win rate (rollout): 0.54 | Loss: 0.277 | Opp label coverage: 0.91
Step 1548952/5000000 | Win rate (rollout): 0.80 | Loss: 0.178 | Opp label coverage: 0.85
Step 1549464/5000000 | Win rate (rollout): 0.29 | Loss: 0.190 | Opp label coverage: 0.82
Step 1549983/5000000 | Win rate (rollout): 0.82 | Loss: 0.196 | Opp label coverage: 0.89
Step 1550495/5000000 | Win rate (rollout): 0.43 | Loss: 0.173 | Opp label coverage: 0.84
Step 1551014/5000000 | Win rate (rollout): 0.33 | Loss: 0.225 | Opp label coverage: 0.89
Step 1551526/5000000 | Win rate (rollout): 0.62 | Loss: 0.180 | Opp label coverage: 0.84
Step 1552038/5000000 | Win rate (rollout): 0.67 | Loss: 0.224 | Opp label coverage: 0.77
Step 1552550/5000000 | Win rate (rollout): 0.89 | Loss: 0.187 | Opp label coverage: 0.77
Step 1553064/5000000 | Win rate (rollout): 0.67 | Loss: 0.156 | Opp label coverage: 0.91
Step 1553576/5000000 | Win rate (rollout): 0.60 | Loss: 0.176 | Opp label coverage: 0.84
Step 1554088/5000000 | Win rate (rollout): 0.38 | Loss: 0.227 | Opp label coverage: 0.91
Step 1554600/5000000 | Win rate (rollout): 0.59 | Loss: 0.218 | Opp label coverage: 0.89
Step 1555112/5000000 | Win rate (rollout): 0.46 | Loss: 0.190 | Opp label coverage: 0.79
Step 1555624/5000000 | Win rate (rollout): 0.60 | Loss: 0.184 | Opp label coverage: 0.85
Step 1556136/5000000 | Win rate (rollout): 0.69 | Loss: 0.196 | Opp label coverage: 0.80
Step 1556651/5000000 | Win rate (rollout): 0.50 | Loss: 0.189 | Opp label coverage: 0.89
Step 1557163/5000000 | Win rate (rollout): 0.46 | Loss: 0.189 | Opp label coverage: 0.80
Step 1557675/5000000 | Win rate (rollout): 0.56 | Loss: 0.253 | Opp label coverage: 0.84
Step 1558189/5000000 | Win rate (rollout): 0.80 | Loss: 0.199 | Opp label coverage: 0.90
Step 1558704/5000000 | Win rate (rollout): 0.73 | Loss: 0.159 | Opp label coverage: 0.91
Step 1559221/5000000 | Win rate (rollout): 0.60 | Loss: 0.160 | Opp label coverage: 0.89
Step 1559733/5000000 | Win rate (rollout): 0.57 | Loss: 0.180 | Opp label coverage: 0.83
Step 1560245/5000000 | Win rate (rollout): 0.33 | Loss: 0.208 | Opp label coverage: 0.86
Step 1560757/5000000 | Win rate (rollout): 0.31 | Loss: 0.215 | Opp label coverage: 0.84
Step 1561276/5000000 | Win rate (rollout): 0.55 | Loss: 0.205 | Opp label coverage: 0.88
Step 1561788/5000000 | Win rate (rollout): 0.64 | Loss: 0.190 | Opp label coverage: 0.80
Step 1562303/5000000 | Win rate (rollout): 0.62 | Loss: 0.152 | Opp label coverage: 0.90
Step 1562819/5000000 | Win rate (rollout): 0.62 | Loss: 0.202 | Opp label coverage: 0.89
Step 1563331/5000000 | Win rate (rollout): 0.58 | Loss: 0.180 | Opp label coverage: 0.84
Step 1563846/5000000 | Win rate (rollout): 0.55 | Loss: 0.192 | Opp label coverage: 0.90
Step 1564358/5000000 | Win rate (rollout): 0.36 | Loss: 0.193 | Opp label coverage: 0.88
Step 1564876/5000000 | Win rate (rollout): 0.40 | Loss: 0.195 | Opp label coverage: 0.89
Step 1565393/5000000 | Win rate (rollout): 0.54 | Loss: 0.212 | Opp label coverage: 0.91
Step 1565911/5000000 | Win rate (rollout): 0.44 | Loss: 0.205 | Opp label coverage: 0.90
Step 1566430/5000000 | Win rate (rollout): 0.69 | Loss: 0.171 | Opp label coverage: 0.89
Step 1566942/5000000 | Win rate (rollout): 0.55 | Loss: 0.221 | Opp label coverage: 0.86
Step 1567460/5000000 | Win rate (rollout): 0.43 | Loss: 0.185 | Opp label coverage: 0.92
Step 1567972/5000000 | Win rate (rollout): 0.69 | Loss: 0.199 | Opp label coverage: 0.82
Step 1568486/5000000 | Win rate (rollout): 0.44 | Loss: 0.229 | Opp label coverage: 0.90
Step 1568998/5000000 | Win rate (rollout): 0.89 | Loss: 0.179 | Opp label coverage: 0.80
Step 1569513/5000000 | Win rate (rollout): 0.42 | Loss: 0.212 | Opp label coverage: 0.88
Step 1570025/5000000 | Win rate (rollout): 0.50 | Loss: 0.210 | Opp label coverage: 0.82
Step 1570537/5000000 | Win rate (rollout): 0.75 | Loss: 0.180 | Opp label coverage: 0.81
Step 1571050/5000000 | Win rate (rollout): 0.56 | Loss: 0.276 | Opp label coverage: 0.88
Step 1571563/5000000 | Win rate (rollout): 0.41 | Loss: 0.235 | Opp label coverage: 0.88
Step 1572078/5000000 | Win rate (rollout): 0.46 | Loss: 0.177 | Opp label coverage: 0.89
Step 1572590/5000000 | Win rate (rollout): 0.50 | Loss: 0.183 | Opp label coverage: 0.81
Step 1573105/5000000 | Win rate (rollout): 0.36 | Loss: 0.207 | Opp label coverage: 0.88
Step 1573617/5000000 | Win rate (rollout): 0.38 | Loss: 0.174 | Opp label coverage: 0.80
Step 1574129/5000000 | Win rate (rollout): 0.35 | Loss: 0.220 | Opp label coverage: 0.80
Step 1574645/5000000 | Win rate (rollout): 0.60 | Loss: 0.198 | Opp label coverage: 0.87
Step 1575157/5000000 | Win rate (rollout): 0.45 | Loss: 0.212 | Opp label coverage: 0.79
Step 1575669/5000000 | Win rate (rollout): 0.56 | Loss: 0.180 | Opp label coverage: 0.83
Step 1576186/5000000 | Win rate (rollout): 0.64 | Loss: 0.211 | Opp label coverage: 0.89
Step 1576700/5000000 | Win rate (rollout): 0.73 | Loss: 0.225 | Opp label coverage: 0.90
Step 1577212/5000000 | Win rate (rollout): 0.25 | Loss: 0.203 | Opp label coverage: 0.81
Step 1577727/5000000 | Win rate (rollout): 0.56 | Loss: 0.233 | Opp label coverage: 0.88
Step 1578239/5000000 | Win rate (rollout): 0.78 | Loss: 0.177 | Opp label coverage: 0.82
Step 1578751/5000000 | Win rate (rollout): 0.60 | Loss: 0.201 | Opp label coverage: 0.84
Step 1579263/5000000 | Win rate (rollout): 0.73 | Loss: 0.206 | Opp label coverage: 0.83
Step 1579778/5000000 | Win rate (rollout): 0.64 | Loss: 0.285 | Opp label coverage: 0.90
Step 1580290/5000000 | Win rate (rollout): 0.62 | Loss: 0.221 | Opp label coverage: 0.81
Step 1580802/5000000 | Win rate (rollout): 0.61 | Loss: 0.182 | Opp label coverage: 0.81
Step 1581314/5000000 | Win rate (rollout): 0.53 | Loss: 0.255 | Opp label coverage: 0.80
Step 1581826/5000000 | Win rate (rollout): 0.53 | Loss: 0.216 | Opp label coverage: 0.84
Step 1582338/5000000 | Win rate (rollout): 0.75 | Loss: 0.175 | Opp label coverage: 0.80
Step 1582850/5000000 | Win rate (rollout): 0.62 | Loss: 0.212 | Opp label coverage: 0.90
Step 1583362/5000000 | Win rate (rollout): 0.54 | Loss: 0.190 | Opp label coverage: 0.84
Step 1583875/5000000 | Win rate (rollout): 0.46 | Loss: 0.180 | Opp label coverage: 0.87
Step 1584387/5000000 | Win rate (rollout): 0.50 | Loss: 0.211 | Opp label coverage: 0.85
Step 1584899/5000000 | Win rate (rollout): 0.53 | Loss: 0.198 | Opp label coverage: 0.78
Step 1585413/5000000 | Win rate (rollout): 0.20 | Loss: 0.201 | Opp label coverage: 0.89
Step 1585931/5000000 | Win rate (rollout): 0.64 | Loss: 0.231 | Opp label coverage: 0.89
Step 1586443/5000000 | Win rate (rollout): 0.58 | Loss: 0.183 | Opp label coverage: 0.90
Step 1586955/5000000 | Win rate (rollout): 0.56 | Loss: 0.181 | Opp label coverage: 0.79
Step 1587467/5000000 | Win rate (rollout): 0.46 | Loss: 0.206 | Opp label coverage: 0.82
Step 1587982/5000000 | Win rate (rollout): 0.33 | Loss: 0.280 | Opp label coverage: 0.89
Step 1588500/5000000 | Win rate (rollout): 0.69 | Loss: 0.204 | Opp label coverage: 0.91
Step 1589013/5000000 | Win rate (rollout): 0.58 | Loss: 0.209 | Opp label coverage: 0.88
Step 1589525/5000000 | Win rate (rollout): 0.60 | Loss: 0.177 | Opp label coverage: 0.81
Step 1590037/5000000 | Win rate (rollout): 0.67 | Loss: 0.218 | Opp label coverage: 0.86
Step 1590554/5000000 | Win rate (rollout): 0.60 | Loss: 0.242 | Opp label coverage: 0.91
Step 1591066/5000000 | Win rate (rollout): 0.45 | Loss: 0.186 | Opp label coverage: 0.81
Step 1591583/5000000 | Win rate (rollout): 0.55 | Loss: 0.228 | Opp label coverage: 0.89
Step 1592095/5000000 | Win rate (rollout): 0.62 | Loss: 0.172 | Opp label coverage: 0.84
Step 1592612/5000000 | Win rate (rollout): 0.33 | Loss: 0.195 | Opp label coverage: 0.90
Step 1593124/5000000 | Win rate (rollout): 0.83 | Loss: 0.177 | Opp label coverage: 0.82
Step 1593641/5000000 | Win rate (rollout): 0.82 | Loss: 0.195 | Opp label coverage: 0.91
Step 1594154/5000000 | Win rate (rollout): 0.62 | Loss: 0.290 | Opp label coverage: 0.90
Step 1594666/5000000 | Win rate (rollout): 0.67 | Loss: 0.230 | Opp label coverage: 0.87
Step 1595178/5000000 | Win rate (rollout): 0.91 | Loss: 0.170 | Opp label coverage: 0.83
Step 1595690/5000000 | Win rate (rollout): 0.64 | Loss: 0.199 | Opp label coverage: 0.83
Step 1596208/5000000 | Win rate (rollout): 0.42 | Loss: 0.183 | Opp label coverage: 0.87
Step 1596723/5000000 | Win rate (rollout): 0.38 | Loss: 0.249 | Opp label coverage: 0.90
Step 1597235/5000000 | Win rate (rollout): 0.55 | Loss: 0.225 | Opp label coverage: 0.83
Step 1597747/5000000 | Win rate (rollout): 0.62 | Loss: 0.226 | Opp label coverage: 0.81
Step 1598259/5000000 | Win rate (rollout): 0.64 | Loss: 0.202 | Opp label coverage: 0.76
Step 1598777/5000000 | Win rate (rollout): 0.50 | Loss: 0.192 | Opp label coverage: 0.89
Step 1599289/5000000 | Win rate (rollout): 0.67 | Loss: 0.201 | Opp label coverage: 0.87
Step 1599802/5000000 | Win rate (rollout): 0.78 | Loss: 0.090 | Opp label coverage: 0.92
Step 1600314/5000000 | Win rate (rollout): 0.78 | Loss: 0.169 | Opp label coverage: 0.87
Step 1600826/5000000 | Win rate (rollout): 0.50 | Loss: 0.195 | Opp label coverage: 0.78
Step 1601338/5000000 | Win rate (rollout): 0.78 | Loss: 0.161 | Opp label coverage: 0.86
Step 1601850/5000000 | Win rate (rollout): 0.40 | Loss: 0.215 | Opp label coverage: 0.89
Step 1602362/5000000 | Win rate (rollout): 0.45 | Loss: 0.211 | Opp label coverage: 0.82
Step 1602879/5000000 | Win rate (rollout): 0.50 | Loss: 0.206 | Opp label coverage: 0.90
Step 1603391/5000000 | Win rate (rollout): 0.67 | Loss: 0.219 | Opp label coverage: 0.90
Step 1603903/5000000 | Win rate (rollout): 0.46 | Loss: 0.258 | Opp label coverage: 0.80
Step 1604416/5000000 | Win rate (rollout): 0.50 | Loss: 0.272 | Opp label coverage: 0.89
Step 1604930/5000000 | Win rate (rollout): 0.53 | Loss: 0.236 | Opp label coverage: 0.89
Step 1605443/5000000 | Win rate (rollout): 0.29 | Loss: 0.143 | Opp label coverage: 0.90
Step 1605958/5000000 | Win rate (rollout): 0.21 | Loss: 0.170 | Opp label coverage: 0.88
Step 1606470/5000000 | Win rate (rollout): 0.57 | Loss: 0.215 | Opp label coverage: 0.81
Step 1606982/5000000 | Win rate (rollout): 0.53 | Loss: 0.216 | Opp label coverage: 0.83
Step 1607498/5000000 | Win rate (rollout): 0.60 | Loss: 0.212 | Opp label coverage: 0.89
Step 1608015/5000000 | Win rate (rollout): 0.33 | Loss: 0.263 | Opp label coverage: 0.88
Step 1608527/5000000 | Win rate (rollout): 0.58 | Loss: 0.179 | Opp label coverage: 0.82
Step 1609045/5000000 | Win rate (rollout): 0.30 | Loss: 0.242 | Opp label coverage: 0.90
Step 1609557/5000000 | Win rate (rollout): 0.60 | Loss: 0.214 | Opp label coverage: 0.87
Step 1610069/5000000 | Win rate (rollout): 0.70 | Loss: 0.199 | Opp label coverage: 0.81
Step 1610581/5000000 | Win rate (rollout): 0.47 | Loss: 0.167 | Opp label coverage: 0.82
Step 1611093/5000000 | Win rate (rollout): 0.70 | Loss: 0.183 | Opp label coverage: 0.91
Step 1611606/5000000 | Win rate (rollout): 0.78 | Loss: 0.211 | Opp label coverage: 0.93
Step 1612119/5000000 | Win rate (rollout): 0.36 | Loss: 0.249 | Opp label coverage: 0.89
Step 1612631/5000000 | Win rate (rollout): 0.64 | Loss: 0.215 | Opp label coverage: 0.80
Step 1613145/5000000 | Win rate (rollout): 0.29 | Loss: 0.188 | Opp label coverage: 0.88
Step 1613657/5000000 | Win rate (rollout): 0.77 | Loss: 0.245 | Opp label coverage: 0.84
Step 1614169/5000000 | Win rate (rollout): 0.25 | Loss: 0.174 | Opp label coverage: 0.86
Step 1614681/5000000 | Win rate (rollout): 0.31 | Loss: 0.204 | Opp label coverage: 0.84
Step 1615195/5000000 | Win rate (rollout): 0.20 | Loss: 0.134 | Opp label coverage: 0.89
Step 1615710/5000000 | Win rate (rollout): 0.62 | Loss: 0.252 | Opp label coverage: 0.90
Step 1616222/5000000 | Win rate (rollout): 0.67 | Loss: 0.199 | Opp label coverage: 0.86
Step 1616734/5000000 | Win rate (rollout): 0.56 | Loss: 0.205 | Opp label coverage: 0.90
Step 1617246/5000000 | Win rate (rollout): 0.43 | Loss: 0.206 | Opp label coverage: 0.83
Step 1617758/5000000 | Win rate (rollout): 0.44 | Loss: 0.232 | Opp label coverage: 0.88
Step 1618273/5000000 | Win rate (rollout): 0.62 | Loss: 0.227 | Opp label coverage: 0.91
Step 1618785/5000000 | Win rate (rollout): 0.62 | Loss: 0.168 | Opp label coverage: 0.88
Step 1619302/5000000 | Win rate (rollout): 0.30 | Loss: 0.217 | Opp label coverage: 0.89
Step 1619814/5000000 | Win rate (rollout): 0.50 | Loss: 0.176 | Opp label coverage: 0.84
Step 1620329/5000000 | Win rate (rollout): 0.60 | Loss: 0.177 | Opp label coverage: 0.90
Step 1620841/5000000 | Win rate (rollout): 0.00 | Loss: 0.164 | Opp label coverage: 0.83
Step 1621353/5000000 | Win rate (rollout): 0.46 | Loss: 0.212 | Opp label coverage: 0.79
Step 1621865/5000000 | Win rate (rollout): 0.44 | Loss: 0.198 | Opp label coverage: 0.89
Step 1622377/5000000 | Win rate (rollout): 0.50 | Loss: 0.177 | Opp label coverage: 0.85
Step 1622889/5000000 | Win rate (rollout): 0.40 | Loss: 0.190 | Opp label coverage: 0.79
Step 1623401/5000000 | Win rate (rollout): 0.50 | Loss: 0.212 | Opp label coverage: 0.82
Step 1623920/5000000 | Win rate (rollout): 0.67 | Loss: 0.262 | Opp label coverage: 0.90
Step 1624432/5000000 | Win rate (rollout): 0.38 | Loss: 0.187 | Opp label coverage: 0.79
Step 1624947/5000000 | Win rate (rollout): 0.36 | Loss: 0.215 | Opp label coverage: 0.88
Step 1625460/5000000 | Win rate (rollout): 0.62 | Loss: 0.225 | Opp label coverage: 0.89
Step 1625972/5000000 | Win rate (rollout): 0.46 | Loss: 0.200 | Opp label coverage: 0.80
Step 1626484/5000000 | Win rate (rollout): 0.44 | Loss: 0.207 | Opp label coverage: 0.85
Step 1626996/5000000 | Win rate (rollout): 0.73 | Loss: 0.189 | Opp label coverage: 0.87
Step 1627508/5000000 | Win rate (rollout): 0.57 | Loss: 0.199 | Opp label coverage: 0.86
Step 1628020/5000000 | Win rate (rollout): 0.50 | Loss: 0.242 | Opp label coverage: 0.88
Step 1628532/5000000 | Win rate (rollout): 0.38 | Loss: 0.201 | Opp label coverage: 0.81
Step 1629044/5000000 | Win rate (rollout): 0.88 | Loss: 0.193 | Opp label coverage: 0.87
Step 1629556/5000000 | Win rate (rollout): 0.38 | Loss: 0.178 | Opp label coverage: 0.82
Step 1630070/5000000 | Win rate (rollout): 0.64 | Loss: 0.175 | Opp label coverage: 0.90
Step 1630582/5000000 | Win rate (rollout): 0.60 | Loss: 0.212 | Opp label coverage: 0.85
Step 1631094/5000000 | Win rate (rollout): 0.50 | Loss: 0.207 | Opp label coverage: 0.87
Step 1631606/5000000 | Win rate (rollout): 0.36 | Loss: 0.215 | Opp label coverage: 0.77
Step 1632118/5000000 | Win rate (rollout): 0.67 | Loss: 0.182 | Opp label coverage: 0.84
Step 1632634/5000000 | Win rate (rollout): 0.44 | Loss: 0.224 | Opp label coverage: 0.90
Step 1633146/5000000 | Win rate (rollout): 0.40 | Loss: 0.178 | Opp label coverage: 0.77
Step 1633660/5000000 | Win rate (rollout): 0.43 | Loss: 0.216 | Opp label coverage: 0.91
Step 1634172/5000000 | Win rate (rollout): 0.25 | Loss: 0.193 | Opp label coverage: 0.91
Step 1634684/5000000 | Win rate (rollout): 0.43 | Loss: 0.229 | Opp label coverage: 0.82
Step 1635203/5000000 | Win rate (rollout): 0.75 | Loss: 0.190 | Opp label coverage: 0.89
Step 1635719/5000000 | Win rate (rollout): 0.57 | Loss: 0.255 | Opp label coverage: 0.90
Step 1636235/5000000 | Win rate (rollout): 0.50 | Loss: 0.162 | Opp label coverage: 0.89
Step 1636747/5000000 | Win rate (rollout): 0.23 | Loss: 0.207 | Opp label coverage: 0.83
Step 1637264/5000000 | Win rate (rollout): 0.40 | Loss: 0.292 | Opp label coverage: 0.90
Step 1637776/5000000 | Win rate (rollout): 0.44 | Loss: 0.179 | Opp label coverage: 0.86
Step 1638288/5000000 | Win rate (rollout): 0.31 | Loss: 0.189 | Opp label coverage: 0.85
Step 1638800/5000000 | Win rate (rollout): 0.67 | Loss: 0.190 | Opp label coverage: 0.84
Step 1639312/5000000 | Win rate (rollout): 0.20 | Loss: 0.223 | Opp label coverage: 0.88
Step 1639824/5000000 | Win rate (rollout): 0.43 | Loss: 0.199 | Opp label coverage: 0.90
Step 1640343/5000000 | Win rate (rollout): 0.29 | Loss: 0.163 | Opp label coverage: 0.89
Step 1640857/5000000 | Win rate (rollout): 0.46 | Loss: 0.169 | Opp label coverage: 0.89
Step 1641370/5000000 | Win rate (rollout): 0.57 | Loss: 0.190 | Opp label coverage: 0.88
Step 1641887/5000000 | Win rate (rollout): 0.36 | Loss: 0.180 | Opp label coverage: 0.89
Step 1642399/5000000 | Win rate (rollout): 0.43 | Loss: 0.218 | Opp label coverage: 0.81
Step 1642911/5000000 | Win rate (rollout): 0.56 | Loss: 0.210 | Opp label coverage: 0.90
Step 1643428/5000000 | Win rate (rollout): 0.23 | Loss: 0.169 | Opp label coverage: 0.90
Step 1643945/5000000 | Win rate (rollout): 0.25 | Loss: 0.191 | Opp label coverage: 0.90
Step 1644457/5000000 | Win rate (rollout): 0.67 | Loss: 0.223 | Opp label coverage: 0.85
Step 1644969/5000000 | Win rate (rollout): 0.40 | Loss: 0.187 | Opp label coverage: 0.81
Step 1645487/5000000 | Win rate (rollout): 0.44 | Loss: 0.208 | Opp label coverage: 0.90
Step 1646006/5000000 | Win rate (rollout): 0.23 | Loss: 0.172 | Opp label coverage: 0.88
Step 1646519/5000000 | Win rate (rollout): 0.38 | Loss: 0.274 | Opp label coverage: 0.91
Step 1647031/5000000 | Win rate (rollout): 0.36 | Loss: 0.187 | Opp label coverage: 0.83
Step 1647544/5000000 | Win rate (rollout): 0.45 | Loss: 0.120 | Opp label coverage: 0.89
Step 1648060/5000000 | Win rate (rollout): 0.46 | Loss: 0.155 | Opp label coverage: 0.89
Step 1648572/5000000 | Win rate (rollout): 0.50 | Loss: 0.189 | Opp label coverage: 0.89
Step 1649084/5000000 | Win rate (rollout): 0.81 | Loss: 0.189 | Opp label coverage: 0.81
Step 1649598/5000000 | Win rate (rollout): 0.50 | Loss: 0.292 | Opp label coverage: 0.90
Step 1650110/5000000 | Win rate (rollout): 0.80 | Loss: 0.184 | Opp label coverage: 0.88
Step 1650623/5000000 | Win rate (rollout): 0.62 | Loss: 0.249 | Opp label coverage: 0.88
Step 1651135/5000000 | Win rate (rollout): 0.79 | Loss: 0.238 | Opp label coverage: 0.91
Step 1651647/5000000 | Win rate (rollout): 0.42 | Loss: 0.215 | Opp label coverage: 0.81
Step 1652159/5000000 | Win rate (rollout): 0.88 | Loss: 0.193 | Opp label coverage: 0.86
Step 1652671/5000000 | Win rate (rollout): 0.70 | Loss: 0.172 | Opp label coverage: 0.91
Step 1653183/5000000 | Win rate (rollout): 0.57 | Loss: 0.192 | Opp label coverage: 0.85
Step 1653695/5000000 | Win rate (rollout): 0.60 | Loss: 0.181 | Opp label coverage: 0.87
Step 1654212/5000000 | Win rate (rollout): 0.33 | Loss: 0.214 | Opp label coverage: 0.89
Step 1654724/5000000 | Win rate (rollout): 0.58 | Loss: 0.232 | Opp label coverage: 0.80
Step 1655236/5000000 | Win rate (rollout): 0.50 | Loss: 0.221 | Opp label coverage: 0.81
Step 1655755/5000000 | Win rate (rollout): 0.18 | Loss: 0.224 | Opp label coverage: 0.88
Step 1656273/5000000 | Win rate (rollout): 0.33 | Loss: 0.174 | Opp label coverage: 0.88
Step 1656785/5000000 | Win rate (rollout): 0.58 | Loss: 0.230 | Opp label coverage: 0.90
Step 1657297/5000000 | Win rate (rollout): 0.53 | Loss: 0.213 | Opp label coverage: 0.79
Step 1657809/5000000 | Win rate (rollout): 0.73 | Loss: 0.222 | Opp label coverage: 0.84
Step 1658321/5000000 | Win rate (rollout): 0.89 | Loss: 0.190 | Opp label coverage: 0.79
Step 1658833/5000000 | Win rate (rollout): 0.70 | Loss: 0.181 | Opp label coverage: 0.85
Step 1659345/5000000 | Win rate (rollout): 0.92 | Loss: 0.184 | Opp label coverage: 0.81
Step 1659863/5000000 | Win rate (rollout): 0.60 | Loss: 0.218 | Opp label coverage: 0.89
Step 1660376/5000000 | Win rate (rollout): 0.58 | Loss: 0.137 | Opp label coverage: 0.90
Step 1660888/5000000 | Win rate (rollout): 0.60 | Loss: 0.223 | Opp label coverage: 0.83
Step 1661406/5000000 | Win rate (rollout): 0.50 | Loss: 0.195 | Opp label coverage: 0.90
Step 1661918/5000000 | Win rate (rollout): 0.69 | Loss: 0.211 | Opp label coverage: 0.82
Step 1662436/5000000 | Win rate (rollout): 0.70 | Loss: 0.207 | Opp label coverage: 0.89
Step 1662950/5000000 | Win rate (rollout): 0.67 | Loss: 0.157 | Opp label coverage: 0.92
Step 1663462/5000000 | Win rate (rollout): 0.40 | Loss: 0.194 | Opp label coverage: 0.82
Step 1663974/5000000 | Win rate (rollout): 0.70 | Loss: 0.210 | Opp label coverage: 0.91
Step 1664487/5000000 | Win rate (rollout): 0.40 | Loss: 0.233 | Opp label coverage: 0.89
Step 1665000/5000000 | Win rate (rollout): 0.47 | Loss: 0.267 | Opp label coverage: 0.88
Step 1665514/5000000 | Win rate (rollout): 0.38 | Loss: 0.190 | Opp label coverage: 0.88
Step 1666026/5000000 | Win rate (rollout): 0.71 | Loss: 0.194 | Opp label coverage: 0.84
Step 1666538/5000000 | Win rate (rollout): 0.38 | Loss: 0.214 | Opp label coverage: 0.83
Step 1667050/5000000 | Win rate (rollout): 0.60 | Loss: 0.216 | Opp label coverage: 0.84
Step 1667562/5000000 | Win rate (rollout): 0.53 | Loss: 0.197 | Opp label coverage: 0.81
Step 1668081/5000000 | Win rate (rollout): 0.78 | Loss: 0.205 | Opp label coverage: 0.90
Step 1668593/5000000 | Win rate (rollout): 0.64 | Loss: 0.197 | Opp label coverage: 0.83
Step 1669105/5000000 | Win rate (rollout): 0.47 | Loss: 0.254 | Opp label coverage: 0.84
Step 1669617/5000000 | Win rate (rollout): 0.62 | Loss: 0.195 | Opp label coverage: 0.87
Step 1670129/5000000 | Win rate (rollout): 0.75 | Loss: 0.171 | Opp label coverage: 0.87
Step 1670645/5000000 | Win rate (rollout): 0.25 | Loss: 0.196 | Opp label coverage: 0.88
Step 1671157/5000000 | Win rate (rollout): 0.33 | Loss: 0.219 | Opp label coverage: 0.90
Step 1671669/5000000 | Win rate (rollout): 0.50 | Loss: 0.186 | Opp label coverage: 0.82
Step 1672183/5000000 | Win rate (rollout): 0.36 | Loss: 0.168 | Opp label coverage: 0.91
Step 1672698/5000000 | Win rate (rollout): 0.57 | Loss: 0.241 | Opp label coverage: 0.91
Step 1673210/5000000 | Win rate (rollout): 0.50 | Loss: 0.200 | Opp label coverage: 0.81
Step 1673722/5000000 | Win rate (rollout): 0.56 | Loss: 0.197 | Opp label coverage: 0.90
Step 1674238/5000000 | Win rate (rollout): 0.46 | Loss: 0.209 | Opp label coverage: 0.91
Step 1674750/5000000 | Win rate (rollout): 0.46 | Loss: 0.254 | Opp label coverage: 0.81
Step 1675264/5000000 | Win rate (rollout): 0.60 | Loss: 0.098 | Opp label coverage: 0.89
Step 1675776/5000000 | Win rate (rollout): 0.60 | Loss: 0.175 | Opp label coverage: 0.85
Step 1676293/5000000 | Win rate (rollout): 0.31 | Loss: 0.213 | Opp label coverage: 0.87
Step 1676806/5000000 | Win rate (rollout): 0.46 | Loss: 0.145 | Opp label coverage: 0.89
Step 1677318/5000000 | Win rate (rollout): 0.67 | Loss: 0.208 | Opp label coverage: 0.84
Step 1677833/5000000 | Win rate (rollout): 0.64 | Loss: 0.162 | Opp label coverage: 0.90
Step 1678346/5000000 | Win rate (rollout): 0.36 | Loss: 0.212 | Opp label coverage: 0.89
Step 1678858/5000000 | Win rate (rollout): 0.31 | Loss: 0.194 | Opp label coverage: 0.85
Step 1679370/5000000 | Win rate (rollout): 0.43 | Loss: 0.180 | Opp label coverage: 0.87
Step 1679882/5000000 | Win rate (rollout): 0.43 | Loss: 0.176 | Opp label coverage: 0.87
Step 1680396/5000000 | Win rate (rollout): 0.33 | Loss: 0.217 | Opp label coverage: 0.89
Step 1680908/5000000 | Win rate (rollout): 0.53 | Loss: 0.203 | Opp label coverage: 0.82
Step 1681420/5000000 | Win rate (rollout): 0.40 | Loss: 0.210 | Opp label coverage: 0.80
Step 1681933/5000000 | Win rate (rollout): 0.33 | Loss: 0.179 | Opp label coverage: 0.90
Step 1682445/5000000 | Win rate (rollout): 0.67 | Loss: 0.174 | Opp label coverage: 0.88
Step 1682957/5000000 | Win rate (rollout): 0.45 | Loss: 0.201 | Opp label coverage: 0.87
Step 1683469/5000000 | Win rate (rollout): 0.64 | Loss: 0.239 | Opp label coverage: 0.84
Step 1683981/5000000 | Win rate (rollout): 0.50 | Loss: 0.171 | Opp label coverage: 0.84
Step 1684493/5000000 | Win rate (rollout): 0.50 | Loss: 0.206 | Opp label coverage: 0.84
Step 1685012/5000000 | Win rate (rollout): 0.56 | Loss: 0.188 | Opp label coverage: 0.91
Step 1685524/5000000 | Win rate (rollout): 0.55 | Loss: 0.172 | Opp label coverage: 0.87
Step 1686036/5000000 | Win rate (rollout): 0.64 | Loss: 0.184 | Opp label coverage: 0.81
Step 1686548/5000000 | Win rate (rollout): 0.46 | Loss: 0.205 | Opp label coverage: 0.82
Step 1687060/5000000 | Win rate (rollout): 0.45 | Loss: 0.176 | Opp label coverage: 0.90
Step 1687572/5000000 | Win rate (rollout): 0.67 | Loss: 0.227 | Opp label coverage: 0.90
Step 1688084/5000000 | Win rate (rollout): 0.55 | Loss: 0.201 | Opp label coverage: 0.81
Step 1688596/5000000 | Win rate (rollout): 0.83 | Loss: 0.166 | Opp label coverage: 0.79
Step 1689112/5000000 | Win rate (rollout): 0.90 | Loss: 0.194 | Opp label coverage: 0.91
Step 1689629/5000000 | Win rate (rollout): 0.64 | Loss: 0.232 | Opp label coverage: 0.91
Step 1690141/5000000 | Win rate (rollout): 0.60 | Loss: 0.186 | Opp label coverage: 0.82
Step 1690653/5000000 | Win rate (rollout): 0.40 | Loss: 0.195 | Opp label coverage: 0.83
Step 1691165/5000000 | Win rate (rollout): 0.50 | Loss: 0.201 | Opp label coverage: 0.91
Step 1691677/5000000 | Win rate (rollout): 0.55 | Loss: 0.190 | Opp label coverage: 0.86
Step 1692190/5000000 | Win rate (rollout): 0.60 | Loss: 0.116 | Opp label coverage: 0.89
Step 1692702/5000000 | Win rate (rollout): 0.43 | Loss: 0.175 | Opp label coverage: 0.85
Step 1693215/5000000 | Win rate (rollout): 0.50 | Loss: 0.284 | Opp label coverage: 0.89
Step 1693732/5000000 | Win rate (rollout): 0.50 | Loss: 0.236 | Opp label coverage: 0.93
Step 1694244/5000000 | Win rate (rollout): 0.67 | Loss: 0.256 | Opp label coverage: 0.84
Step 1694761/5000000 | Win rate (rollout): 0.30 | Loss: 0.183 | Opp label coverage: 0.90
Step 1695273/5000000 | Win rate (rollout): 0.36 | Loss: 0.227 | Opp label coverage: 0.84
Step 1695785/5000000 | Win rate (rollout): 0.60 | Loss: 0.200 | Opp label coverage: 0.76
Step 1696298/5000000 | Win rate (rollout): 0.44 | Loss: 0.138 | Opp label coverage: 0.88
Step 1696810/5000000 | Win rate (rollout): 0.71 | Loss: 0.181 | Opp label coverage: 0.83
Step 1697322/5000000 | Win rate (rollout): 0.64 | Loss: 0.200 | Opp label coverage: 0.85
Step 1697834/5000000 | Win rate (rollout): 0.44 | Loss: 0.207 | Opp label coverage: 0.79
Step 1698348/5000000 | Win rate (rollout): 0.27 | Loss: 0.280 | Opp label coverage: 0.88
Step 1698860/5000000 | Win rate (rollout): 0.57 | Loss: 0.200 | Opp label coverage: 0.80
Step 1699373/5000000 | Win rate (rollout): 0.58 | Loss: 0.146 | Opp label coverage: 0.89
Step 1699885/5000000 | Win rate (rollout): 0.78 | Loss: 0.203 | Opp label coverage: 0.86
Step 1700397/5000000 | Win rate (rollout): 0.62 | Loss: 0.192 | Opp label coverage: 0.79
Step 1700916/5000000 | Win rate (rollout): 0.42 | Loss: 0.260 | Opp label coverage: 0.87
Step 1701429/5000000 | Win rate (rollout): 0.69 | Loss: 0.240 | Opp label coverage: 0.91
Step 1701945/5000000 | Win rate (rollout): 0.61 | Loss: 0.173 | Opp label coverage: 0.89
Step 1702464/5000000 | Win rate (rollout): 0.57 | Loss: 0.151 | Opp label coverage: 0.91
Step 1702976/5000000 | Win rate (rollout): 0.43 | Loss: 0.205 | Opp label coverage: 0.89
Step 1703488/5000000 | Win rate (rollout): 0.62 | Loss: 0.176 | Opp label coverage: 0.73
Step 1704000/5000000 | Win rate (rollout): 0.82 | Loss: 0.228 | Opp label coverage: 0.80
Step 1704512/5000000 | Win rate (rollout): 0.78 | Loss: 0.177 | Opp label coverage: 0.89
Step 1705028/5000000 | Win rate (rollout): 0.67 | Loss: 0.222 | Opp label coverage: 0.90
Step 1705543/5000000 | Win rate (rollout): 0.69 | Loss: 0.206 | Opp label coverage: 0.89
Step 1706055/5000000 | Win rate (rollout): 0.54 | Loss: 0.180 | Opp label coverage: 0.90
Step 1706571/5000000 | Win rate (rollout): 0.33 | Loss: 0.229 | Opp label coverage: 0.89
Step 1707088/5000000 | Win rate (rollout): 0.62 | Loss: 0.213 | Opp label coverage: 0.89
Step 1707604/5000000 | Win rate (rollout): 0.62 | Loss: 0.202 | Opp label coverage: 0.87
Step 1708122/5000000 | Win rate (rollout): 0.53 | Loss: 0.260 | Opp label coverage: 0.87
Step 1708634/5000000 | Win rate (rollout): 0.58 | Loss: 0.189 | Opp label coverage: 0.83
Step 1709146/5000000 | Win rate (rollout): 0.53 | Loss: 0.220 | Opp label coverage: 0.87
Step 1709665/5000000 | Win rate (rollout): 0.67 | Loss: 0.254 | Opp label coverage: 0.90
Step 1710177/5000000 | Win rate (rollout): 0.78 | Loss: 0.184 | Opp label coverage: 0.85
Step 1710689/5000000 | Win rate (rollout): 0.58 | Loss: 0.176 | Opp label coverage: 0.86
Step 1711202/5000000 | Win rate (rollout): 0.56 | Loss: 0.207 | Opp label coverage: 0.90
Step 1711714/5000000 | Win rate (rollout): 0.57 | Loss: 0.187 | Opp label coverage: 0.77
Step 1712226/5000000 | Win rate (rollout): 0.47 | Loss: 0.202 | Opp label coverage: 0.82
Step 1712742/5000000 | Win rate (rollout): 0.78 | Loss: 0.192 | Opp label coverage: 0.88
Step 1713254/5000000 | Win rate (rollout): 0.75 | Loss: 0.178 | Opp label coverage: 0.82
Step 1713768/5000000 | Win rate (rollout): 0.38 | Loss: 0.217 | Opp label coverage: 0.91
Step 1714280/5000000 | Win rate (rollout): 0.71 | Loss: 0.177 | Opp label coverage: 0.81
Step 1714797/5000000 | Win rate (rollout): 0.50 | Loss: 0.209 | Opp label coverage: 0.91
Step 1715316/5000000 | Win rate (rollout): 0.54 | Loss: 0.229 | Opp label coverage: 0.88
Step 1715835/5000000 | Win rate (rollout): 0.73 | Loss: 0.244 | Opp label coverage: 0.91
Step 1716347/5000000 | Win rate (rollout): 0.38 | Loss: 0.207 | Opp label coverage: 0.83
Step 1716865/5000000 | Win rate (rollout): 0.70 | Loss: 0.184 | Opp label coverage: 0.90
Step 1717377/5000000 | Win rate (rollout): 0.64 | Loss: 0.193 | Opp label coverage: 0.80
Step 1717892/5000000 | Win rate (rollout): 0.44 | Loss: 0.188 | Opp label coverage: 0.91
Step 1718404/5000000 | Win rate (rollout): 0.11 | Loss: 0.213 | Opp label coverage: 0.85
Step 1718916/5000000 | Win rate (rollout): 0.50 | Loss: 0.196 | Opp label coverage: 0.84
Step 1719428/5000000 | Win rate (rollout): 0.54 | Loss: 0.201 | Opp label coverage: 0.84
Step 1719941/5000000 | Win rate (rollout): 0.20 | Loss: 0.205 | Opp label coverage: 0.89
Step 1720455/5000000 | Win rate (rollout): 0.45 | Loss: 0.270 | Opp label coverage: 0.91
Step 1720969/5000000 | Win rate (rollout): 0.67 | Loss: 0.265 | Opp label coverage: 0.90
Step 1721481/5000000 | Win rate (rollout): 0.53 | Loss: 0.192 | Opp label coverage: 0.84
Step 1721993/5000000 | Win rate (rollout): 0.33 | Loss: 0.204 | Opp label coverage: 0.83
Step 1722511/5000000 | Win rate (rollout): 0.62 | Loss: 0.200 | Opp label coverage: 0.89
Step 1723023/5000000 | Win rate (rollout): 0.67 | Loss: 0.203 | Opp label coverage: 0.79
Step 1723541/5000000 | Win rate (rollout): 0.64 | Loss: 0.145 | Opp label coverage: 0.90
Step 1724054/5000000 | Win rate (rollout): 0.58 | Loss: 0.204 | Opp label coverage: 0.91
Step 1724566/5000000 | Win rate (rollout): 0.57 | Loss: 0.225 | Opp label coverage: 0.86
Step 1725078/5000000 | Win rate (rollout): 0.56 | Loss: 0.198 | Opp label coverage: 0.87
Step 1725590/5000000 | Win rate (rollout): 0.27 | Loss: 0.188 | Opp label coverage: 0.82
Step 1726106/5000000 | Win rate (rollout): 0.43 | Loss: 0.223 | Opp label coverage: 0.90
Step 1726621/5000000 | Win rate (rollout): 0.50 | Loss: 0.242 | Opp label coverage: 0.87
Step 1727137/5000000 | Win rate (rollout): 0.38 | Loss: 0.233 | Opp label coverage: 0.90
Step 1727649/5000000 | Win rate (rollout): 0.64 | Loss: 0.208 | Opp label coverage: 0.81
Step 1728161/5000000 | Win rate (rollout): 0.25 | Loss: 0.222 | Opp label coverage: 0.81
Step 1728673/5000000 | Win rate (rollout): 0.78 | Loss: 0.196 | Opp label coverage: 0.83
Step 1729191/5000000 | Win rate (rollout): 0.50 | Loss: 0.217 | Opp label coverage: 0.89
Step 1729707/5000000 | Win rate (rollout): 0.40 | Loss: 0.211 | Opp label coverage: 0.90
Step 1730219/5000000 | Win rate (rollout): 0.71 | Loss: 0.204 | Opp label coverage: 0.85
Step 1730731/5000000 | Win rate (rollout): 0.50 | Loss: 0.194 | Opp label coverage: 0.88
Step 1731243/5000000 | Win rate (rollout): 0.75 | Loss: 0.203 | Opp label coverage: 0.85
Step 1731757/5000000 | Win rate (rollout): 0.69 | Loss: 0.166 | Opp label coverage: 0.89
Step 1732269/5000000 | Win rate (rollout): 0.53 | Loss: 0.216 | Opp label coverage: 0.84
Step 1732781/5000000 | Win rate (rollout): 0.82 | Loss: 0.208 | Opp label coverage: 0.87
Step 1733293/5000000 | Win rate (rollout): 0.67 | Loss: 0.184 | Opp label coverage: 0.85
Step 1733805/5000000 | Win rate (rollout): 0.80 | Loss: 0.180 | Opp label coverage: 0.84
Step 1734317/5000000 | Win rate (rollout): 0.77 | Loss: 0.161 | Opp label coverage: 0.83
Step 1734829/5000000 | Win rate (rollout): 0.42 | Loss: 0.213 | Opp label coverage: 0.90
Step 1735341/5000000 | Win rate (rollout): 0.83 | Loss: 0.195 | Opp label coverage: 0.91
Step 1735858/5000000 | Win rate (rollout): 0.60 | Loss: 0.233 | Opp label coverage: 0.89
Step 1736374/5000000 | Win rate (rollout): 0.55 | Loss: 0.212 | Opp label coverage: 0.88
Step 1736888/5000000 | Win rate (rollout): 0.40 | Loss: 0.225 | Opp label coverage: 0.89
Step 1737402/5000000 | Win rate (rollout): 0.40 | Loss: 0.281 | Opp label coverage: 0.88
Step 1737914/5000000 | Win rate (rollout): 0.60 | Loss: 0.179 | Opp label coverage: 0.78
Step 1738426/5000000 | Win rate (rollout): 0.47 | Loss: 0.230 | Opp label coverage: 0.81
Step 1738944/5000000 | Win rate (rollout): 0.36 | Loss: 0.175 | Opp label coverage: 0.90
Step 1739461/5000000 | Win rate (rollout): 0.46 | Loss: 0.185 | Opp label coverage: 0.89
Step 1739980/5000000 | Win rate (rollout): 0.46 | Loss: 0.171 | Opp label coverage: 0.89
Step 1740495/5000000 | Win rate (rollout): 0.47 | Loss: 0.190 | Opp label coverage: 0.88
Step 1741007/5000000 | Win rate (rollout): 0.33 | Loss: 0.190 | Opp label coverage: 0.83
Step 1741520/5000000 | Win rate (rollout): 0.70 | Loss: 0.221 | Opp label coverage: 0.90
Step 1742036/5000000 | Win rate (rollout): 0.53 | Loss: 0.275 | Opp label coverage: 0.89
Step 1742548/5000000 | Win rate (rollout): 0.44 | Loss: 0.190 | Opp label coverage: 0.82
Step 1743060/5000000 | Win rate (rollout): 0.58 | Loss: 0.196 | Opp label coverage: 0.79
Step 1743577/5000000 | Win rate (rollout): 0.78 | Loss: 0.193 | Opp label coverage: 0.91
Step 1744089/5000000 | Win rate (rollout): 0.38 | Loss: 0.201 | Opp label coverage: 0.86
Step 1744607/5000000 | Win rate (rollout): 0.60 | Loss: 0.206 | Opp label coverage: 0.89
Step 1745119/5000000 | Win rate (rollout): 0.46 | Loss: 0.180 | Opp label coverage: 0.80
Step 1745632/5000000 | Win rate (rollout): 0.60 | Loss: 0.271 | Opp label coverage: 0.90
Step 1746146/5000000 | Win rate (rollout): 0.62 | Loss: 0.245 | Opp label coverage: 0.90
Step 1746664/5000000 | Win rate (rollout): 0.73 | Loss: 0.192 | Opp label coverage: 0.89
Step 1747183/5000000 | Win rate (rollout): 0.47 | Loss: 0.225 | Opp label coverage: 0.87
Step 1747695/5000000 | Win rate (rollout): 0.50 | Loss: 0.199 | Opp label coverage: 0.80
Step 1748210/5000000 | Win rate (rollout): 0.45 | Loss: 0.168 | Opp label coverage: 0.89
Step 1748722/5000000 | Win rate (rollout): 0.75 | Loss: 0.213 | Opp label coverage: 0.82
Step 1749234/5000000 | Win rate (rollout): 0.40 | Loss: 0.221 | Opp label coverage: 0.88
Step 1749747/5000000 | Win rate (rollout): 0.33 | Loss: 0.196 | Opp label coverage: 0.89
[checkpoint] Saved models/ppo/checkpoints/m9seed/ppo_step_1750018.pt
Step 1750262/5000000 | Win rate (rollout): 0.53 | Loss: 0.306 | Opp label coverage: 0.89
Step 1750774/5000000 | Win rate (rollout): 0.40 | Loss: 0.220 | Opp label coverage: 0.90
Step 1751286/5000000 | Win rate (rollout): 0.43 | Loss: 0.182 | Opp label coverage: 0.80
Step 1751804/5000000 | Win rate (rollout): 0.50 | Loss: 0.243 | Opp label coverage: 0.89
Step 1752316/5000000 | Win rate (rollout): 0.25 | Loss: 0.185 | Opp label coverage: 0.85
Step 1752832/5000000 | Win rate (rollout): 0.44 | Loss: 0.220 | Opp label coverage: 0.89
Step 1753344/5000000 | Win rate (rollout): 0.45 | Loss: 0.186 | Opp label coverage: 0.79
Step 1753857/5000000 | Win rate (rollout): 0.67 | Loss: 0.253 | Opp label coverage: 0.90
Step 1754372/5000000 | Win rate (rollout): 0.64 | Loss: 0.236 | Opp label coverage: 0.91
Step 1754885/5000000 | Win rate (rollout): 0.62 | Loss: 0.259 | Opp label coverage: 0.90
Step 1755397/5000000 | Win rate (rollout): 0.80 | Loss: 0.183 | Opp label coverage: 0.84
Step 1755912/5000000 | Win rate (rollout): 0.64 | Loss: 0.237 | Opp label coverage: 0.90
Step 1756424/5000000 | Win rate (rollout): 0.89 | Loss: 0.164 | Opp label coverage: 0.81
Step 1756937/5000000 | Win rate (rollout): 0.56 | Loss: 0.172 | Opp label coverage: 0.91
Step 1757454/5000000 | Win rate (rollout): 0.64 | Loss: 0.204 | Opp label coverage: 0.91
Step 1757966/5000000 | Win rate (rollout): 0.60 | Loss: 0.221 | Opp label coverage: 0.83
Step 1758481/5000000 | Win rate (rollout): 0.50 | Loss: 0.265 | Opp label coverage: 0.90
Step 1758999/5000000 | Win rate (rollout): 0.62 | Loss: 0.224 | Opp label coverage: 0.91
Step 1759516/5000000 | Win rate (rollout): 0.58 | Loss: 0.225 | Opp label coverage: 0.91
Step 1760028/5000000 | Win rate (rollout): 0.67 | Loss: 0.180 | Opp label coverage: 0.84
Step 1760540/5000000 | Win rate (rollout): 0.70 | Loss: 0.179 | Opp label coverage: 0.83
Step 1761053/5000000 | Win rate (rollout): 0.40 | Loss: 0.304 | Opp label coverage: 0.88
Step 1761570/5000000 | Win rate (rollout): 0.62 | Loss: 0.172 | Opp label coverage: 0.91
Step 1762082/5000000 | Win rate (rollout): 0.67 | Loss: 0.218 | Opp label coverage: 0.85
Step 1762596/5000000 | Win rate (rollout): 0.25 | Loss: 0.251 | Opp label coverage: 0.89
Step 1763114/5000000 | Win rate (rollout): 0.50 | Loss: 0.195 | Opp label coverage: 0.87
Step 1763626/5000000 | Win rate (rollout): 0.73 | Loss: 0.203 | Opp label coverage: 0.85
Step 1764142/5000000 | Win rate (rollout): 0.50 | Loss: 0.263 | Opp label coverage: 0.89
Step 1764655/5000000 | Win rate (rollout): 0.40 | Loss: 0.230 | Opp label coverage: 0.88
Step 1765167/5000000 | Win rate (rollout): 1.00 | Loss: 0.195 | Opp label coverage: 0.85
Step 1765679/5000000 | Win rate (rollout): 0.45 | Loss: 0.203 | Opp label coverage: 0.86
Step 1766191/5000000 | Win rate (rollout): 0.56 | Loss: 0.225 | Opp label coverage: 0.83
Step 1766707/5000000 | Win rate (rollout): 0.27 | Loss: 0.193 | Opp label coverage: 0.89
Step 1767219/5000000 | Win rate (rollout): 0.62 | Loss: 0.205 | Opp label coverage: 0.83
Step 1767731/5000000 | Win rate (rollout): 0.80 | Loss: 0.204 | Opp label coverage: 0.90
Step 1768243/5000000 | Win rate (rollout): 0.50 | Loss: 0.183 | Opp label coverage: 0.81
Step 1768755/5000000 | Win rate (rollout): 0.47 | Loss: 0.200 | Opp label coverage: 0.82
Step 1769267/5000000 | Win rate (rollout): 0.31 | Loss: 0.206 | Opp label coverage: 0.85
Step 1769779/5000000 | Win rate (rollout): 0.30 | Loss: 0.209 | Opp label coverage: 0.90
Step 1770291/5000000 | Win rate (rollout): 0.58 | Loss: 0.179 | Opp label coverage: 0.84
Step 1770803/5000000 | Win rate (rollout): 0.53 | Loss: 0.209 | Opp label coverage: 0.86
Step 1771320/5000000 | Win rate (rollout): 0.67 | Loss: 0.191 | Opp label coverage: 0.91
Step 1771836/5000000 | Win rate (rollout): 0.43 | Loss: 0.190 | Opp label coverage: 0.88
Step 1772349/5000000 | Win rate (rollout): 0.56 | Loss: 0.284 | Opp label coverage: 0.88
Step 1772861/5000000 | Win rate (rollout): 0.88 | Loss: 0.193 | Opp label coverage: 0.84
Step 1773377/5000000 | Win rate (rollout): 0.58 | Loss: 0.225 | Opp label coverage: 0.91
Step 1773889/5000000 | Win rate (rollout): 0.46 | Loss: 0.191 | Opp label coverage: 0.82
Step 1774406/5000000 | Win rate (rollout): 0.50 | Loss: 0.214 | Opp label coverage: 0.91
Step 1774922/5000000 | Win rate (rollout): 0.77 | Loss: 0.198 | Opp label coverage: 0.91
Step 1775434/5000000 | Win rate (rollout): 0.64 | Loss: 0.220 | Opp label coverage: 0.91
Step 1775946/5000000 | Win rate (rollout): 0.33 | Loss: 0.193 | Opp label coverage: 0.81
Step 1776458/5000000 | Win rate (rollout): 0.65 | Loss: 0.209 | Opp label coverage: 0.83
Step 1776970/5000000 | Win rate (rollout): 0.56 | Loss: 0.220 | Opp label coverage: 0.80
Step 1777488/5000000 | Win rate (rollout): 0.60 | Loss: 0.176 | Opp label coverage: 0.89
Step 1778003/5000000 | Win rate (rollout): 0.47 | Loss: 0.174 | Opp label coverage: 0.90
Step 1778515/5000000 | Win rate (rollout): 0.78 | Loss: 0.181 | Opp label coverage: 0.84
Step 1779033/5000000 | Win rate (rollout): 0.40 | Loss: 0.201 | Opp label coverage: 0.89
Step 1779552/5000000 | Win rate (rollout): 0.38 | Loss: 0.202 | Opp label coverage: 0.92
Step 1780071/5000000 | Win rate (rollout): 0.59 | Loss: 0.229 | Opp label coverage: 0.90
Step 1780583/5000000 | Win rate (rollout): 0.27 | Loss: 0.233 | Opp label coverage: 0.83
Step 1781099/5000000 | Win rate (rollout): 0.45 | Loss: 0.173 | Opp label coverage: 0.89
Step 1781611/5000000 | Win rate (rollout): 0.64 | Loss: 0.213 | Opp label coverage: 0.81
Step 1782126/5000000 | Win rate (rollout): 0.83 | Loss: 0.153 | Opp label coverage: 0.89
Step 1782643/5000000 | Win rate (rollout): 0.57 | Loss: 0.211 | Opp label coverage: 0.91
Step 1783156/5000000 | Win rate (rollout): 0.64 | Loss: 0.280 | Opp label coverage: 0.90
Step 1783668/5000000 | Win rate (rollout): 0.43 | Loss: 0.241 | Opp label coverage: 0.89
Step 1784184/5000000 | Win rate (rollout): 0.50 | Loss: 0.206 | Opp label coverage: 0.88
Step 1784697/5000000 | Win rate (rollout): 0.36 | Loss: 0.265 | Opp label coverage: 0.89
Step 1785209/5000000 | Win rate (rollout): 0.64 | Loss: 0.213 | Opp label coverage: 0.84
Step 1785721/5000000 | Win rate (rollout): 0.64 | Loss: 0.193 | Opp label coverage: 0.83
Step 1786233/5000000 | Win rate (rollout): 0.50 | Loss: 0.225 | Opp label coverage: 0.89
Step 1786747/5000000 | Win rate (rollout): 0.73 | Loss: 0.222 | Opp label coverage: 0.91
Step 1787259/5000000 | Win rate (rollout): 0.30 | Loss: 0.202 | Opp label coverage: 0.84
Step 1787776/5000000 | Win rate (rollout): 0.75 | Loss: 0.218 | Opp label coverage: 0.91
Step 1788288/5000000 | Win rate (rollout): 0.88 | Loss: 0.171 | Opp label coverage: 0.90
Step 1788800/5000000 | Win rate (rollout): 0.56 | Loss: 0.168 | Opp label coverage: 0.81
Step 1789315/5000000 | Win rate (rollout): 0.46 | Loss: 0.241 | Opp label coverage: 0.88
Step 1789832/5000000 | Win rate (rollout): 0.55 | Loss: 0.216 | Opp label coverage: 0.92
Step 1790344/5000000 | Win rate (rollout): 0.62 | Loss: 0.185 | Opp label coverage: 0.86
Step 1790858/5000000 | Win rate (rollout): 0.33 | Loss: 0.236 | Opp label coverage: 0.89
Step 1791370/5000000 | Win rate (rollout): 0.67 | Loss: 0.188 | Opp label coverage: 0.80
Step 1791886/5000000 | Win rate (rollout): 0.56 | Loss: 0.194 | Opp label coverage: 0.92
Step 1792398/5000000 | Win rate (rollout): 0.78 | Loss: 0.179 | Opp label coverage: 0.86
Step 1792910/5000000 | Win rate (rollout): 0.46 | Loss: 0.208 | Opp label coverage: 0.84
Step 1793423/5000000 | Win rate (rollout): 0.36 | Loss: 0.116 | Opp label coverage: 0.89
Step 1793935/5000000 | Win rate (rollout): 0.70 | Loss: 0.168 | Opp label coverage: 0.80
Step 1794447/5000000 | Win rate (rollout): 0.40 | Loss: 0.227 | Opp label coverage: 0.80
Step 1794959/5000000 | Win rate (rollout): 0.50 | Loss: 0.185 | Opp label coverage: 0.89
Step 1795471/5000000 | Win rate (rollout): 0.50 | Loss: 0.192 | Opp label coverage: 0.84
Step 1795985/5000000 | Win rate (rollout): 0.70 | Loss: 0.171 | Opp label coverage: 0.89
Step 1796501/5000000 | Win rate (rollout): 0.64 | Loss: 0.177 | Opp label coverage: 0.90
Step 1797013/5000000 | Win rate (rollout): 0.33 | Loss: 0.217 | Opp label coverage: 0.89
Step 1797526/5000000 | Win rate (rollout): 0.44 | Loss: 0.195 | Opp label coverage: 0.89
Step 1798038/5000000 | Win rate (rollout): 0.62 | Loss: 0.192 | Opp label coverage: 0.86
Step 1798550/5000000 | Win rate (rollout): 0.56 | Loss: 0.213 | Opp label coverage: 0.92
Step 1799069/5000000 | Win rate (rollout): 0.57 | Loss: 0.211 | Opp label coverage: 0.89
Step 1799583/5000000 | Win rate (rollout): 0.50 | Loss: 0.177 | Opp label coverage: 0.90
Step 1800099/5000000 | Win rate (rollout): 0.50 | Loss: 0.168 | Opp label coverage: 0.91
Step 1800611/5000000 | Win rate (rollout): 0.50 | Loss: 0.187 | Opp label coverage: 0.84
Step 1801123/5000000 | Win rate (rollout): 0.56 | Loss: 0.200 | Opp label coverage: 0.80
Step 1801640/5000000 | Win rate (rollout): 0.38 | Loss: 0.225 | Opp label coverage: 0.90
Step 1802154/5000000 | Win rate (rollout): 0.56 | Loss: 0.237 | Opp label coverage: 0.91
Step 1802666/5000000 | Win rate (rollout): 0.56 | Loss: 0.170 | Opp label coverage: 0.82
Step 1803185/5000000 | Win rate (rollout): 0.45 | Loss: 0.208 | Opp label coverage: 0.88
Step 1803697/5000000 | Win rate (rollout): 0.46 | Loss: 0.210 | Opp label coverage: 0.81
Step 1804209/5000000 | Win rate (rollout): 0.50 | Loss: 0.217 | Opp label coverage: 0.82
Step 1804725/5000000 | Win rate (rollout): 0.42 | Loss: 0.181 | Opp label coverage: 0.88
Step 1805237/5000000 | Win rate (rollout): 0.55 | Loss: 0.213 | Opp label coverage: 0.80
Step 1805749/5000000 | Win rate (rollout): 0.71 | Loss: 0.179 | Opp label coverage: 0.86
Step 1806261/5000000 | Win rate (rollout): 0.50 | Loss: 0.180 | Opp label coverage: 0.83
Step 1806776/5000000 | Win rate (rollout): 0.54 | Loss: 0.227 | Opp label coverage: 0.87
Step 1807292/5000000 | Win rate (rollout): 0.50 | Loss: 0.277 | Opp label coverage: 0.91
Step 1807804/5000000 | Win rate (rollout): 0.56 | Loss: 0.178 | Opp label coverage: 0.82
Step 1808316/5000000 | Win rate (rollout): 0.64 | Loss: 0.172 | Opp label coverage: 0.76
Step 1808835/5000000 | Win rate (rollout): 0.58 | Loss: 0.184 | Opp label coverage: 0.90
Step 1809350/5000000 | Win rate (rollout): 0.42 | Loss: 0.201 | Opp label coverage: 0.91
Step 1809867/5000000 | Win rate (rollout): 0.60 | Loss: 0.199 | Opp label coverage: 0.88
Step 1810379/5000000 | Win rate (rollout): 0.57 | Loss: 0.207 | Opp label coverage: 0.85
Step 1810897/5000000 | Win rate (rollout): 0.55 | Loss: 0.230 | Opp label coverage: 0.91
Step 1811410/5000000 | Win rate (rollout): 0.53 | Loss: 0.260 | Opp label coverage: 0.91
Step 1811922/5000000 | Win rate (rollout): 0.73 | Loss: 0.222 | Opp label coverage: 0.87
Step 1812438/5000000 | Win rate (rollout): 0.50 | Loss: 0.216 | Opp label coverage: 0.89
Step 1812950/5000000 | Win rate (rollout): 0.60 | Loss: 0.203 | Opp label coverage: 0.92
Step 1813462/5000000 | Win rate (rollout): 0.43 | Loss: 0.210 | Opp label coverage: 0.78
Step 1813974/5000000 | Win rate (rollout): 0.73 | Loss: 0.215 | Opp label coverage: 0.81
Step 1814486/5000000 | Win rate (rollout): 0.92 | Loss: 0.194 | Opp label coverage: 0.81
Step 1815002/5000000 | Win rate (rollout): 0.44 | Loss: 0.212 | Opp label coverage: 0.89
Step 1815518/5000000 | Win rate (rollout): 0.29 | Loss: 0.221 | Opp label coverage: 0.89
Step 1816033/5000000 | Win rate (rollout): 0.47 | Loss: 0.204 | Opp label coverage: 0.88
Step 1816545/5000000 | Win rate (rollout): 0.29 | Loss: 0.210 | Opp label coverage: 0.88
Step 1817057/5000000 | Win rate (rollout): 0.55 | Loss: 0.196 | Opp label coverage: 0.83
Step 1817569/5000000 | Win rate (rollout): 0.67 | Loss: 0.174 | Opp label coverage: 0.83
Step 1818082/5000000 | Win rate (rollout): 0.89 | Loss: 0.278 | Opp label coverage: 0.91
Step 1818594/5000000 | Win rate (rollout): 0.70 | Loss: 0.191 | Opp label coverage: 0.88
Step 1819108/5000000 | Win rate (rollout): 0.45 | Loss: 0.168 | Opp label coverage: 0.89
Step 1819627/5000000 | Win rate (rollout): 0.42 | Loss: 0.211 | Opp label coverage: 0.89
Step 1820139/5000000 | Win rate (rollout): 0.78 | Loss: 0.185 | Opp label coverage: 0.86
Step 1820651/5000000 | Win rate (rollout): 0.71 | Loss: 0.215 | Opp label coverage: 0.78
Step 1821164/5000000 | Win rate (rollout): 0.60 | Loss: 0.236 | Opp label coverage: 0.90
Step 1821678/5000000 | Win rate (rollout): 0.60 | Loss: 0.244 | Opp label coverage: 0.89
Step 1822191/5000000 | Win rate (rollout): 0.40 | Loss: 0.132 | Opp label coverage: 0.90
Step 1822706/5000000 | Win rate (rollout): 0.57 | Loss: 0.193 | Opp label coverage: 0.90
Step 1823218/5000000 | Win rate (rollout): 0.67 | Loss: 0.183 | Opp label coverage: 0.81
Step 1823730/5000000 | Win rate (rollout): 0.80 | Loss: 0.208 | Opp label coverage: 0.86
Step 1824242/5000000 | Win rate (rollout): 0.92 | Loss: 0.178 | Opp label coverage: 0.79
Step 1824755/5000000 | Win rate (rollout): 0.64 | Loss: 0.200 | Opp label coverage: 0.90
Step 1825271/5000000 | Win rate (rollout): 0.31 | Loss: 0.297 | Opp label coverage: 0.90
Step 1825787/5000000 | Win rate (rollout): 0.64 | Loss: 0.213 | Opp label coverage: 0.90
Step 1826299/5000000 | Win rate (rollout): 0.60 | Loss: 0.196 | Opp label coverage: 0.83
Step 1826811/5000000 | Win rate (rollout): 0.41 | Loss: 0.198 | Opp label coverage: 0.82
Step 1827329/5000000 | Win rate (rollout): 0.62 | Loss: 0.173 | Opp label coverage: 0.89
Step 1827846/5000000 | Win rate (rollout): 0.33 | Loss: 0.152 | Opp label coverage: 0.91
Step 1828363/5000000 | Win rate (rollout): 0.62 | Loss: 0.194 | Opp label coverage: 0.90
Step 1828881/5000000 | Win rate (rollout): 0.43 | Loss: 0.265 | Opp label coverage: 0.90
Step 1829399/5000000 | Win rate (rollout): 0.54 | Loss: 0.248 | Opp label coverage: 0.89
Step 1829915/5000000 | Win rate (rollout): 0.69 | Loss: 0.255 | Opp label coverage: 0.90
Step 1830427/5000000 | Win rate (rollout): 0.62 | Loss: 0.170 | Opp label coverage: 0.80
Step 1830939/5000000 | Win rate (rollout): 0.62 | Loss: 0.201 | Opp label coverage: 0.85
Step 1831451/5000000 | Win rate (rollout): 0.57 | Loss: 0.204 | Opp label coverage: 0.81
Step 1831963/5000000 | Win rate (rollout): 0.56 | Loss: 0.173 | Opp label coverage: 0.83
Step 1832475/5000000 | Win rate (rollout): 0.45 | Loss: 0.170 | Opp label coverage: 0.86
Step 1832987/5000000 | Win rate (rollout): 0.55 | Loss: 0.190 | Opp label coverage: 0.79
Step 1833505/5000000 | Win rate (rollout): 0.82 | Loss: 0.246 | Opp label coverage: 0.90
Step 1834017/5000000 | Win rate (rollout): 0.46 | Loss: 0.207 | Opp label coverage: 0.81
Step 1834534/5000000 | Win rate (rollout): 0.58 | Loss: 0.233 | Opp label coverage: 0.88
Step 1835046/5000000 | Win rate (rollout): 0.75 | Loss: 0.223 | Opp label coverage: 0.86
Step 1835558/5000000 | Win rate (rollout): 0.40 | Loss: 0.212 | Opp label coverage: 0.89
Step 1836070/5000000 | Win rate (rollout): 0.64 | Loss: 0.195 | Opp label coverage: 0.83
Step 1836584/5000000 | Win rate (rollout): 0.82 | Loss: 0.171 | Opp label coverage: 0.92
Step 1837096/5000000 | Win rate (rollout): 0.50 | Loss: 0.189 | Opp label coverage: 0.89
Step 1837613/5000000 | Win rate (rollout): 0.35 | Loss: 0.191 | Opp label coverage: 0.87
Step 1838125/5000000 | Win rate (rollout): 0.62 | Loss: 0.240 | Opp label coverage: 0.89
Step 1838637/5000000 | Win rate (rollout): 0.77 | Loss: 0.209 | Opp label coverage: 0.84
Step 1839149/5000000 | Win rate (rollout): 0.73 | Loss: 0.226 | Opp label coverage: 0.87
Step 1839661/5000000 | Win rate (rollout): 0.50 | Loss: 0.186 | Opp label coverage: 0.82
Step 1840174/5000000 | Win rate (rollout): 0.45 | Loss: 0.189 | Opp label coverage: 0.89
Step 1840686/5000000 | Win rate (rollout): 0.79 | Loss: 0.180 | Opp label coverage: 0.77
Step 1841203/5000000 | Win rate (rollout): 0.30 | Loss: 0.251 | Opp label coverage: 0.89
Step 1841719/5000000 | Win rate (rollout): 0.57 | Loss: 0.236 | Opp label coverage: 0.90
Step 1842231/5000000 | Win rate (rollout): 0.36 | Loss: 0.201 | Opp label coverage: 0.83
Step 1842743/5000000 | Win rate (rollout): 0.62 | Loss: 0.204 | Opp label coverage: 0.80
Step 1843259/5000000 | Win rate (rollout): 0.55 | Loss: 0.209 | Opp label coverage: 0.89
Step 1843771/5000000 | Win rate (rollout): 0.67 | Loss: 0.204 | Opp label coverage: 0.81
Step 1844286/5000000 | Win rate (rollout): 0.23 | Loss: 0.211 | Opp label coverage: 0.88
Step 1844798/5000000 | Win rate (rollout): 0.46 | Loss: 0.217 | Opp label coverage: 0.79
Step 1845310/5000000 | Win rate (rollout): 0.65 | Loss: 0.204 | Opp label coverage: 0.79
Step 1845822/5000000 | Win rate (rollout): 0.38 | Loss: 0.206 | Opp label coverage: 0.83
Step 1846335/5000000 | Win rate (rollout): 0.54 | Loss: 0.236 | Opp label coverage: 0.88
Step 1846849/5000000 | Win rate (rollout): 0.29 | Loss: 0.177 | Opp label coverage: 0.88
Step 1847363/5000000 | Win rate (rollout): 0.36 | Loss: 0.219 | Opp label coverage: 0.89
Step 1847877/5000000 | Win rate (rollout): 0.17 | Loss: 0.179 | Opp label coverage: 0.88
Step 1848389/5000000 | Win rate (rollout): 0.50 | Loss: 0.222 | Opp label coverage: 0.81
Step 1848901/5000000 | Win rate (rollout): 0.38 | Loss: 0.204 | Opp label coverage: 0.84
Step 1849420/5000000 | Win rate (rollout): 0.20 | Loss: 0.205 | Opp label coverage: 0.87
Step 1849932/5000000 | Win rate (rollout): 0.57 | Loss: 0.228 | Opp label coverage: 0.92
Step 1850449/5000000 | Win rate (rollout): 0.40 | Loss: 0.224 | Opp label coverage: 0.90
Step 1850961/5000000 | Win rate (rollout): 0.60 | Loss: 0.195 | Opp label coverage: 0.82
Step 1851474/5000000 | Win rate (rollout): 0.73 | Loss: 0.210 | Opp label coverage: 0.91
Step 1851988/5000000 | Win rate (rollout): 0.42 | Loss: 0.215 | Opp label coverage: 0.89
Step 1852500/5000000 | Win rate (rollout): 0.91 | Loss: 0.183 | Opp label coverage: 0.92
Step 1853013/5000000 | Win rate (rollout): 0.57 | Loss: 0.117 | Opp label coverage: 0.91
Step 1853525/5000000 | Win rate (rollout): 0.55 | Loss: 0.190 | Opp label coverage: 0.79
Step 1854039/5000000 | Win rate (rollout): 0.70 | Loss: 0.153 | Opp label coverage: 0.88
Step 1854554/5000000 | Win rate (rollout): 0.53 | Loss: 0.163 | Opp label coverage: 0.90
Step 1855070/5000000 | Win rate (rollout): 0.71 | Loss: 0.205 | Opp label coverage: 0.90
Step 1855584/5000000 | Win rate (rollout): 0.60 | Loss: 0.221 | Opp label coverage: 0.91
Step 1856096/5000000 | Win rate (rollout): 0.60 | Loss: 0.216 | Opp label coverage: 0.85
Step 1856613/5000000 | Win rate (rollout): 0.50 | Loss: 0.217 | Opp label coverage: 0.89
Step 1857128/5000000 | Win rate (rollout): 0.64 | Loss: 0.228 | Opp label coverage: 0.91
Step 1857640/5000000 | Win rate (rollout): 0.70 | Loss: 0.216 | Opp label coverage: 0.86
Step 1858152/5000000 | Win rate (rollout): 0.67 | Loss: 0.193 | Opp label coverage: 0.87
Step 1858664/5000000 | Win rate (rollout): 0.60 | Loss: 0.192 | Opp label coverage: 0.85
Step 1859176/5000000 | Win rate (rollout): 0.73 | Loss: 0.184 | Opp label coverage: 0.88
Step 1859688/5000000 | Win rate (rollout): 0.36 | Loss: 0.233 | Opp label coverage: 0.89
Step 1860205/5000000 | Win rate (rollout): 0.60 | Loss: 0.197 | Opp label coverage: 0.90
Step 1860723/5000000 | Win rate (rollout): 0.62 | Loss: 0.209 | Opp label coverage: 0.90
Step 1861235/5000000 | Win rate (rollout): 0.42 | Loss: 0.218 | Opp label coverage: 0.81
Step 1861747/5000000 | Win rate (rollout): 0.53 | Loss: 0.193 | Opp label coverage: 0.87
Step 1862259/5000000 | Win rate (rollout): 0.62 | Loss: 0.222 | Opp label coverage: 0.79
Step 1862771/5000000 | Win rate (rollout): 0.70 | Loss: 0.195 | Opp label coverage: 0.89
Step 1863283/5000000 | Win rate (rollout): 0.67 | Loss: 0.192 | Opp label coverage: 0.83
Step 1863795/5000000 | Win rate (rollout): 0.40 | Loss: 0.204 | Opp label coverage: 0.83
Step 1864307/5000000 | Win rate (rollout): 0.54 | Loss: 0.190 | Opp label coverage: 0.79
Step 1864819/5000000 | Win rate (rollout): 0.44 | Loss: 0.206 | Opp label coverage: 0.80
Step 1865331/5000000 | Win rate (rollout): 0.67 | Loss: 0.208 | Opp label coverage: 0.82
Step 1865843/5000000 | Win rate (rollout): 0.43 | Loss: 0.202 | Opp label coverage: 0.81
Step 1866360/5000000 | Win rate (rollout): 0.50 | Loss: 0.248 | Opp label coverage: 0.88
Step 1866875/5000000 | Win rate (rollout): 0.87 | Loss: 0.191 | Opp label coverage: 0.90
Step 1867393/5000000 | Win rate (rollout): 0.53 | Loss: 0.218 | Opp label coverage: 0.89
Step 1867905/5000000 | Win rate (rollout): 0.62 | Loss: 0.183 | Opp label coverage: 0.82
Step 1868417/5000000 | Win rate (rollout): 0.33 | Loss: 0.222 | Opp label coverage: 0.81
Step 1868929/5000000 | Win rate (rollout): 0.56 | Loss: 0.190 | Opp label coverage: 0.84
Step 1869441/5000000 | Win rate (rollout): 0.77 | Loss: 0.214 | Opp label coverage: 0.85
Step 1869955/5000000 | Win rate (rollout): 0.64 | Loss: 0.216 | Opp label coverage: 0.89
Step 1870467/5000000 | Win rate (rollout): 1.00 | Loss: 0.156 | Opp label coverage: 0.85
Step 1870984/5000000 | Win rate (rollout): 0.56 | Loss: 0.203 | Opp label coverage: 0.91
Step 1871496/5000000 | Win rate (rollout): 0.36 | Loss: 0.200 | Opp label coverage: 0.82
Step 1872008/5000000 | Win rate (rollout): 0.60 | Loss: 0.222 | Opp label coverage: 0.81
Step 1872520/5000000 | Win rate (rollout): 0.80 | Loss: 0.176 | Opp label coverage: 0.84
Step 1873032/5000000 | Win rate (rollout): 0.60 | Loss: 0.170 | Opp label coverage: 0.86
Step 1873544/5000000 | Win rate (rollout): 0.42 | Loss: 0.242 | Opp label coverage: 0.83
Step 1874057/5000000 | Win rate (rollout): 0.60 | Loss: 0.181 | Opp label coverage: 0.91
Step 1874576/5000000 | Win rate (rollout): 0.40 | Loss: 0.239 | Opp label coverage: 0.90
Step 1875092/5000000 | Win rate (rollout): 0.36 | Loss: 0.220 | Opp label coverage: 0.87
Step 1875604/5000000 | Win rate (rollout): 0.50 | Loss: 0.211 | Opp label coverage: 0.83
Step 1876123/5000000 | Win rate (rollout): 0.44 | Loss: 0.169 | Opp label coverage: 0.90
Step 1876635/5000000 | Win rate (rollout): 0.89 | Loss: 0.213 | Opp label coverage: 0.81
Step 1877147/5000000 | Win rate (rollout): 0.67 | Loss: 0.186 | Opp label coverage: 0.80
Step 1877659/5000000 | Win rate (rollout): 0.44 | Loss: 0.208 | Opp label coverage: 0.88
Step 1878172/5000000 | Win rate (rollout): 0.53 | Loss: 0.158 | Opp label coverage: 0.89
Step 1878684/5000000 | Win rate (rollout): 0.31 | Loss: 0.196 | Opp label coverage: 0.86
Step 1879196/5000000 | Win rate (rollout): 0.62 | Loss: 0.173 | Opp label coverage: 0.82
Step 1879710/5000000 | Win rate (rollout): 0.29 | Loss: 0.146 | Opp label coverage: 0.91
Step 1880222/5000000 | Win rate (rollout): 0.46 | Loss: 0.187 | Opp label coverage: 0.78
Step 1880737/5000000 | Win rate (rollout): 0.44 | Loss: 0.233 | Opp label coverage: 0.91
Step 1881249/5000000 | Win rate (rollout): 0.57 | Loss: 0.190 | Opp label coverage: 0.80
Step 1881762/5000000 | Win rate (rollout): 0.44 | Loss: 0.158 | Opp label coverage: 0.89
Step 1882281/5000000 | Win rate (rollout): 0.75 | Loss: 0.223 | Opp label coverage: 0.90
Step 1882793/5000000 | Win rate (rollout): 0.62 | Loss: 0.184 | Opp label coverage: 0.82
Step 1883305/5000000 | Win rate (rollout): 0.38 | Loss: 0.202 | Opp label coverage: 0.86
Step 1883824/5000000 | Win rate (rollout): 0.25 | Loss: 0.216 | Opp label coverage: 0.91
Step 1884336/5000000 | Win rate (rollout): 0.60 | Loss: 0.197 | Opp label coverage: 0.79
Step 1884848/5000000 | Win rate (rollout): 0.29 | Loss: 0.182 | Opp label coverage: 0.82
Step 1885363/5000000 | Win rate (rollout): 0.64 | Loss: 0.207 | Opp label coverage: 0.89
Step 1885876/5000000 | Win rate (rollout): 0.60 | Loss: 0.224 | Opp label coverage: 0.91
Step 1886388/5000000 | Win rate (rollout): 0.46 | Loss: 0.184 | Opp label coverage: 0.83
Step 1886900/5000000 | Win rate (rollout): 0.80 | Loss: 0.204 | Opp label coverage: 0.89
Step 1887412/5000000 | Win rate (rollout): 0.46 | Loss: 0.202 | Opp label coverage: 0.83
Step 1887925/5000000 | Win rate (rollout): 0.54 | Loss: 0.235 | Opp label coverage: 0.89
Step 1888437/5000000 | Win rate (rollout): 0.67 | Loss: 0.195 | Opp label coverage: 0.84
Step 1888953/5000000 | Win rate (rollout): 0.42 | Loss: 0.235 | Opp label coverage: 0.89
Step 1889469/5000000 | Win rate (rollout): 0.45 | Loss: 0.193 | Opp label coverage: 0.89
Step 1889981/5000000 | Win rate (rollout): 0.42 | Loss: 0.194 | Opp label coverage: 0.82
Step 1890498/5000000 | Win rate (rollout): 0.60 | Loss: 0.190 | Opp label coverage: 0.90
Step 1891010/5000000 | Win rate (rollout): 0.89 | Loss: 0.180 | Opp label coverage: 0.84
Step 1891522/5000000 | Win rate (rollout): 0.62 | Loss: 0.204 | Opp label coverage: 0.80
Step 1892038/5000000 | Win rate (rollout): 0.30 | Loss: 0.238 | Opp label coverage: 0.90
Step 1892550/5000000 | Win rate (rollout): 0.50 | Loss: 0.190 | Opp label coverage: 0.82
Step 1893062/5000000 | Win rate (rollout): 0.46 | Loss: 0.204 | Opp label coverage: 0.81
Step 1893574/5000000 | Win rate (rollout): 0.40 | Loss: 0.215 | Opp label coverage: 0.81
Step 1894086/5000000 | Win rate (rollout): 0.44 | Loss: 0.196 | Opp label coverage: 0.81
Step 1894604/5000000 | Win rate (rollout): 0.46 | Loss: 0.221 | Opp label coverage: 0.88
Step 1895116/5000000 | Win rate (rollout): 0.36 | Loss: 0.154 | Opp label coverage: 0.80
Step 1895632/5000000 | Win rate (rollout): 0.50 | Loss: 0.260 | Opp label coverage: 0.92
Step 1896144/5000000 | Win rate (rollout): 0.64 | Loss: 0.228 | Opp label coverage: 0.92
Step 1896656/5000000 | Win rate (rollout): 0.57 | Loss: 0.210 | Opp label coverage: 0.84
Step 1897175/5000000 | Win rate (rollout): 0.40 | Loss: 0.179 | Opp label coverage: 0.89
Step 1897687/5000000 | Win rate (rollout): 0.45 | Loss: 0.187 | Opp label coverage: 0.78
Step 1898199/5000000 | Win rate (rollout): 0.88 | Loss: 0.169 | Opp label coverage: 0.85
Step 1898713/5000000 | Win rate (rollout): 0.42 | Loss: 0.224 | Opp label coverage: 0.90
Step 1899225/5000000 | Win rate (rollout): 0.42 | Loss: 0.203 | Opp label coverage: 0.77
Step 1899740/5000000 | Win rate (rollout): 0.64 | Loss: 0.249 | Opp label coverage: 0.91
Step 1900257/5000000 | Win rate (rollout): 0.65 | Loss: 0.248 | Opp label coverage: 0.90
Step 1900769/5000000 | Win rate (rollout): 0.43 | Loss: 0.192 | Opp label coverage: 0.79
Step 1901281/5000000 | Win rate (rollout): 0.44 | Loss: 0.215 | Opp label coverage: 0.79
Step 1901793/5000000 | Win rate (rollout): 0.29 | Loss: 0.187 | Opp label coverage: 0.82
Step 1902305/5000000 | Win rate (rollout): 0.64 | Loss: 0.199 | Opp label coverage: 0.84
Step 1902818/5000000 | Win rate (rollout): 0.91 | Loss: 0.265 | Opp label coverage: 0.92
Step 1903332/5000000 | Win rate (rollout): 0.36 | Loss: 0.207 | Opp label coverage: 0.89
Step 1903844/5000000 | Win rate (rollout): 0.36 | Loss: 0.222 | Opp label coverage: 0.78
Step 1904356/5000000 | Win rate (rollout): 0.56 | Loss: 0.190 | Opp label coverage: 0.85
Step 1904872/5000000 | Win rate (rollout): 0.33 | Loss: 0.162 | Opp label coverage: 0.91
Step 1905384/5000000 | Win rate (rollout): 0.70 | Loss: 0.204 | Opp label coverage: 0.83
Step 1905900/5000000 | Win rate (rollout): 0.67 | Loss: 0.154 | Opp label coverage: 0.89
Step 1906412/5000000 | Win rate (rollout): 0.75 | Loss: 0.172 | Opp label coverage: 0.83
Step 1906924/5000000 | Win rate (rollout): 0.57 | Loss: 0.184 | Opp label coverage: 0.79
Step 1907436/5000000 | Win rate (rollout): 0.88 | Loss: 0.200 | Opp label coverage: 0.83
Step 1907952/5000000 | Win rate (rollout): 0.73 | Loss: 0.200 | Opp label coverage: 0.91
Step 1908465/5000000 | Win rate (rollout): 0.67 | Loss: 0.136 | Opp label coverage: 0.91
Step 1908982/5000000 | Win rate (rollout): 0.71 | Loss: 0.238 | Opp label coverage: 0.89
Step 1909494/5000000 | Win rate (rollout): 0.60 | Loss: 0.245 | Opp label coverage: 0.81
Step 1910007/5000000 | Win rate (rollout): 0.62 | Loss: 0.197 | Opp label coverage: 0.91
Step 1910521/5000000 | Win rate (rollout): 0.57 | Loss: 0.236 | Opp label coverage: 0.90
Step 1911033/5000000 | Win rate (rollout): 0.64 | Loss: 0.240 | Opp label coverage: 0.92
Step 1911545/5000000 | Win rate (rollout): 0.90 | Loss: 0.177 | Opp label coverage: 0.86
Step 1912057/5000000 | Win rate (rollout): 0.73 | Loss: 0.176 | Opp label coverage: 0.84
Step 1912569/5000000 | Win rate (rollout): 0.67 | Loss: 0.202 | Opp label coverage: 0.84
Step 1913088/5000000 | Win rate (rollout): 0.36 | Loss: 0.203 | Opp label coverage: 0.89
Step 1913600/5000000 | Win rate (rollout): 0.50 | Loss: 0.232 | Opp label coverage: 0.90
Step 1914114/5000000 | Win rate (rollout): 0.54 | Loss: 0.175 | Opp label coverage: 0.90
Step 1914631/5000000 | Win rate (rollout): 0.43 | Loss: 0.225 | Opp label coverage: 0.90
Step 1915143/5000000 | Win rate (rollout): 0.43 | Loss: 0.211 | Opp label coverage: 0.80
Step 1915655/5000000 | Win rate (rollout): 0.50 | Loss: 0.179 | Opp label coverage: 0.84
Step 1916168/5000000 | Win rate (rollout): 0.60 | Loss: 0.283 | Opp label coverage: 0.88
Step 1916684/5000000 | Win rate (rollout): 0.27 | Loss: 0.191 | Opp label coverage: 0.89
Step 1917196/5000000 | Win rate (rollout): 0.50 | Loss: 0.196 | Opp label coverage: 0.81
Step 1917708/5000000 | Win rate (rollout): 0.78 | Loss: 0.186 | Opp label coverage: 0.82
Step 1918220/5000000 | Win rate (rollout): 0.62 | Loss: 0.242 | Opp label coverage: 0.90
Step 1918732/5000000 | Win rate (rollout): 0.50 | Loss: 0.207 | Opp label coverage: 0.82
Step 1919244/5000000 | Win rate (rollout): 0.70 | Loss: 0.241 | Opp label coverage: 0.90
Step 1919758/5000000 | Win rate (rollout): 0.58 | Loss: 0.189 | Opp label coverage: 0.91
Step 1920273/5000000 | Win rate (rollout): 0.82 | Loss: 0.131 | Opp label coverage: 0.89
Step 1920785/5000000 | Win rate (rollout): 0.82 | Loss: 0.196 | Opp label coverage: 0.81
Step 1921302/5000000 | Win rate (rollout): 0.56 | Loss: 0.205 | Opp label coverage: 0.90
Step 1921817/5000000 | Win rate (rollout): 0.53 | Loss: 0.176 | Opp label coverage: 0.88
Step 1922329/5000000 | Win rate (rollout): 0.58 | Loss: 0.196 | Opp label coverage: 0.86
Step 1922843/5000000 | Win rate (rollout): 0.55 | Loss: 0.228 | Opp label coverage: 0.87
Step 1923357/5000000 | Win rate (rollout): 0.50 | Loss: 0.199 | Opp label coverage: 0.89
Step 1923870/5000000 | Win rate (rollout): 0.62 | Loss: 0.138 | Opp label coverage: 0.88
Step 1924382/5000000 | Win rate (rollout): 0.57 | Loss: 0.194 | Opp label coverage: 0.83
Step 1924895/5000000 | Win rate (rollout): 0.50 | Loss: 0.273 | Opp label coverage: 0.88
Step 1925409/5000000 | Win rate (rollout): 0.53 | Loss: 0.232 | Opp label coverage: 0.88
Step 1925921/5000000 | Win rate (rollout): 0.73 | Loss: 0.219 | Opp label coverage: 0.84
Step 1926433/5000000 | Win rate (rollout): 0.71 | Loss: 0.208 | Opp label coverage: 0.80
Step 1926945/5000000 | Win rate (rollout): 0.50 | Loss: 0.205 | Opp label coverage: 0.84
Step 1927458/5000000 | Win rate (rollout): 0.43 | Loss: 0.273 | Opp label coverage: 0.90
Step 1927970/5000000 | Win rate (rollout): 0.69 | Loss: 0.188 | Opp label coverage: 0.85
Step 1928482/5000000 | Win rate (rollout): 0.64 | Loss: 0.178 | Opp label coverage: 0.84
Step 1928994/5000000 | Win rate (rollout): 0.50 | Loss: 0.221 | Opp label coverage: 0.86
Step 1929506/5000000 | Win rate (rollout): 0.50 | Loss: 0.216 | Opp label coverage: 0.87
Step 1930018/5000000 | Win rate (rollout): 0.64 | Loss: 0.207 | Opp label coverage: 0.82
Step 1930530/5000000 | Win rate (rollout): 0.67 | Loss: 0.210 | Opp label coverage: 0.82
Step 1931042/5000000 | Win rate (rollout): 0.73 | Loss: 0.162 | Opp label coverage: 0.86
Step 1931554/5000000 | Win rate (rollout): 0.60 | Loss: 0.191 | Opp label coverage: 0.82
Step 1932066/5000000 | Win rate (rollout): 0.42 | Loss: 0.255 | Opp label coverage: 0.90
Step 1932578/5000000 | Win rate (rollout): 0.50 | Loss: 0.220 | Opp label coverage: 0.82
Step 1933090/5000000 | Win rate (rollout): 0.67 | Loss: 0.198 | Opp label coverage: 0.80
Step 1933606/5000000 | Win rate (rollout): 0.36 | Loss: 0.253 | Opp label coverage: 0.87
Step 1934118/5000000 | Win rate (rollout): 0.71 | Loss: 0.181 | Opp label coverage: 0.85
Step 1934630/5000000 | Win rate (rollout): 0.73 | Loss: 0.187 | Opp label coverage: 0.82
Step 1935147/5000000 | Win rate (rollout): 0.64 | Loss: 0.180 | Opp label coverage: 0.90
Step 1935659/5000000 | Win rate (rollout): 0.64 | Loss: 0.238 | Opp label coverage: 0.86
Step 1936174/5000000 | Win rate (rollout): 0.50 | Loss: 0.158 | Opp label coverage: 0.89
Step 1936686/5000000 | Win rate (rollout): 0.44 | Loss: 0.234 | Opp label coverage: 0.87
Step 1937199/5000000 | Win rate (rollout): 0.58 | Loss: 0.232 | Opp label coverage: 0.91
Step 1937711/5000000 | Win rate (rollout): 0.53 | Loss: 0.197 | Opp label coverage: 0.78
Step 1938225/5000000 | Win rate (rollout): 0.20 | Loss: 0.228 | Opp label coverage: 0.88
Step 1938737/5000000 | Win rate (rollout): 0.45 | Loss: 0.198 | Opp label coverage: 0.84
Step 1939249/5000000 | Win rate (rollout): 0.71 | Loss: 0.205 | Opp label coverage: 0.84
Step 1939766/5000000 | Win rate (rollout): 0.36 | Loss: 0.210 | Opp label coverage: 0.89
Step 1940278/5000000 | Win rate (rollout): 0.40 | Loss: 0.214 | Opp label coverage: 0.81
Step 1940795/5000000 | Win rate (rollout): 0.40 | Loss: 0.214 | Opp label coverage: 0.89
Step 1941308/5000000 | Win rate (rollout): 0.50 | Loss: 0.204 | Opp label coverage: 0.89
Step 1941822/5000000 | Win rate (rollout): 0.60 | Loss: 0.170 | Opp label coverage: 0.89
Step 1942334/5000000 | Win rate (rollout): 0.57 | Loss: 0.204 | Opp label coverage: 0.83
Step 1942846/5000000 | Win rate (rollout): 0.56 | Loss: 0.196 | Opp label coverage: 0.84
Step 1943360/5000000 | Win rate (rollout): 0.64 | Loss: 0.242 | Opp label coverage: 0.90
Step 1943872/5000000 | Win rate (rollout): 0.46 | Loss: 0.226 | Opp label coverage: 0.80
Step 1944384/5000000 | Win rate (rollout): 0.78 | Loss: 0.201 | Opp label coverage: 0.81
Step 1944900/5000000 | Win rate (rollout): 0.45 | Loss: 0.193 | Opp label coverage: 0.90
Step 1945412/5000000 | Win rate (rollout): 0.58 | Loss: 0.205 | Opp label coverage: 0.84
Step 1945930/5000000 | Win rate (rollout): 0.67 | Loss: 0.231 | Opp label coverage: 0.89
Step 1946444/5000000 | Win rate (rollout): 0.81 | Loss: 0.198 | Opp label coverage: 0.90
Step 1946956/5000000 | Win rate (rollout): 0.55 | Loss: 0.244 | Opp label coverage: 0.89
Step 1947468/5000000 | Win rate (rollout): 0.67 | Loss: 0.201 | Opp label coverage: 0.84
Step 1947980/5000000 | Win rate (rollout): 0.31 | Loss: 0.220 | Opp label coverage: 0.79
Step 1948493/5000000 | Win rate (rollout): 0.44 | Loss: 0.265 | Opp label coverage: 0.91
Step 1949005/5000000 | Win rate (rollout): 0.83 | Loss: 0.197 | Opp label coverage: 0.79
Step 1949522/5000000 | Win rate (rollout): 0.44 | Loss: 0.160 | Opp label coverage: 0.89
Step 1950035/5000000 | Win rate (rollout): 0.47 | Loss: 0.194 | Opp label coverage: 0.89
Step 1950549/5000000 | Win rate (rollout): 0.33 | Loss: 0.194 | Opp label coverage: 0.88
Step 1951061/5000000 | Win rate (rollout): 0.40 | Loss: 0.198 | Opp label coverage: 0.84
Step 1951574/5000000 | Win rate (rollout): 0.43 | Loss: 0.244 | Opp label coverage: 0.90
Step 1952089/5000000 | Win rate (rollout): 0.25 | Loss: 0.218 | Opp label coverage: 0.89
Step 1952601/5000000 | Win rate (rollout): 0.21 | Loss: 0.202 | Opp label coverage: 0.83
Step 1953120/5000000 | Win rate (rollout): 0.73 | Loss: 0.231 | Opp label coverage: 0.90
Step 1953637/5000000 | Win rate (rollout): 0.40 | Loss: 0.241 | Opp label coverage: 0.88
Step 1954149/5000000 | Win rate (rollout): 0.64 | Loss: 0.197 | Opp label coverage: 0.84
Step 1954661/5000000 | Win rate (rollout): 0.50 | Loss: 0.208 | Opp label coverage: 0.82
Step 1955173/5000000 | Win rate (rollout): 0.70 | Loss: 0.194 | Opp label coverage: 0.81
Step 1955689/5000000 | Win rate (rollout): 0.56 | Loss: 0.189 | Opp label coverage: 0.91
Step 1956205/5000000 | Win rate (rollout): 0.73 | Loss: 0.214 | Opp label coverage: 0.88
Step 1956718/5000000 | Win rate (rollout): 0.57 | Loss: 0.140 | Opp label coverage: 0.91
Step 1957233/5000000 | Win rate (rollout): 0.47 | Loss: 0.236 | Opp label coverage: 0.88
Step 1957745/5000000 | Win rate (rollout): 0.70 | Loss: 0.179 | Opp label coverage: 0.86
Step 1958261/5000000 | Win rate (rollout): 0.56 | Loss: 0.208 | Opp label coverage: 0.89
Step 1958773/5000000 | Win rate (rollout): 0.50 | Loss: 0.201 | Opp label coverage: 0.85
Step 1959285/5000000 | Win rate (rollout): 0.36 | Loss: 0.192 | Opp label coverage: 0.87
Step 1959797/5000000 | Win rate (rollout): 0.57 | Loss: 0.205 | Opp label coverage: 0.82
Step 1960311/5000000 | Win rate (rollout): 0.33 | Loss: 0.224 | Opp label coverage: 0.89
Step 1960823/5000000 | Win rate (rollout): 0.55 | Loss: 0.197 | Opp label coverage: 0.80
Step 1961335/5000000 | Win rate (rollout): 0.56 | Loss: 0.183 | Opp label coverage: 0.82
Step 1961847/5000000 | Win rate (rollout): 0.54 | Loss: 0.181 | Opp label coverage: 0.81
Step 1962360/5000000 | Win rate (rollout): 0.73 | Loss: 0.148 | Opp label coverage: 0.91
Step 1962879/5000000 | Win rate (rollout): 0.60 | Loss: 0.258 | Opp label coverage: 0.88
Step 1963395/5000000 | Win rate (rollout): 0.53 | Loss: 0.221 | Opp label coverage: 0.88
Step 1963914/5000000 | Win rate (rollout): 0.69 | Loss: 0.178 | Opp label coverage: 0.90
Step 1964426/5000000 | Win rate (rollout): 0.67 | Loss: 0.180 | Opp label coverage: 0.85
Step 1964938/5000000 | Win rate (rollout): 0.50 | Loss: 0.195 | Opp label coverage: 0.82
Step 1965450/5000000 | Win rate (rollout): 0.57 | Loss: 0.203 | Opp label coverage: 0.84
Step 1965962/5000000 | Win rate (rollout): 0.62 | Loss: 0.205 | Opp label coverage: 0.80
Step 1966474/5000000 | Win rate (rollout): 0.59 | Loss: 0.195 | Opp label coverage: 0.84
Step 1966992/5000000 | Win rate (rollout): 0.55 | Loss: 0.213 | Opp label coverage: 0.90
Step 1967504/5000000 | Win rate (rollout): 0.56 | Loss: 0.192 | Opp label coverage: 0.84
Step 1968016/5000000 | Win rate (rollout): 0.81 | Loss: 0.194 | Opp label coverage: 0.79
Step 1968532/5000000 | Win rate (rollout): 0.75 | Loss: 0.176 | Opp label coverage: 0.90
Step 1969044/5000000 | Win rate (rollout): 0.78 | Loss: 0.169 | Opp label coverage: 0.84
Step 1969559/5000000 | Win rate (rollout): 0.73 | Loss: 0.175 | Opp label coverage: 0.89
Step 1970077/5000000 | Win rate (rollout): 0.50 | Loss: 0.222 | Opp label coverage: 0.89
Step 1970595/5000000 | Win rate (rollout): 0.42 | Loss: 0.163 | Opp label coverage: 0.92
Step 1971112/5000000 | Win rate (rollout): 0.50 | Loss: 0.227 | Opp label coverage: 0.91
Step 1971624/5000000 | Win rate (rollout): 0.73 | Loss: 0.182 | Opp label coverage: 0.81
Step 1972140/5000000 | Win rate (rollout): 0.70 | Loss: 0.165 | Opp label coverage: 0.90
Step 1972659/5000000 | Win rate (rollout): 0.62 | Loss: 0.230 | Opp label coverage: 0.88
Step 1973173/5000000 | Win rate (rollout): 0.67 | Loss: 0.169 | Opp label coverage: 0.89
Step 1973685/5000000 | Win rate (rollout): 0.50 | Loss: 0.222 | Opp label coverage: 0.80
Step 1974197/5000000 | Win rate (rollout): 0.40 | Loss: 0.176 | Opp label coverage: 0.78
Step 1974715/5000000 | Win rate (rollout): 0.70 | Loss: 0.246 | Opp label coverage: 0.91
Step 1975231/5000000 | Win rate (rollout): 0.65 | Loss: 0.278 | Opp label coverage: 0.89
Step 1975747/5000000 | Win rate (rollout): 0.69 | Loss: 0.262 | Opp label coverage: 0.91
Step 1976259/5000000 | Win rate (rollout): 0.50 | Loss: 0.200 | Opp label coverage: 0.86
Step 1976771/5000000 | Win rate (rollout): 0.82 | Loss: 0.208 | Opp label coverage: 0.86
Step 1977288/5000000 | Win rate (rollout): 0.45 | Loss: 0.201 | Opp label coverage: 0.90
Step 1977800/5000000 | Win rate (rollout): 0.54 | Loss: 0.211 | Opp label coverage: 0.82
Step 1978316/5000000 | Win rate (rollout): 0.36 | Loss: 0.202 | Opp label coverage: 0.87
Step 1978828/5000000 | Win rate (rollout): 0.25 | Loss: 0.186 | Opp label coverage: 0.80
Step 1979340/5000000 | Win rate (rollout): 0.60 | Loss: 0.211 | Opp label coverage: 0.83
Step 1979854/5000000 | Win rate (rollout): 0.67 | Loss: 0.237 | Opp label coverage: 0.90
Step 1980366/5000000 | Win rate (rollout): 0.78 | Loss: 0.217 | Opp label coverage: 0.84
Step 1980878/5000000 | Win rate (rollout): 0.67 | Loss: 0.188 | Opp label coverage: 0.85
Step 1981391/5000000 | Win rate (rollout): 0.78 | Loss: 0.066 | Opp label coverage: 0.90
Step 1981903/5000000 | Win rate (rollout): 0.46 | Loss: 0.219 | Opp label coverage: 0.82
Step 1982415/5000000 | Win rate (rollout): 0.64 | Loss: 0.206 | Opp label coverage: 0.81
Step 1982927/5000000 | Win rate (rollout): 0.29 | Loss: 0.187 | Opp label coverage: 0.85
Step 1983441/5000000 | Win rate (rollout): 0.50 | Loss: 0.225 | Opp label coverage: 0.88
Step 1983953/5000000 | Win rate (rollout): 0.80 | Loss: 0.184 | Opp label coverage: 0.83
Step 1984470/5000000 | Win rate (rollout): 0.60 | Loss: 0.278 | Opp label coverage: 0.89
Step 1984989/5000000 | Win rate (rollout): 0.38 | Loss: 0.193 | Opp label coverage: 0.86
Step 1985504/5000000 | Win rate (rollout): 0.75 | Loss: 0.205 | Opp label coverage: 0.89
Step 1986017/5000000 | Win rate (rollout): 0.50 | Loss: 0.375 | Opp label coverage: 0.90
Step 1986529/5000000 | Win rate (rollout): 0.60 | Loss: 0.198 | Opp label coverage: 0.84
Step 1987041/5000000 | Win rate (rollout): 0.64 | Loss: 0.225 | Opp label coverage: 0.89
Step 1987553/5000000 | Win rate (rollout): 0.47 | Loss: 0.223 | Opp label coverage: 0.88
Step 1988065/5000000 | Win rate (rollout): 0.50 | Loss: 0.195 | Opp label coverage: 0.81
Step 1988577/5000000 | Win rate (rollout): 0.44 | Loss: 0.241 | Opp label coverage: 0.78
Step 1989090/5000000 | Win rate (rollout): 0.69 | Loss: 0.190 | Opp label coverage: 0.90
Step 1989606/5000000 | Win rate (rollout): 0.58 | Loss: 0.217 | Opp label coverage: 0.90
Step 1990122/5000000 | Win rate (rollout): 0.50 | Loss: 0.174 | Opp label coverage: 0.91
Step 1990638/5000000 | Win rate (rollout): 0.40 | Loss: 0.207 | Opp label coverage: 0.88
Step 1991150/5000000 | Win rate (rollout): 0.57 | Loss: 0.240 | Opp label coverage: 0.81
Step 1991662/5000000 | Win rate (rollout): 0.62 | Loss: 0.190 | Opp label coverage: 0.85
Step 1992179/5000000 | Win rate (rollout): 0.78 | Loss: 0.220 | Opp label coverage: 0.89
Step 1992691/5000000 | Win rate (rollout): 0.69 | Loss: 0.185 | Opp label coverage: 0.83
Step 1993203/5000000 | Win rate (rollout): 0.73 | Loss: 0.214 | Opp label coverage: 0.80
Step 1993718/5000000 | Win rate (rollout): 0.60 | Loss: 0.206 | Opp label coverage: 0.88
Step 1994230/5000000 | Win rate (rollout): 0.58 | Loss: 0.209 | Opp label coverage: 0.79
Step 1994745/5000000 | Win rate (rollout): 0.44 | Loss: 0.195 | Opp label coverage: 0.90
Step 1995257/5000000 | Win rate (rollout): 0.56 | Loss: 0.185 | Opp label coverage: 0.79
Step 1995773/5000000 | Win rate (rollout): 0.55 | Loss: 0.219 | Opp label coverage: 0.88
Step 1996289/5000000 | Win rate (rollout): 0.62 | Loss: 0.192 | Opp label coverage: 0.90
Step 1996801/5000000 | Win rate (rollout): 0.46 | Loss: 0.220 | Opp label coverage: 0.83
Step 1997317/5000000 | Win rate (rollout): 0.67 | Loss: 0.166 | Opp label coverage: 0.91
Step 1997829/5000000 | Win rate (rollout): 0.57 | Loss: 0.201 | Opp label coverage: 0.85
Step 1998348/5000000 | Win rate (rollout): 0.40 | Loss: 0.243 | Opp label coverage: 0.89
Step 1998862/5000000 | Win rate (rollout): 0.50 | Loss: 0.110 | Opp label coverage: 0.91
Step 1999374/5000000 | Win rate (rollout): 0.89 | Loss: 0.169 | Opp label coverage: 0.84
Step 1999891/5000000 | Win rate (rollout): 0.62 | Loss: 0.192 | Opp label coverage: 0.91
[checkpoint] Saved models/ppo/checkpoints/m9seed/ppo_step_2000019.pt
Step 2000403/5000000 | Win rate (rollout): 0.83 | Loss: 0.174 | Opp label coverage: 0.85
Step 2000920/5000000 | Win rate (rollout): 0.64 | Loss: 0.219 | Opp label coverage: 0.88
Step 2001435/5000000 | Win rate (rollout): 0.40 | Loss: 0.249 | Opp label coverage: 0.89
Step 2001949/5000000 | Win rate (rollout): 0.54 | Loss: 0.192 | Opp label coverage: 0.89
Step 2002461/5000000 | Win rate (rollout): 0.54 | Loss: 0.206 | Opp label coverage: 0.90
Step 2002973/5000000 | Win rate (rollout): 0.60 | Loss: 0.180 | Opp label coverage: 0.82
Step 2003490/5000000 | Win rate (rollout): 0.22 | Loss: 0.230 | Opp label coverage: 0.88
Step 2004004/5000000 | Win rate (rollout): 0.50 | Loss: 0.172 | Opp label coverage: 0.89
Step 2004520/5000000 | Win rate (rollout): 0.36 | Loss: 0.197 | Opp label coverage: 0.89
Step 2005037/5000000 | Win rate (rollout): 0.38 | Loss: 0.227 | Opp label coverage: 0.89
Step 2005554/5000000 | Win rate (rollout): 0.43 | Loss: 0.230 | Opp label coverage: 0.89
Step 2006066/5000000 | Win rate (rollout): 0.36 | Loss: 0.199 | Opp label coverage: 0.81
Step 2006584/5000000 | Win rate (rollout): 0.38 | Loss: 0.207 | Opp label coverage: 0.88
Step 2007100/5000000 | Win rate (rollout): 0.30 | Loss: 0.212 | Opp label coverage: 0.90
Step 2007614/5000000 | Win rate (rollout): 0.69 | Loss: 0.235 | Opp label coverage: 0.91
Step 2008126/5000000 | Win rate (rollout): 0.67 | Loss: 0.194 | Opp label coverage: 0.85
Step 2008638/5000000 | Win rate (rollout): 0.36 | Loss: 0.220 | Opp label coverage: 0.83
Step 2009150/5000000 | Win rate (rollout): 0.76 | Loss: 0.242 | Opp label coverage: 0.82
Step 2009662/5000000 | Win rate (rollout): 0.50 | Loss: 0.185 | Opp label coverage: 0.86
Step 2010175/5000000 | Win rate (rollout): 0.50 | Loss: 0.338 | Opp label coverage: 0.89
Step 2010692/5000000 | Win rate (rollout): 0.64 | Loss: 0.206 | Opp label coverage: 0.90
Step 2011208/5000000 | Win rate (rollout): 0.36 | Loss: 0.196 | Opp label coverage: 0.89
Step 2011720/5000000 | Win rate (rollout): 0.47 | Loss: 0.220 | Opp label coverage: 0.81
Step 2012235/5000000 | Win rate (rollout): 1.00 | Loss: 0.167 | Opp label coverage: 0.90
Step 2012747/5000000 | Win rate (rollout): 0.69 | Loss: 0.242 | Opp label coverage: 0.84
Step 2013259/5000000 | Win rate (rollout): 0.44 | Loss: 0.185 | Opp label coverage: 0.81
Step 2013771/5000000 | Win rate (rollout): 0.62 | Loss: 0.198 | Opp label coverage: 0.86
Step 2014287/5000000 | Win rate (rollout): 0.11 | Loss: 0.240 | Opp label coverage: 0.88
Step 2014802/5000000 | Win rate (rollout): 0.56 | Loss: 0.198 | Opp label coverage: 0.90
Step 2015314/5000000 | Win rate (rollout): 0.64 | Loss: 0.192 | Opp label coverage: 0.82
Step 2015826/5000000 | Win rate (rollout): 0.47 | Loss: 0.218 | Opp label coverage: 0.84
Step 2016338/5000000 | Win rate (rollout): 0.47 | Loss: 0.238 | Opp label coverage: 0.81
Step 2016853/5000000 | Win rate (rollout): 0.46 | Loss: 0.258 | Opp label coverage: 0.88
Step 2017365/5000000 | Win rate (rollout): 0.67 | Loss: 0.178 | Opp label coverage: 0.77
Step 2017877/5000000 | Win rate (rollout): 0.64 | Loss: 0.205 | Opp label coverage: 0.86
Step 2018389/5000000 | Win rate (rollout): 0.60 | Loss: 0.186 | Opp label coverage: 0.79
Step 2018907/5000000 | Win rate (rollout): 0.55 | Loss: 0.205 | Opp label coverage: 0.89
Step 2019420/5000000 | Win rate (rollout): 0.83 | Loss: 0.246 | Opp label coverage: 0.93
Step 2019936/5000000 | Win rate (rollout): 0.58 | Loss: 0.194 | Opp label coverage: 0.91
Step 2020448/5000000 | Win rate (rollout): 0.55 | Loss: 0.178 | Opp label coverage: 0.82
Step 2020960/5000000 | Win rate (rollout): 0.47 | Loss: 0.209 | Opp label coverage: 0.81
Step 2021472/5000000 | Win rate (rollout): 0.50 | Loss: 0.199 | Opp label coverage: 0.81
Step 2021984/5000000 | Win rate (rollout): 0.60 | Loss: 0.208 | Opp label coverage: 0.80
Step 2022500/5000000 | Win rate (rollout): 0.78 | Loss: 0.239 | Opp label coverage: 0.89
Step 2023012/5000000 | Win rate (rollout): 0.23 | Loss: 0.205 | Opp label coverage: 0.80
Step 2023531/5000000 | Win rate (rollout): 0.60 | Loss: 0.171 | Opp label coverage: 0.88
Step 2024043/5000000 | Win rate (rollout): 0.57 | Loss: 0.216 | Opp label coverage: 0.82
Step 2024555/5000000 | Win rate (rollout): 0.59 | Loss: 0.222 | Opp label coverage: 0.81
Step 2025067/5000000 | Win rate (rollout): 0.60 | Loss: 0.170 | Opp label coverage: 0.85
Step 2025579/5000000 | Win rate (rollout): 0.75 | Loss: 0.189 | Opp label coverage: 0.89
Step 2026094/5000000 | Win rate (rollout): 0.50 | Loss: 0.248 | Opp label coverage: 0.90
Step 2026606/5000000 | Win rate (rollout): 0.50 | Loss: 0.259 | Opp label coverage: 0.81
Step 2027119/5000000 | Win rate (rollout): 0.55 | Loss: 0.165 | Opp label coverage: 0.91
Step 2027633/5000000 | Win rate (rollout): 0.80 | Loss: 0.222 | Opp label coverage: 0.91
Step 2028149/5000000 | Win rate (rollout): 0.60 | Loss: 0.215 | Opp label coverage: 0.89
Step 2028661/5000000 | Win rate (rollout): 0.33 | Loss: 0.212 | Opp label coverage: 0.90
Step 2029173/5000000 | Win rate (rollout): 0.75 | Loss: 0.232 | Opp label coverage: 0.84
Step 2029688/5000000 | Win rate (rollout): 0.77 | Loss: 0.193 | Opp label coverage: 0.90
Step 2030200/5000000 | Win rate (rollout): 0.64 | Loss: 0.174 | Opp label coverage: 0.82
Step 2030712/5000000 | Win rate (rollout): 0.44 | Loss: 0.197 | Opp label coverage: 0.83
Step 2031230/5000000 | Win rate (rollout): 0.78 | Loss: 0.208 | Opp label coverage: 0.90
Step 2031742/5000000 | Win rate (rollout): 0.62 | Loss: 0.222 | Opp label coverage: 0.80
Step 2032254/5000000 | Win rate (rollout): 0.69 | Loss: 0.214 | Opp label coverage: 0.81
Step 2032766/5000000 | Win rate (rollout): 0.65 | Loss: 0.227 | Opp label coverage: 0.85
Step 2033278/5000000 | Win rate (rollout): 0.75 | Loss: 0.188 | Opp label coverage: 0.81
Step 2033790/5000000 | Win rate (rollout): 0.50 | Loss: 0.174 | Opp label coverage: 0.82
Step 2034302/5000000 | Win rate (rollout): 0.62 | Loss: 0.206 | Opp label coverage: 0.83
Step 2034814/5000000 | Win rate (rollout): 0.50 | Loss: 0.215 | Opp label coverage: 0.84
Step 2035326/5000000 | Win rate (rollout): 0.62 | Loss: 0.215 | Opp label coverage: 0.85
Step 2035838/5000000 | Win rate (rollout): 0.50 | Loss: 0.187 | Opp label coverage: 0.79
Step 2036350/5000000 | Win rate (rollout): 0.64 | Loss: 0.188 | Opp label coverage: 0.79
Step 2036862/5000000 | Win rate (rollout): 0.75 | Loss: 0.176 | Opp label coverage: 0.81
Step 2037374/5000000 | Win rate (rollout): 0.53 | Loss: 0.224 | Opp label coverage: 0.81
Step 2037886/5000000 | Win rate (rollout): 0.71 | Loss: 0.213 | Opp label coverage: 0.79
Step 2038399/5000000 | Win rate (rollout): 0.56 | Loss: 0.220 | Opp label coverage: 0.89
Step 2038917/5000000 | Win rate (rollout): 0.21 | Loss: 0.200 | Opp label coverage: 0.89
Step 2039436/5000000 | Win rate (rollout): 0.79 | Loss: 0.197 | Opp label coverage: 0.90
Step 2039948/5000000 | Win rate (rollout): 0.67 | Loss: 0.213 | Opp label coverage: 0.82
Step 2040465/5000000 | Win rate (rollout): 0.87 | Loss: 0.181 | Opp label coverage: 0.89
Step 2040977/5000000 | Win rate (rollout): 1.00 | Loss: 0.162 | Opp label coverage: 0.80
Step 2041495/5000000 | Win rate (rollout): 0.43 | Loss: 0.214 | Opp label coverage: 0.90
Step 2042007/5000000 | Win rate (rollout): 0.50 | Loss: 0.184 | Opp label coverage: 0.83
Step 2042524/5000000 | Win rate (rollout): 0.25 | Loss: 0.230 | Opp label coverage: 0.88
Step 2043041/5000000 | Win rate (rollout): 0.50 | Loss: 0.199 | Opp label coverage: 0.89
Step 2043560/5000000 | Win rate (rollout): 0.40 | Loss: 0.251 | Opp label coverage: 0.88
Step 2044072/5000000 | Win rate (rollout): 0.50 | Loss: 0.215 | Opp label coverage: 0.85
Step 2044586/5000000 | Win rate (rollout): 0.60 | Loss: 0.155 | Opp label coverage: 0.88
Step 2045105/5000000 | Win rate (rollout): 0.47 | Loss: 0.185 | Opp label coverage: 0.89
Step 2045617/5000000 | Win rate (rollout): 0.64 | Loss: 0.198 | Opp label coverage: 0.81
Step 2046134/5000000 | Win rate (rollout): 0.54 | Loss: 0.258 | Opp label coverage: 0.89
Step 2046646/5000000 | Win rate (rollout): 0.91 | Loss: 0.183 | Opp label coverage: 0.81
Step 2047158/5000000 | Win rate (rollout): 0.64 | Loss: 0.189 | Opp label coverage: 0.84
Step 2047674/5000000 | Win rate (rollout): 0.56 | Loss: 0.233 | Opp label coverage: 0.90
Step 2048188/5000000 | Win rate (rollout): 0.64 | Loss: 0.217 | Opp label coverage: 0.89
Step 2048706/5000000 | Win rate (rollout): 0.38 | Loss: 0.259 | Opp label coverage: 0.89
Step 2049222/5000000 | Win rate (rollout): 0.47 | Loss: 0.257 | Opp label coverage: 0.88
Step 2049738/5000000 | Win rate (rollout): 0.43 | Loss: 0.214 | Opp label coverage: 0.90
Step 2050250/5000000 | Win rate (rollout): 0.44 | Loss: 0.186 | Opp label coverage: 0.86
Step 2050762/5000000 | Win rate (rollout): 0.71 | Loss: 0.213 | Opp label coverage: 0.79
Step 2051274/5000000 | Win rate (rollout): 1.00 | Loss: 0.176 | Opp label coverage: 0.88
Step 2051787/5000000 | Win rate (rollout): 0.62 | Loss: 0.172 | Opp label coverage: 0.88
Step 2052299/5000000 | Win rate (rollout): 0.50 | Loss: 0.229 | Opp label coverage: 0.90
Step 2052811/5000000 | Win rate (rollout): 0.60 | Loss: 0.222 | Opp label coverage: 0.89
Step 2053323/5000000 | Win rate (rollout): 0.60 | Loss: 0.243 | Opp label coverage: 0.81
Step 2053835/5000000 | Win rate (rollout): 0.73 | Loss: 0.185 | Opp label coverage: 0.83
Step 2054347/5000000 | Win rate (rollout): 0.53 | Loss: 0.209 | Opp label coverage: 0.79
Step 2054866/5000000 | Win rate (rollout): 0.75 | Loss: 0.190 | Opp label coverage: 0.89
Step 2055378/5000000 | Win rate (rollout): 0.62 | Loss: 0.177 | Opp label coverage: 0.90
Step 2055890/5000000 | Win rate (rollout): 0.80 | Loss: 0.175 | Opp label coverage: 0.93
Step 2056402/5000000 | Win rate (rollout): 0.50 | Loss: 0.214 | Opp label coverage: 0.81
Step 2056915/5000000 | Win rate (rollout): 0.55 | Loss: 0.250 | Opp label coverage: 0.89
Step 2057432/5000000 | Win rate (rollout): 0.60 | Loss: 0.252 | Opp label coverage: 0.90
Step 2057948/5000000 | Win rate (rollout): 0.56 | Loss: 0.205 | Opp label coverage: 0.88
Step 2058460/5000000 | Win rate (rollout): 0.50 | Loss: 0.184 | Opp label coverage: 0.84
Step 2058977/5000000 | Win rate (rollout): 0.93 | Loss: 0.149 | Opp label coverage: 0.91
Step 2059489/5000000 | Win rate (rollout): 0.77 | Loss: 0.172 | Opp label coverage: 0.81
Step 2060001/5000000 | Win rate (rollout): 0.44 | Loss: 0.199 | Opp label coverage: 0.84
Step 2060513/5000000 | Win rate (rollout): 0.43 | Loss: 0.227 | Opp label coverage: 0.86
Step 2061027/5000000 | Win rate (rollout): 0.58 | Loss: 0.232 | Opp label coverage: 0.88
Step 2061539/5000000 | Win rate (rollout): 0.56 | Loss: 0.181 | Opp label coverage: 0.82
Step 2062051/5000000 | Win rate (rollout): 0.50 | Loss: 0.194 | Opp label coverage: 0.85
Step 2062564/5000000 | Win rate (rollout): 0.67 | Loss: 0.192 | Opp label coverage: 0.89
Step 2063076/5000000 | Win rate (rollout): 0.67 | Loss: 0.172 | Opp label coverage: 0.86
Step 2063588/5000000 | Win rate (rollout): 0.92 | Loss: 0.189 | Opp label coverage: 0.79
Step 2064100/5000000 | Win rate (rollout): 0.86 | Loss: 0.212 | Opp label coverage: 0.83
Step 2064614/5000000 | Win rate (rollout): 0.80 | Loss: 0.187 | Opp label coverage: 0.91
Step 2065127/5000000 | Win rate (rollout): 0.56 | Loss: 0.279 | Opp label coverage: 0.88
Step 2065639/5000000 | Win rate (rollout): 0.57 | Loss: 0.195 | Opp label coverage: 0.82
Step 2066151/5000000 | Win rate (rollout): 0.57 | Loss: 0.187 | Opp label coverage: 0.82
Step 2066663/5000000 | Win rate (rollout): 0.80 | Loss: 0.202 | Opp label coverage: 0.87
Step 2067180/5000000 | Win rate (rollout): 0.12 | Loss: 0.254 | Opp label coverage: 0.88
Step 2067692/5000000 | Win rate (rollout): 0.71 | Loss: 0.193 | Opp label coverage: 0.83
Step 2068211/5000000 | Win rate (rollout): 0.55 | Loss: 0.209 | Opp label coverage: 0.87
Step 2068723/5000000 | Win rate (rollout): 0.70 | Loss: 0.174 | Opp label coverage: 0.82
Step 2069236/5000000 | Win rate (rollout): 0.69 | Loss: 0.175 | Opp label coverage: 0.89
Step 2069751/5000000 | Win rate (rollout): 0.64 | Loss: 0.244 | Opp label coverage: 0.91
Step 2070263/5000000 | Win rate (rollout): 0.40 | Loss: 0.208 | Opp label coverage: 0.82
Step 2070775/5000000 | Win rate (rollout): 0.50 | Loss: 0.229 | Opp label coverage: 0.85
Step 2071287/5000000 | Win rate (rollout): 0.31 | Loss: 0.213 | Opp label coverage: 0.82
Step 2071799/5000000 | Win rate (rollout): 0.60 | Loss: 0.188 | Opp label coverage: 0.81
Step 2072311/5000000 | Win rate (rollout): 1.00 | Loss: 0.191 | Opp label coverage: 0.82
Step 2072823/5000000 | Win rate (rollout): 0.47 | Loss: 0.202 | Opp label coverage: 0.77
Step 2073335/5000000 | Win rate (rollout): 0.76 | Loss: 0.216 | Opp label coverage: 0.84
Step 2073847/5000000 | Win rate (rollout): 0.80 | Loss: 0.176 | Opp label coverage: 0.84
Step 2074363/5000000 | Win rate (rollout): 0.56 | Loss: 0.230 | Opp label coverage: 0.91
Step 2074880/5000000 | Win rate (rollout): 0.54 | Loss: 0.227 | Opp label coverage: 0.90
Step 2075394/5000000 | Win rate (rollout): 0.62 | Loss: 0.169 | Opp label coverage: 0.89
Step 2075909/5000000 | Win rate (rollout): 0.38 | Loss: 0.245 | Opp label coverage: 0.89
Step 2076424/5000000 | Win rate (rollout): 0.50 | Loss: 0.230 | Opp label coverage: 0.87
Step 2076936/5000000 | Win rate (rollout): 0.38 | Loss: 0.218 | Opp label coverage: 0.89
Step 2077448/5000000 | Win rate (rollout): 0.55 | Loss: 0.230 | Opp label coverage: 0.82
Step 2077962/5000000 | Win rate (rollout): 0.58 | Loss: 0.186 | Opp label coverage: 0.89
Step 2078474/5000000 | Win rate (rollout): 0.88 | Loss: 0.197 | Opp label coverage: 0.83
Step 2078986/5000000 | Win rate (rollout): 0.50 | Loss: 0.196 | Opp label coverage: 0.84
Step 2079498/5000000 | Win rate (rollout): 0.55 | Loss: 0.177 | Opp label coverage: 0.80
Step 2080015/5000000 | Win rate (rollout): 0.33 | Loss: 0.199 | Opp label coverage: 0.89
Step 2080533/5000000 | Win rate (rollout): 0.58 | Loss: 0.253 | Opp label coverage: 0.89
Step 2081045/5000000 | Win rate (rollout): 0.91 | Loss: 0.152 | Opp label coverage: 0.83
Step 2081557/5000000 | Win rate (rollout): 0.82 | Loss: 0.180 | Opp label coverage: 0.84
Step 2082069/5000000 | Win rate (rollout): 0.64 | Loss: 0.188 | Opp label coverage: 0.82
Step 2082581/5000000 | Win rate (rollout): 0.55 | Loss: 0.167 | Opp label coverage: 0.87
Step 2083097/5000000 | Win rate (rollout): 0.58 | Loss: 0.203 | Opp label coverage: 0.88
Step 2083615/5000000 | Win rate (rollout): 0.53 | Loss: 0.240 | Opp label coverage: 0.89
Step 2084133/5000000 | Win rate (rollout): 0.44 | Loss: 0.250 | Opp label coverage: 0.85
Step 2084650/5000000 | Win rate (rollout): 0.50 | Loss: 0.185 | Opp label coverage: 0.88
Step 2085162/5000000 | Win rate (rollout): 0.67 | Loss: 0.178 | Opp label coverage: 0.81
Step 2085674/5000000 | Win rate (rollout): 0.50 | Loss: 0.214 | Opp label coverage: 0.83
Step 2086190/5000000 | Win rate (rollout): 0.40 | Loss: 0.241 | Opp label coverage: 0.89
Step 2086702/5000000 | Win rate (rollout): 0.69 | Loss: 0.204 | Opp label coverage: 0.84
Step 2087214/5000000 | Win rate (rollout): 0.64 | Loss: 0.202 | Opp label coverage: 0.88
Step 2087726/5000000 | Win rate (rollout): 0.50 | Loss: 0.214 | Opp label coverage: 0.78
Step 2088238/5000000 | Win rate (rollout): 0.90 | Loss: 0.181 | Opp label coverage: 0.83
Step 2088750/5000000 | Win rate (rollout): 0.58 | Loss: 0.201 | Opp label coverage: 0.84
Step 2089262/5000000 | Win rate (rollout): 0.46 | Loss: 0.200 | Opp label coverage: 0.83
Step 2089774/5000000 | Win rate (rollout): 0.45 | Loss: 0.258 | Opp label coverage: 0.88
Step 2090286/5000000 | Win rate (rollout): 0.85 | Loss: 0.192 | Opp label coverage: 0.83
Step 2090798/5000000 | Win rate (rollout): 0.47 | Loss: 0.210 | Opp label coverage: 0.80
Step 2091316/5000000 | Win rate (rollout): 0.60 | Loss: 0.206 | Opp label coverage: 0.91
Step 2091829/5000000 | Win rate (rollout): 0.50 | Loss: 0.173 | Opp label coverage: 0.88
Step 2092344/5000000 | Win rate (rollout): 0.57 | Loss: 0.201 | Opp label coverage: 0.89
Step 2092856/5000000 | Win rate (rollout): 0.46 | Loss: 0.243 | Opp label coverage: 0.90
Step 2093371/5000000 | Win rate (rollout): 0.44 | Loss: 0.198 | Opp label coverage: 0.87
Step 2093886/5000000 | Win rate (rollout): 0.46 | Loss: 0.251 | Opp label coverage: 0.89
Step 2094398/5000000 | Win rate (rollout): 0.69 | Loss: 0.206 | Opp label coverage: 0.78
Step 2094913/5000000 | Win rate (rollout): 0.45 | Loss: 0.241 | Opp label coverage: 0.89
Step 2095429/5000000 | Win rate (rollout): 0.62 | Loss: 0.245 | Opp label coverage: 0.89
Step 2095941/5000000 | Win rate (rollout): 0.46 | Loss: 0.221 | Opp label coverage: 0.89
Step 2096453/5000000 | Win rate (rollout): 0.56 | Loss: 0.186 | Opp label coverage: 0.81
Step 2096965/5000000 | Win rate (rollout): 0.50 | Loss: 0.192 | Opp label coverage: 0.80
Step 2097482/5000000 | Win rate (rollout): 0.50 | Loss: 0.306 | Opp label coverage: 0.89
Step 2097994/5000000 | Win rate (rollout): 0.42 | Loss: 0.187 | Opp label coverage: 0.77
Step 2098506/5000000 | Win rate (rollout): 0.86 | Loss: 0.184 | Opp label coverage: 0.88
Step 2099018/5000000 | Win rate (rollout): 0.46 | Loss: 0.209 | Opp label coverage: 0.82
Step 2099533/5000000 | Win rate (rollout): 0.64 | Loss: 0.204 | Opp label coverage: 0.90
Step 2100045/5000000 | Win rate (rollout): 0.75 | Loss: 0.207 | Opp label coverage: 0.90
Step 2100560/5000000 | Win rate (rollout): 0.44 | Loss: 0.188 | Opp label coverage: 0.90
Step 2101072/5000000 | Win rate (rollout): 0.42 | Loss: 0.207 | Opp label coverage: 0.81
Step 2101584/5000000 | Win rate (rollout): 0.50 | Loss: 0.208 | Opp label coverage: 0.86
Step 2102096/5000000 | Win rate (rollout): 0.60 | Loss: 0.210 | Opp label coverage: 0.83
Step 2102608/5000000 | Win rate (rollout): 0.70 | Loss: 0.187 | Opp label coverage: 0.89
Step 2103120/5000000 | Win rate (rollout): 0.43 | Loss: 0.171 | Opp label coverage: 0.84
Step 2103633/5000000 | Win rate (rollout): 0.70 | Loss: 0.364 | Opp label coverage: 0.90
Step 2104145/5000000 | Win rate (rollout): 0.36 | Loss: 0.205 | Opp label coverage: 0.80
Step 2104658/5000000 | Win rate (rollout): 0.33 | Loss: 0.216 | Opp label coverage: 0.90
Step 2105175/5000000 | Win rate (rollout): 0.33 | Loss: 0.229 | Opp label coverage: 0.89
Step 2105688/5000000 | Win rate (rollout): 0.57 | Loss: 0.154 | Opp label coverage: 0.89
Step 2106206/5000000 | Win rate (rollout): 0.57 | Loss: 0.208 | Opp label coverage: 0.89
Step 2106718/5000000 | Win rate (rollout): 0.71 | Loss: 0.177 | Opp label coverage: 0.81
Step 2107230/5000000 | Win rate (rollout): 0.56 | Loss: 0.194 | Opp label coverage: 0.83
Step 2107742/5000000 | Win rate (rollout): 0.38 | Loss: 0.215 | Opp label coverage: 0.91
Step 2108254/5000000 | Win rate (rollout): 0.67 | Loss: 0.190 | Opp label coverage: 0.85
Step 2108768/5000000 | Win rate (rollout): 0.55 | Loss: 0.220 | Opp label coverage: 0.91
Step 2109287/5000000 | Win rate (rollout): 0.58 | Loss: 0.247 | Opp label coverage: 0.88
Step 2109800/5000000 | Win rate (rollout): 0.21 | Loss: 0.258 | Opp label coverage: 0.87
Step 2110312/5000000 | Win rate (rollout): 0.73 | Loss: 0.202 | Opp label coverage: 0.89
Step 2110824/5000000 | Win rate (rollout): 0.50 | Loss: 0.192 | Opp label coverage: 0.86
Step 2111336/5000000 | Win rate (rollout): 0.67 | Loss: 0.195 | Opp label coverage: 0.81
Step 2111849/5000000 | Win rate (rollout): 1.00 | Loss: 0.191 | Opp label coverage: 0.90
Step 2112361/5000000 | Win rate (rollout): 0.53 | Loss: 0.222 | Opp label coverage: 0.84
Step 2112873/5000000 | Win rate (rollout): 0.50 | Loss: 0.180 | Opp label coverage: 0.81
Step 2113385/5000000 | Win rate (rollout): 0.57 | Loss: 0.217 | Opp label coverage: 0.85
Step 2113901/5000000 | Win rate (rollout): 0.60 | Loss: 0.236 | Opp label coverage: 0.90
Step 2114414/5000000 | Win rate (rollout): 0.25 | Loss: 0.214 | Opp label coverage: 0.88
Step 2114926/5000000 | Win rate (rollout): 0.30 | Loss: 0.166 | Opp label coverage: 0.79
Step 2115442/5000000 | Win rate (rollout): 0.44 | Loss: 0.162 | Opp label coverage: 0.89
Step 2115959/5000000 | Win rate (rollout): 0.67 | Loss: 0.249 | Opp label coverage: 0.92
Step 2116471/5000000 | Win rate (rollout): 0.54 | Loss: 0.193 | Opp label coverage: 0.83
Step 2116983/5000000 | Win rate (rollout): 0.53 | Loss: 0.199 | Opp label coverage: 0.83
Step 2117500/5000000 | Win rate (rollout): 0.78 | Loss: 0.222 | Opp label coverage: 0.92
Step 2118012/5000000 | Win rate (rollout): 0.60 | Loss: 0.196 | Opp label coverage: 0.82
Step 2118524/5000000 | Win rate (rollout): 0.38 | Loss: 0.226 | Opp label coverage: 0.79
Step 2119036/5000000 | Win rate (rollout): 0.56 | Loss: 0.269 | Opp label coverage: 0.82
Step 2119548/5000000 | Win rate (rollout): 0.50 | Loss: 0.196 | Opp label coverage: 0.82
Step 2120060/5000000 | Win rate (rollout): 0.59 | Loss: 0.180 | Opp label coverage: 0.84
Step 2120573/5000000 | Win rate (rollout): 0.75 | Loss: 0.231 | Opp label coverage: 0.90
Step 2121085/5000000 | Win rate (rollout): 0.33 | Loss: 0.217 | Opp label coverage: 0.83
Step 2121597/5000000 | Win rate (rollout): 0.62 | Loss: 0.172 | Opp label coverage: 0.86
Step 2122109/5000000 | Win rate (rollout): 0.54 | Loss: 0.214 | Opp label coverage: 0.83
Step 2122621/5000000 | Win rate (rollout): 0.60 | Loss: 0.204 | Opp label coverage: 0.91
Step 2123138/5000000 | Win rate (rollout): 0.50 | Loss: 0.235 | Opp label coverage: 0.92
Step 2123655/5000000 | Win rate (rollout): 0.54 | Loss: 0.191 | Opp label coverage: 0.89
Step 2124167/5000000 | Win rate (rollout): 0.33 | Loss: 0.220 | Opp label coverage: 0.79
Step 2124679/5000000 | Win rate (rollout): 0.88 | Loss: 0.196 | Opp label coverage: 0.78
Step 2125191/5000000 | Win rate (rollout): 0.31 | Loss: 0.195 | Opp label coverage: 0.76
Step 2125706/5000000 | Win rate (rollout): 0.62 | Loss: 0.232 | Opp label coverage: 0.92
Step 2126218/5000000 | Win rate (rollout): 0.82 | Loss: 0.182 | Opp label coverage: 0.81
Step 2126734/5000000 | Win rate (rollout): 0.30 | Loss: 0.256 | Opp label coverage: 0.88
Step 2127246/5000000 | Win rate (rollout): 0.40 | Loss: 0.211 | Opp label coverage: 0.80
Step 2127758/5000000 | Win rate (rollout): 0.92 | Loss: 0.203 | Opp label coverage: 0.86
Step 2128270/5000000 | Win rate (rollout): 0.71 | Loss: 0.198 | Opp label coverage: 0.84
Step 2128786/5000000 | Win rate (rollout): 0.11 | Loss: 0.203 | Opp label coverage: 0.87
Step 2129298/5000000 | Win rate (rollout): 0.79 | Loss: 0.220 | Opp label coverage: 0.80
Step 2129811/5000000 | Win rate (rollout): 0.50 | Loss: 0.195 | Opp label coverage: 0.88
Step 2130327/5000000 | Win rate (rollout): 0.60 | Loss: 0.173 | Opp label coverage: 0.89
Step 2130839/5000000 | Win rate (rollout): 0.58 | Loss: 0.215 | Opp label coverage: 0.80
Step 2131351/5000000 | Win rate (rollout): 0.43 | Loss: 0.201 | Opp label coverage: 0.79
Step 2131865/5000000 | Win rate (rollout): 0.40 | Loss: 0.232 | Opp label coverage: 0.89
Step 2132377/5000000 | Win rate (rollout): 0.64 | Loss: 0.187 | Opp label coverage: 0.82
Step 2132889/5000000 | Win rate (rollout): 0.41 | Loss: 0.200 | Opp label coverage: 0.79
Step 2133401/5000000 | Win rate (rollout): 0.42 | Loss: 0.199 | Opp label coverage: 0.82
Step 2133913/5000000 | Win rate (rollout): 0.36 | Loss: 0.212 | Opp label coverage: 0.84
Step 2134425/5000000 | Win rate (rollout): 1.00 | Loss: 0.206 | Opp label coverage: 0.83
Step 2134941/5000000 | Win rate (rollout): 0.73 | Loss: 0.210 | Opp label coverage: 0.89
Step 2135455/5000000 | Win rate (rollout): 0.47 | Loss: 0.245 | Opp label coverage: 0.89
Step 2135971/5000000 | Win rate (rollout): 0.47 | Loss: 0.238 | Opp label coverage: 0.90
Step 2136489/5000000 | Win rate (rollout): 0.44 | Loss: 0.207 | Opp label coverage: 0.89
Step 2137001/5000000 | Win rate (rollout): 0.47 | Loss: 0.210 | Opp label coverage: 0.82
Step 2137513/5000000 | Win rate (rollout): 0.67 | Loss: 0.216 | Opp label coverage: 0.90
Step 2138026/5000000 | Win rate (rollout): 0.71 | Loss: 0.205 | Opp label coverage: 0.89
Step 2138545/5000000 | Win rate (rollout): 0.35 | Loss: 0.219 | Opp label coverage: 0.87
Step 2139057/5000000 | Win rate (rollout): 0.92 | Loss: 0.182 | Opp label coverage: 0.83
Step 2139569/5000000 | Win rate (rollout): 0.54 | Loss: 0.217 | Opp label coverage: 0.79
Step 2140081/5000000 | Win rate (rollout): 0.50 | Loss: 0.235 | Opp label coverage: 0.83
Step 2140593/5000000 | Win rate (rollout): 0.43 | Loss: 0.208 | Opp label coverage: 0.92
Step 2141108/5000000 | Win rate (rollout): 0.75 | Loss: 0.185 | Opp label coverage: 0.91
Step 2141624/5000000 | Win rate (rollout): 0.40 | Loss: 0.240 | Opp label coverage: 0.88
Step 2142136/5000000 | Win rate (rollout): 0.83 | Loss: 0.190 | Opp label coverage: 0.85
Step 2142654/5000000 | Win rate (rollout): 0.25 | Loss: 0.193 | Opp label coverage: 0.87
Step 2143172/5000000 | Win rate (rollout): 0.40 | Loss: 0.221 | Opp label coverage: 0.92
Step 2143684/5000000 | Win rate (rollout): 0.83 | Loss: 0.170 | Opp label coverage: 0.78
Step 2144196/5000000 | Win rate (rollout): 0.45 | Loss: 0.210 | Opp label coverage: 0.89
Step 2144708/5000000 | Win rate (rollout): 1.00 | Loss: 0.212 | Opp label coverage: 0.84
Step 2145221/5000000 | Win rate (rollout): 0.56 | Loss: 0.154 | Opp label coverage: 0.90
Step 2145733/5000000 | Win rate (rollout): 0.71 | Loss: 0.252 | Opp label coverage: 0.81
Step 2146245/5000000 | Win rate (rollout): 0.56 | Loss: 0.206 | Opp label coverage: 0.83
Step 2146757/5000000 | Win rate (rollout): 0.69 | Loss: 0.182 | Opp label coverage: 0.87
Step 2147271/5000000 | Win rate (rollout): 0.50 | Loss: 0.219 | Opp label coverage: 0.88
Step 2147783/5000000 | Win rate (rollout): 0.69 | Loss: 0.208 | Opp label coverage: 0.89
Step 2148297/5000000 | Win rate (rollout): 0.67 | Loss: 0.150 | Opp label coverage: 0.89
Step 2148809/5000000 | Win rate (rollout): 0.50 | Loss: 0.244 | Opp label coverage: 0.81
Step 2149321/5000000 | Win rate (rollout): 0.64 | Loss: 0.177 | Opp label coverage: 0.81
Step 2149839/5000000 | Win rate (rollout): 0.30 | Loss: 0.191 | Opp label coverage: 0.87
Step 2150351/5000000 | Win rate (rollout): 0.40 | Loss: 0.203 | Opp label coverage: 0.89
Step 2150863/5000000 | Win rate (rollout): 0.55 | Loss: 0.209 | Opp label coverage: 0.83
Step 2151375/5000000 | Win rate (rollout): 0.79 | Loss: 0.192 | Opp label coverage: 0.82
Step 2151888/5000000 | Win rate (rollout): 0.44 | Loss: 0.147 | Opp label coverage: 0.89
Step 2152400/5000000 | Win rate (rollout): 0.33 | Loss: 0.231 | Opp label coverage: 0.88
Step 2152912/5000000 | Win rate (rollout): 0.64 | Loss: 0.225 | Opp label coverage: 0.81
Step 2153428/5000000 | Win rate (rollout): 0.73 | Loss: 0.237 | Opp label coverage: 0.90
Step 2153943/5000000 | Win rate (rollout): 0.57 | Loss: 0.206 | Opp label coverage: 0.88
Step 2154455/5000000 | Win rate (rollout): 0.60 | Loss: 0.207 | Opp label coverage: 0.89
Step 2154971/5000000 | Win rate (rollout): 0.60 | Loss: 0.308 | Opp label coverage: 0.90
Step 2155488/5000000 | Win rate (rollout): 0.42 | Loss: 0.187 | Opp label coverage: 0.90
Step 2156000/5000000 | Win rate (rollout): 0.67 | Loss: 0.184 | Opp label coverage: 0.86
Step 2156514/5000000 | Win rate (rollout): 0.46 | Loss: 0.195 | Opp label coverage: 0.87
Step 2157029/5000000 | Win rate (rollout): 0.31 | Loss: 0.184 | Opp label coverage: 0.90
Step 2157543/5000000 | Win rate (rollout): 0.57 | Loss: 0.203 | Opp label coverage: 0.90
Step 2158055/5000000 | Win rate (rollout): 0.88 | Loss: 0.168 | Opp label coverage: 0.85
Step 2158567/5000000 | Win rate (rollout): 0.31 | Loss: 0.229 | Opp label coverage: 0.78
Step 2159079/5000000 | Win rate (rollout): 0.47 | Loss: 0.195 | Opp label coverage: 0.82
Step 2159596/5000000 | Win rate (rollout): 0.50 | Loss: 0.290 | Opp label coverage: 0.89
Step 2160108/5000000 | Win rate (rollout): 0.71 | Loss: 0.186 | Opp label coverage: 0.84
Step 2160627/5000000 | Win rate (rollout): 0.82 | Loss: 0.214 | Opp label coverage: 0.91
Step 2161139/5000000 | Win rate (rollout): 0.57 | Loss: 0.205 | Opp label coverage: 0.88
Step 2161651/5000000 | Win rate (rollout): 0.65 | Loss: 0.215 | Opp label coverage: 0.90
Step 2162166/5000000 | Win rate (rollout): 0.67 | Loss: 0.201 | Opp label coverage: 0.90
Step 2162682/5000000 | Win rate (rollout): 0.50 | Loss: 0.237 | Opp label coverage: 0.89
Step 2163194/5000000 | Win rate (rollout): 0.73 | Loss: 0.213 | Opp label coverage: 0.85
Step 2163706/5000000 | Win rate (rollout): 0.43 | Loss: 0.230 | Opp label coverage: 0.83
Step 2164218/5000000 | Win rate (rollout): 0.92 | Loss: 0.184 | Opp label coverage: 0.84
Step 2164734/5000000 | Win rate (rollout): 0.36 | Loss: 0.204 | Opp label coverage: 0.88
Step 2165246/5000000 | Win rate (rollout): 0.43 | Loss: 0.167 | Opp label coverage: 0.85
Step 2165758/5000000 | Win rate (rollout): 0.80 | Loss: 0.236 | Opp label coverage: 0.82
Step 2166270/5000000 | Win rate (rollout): 0.67 | Loss: 0.185 | Opp label coverage: 0.84
Step 2166787/5000000 | Win rate (rollout): 0.70 | Loss: 0.169 | Opp label coverage: 0.89
Step 2167299/5000000 | Win rate (rollout): 0.54 | Loss: 0.217 | Opp label coverage: 0.81
Step 2167811/5000000 | Win rate (rollout): 0.59 | Loss: 0.241 | Opp label coverage: 0.80
Step 2168323/5000000 | Win rate (rollout): 0.47 | Loss: 0.207 | Opp label coverage: 0.83
Step 2168835/5000000 | Win rate (rollout): 0.64 | Loss: 0.217 | Opp label coverage: 0.88
Step 2169347/5000000 | Win rate (rollout): 0.62 | Loss: 0.202 | Opp label coverage: 0.81
Step 2169861/5000000 | Win rate (rollout): 0.62 | Loss: 0.216 | Opp label coverage: 0.89
Step 2170373/5000000 | Win rate (rollout): 0.50 | Loss: 0.219 | Opp label coverage: 0.90
Step 2170885/5000000 | Win rate (rollout): 0.71 | Loss: 0.169 | Opp label coverage: 0.83
Step 2171399/5000000 | Win rate (rollout): 0.67 | Loss: 0.240 | Opp label coverage: 0.89
Step 2171915/5000000 | Win rate (rollout): 0.85 | Loss: 0.182 | Opp label coverage: 0.93
Step 2172427/5000000 | Win rate (rollout): 0.78 | Loss: 0.177 | Opp label coverage: 0.83
Step 2172944/5000000 | Win rate (rollout): 0.42 | Loss: 0.230 | Opp label coverage: 0.90
Step 2173461/5000000 | Win rate (rollout): 0.40 | Loss: 0.193 | Opp label coverage: 0.87
Step 2173975/5000000 | Win rate (rollout): 0.50 | Loss: 0.250 | Opp label coverage: 0.88
Step 2174489/5000000 | Win rate (rollout): 0.41 | Loss: 0.166 | Opp label coverage: 0.89
Step 2175001/5000000 | Win rate (rollout): 0.85 | Loss: 0.226 | Opp label coverage: 0.80
Step 2175517/5000000 | Win rate (rollout): 0.50 | Loss: 0.225 | Opp label coverage: 0.91
Step 2176029/5000000 | Win rate (rollout): 0.42 | Loss: 0.201 | Opp label coverage: 0.81
Step 2176542/5000000 | Win rate (rollout): 0.90 | Loss: 0.201 | Opp label coverage: 0.92
Step 2177054/5000000 | Win rate (rollout): 0.60 | Loss: 0.218 | Opp label coverage: 0.83
Step 2177566/5000000 | Win rate (rollout): 0.43 | Loss: 0.210 | Opp label coverage: 0.77
Step 2178078/5000000 | Win rate (rollout): 0.58 | Loss: 0.189 | Opp label coverage: 0.82
Step 2178590/5000000 | Win rate (rollout): 0.69 | Loss: 0.207 | Opp label coverage: 0.85
Step 2179102/5000000 | Win rate (rollout): 0.47 | Loss: 0.194 | Opp label coverage: 0.81
Step 2179618/5000000 | Win rate (rollout): 0.40 | Loss: 0.260 | Opp label coverage: 0.90
Step 2180130/5000000 | Win rate (rollout): 0.56 | Loss: 0.248 | Opp label coverage: 0.88
Step 2180643/5000000 | Win rate (rollout): 0.54 | Loss: 0.227 | Opp label coverage: 0.89
Step 2181155/5000000 | Win rate (rollout): 0.36 | Loss: 0.206 | Opp label coverage: 0.80
Step 2181667/5000000 | Win rate (rollout): 0.69 | Loss: 0.191 | Opp label coverage: 0.87
Step 2182181/5000000 | Win rate (rollout): 0.67 | Loss: 0.220 | Opp label coverage: 0.90
Step 2182695/5000000 | Win rate (rollout): 0.38 | Loss: 0.210 | Opp label coverage: 0.88
Step 2183207/5000000 | Win rate (rollout): 0.89 | Loss: 0.176 | Opp label coverage: 0.83
Step 2183720/5000000 | Win rate (rollout): 0.56 | Loss: 0.271 | Opp label coverage: 0.88
Step 2184232/5000000 | Win rate (rollout): 0.23 | Loss: 0.215 | Opp label coverage: 0.89
Step 2184744/5000000 | Win rate (rollout): 0.46 | Loss: 0.188 | Opp label coverage: 0.81
Step 2185257/5000000 | Win rate (rollout): 0.25 | Loss: 0.152 | Opp label coverage: 0.89
Step 2185769/5000000 | Win rate (rollout): 0.47 | Loss: 0.217 | Opp label coverage: 0.79
Step 2186281/5000000 | Win rate (rollout): 0.50 | Loss: 0.224 | Opp label coverage: 0.79
Step 2186793/5000000 | Win rate (rollout): 0.59 | Loss: 0.203 | Opp label coverage: 0.81
Step 2187310/5000000 | Win rate (rollout): 0.45 | Loss: 0.204 | Opp label coverage: 0.89
Step 2187827/5000000 | Win rate (rollout): 0.45 | Loss: 0.223 | Opp label coverage: 0.90
Step 2188346/5000000 | Win rate (rollout): 0.62 | Loss: 0.296 | Opp label coverage: 0.89
Step 2188861/5000000 | Win rate (rollout): 0.57 | Loss: 0.262 | Opp label coverage: 0.89
Step 2189373/5000000 | Win rate (rollout): 0.90 | Loss: 0.173 | Opp label coverage: 0.85
Step 2189885/5000000 | Win rate (rollout): 0.38 | Loss: 0.202 | Opp label coverage: 0.91
Step 2190399/5000000 | Win rate (rollout): 0.38 | Loss: 0.275 | Opp label coverage: 0.90
Step 2190916/5000000 | Win rate (rollout): 0.50 | Loss: 0.207 | Opp label coverage: 0.88
Step 2191431/5000000 | Win rate (rollout): 0.67 | Loss: 0.226 | Opp label coverage: 0.90
Step 2191943/5000000 | Win rate (rollout): 0.27 | Loss: 0.221 | Opp label coverage: 0.80
Step 2192461/5000000 | Win rate (rollout): 0.67 | Loss: 0.230 | Opp label coverage: 0.90
Step 2192973/5000000 | Win rate (rollout): 0.36 | Loss: 0.241 | Opp label coverage: 0.90
Step 2193485/5000000 | Win rate (rollout): 0.45 | Loss: 0.198 | Opp label coverage: 0.81
Step 2193997/5000000 | Win rate (rollout): 0.50 | Loss: 0.249 | Opp label coverage: 0.82
Step 2194509/5000000 | Win rate (rollout): 0.57 | Loss: 0.179 | Opp label coverage: 0.85
Step 2195021/5000000 | Win rate (rollout): 0.69 | Loss: 0.183 | Opp label coverage: 0.77
Step 2195533/5000000 | Win rate (rollout): 0.42 | Loss: 0.235 | Opp label coverage: 0.89
Step 2196045/5000000 | Win rate (rollout): 0.67 | Loss: 0.187 | Opp label coverage: 0.82
Step 2196557/5000000 | Win rate (rollout): 0.89 | Loss: 0.179 | Opp label coverage: 0.83
Step 2197075/5000000 | Win rate (rollout): 0.73 | Loss: 0.232 | Opp label coverage: 0.90
Step 2197590/5000000 | Win rate (rollout): 0.31 | Loss: 0.257 | Opp label coverage: 0.88
Step 2198107/5000000 | Win rate (rollout): 0.47 | Loss: 0.252 | Opp label coverage: 0.90
Step 2198619/5000000 | Win rate (rollout): 0.46 | Loss: 0.231 | Opp label coverage: 0.78
Step 2199131/5000000 | Win rate (rollout): 0.50 | Loss: 0.208 | Opp label coverage: 0.84
Step 2199643/5000000 | Win rate (rollout): 0.91 | Loss: 0.212 | Opp label coverage: 0.85
Step 2200155/5000000 | Win rate (rollout): 0.81 | Loss: 0.185 | Opp label coverage: 0.86
Step 2200667/5000000 | Win rate (rollout): 0.46 | Loss: 0.229 | Opp label coverage: 0.84
Step 2201179/5000000 | Win rate (rollout): 0.56 | Loss: 0.211 | Opp label coverage: 0.79
Step 2201695/5000000 | Win rate (rollout): 0.33 | Loss: 0.245 | Opp label coverage: 0.90
Step 2202207/5000000 | Win rate (rollout): 0.69 | Loss: 0.200 | Opp label coverage: 0.90
Step 2202719/5000000 | Win rate (rollout): 0.58 | Loss: 0.200 | Opp label coverage: 0.84
Step 2203231/5000000 | Win rate (rollout): 0.67 | Loss: 0.191 | Opp label coverage: 0.83
Step 2203743/5000000 | Win rate (rollout): 0.57 | Loss: 0.231 | Opp label coverage: 0.81
Step 2204255/5000000 | Win rate (rollout): 0.78 | Loss: 0.194 | Opp label coverage: 0.79
Step 2204772/5000000 | Win rate (rollout): 0.50 | Loss: 0.216 | Opp label coverage: 0.91
Step 2205284/5000000 | Win rate (rollout): 0.77 | Loss: 0.178 | Opp label coverage: 0.84
Step 2205796/5000000 | Win rate (rollout): 0.55 | Loss: 0.215 | Opp label coverage: 0.84
Step 2206308/5000000 | Win rate (rollout): 0.53 | Loss: 0.212 | Opp label coverage: 0.84
Step 2206822/5000000 | Win rate (rollout): 0.91 | Loss: 0.293 | Opp label coverage: 0.92
Step 2207340/5000000 | Win rate (rollout): 0.77 | Loss: 0.251 | Opp label coverage: 0.90
Step 2207854/5000000 | Win rate (rollout): 0.62 | Loss: 0.211 | Opp label coverage: 0.88
Step 2208366/5000000 | Win rate (rollout): 0.70 | Loss: 0.179 | Opp label coverage: 0.84
Step 2208878/5000000 | Win rate (rollout): 0.47 | Loss: 0.206 | Opp label coverage: 0.80
Step 2209392/5000000 | Win rate (rollout): 0.10 | Loss: 0.251 | Opp label coverage: 0.88
Step 2209904/5000000 | Win rate (rollout): 0.57 | Loss: 0.203 | Opp label coverage: 0.83
Step 2210416/5000000 | Win rate (rollout): 0.44 | Loss: 0.211 | Opp label coverage: 0.81
Step 2210931/5000000 | Win rate (rollout): 0.50 | Loss: 0.158 | Opp label coverage: 0.90
Step 2211449/5000000 | Win rate (rollout): 0.80 | Loss: 0.208 | Opp label coverage: 0.91
Step 2211961/5000000 | Win rate (rollout): 0.75 | Loss: 0.167 | Opp label coverage: 0.82
Step 2212473/5000000 | Win rate (rollout): 0.67 | Loss: 0.230 | Opp label coverage: 0.81
Step 2212985/5000000 | Win rate (rollout): 0.69 | Loss: 0.183 | Opp label coverage: 0.83
Step 2213497/5000000 | Win rate (rollout): 0.54 | Loss: 0.212 | Opp label coverage: 0.81
Step 2214009/5000000 | Win rate (rollout): 0.69 | Loss: 0.221 | Opp label coverage: 0.81
Step 2214521/5000000 | Win rate (rollout): 0.75 | Loss: 0.170 | Opp label coverage: 0.86
Step 2215033/5000000 | Win rate (rollout): 0.36 | Loss: 0.201 | Opp label coverage: 0.82
Step 2215545/5000000 | Win rate (rollout): 0.78 | Loss: 0.186 | Opp label coverage: 0.77
Step 2216059/5000000 | Win rate (rollout): 0.64 | Loss: 0.178 | Opp label coverage: 0.88
Step 2216571/5000000 | Win rate (rollout): 0.60 | Loss: 0.179 | Opp label coverage: 0.71
Step 2217089/5000000 | Win rate (rollout): 0.55 | Loss: 0.237 | Opp label coverage: 0.89
Step 2217601/5000000 | Win rate (rollout): 0.70 | Loss: 0.219 | Opp label coverage: 0.83
Step 2218113/5000000 | Win rate (rollout): 0.81 | Loss: 0.192 | Opp label coverage: 0.84
Step 2218625/5000000 | Win rate (rollout): 0.64 | Loss: 0.200 | Opp label coverage: 0.80
Step 2219137/5000000 | Win rate (rollout): 0.64 | Loss: 0.216 | Opp label coverage: 0.84
Step 2219656/5000000 | Win rate (rollout): 0.67 | Loss: 0.215 | Opp label coverage: 0.90
Step 2220168/5000000 | Win rate (rollout): 0.30 | Loss: 0.181 | Opp label coverage: 0.82
Step 2220680/5000000 | Win rate (rollout): 0.56 | Loss: 0.240 | Opp label coverage: 0.82
Step 2221192/5000000 | Win rate (rollout): 0.88 | Loss: 0.152 | Opp label coverage: 0.87
Step 2221706/5000000 | Win rate (rollout): 0.60 | Loss: 0.257 | Opp label coverage: 0.90
Step 2222218/5000000 | Win rate (rollout): 0.54 | Loss: 0.223 | Opp label coverage: 0.89
Step 2222730/5000000 | Win rate (rollout): 0.60 | Loss: 0.172 | Opp label coverage: 0.82
Step 2223242/5000000 | Win rate (rollout): 0.36 | Loss: 0.202 | Opp label coverage: 0.89
Step 2223756/5000000 | Win rate (rollout): 0.40 | Loss: 0.217 | Opp label coverage: 0.89
Step 2224270/5000000 | Win rate (rollout): 0.54 | Loss: 0.234 | Opp label coverage: 0.89
Step 2224783/5000000 | Win rate (rollout): 0.50 | Loss: 0.188 | Opp label coverage: 0.90
Step 2225295/5000000 | Win rate (rollout): 0.43 | Loss: 0.191 | Opp label coverage: 0.79
Step 2225807/5000000 | Win rate (rollout): 0.31 | Loss: 0.205 | Opp label coverage: 0.82
Step 2226319/5000000 | Win rate (rollout): 0.90 | Loss: 0.186 | Opp label coverage: 0.82
Step 2226831/5000000 | Win rate (rollout): 0.64 | Loss: 0.201 | Opp label coverage: 0.84
Step 2227348/5000000 | Win rate (rollout): 0.31 | Loss: 0.190 | Opp label coverage: 0.87
Step 2227860/5000000 | Win rate (rollout): 0.60 | Loss: 0.212 | Opp label coverage: 0.81
Step 2228376/5000000 | Win rate (rollout): 0.55 | Loss: 0.200 | Opp label coverage: 0.89
Step 2228894/5000000 | Win rate (rollout): 0.40 | Loss: 0.213 | Opp label coverage: 0.88
Step 2229406/5000000 | Win rate (rollout): 0.62 | Loss: 0.205 | Opp label coverage: 0.81
Step 2229920/5000000 | Win rate (rollout): 0.71 | Loss: 0.149 | Opp label coverage: 0.93
Step 2230437/5000000 | Win rate (rollout): 0.36 | Loss: 0.227 | Opp label coverage: 0.88
Step 2230949/5000000 | Win rate (rollout): 0.71 | Loss: 0.162 | Opp label coverage: 0.84
Step 2231467/5000000 | Win rate (rollout): 0.56 | Loss: 0.188 | Opp label coverage: 0.89
Step 2231979/5000000 | Win rate (rollout): 0.44 | Loss: 0.173 | Opp label coverage: 0.82
Step 2232491/5000000 | Win rate (rollout): 0.25 | Loss: 0.216 | Opp label coverage: 0.81
Step 2233007/5000000 | Win rate (rollout): 0.25 | Loss: 0.219 | Opp label coverage: 0.89
Step 2233522/5000000 | Win rate (rollout): 0.43 | Loss: 0.192 | Opp label coverage: 0.88
Step 2234034/5000000 | Win rate (rollout): 0.67 | Loss: 0.209 | Opp label coverage: 0.83
Step 2234546/5000000 | Win rate (rollout): 0.47 | Loss: 0.204 | Opp label coverage: 0.81
Step 2235058/5000000 | Win rate (rollout): 0.50 | Loss: 0.206 | Opp label coverage: 0.88
Step 2235570/5000000 | Win rate (rollout): 0.62 | Loss: 0.191 | Opp label coverage: 0.80
Step 2236082/5000000 | Win rate (rollout): 0.57 | Loss: 0.178 | Opp label coverage: 0.83
Step 2236594/5000000 | Win rate (rollout): 0.27 | Loss: 0.193 | Opp label coverage: 0.81
Step 2237110/5000000 | Win rate (rollout): 0.50 | Loss: 0.265 | Opp label coverage: 0.91
Step 2237622/5000000 | Win rate (rollout): 0.33 | Loss: 0.179 | Opp label coverage: 0.83
Step 2238138/5000000 | Win rate (rollout): 0.56 | Loss: 0.238 | Opp label coverage: 0.90
Step 2238650/5000000 | Win rate (rollout): 0.80 | Loss: 0.194 | Opp label coverage: 0.81
Step 2239162/5000000 | Win rate (rollout): 0.69 | Loss: 0.196 | Opp label coverage: 0.87
Step 2239674/5000000 | Win rate (rollout): 0.67 | Loss: 0.184 | Opp label coverage: 0.83
Step 2240186/5000000 | Win rate (rollout): 0.46 | Loss: 0.197 | Opp label coverage: 0.83
Step 2240699/5000000 | Win rate (rollout): 0.33 | Loss: 0.127 | Opp label coverage: 0.87
Step 2241211/5000000 | Win rate (rollout): 0.29 | Loss: 0.196 | Opp label coverage: 0.80
Step 2241723/5000000 | Win rate (rollout): 0.53 | Loss: 0.236 | Opp label coverage: 0.82
Step 2242235/5000000 | Win rate (rollout): 0.57 | Loss: 0.171 | Opp label coverage: 0.85
Step 2242747/5000000 | Win rate (rollout): 0.64 | Loss: 0.202 | Opp label coverage: 0.85
Step 2243263/5000000 | Win rate (rollout): 0.50 | Loss: 0.199 | Opp label coverage: 0.90
Step 2243782/5000000 | Win rate (rollout): 0.50 | Loss: 0.218 | Opp label coverage: 0.89
Step 2244295/5000000 | Win rate (rollout): 0.29 | Loss: 0.329 | Opp label coverage: 0.90
Step 2244808/5000000 | Win rate (rollout): 0.62 | Loss: 0.255 | Opp label coverage: 0.88
Step 2245320/5000000 | Win rate (rollout): 0.60 | Loss: 0.195 | Opp label coverage: 0.86
Step 2245834/5000000 | Win rate (rollout): 0.64 | Loss: 0.231 | Opp label coverage: 0.89
Step 2246346/5000000 | Win rate (rollout): 0.38 | Loss: 0.215 | Opp label coverage: 0.85
Step 2246861/5000000 | Win rate (rollout): 0.30 | Loss: 0.207 | Opp label coverage: 0.89
Step 2247373/5000000 | Win rate (rollout): 0.75 | Loss: 0.186 | Opp label coverage: 0.81
Step 2247885/5000000 | Win rate (rollout): 0.67 | Loss: 0.195 | Opp label coverage: 0.83
Step 2248397/5000000 | Win rate (rollout): 0.70 | Loss: 0.191 | Opp label coverage: 0.85
Step 2248909/5000000 | Win rate (rollout): 0.57 | Loss: 0.214 | Opp label coverage: 0.79
Step 2249421/5000000 | Win rate (rollout): 0.29 | Loss: 0.175 | Opp label coverage: 0.81
Step 2249938/5000000 | Win rate (rollout): 0.56 | Loss: 0.222 | Opp label coverage: 0.88
[checkpoint] Saved models/ppo/checkpoints/m9seed/ppo_step_2250026.pt
Step 2250450/5000000 | Win rate (rollout): 0.60 | Loss: 0.188 | Opp label coverage: 0.86
Step 2250963/5000000 | Win rate (rollout): 0.88 | Loss: 0.313 | Opp label coverage: 0.91
Step 2251479/5000000 | Win rate (rollout): 0.54 | Loss: 0.216 | Opp label coverage: 0.89
Step 2251994/5000000 | Win rate (rollout): 0.47 | Loss: 0.172 | Opp label coverage: 0.88
Step 2252506/5000000 | Win rate (rollout): 0.25 | Loss: 0.178 | Opp label coverage: 0.85
Step 2253020/5000000 | Win rate (rollout): 0.67 | Loss: 0.223 | Opp label coverage: 0.89
Step 2253537/5000000 | Win rate (rollout): 0.89 | Loss: 0.183 | Opp label coverage: 0.92
Step 2254053/5000000 | Win rate (rollout): 0.36 | Loss: 0.258 | Opp label coverage: 0.90
Step 2254565/5000000 | Win rate (rollout): 0.36 | Loss: 0.202 | Opp label coverage: 0.84
Step 2255080/5000000 | Win rate (rollout): 0.64 | Loss: 0.202 | Opp label coverage: 0.88
Step 2255592/5000000 | Win rate (rollout): 0.67 | Loss: 0.218 | Opp label coverage: 0.83
Step 2256104/5000000 | Win rate (rollout): 0.62 | Loss: 0.170 | Opp label coverage: 0.82
Step 2256619/5000000 | Win rate (rollout): 0.71 | Loss: 0.178 | Opp label coverage: 0.92
Step 2257131/5000000 | Win rate (rollout): 0.56 | Loss: 0.171 | Opp label coverage: 0.84
Step 2257647/5000000 | Win rate (rollout): 0.56 | Loss: 0.258 | Opp label coverage: 0.90
Step 2258164/5000000 | Win rate (rollout): 0.58 | Loss: 0.184 | Opp label coverage: 0.91
Step 2258676/5000000 | Win rate (rollout): 0.38 | Loss: 0.231 | Opp label coverage: 0.82
Step 2259188/5000000 | Win rate (rollout): 0.62 | Loss: 0.182 | Opp label coverage: 0.84
Step 2259707/5000000 | Win rate (rollout): 0.67 | Loss: 0.197 | Opp label coverage: 0.91
Step 2260221/5000000 | Win rate (rollout): 0.54 | Loss: 0.176 | Opp label coverage: 0.89
Step 2260733/5000000 | Win rate (rollout): 0.75 | Loss: 0.195 | Opp label coverage: 0.83
Step 2261250/5000000 | Win rate (rollout): 0.60 | Loss: 0.244 | Opp label coverage: 0.88
Step 2261762/5000000 | Win rate (rollout): 0.43 | Loss: 0.175 | Opp label coverage: 0.78
Step 2262274/5000000 | Win rate (rollout): 0.86 | Loss: 0.192 | Opp label coverage: 0.84
Step 2262788/5000000 | Win rate (rollout): 0.08 | Loss: 0.316 | Opp label coverage: 0.87
Step 2263300/5000000 | Win rate (rollout): 0.60 | Loss: 0.203 | Opp label coverage: 0.80
Step 2263816/5000000 | Win rate (rollout): 0.56 | Loss: 0.223 | Opp label coverage: 0.89
Step 2264328/5000000 | Win rate (rollout): 0.86 | Loss: 0.169 | Opp label coverage: 0.81
Step 2264844/5000000 | Win rate (rollout): 0.44 | Loss: 0.231 | Opp label coverage: 0.91
Step 2265361/5000000 | Win rate (rollout): 0.71 | Loss: 0.244 | Opp label coverage: 0.92
Step 2265873/5000000 | Win rate (rollout): 0.30 | Loss: 0.177 | Opp label coverage: 0.83
Step 2266388/5000000 | Win rate (rollout): 0.56 | Loss: 0.171 | Opp label coverage: 0.91
Step 2266900/5000000 | Win rate (rollout): 0.70 | Loss: 0.178 | Opp label coverage: 0.84
Step 2267412/5000000 | Win rate (rollout): 0.50 | Loss: 0.171 | Opp label coverage: 0.82
Step 2267929/5000000 | Win rate (rollout): 0.56 | Loss: 0.183 | Opp label coverage: 0.90
Step 2268443/5000000 | Win rate (rollout): 0.31 | Loss: 0.248 | Opp label coverage: 0.90
Step 2268959/5000000 | Win rate (rollout): 0.42 | Loss: 0.197 | Opp label coverage: 0.91
Step 2269471/5000000 | Win rate (rollout): 0.71 | Loss: 0.181 | Opp label coverage: 0.86
Step 2269984/5000000 | Win rate (rollout): 0.09 | Loss: 0.153 | Opp label coverage: 0.87
Step 2270502/5000000 | Win rate (rollout): 0.36 | Loss: 0.174 | Opp label coverage: 0.89
Step 2271014/5000000 | Win rate (rollout): 0.25 | Loss: 0.191 | Opp label coverage: 0.81
Step 2271526/5000000 | Win rate (rollout): 0.27 | Loss: 0.216 | Opp label coverage: 0.83
Step 2272038/5000000 | Win rate (rollout): 0.65 | Loss: 0.212 | Opp label coverage: 0.81
Step 2272550/5000000 | Win rate (rollout): 0.47 | Loss: 0.191 | Opp label coverage: 0.85
Step 2273065/5000000 | Win rate (rollout): 0.38 | Loss: 0.160 | Opp label coverage: 0.89
Step 2273580/5000000 | Win rate (rollout): 0.44 | Loss: 0.216 | Opp label coverage: 0.89
Step 2274092/5000000 | Win rate (rollout): 0.45 | Loss: 0.186 | Opp label coverage: 0.85
Step 2274604/5000000 | Win rate (rollout): 0.36 | Loss: 0.193 | Opp label coverage: 0.81
Step 2275122/5000000 | Win rate (rollout): 0.73 | Loss: 0.203 | Opp label coverage: 0.91
Step 2275634/5000000 | Win rate (rollout): 0.30 | Loss: 0.178 | Opp label coverage: 0.79
Step 2276148/5000000 | Win rate (rollout): 0.75 | Loss: 0.217 | Opp label coverage: 0.90
Step 2276664/5000000 | Win rate (rollout): 0.53 | Loss: 0.189 | Opp label coverage: 0.90
Step 2277176/5000000 | Win rate (rollout): 0.55 | Loss: 0.205 | Opp label coverage: 0.78
Step 2277688/5000000 | Win rate (rollout): 0.44 | Loss: 0.167 | Opp label coverage: 0.85
Step 2278203/5000000 | Win rate (rollout): 0.46 | Loss: 0.208 | Opp label coverage: 0.88
Step 2278722/5000000 | Win rate (rollout): 0.36 | Loss: 0.251 | Opp label coverage: 0.90
Step 2279234/5000000 | Win rate (rollout): 0.71 | Loss: 0.221 | Opp label coverage: 0.83
Step 2279753/5000000 | Win rate (rollout): 0.25 | Loss: 0.192 | Opp label coverage: 0.89
Step 2280265/5000000 | Win rate (rollout): 0.36 | Loss: 0.184 | Opp label coverage: 0.80
Step 2280781/5000000 | Win rate (rollout): 0.46 | Loss: 0.239 | Opp label coverage: 0.88
Step 2281295/5000000 | Win rate (rollout): 0.62 | Loss: 0.157 | Opp label coverage: 0.89
Step 2281807/5000000 | Win rate (rollout): 0.38 | Loss: 0.196 | Opp label coverage: 0.82
Step 2282323/5000000 | Win rate (rollout): 0.38 | Loss: 0.210 | Opp label coverage: 0.89
Step 2282835/5000000 | Win rate (rollout): 0.62 | Loss: 0.191 | Opp label coverage: 0.84
Step 2283347/5000000 | Win rate (rollout): 0.56 | Loss: 0.234 | Opp label coverage: 0.82
Step 2283859/5000000 | Win rate (rollout): 0.56 | Loss: 0.216 | Opp label coverage: 0.82
Step 2284373/5000000 | Win rate (rollout): 0.44 | Loss: 0.208 | Opp label coverage: 0.90
Step 2284889/5000000 | Win rate (rollout): 0.69 | Loss: 0.203 | Opp label coverage: 0.89
Step 2285401/5000000 | Win rate (rollout): 0.38 | Loss: 0.210 | Opp label coverage: 0.85
Step 2285915/5000000 | Win rate (rollout): 0.73 | Loss: 0.221 | Opp label coverage: 0.89
Step 2286429/5000000 | Win rate (rollout): 0.64 | Loss: 0.199 | Opp label coverage: 0.90
Step 2286943/5000000 | Win rate (rollout): 0.50 | Loss: 0.194 | Opp label coverage: 0.91
Step 2287456/5000000 | Win rate (rollout): 0.69 | Loss: 0.231 | Opp label coverage: 0.90
Step 2287973/5000000 | Win rate (rollout): 0.50 | Loss: 0.195 | Opp label coverage: 0.89
Step 2288485/5000000 | Win rate (rollout): 0.54 | Loss: 0.183 | Opp label coverage: 0.84
Step 2289002/5000000 | Win rate (rollout): 0.50 | Loss: 0.252 | Opp label coverage: 0.91
Step 2289517/5000000 | Win rate (rollout): 0.41 | Loss: 0.234 | Opp label coverage: 0.88
Step 2290029/5000000 | Win rate (rollout): 0.50 | Loss: 0.223 | Opp label coverage: 0.76
Step 2290546/5000000 | Win rate (rollout): 0.36 | Loss: 0.203 | Opp label coverage: 0.88
Step 2291059/5000000 | Win rate (rollout): 0.67 | Loss: 0.181 | Opp label coverage: 0.92
Step 2291573/5000000 | Win rate (rollout): 0.36 | Loss: 0.237 | Opp label coverage: 0.88
Step 2292090/5000000 | Win rate (rollout): 0.38 | Loss: 0.269 | Opp label coverage: 0.87
Step 2292602/5000000 | Win rate (rollout): 0.67 | Loss: 0.188 | Opp label coverage: 0.81
Step 2293114/5000000 | Win rate (rollout): 0.60 | Loss: 0.179 | Opp label coverage: 0.85
Step 2293626/5000000 | Win rate (rollout): 0.41 | Loss: 0.180 | Opp label coverage: 0.79
Step 2294140/5000000 | Win rate (rollout): 0.55 | Loss: 0.217 | Opp label coverage: 0.89
Step 2294652/5000000 | Win rate (rollout): 0.64 | Loss: 0.226 | Opp label coverage: 0.82
Step 2295164/5000000 | Win rate (rollout): 0.46 | Loss: 0.195 | Opp label coverage: 0.79
Step 2295676/5000000 | Win rate (rollout): 0.33 | Loss: 0.189 | Opp label coverage: 0.77
Step 2296194/5000000 | Win rate (rollout): 0.75 | Loss: 0.223 | Opp label coverage: 0.90
Step 2296706/5000000 | Win rate (rollout): 0.27 | Loss: 0.181 | Opp label coverage: 0.80
Step 2297218/5000000 | Win rate (rollout): 0.41 | Loss: 0.212 | Opp label coverage: 0.81
Step 2297736/5000000 | Win rate (rollout): 0.92 | Loss: 0.142 | Opp label coverage: 0.89
Step 2298250/5000000 | Win rate (rollout): 0.33 | Loss: 0.212 | Opp label coverage: 0.86
Step 2298762/5000000 | Win rate (rollout): 0.62 | Loss: 0.212 | Opp label coverage: 0.83
Step 2299274/5000000 | Win rate (rollout): 0.50 | Loss: 0.182 | Opp label coverage: 0.83
Step 2299787/5000000 | Win rate (rollout): 0.55 | Loss: 0.278 | Opp label coverage: 0.89
Step 2300299/5000000 | Win rate (rollout): 0.33 | Loss: 0.181 | Opp label coverage: 0.83
Step 2300811/5000000 | Win rate (rollout): 0.41 | Loss: 0.198 | Opp label coverage: 0.83
Step 2301327/5000000 | Win rate (rollout): 0.22 | Loss: 0.142 | Opp label coverage: 0.88
Step 2301844/5000000 | Win rate (rollout): 0.53 | Loss: 0.196 | Opp label coverage: 0.88
Step 2302356/5000000 | Win rate (rollout): 0.38 | Loss: 0.182 | Opp label coverage: 0.78
Step 2302872/5000000 | Win rate (rollout): 0.22 | Loss: 0.197 | Opp label coverage: 0.90
Step 2303384/5000000 | Win rate (rollout): 0.33 | Loss: 0.209 | Opp label coverage: 0.78
Step 2303896/5000000 | Win rate (rollout): 0.33 | Loss: 0.197 | Opp label coverage: 0.81
Step 2304412/5000000 | Win rate (rollout): 0.30 | Loss: 0.227 | Opp label coverage: 0.89
Step 2304924/5000000 | Win rate (rollout): 0.50 | Loss: 0.214 | Opp label coverage: 0.80
Step 2305436/5000000 | Win rate (rollout): 0.27 | Loss: 0.187 | Opp label coverage: 0.76
Step 2305948/5000000 | Win rate (rollout): 0.55 | Loss: 0.228 | Opp label coverage: 0.88
Step 2306460/5000000 | Win rate (rollout): 0.60 | Loss: 0.187 | Opp label coverage: 0.84
Step 2306972/5000000 | Win rate (rollout): 0.45 | Loss: 0.202 | Opp label coverage: 0.79
Step 2307484/5000000 | Win rate (rollout): 0.57 | Loss: 0.192 | Opp label coverage: 0.84
Step 2307996/5000000 | Win rate (rollout): 0.36 | Loss: 0.214 | Opp label coverage: 0.87
Step 2308512/5000000 | Win rate (rollout): 0.50 | Loss: 0.198 | Opp label coverage: 0.88
Step 2309027/5000000 | Win rate (rollout): 0.57 | Loss: 0.240 | Opp label coverage: 0.90
Step 2309540/5000000 | Win rate (rollout): 0.33 | Loss: 0.243 | Opp label coverage: 0.90
Step 2310052/5000000 | Win rate (rollout): 0.33 | Loss: 0.207 | Opp label coverage: 0.83
Step 2310567/5000000 | Win rate (rollout): 0.50 | Loss: 0.176 | Opp label coverage: 0.90
Step 2311079/5000000 | Win rate (rollout): 0.29 | Loss: 0.207 | Opp label coverage: 0.86
Step 2311591/5000000 | Win rate (rollout): 0.62 | Loss: 0.246 | Opp label coverage: 0.79
Step 2312105/5000000 | Win rate (rollout): 0.54 | Loss: 0.139 | Opp label coverage: 0.88
Step 2312617/5000000 | Win rate (rollout): 0.67 | Loss: 0.204 | Opp label coverage: 0.85
Step 2313129/5000000 | Win rate (rollout): 0.62 | Loss: 0.178 | Opp label coverage: 0.85
Step 2313641/5000000 | Win rate (rollout): 0.36 | Loss: 0.206 | Opp label coverage: 0.83
Step 2314159/5000000 | Win rate (rollout): 0.40 | Loss: 0.230 | Opp label coverage: 0.89
Step 2314671/5000000 | Win rate (rollout): 0.62 | Loss: 0.223 | Opp label coverage: 0.83
Step 2315188/5000000 | Win rate (rollout): 0.64 | Loss: 0.181 | Opp label coverage: 0.88
Step 2315700/5000000 | Win rate (rollout): 0.38 | Loss: 0.212 | Opp label coverage: 0.81
Step 2316217/5000000 | Win rate (rollout): 0.45 | Loss: 0.279 | Opp label coverage: 0.89
Step 2316729/5000000 | Win rate (rollout): 0.43 | Loss: 0.179 | Opp label coverage: 0.82
Step 2317241/5000000 | Win rate (rollout): 0.47 | Loss: 0.186 | Opp label coverage: 0.83
Step 2317753/5000000 | Win rate (rollout): 1.00 | Loss: 0.197 | Opp label coverage: 0.82
Step 2318268/5000000 | Win rate (rollout): 0.60 | Loss: 0.186 | Opp label coverage: 0.89
Step 2318780/5000000 | Win rate (rollout): 0.50 | Loss: 0.178 | Opp label coverage: 0.84
Step 2319292/5000000 | Win rate (rollout): 0.38 | Loss: 0.207 | Opp label coverage: 0.80
Step 2319804/5000000 | Win rate (rollout): 0.91 | Loss: 0.158 | Opp label coverage: 0.81
Step 2320316/5000000 | Win rate (rollout): 0.71 | Loss: 0.199 | Opp label coverage: 0.91
Step 2320831/5000000 | Win rate (rollout): 0.69 | Loss: 0.157 | Opp label coverage: 0.88
Step 2321344/5000000 | Win rate (rollout): 0.62 | Loss: 0.247 | Opp label coverage: 0.90
Step 2321858/5000000 | Win rate (rollout): 0.67 | Loss: 0.250 | Opp label coverage: 0.91
Step 2322370/5000000 | Win rate (rollout): 0.67 | Loss: 0.206 | Opp label coverage: 0.84
Step 2322882/5000000 | Win rate (rollout): 0.64 | Loss: 0.193 | Opp label coverage: 0.84
Step 2323394/5000000 | Win rate (rollout): 0.27 | Loss: 0.214 | Opp label coverage: 0.80
Step 2323911/5000000 | Win rate (rollout): 0.50 | Loss: 0.201 | Opp label coverage: 0.89
Step 2324423/5000000 | Win rate (rollout): 0.29 | Loss: 0.203 | Opp label coverage: 0.82
Step 2324938/5000000 | Win rate (rollout): 0.64 | Loss: 0.183 | Opp label coverage: 0.88
Step 2325450/5000000 | Win rate (rollout): 0.90 | Loss: 0.191 | Opp label coverage: 0.86
Step 2325962/5000000 | Win rate (rollout): 0.50 | Loss: 0.176 | Opp label coverage: 0.84
Step 2326476/5000000 | Win rate (rollout): 0.33 | Loss: 0.171 | Opp label coverage: 0.89
Step 2326988/5000000 | Win rate (rollout): 0.86 | Loss: 0.197 | Opp label coverage: 0.84
Step 2327502/5000000 | Win rate (rollout): 0.50 | Loss: 0.224 | Opp label coverage: 0.89
Step 2328014/5000000 | Win rate (rollout): 0.62 | Loss: 0.175 | Opp label coverage: 0.83
Step 2328526/5000000 | Win rate (rollout): 0.75 | Loss: 0.191 | Opp label coverage: 0.82
Step 2329038/5000000 | Win rate (rollout): 0.40 | Loss: 0.232 | Opp label coverage: 0.90
Step 2329550/5000000 | Win rate (rollout): 0.50 | Loss: 0.193 | Opp label coverage: 0.80
Step 2330065/5000000 | Win rate (rollout): 0.44 | Loss: 0.210 | Opp label coverage: 0.89
Step 2330577/5000000 | Win rate (rollout): 0.43 | Loss: 0.218 | Opp label coverage: 0.82
Step 2331090/5000000 | Win rate (rollout): 0.62 | Loss: 0.167 | Opp label coverage: 0.89
Step 2331602/5000000 | Win rate (rollout): 0.47 | Loss: 0.214 | Opp label coverage: 0.87
Step 2332114/5000000 | Win rate (rollout): 0.31 | Loss: 0.221 | Opp label coverage: 0.91
Step 2332626/5000000 | Win rate (rollout): 0.75 | Loss: 0.189 | Opp label coverage: 0.83
Step 2333143/5000000 | Win rate (rollout): 0.44 | Loss: 0.215 | Opp label coverage: 0.90
Step 2333655/5000000 | Win rate (rollout): 0.44 | Loss: 0.214 | Opp label coverage: 0.84
Step 2334167/5000000 | Win rate (rollout): 0.82 | Loss: 0.218 | Opp label coverage: 0.90
Step 2334683/5000000 | Win rate (rollout): 0.36 | Loss: 0.189 | Opp label coverage: 0.90
Step 2335195/5000000 | Win rate (rollout): 0.33 | Loss: 0.177 | Opp label coverage: 0.82
Step 2335708/5000000 | Win rate (rollout): 0.73 | Loss: 0.295 | Opp label coverage: 0.88
Step 2336223/5000000 | Win rate (rollout): 0.50 | Loss: 0.211 | Opp label coverage: 0.91
Step 2336735/5000000 | Win rate (rollout): 0.42 | Loss: 0.214 | Opp label coverage: 0.88
Step 2337249/5000000 | Win rate (rollout): 0.50 | Loss: 0.254 | Opp label coverage: 0.90
Step 2337762/5000000 | Win rate (rollout): 0.64 | Loss: 0.150 | Opp label coverage: 0.88
Step 2338274/5000000 | Win rate (rollout): 0.67 | Loss: 0.208 | Opp label coverage: 0.85
Step 2338792/5000000 | Win rate (rollout): 0.44 | Loss: 0.219 | Opp label coverage: 0.89
Step 2339304/5000000 | Win rate (rollout): 0.44 | Loss: 0.180 | Opp label coverage: 0.85
Step 2339818/5000000 | Win rate (rollout): 0.80 | Loss: 0.249 | Opp label coverage: 0.91
Step 2340330/5000000 | Win rate (rollout): 0.69 | Loss: 0.192 | Opp label coverage: 0.78
Step 2340843/5000000 | Win rate (rollout): 0.64 | Loss: 0.192 | Opp label coverage: 0.90
Step 2341355/5000000 | Win rate (rollout): 0.50 | Loss: 0.196 | Opp label coverage: 0.85
Step 2341867/5000000 | Win rate (rollout): 0.67 | Loss: 0.178 | Opp label coverage: 0.86
Step 2342379/5000000 | Win rate (rollout): 0.62 | Loss: 0.194 | Opp label coverage: 0.79
Step 2342897/5000000 | Win rate (rollout): 0.64 | Loss: 0.215 | Opp label coverage: 0.88
Step 2343412/5000000 | Win rate (rollout): 0.62 | Loss: 0.190 | Opp label coverage: 0.90
Step 2343924/5000000 | Win rate (rollout): 0.50 | Loss: 0.214 | Opp label coverage: 0.79
Step 2344436/5000000 | Win rate (rollout): 0.59 | Loss: 0.211 | Opp label coverage: 0.77
Step 2344953/5000000 | Win rate (rollout): 0.58 | Loss: 0.228 | Opp label coverage: 0.90
Step 2345465/5000000 | Win rate (rollout): 0.69 | Loss: 0.195 | Opp label coverage: 0.78
Step 2345982/5000000 | Win rate (rollout): 0.38 | Loss: 0.239 | Opp label coverage: 0.88
Step 2346497/5000000 | Win rate (rollout): 0.67 | Loss: 0.236 | Opp label coverage: 0.90
Step 2347009/5000000 | Win rate (rollout): 0.44 | Loss: 0.170 | Opp label coverage: 0.79
Step 2347521/5000000 | Win rate (rollout): 0.56 | Loss: 0.196 | Opp label coverage: 0.85
Step 2348040/5000000 | Win rate (rollout): 0.50 | Loss: 0.209 | Opp label coverage: 0.89
Step 2348556/5000000 | Win rate (rollout): 0.79 | Loss: 0.232 | Opp label coverage: 0.90
Step 2349068/5000000 | Win rate (rollout): 0.75 | Loss: 0.178 | Opp label coverage: 0.78
Step 2349582/5000000 | Win rate (rollout): 0.80 | Loss: 0.207 | Opp label coverage: 0.91
Step 2350100/5000000 | Win rate (rollout): 0.62 | Loss: 0.192 | Opp label coverage: 0.91
Step 2350619/5000000 | Win rate (rollout): 0.43 | Loss: 0.204 | Opp label coverage: 0.92
Step 2351136/5000000 | Win rate (rollout): 0.53 | Loss: 0.228 | Opp label coverage: 0.87
Step 2351648/5000000 | Win rate (rollout): 0.77 | Loss: 0.182 | Opp label coverage: 0.84
Step 2352160/5000000 | Win rate (rollout): 0.75 | Loss: 0.185 | Opp label coverage: 0.80
Step 2352676/5000000 | Win rate (rollout): 0.50 | Loss: 0.233 | Opp label coverage: 0.89
Step 2353192/5000000 | Win rate (rollout): 0.31 | Loss: 0.219 | Opp label coverage: 0.89
Step 2353706/5000000 | Win rate (rollout): 0.50 | Loss: 0.220 | Opp label coverage: 0.89
Step 2354218/5000000 | Win rate (rollout): 0.11 | Loss: 0.211 | Opp label coverage: 0.79
Step 2354730/5000000 | Win rate (rollout): 0.56 | Loss: 0.206 | Opp label coverage: 0.82
Step 2355242/5000000 | Win rate (rollout): 0.47 | Loss: 0.204 | Opp label coverage: 0.79
Step 2355757/5000000 | Win rate (rollout): 0.40 | Loss: 0.228 | Opp label coverage: 0.89
Step 2356275/5000000 | Win rate (rollout): 0.50 | Loss: 0.257 | Opp label coverage: 0.87
Step 2356788/5000000 | Win rate (rollout): 0.43 | Loss: 0.161 | Opp label coverage: 0.89
Step 2357300/5000000 | Win rate (rollout): 0.18 | Loss: 0.214 | Opp label coverage: 0.88
Step 2357817/5000000 | Win rate (rollout): 0.40 | Loss: 0.228 | Opp label coverage: 0.90
Step 2358329/5000000 | Win rate (rollout): 0.78 | Loss: 0.189 | Opp label coverage: 0.80
Step 2358841/5000000 | Win rate (rollout): 0.47 | Loss: 0.174 | Opp label coverage: 0.83
Step 2359353/5000000 | Win rate (rollout): 0.46 | Loss: 0.205 | Opp label coverage: 0.79
Step 2359867/5000000 | Win rate (rollout): 0.55 | Loss: 0.203 | Opp label coverage: 0.87
Step 2360384/5000000 | Win rate (rollout): 0.64 | Loss: 0.175 | Opp label coverage: 0.92
Step 2360900/5000000 | Win rate (rollout): 0.53 | Loss: 0.225 | Opp label coverage: 0.90
Step 2361418/5000000 | Win rate (rollout): 0.58 | Loss: 0.210 | Opp label coverage: 0.91
Step 2361930/5000000 | Win rate (rollout): 0.36 | Loss: 0.206 | Opp label coverage: 0.83
Step 2362444/5000000 | Win rate (rollout): 0.55 | Loss: 0.209 | Opp label coverage: 0.88
Step 2362963/5000000 | Win rate (rollout): 0.36 | Loss: 0.224 | Opp label coverage: 0.88
Step 2363475/5000000 | Win rate (rollout): 0.33 | Loss: 0.209 | Opp label coverage: 0.81
Step 2363987/5000000 | Win rate (rollout): 0.64 | Loss: 0.226 | Opp label coverage: 0.88
Step 2364500/5000000 | Win rate (rollout): 0.88 | Loss: 0.176 | Opp label coverage: 0.90
Step 2365012/5000000 | Win rate (rollout): 0.75 | Loss: 0.167 | Opp label coverage: 0.82
Step 2365524/5000000 | Win rate (rollout): 0.59 | Loss: 0.225 | Opp label coverage: 0.83
Step 2366038/5000000 | Win rate (rollout): 0.36 | Loss: 0.211 | Opp label coverage: 0.88
Step 2366550/5000000 | Win rate (rollout): 0.64 | Loss: 0.186 | Opp label coverage: 0.81
Step 2367063/5000000 | Win rate (rollout): 0.60 | Loss: 0.153 | Opp label coverage: 0.89
Step 2367582/5000000 | Win rate (rollout): 0.57 | Loss: 0.198 | Opp label coverage: 0.89
Step 2368094/5000000 | Win rate (rollout): 0.55 | Loss: 0.209 | Opp label coverage: 0.83
Step 2368612/5000000 | Win rate (rollout): 0.56 | Loss: 0.216 | Opp label coverage: 0.92
Step 2369129/5000000 | Win rate (rollout): 0.64 | Loss: 0.229 | Opp label coverage: 0.89
Step 2369641/5000000 | Win rate (rollout): 0.78 | Loss: 0.210 | Opp label coverage: 0.82
Step 2370153/5000000 | Win rate (rollout): 0.42 | Loss: 0.214 | Opp label coverage: 0.90
Step 2370665/5000000 | Win rate (rollout): 0.75 | Loss: 0.190 | Opp label coverage: 0.82
Step 2371177/5000000 | Win rate (rollout): 0.43 | Loss: 0.211 | Opp label coverage: 0.82
Step 2371689/5000000 | Win rate (rollout): 0.64 | Loss: 0.209 | Opp label coverage: 0.82
Step 2372207/5000000 | Win rate (rollout): 0.62 | Loss: 0.193 | Opp label coverage: 0.90
Step 2372720/5000000 | Win rate (rollout): 0.71 | Loss: 0.292 | Opp label coverage: 0.89
Step 2373232/5000000 | Win rate (rollout): 0.71 | Loss: 0.210 | Opp label coverage: 0.78
Step 2373750/5000000 | Win rate (rollout): 0.58 | Loss: 0.253 | Opp label coverage: 0.91
Step 2374268/5000000 | Win rate (rollout): 0.76 | Loss: 0.246 | Opp label coverage: 0.90
Step 2374780/5000000 | Win rate (rollout): 0.64 | Loss: 0.198 | Opp label coverage: 0.84
Step 2375293/5000000 | Win rate (rollout): 0.75 | Loss: 0.226 | Opp label coverage: 0.90
Step 2375805/5000000 | Win rate (rollout): 0.62 | Loss: 0.195 | Opp label coverage: 0.82
Step 2376317/5000000 | Win rate (rollout): 0.41 | Loss: 0.214 | Opp label coverage: 0.84
Step 2376829/5000000 | Win rate (rollout): 0.56 | Loss: 0.186 | Opp label coverage: 0.85
Step 2377342/5000000 | Win rate (rollout): 0.67 | Loss: 0.159 | Opp label coverage: 0.89
Step 2377856/5000000 | Win rate (rollout): 0.64 | Loss: 0.191 | Opp label coverage: 0.89
Step 2378368/5000000 | Win rate (rollout): 0.27 | Loss: 0.210 | Opp label coverage: 0.79
Step 2378880/5000000 | Win rate (rollout): 0.67 | Loss: 0.198 | Opp label coverage: 0.83
Step 2379395/5000000 | Win rate (rollout): 0.50 | Loss: 0.224 | Opp label coverage: 0.88
Step 2379907/5000000 | Win rate (rollout): 0.64 | Loss: 0.196 | Opp label coverage: 0.81
Step 2380419/5000000 | Win rate (rollout): 0.50 | Loss: 0.204 | Opp label coverage: 0.81
Step 2380932/5000000 | Win rate (rollout): 0.42 | Loss: 0.308 | Opp label coverage: 0.88
Step 2381444/5000000 | Win rate (rollout): 0.82 | Loss: 0.205 | Opp label coverage: 0.85
Step 2381959/5000000 | Win rate (rollout): 0.58 | Loss: 0.231 | Opp label coverage: 0.88
Step 2382476/5000000 | Win rate (rollout): 0.67 | Loss: 0.232 | Opp label coverage: 0.91
Step 2382988/5000000 | Win rate (rollout): 0.58 | Loss: 0.211 | Opp label coverage: 0.80
Step 2383504/5000000 | Win rate (rollout): 0.50 | Loss: 0.196 | Opp label coverage: 0.90
Step 2384016/5000000 | Win rate (rollout): 0.44 | Loss: 0.189 | Opp label coverage: 0.85
Step 2384533/5000000 | Win rate (rollout): 0.71 | Loss: 0.199 | Opp label coverage: 0.92
Step 2385045/5000000 | Win rate (rollout): 0.50 | Loss: 0.206 | Opp label coverage: 0.85
Step 2385563/5000000 | Win rate (rollout): 0.82 | Loss: 0.217 | Opp label coverage: 0.90
Step 2386075/5000000 | Win rate (rollout): 0.43 | Loss: 0.214 | Opp label coverage: 0.81
Step 2386588/5000000 | Win rate (rollout): 0.73 | Loss: 0.133 | Opp label coverage: 0.89
Step 2387105/5000000 | Win rate (rollout): 0.43 | Loss: 0.192 | Opp label coverage: 0.89
Step 2387617/5000000 | Win rate (rollout): 0.78 | Loss: 0.185 | Opp label coverage: 0.89
Step 2388130/5000000 | Win rate (rollout): 0.73 | Loss: 0.185 | Opp label coverage: 0.89
Step 2388648/5000000 | Win rate (rollout): 0.44 | Loss: 0.260 | Opp label coverage: 0.87
Step 2389161/5000000 | Win rate (rollout): 0.50 | Loss: 0.291 | Opp label coverage: 0.88
Step 2389677/5000000 | Win rate (rollout): 0.27 | Loss: 0.245 | Opp label coverage: 0.89
Step 2390193/5000000 | Win rate (rollout): 0.53 | Loss: 0.233 | Opp label coverage: 0.89
Step 2390705/5000000 | Win rate (rollout): 0.73 | Loss: 0.216 | Opp label coverage: 0.89
Step 2391217/5000000 | Win rate (rollout): 0.36 | Loss: 0.216 | Opp label coverage: 0.79
Step 2391732/5000000 | Win rate (rollout): 0.50 | Loss: 0.205 | Opp label coverage: 0.89
Step 2392247/5000000 | Win rate (rollout): 0.47 | Loss: 0.276 | Opp label coverage: 0.89
Step 2392759/5000000 | Win rate (rollout): 0.57 | Loss: 0.188 | Opp label coverage: 0.79
Step 2393271/5000000 | Win rate (rollout): 0.75 | Loss: 0.213 | Opp label coverage: 0.83
Step 2393783/5000000 | Win rate (rollout): 0.54 | Loss: 0.185 | Opp label coverage: 0.88
Step 2394295/5000000 | Win rate (rollout): 0.58 | Loss: 0.203 | Opp label coverage: 0.82
Step 2394807/5000000 | Win rate (rollout): 0.53 | Loss: 0.200 | Opp label coverage: 0.81
Step 2395319/5000000 | Win rate (rollout): 0.80 | Loss: 0.211 | Opp label coverage: 0.84
Step 2395831/5000000 | Win rate (rollout): 0.69 | Loss: 0.208 | Opp label coverage: 0.79
Step 2396343/5000000 | Win rate (rollout): 0.50 | Loss: 0.204 | Opp label coverage: 0.81
Step 2396855/5000000 | Win rate (rollout): 0.44 | Loss: 0.217 | Opp label coverage: 0.83
Step 2397373/5000000 | Win rate (rollout): 0.62 | Loss: 0.205 | Opp label coverage: 0.89
Step 2397885/5000000 | Win rate (rollout): 0.90 | Loss: 0.168 | Opp label coverage: 0.78
Step 2398400/5000000 | Win rate (rollout): 0.62 | Loss: 0.199 | Opp label coverage: 0.88
Step 2398912/5000000 | Win rate (rollout): 0.56 | Loss: 0.172 | Opp label coverage: 0.82
Step 2399426/5000000 | Win rate (rollout): 0.75 | Loss: 0.240 | Opp label coverage: 0.90
Step 2399938/5000000 | Win rate (rollout): 0.83 | Loss: 0.186 | Opp label coverage: 0.81
Step 2400451/5000000 | Win rate (rollout): 0.75 | Loss: 0.316 | Opp label coverage: 0.92
Step 2400969/5000000 | Win rate (rollout): 0.53 | Loss: 0.249 | Opp label coverage: 0.89
Step 2401487/5000000 | Win rate (rollout): 0.55 | Loss: 0.247 | Opp label coverage: 0.92
Step 2402002/5000000 | Win rate (rollout): 0.50 | Loss: 0.243 | Opp label coverage: 0.88
Step 2402517/5000000 | Win rate (rollout): 0.59 | Loss: 0.269 | Opp label coverage: 0.88
Step 2403035/5000000 | Win rate (rollout): 0.33 | Loss: 0.211 | Opp label coverage: 0.89
Step 2403547/5000000 | Win rate (rollout): 0.57 | Loss: 0.189 | Opp label coverage: 0.83
Step 2404063/5000000 | Win rate (rollout): 0.57 | Loss: 0.216 | Opp label coverage: 0.90
Step 2404576/5000000 | Win rate (rollout): 0.43 | Loss: 0.264 | Opp label coverage: 0.90
Step 2405093/5000000 | Win rate (rollout): 0.44 | Loss: 0.243 | Opp label coverage: 0.89
Step 2405607/5000000 | Win rate (rollout): 0.40 | Loss: 0.246 | Opp label coverage: 0.88
Step 2406119/5000000 | Win rate (rollout): 0.42 | Loss: 0.195 | Opp label coverage: 0.81
Step 2406631/5000000 | Win rate (rollout): 0.47 | Loss: 0.179 | Opp label coverage: 0.82
Step 2407143/5000000 | Win rate (rollout): 0.70 | Loss: 0.203 | Opp label coverage: 0.83
Step 2407656/5000000 | Win rate (rollout): 0.64 | Loss: 0.140 | Opp label coverage: 0.89
Step 2408174/5000000 | Win rate (rollout): 0.56 | Loss: 0.233 | Opp label coverage: 0.89
Step 2408686/5000000 | Win rate (rollout): 0.36 | Loss: 0.220 | Opp label coverage: 0.85
Step 2409200/5000000 | Win rate (rollout): 0.30 | Loss: 0.231 | Opp label coverage: 0.90
Step 2409712/5000000 | Win rate (rollout): 0.33 | Loss: 0.202 | Opp label coverage: 0.76
Step 2410226/5000000 | Win rate (rollout): 0.67 | Loss: 0.247 | Opp label coverage: 0.89
Step 2410738/5000000 | Win rate (rollout): 0.62 | Loss: 0.168 | Opp label coverage: 0.81
Step 2411254/5000000 | Win rate (rollout): 0.33 | Loss: 0.200 | Opp label coverage: 0.88
Step 2411773/5000000 | Win rate (rollout): 0.69 | Loss: 0.211 | Opp label coverage: 0.90
Step 2412289/5000000 | Win rate (rollout): 0.47 | Loss: 0.234 | Opp label coverage: 0.88
Step 2412806/5000000 | Win rate (rollout): 0.50 | Loss: 0.213 | Opp label coverage: 0.89
Step 2413318/5000000 | Win rate (rollout): 0.71 | Loss: 0.183 | Opp label coverage: 0.79
Step 2413836/5000000 | Win rate (rollout): 0.42 | Loss: 0.229 | Opp label coverage: 0.87
Step 2414348/5000000 | Win rate (rollout): 0.71 | Loss: 0.186 | Opp label coverage: 0.88
Step 2414860/5000000 | Win rate (rollout): 0.80 | Loss: 0.213 | Opp label coverage: 0.82
Step 2415372/5000000 | Win rate (rollout): 0.50 | Loss: 0.183 | Opp label coverage: 0.79
Step 2415886/5000000 | Win rate (rollout): 0.80 | Loss: 0.262 | Opp label coverage: 0.89
Step 2416402/5000000 | Win rate (rollout): 0.53 | Loss: 0.201 | Opp label coverage: 0.88
Step 2416921/5000000 | Win rate (rollout): 0.40 | Loss: 0.242 | Opp label coverage: 0.89
Step 2417437/5000000 | Win rate (rollout): 0.46 | Loss: 0.260 | Opp label coverage: 0.89
Step 2417949/5000000 | Win rate (rollout): 0.57 | Loss: 0.217 | Opp label coverage: 0.81
Step 2418461/5000000 | Win rate (rollout): 0.69 | Loss: 0.186 | Opp label coverage: 0.84
Step 2418973/5000000 | Win rate (rollout): 0.60 | Loss: 0.207 | Opp label coverage: 0.82
Step 2419485/5000000 | Win rate (rollout): 0.67 | Loss: 0.218 | Opp label coverage: 0.78
Step 2420000/5000000 | Win rate (rollout): 0.45 | Loss: 0.274 | Opp label coverage: 0.91
Step 2420515/5000000 | Win rate (rollout): 0.54 | Loss: 0.166 | Opp label coverage: 0.89
Step 2421031/5000000 | Win rate (rollout): 0.21 | Loss: 0.216 | Opp label coverage: 0.89
Step 2421546/5000000 | Win rate (rollout): 0.13 | Loss: 0.234 | Opp label coverage: 0.88
Step 2422058/5000000 | Win rate (rollout): 0.58 | Loss: 0.213 | Opp label coverage: 0.86
Step 2422570/5000000 | Win rate (rollout): 0.47 | Loss: 0.204 | Opp label coverage: 0.80
Step 2423085/5000000 | Win rate (rollout): 0.46 | Loss: 0.221 | Opp label coverage: 0.89
Step 2423600/5000000 | Win rate (rollout): 0.64 | Loss: 0.261 | Opp label coverage: 0.88
Step 2424112/5000000 | Win rate (rollout): 1.00 | Loss: 0.199 | Opp label coverage: 0.86
Step 2424624/5000000 | Win rate (rollout): 0.58 | Loss: 0.188 | Opp label coverage: 0.79
Step 2425136/5000000 | Win rate (rollout): 0.29 | Loss: 0.202 | Opp label coverage: 0.83
Step 2425648/5000000 | Win rate (rollout): 0.80 | Loss: 0.222 | Opp label coverage: 0.87
Step 2426160/5000000 | Win rate (rollout): 0.60 | Loss: 0.182 | Opp label coverage: 0.85
Step 2426675/5000000 | Win rate (rollout): 0.50 | Loss: 0.246 | Opp label coverage: 0.88
Step 2427190/5000000 | Win rate (rollout): 0.62 | Loss: 0.181 | Opp label coverage: 0.88
Step 2427702/5000000 | Win rate (rollout): 0.70 | Loss: 0.215 | Opp label coverage: 0.81
Step 2428214/5000000 | Win rate (rollout): 0.64 | Loss: 0.209 | Opp label coverage: 0.83
Step 2428726/5000000 | Win rate (rollout): 0.44 | Loss: 0.186 | Opp label coverage: 0.80
Step 2429238/5000000 | Win rate (rollout): 0.71 | Loss: 0.193 | Opp label coverage: 0.81
Step 2429755/5000000 | Win rate (rollout): 0.64 | Loss: 0.225 | Opp label coverage: 0.88
Step 2430267/5000000 | Win rate (rollout): 0.44 | Loss: 0.211 | Opp label coverage: 0.83
Step 2430780/5000000 | Win rate (rollout): 0.62 | Loss: 0.230 | Opp label coverage: 0.88
Step 2431295/5000000 | Win rate (rollout): 0.50 | Loss: 0.179 | Opp label coverage: 0.89
Step 2431807/5000000 | Win rate (rollout): 0.75 | Loss: 0.212 | Opp label coverage: 0.86
Step 2432319/5000000 | Win rate (rollout): 0.71 | Loss: 0.218 | Opp label coverage: 0.81
Step 2432833/5000000 | Win rate (rollout): 0.60 | Loss: 0.272 | Opp label coverage: 0.89
Step 2433345/5000000 | Win rate (rollout): 0.73 | Loss: 0.198 | Opp label coverage: 0.82
Step 2433861/5000000 | Win rate (rollout): 0.89 | Loss: 0.220 | Opp label coverage: 0.90
Step 2434373/5000000 | Win rate (rollout): 0.62 | Loss: 0.233 | Opp label coverage: 0.89
Step 2434890/5000000 | Win rate (rollout): 0.62 | Loss: 0.226 | Opp label coverage: 0.91
Step 2435405/5000000 | Win rate (rollout): 0.42 | Loss: 0.222 | Opp label coverage: 0.91
Step 2435917/5000000 | Win rate (rollout): 0.42 | Loss: 0.194 | Opp label coverage: 0.83
Step 2436432/5000000 | Win rate (rollout): 0.70 | Loss: 0.197 | Opp label coverage: 0.90
Step 2436946/5000000 | Win rate (rollout): 0.62 | Loss: 0.210 | Opp label coverage: 0.89
Step 2437458/5000000 | Win rate (rollout): 0.77 | Loss: 0.179 | Opp label coverage: 0.81
Step 2437970/5000000 | Win rate (rollout): 0.38 | Loss: 0.211 | Opp label coverage: 0.86
Step 2438482/5000000 | Win rate (rollout): 0.75 | Loss: 0.195 | Opp label coverage: 0.80
Step 2438995/5000000 | Win rate (rollout): 0.55 | Loss: 0.315 | Opp label coverage: 0.89
Step 2439512/5000000 | Win rate (rollout): 0.64 | Loss: 0.210 | Opp label coverage: 0.91
Step 2440031/5000000 | Win rate (rollout): 0.79 | Loss: 0.200 | Opp label coverage: 0.90
Step 2440550/5000000 | Win rate (rollout): 0.35 | Loss: 0.237 | Opp label coverage: 0.86
Step 2441062/5000000 | Win rate (rollout): 0.55 | Loss: 0.224 | Opp label coverage: 0.86
Step 2441574/5000000 | Win rate (rollout): 0.30 | Loss: 0.192 | Opp label coverage: 0.80
Step 2442086/5000000 | Win rate (rollout): 0.82 | Loss: 0.203 | Opp label coverage: 0.79
Step 2442598/5000000 | Win rate (rollout): 0.67 | Loss: 0.202 | Opp label coverage: 0.88
Step 2443110/5000000 | Win rate (rollout): 0.54 | Loss: 0.197 | Opp label coverage: 0.86
Step 2443627/5000000 | Win rate (rollout): 0.60 | Loss: 0.248 | Opp label coverage: 0.89
Step 2444139/5000000 | Win rate (rollout): 0.58 | Loss: 0.201 | Opp label coverage: 0.85
Step 2444655/5000000 | Win rate (rollout): 0.25 | Loss: 0.232 | Opp label coverage: 0.89
Step 2445169/5000000 | Win rate (rollout): 0.57 | Loss: 0.216 | Opp label coverage: 0.88
Step 2445682/5000000 | Win rate (rollout): 0.60 | Loss: 0.187 | Opp label coverage: 0.89
Step 2446194/5000000 | Win rate (rollout): 0.77 | Loss: 0.199 | Opp label coverage: 0.80
Step 2446709/5000000 | Win rate (rollout): 0.67 | Loss: 0.222 | Opp label coverage: 0.92
Step 2447221/5000000 | Win rate (rollout): 0.75 | Loss: 0.182 | Opp label coverage: 0.85
Step 2447733/5000000 | Win rate (rollout): 0.55 | Loss: 0.185 | Opp label coverage: 0.86
Step 2448248/5000000 | Win rate (rollout): 0.30 | Loss: 0.200 | Opp label coverage: 0.90
Step 2448761/5000000 | Win rate (rollout): 0.50 | Loss: 0.297 | Opp label coverage: 0.89
Step 2449275/5000000 | Win rate (rollout): 0.46 | Loss: 0.143 | Opp label coverage: 0.87
Step 2449787/5000000 | Win rate (rollout): 0.78 | Loss: 0.206 | Opp label coverage: 0.82
Step 2450299/5000000 | Win rate (rollout): 0.71 | Loss: 0.180 | Opp label coverage: 0.82
Step 2450817/5000000 | Win rate (rollout): 0.70 | Loss: 0.169 | Opp label coverage: 0.89
Step 2451329/5000000 | Win rate (rollout): 0.47 | Loss: 0.252 | Opp label coverage: 0.88
Step 2451841/5000000 | Win rate (rollout): 0.77 | Loss: 0.197 | Opp label coverage: 0.80
Step 2452353/5000000 | Win rate (rollout): 0.82 | Loss: 0.190 | Opp label coverage: 0.83
Step 2452869/5000000 | Win rate (rollout): 0.45 | Loss: 0.200 | Opp label coverage: 0.89
Step 2453381/5000000 | Win rate (rollout): 0.78 | Loss: 0.204 | Opp label coverage: 0.81
Step 2453893/5000000 | Win rate (rollout): 0.67 | Loss: 0.195 | Opp label coverage: 0.83
Step 2454405/5000000 | Win rate (rollout): 0.83 | Loss: 0.163 | Opp label coverage: 0.83
Step 2454922/5000000 | Win rate (rollout): 0.45 | Loss: 0.212 | Opp label coverage: 0.88
Step 2455434/5000000 | Win rate (rollout): 0.69 | Loss: 0.209 | Opp label coverage: 0.90
Step 2455947/5000000 | Win rate (rollout): 0.50 | Loss: 0.233 | Opp label coverage: 0.89
Step 2456459/5000000 | Win rate (rollout): 0.46 | Loss: 0.247 | Opp label coverage: 0.88
Step 2456971/5000000 | Win rate (rollout): 0.29 | Loss: 0.212 | Opp label coverage: 0.84
Step 2457483/5000000 | Win rate (rollout): 0.64 | Loss: 0.221 | Opp label coverage: 0.81
Step 2458001/5000000 | Win rate (rollout): 0.70 | Loss: 0.189 | Opp label coverage: 0.90
Step 2458516/5000000 | Win rate (rollout): 0.57 | Loss: 0.226 | Opp label coverage: 0.89
Step 2459028/5000000 | Win rate (rollout): 0.62 | Loss: 0.170 | Opp label coverage: 0.84
Step 2459540/5000000 | Win rate (rollout): 0.73 | Loss: 0.230 | Opp label coverage: 0.81
Step 2460053/5000000 | Win rate (rollout): 0.50 | Loss: 0.197 | Opp label coverage: 0.90
Step 2460565/5000000 | Win rate (rollout): 0.75 | Loss: 0.190 | Opp label coverage: 0.81
Step 2461084/5000000 | Win rate (rollout): 0.64 | Loss: 0.237 | Opp label coverage: 0.90
Step 2461602/5000000 | Win rate (rollout): 0.57 | Loss: 0.201 | Opp label coverage: 0.88
Step 2462114/5000000 | Win rate (rollout): 0.46 | Loss: 0.240 | Opp label coverage: 0.84
Step 2462629/5000000 | Win rate (rollout): 0.44 | Loss: 0.149 | Opp label coverage: 0.88
Step 2463141/5000000 | Win rate (rollout): 0.58 | Loss: 0.193 | Opp label coverage: 0.84
Step 2463660/5000000 | Win rate (rollout): 0.40 | Loss: 0.206 | Opp label coverage: 0.88
Step 2464172/5000000 | Win rate (rollout): 0.92 | Loss: 0.215 | Opp label coverage: 0.85
Step 2464684/5000000 | Win rate (rollout): 0.80 | Loss: 0.180 | Opp label coverage: 0.81
Step 2465196/5000000 | Win rate (rollout): 0.54 | Loss: 0.199 | Opp label coverage: 0.82
Step 2465708/5000000 | Win rate (rollout): 0.62 | Loss: 0.192 | Opp label coverage: 0.81
Step 2466221/5000000 | Win rate (rollout): 0.45 | Loss: 0.274 | Opp label coverage: 0.89
Step 2466733/5000000 | Win rate (rollout): 0.71 | Loss: 0.232 | Opp label coverage: 0.88
Step 2467245/5000000 | Win rate (rollout): 0.46 | Loss: 0.230 | Opp label coverage: 0.82
Step 2467762/5000000 | Win rate (rollout): 0.33 | Loss: 0.218 | Opp label coverage: 0.87
Step 2468274/5000000 | Win rate (rollout): 0.83 | Loss: 0.234 | Opp label coverage: 0.83
Step 2468786/5000000 | Win rate (rollout): 0.50 | Loss: 0.202 | Opp label coverage: 0.84
Step 2469298/5000000 | Win rate (rollout): 0.67 | Loss: 0.199 | Opp label coverage: 0.82
Step 2469815/5000000 | Win rate (rollout): 0.60 | Loss: 0.178 | Opp label coverage: 0.90
Step 2470327/5000000 | Win rate (rollout): 0.80 | Loss: 0.206 | Opp label coverage: 0.81
Step 2470839/5000000 | Win rate (rollout): 0.73 | Loss: 0.189 | Opp label coverage: 0.79
Step 2471357/5000000 | Win rate (rollout): 0.60 | Loss: 0.250 | Opp label coverage: 0.88
Step 2471873/5000000 | Win rate (rollout): 0.67 | Loss: 0.213 | Opp label coverage: 0.90
Step 2472386/5000000 | Win rate (rollout): 0.27 | Loss: 0.132 | Opp label coverage: 0.89
Step 2472898/5000000 | Win rate (rollout): 0.56 | Loss: 0.212 | Opp label coverage: 0.84
Step 2473417/5000000 | Win rate (rollout): 0.77 | Loss: 0.217 | Opp label coverage: 0.89
Step 2473935/5000000 | Win rate (rollout): 0.60 | Loss: 0.203 | Opp label coverage: 0.88
Step 2474447/5000000 | Win rate (rollout): 0.57 | Loss: 0.189 | Opp label coverage: 0.81
Step 2474959/5000000 | Win rate (rollout): 0.53 | Loss: 0.211 | Opp label coverage: 0.84
Step 2475471/5000000 | Win rate (rollout): 0.78 | Loss: 0.208 | Opp label coverage: 0.86
Step 2475984/5000000 | Win rate (rollout): 0.67 | Loss: 0.183 | Opp label coverage: 0.88
Step 2476500/5000000 | Win rate (rollout): 0.56 | Loss: 0.224 | Opp label coverage: 0.89
Step 2477012/5000000 | Win rate (rollout): 0.88 | Loss: 0.169 | Opp label coverage: 0.82
Step 2477531/5000000 | Win rate (rollout): 0.38 | Loss: 0.243 | Opp label coverage: 0.88
Step 2478043/5000000 | Win rate (rollout): 0.64 | Loss: 0.228 | Opp label coverage: 0.82
Step 2478555/5000000 | Win rate (rollout): 0.40 | Loss: 0.219 | Opp label coverage: 0.78
Step 2479067/5000000 | Win rate (rollout): 0.40 | Loss: 0.190 | Opp label coverage: 0.85
Step 2479579/5000000 | Win rate (rollout): 0.46 | Loss: 0.191 | Opp label coverage: 0.80
Step 2480091/5000000 | Win rate (rollout): 0.92 | Loss: 0.208 | Opp label coverage: 0.91
Step 2480609/5000000 | Win rate (rollout): 0.47 | Loss: 0.216 | Opp label coverage: 0.88
Step 2481126/5000000 | Win rate (rollout): 0.53 | Loss: 0.246 | Opp label coverage: 0.89
Step 2481638/5000000 | Win rate (rollout): 0.80 | Loss: 0.174 | Opp label coverage: 0.83
Step 2482155/5000000 | Win rate (rollout): 0.58 | Loss: 0.220 | Opp label coverage: 0.90
Step 2482667/5000000 | Win rate (rollout): 0.64 | Loss: 0.179 | Opp label coverage: 0.76
Step 2483179/5000000 | Win rate (rollout): 0.38 | Loss: 0.205 | Opp label coverage: 0.82
Step 2483695/5000000 | Win rate (rollout): 0.73 | Loss: 0.188 | Opp label coverage: 0.90
Step 2484210/5000000 | Win rate (rollout): 0.62 | Loss: 0.238 | Opp label coverage: 0.90
Step 2484728/5000000 | Win rate (rollout): 0.50 | Loss: 0.214 | Opp label coverage: 0.88
Step 2485240/5000000 | Win rate (rollout): 0.56 | Loss: 0.176 | Opp label coverage: 0.82
Step 2485752/5000000 | Win rate (rollout): 0.64 | Loss: 0.193 | Opp label coverage: 0.80
Step 2486264/5000000 | Win rate (rollout): 0.58 | Loss: 0.204 | Opp label coverage: 0.82
Step 2486777/5000000 | Win rate (rollout): 0.50 | Loss: 0.153 | Opp label coverage: 0.88
Step 2487289/5000000 | Win rate (rollout): 0.42 | Loss: 0.212 | Opp label coverage: 0.84
Step 2487803/5000000 | Win rate (rollout): 0.70 | Loss: 0.293 | Opp label coverage: 0.90
Step 2488315/5000000 | Win rate (rollout): 0.86 | Loss: 0.186 | Opp label coverage: 0.78
Step 2488827/5000000 | Win rate (rollout): 0.31 | Loss: 0.197 | Opp label coverage: 0.82
Step 2489342/5000000 | Win rate (rollout): 0.29 | Loss: 0.220 | Opp label coverage: 0.90
Step 2489854/5000000 | Win rate (rollout): 0.29 | Loss: 0.217 | Opp label coverage: 0.79
Step 2490366/5000000 | Win rate (rollout): 0.71 | Loss: 0.213 | Opp label coverage: 0.80
Step 2490878/5000000 | Win rate (rollout): 0.67 | Loss: 0.218 | Opp label coverage: 0.79
Step 2491390/5000000 | Win rate (rollout): 0.30 | Loss: 0.243 | Opp label coverage: 0.87
Step 2491902/5000000 | Win rate (rollout): 0.45 | Loss: 0.217 | Opp label coverage: 0.83
Step 2492414/5000000 | Win rate (rollout): 0.70 | Loss: 0.203 | Opp label coverage: 0.91
Step 2492926/5000000 | Win rate (rollout): 0.62 | Loss: 0.189 | Opp label coverage: 0.81
Step 2493441/5000000 | Win rate (rollout): 0.67 | Loss: 0.203 | Opp label coverage: 0.89
Step 2493955/5000000 | Win rate (rollout): 0.69 | Loss: 0.218 | Opp label coverage: 0.90
Step 2494467/5000000 | Win rate (rollout): 0.62 | Loss: 0.170 | Opp label coverage: 0.79
Step 2494979/5000000 | Win rate (rollout): 0.50 | Loss: 0.202 | Opp label coverage: 0.87
Step 2495491/5000000 | Win rate (rollout): 0.67 | Loss: 0.192 | Opp label coverage: 0.80
Step 2496007/5000000 | Win rate (rollout): 0.50 | Loss: 0.216 | Opp label coverage: 0.91
Step 2496523/5000000 | Win rate (rollout): 0.47 | Loss: 0.281 | Opp label coverage: 0.89
Step 2497040/5000000 | Win rate (rollout): 0.56 | Loss: 0.246 | Opp label coverage: 0.87
Step 2497552/5000000 | Win rate (rollout): 0.50 | Loss: 0.192 | Opp label coverage: 0.80
Step 2498064/5000000 | Win rate (rollout): 0.69 | Loss: 0.212 | Opp label coverage: 0.85
Step 2498576/5000000 | Win rate (rollout): 0.83 | Loss: 0.211 | Opp label coverage: 0.82
Step 2499088/5000000 | Win rate (rollout): 0.29 | Loss: 0.201 | Opp label coverage: 0.90
Step 2499600/5000000 | Win rate (rollout): 0.80 | Loss: 0.184 | Opp label coverage: 0.79
[checkpoint] Saved models/ppo/checkpoints/m9seed/ppo_step_2500032.pt
Step 2500112/5000000 | Win rate (rollout): 0.36 | Loss: 0.201 | Opp label coverage: 0.80
Step 2500625/5000000 | Win rate (rollout): 0.50 | Loss: 0.104 | Opp label coverage: 0.92
Step 2501142/5000000 | Win rate (rollout): 0.40 | Loss: 0.215 | Opp label coverage: 0.88
Step 2501656/5000000 | Win rate (rollout): 0.67 | Loss: 0.210 | Opp label coverage: 0.89
Step 2502169/5000000 | Win rate (rollout): 0.47 | Loss: 0.122 | Opp label coverage: 0.91
Step 2502681/5000000 | Win rate (rollout): 1.00 | Loss: 0.189 | Opp label coverage: 0.82
Step 2503194/5000000 | Win rate (rollout): 0.25 | Loss: 0.185 | Opp label coverage: 0.90
Step 2503706/5000000 | Win rate (rollout): 0.50 | Loss: 0.192 | Opp label coverage: 0.80
Step 2504218/5000000 | Win rate (rollout): 0.50 | Loss: 0.211 | Opp label coverage: 0.82
Step 2504730/5000000 | Win rate (rollout): 0.40 | Loss: 0.216 | Opp label coverage: 0.84
Step 2505242/5000000 | Win rate (rollout): 0.56 | Loss: 0.170 | Opp label coverage: 0.87
Step 2505754/5000000 | Win rate (rollout): 0.33 | Loss: 0.191 | Opp label coverage: 0.81
Step 2506266/5000000 | Win rate (rollout): 0.86 | Loss: 0.171 | Opp label coverage: 0.83
Step 2506784/5000000 | Win rate (rollout): 0.50 | Loss: 0.174 | Opp label coverage: 0.90
Step 2507296/5000000 | Win rate (rollout): 0.64 | Loss: 0.195 | Opp label coverage: 0.81
Step 2507812/5000000 | Win rate (rollout): 0.56 | Loss: 0.263 | Opp label coverage: 0.92
Step 2508324/5000000 | Win rate (rollout): 0.71 | Loss: 0.195 | Opp label coverage: 0.84
Step 2508838/5000000 | Win rate (rollout): 0.22 | Loss: 0.226 | Opp label coverage: 0.89
Step 2509350/5000000 | Win rate (rollout): 0.38 | Loss: 0.210 | Opp label coverage: 0.89
Step 2509865/5000000 | Win rate (rollout): 0.46 | Loss: 0.230 | Opp label coverage: 0.90
Step 2510377/5000000 | Win rate (rollout): 0.38 | Loss: 0.197 | Opp label coverage: 0.81
Step 2510889/5000000 | Win rate (rollout): 0.50 | Loss: 0.186 | Opp label coverage: 0.90
Step 2511401/5000000 | Win rate (rollout): 0.25 | Loss: 0.197 | Opp label coverage: 0.82
Step 2511915/5000000 | Win rate (rollout): 0.33 | Loss: 0.205 | Opp label coverage: 0.89
Step 2512430/5000000 | Win rate (rollout): 0.45 | Loss: 0.236 | Opp label coverage: 0.92
Step 2512942/5000000 | Win rate (rollout): 0.57 | Loss: 0.209 | Opp label coverage: 0.83
Step 2513454/5000000 | Win rate (rollout): 0.40 | Loss: 0.263 | Opp label coverage: 0.87
Step 2513972/5000000 | Win rate (rollout): 0.33 | Loss: 0.181 | Opp label coverage: 0.92
Step 2514484/5000000 | Win rate (rollout): 0.50 | Loss: 0.180 | Opp label coverage: 0.86
Step 2514998/5000000 | Win rate (rollout): 0.82 | Loss: 0.177 | Opp label coverage: 0.90
Step 2515510/5000000 | Win rate (rollout): 0.78 | Loss: 0.179 | Opp label coverage: 0.82
Step 2516025/5000000 | Win rate (rollout): 0.57 | Loss: 0.220 | Opp label coverage: 0.90
Step 2516539/5000000 | Win rate (rollout): 0.67 | Loss: 0.235 | Opp label coverage: 0.93
Step 2517051/5000000 | Win rate (rollout): 0.62 | Loss: 0.209 | Opp label coverage: 0.80
Step 2517569/5000000 | Win rate (rollout): 0.64 | Loss: 0.205 | Opp label coverage: 0.91
Step 2518086/5000000 | Win rate (rollout): 0.55 | Loss: 0.288 | Opp label coverage: 0.92
Step 2518598/5000000 | Win rate (rollout): 0.50 | Loss: 0.220 | Opp label coverage: 0.85
Step 2519110/5000000 | Win rate (rollout): 0.50 | Loss: 0.170 | Opp label coverage: 0.83
Step 2519626/5000000 | Win rate (rollout): 0.50 | Loss: 0.232 | Opp label coverage: 0.89
Step 2520138/5000000 | Win rate (rollout): 0.25 | Loss: 0.204 | Opp label coverage: 0.85
Step 2520651/5000000 | Win rate (rollout): 0.82 | Loss: 0.201 | Opp label coverage: 0.89
Step 2521169/5000000 | Win rate (rollout): 0.21 | Loss: 0.242 | Opp label coverage: 0.88
Step 2521681/5000000 | Win rate (rollout): 0.67 | Loss: 0.176 | Opp label coverage: 0.83
Step 2522198/5000000 | Win rate (rollout): 0.67 | Loss: 0.205 | Opp label coverage: 0.91
Step 2522717/5000000 | Win rate (rollout): 0.42 | Loss: 0.271 | Opp label coverage: 0.90
Step 2523233/5000000 | Win rate (rollout): 0.57 | Loss: 0.220 | Opp label coverage: 0.90
Step 2523745/5000000 | Win rate (rollout): 0.53 | Loss: 0.194 | Opp label coverage: 0.81
Step 2524257/5000000 | Win rate (rollout): 1.00 | Loss: 0.189 | Opp label coverage: 0.82
Step 2524769/5000000 | Win rate (rollout): 0.69 | Loss: 0.205 | Opp label coverage: 0.81
Step 2525281/5000000 | Win rate (rollout): 0.77 | Loss: 0.212 | Opp label coverage: 0.83
Step 2525793/5000000 | Win rate (rollout): 0.77 | Loss: 0.199 | Opp label coverage: 0.83
Step 2526305/5000000 | Win rate (rollout): 0.71 | Loss: 0.201 | Opp label coverage: 0.82
Step 2526818/5000000 | Win rate (rollout): 0.33 | Loss: 0.294 | Opp label coverage: 0.90
Step 2527330/5000000 | Win rate (rollout): 0.57 | Loss: 0.191 | Opp label coverage: 0.83
Step 2527846/5000000 | Win rate (rollout): 0.45 | Loss: 0.180 | Opp label coverage: 0.90
Step 2528358/5000000 | Win rate (rollout): 0.77 | Loss: 0.195 | Opp label coverage: 0.79
Step 2528875/5000000 | Win rate (rollout): 0.62 | Loss: 0.245 | Opp label coverage: 0.89
Step 2529388/5000000 | Win rate (rollout): 0.64 | Loss: 0.200 | Opp label coverage: 0.89
Step 2529902/5000000 | Win rate (rollout): 0.54 | Loss: 0.204 | Opp label coverage: 0.89
Step 2530417/5000000 | Win rate (rollout): 0.54 | Loss: 0.203 | Opp label coverage: 0.91
Step 2530929/5000000 | Win rate (rollout): 0.40 | Loss: 0.188 | Opp label coverage: 0.79
Step 2531446/5000000 | Win rate (rollout): 0.36 | Loss: 0.239 | Opp label coverage: 0.90
Step 2531958/5000000 | Win rate (rollout): 0.64 | Loss: 0.217 | Opp label coverage: 0.84
Step 2532470/5000000 | Win rate (rollout): 0.88 | Loss: 0.190 | Opp label coverage: 0.85
Step 2532982/5000000 | Win rate (rollout): 0.64 | Loss: 0.191 | Opp label coverage: 0.84
Step 2533494/5000000 | Win rate (rollout): 0.73 | Loss: 0.190 | Opp label coverage: 0.82
Step 2534006/5000000 | Win rate (rollout): 0.62 | Loss: 0.207 | Opp label coverage: 0.81
Step 2534518/5000000 | Win rate (rollout): 0.60 | Loss: 0.225 | Opp label coverage: 0.84
Step 2535030/5000000 | Win rate (rollout): 0.80 | Loss: 0.162 | Opp label coverage: 0.81
Step 2535542/5000000 | Win rate (rollout): 0.50 | Loss: 0.202 | Opp label coverage: 0.83
Step 2536054/5000000 | Win rate (rollout): 0.47 | Loss: 0.214 | Opp label coverage: 0.84
Step 2536566/5000000 | Win rate (rollout): 0.47 | Loss: 0.212 | Opp label coverage: 0.82
Step 2537078/5000000 | Win rate (rollout): 0.55 | Loss: 0.228 | Opp label coverage: 0.89
Step 2537590/5000000 | Win rate (rollout): 0.38 | Loss: 0.223 | Opp label coverage: 0.84
Step 2538102/5000000 | Win rate (rollout): 0.61 | Loss: 0.203 | Opp label coverage: 0.78
Step 2538614/5000000 | Win rate (rollout): 0.75 | Loss: 0.199 | Opp label coverage: 0.80
Step 2539126/5000000 | Win rate (rollout): 0.55 | Loss: 0.198 | Opp label coverage: 0.80
Step 2539638/5000000 | Win rate (rollout): 0.62 | Loss: 0.192 | Opp label coverage: 0.77
Step 2540155/5000000 | Win rate (rollout): 0.57 | Loss: 0.214 | Opp label coverage: 0.90
Step 2540667/5000000 | Win rate (rollout): 0.46 | Loss: 0.207 | Opp label coverage: 0.91
Step 2541185/5000000 | Win rate (rollout): 0.57 | Loss: 0.206 | Opp label coverage: 0.90
Step 2541697/5000000 | Win rate (rollout): 0.43 | Loss: 0.177 | Opp label coverage: 0.82
Step 2542210/5000000 | Win rate (rollout): 0.67 | Loss: 0.175 | Opp label coverage: 0.89
Step 2542722/5000000 | Win rate (rollout): 0.58 | Loss: 0.210 | Opp label coverage: 0.83
Step 2543234/5000000 | Win rate (rollout): 0.62 | Loss: 0.221 | Opp label coverage: 0.82
Step 2543749/5000000 | Win rate (rollout): 0.38 | Loss: 0.193 | Opp label coverage: 0.91
Step 2544267/5000000 | Win rate (rollout): 0.50 | Loss: 0.225 | Opp label coverage: 0.92
Step 2544785/5000000 | Win rate (rollout): 0.62 | Loss: 0.218 | Opp label coverage: 0.92
Step 2545303/5000000 | Win rate (rollout): 0.54 | Loss: 0.237 | Opp label coverage: 0.90
Step 2545815/5000000 | Win rate (rollout): 0.33 | Loss: 0.194 | Opp label coverage: 0.82
Step 2546327/5000000 | Win rate (rollout): 0.78 | Loss: 0.216 | Opp label coverage: 0.83
Step 2546843/5000000 | Win rate (rollout): 0.50 | Loss: 0.135 | Opp label coverage: 0.90
Step 2547360/5000000 | Win rate (rollout): 0.40 | Loss: 0.227 | Opp label coverage: 0.88
Step 2547872/5000000 | Win rate (rollout): 0.86 | Loss: 0.236 | Opp label coverage: 0.85
Step 2548384/5000000 | Win rate (rollout): 0.67 | Loss: 0.181 | Opp label coverage: 0.82
Step 2548896/5000000 | Win rate (rollout): 0.69 | Loss: 0.221 | Opp label coverage: 0.85
Step 2549409/5000000 | Win rate (rollout): 0.50 | Loss: 0.263 | Opp label coverage: 0.89
Step 2549921/5000000 | Win rate (rollout): 0.55 | Loss: 0.185 | Opp label coverage: 0.81
Step 2550433/5000000 | Win rate (rollout): 0.73 | Loss: 0.210 | Opp label coverage: 0.86
Step 2550945/5000000 | Win rate (rollout): 0.64 | Loss: 0.253 | Opp label coverage: 0.81
Step 2551457/5000000 | Win rate (rollout): 0.73 | Loss: 0.163 | Opp label coverage: 0.84
Step 2551971/5000000 | Win rate (rollout): 0.36 | Loss: 0.242 | Opp label coverage: 0.88
Step 2552489/5000000 | Win rate (rollout): 0.61 | Loss: 0.189 | Opp label coverage: 0.90
Step 2553001/5000000 | Win rate (rollout): 0.67 | Loss: 0.211 | Opp label coverage: 0.90
Step 2553516/5000000 | Win rate (rollout): 0.53 | Loss: 0.216 | Opp label coverage: 0.90
Step 2554028/5000000 | Win rate (rollout): 0.38 | Loss: 0.224 | Opp label coverage: 0.85
Step 2554541/5000000 | Win rate (rollout): 0.64 | Loss: 0.250 | Opp label coverage: 0.90
Step 2555058/5000000 | Win rate (rollout): 0.67 | Loss: 0.236 | Opp label coverage: 0.89
Step 2555574/5000000 | Win rate (rollout): 0.75 | Loss: 0.184 | Opp label coverage: 0.90
Step 2556087/5000000 | Win rate (rollout): 0.54 | Loss: 0.159 | Opp label coverage: 0.89
Step 2556599/5000000 | Win rate (rollout): 0.69 | Loss: 0.232 | Opp label coverage: 0.88
Step 2557111/5000000 | Win rate (rollout): 0.57 | Loss: 0.242 | Opp label coverage: 0.78
Step 2557624/5000000 | Win rate (rollout): 0.17 | Loss: 0.206 | Opp label coverage: 0.88
Step 2558136/5000000 | Win rate (rollout): 0.50 | Loss: 0.176 | Opp label coverage: 0.84
Step 2558654/5000000 | Win rate (rollout): 0.40 | Loss: 0.228 | Opp label coverage: 0.90
Step 2559166/5000000 | Win rate (rollout): 0.46 | Loss: 0.180 | Opp label coverage: 0.83
Step 2559682/5000000 | Win rate (rollout): 0.45 | Loss: 0.222 | Opp label coverage: 0.90
Step 2560199/5000000 | Win rate (rollout): 0.23 | Loss: 0.231 | Opp label coverage: 0.89
Step 2560716/5000000 | Win rate (rollout): 0.38 | Loss: 0.223 | Opp label coverage: 0.87
Step 2561231/5000000 | Win rate (rollout): 0.40 | Loss: 0.270 | Opp label coverage: 0.88
Step 2561747/5000000 | Win rate (rollout): 0.93 | Loss: 0.216 | Opp label coverage: 0.90
Step 2562259/5000000 | Win rate (rollout): 0.50 | Loss: 0.225 | Opp label coverage: 0.84
Step 2562777/5000000 | Win rate (rollout): 0.73 | Loss: 0.158 | Opp label coverage: 0.91
Step 2563289/5000000 | Win rate (rollout): 0.79 | Loss: 0.206 | Opp label coverage: 0.86
Step 2563801/5000000 | Win rate (rollout): 0.58 | Loss: 0.174 | Opp label coverage: 0.83
Step 2564313/5000000 | Win rate (rollout): 0.70 | Loss: 0.184 | Opp label coverage: 0.80
Step 2564827/5000000 | Win rate (rollout): 0.64 | Loss: 0.133 | Opp label coverage: 0.91
Step 2565339/5000000 | Win rate (rollout): 0.67 | Loss: 0.203 | Opp label coverage: 0.92
Step 2565851/5000000 | Win rate (rollout): 0.42 | Loss: 0.214 | Opp label coverage: 0.79
Step 2566363/5000000 | Win rate (rollout): 0.50 | Loss: 0.192 | Opp label coverage: 0.77
Step 2566880/5000000 | Win rate (rollout): 0.67 | Loss: 0.187 | Opp label coverage: 0.89
Step 2567392/5000000 | Win rate (rollout): 0.92 | Loss: 0.202 | Opp label coverage: 0.83
Step 2567904/5000000 | Win rate (rollout): 0.60 | Loss: 0.196 | Opp label coverage: 0.81
Step 2568416/5000000 | Win rate (rollout): 0.78 | Loss: 0.236 | Opp label coverage: 0.90
Step 2568933/5000000 | Win rate (rollout): 0.87 | Loss: 0.195 | Opp label coverage: 0.90
Step 2569445/5000000 | Win rate (rollout): 0.60 | Loss: 0.207 | Opp label coverage: 0.82
Step 2569958/5000000 | Win rate (rollout): 0.64 | Loss: 0.107 | Opp label coverage: 0.89
Step 2570471/5000000 | Win rate (rollout): 0.79 | Loss: 0.215 | Opp label coverage: 0.90
Step 2570983/5000000 | Win rate (rollout): 0.60 | Loss: 0.199 | Opp label coverage: 0.82
Step 2571495/5000000 | Win rate (rollout): 0.81 | Loss: 0.197 | Opp label coverage: 0.83
Step 2572007/5000000 | Win rate (rollout): 0.45 | Loss: 0.181 | Opp label coverage: 0.89
Step 2572519/5000000 | Win rate (rollout): 0.91 | Loss: 0.169 | Opp label coverage: 0.84
Step 2573031/5000000 | Win rate (rollout): 0.38 | Loss: 0.250 | Opp label coverage: 0.88
Step 2573543/5000000 | Win rate (rollout): 0.64 | Loss: 0.224 | Opp label coverage: 0.77
Step 2574055/5000000 | Win rate (rollout): 0.61 | Loss: 0.205 | Opp label coverage: 0.83
Step 2574567/5000000 | Win rate (rollout): 0.91 | Loss: 0.195 | Opp label coverage: 0.79
Step 2575079/5000000 | Win rate (rollout): 0.86 | Loss: 0.183 | Opp label coverage: 0.81
Step 2575597/5000000 | Win rate (rollout): 0.50 | Loss: 0.244 | Opp label coverage: 0.87
Step 2576109/5000000 | Win rate (rollout): 0.36 | Loss: 0.221 | Opp label coverage: 0.79
Step 2576621/5000000 | Win rate (rollout): 0.87 | Loss: 0.220 | Opp label coverage: 0.82
Step 2577133/5000000 | Win rate (rollout): 0.69 | Loss: 0.215 | Opp label coverage: 0.85
Step 2577650/5000000 | Win rate (rollout): 0.55 | Loss: 0.232 | Opp label coverage: 0.88
Step 2578166/5000000 | Win rate (rollout): 0.56 | Loss: 0.181 | Opp label coverage: 0.89
Step 2578678/5000000 | Win rate (rollout): 0.40 | Loss: 0.240 | Opp label coverage: 0.81
Step 2579191/5000000 | Win rate (rollout): 0.50 | Loss: 0.224 | Opp label coverage: 0.88
Step 2579707/5000000 | Win rate (rollout): 0.60 | Loss: 0.261 | Opp label coverage: 0.91
Step 2580221/5000000 | Win rate (rollout): 0.64 | Loss: 0.199 | Opp label coverage: 0.91
Step 2580735/5000000 | Win rate (rollout): 0.44 | Loss: 0.133 | Opp label coverage: 0.89
Step 2581247/5000000 | Win rate (rollout): 0.85 | Loss: 0.214 | Opp label coverage: 0.81
Step 2581759/5000000 | Win rate (rollout): 0.27 | Loss: 0.208 | Opp label coverage: 0.83
Step 2582271/5000000 | Win rate (rollout): 0.61 | Loss: 0.205 | Opp label coverage: 0.83
Step 2582789/5000000 | Win rate (rollout): 0.60 | Loss: 0.263 | Opp label coverage: 0.89
Step 2583302/5000000 | Win rate (rollout): 0.56 | Loss: 0.245 | Opp label coverage: 0.88
Step 2583821/5000000 | Win rate (rollout): 0.71 | Loss: 0.264 | Opp label coverage: 0.88
Step 2584333/5000000 | Win rate (rollout): 0.62 | Loss: 0.218 | Opp label coverage: 0.86
Step 2584845/5000000 | Win rate (rollout): 0.79 | Loss: 0.196 | Opp label coverage: 0.84
Step 2585361/5000000 | Win rate (rollout): 0.55 | Loss: 0.193 | Opp label coverage: 0.88
Step 2585879/5000000 | Win rate (rollout): 0.57 | Loss: 0.207 | Opp label coverage: 0.91
Step 2586394/5000000 | Win rate (rollout): 0.69 | Loss: 0.133 | Opp label coverage: 0.89
Step 2586906/5000000 | Win rate (rollout): 0.40 | Loss: 0.200 | Opp label coverage: 0.79
Step 2587418/5000000 | Win rate (rollout): 0.56 | Loss: 0.225 | Opp label coverage: 0.84
Step 2587935/5000000 | Win rate (rollout): 0.92 | Loss: 0.202 | Opp label coverage: 0.90
Step 2588447/5000000 | Win rate (rollout): 0.46 | Loss: 0.219 | Opp label coverage: 0.81
Step 2588959/5000000 | Win rate (rollout): 0.64 | Loss: 0.177 | Opp label coverage: 0.81
Step 2589471/5000000 | Win rate (rollout): 0.54 | Loss: 0.195 | Opp label coverage: 0.86
Step 2589987/5000000 | Win rate (rollout): 0.62 | Loss: 0.266 | Opp label coverage: 0.89
Step 2590499/5000000 | Win rate (rollout): 0.83 | Loss: 0.178 | Opp label coverage: 0.82
Step 2591011/5000000 | Win rate (rollout): 0.56 | Loss: 0.229 | Opp label coverage: 0.81
Step 2591523/5000000 | Win rate (rollout): 0.53 | Loss: 0.205 | Opp label coverage: 0.81
Step 2592035/5000000 | Win rate (rollout): 0.75 | Loss: 0.168 | Opp label coverage: 0.81
Step 2592550/5000000 | Win rate (rollout): 0.56 | Loss: 0.098 | Opp label coverage: 0.90
Step 2593062/5000000 | Win rate (rollout): 0.60 | Loss: 0.199 | Opp label coverage: 0.81
Step 2593580/5000000 | Win rate (rollout): 0.60 | Loss: 0.211 | Opp label coverage: 0.90
Step 2594099/5000000 | Win rate (rollout): 0.53 | Loss: 0.157 | Opp label coverage: 0.90
Step 2594611/5000000 | Win rate (rollout): 0.62 | Loss: 0.204 | Opp label coverage: 0.81
Step 2595129/5000000 | Win rate (rollout): 0.50 | Loss: 0.335 | Opp label coverage: 0.89
Step 2595641/5000000 | Win rate (rollout): 0.58 | Loss: 0.185 | Opp label coverage: 0.83
Step 2596153/5000000 | Win rate (rollout): 0.75 | Loss: 0.192 | Opp label coverage: 0.85
Step 2596669/5000000 | Win rate (rollout): 0.58 | Loss: 0.208 | Opp label coverage: 0.88
Step 2597181/5000000 | Win rate (rollout): 0.58 | Loss: 0.224 | Opp label coverage: 0.89
Step 2597695/5000000 | Win rate (rollout): 0.64 | Loss: 0.163 | Opp label coverage: 0.90
Step 2598207/5000000 | Win rate (rollout): 0.30 | Loss: 0.194 | Opp label coverage: 0.82
Step 2598719/5000000 | Win rate (rollout): 0.53 | Loss: 0.201 | Opp label coverage: 0.79
Step 2599231/5000000 | Win rate (rollout): 0.33 | Loss: 0.184 | Opp label coverage: 0.82
Step 2599743/5000000 | Win rate (rollout): 0.50 | Loss: 0.191 | Opp label coverage: 0.78
Step 2600256/5000000 | Win rate (rollout): 0.75 | Loss: 0.183 | Opp label coverage: 0.90
Step 2600768/5000000 | Win rate (rollout): 0.92 | Loss: 0.203 | Opp label coverage: 0.83
Step 2601280/5000000 | Win rate (rollout): 0.67 | Loss: 0.173 | Opp label coverage: 0.80
Step 2601792/5000000 | Win rate (rollout): 0.78 | Loss: 0.184 | Opp label coverage: 0.81
Step 2602304/5000000 | Win rate (rollout): 0.69 | Loss: 0.194 | Opp label coverage: 0.84
Step 2602816/5000000 | Win rate (rollout): 0.91 | Loss: 0.174 | Opp label coverage: 0.80
Step 2603329/5000000 | Win rate (rollout): 0.45 | Loss: 0.191 | Opp label coverage: 0.88
Step 2603841/5000000 | Win rate (rollout): 0.69 | Loss: 0.189 | Opp label coverage: 0.83
Step 2604353/5000000 | Win rate (rollout): 0.59 | Loss: 0.203 | Opp label coverage: 0.79
Step 2604865/5000000 | Win rate (rollout): 0.67 | Loss: 0.182 | Opp label coverage: 0.83
Step 2605377/5000000 | Win rate (rollout): 0.71 | Loss: 0.195 | Opp label coverage: 0.83
Step 2605890/5000000 | Win rate (rollout): 0.50 | Loss: 0.383 | Opp label coverage: 0.89
Step 2606402/5000000 | Win rate (rollout): 0.80 | Loss: 0.154 | Opp label coverage: 0.83
Step 2606919/5000000 | Win rate (rollout): 0.50 | Loss: 0.221 | Opp label coverage: 0.91
Step 2607436/5000000 | Win rate (rollout): 0.72 | Loss: 0.199 | Opp label coverage: 0.90
Step 2607949/5000000 | Win rate (rollout): 0.62 | Loss: 0.194 | Opp label coverage: 0.89
Step 2608461/5000000 | Win rate (rollout): 0.64 | Loss: 0.185 | Opp label coverage: 0.91
Step 2608980/5000000 | Win rate (rollout): 0.57 | Loss: 0.220 | Opp label coverage: 0.90
Step 2609492/5000000 | Win rate (rollout): 0.67 | Loss: 0.196 | Opp label coverage: 0.79
Step 2610009/5000000 | Win rate (rollout): 1.00 | Loss: 0.215 | Opp label coverage: 0.92
Step 2610521/5000000 | Win rate (rollout): 0.80 | Loss: 0.177 | Opp label coverage: 0.84
Step 2611033/5000000 | Win rate (rollout): 0.73 | Loss: 0.221 | Opp label coverage: 0.84
Step 2611545/5000000 | Win rate (rollout): 0.67 | Loss: 0.177 | Opp label coverage: 0.83
Step 2612062/5000000 | Win rate (rollout): 0.44 | Loss: 0.204 | Opp label coverage: 0.90
Step 2612581/5000000 | Win rate (rollout): 0.67 | Loss: 0.254 | Opp label coverage: 0.89
Step 2613095/5000000 | Win rate (rollout): 0.38 | Loss: 0.244 | Opp label coverage: 0.90
Step 2613607/5000000 | Win rate (rollout): 0.82 | Loss: 0.178 | Opp label coverage: 0.81
Step 2614123/5000000 | Win rate (rollout): 0.57 | Loss: 0.198 | Opp label coverage: 0.91
Step 2614636/5000000 | Win rate (rollout): 0.80 | Loss: 0.170 | Opp label coverage: 0.94
Step 2615148/5000000 | Win rate (rollout): 0.53 | Loss: 0.235 | Opp label coverage: 0.89
Step 2615660/5000000 | Win rate (rollout): 0.46 | Loss: 0.221 | Opp label coverage: 0.82
Step 2616172/5000000 | Win rate (rollout): 0.89 | Loss: 0.202 | Opp label coverage: 0.82
Step 2616686/5000000 | Win rate (rollout): 0.80 | Loss: 0.113 | Opp label coverage: 0.89
Step 2617198/5000000 | Win rate (rollout): 0.25 | Loss: 0.208 | Opp label coverage: 0.81
Step 2617710/5000000 | Win rate (rollout): 0.56 | Loss: 0.184 | Opp label coverage: 0.82
Step 2618227/5000000 | Win rate (rollout): 0.64 | Loss: 0.254 | Opp label coverage: 0.90
Step 2618739/5000000 | Win rate (rollout): 0.67 | Loss: 0.177 | Opp label coverage: 0.81
Step 2619257/5000000 | Win rate (rollout): 0.30 | Loss: 0.265 | Opp label coverage: 0.89
Step 2619769/5000000 | Win rate (rollout): 0.47 | Loss: 0.215 | Opp label coverage: 0.83
Step 2620281/5000000 | Win rate (rollout): 0.50 | Loss: 0.207 | Opp label coverage: 0.91
Step 2620794/5000000 | Win rate (rollout): 0.50 | Loss: 0.130 | Opp label coverage: 0.91
Step 2621306/5000000 | Win rate (rollout): 0.71 | Loss: 0.252 | Opp label coverage: 0.81
Step 2621818/5000000 | Win rate (rollout): 0.92 | Loss: 0.186 | Opp label coverage: 0.83
Step 2622330/5000000 | Win rate (rollout): 0.38 | Loss: 0.217 | Opp label coverage: 0.81
Step 2622842/5000000 | Win rate (rollout): 0.44 | Loss: 0.218 | Opp label coverage: 0.83
Step 2623360/5000000 | Win rate (rollout): 0.42 | Loss: 0.190 | Opp label coverage: 0.88
Step 2623872/5000000 | Win rate (rollout): 0.46 | Loss: 0.201 | Opp label coverage: 0.88
Step 2624384/5000000 | Win rate (rollout): 0.67 | Loss: 0.162 | Opp label coverage: 0.81
Step 2624896/5000000 | Win rate (rollout): 0.42 | Loss: 0.219 | Opp label coverage: 0.81
Step 2625412/5000000 | Win rate (rollout): 0.62 | Loss: 0.202 | Opp label coverage: 0.90
Step 2625924/5000000 | Win rate (rollout): 0.36 | Loss: 0.192 | Opp label coverage: 0.86
Step 2626443/5000000 | Win rate (rollout): 0.60 | Loss: 0.202 | Opp label coverage: 0.91
Step 2626955/5000000 | Win rate (rollout): 0.25 | Loss: 0.202 | Opp label coverage: 0.84
Step 2627469/5000000 | Win rate (rollout): 0.50 | Loss: 0.221 | Opp label coverage: 0.89
Step 2627986/5000000 | Win rate (rollout): 0.53 | Loss: 0.219 | Opp label coverage: 0.90
Step 2628498/5000000 | Win rate (rollout): 0.62 | Loss: 0.238 | Opp label coverage: 0.86
Step 2629016/5000000 | Win rate (rollout): 0.29 | Loss: 0.190 | Opp label coverage: 0.90
Step 2629529/5000000 | Win rate (rollout): 0.56 | Loss: 0.154 | Opp label coverage: 0.90
Step 2630044/5000000 | Win rate (rollout): 0.47 | Loss: 0.179 | Opp label coverage: 0.90
Step 2630561/5000000 | Win rate (rollout): 0.33 | Loss: 0.237 | Opp label coverage: 0.90
Step 2631073/5000000 | Win rate (rollout): 0.53 | Loss: 0.239 | Opp label coverage: 0.91
Step 2631585/5000000 | Win rate (rollout): 0.50 | Loss: 0.211 | Opp label coverage: 0.80
Step 2632101/5000000 | Win rate (rollout): 0.70 | Loss: 0.257 | Opp label coverage: 0.92
Step 2632613/5000000 | Win rate (rollout): 0.55 | Loss: 0.219 | Opp label coverage: 0.87
Step 2633132/5000000 | Win rate (rollout): 0.67 | Loss: 0.235 | Opp label coverage: 0.92
Step 2633648/5000000 | Win rate (rollout): 0.50 | Loss: 0.198 | Opp label coverage: 0.90
Step 2634161/5000000 | Win rate (rollout): 0.38 | Loss: 0.234 | Opp label coverage: 0.89
Step 2634673/5000000 | Win rate (rollout): 0.64 | Loss: 0.201 | Opp label coverage: 0.85
Step 2635186/5000000 | Win rate (rollout): 0.09 | Loss: 0.275 | Opp label coverage: 0.88
Step 2635698/5000000 | Win rate (rollout): 0.30 | Loss: 0.196 | Opp label coverage: 0.91
Step 2636211/5000000 | Win rate (rollout): 0.54 | Loss: 0.224 | Opp label coverage: 0.88
Step 2636723/5000000 | Win rate (rollout): 0.53 | Loss: 0.222 | Opp label coverage: 0.89
Step 2637235/5000000 | Win rate (rollout): 0.33 | Loss: 0.174 | Opp label coverage: 0.84
Step 2637753/5000000 | Win rate (rollout): 0.38 | Loss: 0.193 | Opp label coverage: 0.89
Step 2638265/5000000 | Win rate (rollout): 0.50 | Loss: 0.191 | Opp label coverage: 0.80
Step 2638779/5000000 | Win rate (rollout): 0.56 | Loss: 0.211 | Opp label coverage: 0.91
Step 2639291/5000000 | Win rate (rollout): 0.50 | Loss: 0.235 | Opp label coverage: 0.82
Step 2639809/5000000 | Win rate (rollout): 0.75 | Loss: 0.241 | Opp label coverage: 0.91
Step 2640322/5000000 | Win rate (rollout): 0.64 | Loss: 0.180 | Opp label coverage: 0.88
Step 2640841/5000000 | Win rate (rollout): 0.47 | Loss: 0.227 | Opp label coverage: 0.89
Step 2641353/5000000 | Win rate (rollout): 0.36 | Loss: 0.196 | Opp label coverage: 0.81
Step 2641867/5000000 | Win rate (rollout): 0.67 | Loss: 0.301 | Opp label coverage: 0.89
Step 2642379/5000000 | Win rate (rollout): 0.27 | Loss: 0.171 | Opp label coverage: 0.84
Step 2642891/5000000 | Win rate (rollout): 0.56 | Loss: 0.232 | Opp label coverage: 0.83
Step 2643403/5000000 | Win rate (rollout): 0.36 | Loss: 0.196 | Opp label coverage: 0.83
Step 2643920/5000000 | Win rate (rollout): 0.67 | Loss: 0.294 | Opp label coverage: 0.90
Step 2644437/5000000 | Win rate (rollout): 0.71 | Loss: 0.240 | Opp label coverage: 0.91
Step 2644949/5000000 | Win rate (rollout): 0.88 | Loss: 0.175 | Opp label coverage: 0.84
Step 2645462/5000000 | Win rate (rollout): 0.89 | Loss: 0.178 | Opp label coverage: 0.91
Step 2645978/5000000 | Win rate (rollout): 0.29 | Loss: 0.238 | Opp label coverage: 0.88
Step 2646496/5000000 | Win rate (rollout): 0.55 | Loss: 0.202 | Opp label coverage: 0.90
Step 2647008/5000000 | Win rate (rollout): 0.70 | Loss: 0.178 | Opp label coverage: 0.86
Step 2647520/5000000 | Win rate (rollout): 0.25 | Loss: 0.214 | Opp label coverage: 0.79
Step 2648035/5000000 | Win rate (rollout): 0.44 | Loss: 0.209 | Opp label coverage: 0.90
Step 2648549/5000000 | Win rate (rollout): 0.56 | Loss: 0.235 | Opp label coverage: 0.88
Step 2649061/5000000 | Win rate (rollout): 0.18 | Loss: 0.188 | Opp label coverage: 0.82
Step 2649573/5000000 | Win rate (rollout): 0.64 | Loss: 0.191 | Opp label coverage: 0.83
Step 2650090/5000000 | Win rate (rollout): 0.56 | Loss: 0.218 | Opp label coverage: 0.89
Step 2650602/5000000 | Win rate (rollout): 0.50 | Loss: 0.190 | Opp label coverage: 0.80
Step 2651115/5000000 | Win rate (rollout): 0.50 | Loss: 0.221 | Opp label coverage: 0.90
Step 2651627/5000000 | Win rate (rollout): 0.73 | Loss: 0.187 | Opp label coverage: 0.83
Step 2652141/5000000 | Win rate (rollout): 0.70 | Loss: 0.221 | Opp label coverage: 0.90
Step 2652656/5000000 | Win rate (rollout): 0.62 | Loss: 0.251 | Opp label coverage: 0.89
Step 2653168/5000000 | Win rate (rollout): 0.36 | Loss: 0.216 | Opp label coverage: 0.85
Step 2653681/5000000 | Win rate (rollout): 0.60 | Loss: 0.256 | Opp label coverage: 0.90
Step 2654193/5000000 | Win rate (rollout): 0.40 | Loss: 0.193 | Opp label coverage: 0.79
Step 2654705/5000000 | Win rate (rollout): 0.44 | Loss: 0.212 | Opp label coverage: 0.90
Step 2655217/5000000 | Win rate (rollout): 0.60 | Loss: 0.211 | Opp label coverage: 0.88
Step 2655729/5000000 | Win rate (rollout): 0.78 | Loss: 0.188 | Opp label coverage: 0.84
Step 2656241/5000000 | Win rate (rollout): 0.62 | Loss: 0.201 | Opp label coverage: 0.80
Step 2656753/5000000 | Win rate (rollout): 0.70 | Loss: 0.185 | Opp label coverage: 0.79
Step 2657266/5000000 | Win rate (rollout): 0.56 | Loss: 0.155 | Opp label coverage: 0.90
Step 2657778/5000000 | Win rate (rollout): 0.75 | Loss: 0.183 | Opp label coverage: 0.81
Step 2658290/5000000 | Win rate (rollout): 0.69 | Loss: 0.184 | Opp label coverage: 0.88
Step 2658807/5000000 | Win rate (rollout): 0.78 | Loss: 0.214 | Opp label coverage: 0.90
Step 2659319/5000000 | Win rate (rollout): 0.50 | Loss: 0.194 | Opp label coverage: 0.82
Step 2659837/5000000 | Win rate (rollout): 0.45 | Loss: 0.183 | Opp label coverage: 0.88
Step 2660349/5000000 | Win rate (rollout): 0.54 | Loss: 0.213 | Opp label coverage: 0.83
Step 2660863/5000000 | Win rate (rollout): 0.43 | Loss: 0.267 | Opp label coverage: 0.89
Step 2661381/5000000 | Win rate (rollout): 0.33 | Loss: 0.217 | Opp label coverage: 0.90
Step 2661893/5000000 | Win rate (rollout): 0.38 | Loss: 0.187 | Opp label coverage: 0.82
Step 2662405/5000000 | Win rate (rollout): 0.70 | Loss: 0.182 | Opp label coverage: 0.85
Step 2662919/5000000 | Win rate (rollout): 0.44 | Loss: 0.246 | Opp label coverage: 0.90
Step 2663431/5000000 | Win rate (rollout): 0.70 | Loss: 0.186 | Opp label coverage: 0.79
Step 2663943/5000000 | Win rate (rollout): 0.25 | Loss: 0.231 | Opp label coverage: 0.89
Step 2664460/5000000 | Win rate (rollout): 0.47 | Loss: 0.222 | Opp label coverage: 0.89
Step 2664972/5000000 | Win rate (rollout): 0.31 | Loss: 0.197 | Opp label coverage: 0.81
Step 2665484/5000000 | Win rate (rollout): 0.58 | Loss: 0.197 | Opp label coverage: 0.84
Step 2665996/5000000 | Win rate (rollout): 0.40 | Loss: 0.192 | Opp label coverage: 0.79
Step 2666508/5000000 | Win rate (rollout): 0.33 | Loss: 0.233 | Opp label coverage: 0.76
Step 2667020/5000000 | Win rate (rollout): 0.56 | Loss: 0.224 | Opp label coverage: 0.83
Step 2667532/5000000 | Win rate (rollout): 0.65 | Loss: 0.222 | Opp label coverage: 0.83
Step 2668048/5000000 | Win rate (rollout): 0.83 | Loss: 0.252 | Opp label coverage: 0.91
Step 2668560/5000000 | Win rate (rollout): 0.33 | Loss: 0.231 | Opp label coverage: 0.90
Step 2669074/5000000 | Win rate (rollout): 0.62 | Loss: 0.238 | Opp label coverage: 0.90
Step 2669590/5000000 | Win rate (rollout): 0.85 | Loss: 0.207 | Opp label coverage: 0.92
Step 2670102/5000000 | Win rate (rollout): 0.86 | Loss: 0.172 | Opp label coverage: 0.87
Step 2670614/5000000 | Win rate (rollout): 0.57 | Loss: 0.212 | Opp label coverage: 0.88
Step 2671126/5000000 | Win rate (rollout): 0.42 | Loss: 0.176 | Opp label coverage: 0.81
Step 2671638/5000000 | Win rate (rollout): 0.33 | Loss: 0.213 | Opp label coverage: 0.81
Step 2672150/5000000 | Win rate (rollout): 0.50 | Loss: 0.217 | Opp label coverage: 0.79
Step 2672663/5000000 | Win rate (rollout): 0.46 | Loss: 0.192 | Opp label coverage: 0.88
Step 2673179/5000000 | Win rate (rollout): 0.29 | Loss: 0.244 | Opp label coverage: 0.88
Step 2673691/5000000 | Win rate (rollout): 0.50 | Loss: 0.185 | Opp label coverage: 0.79
Step 2674203/5000000 | Win rate (rollout): 0.62 | Loss: 0.195 | Opp label coverage: 0.82
Step 2674718/5000000 | Win rate (rollout): 0.36 | Loss: 0.186 | Opp label coverage: 0.89
Step 2675233/5000000 | Win rate (rollout): 0.67 | Loss: 0.195 | Opp label coverage: 0.90
Step 2675745/5000000 | Win rate (rollout): 0.64 | Loss: 0.208 | Opp label coverage: 0.80
Step 2676258/5000000 | Win rate (rollout): 0.67 | Loss: 0.217 | Opp label coverage: 0.90
Step 2676770/5000000 | Win rate (rollout): 0.73 | Loss: 0.190 | Opp label coverage: 0.84
Step 2677282/5000000 | Win rate (rollout): 0.46 | Loss: 0.192 | Opp label coverage: 0.82
Step 2677801/5000000 | Win rate (rollout): 0.33 | Loss: 0.206 | Opp label coverage: 0.91
Step 2678313/5000000 | Win rate (rollout): 0.93 | Loss: 0.242 | Opp label coverage: 0.82
Step 2678825/5000000 | Win rate (rollout): 0.44 | Loss: 0.208 | Opp label coverage: 0.81
Step 2679339/5000000 | Win rate (rollout): 0.29 | Loss: 0.249 | Opp label coverage: 0.90
Step 2679851/5000000 | Win rate (rollout): 0.89 | Loss: 0.217 | Opp label coverage: 0.83
Step 2680363/5000000 | Win rate (rollout): 0.55 | Loss: 0.192 | Opp label coverage: 0.85
Step 2680875/5000000 | Win rate (rollout): 0.50 | Loss: 0.201 | Opp label coverage: 0.81
Step 2681387/5000000 | Win rate (rollout): 0.60 | Loss: 0.220 | Opp label coverage: 0.81
Step 2681899/5000000 | Win rate (rollout): 0.56 | Loss: 0.209 | Opp label coverage: 0.78
Step 2682411/5000000 | Win rate (rollout): 0.59 | Loss: 0.205 | Opp label coverage: 0.79
Step 2682924/5000000 | Win rate (rollout): 0.50 | Loss: 0.284 | Opp label coverage: 0.89
Step 2683436/5000000 | Win rate (rollout): 0.58 | Loss: 0.223 | Opp label coverage: 0.81
Step 2683948/5000000 | Win rate (rollout): 0.56 | Loss: 0.204 | Opp label coverage: 0.79
Step 2684460/5000000 | Win rate (rollout): 0.71 | Loss: 0.191 | Opp label coverage: 0.79
Step 2684976/5000000 | Win rate (rollout): 0.60 | Loss: 0.264 | Opp label coverage: 0.92
Step 2685495/5000000 | Win rate (rollout): 0.43 | Loss: 0.215 | Opp label coverage: 0.90
Step 2686010/5000000 | Win rate (rollout): 0.64 | Loss: 0.240 | Opp label coverage: 0.89
Step 2686526/5000000 | Win rate (rollout): 0.59 | Loss: 0.229 | Opp label coverage: 0.87
Step 2687041/5000000 | Win rate (rollout): 0.19 | Loss: 0.161 | Opp label coverage: 0.88
Step 2687553/5000000 | Win rate (rollout): 0.58 | Loss: 0.214 | Opp label coverage: 0.90
Step 2688065/5000000 | Win rate (rollout): 0.71 | Loss: 0.205 | Opp label coverage: 0.84
Step 2688577/5000000 | Win rate (rollout): 0.59 | Loss: 0.200 | Opp label coverage: 0.82
Step 2689091/5000000 | Win rate (rollout): 0.58 | Loss: 0.214 | Opp label coverage: 0.89
Step 2689606/5000000 | Win rate (rollout): 0.29 | Loss: 0.164 | Opp label coverage: 0.90
Step 2690118/5000000 | Win rate (rollout): 0.71 | Loss: 0.218 | Opp label coverage: 0.82
Step 2690637/5000000 | Win rate (rollout): 0.33 | Loss: 0.192 | Opp label coverage: 0.90
Step 2691149/5000000 | Win rate (rollout): 0.79 | Loss: 0.262 | Opp label coverage: 0.81
Step 2691665/5000000 | Win rate (rollout): 0.57 | Loss: 0.184 | Opp label coverage: 0.92
Step 2692177/5000000 | Win rate (rollout): 0.36 | Loss: 0.192 | Opp label coverage: 0.80
Step 2692689/5000000 | Win rate (rollout): 0.57 | Loss: 0.218 | Opp label coverage: 0.82
Step 2693201/5000000 | Win rate (rollout): 0.50 | Loss: 0.202 | Opp label coverage: 0.85
Step 2693713/5000000 | Win rate (rollout): 0.47 | Loss: 0.186 | Opp label coverage: 0.80
Step 2694228/5000000 | Win rate (rollout): 0.83 | Loss: 0.242 | Opp label coverage: 0.91
Step 2694740/5000000 | Win rate (rollout): 0.56 | Loss: 0.200 | Opp label coverage: 0.84
Step 2695253/5000000 | Win rate (rollout): 0.50 | Loss: 0.203 | Opp label coverage: 0.89
Step 2695770/5000000 | Win rate (rollout): 0.60 | Loss: 0.219 | Opp label coverage: 0.89
Step 2696282/5000000 | Win rate (rollout): 0.43 | Loss: 0.205 | Opp label coverage: 0.88
Step 2696794/5000000 | Win rate (rollout): 0.82 | Loss: 0.197 | Opp label coverage: 0.87
Step 2697311/5000000 | Win rate (rollout): 0.56 | Loss: 0.229 | Opp label coverage: 0.91
Step 2697828/5000000 | Win rate (rollout): 0.33 | Loss: 0.170 | Opp label coverage: 0.90
Step 2698340/5000000 | Win rate (rollout): 0.71 | Loss: 0.190 | Opp label coverage: 0.79
Step 2698852/5000000 | Win rate (rollout): 0.41 | Loss: 0.209 | Opp label coverage: 0.81
Step 2699371/5000000 | Win rate (rollout): 0.36 | Loss: 0.197 | Opp label coverage: 0.90
Step 2699886/5000000 | Win rate (rollout): 0.58 | Loss: 0.256 | Opp label coverage: 0.89
Step 2700398/5000000 | Win rate (rollout): 0.89 | Loss: 0.185 | Opp label coverage: 0.83
Step 2700910/5000000 | Win rate (rollout): 0.67 | Loss: 0.201 | Opp label coverage: 0.84
Step 2701423/5000000 | Win rate (rollout): 0.82 | Loss: 0.191 | Opp label coverage: 0.90
Step 2701935/5000000 | Win rate (rollout): 0.78 | Loss: 0.164 | Opp label coverage: 0.79
Step 2702449/5000000 | Win rate (rollout): 0.25 | Loss: 0.214 | Opp label coverage: 0.89
Step 2702961/5000000 | Win rate (rollout): 0.91 | Loss: 0.175 | Opp label coverage: 0.82
Step 2703473/5000000 | Win rate (rollout): 0.67 | Loss: 0.170 | Opp label coverage: 0.80
Step 2703992/5000000 | Win rate (rollout): 0.67 | Loss: 0.191 | Opp label coverage: 0.91
Step 2704511/5000000 | Win rate (rollout): 0.55 | Loss: 0.201 | Opp label coverage: 0.90
Step 2705026/5000000 | Win rate (rollout): 0.40 | Loss: 0.254 | Opp label coverage: 0.87
Step 2705538/5000000 | Win rate (rollout): 0.90 | Loss: 0.182 | Opp label coverage: 0.82
Step 2706050/5000000 | Win rate (rollout): 0.58 | Loss: 0.204 | Opp label coverage: 0.79
Step 2706562/5000000 | Win rate (rollout): 0.60 | Loss: 0.199 | Opp label coverage: 0.80
Step 2707074/5000000 | Win rate (rollout): 0.46 | Loss: 0.186 | Opp label coverage: 0.79
Step 2707586/5000000 | Win rate (rollout): 0.47 | Loss: 0.190 | Opp label coverage: 0.84
Step 2708098/5000000 | Win rate (rollout): 0.40 | Loss: 0.219 | Opp label coverage: 0.90
Step 2708611/5000000 | Win rate (rollout): 0.46 | Loss: 0.192 | Opp label coverage: 0.91
Step 2709126/5000000 | Win rate (rollout): 0.69 | Loss: 0.183 | Opp label coverage: 0.90
Step 2709638/5000000 | Win rate (rollout): 0.57 | Loss: 0.227 | Opp label coverage: 0.83
Step 2710153/5000000 | Win rate (rollout): 0.62 | Loss: 0.255 | Opp label coverage: 0.92
Step 2710665/5000000 | Win rate (rollout): 0.57 | Loss: 0.197 | Opp label coverage: 0.81
Step 2711177/5000000 | Win rate (rollout): 0.43 | Loss: 0.239 | Opp label coverage: 0.79
Step 2711689/5000000 | Win rate (rollout): 0.43 | Loss: 0.193 | Opp label coverage: 0.81
Step 2712204/5000000 | Win rate (rollout): 0.67 | Loss: 0.226 | Opp label coverage: 0.89
Step 2712719/5000000 | Win rate (rollout): 0.50 | Loss: 0.223 | Opp label coverage: 0.91
Step 2713231/5000000 | Win rate (rollout): 0.83 | Loss: 0.207 | Opp label coverage: 0.79
Step 2713744/5000000 | Win rate (rollout): 0.38 | Loss: 0.248 | Opp label coverage: 0.91
Step 2714256/5000000 | Win rate (rollout): 0.40 | Loss: 0.200 | Opp label coverage: 0.84
Step 2714768/5000000 | Win rate (rollout): 0.69 | Loss: 0.197 | Opp label coverage: 0.81
Step 2715282/5000000 | Win rate (rollout): 0.56 | Loss: 0.199 | Opp label coverage: 0.89
Step 2715794/5000000 | Win rate (rollout): 0.67 | Loss: 0.207 | Opp label coverage: 0.81
Step 2716311/5000000 | Win rate (rollout): 0.73 | Loss: 0.238 | Opp label coverage: 0.88
Step 2716830/5000000 | Win rate (rollout): 0.81 | Loss: 0.219 | Opp label coverage: 0.91
Step 2717342/5000000 | Win rate (rollout): 0.58 | Loss: 0.191 | Opp label coverage: 0.80
Step 2717859/5000000 | Win rate (rollout): 0.82 | Loss: 0.189 | Opp label coverage: 0.90
Step 2718371/5000000 | Win rate (rollout): 0.42 | Loss: 0.206 | Opp label coverage: 0.82
Step 2718887/5000000 | Win rate (rollout): 0.44 | Loss: 0.205 | Opp label coverage: 0.90
Step 2719399/5000000 | Win rate (rollout): 0.67 | Loss: 0.205 | Opp label coverage: 0.85
Step 2719916/5000000 | Win rate (rollout): 0.33 | Loss: 0.232 | Opp label coverage: 0.89
Step 2720428/5000000 | Win rate (rollout): 0.69 | Loss: 0.216 | Opp label coverage: 0.82
Step 2720940/5000000 | Win rate (rollout): 0.67 | Loss: 0.170 | Opp label coverage: 0.83
Step 2721452/5000000 | Win rate (rollout): 0.64 | Loss: 0.202 | Opp label coverage: 0.85
Step 2721965/5000000 | Win rate (rollout): 0.40 | Loss: 0.228 | Opp label coverage: 0.89
Step 2722477/5000000 | Win rate (rollout): 0.89 | Loss: 0.173 | Opp label coverage: 0.83
Step 2722989/5000000 | Win rate (rollout): 0.53 | Loss: 0.184 | Opp label coverage: 0.81
Step 2723501/5000000 | Win rate (rollout): 0.75 | Loss: 0.208 | Opp label coverage: 0.84
Step 2724013/5000000 | Win rate (rollout): 0.62 | Loss: 0.193 | Opp label coverage: 0.84
Step 2724527/5000000 | Win rate (rollout): 0.20 | Loss: 0.223 | Opp label coverage: 0.89
Step 2725039/5000000 | Win rate (rollout): 0.47 | Loss: 0.242 | Opp label coverage: 0.85
Step 2725557/5000000 | Win rate (rollout): 0.30 | Loss: 0.212 | Opp label coverage: 0.88
Step 2726071/5000000 | Win rate (rollout): 0.64 | Loss: 0.148 | Opp label coverage: 0.90
Step 2726583/5000000 | Win rate (rollout): 0.54 | Loss: 0.202 | Opp label coverage: 0.83
Step 2727095/5000000 | Win rate (rollout): 0.44 | Loss: 0.196 | Opp label coverage: 0.84
Step 2727614/5000000 | Win rate (rollout): 0.78 | Loss: 0.180 | Opp label coverage: 0.90
Step 2728126/5000000 | Win rate (rollout): 0.62 | Loss: 0.194 | Opp label coverage: 0.84
Step 2728638/5000000 | Win rate (rollout): 0.62 | Loss: 0.226 | Opp label coverage: 0.77
Step 2729150/5000000 | Win rate (rollout): 0.59 | Loss: 0.195 | Opp label coverage: 0.79
Step 2729662/5000000 | Win rate (rollout): 0.53 | Loss: 0.199 | Opp label coverage: 0.84
Step 2730174/5000000 | Win rate (rollout): 0.57 | Loss: 0.235 | Opp label coverage: 0.84
Step 2730686/5000000 | Win rate (rollout): 0.71 | Loss: 0.155 | Opp label coverage: 0.83
Step 2731198/5000000 | Win rate (rollout): 1.00 | Loss: 0.173 | Opp label coverage: 0.74
Step 2731714/5000000 | Win rate (rollout): 0.60 | Loss: 0.225 | Opp label coverage: 0.91
Step 2732226/5000000 | Win rate (rollout): 0.73 | Loss: 0.180 | Opp label coverage: 0.80
Step 2732743/5000000 | Win rate (rollout): 0.50 | Loss: 0.215 | Opp label coverage: 0.89
Step 2733257/5000000 | Win rate (rollout): 0.57 | Loss: 0.183 | Opp label coverage: 0.89
Step 2733769/5000000 | Win rate (rollout): 0.55 | Loss: 0.227 | Opp label coverage: 0.81
Step 2734281/5000000 | Win rate (rollout): 1.00 | Loss: 0.169 | Opp label coverage: 0.86
Step 2734794/5000000 | Win rate (rollout): 0.45 | Loss: 0.255 | Opp label coverage: 0.89
Step 2735306/5000000 | Win rate (rollout): 0.62 | Loss: 0.205 | Opp label coverage: 0.84
Step 2735819/5000000 | Win rate (rollout): 0.58 | Loss: 0.274 | Opp label coverage: 0.87
Step 2736338/5000000 | Win rate (rollout): 0.54 | Loss: 0.245 | Opp label coverage: 0.90
Step 2736856/5000000 | Win rate (rollout): 0.69 | Loss: 0.209 | Opp label coverage: 0.89
Step 2737368/5000000 | Win rate (rollout): 0.54 | Loss: 0.210 | Opp label coverage: 0.90
Step 2737880/5000000 | Win rate (rollout): 0.71 | Loss: 0.211 | Opp label coverage: 0.91
Step 2738396/5000000 | Win rate (rollout): 0.62 | Loss: 0.166 | Opp label coverage: 0.91
Step 2738909/5000000 | Win rate (rollout): 0.50 | Loss: 0.307 | Opp label coverage: 0.90
Step 2739421/5000000 | Win rate (rollout): 0.40 | Loss: 0.200 | Opp label coverage: 0.83
Step 2739934/5000000 | Win rate (rollout): 0.33 | Loss: 0.181 | Opp label coverage: 0.90
Step 2740446/5000000 | Win rate (rollout): 0.57 | Loss: 0.209 | Opp label coverage: 0.84
Step 2740958/5000000 | Win rate (rollout): 0.53 | Loss: 0.187 | Opp label coverage: 0.85
Step 2741470/5000000 | Win rate (rollout): 0.62 | Loss: 0.200 | Opp label coverage: 0.86
Step 2741987/5000000 | Win rate (rollout): 0.56 | Loss: 0.214 | Opp label coverage: 0.89
Step 2742501/5000000 | Win rate (rollout): 0.53 | Loss: 0.230 | Opp label coverage: 0.91
Step 2743017/5000000 | Win rate (rollout): 1.00 | Loss: 0.180 | Opp label coverage: 0.91
Step 2743529/5000000 | Win rate (rollout): 0.64 | Loss: 0.217 | Opp label coverage: 0.92
Step 2744041/5000000 | Win rate (rollout): 0.73 | Loss: 0.193 | Opp label coverage: 0.79
Step 2744559/5000000 | Win rate (rollout): 0.50 | Loss: 0.172 | Opp label coverage: 0.88
Step 2745077/5000000 | Win rate (rollout): 0.58 | Loss: 0.209 | Opp label coverage: 0.89
Step 2745596/5000000 | Win rate (rollout): 0.73 | Loss: 0.208 | Opp label coverage: 0.88
Step 2746108/5000000 | Win rate (rollout): 1.00 | Loss: 0.178 | Opp label coverage: 0.82
Step 2746620/5000000 | Win rate (rollout): 0.79 | Loss: 0.192 | Opp label coverage: 0.81
Step 2747132/5000000 | Win rate (rollout): 0.73 | Loss: 0.215 | Opp label coverage: 0.89
Step 2747646/5000000 | Win rate (rollout): 0.71 | Loss: 0.221 | Opp label coverage: 0.89
Step 2748159/5000000 | Win rate (rollout): 0.56 | Loss: 0.092 | Opp label coverage: 0.90
Step 2748671/5000000 | Win rate (rollout): 0.78 | Loss: 0.202 | Opp label coverage: 0.82
Step 2749183/5000000 | Win rate (rollout): 0.40 | Loss: 0.220 | Opp label coverage: 0.81
Step 2749695/5000000 | Win rate (rollout): 0.67 | Loss: 0.159 | Opp label coverage: 0.86
[checkpoint] Saved models/ppo/checkpoints/m9seed/ppo_step_2750039.pt
Step 2750207/5000000 | Win rate (rollout): 0.86 | Loss: 0.196 | Opp label coverage: 0.82
Step 2750719/5000000 | Win rate (rollout): 0.40 | Loss: 0.203 | Opp label coverage: 0.80
Step 2751231/5000000 | Win rate (rollout): 0.60 | Loss: 0.194 | Opp label coverage: 0.79
Step 2751745/5000000 | Win rate (rollout): 0.70 | Loss: 0.141 | Opp label coverage: 0.90
Step 2752261/5000000 | Win rate (rollout): 0.50 | Loss: 0.216 | Opp label coverage: 0.89
Step 2752773/5000000 | Win rate (rollout): 0.69 | Loss: 0.223 | Opp label coverage: 0.83
Step 2753285/5000000 | Win rate (rollout): 0.58 | Loss: 0.221 | Opp label coverage: 0.83
Step 2753800/5000000 | Win rate (rollout): 0.82 | Loss: 0.269 | Opp label coverage: 0.90
Step 2754312/5000000 | Win rate (rollout): 0.64 | Loss: 0.198 | Opp label coverage: 0.85
Step 2754824/5000000 | Win rate (rollout): 0.71 | Loss: 0.190 | Opp label coverage: 0.84
Step 2755336/5000000 | Win rate (rollout): 0.62 | Loss: 0.202 | Opp label coverage: 0.76
Step 2755849/5000000 | Win rate (rollout): 0.55 | Loss: 0.189 | Opp label coverage: 0.89
Step 2756361/5000000 | Win rate (rollout): 0.42 | Loss: 0.203 | Opp label coverage: 0.79
Step 2756873/5000000 | Win rate (rollout): 0.70 | Loss: 0.173 | Opp label coverage: 0.85
Step 2757385/5000000 | Win rate (rollout): 0.56 | Loss: 0.196 | Opp label coverage: 0.90
Step 2757904/5000000 | Win rate (rollout): 0.75 | Loss: 0.191 | Opp label coverage: 0.92
Step 2758416/5000000 | Win rate (rollout): 0.73 | Loss: 0.190 | Opp label coverage: 0.86
Step 2758932/5000000 | Win rate (rollout): 0.45 | Loss: 0.242 | Opp label coverage: 0.90
Step 2759444/5000000 | Win rate (rollout): 0.60 | Loss: 0.182 | Opp label coverage: 0.83
Step 2759956/5000000 | Win rate (rollout): 0.71 | Loss: 0.223 | Opp label coverage: 0.81
Step 2760468/5000000 | Win rate (rollout): 0.58 | Loss: 0.189 | Opp label coverage: 0.79
Step 2760982/5000000 | Win rate (rollout): 0.88 | Loss: 0.201 | Opp label coverage: 0.90
Step 2761494/5000000 | Win rate (rollout): 0.89 | Loss: 0.187 | Opp label coverage: 0.83
Step 2762006/5000000 | Win rate (rollout): 0.77 | Loss: 0.196 | Opp label coverage: 0.85
Step 2762521/5000000 | Win rate (rollout): 0.36 | Loss: 0.226 | Opp label coverage: 0.89
Step 2763033/5000000 | Win rate (rollout): 0.56 | Loss: 0.188 | Opp label coverage: 0.81
Step 2763546/5000000 | Win rate (rollout): 0.50 | Loss: 0.254 | Opp label coverage: 0.91
Step 2764058/5000000 | Win rate (rollout): 0.58 | Loss: 0.191 | Opp label coverage: 0.82
Step 2764573/5000000 | Win rate (rollout): 0.67 | Loss: 0.244 | Opp label coverage: 0.89
Step 2765085/5000000 | Win rate (rollout): 0.70 | Loss: 0.184 | Opp label coverage: 0.87
Step 2765597/5000000 | Win rate (rollout): 0.36 | Loss: 0.209 | Opp label coverage: 0.84
Step 2766109/5000000 | Win rate (rollout): 0.58 | Loss: 0.190 | Opp label coverage: 0.83
Step 2766621/5000000 | Win rate (rollout): 0.31 | Loss: 0.200 | Opp label coverage: 0.80
Step 2767136/5000000 | Win rate (rollout): 0.33 | Loss: 0.183 | Opp label coverage: 0.90
Step 2767648/5000000 | Win rate (rollout): 0.25 | Loss: 0.198 | Opp label coverage: 0.82
Step 2768161/5000000 | Win rate (rollout): 0.75 | Loss: 0.255 | Opp label coverage: 0.92
Step 2768673/5000000 | Win rate (rollout): 0.67 | Loss: 0.183 | Opp label coverage: 0.82
Step 2769187/5000000 | Win rate (rollout): 0.62 | Loss: 0.173 | Opp label coverage: 0.89
Step 2769699/5000000 | Win rate (rollout): 0.64 | Loss: 0.169 | Opp label coverage: 0.83
Step 2770211/5000000 | Win rate (rollout): 0.58 | Loss: 0.199 | Opp label coverage: 0.81
Step 2770728/5000000 | Win rate (rollout): 0.67 | Loss: 0.215 | Opp label coverage: 0.91
Step 2771240/5000000 | Win rate (rollout): 0.38 | Loss: 0.187 | Opp label coverage: 0.84
Step 2771752/5000000 | Win rate (rollout): 0.60 | Loss: 0.201 | Opp label coverage: 0.81
Step 2772268/5000000 | Win rate (rollout): 0.67 | Loss: 0.169 | Opp label coverage: 0.89
Step 2772780/5000000 | Win rate (rollout): 0.50 | Loss: 0.188 | Opp label coverage: 0.87
Step 2773293/5000000 | Win rate (rollout): 0.75 | Loss: 0.187 | Opp label coverage: 0.91
Step 2773805/5000000 | Win rate (rollout): 0.27 | Loss: 0.197 | Opp label coverage: 0.82
Step 2774319/5000000 | Win rate (rollout): 0.70 | Loss: 0.206 | Opp label coverage: 0.90
Step 2774836/5000000 | Win rate (rollout): 0.47 | Loss: 0.261 | Opp label coverage: 0.90
Step 2775350/5000000 | Win rate (rollout): 0.50 | Loss: 0.229 | Opp label coverage: 0.90
Step 2775866/5000000 | Win rate (rollout): 0.54 | Loss: 0.162 | Opp label coverage: 0.91
Step 2776378/5000000 | Win rate (rollout): 0.78 | Loss: 0.177 | Opp label coverage: 0.83
Step 2776894/5000000 | Win rate (rollout): 0.56 | Loss: 0.195 | Opp label coverage: 0.89
Step 2777407/5000000 | Win rate (rollout): 0.75 | Loss: 0.200 | Opp label coverage: 0.90
Step 2777923/5000000 | Win rate (rollout): 0.19 | Loss: 0.220 | Opp label coverage: 0.90
Step 2778435/5000000 | Win rate (rollout): 0.67 | Loss: 0.205 | Opp label coverage: 0.83
Step 2778947/5000000 | Win rate (rollout): 0.69 | Loss: 0.210 | Opp label coverage: 0.79
Step 2779459/5000000 | Win rate (rollout): 0.64 | Loss: 0.217 | Opp label coverage: 0.83
Step 2779971/5000000 | Win rate (rollout): 0.37 | Loss: 0.231 | Opp label coverage: 0.79
Step 2780483/5000000 | Win rate (rollout): 0.38 | Loss: 0.187 | Opp label coverage: 0.81
Step 2780999/5000000 | Win rate (rollout): 0.58 | Loss: 0.216 | Opp label coverage: 0.91
Step 2781511/5000000 | Win rate (rollout): 0.73 | Loss: 0.235 | Opp label coverage: 0.90
Step 2782023/5000000 | Win rate (rollout): 0.40 | Loss: 0.185 | Opp label coverage: 0.78
Step 2782535/5000000 | Win rate (rollout): 0.56 | Loss: 0.175 | Opp label coverage: 0.84
Step 2783053/5000000 | Win rate (rollout): 0.45 | Loss: 0.213 | Opp label coverage: 0.89
Step 2783565/5000000 | Win rate (rollout): 0.64 | Loss: 0.210 | Opp label coverage: 0.84
Step 2784083/5000000 | Win rate (rollout): 0.70 | Loss: 0.247 | Opp label coverage: 0.90
Step 2784595/5000000 | Win rate (rollout): 0.64 | Loss: 0.204 | Opp label coverage: 0.85
Step 2785107/5000000 | Win rate (rollout): 0.50 | Loss: 0.189 | Opp label coverage: 0.83
Step 2785619/5000000 | Win rate (rollout): 0.67 | Loss: 0.171 | Opp label coverage: 0.83
Step 2786131/5000000 | Win rate (rollout): 0.82 | Loss: 0.201 | Opp label coverage: 0.89
Step 2786648/5000000 | Win rate (rollout): 0.67 | Loss: 0.216 | Opp label coverage: 0.91
Step 2787166/5000000 | Win rate (rollout): 0.50 | Loss: 0.174 | Opp label coverage: 0.91
Step 2787678/5000000 | Win rate (rollout): 0.50 | Loss: 0.209 | Opp label coverage: 0.76
Step 2788190/5000000 | Win rate (rollout): 0.86 | Loss: 0.185 | Opp label coverage: 0.91
Step 2788704/5000000 | Win rate (rollout): 0.60 | Loss: 0.280 | Opp label coverage: 0.91
Step 2789216/5000000 | Win rate (rollout): 0.57 | Loss: 0.182 | Opp label coverage: 0.81
Step 2789731/5000000 | Win rate (rollout): 0.30 | Loss: 0.192 | Opp label coverage: 0.88
Step 2790243/5000000 | Win rate (rollout): 0.40 | Loss: 0.220 | Opp label coverage: 0.83
Step 2790757/5000000 | Win rate (rollout): 0.40 | Loss: 0.175 | Opp label coverage: 0.88
Step 2791269/5000000 | Win rate (rollout): 0.89 | Loss: 0.190 | Opp label coverage: 0.84
Step 2791782/5000000 | Win rate (rollout): 0.36 | Loss: 0.294 | Opp label coverage: 0.90
Step 2792294/5000000 | Win rate (rollout): 0.79 | Loss: 0.231 | Opp label coverage: 0.91
Step 2792806/5000000 | Win rate (rollout): 0.50 | Loss: 0.207 | Opp label coverage: 0.83
Step 2793318/5000000 | Win rate (rollout): 0.64 | Loss: 0.195 | Opp label coverage: 0.81
Step 2793830/5000000 | Win rate (rollout): 0.86 | Loss: 0.181 | Opp label coverage: 0.80
Step 2794344/5000000 | Win rate (rollout): 0.45 | Loss: 0.185 | Opp label coverage: 0.89
Step 2794856/5000000 | Win rate (rollout): 0.45 | Loss: 0.219 | Opp label coverage: 0.83
Step 2795368/5000000 | Win rate (rollout): 0.50 | Loss: 0.211 | Opp label coverage: 0.85
Step 2795880/5000000 | Win rate (rollout): 0.50 | Loss: 0.201 | Opp label coverage: 0.85
Step 2796392/5000000 | Win rate (rollout): 0.78 | Loss: 0.189 | Opp label coverage: 0.82
Step 2796904/5000000 | Win rate (rollout): 0.38 | Loss: 0.214 | Opp label coverage: 0.90
Step 2797417/5000000 | Win rate (rollout): 0.62 | Loss: 0.211 | Opp label coverage: 0.90
Step 2797929/5000000 | Win rate (rollout): 0.60 | Loss: 0.200 | Opp label coverage: 0.80
Step 2798441/5000000 | Win rate (rollout): 0.56 | Loss: 0.205 | Opp label coverage: 0.81
Step 2798955/5000000 | Win rate (rollout): 0.64 | Loss: 0.231 | Opp label coverage: 0.90
Step 2799474/5000000 | Win rate (rollout): 0.62 | Loss: 0.252 | Opp label coverage: 0.89
Step 2799986/5000000 | Win rate (rollout): 1.00 | Loss: 0.197 | Opp label coverage: 0.85
Step 2800499/5000000 | Win rate (rollout): 0.50 | Loss: 0.161 | Opp label coverage: 0.89
Step 2801013/5000000 | Win rate (rollout): 0.50 | Loss: 0.250 | Opp label coverage: 0.89
Step 2801530/5000000 | Win rate (rollout): 0.62 | Loss: 0.218 | Opp label coverage: 0.91
Step 2802045/5000000 | Win rate (rollout): 0.43 | Loss: 0.198 | Opp label coverage: 0.89
Step 2802557/5000000 | Win rate (rollout): 0.70 | Loss: 0.174 | Opp label coverage: 0.78
Step 2803069/5000000 | Win rate (rollout): 0.47 | Loss: 0.216 | Opp label coverage: 0.82
Step 2803581/5000000 | Win rate (rollout): 0.62 | Loss: 0.205 | Opp label coverage: 0.80
Step 2804093/5000000 | Win rate (rollout): 0.56 | Loss: 0.227 | Opp label coverage: 0.88
Step 2804607/5000000 | Win rate (rollout): 0.64 | Loss: 0.225 | Opp label coverage: 0.91
Step 2805124/5000000 | Win rate (rollout): 0.50 | Loss: 0.237 | Opp label coverage: 0.90
Step 2805636/5000000 | Win rate (rollout): 0.38 | Loss: 0.184 | Opp label coverage: 0.82
Step 2806155/5000000 | Win rate (rollout): 0.75 | Loss: 0.192 | Opp label coverage: 0.91
Step 2806667/5000000 | Win rate (rollout): 0.46 | Loss: 0.228 | Opp label coverage: 0.92
Step 2807179/5000000 | Win rate (rollout): 0.57 | Loss: 0.175 | Opp label coverage: 0.81
Step 2807695/5000000 | Win rate (rollout): 0.67 | Loss: 0.241 | Opp label coverage: 0.90
Step 2808207/5000000 | Win rate (rollout): 0.42 | Loss: 0.216 | Opp label coverage: 0.83
Step 2808719/5000000 | Win rate (rollout): 0.73 | Loss: 0.203 | Opp label coverage: 0.85
Step 2809237/5000000 | Win rate (rollout): 0.46 | Loss: 0.184 | Opp label coverage: 0.87
Step 2809749/5000000 | Win rate (rollout): 0.86 | Loss: 0.191 | Opp label coverage: 0.88
Step 2810261/5000000 | Win rate (rollout): 0.54 | Loss: 0.183 | Opp label coverage: 0.78
Step 2810778/5000000 | Win rate (rollout): 0.45 | Loss: 0.235 | Opp label coverage: 0.90
Step 2811296/5000000 | Win rate (rollout): 0.82 | Loss: 0.150 | Opp label coverage: 0.91
Step 2811808/5000000 | Win rate (rollout): 0.50 | Loss: 0.189 | Opp label coverage: 0.81
Step 2812321/5000000 | Win rate (rollout): 0.44 | Loss: 0.228 | Opp label coverage: 0.89
Step 2812838/5000000 | Win rate (rollout): 0.64 | Loss: 0.225 | Opp label coverage: 0.91
Step 2813350/5000000 | Win rate (rollout): 0.50 | Loss: 0.231 | Opp label coverage: 0.76
Step 2813862/5000000 | Win rate (rollout): 0.47 | Loss: 0.205 | Opp label coverage: 0.80
Step 2814375/5000000 | Win rate (rollout): 0.29 | Loss: 0.225 | Opp label coverage: 0.90
Step 2814887/5000000 | Win rate (rollout): 0.54 | Loss: 0.204 | Opp label coverage: 0.80
Step 2815399/5000000 | Win rate (rollout): 0.47 | Loss: 0.210 | Opp label coverage: 0.81
Step 2815911/5000000 | Win rate (rollout): 0.56 | Loss: 0.225 | Opp label coverage: 0.81
Step 2816427/5000000 | Win rate (rollout): 0.36 | Loss: 0.186 | Opp label coverage: 0.88
Step 2816939/5000000 | Win rate (rollout): 0.67 | Loss: 0.204 | Opp label coverage: 0.79
Step 2817454/5000000 | Win rate (rollout): 0.50 | Loss: 0.156 | Opp label coverage: 0.90
Step 2817966/5000000 | Win rate (rollout): 0.80 | Loss: 0.206 | Opp label coverage: 0.81
Step 2818483/5000000 | Win rate (rollout): 0.33 | Loss: 0.186 | Opp label coverage: 0.89
Step 2818995/5000000 | Win rate (rollout): 0.67 | Loss: 0.237 | Opp label coverage: 0.85
Step 2819507/5000000 | Win rate (rollout): 0.50 | Loss: 0.172 | Opp label coverage: 0.84
Step 2820019/5000000 | Win rate (rollout): 0.71 | Loss: 0.204 | Opp label coverage: 0.82
Step 2820531/5000000 | Win rate (rollout): 0.30 | Loss: 0.207 | Opp label coverage: 0.82
Step 2821050/5000000 | Win rate (rollout): 0.50 | Loss: 0.255 | Opp label coverage: 0.89
Step 2821562/5000000 | Win rate (rollout): 0.46 | Loss: 0.196 | Opp label coverage: 0.84
Step 2822080/5000000 | Win rate (rollout): 0.70 | Loss: 0.222 | Opp label coverage: 0.90
Step 2822592/5000000 | Win rate (rollout): 0.38 | Loss: 0.215 | Opp label coverage: 0.83
Step 2823104/5000000 | Win rate (rollout): 0.30 | Loss: 0.181 | Opp label coverage: 0.81
Step 2823616/5000000 | Win rate (rollout): 0.69 | Loss: 0.198 | Opp label coverage: 0.80
Step 2824128/5000000 | Win rate (rollout): 0.44 | Loss: 0.231 | Opp label coverage: 0.89
Step 2824642/5000000 | Win rate (rollout): 0.47 | Loss: 0.242 | Opp label coverage: 0.89
Step 2825154/5000000 | Win rate (rollout): 0.64 | Loss: 0.213 | Opp label coverage: 0.81
Step 2825670/5000000 | Win rate (rollout): 0.60 | Loss: 0.237 | Opp label coverage: 0.89
Step 2826182/5000000 | Win rate (rollout): 0.67 | Loss: 0.203 | Opp label coverage: 0.81
Step 2826699/5000000 | Win rate (rollout): 0.67 | Loss: 0.196 | Opp label coverage: 0.91
Step 2827211/5000000 | Win rate (rollout): 0.62 | Loss: 0.204 | Opp label coverage: 0.91
Step 2827727/5000000 | Win rate (rollout): 0.44 | Loss: 0.246 | Opp label coverage: 0.89
Step 2828239/5000000 | Win rate (rollout): 0.60 | Loss: 0.192 | Opp label coverage: 0.84
Step 2828751/5000000 | Win rate (rollout): 0.78 | Loss: 0.194 | Opp label coverage: 0.87
Step 2829263/5000000 | Win rate (rollout): 0.27 | Loss: 0.193 | Opp label coverage: 0.82
Step 2829778/5000000 | Win rate (rollout): 0.60 | Loss: 0.227 | Opp label coverage: 0.90
Step 2830290/5000000 | Win rate (rollout): 0.50 | Loss: 0.186 | Opp label coverage: 0.77
Step 2830802/5000000 | Win rate (rollout): 0.50 | Loss: 0.185 | Opp label coverage: 0.75
Step 2831316/5000000 | Win rate (rollout): 0.75 | Loss: 0.220 | Opp label coverage: 0.91
Step 2831834/5000000 | Win rate (rollout): 0.65 | Loss: 0.199 | Opp label coverage: 0.89
Step 2832352/5000000 | Win rate (rollout): 0.64 | Loss: 0.168 | Opp label coverage: 0.91
Step 2832865/5000000 | Win rate (rollout): 0.56 | Loss: 0.174 | Opp label coverage: 0.88
Step 2833377/5000000 | Win rate (rollout): 0.67 | Loss: 0.177 | Opp label coverage: 0.81
Step 2833891/5000000 | Win rate (rollout): 0.50 | Loss: 0.180 | Opp label coverage: 0.91
Step 2834403/5000000 | Win rate (rollout): 0.60 | Loss: 0.212 | Opp label coverage: 0.82
Step 2834915/5000000 | Win rate (rollout): 0.89 | Loss: 0.197 | Opp label coverage: 0.81
Step 2835427/5000000 | Win rate (rollout): 0.78 | Loss: 0.197 | Opp label coverage: 0.91
Step 2835945/5000000 | Win rate (rollout): 0.50 | Loss: 0.231 | Opp label coverage: 0.90
Step 2836463/5000000 | Win rate (rollout): 0.47 | Loss: 0.229 | Opp label coverage: 0.91
Step 2836977/5000000 | Win rate (rollout): 0.58 | Loss: 0.176 | Opp label coverage: 0.91
Step 2837489/5000000 | Win rate (rollout): 0.43 | Loss: 0.214 | Opp label coverage: 0.81
Step 2838001/5000000 | Win rate (rollout): 0.60 | Loss: 0.207 | Opp label coverage: 0.82
Step 2838513/5000000 | Win rate (rollout): 0.75 | Loss: 0.165 | Opp label coverage: 0.79
Step 2839025/5000000 | Win rate (rollout): 0.59 | Loss: 0.196 | Opp label coverage: 0.82
Step 2839544/5000000 | Win rate (rollout): 0.50 | Loss: 0.216 | Opp label coverage: 0.89
Step 2840060/5000000 | Win rate (rollout): 0.60 | Loss: 0.110 | Opp label coverage: 0.90
Step 2840572/5000000 | Win rate (rollout): 0.78 | Loss: 0.213 | Opp label coverage: 0.85
Step 2841084/5000000 | Win rate (rollout): 0.43 | Loss: 0.188 | Opp label coverage: 0.80
Step 2841596/5000000 | Win rate (rollout): 0.75 | Loss: 0.197 | Opp label coverage: 0.91
Step 2842108/5000000 | Win rate (rollout): 0.42 | Loss: 0.220 | Opp label coverage: 0.83
Step 2842625/5000000 | Win rate (rollout): 0.50 | Loss: 0.214 | Opp label coverage: 0.90
Step 2843143/5000000 | Win rate (rollout): 0.38 | Loss: 0.249 | Opp label coverage: 0.88
Step 2843655/5000000 | Win rate (rollout): 0.46 | Loss: 0.240 | Opp label coverage: 0.83
Step 2844167/5000000 | Win rate (rollout): 0.43 | Loss: 0.180 | Opp label coverage: 0.83
Step 2844685/5000000 | Win rate (rollout): 0.45 | Loss: 0.172 | Opp label coverage: 0.89
Step 2845204/5000000 | Win rate (rollout): 0.47 | Loss: 0.238 | Opp label coverage: 0.90
Step 2845716/5000000 | Win rate (rollout): 0.80 | Loss: 0.209 | Opp label coverage: 0.84
Step 2846234/5000000 | Win rate (rollout): 0.33 | Loss: 0.188 | Opp label coverage: 0.91
Step 2846746/5000000 | Win rate (rollout): 0.67 | Loss: 0.191 | Opp label coverage: 0.84
Step 2847259/5000000 | Win rate (rollout): 0.40 | Loss: 0.220 | Opp label coverage: 0.90
Step 2847777/5000000 | Win rate (rollout): 0.38 | Loss: 0.214 | Opp label coverage: 0.88
Step 2848289/5000000 | Win rate (rollout): 0.77 | Loss: 0.210 | Opp label coverage: 0.90
Step 2848805/5000000 | Win rate (rollout): 0.38 | Loss: 0.214 | Opp label coverage: 0.90
Step 2849317/5000000 | Win rate (rollout): 0.62 | Loss: 0.220 | Opp label coverage: 0.80
Step 2849829/5000000 | Win rate (rollout): 0.82 | Loss: 0.183 | Opp label coverage: 0.82
Step 2850346/5000000 | Win rate (rollout): 0.56 | Loss: 0.172 | Opp label coverage: 0.89
Step 2850860/5000000 | Win rate (rollout): 0.50 | Loss: 0.151 | Opp label coverage: 0.92
Step 2851376/5000000 | Win rate (rollout): 0.47 | Loss: 0.241 | Opp label coverage: 0.90
Step 2851890/5000000 | Win rate (rollout): 0.73 | Loss: 0.193 | Opp label coverage: 0.92
Step 2852402/5000000 | Win rate (rollout): 0.54 | Loss: 0.214 | Opp label coverage: 0.83
Step 2852914/5000000 | Win rate (rollout): 0.53 | Loss: 0.260 | Opp label coverage: 0.82
Step 2853426/5000000 | Win rate (rollout): 0.60 | Loss: 0.187 | Opp label coverage: 0.84
Step 2853938/5000000 | Win rate (rollout): 0.62 | Loss: 0.174 | Opp label coverage: 0.76
Step 2854452/5000000 | Win rate (rollout): 0.78 | Loss: 0.262 | Opp label coverage: 0.92
Step 2854964/5000000 | Win rate (rollout): 0.36 | Loss: 0.193 | Opp label coverage: 0.79
Step 2855476/5000000 | Win rate (rollout): 0.56 | Loss: 0.200 | Opp label coverage: 0.84
Step 2855988/5000000 | Win rate (rollout): 0.77 | Loss: 0.191 | Opp label coverage: 0.77
Step 2856503/5000000 | Win rate (rollout): 0.36 | Loss: 0.227 | Opp label coverage: 0.89
Step 2857015/5000000 | Win rate (rollout): 0.50 | Loss: 0.198 | Opp label coverage: 0.84
Step 2857528/5000000 | Win rate (rollout): 0.36 | Loss: 0.185 | Opp label coverage: 0.88
Step 2858040/5000000 | Win rate (rollout): 0.50 | Loss: 0.203 | Opp label coverage: 0.89
Step 2858552/5000000 | Win rate (rollout): 0.78 | Loss: 0.231 | Opp label coverage: 0.81
Step 2859064/5000000 | Win rate (rollout): 0.50 | Loss: 0.182 | Opp label coverage: 0.84
Step 2859576/5000000 | Win rate (rollout): 0.42 | Loss: 0.188 | Opp label coverage: 0.84
Step 2860093/5000000 | Win rate (rollout): 0.57 | Loss: 0.227 | Opp label coverage: 0.88
Step 2860606/5000000 | Win rate (rollout): 0.62 | Loss: 0.177 | Opp label coverage: 0.89
Step 2861118/5000000 | Win rate (rollout): 0.38 | Loss: 0.201 | Opp label coverage: 0.78
Step 2861630/5000000 | Win rate (rollout): 0.80 | Loss: 0.207 | Opp label coverage: 0.82
Step 2862142/5000000 | Win rate (rollout): 0.71 | Loss: 0.209 | Opp label coverage: 0.82
Step 2862654/5000000 | Win rate (rollout): 0.73 | Loss: 0.188 | Opp label coverage: 0.85
Step 2863173/5000000 | Win rate (rollout): 0.55 | Loss: 0.268 | Opp label coverage: 0.89
Step 2863685/5000000 | Win rate (rollout): 0.50 | Loss: 0.194 | Opp label coverage: 0.89
Step 2864198/5000000 | Win rate (rollout): 0.33 | Loss: 0.214 | Opp label coverage: 0.88
Step 2864710/5000000 | Win rate (rollout): 0.64 | Loss: 0.262 | Opp label coverage: 0.90
Step 2865226/5000000 | Win rate (rollout): 0.79 | Loss: 0.193 | Opp label coverage: 0.91
Step 2865738/5000000 | Win rate (rollout): 0.50 | Loss: 0.208 | Opp label coverage: 0.81
Step 2866250/5000000 | Win rate (rollout): 0.53 | Loss: 0.232 | Opp label coverage: 0.83
Step 2866762/5000000 | Win rate (rollout): 0.33 | Loss: 0.230 | Opp label coverage: 0.82
Step 2867280/5000000 | Win rate (rollout): 0.42 | Loss: 0.220 | Opp label coverage: 0.88
Step 2867792/5000000 | Win rate (rollout): 0.70 | Loss: 0.194 | Opp label coverage: 0.83
Step 2868304/5000000 | Win rate (rollout): 1.00 | Loss: 0.190 | Opp label coverage: 0.87
Step 2868816/5000000 | Win rate (rollout): 0.67 | Loss: 0.166 | Opp label coverage: 0.83
Step 2869329/5000000 | Win rate (rollout): 0.25 | Loss: 0.218 | Opp label coverage: 0.87
Step 2869841/5000000 | Win rate (rollout): 0.46 | Loss: 0.214 | Opp label coverage: 0.80
Step 2870353/5000000 | Win rate (rollout): 0.60 | Loss: 0.193 | Opp label coverage: 0.82
Step 2870868/5000000 | Win rate (rollout): 0.56 | Loss: 0.199 | Opp label coverage: 0.88
Step 2871383/5000000 | Win rate (rollout): 0.40 | Loss: 0.186 | Opp label coverage: 0.90
Step 2871901/5000000 | Win rate (rollout): 0.70 | Loss: 0.178 | Opp label coverage: 0.89
Step 2872414/5000000 | Win rate (rollout): 0.45 | Loss: 0.188 | Opp label coverage: 0.90
Step 2872926/5000000 | Win rate (rollout): 1.00 | Loss: 0.183 | Opp label coverage: 0.83
Step 2873438/5000000 | Win rate (rollout): 0.64 | Loss: 0.190 | Opp label coverage: 0.80
Step 2873950/5000000 | Win rate (rollout): 0.91 | Loss: 0.173 | Opp label coverage: 0.82
Step 2874466/5000000 | Win rate (rollout): 0.30 | Loss: 0.185 | Opp label coverage: 0.88
Step 2874980/5000000 | Win rate (rollout): 0.50 | Loss: 0.201 | Opp label coverage: 0.91
Step 2875492/5000000 | Win rate (rollout): 0.44 | Loss: 0.214 | Opp label coverage: 0.83
Step 2876005/5000000 | Win rate (rollout): 0.44 | Loss: 0.196 | Opp label coverage: 0.88
Step 2876518/5000000 | Win rate (rollout): 0.71 | Loss: 0.234 | Opp label coverage: 0.89
Step 2877030/5000000 | Win rate (rollout): 0.47 | Loss: 0.194 | Opp label coverage: 0.81
Step 2877543/5000000 | Win rate (rollout): 0.58 | Loss: 0.264 | Opp label coverage: 0.88
Step 2878055/5000000 | Win rate (rollout): 0.62 | Loss: 0.194 | Opp label coverage: 0.79
Step 2878567/5000000 | Win rate (rollout): 0.75 | Loss: 0.243 | Opp label coverage: 0.77
Step 2879079/5000000 | Win rate (rollout): 0.44 | Loss: 0.216 | Opp label coverage: 0.80
Step 2879593/5000000 | Win rate (rollout): 0.40 | Loss: 0.202 | Opp label coverage: 0.89
Step 2880105/5000000 | Win rate (rollout): 0.55 | Loss: 0.181 | Opp label coverage: 0.80
Step 2880617/5000000 | Win rate (rollout): 0.50 | Loss: 0.191 | Opp label coverage: 0.79
Step 2881129/5000000 | Win rate (rollout): 0.47 | Loss: 0.181 | Opp label coverage: 0.74
Step 2881646/5000000 | Win rate (rollout): 0.33 | Loss: 0.206 | Opp label coverage: 0.88
Step 2882158/5000000 | Win rate (rollout): 0.60 | Loss: 0.191 | Opp label coverage: 0.79
Step 2882675/5000000 | Win rate (rollout): 0.78 | Loss: 0.238 | Opp label coverage: 0.90
Step 2883187/5000000 | Win rate (rollout): 0.64 | Loss: 0.195 | Opp label coverage: 0.82
Step 2883699/5000000 | Win rate (rollout): 0.50 | Loss: 0.220 | Opp label coverage: 0.84
Step 2884211/5000000 | Win rate (rollout): 0.91 | Loss: 0.182 | Opp label coverage: 0.86
Step 2884728/5000000 | Win rate (rollout): 0.58 | Loss: 0.197 | Opp label coverage: 0.89
Step 2885244/5000000 | Win rate (rollout): 0.64 | Loss: 0.254 | Opp label coverage: 0.89
Step 2885757/5000000 | Win rate (rollout): 0.69 | Loss: 0.179 | Opp label coverage: 0.90
Step 2886269/5000000 | Win rate (rollout): 0.67 | Loss: 0.171 | Opp label coverage: 0.82
Step 2886781/5000000 | Win rate (rollout): 0.73 | Loss: 0.200 | Opp label coverage: 0.84
Step 2887299/5000000 | Win rate (rollout): 0.38 | Loss: 0.179 | Opp label coverage: 0.88
Step 2887811/5000000 | Win rate (rollout): 0.17 | Loss: 0.205 | Opp label coverage: 0.80
Step 2888323/5000000 | Win rate (rollout): 0.38 | Loss: 0.187 | Opp label coverage: 0.86
Step 2888838/5000000 | Win rate (rollout): 0.58 | Loss: 0.200 | Opp label coverage: 0.89
Step 2889354/5000000 | Win rate (rollout): 0.50 | Loss: 0.210 | Opp label coverage: 0.88
Step 2889869/5000000 | Win rate (rollout): 0.27 | Loss: 0.219 | Opp label coverage: 0.89
Step 2890387/5000000 | Win rate (rollout): 0.53 | Loss: 0.211 | Opp label coverage: 0.91
Step 2890899/5000000 | Win rate (rollout): 0.45 | Loss: 0.177 | Opp label coverage: 0.80
Step 2891411/5000000 | Win rate (rollout): 0.67 | Loss: 0.175 | Opp label coverage: 0.84
Step 2891923/5000000 | Win rate (rollout): 0.64 | Loss: 0.195 | Opp label coverage: 0.80
Step 2892438/5000000 | Win rate (rollout): 0.67 | Loss: 0.254 | Opp label coverage: 0.90
Step 2892950/5000000 | Win rate (rollout): 0.78 | Loss: 0.178 | Opp label coverage: 0.85
Step 2893465/5000000 | Win rate (rollout): 0.22 | Loss: 0.241 | Opp label coverage: 0.89
Step 2893983/5000000 | Win rate (rollout): 0.54 | Loss: 0.179 | Opp label coverage: 0.92
Step 2894495/5000000 | Win rate (rollout): 0.33 | Loss: 0.209 | Opp label coverage: 0.83
Step 2895011/5000000 | Win rate (rollout): 0.56 | Loss: 0.191 | Opp label coverage: 0.89
Step 2895523/5000000 | Win rate (rollout): 0.56 | Loss: 0.200 | Opp label coverage: 0.85
Step 2896036/5000000 | Win rate (rollout): 0.58 | Loss: 0.199 | Opp label coverage: 0.90
Step 2896553/5000000 | Win rate (rollout): 0.80 | Loss: 0.295 | Opp label coverage: 0.89
Step 2897070/5000000 | Win rate (rollout): 0.57 | Loss: 0.259 | Opp label coverage: 0.88
Step 2897582/5000000 | Win rate (rollout): 0.82 | Loss: 0.183 | Opp label coverage: 0.84
Step 2898096/5000000 | Win rate (rollout): 0.22 | Loss: 0.201 | Opp label coverage: 0.88
Step 2898613/5000000 | Win rate (rollout): 0.57 | Loss: 0.159 | Opp label coverage: 0.91
Step 2899132/5000000 | Win rate (rollout): 0.50 | Loss: 0.255 | Opp label coverage: 0.90
Step 2899644/5000000 | Win rate (rollout): 0.80 | Loss: 0.173 | Opp label coverage: 0.84
Step 2900156/5000000 | Win rate (rollout): 0.38 | Loss: 0.220 | Opp label coverage: 0.83
Step 2900668/5000000 | Win rate (rollout): 0.41 | Loss: 0.202 | Opp label coverage: 0.78
Step 2901185/5000000 | Win rate (rollout): 0.50 | Loss: 0.190 | Opp label coverage: 0.90
Step 2901697/5000000 | Win rate (rollout): 0.38 | Loss: 0.208 | Opp label coverage: 0.82
Step 2902209/5000000 | Win rate (rollout): 0.36 | Loss: 0.210 | Opp label coverage: 0.83
Step 2902721/5000000 | Win rate (rollout): 0.47 | Loss: 0.224 | Opp label coverage: 0.82
Step 2903233/5000000 | Win rate (rollout): 0.40 | Loss: 0.210 | Opp label coverage: 0.82
Step 2903745/5000000 | Win rate (rollout): 0.31 | Loss: 0.182 | Opp label coverage: 0.81
Step 2904257/5000000 | Win rate (rollout): 0.44 | Loss: 0.219 | Opp label coverage: 0.82
Step 2904771/5000000 | Win rate (rollout): 0.44 | Loss: 0.192 | Opp label coverage: 0.90
Step 2905283/5000000 | Win rate (rollout): 0.64 | Loss: 0.214 | Opp label coverage: 0.87
Step 2905795/5000000 | Win rate (rollout): 0.87 | Loss: 0.185 | Opp label coverage: 0.82
Step 2906307/5000000 | Win rate (rollout): 0.69 | Loss: 0.204 | Opp label coverage: 0.84
Step 2906819/5000000 | Win rate (rollout): 0.44 | Loss: 0.190 | Opp label coverage: 0.79
Step 2907335/5000000 | Win rate (rollout): 0.56 | Loss: 0.185 | Opp label coverage: 0.90
Step 2907854/5000000 | Win rate (rollout): 0.40 | Loss: 0.192 | Opp label coverage: 0.90
Step 2908366/5000000 | Win rate (rollout): 0.80 | Loss: 0.203 | Opp label coverage: 0.80
Step 2908881/5000000 | Win rate (rollout): 0.40 | Loss: 0.230 | Opp label coverage: 0.91
Step 2909400/5000000 | Win rate (rollout): 0.69 | Loss: 0.277 | Opp label coverage: 0.89
Step 2909917/5000000 | Win rate (rollout): 0.64 | Loss: 0.218 | Opp label coverage: 0.91
Step 2910431/5000000 | Win rate (rollout): 0.50 | Loss: 0.234 | Opp label coverage: 0.90
Step 2910943/5000000 | Win rate (rollout): 0.62 | Loss: 0.229 | Opp label coverage: 0.84
Step 2911457/5000000 | Win rate (rollout): 0.70 | Loss: 0.158 | Opp label coverage: 0.89
Step 2911969/5000000 | Win rate (rollout): 0.42 | Loss: 0.218 | Opp label coverage: 0.81
Step 2912481/5000000 | Win rate (rollout): 0.56 | Loss: 0.184 | Opp label coverage: 0.80
Step 2912993/5000000 | Win rate (rollout): 0.67 | Loss: 0.181 | Opp label coverage: 0.85
Step 2913505/5000000 | Win rate (rollout): 0.55 | Loss: 0.173 | Opp label coverage: 0.86
Step 2914017/5000000 | Win rate (rollout): 0.91 | Loss: 0.213 | Opp label coverage: 0.80
Step 2914533/5000000 | Win rate (rollout): 0.78 | Loss: 0.266 | Opp label coverage: 0.92
Step 2915045/5000000 | Win rate (rollout): 0.69 | Loss: 0.200 | Opp label coverage: 0.91
Step 2915564/5000000 | Win rate (rollout): 0.38 | Loss: 0.238 | Opp label coverage: 0.88
Step 2916076/5000000 | Win rate (rollout): 0.67 | Loss: 0.221 | Opp label coverage: 0.82
Step 2916594/5000000 | Win rate (rollout): 0.90 | Loss: 0.216 | Opp label coverage: 0.90
Step 2917106/5000000 | Win rate (rollout): 0.64 | Loss: 0.213 | Opp label coverage: 0.81
Step 2917619/5000000 | Win rate (rollout): 0.56 | Loss: 0.289 | Opp label coverage: 0.89
Step 2918131/5000000 | Win rate (rollout): 0.60 | Loss: 0.223 | Opp label coverage: 0.82
Step 2918643/5000000 | Win rate (rollout): 0.78 | Loss: 0.197 | Opp label coverage: 0.90
Step 2919158/5000000 | Win rate (rollout): 0.56 | Loss: 0.173 | Opp label coverage: 0.90
Step 2919677/5000000 | Win rate (rollout): 0.50 | Loss: 0.184 | Opp label coverage: 0.90
Step 2920195/5000000 | Win rate (rollout): 0.54 | Loss: 0.276 | Opp label coverage: 0.90
Step 2920709/5000000 | Win rate (rollout): 0.64 | Loss: 0.214 | Opp label coverage: 0.92
Step 2921221/5000000 | Win rate (rollout): 0.50 | Loss: 0.206 | Opp label coverage: 0.86
Step 2921733/5000000 | Win rate (rollout): 0.67 | Loss: 0.198 | Opp label coverage: 0.85
Step 2922245/5000000 | Win rate (rollout): 0.50 | Loss: 0.221 | Opp label coverage: 0.84
Step 2922763/5000000 | Win rate (rollout): 0.64 | Loss: 0.155 | Opp label coverage: 0.90
Step 2923277/5000000 | Win rate (rollout): 0.42 | Loss: 0.240 | Opp label coverage: 0.89
Step 2923793/5000000 | Win rate (rollout): 0.23 | Loss: 0.177 | Opp label coverage: 0.91
Step 2924305/5000000 | Win rate (rollout): 0.85 | Loss: 0.195 | Opp label coverage: 0.84
Step 2924817/5000000 | Win rate (rollout): 0.50 | Loss: 0.175 | Opp label coverage: 0.81
Step 2925329/5000000 | Win rate (rollout): 0.29 | Loss: 0.199 | Opp label coverage: 0.82
Step 2925841/5000000 | Win rate (rollout): 0.62 | Loss: 0.254 | Opp label coverage: 0.78
Step 2926354/5000000 | Win rate (rollout): 0.40 | Loss: 0.228 | Opp label coverage: 0.90
Step 2926866/5000000 | Win rate (rollout): 0.62 | Loss: 0.220 | Opp label coverage: 0.83
Step 2927378/5000000 | Win rate (rollout): 0.75 | Loss: 0.166 | Opp label coverage: 0.82
Step 2927891/5000000 | Win rate (rollout): 0.22 | Loss: 0.089 | Opp label coverage: 0.90
Step 2928410/5000000 | Win rate (rollout): 0.54 | Loss: 0.306 | Opp label coverage: 0.88
Step 2928922/5000000 | Win rate (rollout): 0.69 | Loss: 0.168 | Opp label coverage: 0.89
Step 2929434/5000000 | Win rate (rollout): 0.38 | Loss: 0.228 | Opp label coverage: 0.79
Step 2929949/5000000 | Win rate (rollout): 0.70 | Loss: 0.190 | Opp label coverage: 0.90
Step 2930465/5000000 | Win rate (rollout): 0.54 | Loss: 0.203 | Opp label coverage: 0.91
Step 2930977/5000000 | Win rate (rollout): 0.38 | Loss: 0.215 | Opp label coverage: 0.88
Step 2931489/5000000 | Win rate (rollout): 0.43 | Loss: 0.214 | Opp label coverage: 0.90
Step 2932001/5000000 | Win rate (rollout): 0.55 | Loss: 0.191 | Opp label coverage: 0.82
Step 2932513/5000000 | Win rate (rollout): 0.42 | Loss: 0.236 | Opp label coverage: 0.85
Step 2933029/5000000 | Win rate (rollout): 0.33 | Loss: 0.213 | Opp label coverage: 0.89
Step 2933541/5000000 | Win rate (rollout): 0.23 | Loss: 0.190 | Opp label coverage: 0.85
Step 2934056/5000000 | Win rate (rollout): 0.60 | Loss: 0.190 | Opp label coverage: 0.90
Step 2934572/5000000 | Win rate (rollout): 0.50 | Loss: 0.201 | Opp label coverage: 0.89
Step 2935090/5000000 | Win rate (rollout): 0.38 | Loss: 0.224 | Opp label coverage: 0.88
Step 2935602/5000000 | Win rate (rollout): 0.65 | Loss: 0.223 | Opp label coverage: 0.89
Step 2936117/5000000 | Win rate (rollout): 0.77 | Loss: 0.191 | Opp label coverage: 0.91
Step 2936629/5000000 | Win rate (rollout): 0.25 | Loss: 0.205 | Opp label coverage: 0.90
Step 2937141/5000000 | Win rate (rollout): 0.27 | Loss: 0.200 | Opp label coverage: 0.78
Step 2937654/5000000 | Win rate (rollout): 0.44 | Loss: 0.154 | Opp label coverage: 0.88
Step 2938173/5000000 | Win rate (rollout): 0.60 | Loss: 0.182 | Opp label coverage: 0.90
Step 2938690/5000000 | Win rate (rollout): 0.50 | Loss: 0.202 | Opp label coverage: 0.90
Step 2939202/5000000 | Win rate (rollout): 0.64 | Loss: 0.200 | Opp label coverage: 0.87
Step 2939714/5000000 | Win rate (rollout): 0.53 | Loss: 0.214 | Opp label coverage: 0.72
Step 2940226/5000000 | Win rate (rollout): 0.55 | Loss: 0.217 | Opp label coverage: 0.90
Step 2940738/5000000 | Win rate (rollout): 0.29 | Loss: 0.196 | Opp label coverage: 0.80
Step 2941250/5000000 | Win rate (rollout): 0.53 | Loss: 0.202 | Opp label coverage: 0.82
Step 2941767/5000000 | Win rate (rollout): 0.64 | Loss: 0.207 | Opp label coverage: 0.89
Step 2942282/5000000 | Win rate (rollout): 0.43 | Loss: 0.216 | Opp label coverage: 0.92
Step 2942794/5000000 | Win rate (rollout): 0.17 | Loss: 0.201 | Opp label coverage: 0.79
Step 2943306/5000000 | Win rate (rollout): 0.53 | Loss: 0.223 | Opp label coverage: 0.80
Step 2943820/5000000 | Win rate (rollout): 0.60 | Loss: 0.242 | Opp label coverage: 0.89
Step 2944333/5000000 | Win rate (rollout): 0.19 | Loss: 0.249 | Opp label coverage: 0.89
Step 2944845/5000000 | Win rate (rollout): 0.44 | Loss: 0.187 | Opp label coverage: 0.83
Step 2945357/5000000 | Win rate (rollout): 0.50 | Loss: 0.198 | Opp label coverage: 0.84
Step 2945869/5000000 | Win rate (rollout): 0.50 | Loss: 0.174 | Opp label coverage: 0.85
Step 2946381/5000000 | Win rate (rollout): 0.70 | Loss: 0.200 | Opp label coverage: 0.88
Step 2946893/5000000 | Win rate (rollout): 0.83 | Loss: 0.218 | Opp label coverage: 0.84
Step 2947407/5000000 | Win rate (rollout): 0.50 | Loss: 0.164 | Opp label coverage: 0.90
Step 2947924/5000000 | Win rate (rollout): 0.53 | Loss: 0.227 | Opp label coverage: 0.89
Step 2948441/5000000 | Win rate (rollout): 0.29 | Loss: 0.232 | Opp label coverage: 0.90
Step 2948953/5000000 | Win rate (rollout): 0.50 | Loss: 0.198 | Opp label coverage: 0.84
Step 2949465/5000000 | Win rate (rollout): 0.44 | Loss: 0.188 | Opp label coverage: 0.80
Step 2949977/5000000 | Win rate (rollout): 0.67 | Loss: 0.193 | Opp label coverage: 0.83
Step 2950496/5000000 | Win rate (rollout): 0.44 | Loss: 0.224 | Opp label coverage: 0.90
Step 2951010/5000000 | Win rate (rollout): 0.54 | Loss: 0.251 | Opp label coverage: 0.90
Step 2951524/5000000 | Win rate (rollout): 0.40 | Loss: 0.205 | Opp label coverage: 0.89
Step 2952039/5000000 | Win rate (rollout): 0.43 | Loss: 0.217 | Opp label coverage: 0.87
Step 2952551/5000000 | Win rate (rollout): 0.33 | Loss: 0.217 | Opp label coverage: 0.83
Step 2953064/5000000 | Win rate (rollout): 0.58 | Loss: 0.187 | Opp label coverage: 0.89
Step 2953580/5000000 | Win rate (rollout): 0.47 | Loss: 0.245 | Opp label coverage: 0.89
Step 2954092/5000000 | Win rate (rollout): 0.57 | Loss: 0.232 | Opp label coverage: 0.92
Step 2954611/5000000 | Win rate (rollout): 0.73 | Loss: 0.149 | Opp label coverage: 0.91
Step 2955123/5000000 | Win rate (rollout): 0.62 | Loss: 0.195 | Opp label coverage: 0.78
Step 2955639/5000000 | Win rate (rollout): 0.40 | Loss: 0.206 | Opp label coverage: 0.88
Step 2956156/5000000 | Win rate (rollout): 0.33 | Loss: 0.233 | Opp label coverage: 0.89
Step 2956669/5000000 | Win rate (rollout): 0.57 | Loss: 0.207 | Opp label coverage: 0.90
Step 2957181/5000000 | Win rate (rollout): 0.67 | Loss: 0.234 | Opp label coverage: 0.82
Step 2957693/5000000 | Win rate (rollout): 0.60 | Loss: 0.172 | Opp label coverage: 0.84
Step 2958205/5000000 | Win rate (rollout): 0.45 | Loss: 0.207 | Opp label coverage: 0.90
Step 2958717/5000000 | Win rate (rollout): 0.93 | Loss: 0.215 | Opp label coverage: 0.92
Step 2959229/5000000 | Win rate (rollout): 0.62 | Loss: 0.186 | Opp label coverage: 0.90
Step 2959745/5000000 | Win rate (rollout): 0.44 | Loss: 0.213 | Opp label coverage: 0.87
Step 2960257/5000000 | Win rate (rollout): 0.50 | Loss: 0.196 | Opp label coverage: 0.88
Step 2960774/5000000 | Win rate (rollout): 0.71 | Loss: 0.181 | Opp label coverage: 0.92
Step 2961286/5000000 | Win rate (rollout): 0.57 | Loss: 0.200 | Opp label coverage: 0.82
Step 2961800/5000000 | Win rate (rollout): 0.08 | Loss: 0.227 | Opp label coverage: 0.88
Step 2962313/5000000 | Win rate (rollout): 0.50 | Loss: 0.153 | Opp label coverage: 0.88
Step 2962825/5000000 | Win rate (rollout): 0.50 | Loss: 0.154 | Opp label coverage: 0.80
Step 2963342/5000000 | Win rate (rollout): 0.55 | Loss: 0.241 | Opp label coverage: 0.89
Step 2963854/5000000 | Win rate (rollout): 0.80 | Loss: 0.176 | Opp label coverage: 0.82
Step 2964366/5000000 | Win rate (rollout): 0.64 | Loss: 0.180 | Opp label coverage: 0.87
Step 2964878/5000000 | Win rate (rollout): 0.50 | Loss: 0.199 | Opp label coverage: 0.81
Step 2965395/5000000 | Win rate (rollout): 0.40 | Loss: 0.239 | Opp label coverage: 0.88
Step 2965907/5000000 | Win rate (rollout): 0.90 | Loss: 0.191 | Opp label coverage: 0.86
Step 2966419/5000000 | Win rate (rollout): 0.54 | Loss: 0.216 | Opp label coverage: 0.83
Step 2966934/5000000 | Win rate (rollout): 0.73 | Loss: 0.147 | Opp label coverage: 0.89
Step 2967449/5000000 | Win rate (rollout): 0.46 | Loss: 0.209 | Opp label coverage: 0.91
Step 2967961/5000000 | Win rate (rollout): 0.58 | Loss: 0.204 | Opp label coverage: 0.79
Step 2968473/5000000 | Win rate (rollout): 0.32 | Loss: 0.188 | Opp label coverage: 0.79
Step 2968985/5000000 | Win rate (rollout): 0.50 | Loss: 0.185 | Opp label coverage: 0.81
Step 2969497/5000000 | Win rate (rollout): 0.50 | Loss: 0.182 | Opp label coverage: 0.76
Step 2970009/5000000 | Win rate (rollout): 0.30 | Loss: 0.222 | Opp label coverage: 0.88
Step 2970523/5000000 | Win rate (rollout): 0.50 | Loss: 0.270 | Opp label coverage: 0.90
Step 2971035/5000000 | Win rate (rollout): 0.70 | Loss: 0.198 | Opp label coverage: 0.85
Step 2971547/5000000 | Win rate (rollout): 0.50 | Loss: 0.191 | Opp label coverage: 0.86
Step 2972064/5000000 | Win rate (rollout): 0.75 | Loss: 0.191 | Opp label coverage: 0.89
Step 2972576/5000000 | Win rate (rollout): 0.42 | Loss: 0.260 | Opp label coverage: 0.82
Step 2973088/5000000 | Win rate (rollout): 0.59 | Loss: 0.207 | Opp label coverage: 0.79
Step 2973605/5000000 | Win rate (rollout): 0.50 | Loss: 0.218 | Opp label coverage: 0.88
Step 2974117/5000000 | Win rate (rollout): 0.33 | Loss: 0.190 | Opp label coverage: 0.82
Step 2974633/5000000 | Win rate (rollout): 0.50 | Loss: 0.210 | Opp label coverage: 0.88
Step 2975145/5000000 | Win rate (rollout): 0.80 | Loss: 0.215 | Opp label coverage: 0.86
Step 2975657/5000000 | Win rate (rollout): 0.69 | Loss: 0.183 | Opp label coverage: 0.87
Step 2976169/5000000 | Win rate (rollout): 0.60 | Loss: 0.201 | Opp label coverage: 0.81
Step 2976681/5000000 | Win rate (rollout): 0.71 | Loss: 0.192 | Opp label coverage: 0.88
Step 2977193/5000000 | Win rate (rollout): 0.85 | Loss: 0.184 | Opp label coverage: 0.79
Step 2977705/5000000 | Win rate (rollout): 0.44 | Loss: 0.205 | Opp label coverage: 0.86
Step 2978217/5000000 | Win rate (rollout): 0.73 | Loss: 0.166 | Opp label coverage: 0.80
Step 2978729/5000000 | Win rate (rollout): 0.62 | Loss: 0.187 | Opp label coverage: 0.83
Step 2979241/5000000 | Win rate (rollout): 0.46 | Loss: 0.233 | Opp label coverage: 0.83
Step 2979755/5000000 | Win rate (rollout): 0.36 | Loss: 0.205 | Opp label coverage: 0.89
Step 2980267/5000000 | Win rate (rollout): 0.44 | Loss: 0.221 | Opp label coverage: 0.82
Step 2980779/5000000 | Win rate (rollout): 0.40 | Loss: 0.223 | Opp label coverage: 0.81
Step 2981291/5000000 | Win rate (rollout): 0.63 | Loss: 0.241 | Opp label coverage: 0.82
Step 2981809/5000000 | Win rate (rollout): 0.40 | Loss: 0.226 | Opp label coverage: 0.90
Step 2982324/5000000 | Win rate (rollout): 0.57 | Loss: 0.207 | Opp label coverage: 0.90
Step 2982836/5000000 | Win rate (rollout): 0.60 | Loss: 0.173 | Opp label coverage: 0.88
Step 2983348/5000000 | Win rate (rollout): 0.67 | Loss: 0.227 | Opp label coverage: 0.83
Step 2983860/5000000 | Win rate (rollout): 0.50 | Loss: 0.172 | Opp label coverage: 0.85
Step 2984377/5000000 | Win rate (rollout): 0.67 | Loss: 0.212 | Opp label coverage: 0.89
Step 2984893/5000000 | Win rate (rollout): 0.57 | Loss: 0.211 | Opp label coverage: 0.90
Step 2985412/5000000 | Win rate (rollout): 0.56 | Loss: 0.256 | Opp label coverage: 0.89
Step 2985927/5000000 | Win rate (rollout): 0.62 | Loss: 0.226 | Opp label coverage: 0.90
Step 2986439/5000000 | Win rate (rollout): 0.56 | Loss: 0.202 | Opp label coverage: 0.80
Step 2986951/5000000 | Win rate (rollout): 0.64 | Loss: 0.217 | Opp label coverage: 0.90
Step 2987469/5000000 | Win rate (rollout): 0.45 | Loss: 0.221 | Opp label coverage: 0.91
Step 2987981/5000000 | Win rate (rollout): 0.61 | Loss: 0.242 | Opp label coverage: 0.89
Step 2988493/5000000 | Win rate (rollout): 0.64 | Loss: 0.195 | Opp label coverage: 0.86
Step 2989005/5000000 | Win rate (rollout): 0.57 | Loss: 0.196 | Opp label coverage: 0.85
Step 2989517/5000000 | Win rate (rollout): 0.73 | Loss: 0.195 | Opp label coverage: 0.84
Step 2990029/5000000 | Win rate (rollout): 0.56 | Loss: 0.219 | Opp label coverage: 0.81
Step 2990541/5000000 | Win rate (rollout): 0.56 | Loss: 0.205 | Opp label coverage: 0.85
Step 2991055/5000000 | Win rate (rollout): 1.00 | Loss: 0.181 | Opp label coverage: 0.92
Step 2991574/5000000 | Win rate (rollout): 0.77 | Loss: 0.155 | Opp label coverage: 0.91
Step 2992089/5000000 | Win rate (rollout): 0.82 | Loss: 0.187 | Opp label coverage: 0.91
Step 2992602/5000000 | Win rate (rollout): 0.25 | Loss: 0.139 | Opp label coverage: 0.92
Step 2993114/5000000 | Win rate (rollout): 0.40 | Loss: 0.181 | Opp label coverage: 0.81
Step 2993626/5000000 | Win rate (rollout): 0.56 | Loss: 0.191 | Opp label coverage: 0.84
Step 2994138/5000000 | Win rate (rollout): 0.83 | Loss: 0.208 | Opp label coverage: 0.80
Step 2994650/5000000 | Win rate (rollout): 0.55 | Loss: 0.230 | Opp label coverage: 0.90
Step 2995168/5000000 | Win rate (rollout): 0.79 | Loss: 0.240 | Opp label coverage: 0.90
Step 2995680/5000000 | Win rate (rollout): 0.42 | Loss: 0.217 | Opp label coverage: 0.82
Step 2996192/5000000 | Win rate (rollout): 0.71 | Loss: 0.196 | Opp label coverage: 0.82
Step 2996704/5000000 | Win rate (rollout): 0.56 | Loss: 0.184 | Opp label coverage: 0.86
Step 2997216/5000000 | Win rate (rollout): 0.60 | Loss: 0.184 | Opp label coverage: 0.73
Step 2997728/5000000 | Win rate (rollout): 0.75 | Loss: 0.186 | Opp label coverage: 0.84
Step 2998246/5000000 | Win rate (rollout): 0.62 | Loss: 0.205 | Opp label coverage: 0.90
Step 2998765/5000000 | Win rate (rollout): 0.85 | Loss: 0.180 | Opp label coverage: 0.89
Step 2999277/5000000 | Win rate (rollout): 0.83 | Loss: 0.180 | Opp label coverage: 0.85
Step 2999795/5000000 | Win rate (rollout): 0.33 | Loss: 0.241 | Opp label coverage: 0.88
[checkpoint] Saved models/ppo/checkpoints/m9seed/ppo_step_3000041.pt
Step 3000311/5000000 | Win rate (rollout): 0.23 | Loss: 0.219 | Opp label coverage: 0.90
Step 3000823/5000000 | Win rate (rollout): 0.50 | Loss: 0.207 | Opp label coverage: 0.84
Step 3001335/5000000 | Win rate (rollout): 0.56 | Loss: 0.200 | Opp label coverage: 0.82
Step 3001852/5000000 | Win rate (rollout): 0.70 | Loss: 0.243 | Opp label coverage: 0.91
Step 3002364/5000000 | Win rate (rollout): 0.64 | Loss: 0.196 | Opp label coverage: 0.90
Step 3002882/5000000 | Win rate (rollout): 0.43 | Loss: 0.221 | Opp label coverage: 0.89
Step 3003394/5000000 | Win rate (rollout): 0.50 | Loss: 0.198 | Opp label coverage: 0.81
Step 3003906/5000000 | Win rate (rollout): 0.70 | Loss: 0.180 | Opp label coverage: 0.83
Step 3004418/5000000 | Win rate (rollout): 0.50 | Loss: 0.203 | Opp label coverage: 0.83
Step 3004933/5000000 | Win rate (rollout): 0.60 | Loss: 0.211 | Opp label coverage: 0.90
Step 3005445/5000000 | Win rate (rollout): 0.86 | Loss: 0.181 | Opp label coverage: 0.83
Step 3005957/5000000 | Win rate (rollout): 0.50 | Loss: 0.182 | Opp label coverage: 0.81
Step 3006475/5000000 | Win rate (rollout): 0.36 | Loss: 0.201 | Opp label coverage: 0.91
Step 3006987/5000000 | Win rate (rollout): 0.67 | Loss: 0.197 | Opp label coverage: 0.84
Step 3007499/5000000 | Win rate (rollout): 0.37 | Loss: 0.203 | Opp label coverage: 0.79
Step 3008011/5000000 | Win rate (rollout): 0.69 | Loss: 0.216 | Opp label coverage: 0.84
Step 3008523/5000000 | Win rate (rollout): 0.58 | Loss: 0.195 | Opp label coverage: 0.85
Step 3009041/5000000 | Win rate (rollout): 0.80 | Loss: 0.211 | Opp label coverage: 0.91
Step 3009553/5000000 | Win rate (rollout): 0.38 | Loss: 0.209 | Opp label coverage: 0.84
Step 3010065/5000000 | Win rate (rollout): 0.89 | Loss: 0.169 | Opp label coverage: 0.82
Step 3010577/5000000 | Win rate (rollout): 0.36 | Loss: 0.218 | Opp label coverage: 0.80
Step 3011089/5000000 | Win rate (rollout): 0.47 | Loss: 0.200 | Opp label coverage: 0.86
Step 3011605/5000000 | Win rate (rollout): 0.60 | Loss: 0.212 | Opp label coverage: 0.91
Step 3012120/5000000 | Win rate (rollout): 0.77 | Loss: 0.223 | Opp label coverage: 0.89
Step 3012632/5000000 | Win rate (rollout): 0.67 | Loss: 0.185 | Opp label coverage: 0.85
Step 3013144/5000000 | Win rate (rollout): 0.23 | Loss: 0.209 | Opp label coverage: 0.79
Step 3013656/5000000 | Win rate (rollout): 0.82 | Loss: 0.212 | Opp label coverage: 0.83
Step 3014168/5000000 | Win rate (rollout): 0.36 | Loss: 0.207 | Opp label coverage: 0.82
Step 3014681/5000000 | Win rate (rollout): 0.30 | Loss: 0.189 | Opp label coverage: 0.89
Step 3015193/5000000 | Win rate (rollout): 0.61 | Loss: 0.218 | Opp label coverage: 0.88
Step 3015710/5000000 | Win rate (rollout): 0.58 | Loss: 0.223 | Opp label coverage: 0.92
Step 3016223/5000000 | Win rate (rollout): 0.70 | Loss: 0.079 | Opp label coverage: 0.94
Step 3016735/5000000 | Win rate (rollout): 0.67 | Loss: 0.197 | Opp label coverage: 0.85
Step 3017247/5000000 | Win rate (rollout): 0.56 | Loss: 0.182 | Opp label coverage: 0.89
Step 3017762/5000000 | Win rate (rollout): 0.69 | Loss: 0.201 | Opp label coverage: 0.90
Step 3018274/5000000 | Win rate (rollout): 0.64 | Loss: 0.194 | Opp label coverage: 0.83
Step 3018787/5000000 | Win rate (rollout): 0.56 | Loss: 0.218 | Opp label coverage: 0.88
Step 3019299/5000000 | Win rate (rollout): 0.38 | Loss: 0.180 | Opp label coverage: 0.81
Step 3019815/5000000 | Win rate (rollout): 0.50 | Loss: 0.204 | Opp label coverage: 0.89
Step 3020327/5000000 | Win rate (rollout): 0.67 | Loss: 0.218 | Opp label coverage: 0.82
Step 3020839/5000000 | Win rate (rollout): 0.53 | Loss: 0.234 | Opp label coverage: 0.82
Step 3021351/5000000 | Win rate (rollout): 0.38 | Loss: 0.190 | Opp label coverage: 0.81
Step 3021863/5000000 | Win rate (rollout): 0.47 | Loss: 0.241 | Opp label coverage: 0.85
Step 3022375/5000000 | Win rate (rollout): 0.73 | Loss: 0.188 | Opp label coverage: 0.82
Step 3022892/5000000 | Win rate (rollout): 0.30 | Loss: 0.193 | Opp label coverage: 0.88
Step 3023411/5000000 | Win rate (rollout): 0.73 | Loss: 0.217 | Opp label coverage: 0.92
Step 3023923/5000000 | Win rate (rollout): 0.33 | Loss: 0.189 | Opp label coverage: 0.85
Step 3024438/5000000 | Win rate (rollout): 0.44 | Loss: 0.210 | Opp label coverage: 0.90
Step 3024956/5000000 | Win rate (rollout): 0.60 | Loss: 0.204 | Opp label coverage: 0.91
Step 3025468/5000000 | Win rate (rollout): 0.50 | Loss: 0.201 | Opp label coverage: 0.83
Step 3025980/5000000 | Win rate (rollout): 0.71 | Loss: 0.169 | Opp label coverage: 0.89
Step 3026492/5000000 | Win rate (rollout): 0.50 | Loss: 0.198 | Opp label coverage: 0.83
Step 3027004/5000000 | Win rate (rollout): 0.44 | Loss: 0.181 | Opp label coverage: 0.82
Step 3027516/5000000 | Win rate (rollout): 0.73 | Loss: 0.219 | Opp label coverage: 0.81
Step 3028028/5000000 | Win rate (rollout): 0.11 | Loss: 0.230 | Opp label coverage: 0.89
Step 3028540/5000000 | Win rate (rollout): 0.64 | Loss: 0.186 | Opp label coverage: 0.81
Step 3029054/5000000 | Win rate (rollout): 0.60 | Loss: 0.260 | Opp label coverage: 0.90
Step 3029566/5000000 | Win rate (rollout): 0.42 | Loss: 0.192 | Opp label coverage: 0.79
Step 3030078/5000000 | Win rate (rollout): 0.80 | Loss: 0.180 | Opp label coverage: 0.86
Step 3030591/5000000 | Win rate (rollout): 0.62 | Loss: 0.203 | Opp label coverage: 0.88
Step 3031103/5000000 | Win rate (rollout): 0.70 | Loss: 0.195 | Opp label coverage: 0.86
Step 3031615/5000000 | Win rate (rollout): 0.27 | Loss: 0.220 | Opp label coverage: 0.89
Step 3032127/5000000 | Win rate (rollout): 0.62 | Loss: 0.179 | Opp label coverage: 0.82
Step 3032643/5000000 | Win rate (rollout): 0.67 | Loss: 0.238 | Opp label coverage: 0.89
Step 3033155/5000000 | Win rate (rollout): 0.53 | Loss: 0.210 | Opp label coverage: 0.89
Step 3033670/5000000 | Win rate (rollout): 0.44 | Loss: 0.215 | Opp label coverage: 0.89
Step 3034188/5000000 | Win rate (rollout): 0.43 | Loss: 0.201 | Opp label coverage: 0.88
Step 3034700/5000000 | Win rate (rollout): 0.50 | Loss: 0.213 | Opp label coverage: 0.89
Step 3035216/5000000 | Win rate (rollout): 0.50 | Loss: 0.181 | Opp label coverage: 0.90
Step 3035733/5000000 | Win rate (rollout): 0.82 | Loss: 0.227 | Opp label coverage: 0.89
Step 3036245/5000000 | Win rate (rollout): 0.87 | Loss: 0.195 | Opp label coverage: 0.81
Step 3036759/5000000 | Win rate (rollout): 0.57 | Loss: 0.239 | Opp label coverage: 0.89
Step 3037272/5000000 | Win rate (rollout): 0.67 | Loss: 0.243 | Opp label coverage: 0.91
Step 3037784/5000000 | Win rate (rollout): 0.54 | Loss: 0.211 | Opp label coverage: 0.84
Step 3038296/5000000 | Win rate (rollout): 0.59 | Loss: 0.201 | Opp label coverage: 0.82
Step 3038808/5000000 | Win rate (rollout): 0.50 | Loss: 0.214 | Opp label coverage: 0.88
Step 3039320/5000000 | Win rate (rollout): 0.50 | Loss: 0.193 | Opp label coverage: 0.82
Step 3039832/5000000 | Win rate (rollout): 0.90 | Loss: 0.204 | Opp label coverage: 0.87
Step 3040344/5000000 | Win rate (rollout): 0.38 | Loss: 0.220 | Opp label coverage: 0.80
Step 3040856/5000000 | Win rate (rollout): 0.50 | Loss: 0.201 | Opp label coverage: 0.83
Step 3041368/5000000 | Win rate (rollout): 0.47 | Loss: 0.210 | Opp label coverage: 0.84
Step 3041880/5000000 | Win rate (rollout): 0.50 | Loss: 0.188 | Opp label coverage: 0.86
Step 3042392/5000000 | Win rate (rollout): 0.25 | Loss: 0.230 | Opp label coverage: 0.88
Step 3042905/5000000 | Win rate (rollout): 0.38 | Loss: 0.183 | Opp label coverage: 0.89
Step 3043419/5000000 | Win rate (rollout): 0.43 | Loss: 0.264 | Opp label coverage: 0.90
Step 3043931/5000000 | Win rate (rollout): 0.45 | Loss: 0.181 | Opp label coverage: 0.84
Step 3044443/5000000 | Win rate (rollout): 0.70 | Loss: 0.193 | Opp label coverage: 0.84
Step 3044955/5000000 | Win rate (rollout): 0.64 | Loss: 0.205 | Opp label coverage: 0.83
Step 3045471/5000000 | Win rate (rollout): 0.67 | Loss: 0.208 | Opp label coverage: 0.89
Step 3045983/5000000 | Win rate (rollout): 0.67 | Loss: 0.229 | Opp label coverage: 0.85
Step 3046495/5000000 | Win rate (rollout): 0.53 | Loss: 0.219 | Opp label coverage: 0.84
Step 3047007/5000000 | Win rate (rollout): 1.00 | Loss: 0.178 | Opp label coverage: 0.79
Step 3047523/5000000 | Win rate (rollout): 0.50 | Loss: 0.224 | Opp label coverage: 0.92
Step 3048036/5000000 | Win rate (rollout): 0.46 | Loss: 0.248 | Opp label coverage: 0.90
Step 3048554/5000000 | Win rate (rollout): 0.71 | Loss: 0.197 | Opp label coverage: 0.92
Step 3049071/5000000 | Win rate (rollout): 0.53 | Loss: 0.175 | Opp label coverage: 0.91
Step 3049587/5000000 | Win rate (rollout): 0.45 | Loss: 0.221 | Opp label coverage: 0.91
Step 3050100/5000000 | Win rate (rollout): 0.33 | Loss: 0.336 | Opp label coverage: 0.88
Step 3050612/5000000 | Win rate (rollout): 0.82 | Loss: 0.201 | Opp label coverage: 0.85
Step 3051124/5000000 | Win rate (rollout): 0.40 | Loss: 0.210 | Opp label coverage: 0.89
Step 3051640/5000000 | Win rate (rollout): 0.47 | Loss: 0.232 | Opp label coverage: 0.89
Step 3052158/5000000 | Win rate (rollout): 0.23 | Loss: 0.216 | Opp label coverage: 0.89
Step 3052670/5000000 | Win rate (rollout): 0.53 | Loss: 0.256 | Opp label coverage: 0.81
Step 3053182/5000000 | Win rate (rollout): 0.69 | Loss: 0.200 | Opp label coverage: 0.83
Step 3053699/5000000 | Win rate (rollout): 0.30 | Loss: 0.250 | Opp label coverage: 0.88
Step 3054214/5000000 | Win rate (rollout): 0.53 | Loss: 0.206 | Opp label coverage: 0.89
Step 3054728/5000000 | Win rate (rollout): 0.60 | Loss: 0.208 | Opp label coverage: 0.88
Step 3055242/5000000 | Win rate (rollout): 0.40 | Loss: 0.255 | Opp label coverage: 0.89
Step 3055759/5000000 | Win rate (rollout): 0.62 | Loss: 0.221 | Opp label coverage: 0.90
Step 3056271/5000000 | Win rate (rollout): 0.43 | Loss: 0.196 | Opp label coverage: 0.83
Step 3056783/5000000 | Win rate (rollout): 0.44 | Loss: 0.210 | Opp label coverage: 0.82
Step 3057295/5000000 | Win rate (rollout): 0.60 | Loss: 0.210 | Opp label coverage: 0.86
Step 3057810/5000000 | Win rate (rollout): 0.36 | Loss: 0.257 | Opp label coverage: 0.89
Step 3058326/5000000 | Win rate (rollout): 0.45 | Loss: 0.188 | Opp label coverage: 0.90
Step 3058838/5000000 | Win rate (rollout): 0.64 | Loss: 0.204 | Opp label coverage: 0.83
Step 3059350/5000000 | Win rate (rollout): 0.62 | Loss: 0.241 | Opp label coverage: 0.81
Step 3059862/5000000 | Win rate (rollout): 0.91 | Loss: 0.174 | Opp label coverage: 0.82
Step 3060376/5000000 | Win rate (rollout): 0.80 | Loss: 0.199 | Opp label coverage: 0.90
Step 3060888/5000000 | Win rate (rollout): 0.50 | Loss: 0.222 | Opp label coverage: 0.84
Step 3061406/5000000 | Win rate (rollout): 0.64 | Loss: 0.188 | Opp label coverage: 0.89
Step 3061924/5000000 | Win rate (rollout): 0.57 | Loss: 0.224 | Opp label coverage: 0.89
Step 3062436/5000000 | Win rate (rollout): 0.80 | Loss: 0.181 | Opp label coverage: 0.83
Step 3062948/5000000 | Win rate (rollout): 0.60 | Loss: 0.186 | Opp label coverage: 0.80
Step 3063463/5000000 | Win rate (rollout): 0.50 | Loss: 0.192 | Opp label coverage: 0.90
Step 3063977/5000000 | Win rate (rollout): 0.50 | Loss: 0.147 | Opp label coverage: 0.89
Step 3064491/5000000 | Win rate (rollout): 0.79 | Loss: 0.135 | Opp label coverage: 0.91
Step 3065003/5000000 | Win rate (rollout): 0.60 | Loss: 0.219 | Opp label coverage: 0.84
Step 3065515/5000000 | Win rate (rollout): 0.62 | Loss: 0.199 | Opp label coverage: 0.78
Step 3066027/5000000 | Win rate (rollout): 0.45 | Loss: 0.172 | Opp label coverage: 0.71
Step 3066545/5000000 | Win rate (rollout): 0.60 | Loss: 0.254 | Opp label coverage: 0.88
Step 3067060/5000000 | Win rate (rollout): 0.56 | Loss: 0.231 | Opp label coverage: 0.87
Step 3067572/5000000 | Win rate (rollout): 0.50 | Loss: 0.195 | Opp label coverage: 0.85
Step 3068084/5000000 | Win rate (rollout): 0.71 | Loss: 0.215 | Opp label coverage: 0.81
Step 3068596/5000000 | Win rate (rollout): 0.57 | Loss: 0.171 | Opp label coverage: 0.80
Step 3069108/5000000 | Win rate (rollout): 0.58 | Loss: 0.191 | Opp label coverage: 0.83
Step 3069620/5000000 | Win rate (rollout): 0.54 | Loss: 0.188 | Opp label coverage: 0.86
Step 3070135/5000000 | Win rate (rollout): 0.33 | Loss: 0.247 | Opp label coverage: 0.87
Step 3070647/5000000 | Win rate (rollout): 0.58 | Loss: 0.183 | Opp label coverage: 0.85
Step 3071159/5000000 | Win rate (rollout): 0.62 | Loss: 0.198 | Opp label coverage: 0.87
Step 3071677/5000000 | Win rate (rollout): 0.80 | Loss: 0.217 | Opp label coverage: 0.90
Step 3072195/5000000 | Win rate (rollout): 0.44 | Loss: 0.230 | Opp label coverage: 0.91
Step 3072708/5000000 | Win rate (rollout): 0.79 | Loss: 0.120 | Opp label coverage: 0.90
Step 3073225/5000000 | Win rate (rollout): 0.25 | Loss: 0.255 | Opp label coverage: 0.87
Step 3073737/5000000 | Win rate (rollout): 0.33 | Loss: 0.210 | Opp label coverage: 0.85
Step 3074255/5000000 | Win rate (rollout): 0.73 | Loss: 0.224 | Opp label coverage: 0.90
Step 3074767/5000000 | Win rate (rollout): 0.62 | Loss: 0.224 | Opp label coverage: 0.90
Step 3075286/5000000 | Win rate (rollout): 0.73 | Loss: 0.212 | Opp label coverage: 0.90
Step 3075798/5000000 | Win rate (rollout): 0.42 | Loss: 0.196 | Opp label coverage: 0.82
Step 3076310/5000000 | Win rate (rollout): 0.50 | Loss: 0.188 | Opp label coverage: 0.83
Step 3076825/5000000 | Win rate (rollout): 0.14 | Loss: 0.213 | Opp label coverage: 0.90
Step 3077337/5000000 | Win rate (rollout): 0.86 | Loss: 0.205 | Opp label coverage: 0.92
Step 3077849/5000000 | Win rate (rollout): 0.50 | Loss: 0.234 | Opp label coverage: 0.89
Step 3078367/5000000 | Win rate (rollout): 0.47 | Loss: 0.209 | Opp label coverage: 0.90
Step 3078879/5000000 | Win rate (rollout): 0.73 | Loss: 0.193 | Opp label coverage: 0.83
Step 3079393/5000000 | Win rate (rollout): 0.45 | Loss: 0.210 | Opp label coverage: 0.89
Step 3079905/5000000 | Win rate (rollout): 0.62 | Loss: 0.175 | Opp label coverage: 0.86
Step 3080418/5000000 | Win rate (rollout): 0.50 | Loss: 0.194 | Opp label coverage: 0.90
Step 3080937/5000000 | Win rate (rollout): 0.71 | Loss: 0.235 | Opp label coverage: 0.90
Step 3081449/5000000 | Win rate (rollout): 0.70 | Loss: 0.187 | Opp label coverage: 0.81
Step 3081967/5000000 | Win rate (rollout): 0.25 | Loss: 0.236 | Opp label coverage: 0.91
Step 3082479/5000000 | Win rate (rollout): 0.64 | Loss: 0.204 | Opp label coverage: 0.83
Step 3082996/5000000 | Win rate (rollout): 0.55 | Loss: 0.216 | Opp label coverage: 0.91
Step 3083512/5000000 | Win rate (rollout): 0.58 | Loss: 0.219 | Opp label coverage: 0.92
Step 3084024/5000000 | Win rate (rollout): 0.40 | Loss: 0.212 | Opp label coverage: 0.80
Step 3084536/5000000 | Win rate (rollout): 0.62 | Loss: 0.215 | Opp label coverage: 0.91
Step 3085055/5000000 | Win rate (rollout): 0.54 | Loss: 0.215 | Opp label coverage: 0.90
Step 3085567/5000000 | Win rate (rollout): 0.33 | Loss: 0.221 | Opp label coverage: 0.78
Step 3086079/5000000 | Win rate (rollout): 0.56 | Loss: 0.212 | Opp label coverage: 0.79
Step 3086591/5000000 | Win rate (rollout): 0.72 | Loss: 0.208 | Opp label coverage: 0.81
Step 3087108/5000000 | Win rate (rollout): 0.50 | Loss: 0.249 | Opp label coverage: 0.88
Step 3087620/5000000 | Win rate (rollout): 0.67 | Loss: 0.237 | Opp label coverage: 0.83
Step 3088139/5000000 | Win rate (rollout): 0.69 | Loss: 0.161 | Opp label coverage: 0.90
Step 3088651/5000000 | Win rate (rollout): 0.67 | Loss: 0.225 | Opp label coverage: 0.90
Step 3089163/5000000 | Win rate (rollout): 0.46 | Loss: 0.221 | Opp label coverage: 0.81
Step 3089681/5000000 | Win rate (rollout): 0.67 | Loss: 0.215 | Opp label coverage: 0.88
Step 3090193/5000000 | Win rate (rollout): 0.54 | Loss: 0.201 | Opp label coverage: 0.83
Step 3090705/5000000 | Win rate (rollout): 0.56 | Loss: 0.232 | Opp label coverage: 0.90
Step 3091222/5000000 | Win rate (rollout): 0.85 | Loss: 0.242 | Opp label coverage: 0.91
Step 3091734/5000000 | Win rate (rollout): 0.78 | Loss: 0.191 | Opp label coverage: 0.81
Step 3092249/5000000 | Win rate (rollout): 0.67 | Loss: 0.210 | Opp label coverage: 0.89
Step 3092761/5000000 | Win rate (rollout): 0.46 | Loss: 0.186 | Opp label coverage: 0.85
Step 3093279/5000000 | Win rate (rollout): 0.55 | Loss: 0.293 | Opp label coverage: 0.89
Step 3093791/5000000 | Win rate (rollout): 0.71 | Loss: 0.220 | Opp label coverage: 0.85
Step 3094303/5000000 | Win rate (rollout): 0.43 | Loss: 0.230 | Opp label coverage: 0.78
Step 3094820/5000000 | Win rate (rollout): 0.46 | Loss: 0.231 | Opp label coverage: 0.87
Step 3095332/5000000 | Win rate (rollout): 0.57 | Loss: 0.163 | Opp label coverage: 0.79
Step 3095848/5000000 | Win rate (rollout): 0.56 | Loss: 0.189 | Opp label coverage: 0.90
Step 3096361/5000000 | Win rate (rollout): 0.47 | Loss: 0.212 | Opp label coverage: 0.90
Step 3096873/5000000 | Win rate (rollout): 0.67 | Loss: 0.213 | Opp label coverage: 0.82
Step 3097385/5000000 | Win rate (rollout): 0.69 | Loss: 0.185 | Opp label coverage: 0.81
Step 3097901/5000000 | Win rate (rollout): 0.56 | Loss: 0.235 | Opp label coverage: 0.90
Step 3098414/5000000 | Win rate (rollout): 0.53 | Loss: 0.255 | Opp label coverage: 0.89
Step 3098926/5000000 | Win rate (rollout): 0.70 | Loss: 0.233 | Opp label coverage: 0.84
Step 3099438/5000000 | Win rate (rollout): 0.67 | Loss: 0.192 | Opp label coverage: 0.89
Step 3099952/5000000 | Win rate (rollout): 0.57 | Loss: 0.168 | Opp label coverage: 0.90
Step 3100464/5000000 | Win rate (rollout): 0.54 | Loss: 0.196 | Opp label coverage: 0.85
Step 3100976/5000000 | Win rate (rollout): 0.70 | Loss: 0.238 | Opp label coverage: 0.86
Step 3101488/5000000 | Win rate (rollout): 0.85 | Loss: 0.227 | Opp label coverage: 0.82
Step 3102000/5000000 | Win rate (rollout): 0.64 | Loss: 0.202 | Opp label coverage: 0.81
Step 3102512/5000000 | Win rate (rollout): 0.46 | Loss: 0.205 | Opp label coverage: 0.83
Step 3103029/5000000 | Win rate (rollout): 0.64 | Loss: 0.264 | Opp label coverage: 0.89
Step 3103541/5000000 | Win rate (rollout): 0.33 | Loss: 0.199 | Opp label coverage: 0.84
Step 3104058/5000000 | Win rate (rollout): 0.70 | Loss: 0.191 | Opp label coverage: 0.88
Step 3104571/5000000 | Win rate (rollout): 0.67 | Loss: 0.257 | Opp label coverage: 0.90
Step 3105088/5000000 | Win rate (rollout): 0.62 | Loss: 0.174 | Opp label coverage: 0.92
Step 3105603/5000000 | Win rate (rollout): 0.13 | Loss: 0.206 | Opp label coverage: 0.87
Step 3106120/5000000 | Win rate (rollout): 0.54 | Loss: 0.226 | Opp label coverage: 0.90
Step 3106632/5000000 | Win rate (rollout): 0.22 | Loss: 0.172 | Opp label coverage: 0.84
Step 3107148/5000000 | Win rate (rollout): 0.55 | Loss: 0.185 | Opp label coverage: 0.88
Step 3107663/5000000 | Win rate (rollout): 0.21 | Loss: 0.215 | Opp label coverage: 0.90
Step 3108175/5000000 | Win rate (rollout): 0.43 | Loss: 0.203 | Opp label coverage: 0.81
Step 3108689/5000000 | Win rate (rollout): 0.45 | Loss: 0.222 | Opp label coverage: 0.89
Step 3109204/5000000 | Win rate (rollout): 0.55 | Loss: 0.215 | Opp label coverage: 0.92
Step 3109722/5000000 | Win rate (rollout): 0.46 | Loss: 0.182 | Opp label coverage: 0.90
Step 3110234/5000000 | Win rate (rollout): 0.92 | Loss: 0.203 | Opp label coverage: 0.82
Step 3110746/5000000 | Win rate (rollout): 0.75 | Loss: 0.217 | Opp label coverage: 0.82
Step 3111258/5000000 | Win rate (rollout): 0.89 | Loss: 0.157 | Opp label coverage: 0.82
Step 3111770/5000000 | Win rate (rollout): 0.29 | Loss: 0.219 | Opp label coverage: 0.81
Step 3112282/5000000 | Win rate (rollout): 0.29 | Loss: 0.192 | Opp label coverage: 0.85
Step 3112796/5000000 | Win rate (rollout): 0.54 | Loss: 0.292 | Opp label coverage: 0.88
Step 3113308/5000000 | Win rate (rollout): 0.46 | Loss: 0.227 | Opp label coverage: 0.80
Step 3113823/5000000 | Win rate (rollout): 0.80 | Loss: 0.233 | Opp label coverage: 0.91
Step 3114340/5000000 | Win rate (rollout): 0.67 | Loss: 0.225 | Opp label coverage: 0.90
Step 3114855/5000000 | Win rate (rollout): 0.38 | Loss: 0.230 | Opp label coverage: 0.90
Step 3115371/5000000 | Win rate (rollout): 0.38 | Loss: 0.214 | Opp label coverage: 0.90
Step 3115883/5000000 | Win rate (rollout): 0.50 | Loss: 0.203 | Opp label coverage: 0.92
Step 3116398/5000000 | Win rate (rollout): 0.85 | Loss: 0.221 | Opp label coverage: 0.91
Step 3116910/5000000 | Win rate (rollout): 0.64 | Loss: 0.185 | Opp label coverage: 0.85
Step 3117422/5000000 | Win rate (rollout): 0.47 | Loss: 0.178 | Opp label coverage: 0.84
Step 3117934/5000000 | Win rate (rollout): 0.53 | Loss: 0.231 | Opp label coverage: 0.87
Step 3118451/5000000 | Win rate (rollout): 0.91 | Loss: 0.285 | Opp label coverage: 0.91
Step 3118963/5000000 | Win rate (rollout): 0.70 | Loss: 0.190 | Opp label coverage: 0.84
Step 3119478/5000000 | Win rate (rollout): 0.56 | Loss: 0.279 | Opp label coverage: 0.89
Step 3119990/5000000 | Win rate (rollout): 0.54 | Loss: 0.192 | Opp label coverage: 0.90
Step 3120502/5000000 | Win rate (rollout): 0.56 | Loss: 0.198 | Opp label coverage: 0.84
Step 3121014/5000000 | Win rate (rollout): 0.47 | Loss: 0.248 | Opp label coverage: 0.81
Step 3121526/5000000 | Win rate (rollout): 0.62 | Loss: 0.179 | Opp label coverage: 0.86
Step 3122038/5000000 | Win rate (rollout): 0.53 | Loss: 0.211 | Opp label coverage: 0.84
Step 3122553/5000000 | Win rate (rollout): 0.64 | Loss: 0.203 | Opp label coverage: 0.89
Step 3123067/5000000 | Win rate (rollout): 0.46 | Loss: 0.170 | Opp label coverage: 0.88
Step 3123579/5000000 | Win rate (rollout): 0.70 | Loss: 0.203 | Opp label coverage: 0.83
Step 3124091/5000000 | Win rate (rollout): 0.77 | Loss: 0.181 | Opp label coverage: 0.80
Step 3124603/5000000 | Win rate (rollout): 0.53 | Loss: 0.218 | Opp label coverage: 0.80
Step 3125115/5000000 | Win rate (rollout): 0.40 | Loss: 0.223 | Opp label coverage: 0.81
Step 3125632/5000000 | Win rate (rollout): 0.58 | Loss: 0.225 | Opp label coverage: 0.89
Step 3126150/5000000 | Win rate (rollout): 0.69 | Loss: 0.227 | Opp label coverage: 0.89
Step 3126662/5000000 | Win rate (rollout): 0.56 | Loss: 0.200 | Opp label coverage: 0.79
Step 3127174/5000000 | Win rate (rollout): 0.69 | Loss: 0.230 | Opp label coverage: 0.81
Step 3127686/5000000 | Win rate (rollout): 0.38 | Loss: 0.205 | Opp label coverage: 0.80
Step 3128198/5000000 | Win rate (rollout): 0.73 | Loss: 0.202 | Opp label coverage: 0.83
Step 3128715/5000000 | Win rate (rollout): 0.55 | Loss: 0.239 | Opp label coverage: 0.89
Step 3129231/5000000 | Win rate (rollout): 0.53 | Loss: 0.197 | Opp label coverage: 0.91
Step 3129743/5000000 | Win rate (rollout): 0.81 | Loss: 0.248 | Opp label coverage: 0.88
Step 3130257/5000000 | Win rate (rollout): 0.62 | Loss: 0.274 | Opp label coverage: 0.89
Step 3130769/5000000 | Win rate (rollout): 0.85 | Loss: 0.163 | Opp label coverage: 0.82
Step 3131281/5000000 | Win rate (rollout): 0.80 | Loss: 0.182 | Opp label coverage: 0.87
Step 3131793/5000000 | Win rate (rollout): 0.77 | Loss: 0.194 | Opp label coverage: 0.86
Step 3132305/5000000 | Win rate (rollout): 0.69 | Loss: 0.243 | Opp label coverage: 0.81
Step 3132817/5000000 | Win rate (rollout): 0.77 | Loss: 0.202 | Opp label coverage: 0.83
Step 3133330/5000000 | Win rate (rollout): 0.33 | Loss: 0.077 | Opp label coverage: 0.89
Step 3133844/5000000 | Win rate (rollout): 0.67 | Loss: 0.304 | Opp label coverage: 0.88
Step 3134356/5000000 | Win rate (rollout): 0.90 | Loss: 0.179 | Opp label coverage: 0.80
Step 3134868/5000000 | Win rate (rollout): 0.79 | Loss: 0.177 | Opp label coverage: 0.83
Step 3135380/5000000 | Win rate (rollout): 0.73 | Loss: 0.206 | Opp label coverage: 0.82
Step 3135892/5000000 | Win rate (rollout): 0.43 | Loss: 0.195 | Opp label coverage: 0.82
Step 3136404/5000000 | Win rate (rollout): 0.33 | Loss: 0.189 | Opp label coverage: 0.81
Step 3136919/5000000 | Win rate (rollout): 0.33 | Loss: 0.241 | Opp label coverage: 0.89
Step 3137434/5000000 | Win rate (rollout): 0.77 | Loss: 0.210 | Opp label coverage: 0.90
Step 3137946/5000000 | Win rate (rollout): 0.60 | Loss: 0.198 | Opp label coverage: 0.87
Step 3138458/5000000 | Win rate (rollout): 0.44 | Loss: 0.214 | Opp label coverage: 0.89
Step 3138976/5000000 | Win rate (rollout): 0.69 | Loss: 0.188 | Opp label coverage: 0.91
Step 3139490/5000000 | Win rate (rollout): 0.57 | Loss: 0.219 | Opp label coverage: 0.90
Step 3140007/5000000 | Win rate (rollout): 0.55 | Loss: 0.196 | Opp label coverage: 0.91
Step 3140520/5000000 | Win rate (rollout): 0.54 | Loss: 0.282 | Opp label coverage: 0.91
Step 3141032/5000000 | Win rate (rollout): 0.75 | Loss: 0.231 | Opp label coverage: 0.82
Step 3141544/5000000 | Win rate (rollout): 0.40 | Loss: 0.192 | Opp label coverage: 0.86
Step 3142056/5000000 | Win rate (rollout): 0.82 | Loss: 0.201 | Opp label coverage: 0.80
Step 3142568/5000000 | Win rate (rollout): 0.60 | Loss: 0.216 | Opp label coverage: 0.82
Step 3143080/5000000 | Win rate (rollout): 0.56 | Loss: 0.210 | Opp label coverage: 0.84
Step 3143592/5000000 | Win rate (rollout): 0.59 | Loss: 0.215 | Opp label coverage: 0.78
Step 3144107/5000000 | Win rate (rollout): 0.44 | Loss: 0.207 | Opp label coverage: 0.90
Step 3144619/5000000 | Win rate (rollout): 0.54 | Loss: 0.212 | Opp label coverage: 0.85
Step 3145134/5000000 | Win rate (rollout): 0.42 | Loss: 0.210 | Opp label coverage: 0.88
Step 3145646/5000000 | Win rate (rollout): 0.38 | Loss: 0.180 | Opp label coverage: 0.79
Step 3146165/5000000 | Win rate (rollout): 0.70 | Loss: 0.176 | Opp label coverage: 0.90
Step 3146677/5000000 | Win rate (rollout): 0.40 | Loss: 0.186 | Opp label coverage: 0.87
Step 3147190/5000000 | Win rate (rollout): 0.58 | Loss: 0.357 | Opp label coverage: 0.91
Step 3147702/5000000 | Win rate (rollout): 0.70 | Loss: 0.216 | Opp label coverage: 0.82
Step 3148214/5000000 | Win rate (rollout): 0.54 | Loss: 0.196 | Opp label coverage: 0.83
Step 3148726/5000000 | Win rate (rollout): 0.62 | Loss: 0.225 | Opp label coverage: 0.83
Step 3149238/5000000 | Win rate (rollout): 0.41 | Loss: 0.220 | Opp label coverage: 0.82
Step 3149750/5000000 | Win rate (rollout): 0.50 | Loss: 0.215 | Opp label coverage: 0.77
Step 3150262/5000000 | Win rate (rollout): 0.60 | Loss: 0.207 | Opp label coverage: 0.84
Step 3150777/5000000 | Win rate (rollout): 0.33 | Loss: 0.225 | Opp label coverage: 0.89
Step 3151293/5000000 | Win rate (rollout): 0.25 | Loss: 0.205 | Opp label coverage: 0.89
Step 3151807/5000000 | Win rate (rollout): 0.64 | Loss: 0.274 | Opp label coverage: 0.90
Step 3152320/5000000 | Win rate (rollout): 0.65 | Loss: 0.249 | Opp label coverage: 0.89
Step 3152832/5000000 | Win rate (rollout): 0.44 | Loss: 0.198 | Opp label coverage: 0.81
Step 3153344/5000000 | Win rate (rollout): 0.62 | Loss: 0.209 | Opp label coverage: 0.78
Step 3153856/5000000 | Win rate (rollout): 0.44 | Loss: 0.197 | Opp label coverage: 0.80
Step 3154372/5000000 | Win rate (rollout): 0.62 | Loss: 0.264 | Opp label coverage: 0.89
Step 3154888/5000000 | Win rate (rollout): 0.42 | Loss: 0.230 | Opp label coverage: 0.90
Step 3155400/5000000 | Win rate (rollout): 0.60 | Loss: 0.189 | Opp label coverage: 0.83
Step 3155912/5000000 | Win rate (rollout): 0.43 | Loss: 0.233 | Opp label coverage: 0.78
Step 3156428/5000000 | Win rate (rollout): 0.27 | Loss: 0.188 | Opp label coverage: 0.87
Step 3156940/5000000 | Win rate (rollout): 0.55 | Loss: 0.205 | Opp label coverage: 0.80
Step 3157456/5000000 | Win rate (rollout): 0.20 | Loss: 0.172 | Opp label coverage: 0.89
Step 3157968/5000000 | Win rate (rollout): 0.60 | Loss: 0.189 | Opp label coverage: 0.83
Step 3158480/5000000 | Win rate (rollout): 0.71 | Loss: 0.202 | Opp label coverage: 0.81
Step 3158992/5000000 | Win rate (rollout): 0.60 | Loss: 0.210 | Opp label coverage: 0.81
Step 3159508/5000000 | Win rate (rollout): 0.75 | Loss: 0.182 | Opp label coverage: 0.89
Step 3160020/5000000 | Win rate (rollout): 0.73 | Loss: 0.177 | Opp label coverage: 0.78
Step 3160533/5000000 | Win rate (rollout): 0.33 | Loss: 0.198 | Opp label coverage: 0.87
Step 3161048/5000000 | Win rate (rollout): 0.33 | Loss: 0.232 | Opp label coverage: 0.89
Step 3161561/5000000 | Win rate (rollout): 0.43 | Loss: 0.231 | Opp label coverage: 0.88
Step 3162077/5000000 | Win rate (rollout): 0.41 | Loss: 0.264 | Opp label coverage: 0.88
Step 3162591/5000000 | Win rate (rollout): 0.69 | Loss: 0.080 | Opp label coverage: 0.89
Step 3163103/5000000 | Win rate (rollout): 0.71 | Loss: 0.181 | Opp label coverage: 0.91
Step 3163615/5000000 | Win rate (rollout): 0.29 | Loss: 0.203 | Opp label coverage: 0.89
Step 3164127/5000000 | Win rate (rollout): 0.57 | Loss: 0.224 | Opp label coverage: 0.86
Step 3164643/5000000 | Win rate (rollout): 0.60 | Loss: 0.211 | Opp label coverage: 0.92
Step 3165155/5000000 | Win rate (rollout): 0.50 | Loss: 0.186 | Opp label coverage: 0.84
Step 3165667/5000000 | Win rate (rollout): 0.38 | Loss: 0.216 | Opp label coverage: 0.82
Step 3166179/5000000 | Win rate (rollout): 0.73 | Loss: 0.206 | Opp label coverage: 0.88
Step 3166693/5000000 | Win rate (rollout): 0.47 | Loss: 0.242 | Opp label coverage: 0.88
Step 3167205/5000000 | Win rate (rollout): 0.62 | Loss: 0.215 | Opp label coverage: 0.84
Step 3167719/5000000 | Win rate (rollout): 0.40 | Loss: 0.209 | Opp label coverage: 0.88
Step 3168237/5000000 | Win rate (rollout): 0.38 | Loss: 0.175 | Opp label coverage: 0.90
Step 3168750/5000000 | Win rate (rollout): 0.53 | Loss: 0.219 | Opp label coverage: 0.89
Step 3169262/5000000 | Win rate (rollout): 0.88 | Loss: 0.178 | Opp label coverage: 0.73
Step 3169776/5000000 | Win rate (rollout): 0.50 | Loss: 0.237 | Opp label coverage: 0.90
Step 3170291/5000000 | Win rate (rollout): 0.47 | Loss: 0.154 | Opp label coverage: 0.90
Step 3170803/5000000 | Win rate (rollout): 0.50 | Loss: 0.224 | Opp label coverage: 0.82
Step 3171315/5000000 | Win rate (rollout): 0.54 | Loss: 0.216 | Opp label coverage: 0.81
Step 3171827/5000000 | Win rate (rollout): 0.57 | Loss: 0.181 | Opp label coverage: 0.85
Step 3172343/5000000 | Win rate (rollout): 0.43 | Loss: 0.199 | Opp label coverage: 0.92
Step 3172860/5000000 | Win rate (rollout): 0.71 | Loss: 0.219 | Opp label coverage: 0.91
Step 3173377/5000000 | Win rate (rollout): 0.41 | Loss: 0.199 | Opp label coverage: 0.89
Step 3173889/5000000 | Win rate (rollout): 0.38 | Loss: 0.229 | Opp label coverage: 0.83
Step 3174401/5000000 | Win rate (rollout): 0.57 | Loss: 0.191 | Opp label coverage: 0.88
Step 3174913/5000000 | Win rate (rollout): 0.73 | Loss: 0.206 | Opp label coverage: 0.83
Step 3175428/5000000 | Win rate (rollout): 0.62 | Loss: 0.204 | Opp label coverage: 0.91
Step 3175947/5000000 | Win rate (rollout): 0.36 | Loss: 0.188 | Opp label coverage: 0.89
Step 3176459/5000000 | Win rate (rollout): 0.50 | Loss: 0.219 | Opp label coverage: 0.89
Step 3176971/5000000 | Win rate (rollout): 0.62 | Loss: 0.202 | Opp label coverage: 0.81
Step 3177483/5000000 | Win rate (rollout): 0.82 | Loss: 0.211 | Opp label coverage: 0.83
Step 3177995/5000000 | Win rate (rollout): 0.80 | Loss: 0.212 | Opp label coverage: 0.85
Step 3178511/5000000 | Win rate (rollout): 0.33 | Loss: 0.212 | Opp label coverage: 0.89
Step 3179023/5000000 | Win rate (rollout): 0.50 | Loss: 0.182 | Opp label coverage: 0.84
Step 3179535/5000000 | Win rate (rollout): 0.64 | Loss: 0.236 | Opp label coverage: 0.78
Step 3180052/5000000 | Win rate (rollout): 0.55 | Loss: 0.240 | Opp label coverage: 0.89
Step 3180564/5000000 | Win rate (rollout): 0.50 | Loss: 0.177 | Opp label coverage: 0.85
Step 3181076/5000000 | Win rate (rollout): 0.75 | Loss: 0.182 | Opp label coverage: 0.82
Step 3181588/5000000 | Win rate (rollout): 0.71 | Loss: 0.215 | Opp label coverage: 0.82
Step 3182101/5000000 | Win rate (rollout): 0.55 | Loss: 0.345 | Opp label coverage: 0.90
Step 3182618/5000000 | Win rate (rollout): 0.67 | Loss: 0.187 | Opp label coverage: 0.90
Step 3183130/5000000 | Win rate (rollout): 0.33 | Loss: 0.214 | Opp label coverage: 0.89
Step 3183646/5000000 | Win rate (rollout): 0.69 | Loss: 0.179 | Opp label coverage: 0.88
Step 3184158/5000000 | Win rate (rollout): 0.43 | Loss: 0.219 | Opp label coverage: 0.85
Step 3184670/5000000 | Win rate (rollout): 0.50 | Loss: 0.191 | Opp label coverage: 0.80
Step 3185182/5000000 | Win rate (rollout): 0.67 | Loss: 0.213 | Opp label coverage: 0.79
Step 3185694/5000000 | Win rate (rollout): 0.64 | Loss: 0.171 | Opp label coverage: 0.86
Step 3186210/5000000 | Win rate (rollout): 0.57 | Loss: 0.205 | Opp label coverage: 0.92
Step 3186722/5000000 | Win rate (rollout): 0.57 | Loss: 0.220 | Opp label coverage: 0.84
Step 3187234/5000000 | Win rate (rollout): 0.47 | Loss: 0.217 | Opp label coverage: 0.83
Step 3187749/5000000 | Win rate (rollout): 0.58 | Loss: 0.244 | Opp label coverage: 0.88
Step 3188267/5000000 | Win rate (rollout): 0.58 | Loss: 0.241 | Opp label coverage: 0.91
Step 3188779/5000000 | Win rate (rollout): 0.75 | Loss: 0.185 | Opp label coverage: 0.85
Step 3189291/5000000 | Win rate (rollout): 0.62 | Loss: 0.197 | Opp label coverage: 0.79
Step 3189803/5000000 | Win rate (rollout): 0.67 | Loss: 0.226 | Opp label coverage: 0.82
Step 3190316/5000000 | Win rate (rollout): 0.33 | Loss: 0.227 | Opp label coverage: 0.88
Step 3190834/5000000 | Win rate (rollout): 0.62 | Loss: 0.206 | Opp label coverage: 0.89
Step 3191346/5000000 | Win rate (rollout): 0.62 | Loss: 0.176 | Opp label coverage: 0.87
Step 3191859/5000000 | Win rate (rollout): 0.91 | Loss: 0.222 | Opp label coverage: 0.88
Step 3192377/5000000 | Win rate (rollout): 0.46 | Loss: 0.231 | Opp label coverage: 0.90
Step 3192889/5000000 | Win rate (rollout): 0.82 | Loss: 0.211 | Opp label coverage: 0.85
Step 3193402/5000000 | Win rate (rollout): 0.70 | Loss: 0.169 | Opp label coverage: 0.91
Step 3193914/5000000 | Win rate (rollout): 0.86 | Loss: 0.149 | Opp label coverage: 0.83
Step 3194426/5000000 | Win rate (rollout): 0.67 | Loss: 0.186 | Opp label coverage: 0.80
Step 3194938/5000000 | Win rate (rollout): 0.25 | Loss: 0.193 | Opp label coverage: 0.82
Step 3195450/5000000 | Win rate (rollout): 0.47 | Loss: 0.220 | Opp label coverage: 0.79
Step 3195962/5000000 | Win rate (rollout): 0.86 | Loss: 0.168 | Opp label coverage: 0.85
Step 3196477/5000000 | Win rate (rollout): 0.54 | Loss: 0.237 | Opp label coverage: 0.89
Step 3196989/5000000 | Win rate (rollout): 0.46 | Loss: 0.258 | Opp label coverage: 0.80
Step 3197507/5000000 | Win rate (rollout): 0.30 | Loss: 0.226 | Opp label coverage: 0.89
Step 3198025/5000000 | Win rate (rollout): 0.50 | Loss: 0.197 | Opp label coverage: 0.90
Step 3198540/5000000 | Win rate (rollout): 0.43 | Loss: 0.247 | Opp label coverage: 0.89
Step 3199052/5000000 | Win rate (rollout): 0.23 | Loss: 0.209 | Opp label coverage: 0.79
Step 3199570/5000000 | Win rate (rollout): 0.50 | Loss: 0.213 | Opp label coverage: 0.90
Step 3200085/5000000 | Win rate (rollout): 0.40 | Loss: 0.261 | Opp label coverage: 0.88
Step 3200602/5000000 | Win rate (rollout): 0.15 | Loss: 0.153 | Opp label coverage: 0.90
Step 3201117/5000000 | Win rate (rollout): 0.47 | Loss: 0.230 | Opp label coverage: 0.88
Step 3201629/5000000 | Win rate (rollout): 0.70 | Loss: 0.219 | Opp label coverage: 0.81
Step 3202141/5000000 | Win rate (rollout): 0.64 | Loss: 0.190 | Opp label coverage: 0.86
Step 3202653/5000000 | Win rate (rollout): 0.67 | Loss: 0.177 | Opp label coverage: 0.84
Step 3203169/5000000 | Win rate (rollout): 0.40 | Loss: 0.221 | Opp label coverage: 0.87
Step 3203686/5000000 | Win rate (rollout): 0.46 | Loss: 0.207 | Opp label coverage: 0.90
Step 3204198/5000000 | Win rate (rollout): 0.80 | Loss: 0.221 | Opp label coverage: 0.84
Step 3204714/5000000 | Win rate (rollout): 0.56 | Loss: 0.199 | Opp label coverage: 0.91
Step 3205226/5000000 | Win rate (rollout): 0.60 | Loss: 0.209 | Opp label coverage: 0.85
Step 3205742/5000000 | Win rate (rollout): 0.42 | Loss: 0.209 | Opp label coverage: 0.90
Step 3206256/5000000 | Win rate (rollout): 0.55 | Loss: 0.210 | Opp label coverage: 0.90
Step 3206768/5000000 | Win rate (rollout): 0.80 | Loss: 0.203 | Opp label coverage: 0.84
Step 3207280/5000000 | Win rate (rollout): 0.50 | Loss: 0.223 | Opp label coverage: 0.81
Step 3207797/5000000 | Win rate (rollout): 0.40 | Loss: 0.172 | Opp label coverage: 0.90
Step 3208309/5000000 | Win rate (rollout): 0.71 | Loss: 0.205 | Opp label coverage: 0.83
Step 3208821/5000000 | Win rate (rollout): 0.47 | Loss: 0.220 | Opp label coverage: 0.80
Step 3209333/5000000 | Win rate (rollout): 0.73 | Loss: 0.192 | Opp label coverage: 0.81
Step 3209845/5000000 | Win rate (rollout): 0.73 | Loss: 0.182 | Opp label coverage: 0.83
Step 3210361/5000000 | Win rate (rollout): 0.73 | Loss: 0.210 | Opp label coverage: 0.89
Step 3210873/5000000 | Win rate (rollout): 0.58 | Loss: 0.220 | Opp label coverage: 0.83
Step 3211385/5000000 | Win rate (rollout): 0.56 | Loss: 0.203 | Opp label coverage: 0.84
Step 3211897/5000000 | Win rate (rollout): 0.78 | Loss: 0.204 | Opp label coverage: 0.85
Step 3212409/5000000 | Win rate (rollout): 0.85 | Loss: 0.186 | Opp label coverage: 0.84
Step 3212921/5000000 | Win rate (rollout): 0.67 | Loss: 0.211 | Opp label coverage: 0.84
Step 3213433/5000000 | Win rate (rollout): 0.59 | Loss: 0.198 | Opp label coverage: 0.86
Step 3213945/5000000 | Win rate (rollout): 0.56 | Loss: 0.180 | Opp label coverage: 0.88
Step 3214458/5000000 | Win rate (rollout): 0.21 | Loss: 0.204 | Opp label coverage: 0.89
Step 3214970/5000000 | Win rate (rollout): 0.21 | Loss: 0.192 | Opp label coverage: 0.90
Step 3215482/5000000 | Win rate (rollout): 0.43 | Loss: 0.188 | Opp label coverage: 0.81
Step 3215994/5000000 | Win rate (rollout): 0.30 | Loss: 0.202 | Opp label coverage: 0.90
Step 3216509/5000000 | Win rate (rollout): 0.57 | Loss: 0.235 | Opp label coverage: 0.88
Step 3217025/5000000 | Win rate (rollout): 0.57 | Loss: 0.232 | Opp label coverage: 0.89
Step 3217540/5000000 | Win rate (rollout): 0.56 | Loss: 0.259 | Opp label coverage: 0.88
Step 3218052/5000000 | Win rate (rollout): 0.82 | Loss: 0.186 | Opp label coverage: 0.81
Step 3218569/5000000 | Win rate (rollout): 0.50 | Loss: 0.231 | Opp label coverage: 0.89
Step 3219085/5000000 | Win rate (rollout): 0.17 | Loss: 0.196 | Opp label coverage: 0.89
Step 3219597/5000000 | Win rate (rollout): 0.80 | Loss: 0.188 | Opp label coverage: 0.79
Step 3220109/5000000 | Win rate (rollout): 0.75 | Loss: 0.204 | Opp label coverage: 0.89
Step 3220621/5000000 | Win rate (rollout): 0.43 | Loss: 0.216 | Opp label coverage: 0.82
Step 3221140/5000000 | Win rate (rollout): 0.75 | Loss: 0.176 | Opp label coverage: 0.90
Step 3221655/5000000 | Win rate (rollout): 0.46 | Loss: 0.188 | Opp label coverage: 0.90
Step 3222169/5000000 | Win rate (rollout): 0.31 | Loss: 0.193 | Opp label coverage: 0.89
Step 3222681/5000000 | Win rate (rollout): 0.58 | Loss: 0.218 | Opp label coverage: 0.83
Step 3223193/5000000 | Win rate (rollout): 0.80 | Loss: 0.192 | Opp label coverage: 0.79
Step 3223711/5000000 | Win rate (rollout): 0.62 | Loss: 0.236 | Opp label coverage: 0.90
Step 3224223/5000000 | Win rate (rollout): 0.57 | Loss: 0.212 | Opp label coverage: 0.80
Step 3224735/5000000 | Win rate (rollout): 0.56 | Loss: 0.230 | Opp label coverage: 0.77
Step 3225247/5000000 | Win rate (rollout): 0.50 | Loss: 0.161 | Opp label coverage: 0.86
Step 3225759/5000000 | Win rate (rollout): 0.41 | Loss: 0.176 | Opp label coverage: 0.85
Step 3226271/5000000 | Win rate (rollout): 0.29 | Loss: 0.213 | Opp label coverage: 0.90
Step 3226783/5000000 | Win rate (rollout): 0.78 | Loss: 0.229 | Opp label coverage: 0.79
Step 3227298/5000000 | Win rate (rollout): 0.44 | Loss: 0.214 | Opp label coverage: 0.90
Step 3227811/5000000 | Win rate (rollout): 0.58 | Loss: 0.249 | Opp label coverage: 0.90
Step 3228323/5000000 | Win rate (rollout): 0.62 | Loss: 0.219 | Opp label coverage: 0.91
Step 3228835/5000000 | Win rate (rollout): 0.21 | Loss: 0.206 | Opp label coverage: 0.80
Step 3229349/5000000 | Win rate (rollout): 0.42 | Loss: 0.198 | Opp label coverage: 0.87
Step 3229861/5000000 | Win rate (rollout): 0.42 | Loss: 0.221 | Opp label coverage: 0.82
Step 3230376/5000000 | Win rate (rollout): 0.80 | Loss: 0.182 | Opp label coverage: 0.91
Step 3230888/5000000 | Win rate (rollout): 0.60 | Loss: 0.206 | Opp label coverage: 0.86
Step 3231400/5000000 | Win rate (rollout): 0.50 | Loss: 0.203 | Opp label coverage: 0.79
Step 3231912/5000000 | Win rate (rollout): 0.50 | Loss: 0.212 | Opp label coverage: 0.85
Step 3232424/5000000 | Win rate (rollout): 0.38 | Loss: 0.199 | Opp label coverage: 0.83
Step 3232936/5000000 | Win rate (rollout): 0.50 | Loss: 0.201 | Opp label coverage: 0.89
Step 3233448/5000000 | Win rate (rollout): 0.75 | Loss: 0.196 | Opp label coverage: 0.86
Step 3233964/5000000 | Win rate (rollout): 0.36 | Loss: 0.183 | Opp label coverage: 0.89
Step 3234476/5000000 | Win rate (rollout): 0.38 | Loss: 0.215 | Opp label coverage: 0.89
Step 3234988/5000000 | Win rate (rollout): 0.62 | Loss: 0.209 | Opp label coverage: 0.85
Step 3235504/5000000 | Win rate (rollout): 0.36 | Loss: 0.189 | Opp label coverage: 0.90
Step 3236018/5000000 | Win rate (rollout): 0.29 | Loss: 0.192 | Opp label coverage: 0.88
Step 3236535/5000000 | Win rate (rollout): 0.15 | Loss: 0.235 | Opp label coverage: 0.88
Step 3237052/5000000 | Win rate (rollout): 0.36 | Loss: 0.167 | Opp label coverage: 0.90
Step 3237564/5000000 | Win rate (rollout): 0.78 | Loss: 0.184 | Opp label coverage: 0.89
Step 3238076/5000000 | Win rate (rollout): 0.77 | Loss: 0.205 | Opp label coverage: 0.84
Step 3238588/5000000 | Win rate (rollout): 0.57 | Loss: 0.179 | Opp label coverage: 0.87
Step 3239100/5000000 | Win rate (rollout): 0.44 | Loss: 0.219 | Opp label coverage: 0.81
Step 3239612/5000000 | Win rate (rollout): 0.70 | Loss: 0.237 | Opp label coverage: 0.90
Step 3240127/5000000 | Win rate (rollout): 0.54 | Loss: 0.202 | Opp label coverage: 0.88
Step 3240639/5000000 | Win rate (rollout): 0.62 | Loss: 0.191 | Opp label coverage: 0.80
Step 3241155/5000000 | Win rate (rollout): 0.36 | Loss: 0.240 | Opp label coverage: 0.89
Step 3241667/5000000 | Win rate (rollout): 0.36 | Loss: 0.240 | Opp label coverage: 0.88
Step 3242179/5000000 | Win rate (rollout): 0.60 | Loss: 0.209 | Opp label coverage: 0.89
Step 3242691/5000000 | Win rate (rollout): 0.46 | Loss: 0.214 | Opp label coverage: 0.90
Step 3243210/5000000 | Win rate (rollout): 0.62 | Loss: 0.211 | Opp label coverage: 0.90
Step 3243722/5000000 | Win rate (rollout): 0.50 | Loss: 0.195 | Opp label coverage: 0.82
Step 3244234/5000000 | Win rate (rollout): 0.71 | Loss: 0.214 | Opp label coverage: 0.83
Step 3244750/5000000 | Win rate (rollout): 0.55 | Loss: 0.224 | Opp label coverage: 0.89
Step 3245262/5000000 | Win rate (rollout): 0.80 | Loss: 0.176 | Opp label coverage: 0.82
Step 3245774/5000000 | Win rate (rollout): 0.56 | Loss: 0.221 | Opp label coverage: 0.85
Step 3246286/5000000 | Win rate (rollout): 0.60 | Loss: 0.218 | Opp label coverage: 0.81
Step 3246800/5000000 | Win rate (rollout): 0.67 | Loss: 0.166 | Opp label coverage: 0.90
Step 3247312/5000000 | Win rate (rollout): 0.69 | Loss: 0.198 | Opp label coverage: 0.85
Step 3247825/5000000 | Win rate (rollout): 0.60 | Loss: 0.230 | Opp label coverage: 0.90
Step 3248337/5000000 | Win rate (rollout): 0.73 | Loss: 0.188 | Opp label coverage: 0.83
Step 3248851/5000000 | Win rate (rollout): 0.80 | Loss: 0.268 | Opp label coverage: 0.89
Step 3249363/5000000 | Win rate (rollout): 0.58 | Loss: 0.183 | Opp label coverage: 0.79
Step 3249879/5000000 | Win rate (rollout): 0.50 | Loss: 0.192 | Opp label coverage: 0.90
[checkpoint] Saved models/ppo/checkpoints/m9seed/ppo_step_3250044.pt
Step 3250393/5000000 | Win rate (rollout): 0.50 | Loss: 0.183 | Opp label coverage: 0.88
Step 3250909/5000000 | Win rate (rollout): 0.36 | Loss: 0.189 | Opp label coverage: 0.89
Step 3251425/5000000 | Win rate (rollout): 0.38 | Loss: 0.207 | Opp label coverage: 0.91
Step 3251941/5000000 | Win rate (rollout): 0.58 | Loss: 0.198 | Opp label coverage: 0.91
Step 3252453/5000000 | Win rate (rollout): 0.60 | Loss: 0.168 | Opp label coverage: 0.82
Step 3252965/5000000 | Win rate (rollout): 0.69 | Loss: 0.202 | Opp label coverage: 0.84
Step 3253477/5000000 | Win rate (rollout): 0.53 | Loss: 0.196 | Opp label coverage: 0.80
Step 3253989/5000000 | Win rate (rollout): 0.82 | Loss: 0.163 | Opp label coverage: 0.88
Step 3254501/5000000 | Win rate (rollout): 0.23 | Loss: 0.194 | Opp label coverage: 0.80
Step 3255019/5000000 | Win rate (rollout): 0.33 | Loss: 0.216 | Opp label coverage: 0.88
Step 3255537/5000000 | Win rate (rollout): 0.57 | Loss: 0.209 | Opp label coverage: 0.91
Step 3256049/5000000 | Win rate (rollout): 0.31 | Loss: 0.211 | Opp label coverage: 0.82
Step 3256561/5000000 | Win rate (rollout): 0.69 | Loss: 0.251 | Opp label coverage: 0.85
Step 3257076/5000000 | Win rate (rollout): 0.58 | Loss: 0.185 | Opp label coverage: 0.90
Step 3257593/5000000 | Win rate (rollout): 0.57 | Loss: 0.225 | Opp label coverage: 0.89
Step 3258105/5000000 | Win rate (rollout): 0.62 | Loss: 0.226 | Opp label coverage: 0.85
Step 3258622/5000000 | Win rate (rollout): 0.56 | Loss: 0.159 | Opp label coverage: 0.90
Step 3259134/5000000 | Win rate (rollout): 0.67 | Loss: 0.200 | Opp label coverage: 0.90
Step 3259646/5000000 | Win rate (rollout): 0.78 | Loss: 0.176 | Opp label coverage: 0.85
Step 3260161/5000000 | Win rate (rollout): 0.45 | Loss: 0.249 | Opp label coverage: 0.88
Step 3260673/5000000 | Win rate (rollout): 0.70 | Loss: 0.186 | Opp label coverage: 0.84
Step 3261188/5000000 | Win rate (rollout): 0.57 | Loss: 0.229 | Opp label coverage: 0.90
Step 3261700/5000000 | Win rate (rollout): 0.47 | Loss: 0.206 | Opp label coverage: 0.86
Step 3262214/5000000 | Win rate (rollout): 0.36 | Loss: 0.293 | Opp label coverage: 0.89
Step 3262730/5000000 | Win rate (rollout): 0.62 | Loss: 0.245 | Opp label coverage: 0.90
Step 3263242/5000000 | Win rate (rollout): 0.57 | Loss: 0.221 | Opp label coverage: 0.83
Step 3263754/5000000 | Win rate (rollout): 0.83 | Loss: 0.183 | Opp label coverage: 0.84
Step 3264271/5000000 | Win rate (rollout): 0.87 | Loss: 0.146 | Opp label coverage: 0.88
Step 3264783/5000000 | Win rate (rollout): 0.50 | Loss: 0.230 | Opp label coverage: 0.80
Step 3265295/5000000 | Win rate (rollout): 0.67 | Loss: 0.230 | Opp label coverage: 0.81
Step 3265807/5000000 | Win rate (rollout): 0.59 | Loss: 0.210 | Opp label coverage: 0.84
Step 3266325/5000000 | Win rate (rollout): 0.45 | Loss: 0.201 | Opp label coverage: 0.88
Step 3266840/5000000 | Win rate (rollout): 0.38 | Loss: 0.202 | Opp label coverage: 0.88
Step 3267352/5000000 | Win rate (rollout): 0.86 | Loss: 0.206 | Opp label coverage: 0.84
Step 3267864/5000000 | Win rate (rollout): 0.40 | Loss: 0.207 | Opp label coverage: 0.82
Step 3268376/5000000 | Win rate (rollout): 0.83 | Loss: 0.228 | Opp label coverage: 0.85
Step 3268888/5000000 | Win rate (rollout): 0.46 | Loss: 0.204 | Opp label coverage: 0.79
Step 3269400/5000000 | Win rate (rollout): 0.25 | Loss: 0.189 | Opp label coverage: 0.84
Step 3269912/5000000 | Win rate (rollout): 0.78 | Loss: 0.192 | Opp label coverage: 0.83
Step 3270424/5000000 | Win rate (rollout): 0.54 | Loss: 0.216 | Opp label coverage: 0.90
Step 3270938/5000000 | Win rate (rollout): 0.44 | Loss: 0.282 | Opp label coverage: 0.88
Step 3271457/5000000 | Win rate (rollout): 0.46 | Loss: 0.236 | Opp label coverage: 0.88
Step 3271970/5000000 | Win rate (rollout): 0.64 | Loss: 0.281 | Opp label coverage: 0.88
Step 3272487/5000000 | Win rate (rollout): 0.59 | Loss: 0.192 | Opp label coverage: 0.90
Step 3272999/5000000 | Win rate (rollout): 0.67 | Loss: 0.189 | Opp label coverage: 0.84
Step 3273511/5000000 | Win rate (rollout): 0.60 | Loss: 0.202 | Opp label coverage: 0.82
Step 3274023/5000000 | Win rate (rollout): 0.50 | Loss: 0.202 | Opp label coverage: 0.89
Step 3274535/5000000 | Win rate (rollout): 0.57 | Loss: 0.211 | Opp label coverage: 0.79
Step 3275048/5000000 | Win rate (rollout): 0.78 | Loss: 0.139 | Opp label coverage: 0.91
Step 3275565/5000000 | Win rate (rollout): 0.50 | Loss: 0.231 | Opp label coverage: 0.88
Step 3276077/5000000 | Win rate (rollout): 0.55 | Loss: 0.200 | Opp label coverage: 0.82
Step 3276589/5000000 | Win rate (rollout): 0.38 | Loss: 0.190 | Opp label coverage: 0.84
Step 3277101/5000000 | Win rate (rollout): 0.67 | Loss: 0.207 | Opp label coverage: 0.83
Step 3277613/5000000 | Win rate (rollout): 0.43 | Loss: 0.201 | Opp label coverage: 0.83
Step 3278125/5000000 | Win rate (rollout): 0.50 | Loss: 0.224 | Opp label coverage: 0.80
Step 3278637/5000000 | Win rate (rollout): 0.44 | Loss: 0.201 | Opp label coverage: 0.83
Step 3279152/5000000 | Win rate (rollout): 0.75 | Loss: 0.228 | Opp label coverage: 0.91
Step 3279664/5000000 | Win rate (rollout): 0.33 | Loss: 0.207 | Opp label coverage: 0.87
Step 3280181/5000000 | Win rate (rollout): 0.50 | Loss: 0.245 | Opp label coverage: 0.88
Step 3280693/5000000 | Win rate (rollout): 0.78 | Loss: 0.198 | Opp label coverage: 0.80
Step 3281206/5000000 | Win rate (rollout): 0.60 | Loss: 0.106 | Opp label coverage: 0.89
Step 3281718/5000000 | Win rate (rollout): 0.57 | Loss: 0.209 | Opp label coverage: 0.79
Step 3282232/5000000 | Win rate (rollout): 0.58 | Loss: 0.237 | Opp label coverage: 0.88
Step 3282744/5000000 | Win rate (rollout): 0.64 | Loss: 0.190 | Opp label coverage: 0.84
Step 3283256/5000000 | Win rate (rollout): 0.46 | Loss: 0.204 | Opp label coverage: 0.79
Step 3283768/5000000 | Win rate (rollout): 0.75 | Loss: 0.183 | Opp label coverage: 0.77
Step 3284286/5000000 | Win rate (rollout): 0.64 | Loss: 0.238 | Opp label coverage: 0.89
Step 3284799/5000000 | Win rate (rollout): 0.50 | Loss: 0.144 | Opp label coverage: 0.89
Step 3285317/5000000 | Win rate (rollout): 0.40 | Loss: 0.225 | Opp label coverage: 0.88
Step 3285835/5000000 | Win rate (rollout): 0.60 | Loss: 0.245 | Opp label coverage: 0.89
Step 3286347/5000000 | Win rate (rollout): 0.60 | Loss: 0.198 | Opp label coverage: 0.85
Step 3286866/5000000 | Win rate (rollout): 0.70 | Loss: 0.262 | Opp label coverage: 0.90
Step 3287378/5000000 | Win rate (rollout): 0.44 | Loss: 0.199 | Opp label coverage: 0.82
Step 3287890/5000000 | Win rate (rollout): 0.57 | Loss: 0.225 | Opp label coverage: 0.81
Step 3288404/5000000 | Win rate (rollout): 0.67 | Loss: 0.174 | Opp label coverage: 0.90
Step 3288916/5000000 | Win rate (rollout): 0.31 | Loss: 0.209 | Opp label coverage: 0.90
Step 3289428/5000000 | Win rate (rollout): 0.75 | Loss: 0.172 | Opp label coverage: 0.86
Step 3289944/5000000 | Win rate (rollout): 0.64 | Loss: 0.185 | Opp label coverage: 0.89
Step 3290456/5000000 | Win rate (rollout): 0.77 | Loss: 0.197 | Opp label coverage: 0.90
Step 3290968/5000000 | Win rate (rollout): 0.50 | Loss: 0.204 | Opp label coverage: 0.85
Step 3291483/5000000 | Win rate (rollout): 0.55 | Loss: 0.164 | Opp label coverage: 0.89
Step 3291995/5000000 | Win rate (rollout): 0.21 | Loss: 0.189 | Opp label coverage: 0.84
Step 3292508/5000000 | Win rate (rollout): 0.50 | Loss: 0.181 | Opp label coverage: 0.89
Step 3293021/5000000 | Win rate (rollout): 0.27 | Loss: 0.180 | Opp label coverage: 0.88
Step 3293536/5000000 | Win rate (rollout): 0.54 | Loss: 0.199 | Opp label coverage: 0.90
Step 3294055/5000000 | Win rate (rollout): 0.62 | Loss: 0.224 | Opp label coverage: 0.89
Step 3294567/5000000 | Win rate (rollout): 0.64 | Loss: 0.211 | Opp label coverage: 0.81
Step 3295086/5000000 | Win rate (rollout): 0.60 | Loss: 0.219 | Opp label coverage: 0.89
Step 3295605/5000000 | Win rate (rollout): 0.43 | Loss: 0.222 | Opp label coverage: 0.89
Step 3296118/5000000 | Win rate (rollout): 0.47 | Loss: 0.330 | Opp label coverage: 0.88
Step 3296631/5000000 | Win rate (rollout): 0.73 | Loss: 0.266 | Opp label coverage: 0.90
Step 3297143/5000000 | Win rate (rollout): 0.90 | Loss: 0.167 | Opp label coverage: 0.86
Step 3297655/5000000 | Win rate (rollout): 0.71 | Loss: 0.208 | Opp label coverage: 0.82
Step 3298169/5000000 | Win rate (rollout): 0.85 | Loss: 0.236 | Opp label coverage: 0.89
Step 3298687/5000000 | Win rate (rollout): 0.57 | Loss: 0.198 | Opp label coverage: 0.89
Step 3299199/5000000 | Win rate (rollout): 0.69 | Loss: 0.194 | Opp label coverage: 0.84
Step 3299716/5000000 | Win rate (rollout): 0.67 | Loss: 0.207 | Opp label coverage: 0.90
Step 3300228/5000000 | Win rate (rollout): 0.57 | Loss: 0.241 | Opp label coverage: 0.90
Step 3300740/5000000 | Win rate (rollout): 0.60 | Loss: 0.219 | Opp label coverage: 0.88
Step 3301257/5000000 | Win rate (rollout): 0.62 | Loss: 0.199 | Opp label coverage: 0.90
Step 3301769/5000000 | Win rate (rollout): 0.90 | Loss: 0.178 | Opp label coverage: 0.83
Step 3302281/5000000 | Win rate (rollout): 0.67 | Loss: 0.224 | Opp label coverage: 0.83
Step 3302793/5000000 | Win rate (rollout): 0.71 | Loss: 0.203 | Opp label coverage: 0.78
Step 3303305/5000000 | Win rate (rollout): 0.64 | Loss: 0.196 | Opp label coverage: 0.82
Step 3303817/5000000 | Win rate (rollout): 0.91 | Loss: 0.187 | Opp label coverage: 0.87
Step 3304329/5000000 | Win rate (rollout): 0.50 | Loss: 0.194 | Opp label coverage: 0.78
Step 3304841/5000000 | Win rate (rollout): 0.62 | Loss: 0.196 | Opp label coverage: 0.78
Step 3305353/5000000 | Win rate (rollout): 0.58 | Loss: 0.232 | Opp label coverage: 0.80
Step 3305867/5000000 | Win rate (rollout): 0.54 | Loss: 0.239 | Opp label coverage: 0.89
Step 3306379/5000000 | Win rate (rollout): 0.50 | Loss: 0.208 | Opp label coverage: 0.90
Step 3306891/5000000 | Win rate (rollout): 0.40 | Loss: 0.230 | Opp label coverage: 0.81
Step 3307403/5000000 | Win rate (rollout): 0.58 | Loss: 0.207 | Opp label coverage: 0.78
Step 3307920/5000000 | Win rate (rollout): 0.46 | Loss: 0.283 | Opp label coverage: 0.88
Step 3308434/5000000 | Win rate (rollout): 0.33 | Loss: 0.173 | Opp label coverage: 0.87
Step 3308946/5000000 | Win rate (rollout): 0.73 | Loss: 0.201 | Opp label coverage: 0.80
Step 3309458/5000000 | Win rate (rollout): 0.57 | Loss: 0.193 | Opp label coverage: 0.79
Step 3309977/5000000 | Win rate (rollout): 0.70 | Loss: 0.255 | Opp label coverage: 0.88
Step 3310495/5000000 | Win rate (rollout): 0.62 | Loss: 0.229 | Opp label coverage: 0.91
Step 3311013/5000000 | Win rate (rollout): 0.47 | Loss: 0.230 | Opp label coverage: 0.90
Step 3311532/5000000 | Win rate (rollout): 0.73 | Loss: 0.196 | Opp label coverage: 0.92
Step 3312044/5000000 | Win rate (rollout): 0.58 | Loss: 0.217 | Opp label coverage: 0.83
Step 3312556/5000000 | Win rate (rollout): 0.31 | Loss: 0.227 | Opp label coverage: 0.80
Step 3313068/5000000 | Win rate (rollout): 0.53 | Loss: 0.216 | Opp label coverage: 0.87
Step 3313581/5000000 | Win rate (rollout): 0.46 | Loss: 0.237 | Opp label coverage: 0.88
Step 3314093/5000000 | Win rate (rollout): 0.60 | Loss: 0.251 | Opp label coverage: 0.78
Step 3314606/5000000 | Win rate (rollout): 0.46 | Loss: 0.238 | Opp label coverage: 0.88
Step 3315118/5000000 | Win rate (rollout): 0.50 | Loss: 0.234 | Opp label coverage: 0.78
Step 3315631/5000000 | Win rate (rollout): 0.18 | Loss: 0.243 | Opp label coverage: 0.88
Step 3316150/5000000 | Win rate (rollout): 0.36 | Loss: 0.231 | Opp label coverage: 0.91
Step 3316662/5000000 | Win rate (rollout): 0.67 | Loss: 0.186 | Opp label coverage: 0.81
Step 3317174/5000000 | Win rate (rollout): 0.78 | Loss: 0.191 | Opp label coverage: 0.83
Step 3317686/5000000 | Win rate (rollout): 0.69 | Loss: 0.197 | Opp label coverage: 0.77
Step 3318198/5000000 | Win rate (rollout): 0.65 | Loss: 0.186 | Opp label coverage: 0.83
Step 3318710/5000000 | Win rate (rollout): 0.50 | Loss: 0.217 | Opp label coverage: 0.83
Step 3319222/5000000 | Win rate (rollout): 0.50 | Loss: 0.187 | Opp label coverage: 0.82
Step 3319734/5000000 | Win rate (rollout): 0.50 | Loss: 0.234 | Opp label coverage: 0.88
Step 3320248/5000000 | Win rate (rollout): 0.67 | Loss: 0.225 | Opp label coverage: 0.89
Step 3320765/5000000 | Win rate (rollout): 0.67 | Loss: 0.250 | Opp label coverage: 0.93
Step 3321280/5000000 | Win rate (rollout): 0.60 | Loss: 0.245 | Opp label coverage: 0.91
Step 3321792/5000000 | Win rate (rollout): 0.67 | Loss: 0.211 | Opp label coverage: 0.81
Step 3322304/5000000 | Win rate (rollout): 0.57 | Loss: 0.209 | Opp label coverage: 0.92
Step 3322816/5000000 | Win rate (rollout): 0.46 | Loss: 0.202 | Opp label coverage: 0.79
Step 3323329/5000000 | Win rate (rollout): 0.73 | Loss: 0.213 | Opp label coverage: 0.88
Step 3323841/5000000 | Win rate (rollout): 0.27 | Loss: 0.208 | Opp label coverage: 0.82
Step 3324357/5000000 | Win rate (rollout): 0.42 | Loss: 0.214 | Opp label coverage: 0.89
Step 3324869/5000000 | Win rate (rollout): 0.53 | Loss: 0.259 | Opp label coverage: 0.81
Step 3325386/5000000 | Win rate (rollout): 0.54 | Loss: 0.209 | Opp label coverage: 0.89
Step 3325902/5000000 | Win rate (rollout): 0.50 | Loss: 0.260 | Opp label coverage: 0.87
Step 3326414/5000000 | Win rate (rollout): 1.00 | Loss: 0.197 | Opp label coverage: 0.88
Step 3326926/5000000 | Win rate (rollout): 0.54 | Loss: 0.204 | Opp label coverage: 0.83
Step 3327442/5000000 | Win rate (rollout): 0.44 | Loss: 0.220 | Opp label coverage: 0.89
Step 3327954/5000000 | Win rate (rollout): 0.91 | Loss: 0.173 | Opp label coverage: 0.80
Step 3328471/5000000 | Win rate (rollout): 0.73 | Loss: 0.156 | Opp label coverage: 0.91
Step 3328988/5000000 | Win rate (rollout): 0.55 | Loss: 0.255 | Opp label coverage: 0.90
Step 3329502/5000000 | Win rate (rollout): 0.22 | Loss: 0.264 | Opp label coverage: 0.92
Step 3330014/5000000 | Win rate (rollout): 0.64 | Loss: 0.232 | Opp label coverage: 0.83
Step 3330531/5000000 | Win rate (rollout): 0.57 | Loss: 0.225 | Opp label coverage: 0.90
Step 3331044/5000000 | Win rate (rollout): 0.50 | Loss: 0.283 | Opp label coverage: 0.89
Step 3331563/5000000 | Win rate (rollout): 0.36 | Loss: 0.220 | Opp label coverage: 0.89
Step 3332078/5000000 | Win rate (rollout): 0.58 | Loss: 0.200 | Opp label coverage: 0.92
Step 3332591/5000000 | Win rate (rollout): 0.60 | Loss: 0.251 | Opp label coverage: 0.89
Step 3333109/5000000 | Win rate (rollout): 0.71 | Loss: 0.205 | Opp label coverage: 0.91
Step 3333627/5000000 | Win rate (rollout): 0.36 | Loss: 0.243 | Opp label coverage: 0.90
Step 3334139/5000000 | Win rate (rollout): 0.50 | Loss: 0.201 | Opp label coverage: 0.78
Step 3334655/5000000 | Win rate (rollout): 0.38 | Loss: 0.225 | Opp label coverage: 0.90
Step 3335167/5000000 | Win rate (rollout): 0.57 | Loss: 0.212 | Opp label coverage: 0.80
Step 3335679/5000000 | Win rate (rollout): 0.73 | Loss: 0.202 | Opp label coverage: 0.85
Step 3336198/5000000 | Win rate (rollout): 0.50 | Loss: 0.208 | Opp label coverage: 0.90
Step 3336710/5000000 | Win rate (rollout): 0.38 | Loss: 0.207 | Opp label coverage: 0.74
Step 3337229/5000000 | Win rate (rollout): 0.50 | Loss: 0.205 | Opp label coverage: 0.90
Step 3337741/5000000 | Win rate (rollout): 0.80 | Loss: 0.185 | Opp label coverage: 0.87
Step 3338254/5000000 | Win rate (rollout): 0.44 | Loss: 0.262 | Opp label coverage: 0.90
Step 3338771/5000000 | Win rate (rollout): 0.33 | Loss: 0.250 | Opp label coverage: 0.89
Step 3339287/5000000 | Win rate (rollout): 0.58 | Loss: 0.221 | Opp label coverage: 0.90
Step 3339805/5000000 | Win rate (rollout): 0.50 | Loss: 0.192 | Opp label coverage: 0.91
Step 3340320/5000000 | Win rate (rollout): 0.60 | Loss: 0.272 | Opp label coverage: 0.90
Step 3340832/5000000 | Win rate (rollout): 0.88 | Loss: 0.182 | Opp label coverage: 0.83
Step 3341344/5000000 | Win rate (rollout): 0.50 | Loss: 0.216 | Opp label coverage: 0.80
Step 3341856/5000000 | Win rate (rollout): 0.40 | Loss: 0.246 | Opp label coverage: 0.81
Step 3342370/5000000 | Win rate (rollout): 0.73 | Loss: 0.237 | Opp label coverage: 0.88
Step 3342882/5000000 | Win rate (rollout): 0.60 | Loss: 0.192 | Opp label coverage: 0.83
Step 3343397/5000000 | Win rate (rollout): 0.45 | Loss: 0.163 | Opp label coverage: 0.91
Step 3343909/5000000 | Win rate (rollout): 0.54 | Loss: 0.191 | Opp label coverage: 0.80
Step 3344423/5000000 | Win rate (rollout): 0.50 | Loss: 0.225 | Opp label coverage: 0.88
Step 3344936/5000000 | Win rate (rollout): 0.38 | Loss: 0.182 | Opp label coverage: 0.88
Step 3345448/5000000 | Win rate (rollout): 0.55 | Loss: 0.200 | Opp label coverage: 0.90
Step 3345960/5000000 | Win rate (rollout): 0.57 | Loss: 0.197 | Opp label coverage: 0.77
Step 3346472/5000000 | Win rate (rollout): 0.50 | Loss: 0.225 | Opp label coverage: 0.90
Step 3346986/5000000 | Win rate (rollout): 0.64 | Loss: 0.204 | Opp label coverage: 0.92
Step 3347504/5000000 | Win rate (rollout): 0.54 | Loss: 0.196 | Opp label coverage: 0.90
Step 3348017/5000000 | Win rate (rollout): 0.55 | Loss: 0.242 | Opp label coverage: 0.90
Step 3348529/5000000 | Win rate (rollout): 0.54 | Loss: 0.217 | Opp label coverage: 0.85
Step 3349041/5000000 | Win rate (rollout): 0.70 | Loss: 0.204 | Opp label coverage: 0.91
Step 3349558/5000000 | Win rate (rollout): 0.38 | Loss: 0.180 | Opp label coverage: 0.88
Step 3350070/5000000 | Win rate (rollout): 0.75 | Loss: 0.172 | Opp label coverage: 0.79
Step 3350582/5000000 | Win rate (rollout): 0.62 | Loss: 0.230 | Opp label coverage: 0.82
Step 3351094/5000000 | Win rate (rollout): 0.71 | Loss: 0.216 | Opp label coverage: 0.81
Step 3351607/5000000 | Win rate (rollout): 0.50 | Loss: 0.254 | Opp label coverage: 0.90
Step 3352120/5000000 | Win rate (rollout): 0.57 | Loss: 0.218 | Opp label coverage: 0.91
Step 3352638/5000000 | Win rate (rollout): 0.58 | Loss: 0.253 | Opp label coverage: 0.91
Step 3353155/5000000 | Win rate (rollout): 0.50 | Loss: 0.212 | Opp label coverage: 0.88
Step 3353667/5000000 | Win rate (rollout): 0.69 | Loss: 0.233 | Opp label coverage: 0.81
Step 3354179/5000000 | Win rate (rollout): 0.47 | Loss: 0.224 | Opp label coverage: 0.83
Step 3354691/5000000 | Win rate (rollout): 0.53 | Loss: 0.249 | Opp label coverage: 0.85
Step 3355203/5000000 | Win rate (rollout): 0.56 | Loss: 0.207 | Opp label coverage: 0.79
Step 3355715/5000000 | Win rate (rollout): 0.75 | Loss: 0.186 | Opp label coverage: 0.80
Step 3356232/5000000 | Win rate (rollout): 0.60 | Loss: 0.238 | Opp label coverage: 0.90
Step 3356747/5000000 | Win rate (rollout): 0.70 | Loss: 0.185 | Opp label coverage: 0.91
Step 3357263/5000000 | Win rate (rollout): 0.09 | Loss: 0.255 | Opp label coverage: 0.88
Step 3357775/5000000 | Win rate (rollout): 0.87 | Loss: 0.222 | Opp label coverage: 0.82
Step 3358293/5000000 | Win rate (rollout): 0.60 | Loss: 0.223 | Opp label coverage: 0.89
Step 3358805/5000000 | Win rate (rollout): 0.50 | Loss: 0.181 | Opp label coverage: 0.84
Step 3359319/5000000 | Win rate (rollout): 0.50 | Loss: 0.206 | Opp label coverage: 0.90
Step 3359837/5000000 | Win rate (rollout): 0.29 | Loss: 0.217 | Opp label coverage: 0.88
Step 3360355/5000000 | Win rate (rollout): 0.33 | Loss: 0.233 | Opp label coverage: 0.88
Step 3360869/5000000 | Win rate (rollout): 0.82 | Loss: 0.172 | Opp label coverage: 0.92
Step 3361383/5000000 | Win rate (rollout): 0.42 | Loss: 0.178 | Opp label coverage: 0.91
Step 3361895/5000000 | Win rate (rollout): 0.67 | Loss: 0.195 | Opp label coverage: 0.84
Step 3362413/5000000 | Win rate (rollout): 0.11 | Loss: 0.212 | Opp label coverage: 0.89
Step 3362927/5000000 | Win rate (rollout): 0.46 | Loss: 0.230 | Opp label coverage: 0.89
Step 3363441/5000000 | Win rate (rollout): 0.50 | Loss: 0.200 | Opp label coverage: 0.90
Step 3363953/5000000 | Win rate (rollout): 0.62 | Loss: 0.232 | Opp label coverage: 0.89
Step 3364465/5000000 | Win rate (rollout): 0.80 | Loss: 0.193 | Opp label coverage: 0.86
Step 3364981/5000000 | Win rate (rollout): 0.50 | Loss: 0.241 | Opp label coverage: 0.91
Step 3365497/5000000 | Win rate (rollout): 0.53 | Loss: 0.237 | Opp label coverage: 0.88
Step 3366014/5000000 | Win rate (rollout): 0.36 | Loss: 0.186 | Opp label coverage: 0.89
Step 3366526/5000000 | Win rate (rollout): 0.57 | Loss: 0.195 | Opp label coverage: 0.81
Step 3367039/5000000 | Win rate (rollout): 0.20 | Loss: 0.148 | Opp label coverage: 0.89
Step 3367551/5000000 | Win rate (rollout): 0.50 | Loss: 0.215 | Opp label coverage: 0.82
Step 3368063/5000000 | Win rate (rollout): 0.73 | Loss: 0.173 | Opp label coverage: 0.86
Step 3368575/5000000 | Win rate (rollout): 0.64 | Loss: 0.188 | Opp label coverage: 0.90
Step 3369087/5000000 | Win rate (rollout): 0.67 | Loss: 0.202 | Opp label coverage: 0.80
Step 3369599/5000000 | Win rate (rollout): 0.40 | Loss: 0.201 | Opp label coverage: 0.90
Step 3370116/5000000 | Win rate (rollout): 0.46 | Loss: 0.204 | Opp label coverage: 0.90
Step 3370628/5000000 | Win rate (rollout): 0.73 | Loss: 0.182 | Opp label coverage: 0.76
Step 3371146/5000000 | Win rate (rollout): 0.25 | Loss: 0.190 | Opp label coverage: 0.89
Step 3371660/5000000 | Win rate (rollout): 0.45 | Loss: 0.251 | Opp label coverage: 0.88
Step 3372172/5000000 | Win rate (rollout): 0.27 | Loss: 0.180 | Opp label coverage: 0.84
Step 3372684/5000000 | Win rate (rollout): 0.58 | Loss: 0.257 | Opp label coverage: 0.81
Step 3373199/5000000 | Win rate (rollout): 0.82 | Loss: 0.238 | Opp label coverage: 0.90
Step 3373711/5000000 | Win rate (rollout): 0.17 | Loss: 0.206 | Opp label coverage: 0.81
Step 3374223/5000000 | Win rate (rollout): 0.57 | Loss: 0.198 | Opp label coverage: 0.88
Step 3374740/5000000 | Win rate (rollout): 0.45 | Loss: 0.236 | Opp label coverage: 0.89
Step 3375252/5000000 | Win rate (rollout): 0.71 | Loss: 0.231 | Opp label coverage: 0.80
Step 3375764/5000000 | Win rate (rollout): 0.30 | Loss: 0.196 | Opp label coverage: 0.90
Step 3376279/5000000 | Win rate (rollout): 0.36 | Loss: 0.176 | Opp label coverage: 0.90
Step 3376791/5000000 | Win rate (rollout): 0.62 | Loss: 0.212 | Opp label coverage: 0.84
Step 3377303/5000000 | Win rate (rollout): 0.45 | Loss: 0.212 | Opp label coverage: 0.89
Step 3377816/5000000 | Win rate (rollout): 0.47 | Loss: 0.124 | Opp label coverage: 0.88
Step 3378329/5000000 | Win rate (rollout): 0.35 | Loss: 0.220 | Opp label coverage: 0.86
Step 3378841/5000000 | Win rate (rollout): 0.33 | Loss: 0.181 | Opp label coverage: 0.78
Step 3379354/5000000 | Win rate (rollout): 0.75 | Loss: 0.239 | Opp label coverage: 0.89
Step 3379872/5000000 | Win rate (rollout): 0.50 | Loss: 0.178 | Opp label coverage: 0.90
Step 3380384/5000000 | Win rate (rollout): 0.40 | Loss: 0.195 | Opp label coverage: 0.80
Step 3380896/5000000 | Win rate (rollout): 0.53 | Loss: 0.186 | Opp label coverage: 0.82
Step 3381414/5000000 | Win rate (rollout): 0.50 | Loss: 0.177 | Opp label coverage: 0.91
Step 3381926/5000000 | Win rate (rollout): 0.56 | Loss: 0.217 | Opp label coverage: 0.83
Step 3382438/5000000 | Win rate (rollout): 0.45 | Loss: 0.197 | Opp label coverage: 0.85
Step 3382950/5000000 | Win rate (rollout): 0.41 | Loss: 0.222 | Opp label coverage: 0.79
Step 3383464/5000000 | Win rate (rollout): 0.31 | Loss: 0.169 | Opp label coverage: 0.88
Step 3383982/5000000 | Win rate (rollout): 0.54 | Loss: 0.240 | Opp label coverage: 0.89
Step 3384494/5000000 | Win rate (rollout): 0.36 | Loss: 0.201 | Opp label coverage: 0.79
Step 3385006/5000000 | Win rate (rollout): 0.73 | Loss: 0.210 | Opp label coverage: 0.82
Step 3385518/5000000 | Win rate (rollout): 0.73 | Loss: 0.200 | Opp label coverage: 0.83
Step 3386030/5000000 | Win rate (rollout): 0.38 | Loss: 0.212 | Opp label coverage: 0.81
Step 3386542/5000000 | Win rate (rollout): 0.35 | Loss: 0.189 | Opp label coverage: 0.81
Step 3387055/5000000 | Win rate (rollout): 0.44 | Loss: 0.113 | Opp label coverage: 0.91
Step 3387567/5000000 | Win rate (rollout): 0.71 | Loss: 0.204 | Opp label coverage: 0.71
Step 3388079/5000000 | Win rate (rollout): 0.75 | Loss: 0.204 | Opp label coverage: 0.73
Step 3388591/5000000 | Win rate (rollout): 0.50 | Loss: 0.186 | Opp label coverage: 0.70
Step 3389108/5000000 | Win rate (rollout): 0.40 | Loss: 0.186 | Opp label coverage: 0.89
Step 3389620/5000000 | Win rate (rollout): 0.73 | Loss: 0.174 | Opp label coverage: 0.82
Step 3390135/5000000 | Win rate (rollout): 0.70 | Loss: 0.170 | Opp label coverage: 0.90
Step 3390647/5000000 | Win rate (rollout): 0.64 | Loss: 0.223 | Opp label coverage: 0.83
Step 3391159/5000000 | Win rate (rollout): 0.33 | Loss: 0.227 | Opp label coverage: 0.83
Step 3391671/5000000 | Win rate (rollout): 0.67 | Loss: 0.254 | Opp label coverage: 0.89
Step 3392183/5000000 | Win rate (rollout): 0.54 | Loss: 0.207 | Opp label coverage: 0.84
Step 3392695/5000000 | Win rate (rollout): 0.47 | Loss: 0.208 | Opp label coverage: 0.78
Step 3393211/5000000 | Win rate (rollout): 0.36 | Loss: 0.228 | Opp label coverage: 0.87
Step 3393730/5000000 | Win rate (rollout): 0.65 | Loss: 0.255 | Opp label coverage: 0.88
Step 3394242/5000000 | Win rate (rollout): 0.43 | Loss: 0.190 | Opp label coverage: 0.82
Step 3394754/5000000 | Win rate (rollout): 0.47 | Loss: 0.209 | Opp label coverage: 0.82
Step 3395269/5000000 | Win rate (rollout): 0.50 | Loss: 0.200 | Opp label coverage: 0.90
Step 3395781/5000000 | Win rate (rollout): 0.62 | Loss: 0.204 | Opp label coverage: 0.85
Step 3396293/5000000 | Win rate (rollout): 0.67 | Loss: 0.197 | Opp label coverage: 0.84
Step 3396810/5000000 | Win rate (rollout): 0.55 | Loss: 0.206 | Opp label coverage: 0.89
Step 3397322/5000000 | Win rate (rollout): 0.33 | Loss: 0.215 | Opp label coverage: 0.88
Step 3397836/5000000 | Win rate (rollout): 0.50 | Loss: 0.242 | Opp label coverage: 0.89
Step 3398355/5000000 | Win rate (rollout): 0.60 | Loss: 0.198 | Opp label coverage: 0.88
Step 3398872/5000000 | Win rate (rollout): 0.31 | Loss: 0.290 | Opp label coverage: 0.89
Step 3399384/5000000 | Win rate (rollout): 0.78 | Loss: 0.171 | Opp label coverage: 0.81
Step 3399901/5000000 | Win rate (rollout): 0.44 | Loss: 0.213 | Opp label coverage: 0.89
Step 3400416/5000000 | Win rate (rollout): 0.64 | Loss: 0.255 | Opp label coverage: 0.89
Step 3400928/5000000 | Win rate (rollout): 0.21 | Loss: 0.205 | Opp label coverage: 0.82
Step 3401440/5000000 | Win rate (rollout): 0.78 | Loss: 0.237 | Opp label coverage: 0.85
Step 3401952/5000000 | Win rate (rollout): 0.38 | Loss: 0.215 | Opp label coverage: 0.89
Step 3402466/5000000 | Win rate (rollout): 0.54 | Loss: 0.195 | Opp label coverage: 0.90
Step 3402978/5000000 | Win rate (rollout): 0.67 | Loss: 0.190 | Opp label coverage: 0.79
Step 3403493/5000000 | Win rate (rollout): 0.58 | Loss: 0.301 | Opp label coverage: 0.89
Step 3404010/5000000 | Win rate (rollout): 0.47 | Loss: 0.201 | Opp label coverage: 0.89
Step 3404522/5000000 | Win rate (rollout): 0.45 | Loss: 0.205 | Opp label coverage: 0.75
Step 3405034/5000000 | Win rate (rollout): 0.50 | Loss: 0.190 | Opp label coverage: 0.80
Step 3405546/5000000 | Win rate (rollout): 0.67 | Loss: 0.223 | Opp label coverage: 0.79
Step 3406062/5000000 | Win rate (rollout): 0.56 | Loss: 0.175 | Opp label coverage: 0.90
Step 3406574/5000000 | Win rate (rollout): 0.40 | Loss: 0.190 | Opp label coverage: 0.81
Step 3407087/5000000 | Win rate (rollout): 0.38 | Loss: 0.112 | Opp label coverage: 0.88
Step 3407603/5000000 | Win rate (rollout): 0.82 | Loss: 0.244 | Opp label coverage: 0.92
Step 3408115/5000000 | Win rate (rollout): 0.42 | Loss: 0.202 | Opp label coverage: 0.78
Step 3408630/5000000 | Win rate (rollout): 0.22 | Loss: 0.222 | Opp label coverage: 0.89
Step 3409142/5000000 | Win rate (rollout): 0.64 | Loss: 0.192 | Opp label coverage: 0.84
Step 3409654/5000000 | Win rate (rollout): 0.43 | Loss: 0.189 | Opp label coverage: 0.83
Step 3410166/5000000 | Win rate (rollout): 0.45 | Loss: 0.220 | Opp label coverage: 0.82
Step 3410678/5000000 | Win rate (rollout): 0.50 | Loss: 0.175 | Opp label coverage: 0.78
Step 3411193/5000000 | Win rate (rollout): 0.50 | Loss: 0.217 | Opp label coverage: 0.89
Step 3411705/5000000 | Win rate (rollout): 0.29 | Loss: 0.192 | Opp label coverage: 0.78
Step 3412219/5000000 | Win rate (rollout): 0.50 | Loss: 0.215 | Opp label coverage: 0.89
Step 3412731/5000000 | Win rate (rollout): 0.29 | Loss: 0.223 | Opp label coverage: 0.88
Step 3413245/5000000 | Win rate (rollout): 0.43 | Loss: 0.207 | Opp label coverage: 0.89
Step 3413759/5000000 | Win rate (rollout): 0.31 | Loss: 0.237 | Opp label coverage: 0.88
Step 3414277/5000000 | Win rate (rollout): 0.42 | Loss: 0.235 | Opp label coverage: 0.89
Step 3414794/5000000 | Win rate (rollout): 0.36 | Loss: 0.219 | Opp label coverage: 0.91
Step 3415306/5000000 | Win rate (rollout): 0.64 | Loss: 0.191 | Opp label coverage: 0.88
Step 3415818/5000000 | Win rate (rollout): 0.70 | Loss: 0.208 | Opp label coverage: 0.89
Step 3416335/5000000 | Win rate (rollout): 0.64 | Loss: 0.165 | Opp label coverage: 0.91
Step 3416847/5000000 | Win rate (rollout): 0.62 | Loss: 0.198 | Opp label coverage: 0.83
Step 3417364/5000000 | Win rate (rollout): 0.27 | Loss: 0.212 | Opp label coverage: 0.88
Step 3417876/5000000 | Win rate (rollout): 0.42 | Loss: 0.201 | Opp label coverage: 0.86
Step 3418388/5000000 | Win rate (rollout): 0.45 | Loss: 0.196 | Opp label coverage: 0.85
Step 3418900/5000000 | Win rate (rollout): 0.85 | Loss: 0.211 | Opp label coverage: 0.80
Step 3419412/5000000 | Win rate (rollout): 0.50 | Loss: 0.211 | Opp label coverage: 0.79
Step 3419931/5000000 | Win rate (rollout): 0.73 | Loss: 0.221 | Opp label coverage: 0.90
Step 3420448/5000000 | Win rate (rollout): 0.73 | Loss: 0.197 | Opp label coverage: 0.92
Step 3420966/5000000 | Win rate (rollout): 0.62 | Loss: 0.216 | Opp label coverage: 0.90
Step 3421478/5000000 | Win rate (rollout): 0.50 | Loss: 0.209 | Opp label coverage: 0.84
Step 3421990/5000000 | Win rate (rollout): 0.40 | Loss: 0.243 | Opp label coverage: 0.81
Step 3422503/5000000 | Win rate (rollout): 0.42 | Loss: 0.149 | Opp label coverage: 0.88
Step 3423015/5000000 | Win rate (rollout): 0.58 | Loss: 0.231 | Opp label coverage: 0.84
Step 3423527/5000000 | Win rate (rollout): 0.45 | Loss: 0.186 | Opp label coverage: 0.83
Step 3424039/5000000 | Win rate (rollout): 0.67 | Loss: 0.184 | Opp label coverage: 0.85
Step 3424551/5000000 | Win rate (rollout): 0.50 | Loss: 0.182 | Opp label coverage: 0.83
Step 3425063/5000000 | Win rate (rollout): 0.62 | Loss: 0.203 | Opp label coverage: 0.84
Step 3425580/5000000 | Win rate (rollout): 0.44 | Loss: 0.205 | Opp label coverage: 0.90
Step 3426092/5000000 | Win rate (rollout): 0.29 | Loss: 0.192 | Opp label coverage: 0.76
Step 3426606/5000000 | Win rate (rollout): 0.54 | Loss: 0.199 | Opp label coverage: 0.88
Step 3427121/5000000 | Win rate (rollout): 0.56 | Loss: 0.224 | Opp label coverage: 0.89
Step 3427638/5000000 | Win rate (rollout): 0.42 | Loss: 0.207 | Opp label coverage: 0.90
Step 3428150/5000000 | Win rate (rollout): 0.44 | Loss: 0.277 | Opp label coverage: 0.89
Step 3428666/5000000 | Win rate (rollout): 0.31 | Loss: 0.181 | Opp label coverage: 0.90
Step 3429185/5000000 | Win rate (rollout): 0.57 | Loss: 0.190 | Opp label coverage: 0.88
Step 3429702/5000000 | Win rate (rollout): 0.58 | Loss: 0.183 | Opp label coverage: 0.93
Step 3430216/5000000 | Win rate (rollout): 0.67 | Loss: 0.172 | Opp label coverage: 0.89
Step 3430728/5000000 | Win rate (rollout): 0.46 | Loss: 0.196 | Opp label coverage: 0.77
Step 3431240/5000000 | Win rate (rollout): 0.41 | Loss: 0.233 | Opp label coverage: 0.83
Step 3431752/5000000 | Win rate (rollout): 0.47 | Loss: 0.215 | Opp label coverage: 0.83
Step 3432264/5000000 | Win rate (rollout): 0.90 | Loss: 0.197 | Opp label coverage: 0.80
Step 3432781/5000000 | Win rate (rollout): 0.54 | Loss: 0.250 | Opp label coverage: 0.91
Step 3433293/5000000 | Win rate (rollout): 0.47 | Loss: 0.233 | Opp label coverage: 0.82
Step 3433805/5000000 | Win rate (rollout): 0.67 | Loss: 0.184 | Opp label coverage: 0.82
Step 3434317/5000000 | Win rate (rollout): 0.62 | Loss: 0.213 | Opp label coverage: 0.80
Step 3434831/5000000 | Win rate (rollout): 0.67 | Loss: 0.241 | Opp label coverage: 0.91
Step 3435343/5000000 | Win rate (rollout): 0.69 | Loss: 0.194 | Opp label coverage: 0.83
Step 3435855/5000000 | Win rate (rollout): 0.83 | Loss: 0.172 | Opp label coverage: 0.87
Step 3436367/5000000 | Win rate (rollout): 0.33 | Loss: 0.225 | Opp label coverage: 0.81
Step 3436882/5000000 | Win rate (rollout): 0.46 | Loss: 0.173 | Opp label coverage: 0.88
Step 3437394/5000000 | Win rate (rollout): 0.62 | Loss: 0.188 | Opp label coverage: 0.87
Step 3437906/5000000 | Win rate (rollout): 0.50 | Loss: 0.209 | Opp label coverage: 0.85
Step 3438419/5000000 | Win rate (rollout): 0.55 | Loss: 0.234 | Opp label coverage: 0.89
Step 3438936/5000000 | Win rate (rollout): 0.43 | Loss: 0.261 | Opp label coverage: 0.89
Step 3439448/5000000 | Win rate (rollout): 0.62 | Loss: 0.194 | Opp label coverage: 0.78
Step 3439962/5000000 | Win rate (rollout): 0.67 | Loss: 0.315 | Opp label coverage: 0.89
Step 3440474/5000000 | Win rate (rollout): 0.83 | Loss: 0.211 | Opp label coverage: 0.84
Step 3440986/5000000 | Win rate (rollout): 0.42 | Loss: 0.239 | Opp label coverage: 0.81
Step 3441500/5000000 | Win rate (rollout): 0.56 | Loss: 0.199 | Opp label coverage: 0.89
Step 3442015/5000000 | Win rate (rollout): 0.38 | Loss: 0.280 | Opp label coverage: 0.89
Step 3442527/5000000 | Win rate (rollout): 0.69 | Loss: 0.223 | Opp label coverage: 0.81
Step 3443039/5000000 | Win rate (rollout): 0.47 | Loss: 0.198 | Opp label coverage: 0.84
Step 3443557/5000000 | Win rate (rollout): 0.75 | Loss: 0.209 | Opp label coverage: 0.89
Step 3444069/5000000 | Win rate (rollout): 0.56 | Loss: 0.193 | Opp label coverage: 0.89
Step 3444581/5000000 | Win rate (rollout): 0.55 | Loss: 0.182 | Opp label coverage: 0.75
Step 3445093/5000000 | Win rate (rollout): 0.50 | Loss: 0.221 | Opp label coverage: 0.88
Step 3445605/5000000 | Win rate (rollout): 0.62 | Loss: 0.215 | Opp label coverage: 0.90
Step 3446117/5000000 | Win rate (rollout): 0.53 | Loss: 0.221 | Opp label coverage: 0.90
Step 3446630/5000000 | Win rate (rollout): 0.44 | Loss: 0.169 | Opp label coverage: 0.90
Step 3447142/5000000 | Win rate (rollout): 0.78 | Loss: 0.192 | Opp label coverage: 0.87
Step 3447657/5000000 | Win rate (rollout): 0.44 | Loss: 0.223 | Opp label coverage: 0.91
Step 3448169/5000000 | Win rate (rollout): 0.36 | Loss: 0.203 | Opp label coverage: 0.82
Step 3448681/5000000 | Win rate (rollout): 0.40 | Loss: 0.202 | Opp label coverage: 0.85
Step 3449193/5000000 | Win rate (rollout): 0.55 | Loss: 0.221 | Opp label coverage: 0.82
Step 3449711/5000000 | Win rate (rollout): 0.80 | Loss: 0.217 | Opp label coverage: 0.89
Step 3450227/5000000 | Win rate (rollout): 0.50 | Loss: 0.206 | Opp label coverage: 0.89
Step 3450745/5000000 | Win rate (rollout): 0.44 | Loss: 0.203 | Opp label coverage: 0.88
Step 3451260/5000000 | Win rate (rollout): 0.54 | Loss: 0.200 | Opp label coverage: 0.90
Step 3451772/5000000 | Win rate (rollout): 0.67 | Loss: 0.178 | Opp label coverage: 0.84
Step 3452284/5000000 | Win rate (rollout): 0.62 | Loss: 0.268 | Opp label coverage: 0.79
Step 3452796/5000000 | Win rate (rollout): 0.50 | Loss: 0.186 | Opp label coverage: 0.86
Step 3453313/5000000 | Win rate (rollout): 0.42 | Loss: 0.214 | Opp label coverage: 0.89
Step 3453825/5000000 | Win rate (rollout): 0.36 | Loss: 0.210 | Opp label coverage: 0.85
Step 3454337/5000000 | Win rate (rollout): 0.50 | Loss: 0.233 | Opp label coverage: 0.84
Step 3454849/5000000 | Win rate (rollout): 0.38 | Loss: 0.211 | Opp label coverage: 0.90
Step 3455363/5000000 | Win rate (rollout): 0.54 | Loss: 0.203 | Opp label coverage: 0.89
Step 3455879/5000000 | Win rate (rollout): 0.50 | Loss: 0.191 | Opp label coverage: 0.90
Step 3456394/5000000 | Win rate (rollout): 0.50 | Loss: 0.179 | Opp label coverage: 0.90
Step 3456906/5000000 | Win rate (rollout): 0.45 | Loss: 0.186 | Opp label coverage: 0.80
Step 3457424/5000000 | Win rate (rollout): 0.77 | Loss: 0.227 | Opp label coverage: 0.88
Step 3457936/5000000 | Win rate (rollout): 0.40 | Loss: 0.187 | Opp label coverage: 0.82
Step 3458455/5000000 | Win rate (rollout): 0.55 | Loss: 0.307 | Opp label coverage: 0.88
Step 3458967/5000000 | Win rate (rollout): 0.78 | Loss: 0.188 | Opp label coverage: 0.85
Step 3459479/5000000 | Win rate (rollout): 0.69 | Loss: 0.202 | Opp label coverage: 0.83
Step 3459991/5000000 | Win rate (rollout): 0.81 | Loss: 0.226 | Opp label coverage: 0.79
Step 3460503/5000000 | Win rate (rollout): 0.47 | Loss: 0.209 | Opp label coverage: 0.80
Step 3461015/5000000 | Win rate (rollout): 0.55 | Loss: 0.201 | Opp label coverage: 0.89
Step 3461528/5000000 | Win rate (rollout): 0.58 | Loss: 0.206 | Opp label coverage: 0.91
Step 3462041/5000000 | Win rate (rollout): 0.64 | Loss: 0.170 | Opp label coverage: 0.90
Step 3462553/5000000 | Win rate (rollout): 0.83 | Loss: 0.173 | Opp label coverage: 0.89
Step 3463065/5000000 | Win rate (rollout): 0.75 | Loss: 0.168 | Opp label coverage: 0.83
Step 3463581/5000000 | Win rate (rollout): 0.55 | Loss: 0.248 | Opp label coverage: 0.89
Step 3464097/5000000 | Win rate (rollout): 0.44 | Loss: 0.288 | Opp label coverage: 0.87
Step 3464615/5000000 | Win rate (rollout): 0.31 | Loss: 0.178 | Opp label coverage: 0.89
Step 3465133/5000000 | Win rate (rollout): 0.62 | Loss: 0.158 | Opp label coverage: 0.92
Step 3465651/5000000 | Win rate (rollout): 0.33 | Loss: 0.155 | Opp label coverage: 0.89
Step 3466169/5000000 | Win rate (rollout): 0.50 | Loss: 0.253 | Opp label coverage: 0.90
Step 3466684/5000000 | Win rate (rollout): 0.50 | Loss: 0.156 | Opp label coverage: 0.90
Step 3467196/5000000 | Win rate (rollout): 0.43 | Loss: 0.187 | Opp label coverage: 0.82
Step 3467708/5000000 | Win rate (rollout): 0.54 | Loss: 0.211 | Opp label coverage: 0.84
Step 3468220/5000000 | Win rate (rollout): 0.44 | Loss: 0.237 | Opp label coverage: 0.82
Step 3468732/5000000 | Win rate (rollout): 0.20 | Loss: 0.194 | Opp label coverage: 0.78
Step 3469247/5000000 | Win rate (rollout): 0.71 | Loss: 0.182 | Opp label coverage: 0.89
Step 3469759/5000000 | Win rate (rollout): 0.64 | Loss: 0.186 | Opp label coverage: 0.83
Step 3470271/5000000 | Win rate (rollout): 0.50 | Loss: 0.187 | Opp label coverage: 0.88
Step 3470784/5000000 | Win rate (rollout): 0.50 | Loss: 0.125 | Opp label coverage: 0.89
Step 3471298/5000000 | Win rate (rollout): 0.50 | Loss: 0.219 | Opp label coverage: 0.88
Step 3471810/5000000 | Win rate (rollout): 0.75 | Loss: 0.195 | Opp label coverage: 0.82
Step 3472322/5000000 | Win rate (rollout): 0.31 | Loss: 0.258 | Opp label coverage: 0.87
Step 3472835/5000000 | Win rate (rollout): 0.33 | Loss: 0.236 | Opp label coverage: 0.89
Step 3473347/5000000 | Win rate (rollout): 0.80 | Loss: 0.188 | Opp label coverage: 0.77
Step 3473859/5000000 | Win rate (rollout): 0.64 | Loss: 0.191 | Opp label coverage: 0.80
Step 3474371/5000000 | Win rate (rollout): 0.67 | Loss: 0.180 | Opp label coverage: 0.79
Step 3474887/5000000 | Win rate (rollout): 0.75 | Loss: 0.193 | Opp label coverage: 0.92
Step 3475400/5000000 | Win rate (rollout): 0.47 | Loss: 0.122 | Opp label coverage: 0.86
Step 3475912/5000000 | Win rate (rollout): 0.43 | Loss: 0.209 | Opp label coverage: 0.83
Step 3476424/5000000 | Win rate (rollout): 0.50 | Loss: 0.205 | Opp label coverage: 0.80
Step 3476936/5000000 | Win rate (rollout): 0.75 | Loss: 0.188 | Opp label coverage: 0.83
Step 3477453/5000000 | Win rate (rollout): 0.64 | Loss: 0.187 | Opp label coverage: 0.89
Step 3477965/5000000 | Win rate (rollout): 0.27 | Loss: 0.197 | Opp label coverage: 0.82
Step 3478479/5000000 | Win rate (rollout): 0.60 | Loss: 0.199 | Opp label coverage: 0.92
Step 3478992/5000000 | Win rate (rollout): 0.40 | Loss: 0.272 | Opp label coverage: 0.87
Step 3479509/5000000 | Win rate (rollout): 0.33 | Loss: 0.230 | Opp label coverage: 0.87
Step 3480022/5000000 | Win rate (rollout): 0.50 | Loss: 0.150 | Opp label coverage: 0.92
Step 3480534/5000000 | Win rate (rollout): 0.62 | Loss: 0.191 | Opp label coverage: 0.85
Step 3481046/5000000 | Win rate (rollout): 0.78 | Loss: 0.182 | Opp label coverage: 0.80
Step 3481562/5000000 | Win rate (rollout): 0.70 | Loss: 0.162 | Opp label coverage: 0.91
Step 3482074/5000000 | Win rate (rollout): 0.91 | Loss: 0.182 | Opp label coverage: 0.83
Step 3482591/5000000 | Win rate (rollout): 0.40 | Loss: 0.185 | Opp label coverage: 0.90
Step 3483103/5000000 | Win rate (rollout): 0.80 | Loss: 0.200 | Opp label coverage: 0.83
Step 3483615/5000000 | Win rate (rollout): 0.69 | Loss: 0.204 | Opp label coverage: 0.86
Step 3484127/5000000 | Win rate (rollout): 0.75 | Loss: 0.209 | Opp label coverage: 0.87
Step 3484640/5000000 | Win rate (rollout): 0.50 | Loss: 0.247 | Opp label coverage: 0.87
Step 3485155/5000000 | Win rate (rollout): 0.40 | Loss: 0.159 | Opp label coverage: 0.89
Step 3485667/5000000 | Win rate (rollout): 0.59 | Loss: 0.271 | Opp label coverage: 0.88
Step 3486179/5000000 | Win rate (rollout): 0.20 | Loss: 0.238 | Opp label coverage: 0.90
Step 3486691/5000000 | Win rate (rollout): 0.56 | Loss: 0.179 | Opp label coverage: 0.79
Step 3487206/5000000 | Win rate (rollout): 0.60 | Loss: 0.208 | Opp label coverage: 0.90
Step 3487718/5000000 | Win rate (rollout): 0.64 | Loss: 0.200 | Opp label coverage: 0.80
Step 3488230/5000000 | Win rate (rollout): 0.62 | Loss: 0.220 | Opp label coverage: 0.81
Step 3488748/5000000 | Win rate (rollout): 0.56 | Loss: 0.203 | Opp label coverage: 0.89
Step 3489260/5000000 | Win rate (rollout): 0.60 | Loss: 0.188 | Opp label coverage: 0.81
Step 3489772/5000000 | Win rate (rollout): 0.70 | Loss: 0.209 | Opp label coverage: 0.78
Step 3490284/5000000 | Win rate (rollout): 0.30 | Loss: 0.234 | Opp label coverage: 0.88
Step 3490798/5000000 | Win rate (rollout): 0.56 | Loss: 0.184 | Opp label coverage: 0.90
Step 3491310/5000000 | Win rate (rollout): 0.67 | Loss: 0.186 | Opp label coverage: 0.85
Step 3491828/5000000 | Win rate (rollout): 0.43 | Loss: 0.225 | Opp label coverage: 0.92
Step 3492340/5000000 | Win rate (rollout): 0.57 | Loss: 0.203 | Opp label coverage: 0.82
Step 3492855/5000000 | Win rate (rollout): 0.18 | Loss: 0.245 | Opp label coverage: 0.88
Step 3493367/5000000 | Win rate (rollout): 0.62 | Loss: 0.230 | Opp label coverage: 0.80
Step 3493881/5000000 | Win rate (rollout): 0.82 | Loss: 0.258 | Opp label coverage: 0.91
Step 3494398/5000000 | Win rate (rollout): 0.80 | Loss: 0.207 | Opp label coverage: 0.88
Step 3494912/5000000 | Win rate (rollout): 0.75 | Loss: 0.241 | Opp label coverage: 0.92
Step 3495424/5000000 | Win rate (rollout): 0.54 | Loss: 0.222 | Opp label coverage: 0.80
Step 3495936/5000000 | Win rate (rollout): 0.47 | Loss: 0.238 | Opp label coverage: 0.81
Step 3496450/5000000 | Win rate (rollout): 0.30 | Loss: 0.207 | Opp label coverage: 0.89
Step 3496968/5000000 | Win rate (rollout): 0.31 | Loss: 0.202 | Opp label coverage: 0.87
Step 3497487/5000000 | Win rate (rollout): 0.50 | Loss: 0.203 | Opp label coverage: 0.91
Step 3498003/5000000 | Win rate (rollout): 0.69 | Loss: 0.256 | Opp label coverage: 0.91
Step 3498515/5000000 | Win rate (rollout): 0.80 | Loss: 0.208 | Opp label coverage: 0.86
Step 3499028/5000000 | Win rate (rollout): 0.25 | Loss: 0.263 | Opp label coverage: 0.88
Step 3499540/5000000 | Win rate (rollout): 0.46 | Loss: 0.201 | Opp label coverage: 0.81
[checkpoint] Saved models/ppo/checkpoints/m9seed/ppo_step_3500044.pt
Step 3500058/5000000 | Win rate (rollout): 0.82 | Loss: 0.242 | Opp label coverage: 0.88
Step 3500572/5000000 | Win rate (rollout): 0.67 | Loss: 0.229 | Opp label coverage: 0.90
Step 3501089/5000000 | Win rate (rollout): 0.55 | Loss: 0.191 | Opp label coverage: 0.90
Step 3501606/5000000 | Win rate (rollout): 0.31 | Loss: 0.244 | Opp label coverage: 0.87
Step 3502119/5000000 | Win rate (rollout): 0.25 | Loss: 0.244 | Opp label coverage: 0.88
Step 3502631/5000000 | Win rate (rollout): 0.71 | Loss: 0.215 | Opp label coverage: 0.84
Step 3503143/5000000 | Win rate (rollout): 0.78 | Loss: 0.191 | Opp label coverage: 0.79
Step 3503655/5000000 | Win rate (rollout): 0.64 | Loss: 0.190 | Opp label coverage: 0.80
Step 3504167/5000000 | Win rate (rollout): 0.60 | Loss: 0.171 | Opp label coverage: 0.77
Step 3504679/5000000 | Win rate (rollout): 0.53 | Loss: 0.211 | Opp label coverage: 0.85
Step 3505197/5000000 | Win rate (rollout): 0.64 | Loss: 0.286 | Opp label coverage: 0.89
Step 3505709/5000000 | Win rate (rollout): 0.50 | Loss: 0.195 | Opp label coverage: 0.80
Step 3506221/5000000 | Win rate (rollout): 0.58 | Loss: 0.204 | Opp label coverage: 0.87
Step 3506733/5000000 | Win rate (rollout): 0.55 | Loss: 0.185 | Opp label coverage: 0.83
Step 3507250/5000000 | Win rate (rollout): 0.18 | Loss: 0.230 | Opp label coverage: 0.88
Step 3507762/5000000 | Win rate (rollout): 0.50 | Loss: 0.215 | Opp label coverage: 0.82
Step 3508277/5000000 | Win rate (rollout): 0.56 | Loss: 0.194 | Opp label coverage: 0.90
Step 3508789/5000000 | Win rate (rollout): 0.50 | Loss: 0.188 | Opp label coverage: 0.75
Step 3509301/5000000 | Win rate (rollout): 0.44 | Loss: 0.213 | Opp label coverage: 0.81
Step 3509813/5000000 | Win rate (rollout): 0.29 | Loss: 0.197 | Opp label coverage: 0.81
Step 3510332/5000000 | Win rate (rollout): 0.67 | Loss: 0.263 | Opp label coverage: 0.90
Step 3510844/5000000 | Win rate (rollout): 0.50 | Loss: 0.213 | Opp label coverage: 0.90
Step 3511359/5000000 | Win rate (rollout): 0.59 | Loss: 0.182 | Opp label coverage: 0.90
Step 3511871/5000000 | Win rate (rollout): 0.46 | Loss: 0.224 | Opp label coverage: 0.81
Step 3512383/5000000 | Win rate (rollout): 0.71 | Loss: 0.193 | Opp label coverage: 0.78
Step 3512895/5000000 | Win rate (rollout): 0.43 | Loss: 0.206 | Opp label coverage: 0.83
Step 3513407/5000000 | Win rate (rollout): 0.85 | Loss: 0.256 | Opp label coverage: 0.91
Step 3513919/5000000 | Win rate (rollout): 0.45 | Loss: 0.203 | Opp label coverage: 0.85
Step 3514431/5000000 | Win rate (rollout): 0.78 | Loss: 0.200 | Opp label coverage: 0.78
Step 3514943/5000000 | Win rate (rollout): 0.70 | Loss: 0.168 | Opp label coverage: 0.82
Step 3515455/5000000 | Win rate (rollout): 0.36 | Loss: 0.170 | Opp label coverage: 0.87
Step 3515972/5000000 | Win rate (rollout): 0.67 | Loss: 0.167 | Opp label coverage: 0.91
Step 3516484/5000000 | Win rate (rollout): 0.46 | Loss: 0.219 | Opp label coverage: 0.91
Step 3516996/5000000 | Win rate (rollout): 0.29 | Loss: 0.189 | Opp label coverage: 0.85
Step 3517512/5000000 | Win rate (rollout): 0.67 | Loss: 0.248 | Opp label coverage: 0.90
Step 3518024/5000000 | Win rate (rollout): 0.38 | Loss: 0.213 | Opp label coverage: 0.79
Step 3518536/5000000 | Win rate (rollout): 0.67 | Loss: 0.195 | Opp label coverage: 0.86
Step 3519048/5000000 | Win rate (rollout): 0.46 | Loss: 0.202 | Opp label coverage: 0.81
Step 3519560/5000000 | Win rate (rollout): 0.56 | Loss: 0.216 | Opp label coverage: 0.82
Step 3520072/5000000 | Win rate (rollout): 0.46 | Loss: 0.213 | Opp label coverage: 0.78
Step 3520584/5000000 | Win rate (rollout): 0.54 | Loss: 0.195 | Opp label coverage: 0.88
Step 3521101/5000000 | Win rate (rollout): 0.36 | Loss: 0.220 | Opp label coverage: 0.89
Step 3521613/5000000 | Win rate (rollout): 0.53 | Loss: 0.240 | Opp label coverage: 0.89
Step 3522125/5000000 | Win rate (rollout): 0.50 | Loss: 0.200 | Opp label coverage: 0.79
Step 3522642/5000000 | Win rate (rollout): 0.55 | Loss: 0.240 | Opp label coverage: 0.89
Step 3523159/5000000 | Win rate (rollout): 0.36 | Loss: 0.249 | Opp label coverage: 0.89
Step 3523674/5000000 | Win rate (rollout): 0.53 | Loss: 0.261 | Opp label coverage: 0.89
Step 3524186/5000000 | Win rate (rollout): 0.42 | Loss: 0.182 | Opp label coverage: 0.78
Step 3524703/5000000 | Win rate (rollout): 0.44 | Loss: 0.203 | Opp label coverage: 0.89
Step 3525215/5000000 | Win rate (rollout): 0.77 | Loss: 0.211 | Opp label coverage: 0.81
Step 3525729/5000000 | Win rate (rollout): 0.14 | Loss: 0.238 | Opp label coverage: 0.91
Step 3526241/5000000 | Win rate (rollout): 0.82 | Loss: 0.185 | Opp label coverage: 0.81
Step 3526760/5000000 | Win rate (rollout): 0.44 | Loss: 0.227 | Opp label coverage: 0.87
Step 3527272/5000000 | Win rate (rollout): 0.50 | Loss: 0.219 | Opp label coverage: 0.81
Step 3527784/5000000 | Win rate (rollout): 0.40 | Loss: 0.178 | Opp label coverage: 0.81
Step 3528296/5000000 | Win rate (rollout): 0.75 | Loss: 0.222 | Opp label coverage: 0.84
Step 3528810/5000000 | Win rate (rollout): 0.42 | Loss: 0.268 | Opp label coverage: 0.88
Step 3529322/5000000 | Win rate (rollout): 0.89 | Loss: 0.219 | Opp label coverage: 0.83
Step 3529839/5000000 | Win rate (rollout): 0.64 | Loss: 0.218 | Opp label coverage: 0.89
Step 3530351/5000000 | Win rate (rollout): 0.82 | Loss: 0.175 | Opp label coverage: 0.86
Step 3530863/5000000 | Win rate (rollout): 0.50 | Loss: 0.186 | Opp label coverage: 0.79
Step 3531375/5000000 | Win rate (rollout): 0.60 | Loss: 0.218 | Opp label coverage: 0.82
Step 3531887/5000000 | Win rate (rollout): 0.57 | Loss: 0.201 | Opp label coverage: 0.80
Step 3532399/5000000 | Win rate (rollout): 0.79 | Loss: 0.204 | Opp label coverage: 0.78
Step 3532916/5000000 | Win rate (rollout): 0.33 | Loss: 0.241 | Opp label coverage: 0.88
Step 3533428/5000000 | Win rate (rollout): 0.50 | Loss: 0.205 | Opp label coverage: 0.83
Step 3533940/5000000 | Win rate (rollout): 0.60 | Loss: 0.193 | Opp label coverage: 0.80
Step 3534454/5000000 | Win rate (rollout): 0.91 | Loss: 0.214 | Opp label coverage: 0.89
Step 3534972/5000000 | Win rate (rollout): 0.43 | Loss: 0.169 | Opp label coverage: 0.91
Step 3535487/5000000 | Win rate (rollout): 0.73 | Loss: 0.234 | Opp label coverage: 0.90
Step 3535999/5000000 | Win rate (rollout): 0.31 | Loss: 0.231 | Opp label coverage: 0.79
Step 3536511/5000000 | Win rate (rollout): 0.67 | Loss: 0.209 | Opp label coverage: 0.87
Step 3537024/5000000 | Win rate (rollout): 0.55 | Loss: 0.182 | Opp label coverage: 0.90
Step 3537539/5000000 | Win rate (rollout): 0.64 | Loss: 0.203 | Opp label coverage: 0.90
Step 3538051/5000000 | Win rate (rollout): 0.88 | Loss: 0.188 | Opp label coverage: 0.82
Step 3538563/5000000 | Win rate (rollout): 0.44 | Loss: 0.211 | Opp label coverage: 0.89
Step 3539076/5000000 | Win rate (rollout): 0.08 | Loss: 0.185 | Opp label coverage: 0.88
Step 3539591/5000000 | Win rate (rollout): 0.71 | Loss: 0.219 | Opp label coverage: 0.91
Step 3540108/5000000 | Win rate (rollout): 0.62 | Loss: 0.271 | Opp label coverage: 0.89
Step 3540620/5000000 | Win rate (rollout): 0.88 | Loss: 0.184 | Opp label coverage: 0.88
Step 3541134/5000000 | Win rate (rollout): 0.33 | Loss: 0.178 | Opp label coverage: 0.87
Step 3541648/5000000 | Win rate (rollout): 0.50 | Loss: 0.214 | Opp label coverage: 0.89
Step 3542165/5000000 | Win rate (rollout): 0.53 | Loss: 0.201 | Opp label coverage: 0.89
Step 3542677/5000000 | Win rate (rollout): 1.00 | Loss: 0.177 | Opp label coverage: 0.82
Step 3543189/5000000 | Win rate (rollout): 0.79 | Loss: 0.186 | Opp label coverage: 0.77
Step 3543703/5000000 | Win rate (rollout): 0.73 | Loss: 0.262 | Opp label coverage: 0.90
Step 3544215/5000000 | Win rate (rollout): 0.56 | Loss: 0.229 | Opp label coverage: 0.88
Step 3544727/5000000 | Win rate (rollout): 0.47 | Loss: 0.235 | Opp label coverage: 0.90
Step 3545239/5000000 | Win rate (rollout): 0.44 | Loss: 0.182 | Opp label coverage: 0.82
Step 3545756/5000000 | Win rate (rollout): 0.67 | Loss: 0.189 | Opp label coverage: 0.92
Step 3546268/5000000 | Win rate (rollout): 0.67 | Loss: 0.219 | Opp label coverage: 0.83
Step 3546780/5000000 | Win rate (rollout): 0.50 | Loss: 0.201 | Opp label coverage: 0.82
Step 3547293/5000000 | Win rate (rollout): 0.50 | Loss: 0.191 | Opp label coverage: 0.92
Step 3547809/5000000 | Win rate (rollout): 0.62 | Loss: 0.228 | Opp label coverage: 0.89
Step 3548321/5000000 | Win rate (rollout): 0.50 | Loss: 0.221 | Opp label coverage: 0.90
Step 3548833/5000000 | Win rate (rollout): 0.80 | Loss: 0.171 | Opp label coverage: 0.79
Step 3549345/5000000 | Win rate (rollout): 0.60 | Loss: 0.222 | Opp label coverage: 0.84
Step 3549857/5000000 | Win rate (rollout): 0.91 | Loss: 0.180 | Opp label coverage: 0.85
Step 3550373/5000000 | Win rate (rollout): 0.55 | Loss: 0.238 | Opp label coverage: 0.88
Step 3550887/5000000 | Win rate (rollout): 0.50 | Loss: 0.161 | Opp label coverage: 0.88
Step 3551399/5000000 | Win rate (rollout): 0.82 | Loss: 0.182 | Opp label coverage: 0.82
Step 3551914/5000000 | Win rate (rollout): 0.33 | Loss: 0.179 | Opp label coverage: 0.90
Step 3552426/5000000 | Win rate (rollout): 0.60 | Loss: 0.209 | Opp label coverage: 0.82
Step 3552938/5000000 | Win rate (rollout): 0.53 | Loss: 0.219 | Opp label coverage: 0.85
Step 3553450/5000000 | Win rate (rollout): 0.73 | Loss: 0.234 | Opp label coverage: 0.83
Step 3553966/5000000 | Win rate (rollout): 0.23 | Loss: 0.234 | Opp label coverage: 0.88
Step 3554485/5000000 | Win rate (rollout): 0.44 | Loss: 0.228 | Opp label coverage: 0.89
Step 3554998/5000000 | Win rate (rollout): 0.64 | Loss: 0.241 | Opp label coverage: 0.91
Step 3555514/5000000 | Win rate (rollout): 0.56 | Loss: 0.196 | Opp label coverage: 0.88
Step 3556026/5000000 | Win rate (rollout): 0.55 | Loss: 0.185 | Opp label coverage: 0.81
Step 3556538/5000000 | Win rate (rollout): 0.73 | Loss: 0.187 | Opp label coverage: 0.81
Step 3557050/5000000 | Win rate (rollout): 0.88 | Loss: 0.202 | Opp label coverage: 0.84
Step 3557562/5000000 | Win rate (rollout): 0.45 | Loss: 0.192 | Opp label coverage: 0.80
Step 3558074/5000000 | Win rate (rollout): 0.53 | Loss: 0.213 | Opp label coverage: 0.84
Step 3558589/5000000 | Win rate (rollout): 0.67 | Loss: 0.241 | Opp label coverage: 0.91
Step 3559107/5000000 | Win rate (rollout): 0.79 | Loss: 0.251 | Opp label coverage: 0.90
Step 3559619/5000000 | Win rate (rollout): 0.67 | Loss: 0.188 | Opp label coverage: 0.79
Step 3560134/5000000 | Win rate (rollout): 0.40 | Loss: 0.246 | Opp label coverage: 0.89
Step 3560653/5000000 | Win rate (rollout): 0.53 | Loss: 0.182 | Opp label coverage: 0.88
Step 3561168/5000000 | Win rate (rollout): 0.40 | Loss: 0.180 | Opp label coverage: 0.91
Step 3561682/5000000 | Win rate (rollout): 0.43 | Loss: 0.181 | Opp label coverage: 0.88
Step 3562194/5000000 | Win rate (rollout): 0.50 | Loss: 0.191 | Opp label coverage: 0.80
Step 3562710/5000000 | Win rate (rollout): 0.27 | Loss: 0.185 | Opp label coverage: 0.88
Step 3563226/5000000 | Win rate (rollout): 0.58 | Loss: 0.284 | Opp label coverage: 0.89
Step 3563738/5000000 | Win rate (rollout): 0.55 | Loss: 0.213 | Opp label coverage: 0.80
Step 3564250/5000000 | Win rate (rollout): 0.55 | Loss: 0.176 | Opp label coverage: 0.81
Step 3564762/5000000 | Win rate (rollout): 0.58 | Loss: 0.208 | Opp label coverage: 0.83
Step 3565274/5000000 | Win rate (rollout): 0.50 | Loss: 0.212 | Opp label coverage: 0.84
Step 3565786/5000000 | Win rate (rollout): 0.72 | Loss: 0.193 | Opp label coverage: 0.81
Step 3566298/5000000 | Win rate (rollout): 0.88 | Loss: 0.194 | Opp label coverage: 0.80
Step 3566812/5000000 | Win rate (rollout): 0.30 | Loss: 0.222 | Opp label coverage: 0.89
Step 3567331/5000000 | Win rate (rollout): 0.57 | Loss: 0.239 | Opp label coverage: 0.89
Step 3567844/5000000 | Win rate (rollout): 0.36 | Loss: 0.270 | Opp label coverage: 0.87
Step 3568357/5000000 | Win rate (rollout): 0.46 | Loss: 0.195 | Opp label coverage: 0.90
Step 3568869/5000000 | Win rate (rollout): 0.44 | Loss: 0.223 | Opp label coverage: 0.78
Step 3569381/5000000 | Win rate (rollout): 0.64 | Loss: 0.215 | Opp label coverage: 0.82
Step 3569895/5000000 | Win rate (rollout): 0.67 | Loss: 0.306 | Opp label coverage: 0.89
Step 3570407/5000000 | Win rate (rollout): 0.43 | Loss: 0.207 | Opp label coverage: 0.88
Step 3570920/5000000 | Win rate (rollout): 0.58 | Loss: 0.217 | Opp label coverage: 0.89
Step 3571432/5000000 | Win rate (rollout): 0.43 | Loss: 0.227 | Opp label coverage: 0.81
Step 3571947/5000000 | Win rate (rollout): 0.70 | Loss: 0.155 | Opp label coverage: 0.90
Step 3572459/5000000 | Win rate (rollout): 0.67 | Loss: 0.200 | Opp label coverage: 0.82
Step 3572971/5000000 | Win rate (rollout): 0.64 | Loss: 0.215 | Opp label coverage: 0.79
Step 3573483/5000000 | Win rate (rollout): 0.80 | Loss: 0.200 | Opp label coverage: 0.83
Step 3574000/5000000 | Win rate (rollout): 0.50 | Loss: 0.231 | Opp label coverage: 0.89
Step 3574517/5000000 | Win rate (rollout): 0.43 | Loss: 0.223 | Opp label coverage: 0.88
Step 3575029/5000000 | Win rate (rollout): 0.53 | Loss: 0.230 | Opp label coverage: 0.89
Step 3575541/5000000 | Win rate (rollout): 0.42 | Loss: 0.189 | Opp label coverage: 0.79
Step 3576053/5000000 | Win rate (rollout): 0.62 | Loss: 0.208 | Opp label coverage: 0.78
Step 3576568/5000000 | Win rate (rollout): 0.50 | Loss: 0.243 | Opp label coverage: 0.88
Step 3577085/5000000 | Win rate (rollout): 0.50 | Loss: 0.218 | Opp label coverage: 0.90
Step 3577602/5000000 | Win rate (rollout): 0.56 | Loss: 0.238 | Opp label coverage: 0.88
Step 3578119/5000000 | Win rate (rollout): 0.38 | Loss: 0.185 | Opp label coverage: 0.89
Step 3578631/5000000 | Win rate (rollout): 0.78 | Loss: 0.197 | Opp label coverage: 0.86
Step 3579143/5000000 | Win rate (rollout): 0.79 | Loss: 0.188 | Opp label coverage: 0.76
Step 3579655/5000000 | Win rate (rollout): 0.50 | Loss: 0.213 | Opp label coverage: 0.82
Step 3580172/5000000 | Win rate (rollout): 0.56 | Loss: 0.251 | Opp label coverage: 0.89
Step 3580684/5000000 | Win rate (rollout): 0.43 | Loss: 0.204 | Opp label coverage: 0.77
Step 3581202/5000000 | Win rate (rollout): 0.80 | Loss: 0.222 | Opp label coverage: 0.90
Step 3581714/5000000 | Win rate (rollout): 0.56 | Loss: 0.171 | Opp label coverage: 0.79
Step 3582227/5000000 | Win rate (rollout): 0.40 | Loss: 0.153 | Opp label coverage: 0.89
Step 3582739/5000000 | Win rate (rollout): 0.64 | Loss: 0.226 | Opp label coverage: 0.79
Step 3583251/5000000 | Win rate (rollout): 0.50 | Loss: 0.241 | Opp label coverage: 0.88
Step 3583769/5000000 | Win rate (rollout): 0.38 | Loss: 0.243 | Opp label coverage: 0.89
Step 3584281/5000000 | Win rate (rollout): 0.50 | Loss: 0.226 | Opp label coverage: 0.79
Step 3584793/5000000 | Win rate (rollout): 0.47 | Loss: 0.200 | Opp label coverage: 0.79
Step 3585309/5000000 | Win rate (rollout): 0.36 | Loss: 0.222 | Opp label coverage: 0.87
Step 3585821/5000000 | Win rate (rollout): 0.58 | Loss: 0.217 | Opp label coverage: 0.84
Step 3586334/5000000 | Win rate (rollout): 0.88 | Loss: 0.271 | Opp label coverage: 0.91
Step 3586850/5000000 | Win rate (rollout): 0.43 | Loss: 0.279 | Opp label coverage: 0.89
Step 3587362/5000000 | Win rate (rollout): 0.56 | Loss: 0.203 | Opp label coverage: 0.88
Step 3587874/5000000 | Win rate (rollout): 0.36 | Loss: 0.180 | Opp label coverage: 0.82
Step 3588386/5000000 | Win rate (rollout): 0.56 | Loss: 0.215 | Opp label coverage: 0.83
Step 3588902/5000000 | Win rate (rollout): 0.38 | Loss: 0.150 | Opp label coverage: 0.90
Step 3589414/5000000 | Win rate (rollout): 0.60 | Loss: 0.220 | Opp label coverage: 0.86
Step 3589927/5000000 | Win rate (rollout): 0.78 | Loss: 0.185 | Opp label coverage: 0.92
Step 3590439/5000000 | Win rate (rollout): 0.60 | Loss: 0.202 | Opp label coverage: 0.85
Step 3590951/5000000 | Win rate (rollout): 0.57 | Loss: 0.203 | Opp label coverage: 0.83
Step 3591463/5000000 | Win rate (rollout): 0.88 | Loss: 0.212 | Opp label coverage: 0.83
Step 3591975/5000000 | Win rate (rollout): 0.60 | Loss: 0.229 | Opp label coverage: 0.84
Step 3592487/5000000 | Win rate (rollout): 0.33 | Loss: 0.186 | Opp label coverage: 0.82
Step 3592999/5000000 | Win rate (rollout): 0.85 | Loss: 0.169 | Opp label coverage: 0.84
Step 3593511/5000000 | Win rate (rollout): 0.40 | Loss: 0.225 | Opp label coverage: 0.89
Step 3594023/5000000 | Win rate (rollout): 0.77 | Loss: 0.183 | Opp label coverage: 0.82
Step 3594537/5000000 | Win rate (rollout): 0.70 | Loss: 0.177 | Opp label coverage: 0.89
Step 3595053/5000000 | Win rate (rollout): 0.40 | Loss: 0.262 | Opp label coverage: 0.90
Step 3595565/5000000 | Win rate (rollout): 0.91 | Loss: 0.182 | Opp label coverage: 0.81
Step 3596083/5000000 | Win rate (rollout): 0.42 | Loss: 0.252 | Opp label coverage: 0.88
Step 3596595/5000000 | Win rate (rollout): 0.69 | Loss: 0.179 | Opp label coverage: 0.83
Step 3597109/5000000 | Win rate (rollout): 0.27 | Loss: 0.202 | Opp label coverage: 0.89
Step 3597621/5000000 | Win rate (rollout): 0.38 | Loss: 0.209 | Opp label coverage: 0.82
Step 3598135/5000000 | Win rate (rollout): 0.88 | Loss: 0.185 | Opp label coverage: 0.89
Step 3598651/5000000 | Win rate (rollout): 0.67 | Loss: 0.209 | Opp label coverage: 0.89
Step 3599163/5000000 | Win rate (rollout): 0.75 | Loss: 0.186 | Opp label coverage: 0.84
Step 3599675/5000000 | Win rate (rollout): 0.67 | Loss: 0.216 | Opp label coverage: 0.85
Step 3600187/5000000 | Win rate (rollout): 0.62 | Loss: 0.188 | Opp label coverage: 0.77
Step 3600702/5000000 | Win rate (rollout): 0.56 | Loss: 0.297 | Opp label coverage: 0.90
Step 3601218/5000000 | Win rate (rollout): 0.57 | Loss: 0.219 | Opp label coverage: 0.90
Step 3601730/5000000 | Win rate (rollout): 0.38 | Loss: 0.192 | Opp label coverage: 0.83
Step 3602245/5000000 | Win rate (rollout): 0.42 | Loss: 0.202 | Opp label coverage: 0.89
Step 3602762/5000000 | Win rate (rollout): 0.40 | Loss: 0.165 | Opp label coverage: 0.88
Step 3603278/5000000 | Win rate (rollout): 0.67 | Loss: 0.208 | Opp label coverage: 0.90
Step 3603796/5000000 | Win rate (rollout): 0.53 | Loss: 0.233 | Opp label coverage: 0.89
Step 3604309/5000000 | Win rate (rollout): 0.43 | Loss: 0.241 | Opp label coverage: 0.91
Step 3604828/5000000 | Win rate (rollout): 0.47 | Loss: 0.189 | Opp label coverage: 0.87
Step 3605340/5000000 | Win rate (rollout): 0.70 | Loss: 0.207 | Opp label coverage: 0.85
Step 3605856/5000000 | Win rate (rollout): 0.44 | Loss: 0.203 | Opp label coverage: 0.91
Step 3606368/5000000 | Win rate (rollout): 0.60 | Loss: 0.214 | Opp label coverage: 0.86
Step 3606880/5000000 | Win rate (rollout): 0.67 | Loss: 0.198 | Opp label coverage: 0.77
Step 3607393/5000000 | Win rate (rollout): 0.40 | Loss: 0.266 | Opp label coverage: 0.89
Step 3607907/5000000 | Win rate (rollout): 0.42 | Loss: 0.216 | Opp label coverage: 0.91
Step 3608419/5000000 | Win rate (rollout): 0.62 | Loss: 0.186 | Opp label coverage: 0.86
Step 3608932/5000000 | Win rate (rollout): 0.58 | Loss: 0.226 | Opp label coverage: 0.89
Step 3609450/5000000 | Win rate (rollout): 0.38 | Loss: 0.244 | Opp label coverage: 0.87
Step 3609967/5000000 | Win rate (rollout): 0.57 | Loss: 0.242 | Opp label coverage: 0.87
Step 3610483/5000000 | Win rate (rollout): 0.38 | Loss: 0.239 | Opp label coverage: 0.89
Step 3611001/5000000 | Win rate (rollout): 0.19 | Loss: 0.166 | Opp label coverage: 0.87
Step 3611513/5000000 | Win rate (rollout): 0.44 | Loss: 0.211 | Opp label coverage: 0.83
Step 3612025/5000000 | Win rate (rollout): 0.33 | Loss: 0.224 | Opp label coverage: 0.77
Step 3612537/5000000 | Win rate (rollout): 0.38 | Loss: 0.185 | Opp label coverage: 0.80
Step 3613053/5000000 | Win rate (rollout): 0.50 | Loss: 0.205 | Opp label coverage: 0.88
Step 3613565/5000000 | Win rate (rollout): 0.69 | Loss: 0.191 | Opp label coverage: 0.84
Step 3614080/5000000 | Win rate (rollout): 0.70 | Loss: 0.202 | Opp label coverage: 0.91
Step 3614595/5000000 | Win rate (rollout): 0.40 | Loss: 0.243 | Opp label coverage: 0.87
Step 3615107/5000000 | Win rate (rollout): 0.54 | Loss: 0.215 | Opp label coverage: 0.81
Step 3615619/5000000 | Win rate (rollout): 0.50 | Loss: 0.214 | Opp label coverage: 0.78
Step 3616131/5000000 | Win rate (rollout): 0.44 | Loss: 0.227 | Opp label coverage: 0.88
Step 3616643/5000000 | Win rate (rollout): 0.75 | Loss: 0.194 | Opp label coverage: 0.87
Step 3617155/5000000 | Win rate (rollout): 0.65 | Loss: 0.197 | Opp label coverage: 0.83
Step 3617668/5000000 | Win rate (rollout): 0.70 | Loss: 0.366 | Opp label coverage: 0.90
Step 3618180/5000000 | Win rate (rollout): 0.33 | Loss: 0.250 | Opp label coverage: 0.87
Step 3618692/5000000 | Win rate (rollout): 0.50 | Loss: 0.204 | Opp label coverage: 0.89
Step 3619204/5000000 | Win rate (rollout): 0.50 | Loss: 0.235 | Opp label coverage: 0.76
Step 3619716/5000000 | Win rate (rollout): 0.33 | Loss: 0.195 | Opp label coverage: 0.77
Step 3620228/5000000 | Win rate (rollout): 0.57 | Loss: 0.210 | Opp label coverage: 0.83
Step 3620740/5000000 | Win rate (rollout): 0.25 | Loss: 0.197 | Opp label coverage: 0.89
Step 3621252/5000000 | Win rate (rollout): 0.46 | Loss: 0.210 | Opp label coverage: 0.82
Step 3621765/5000000 | Win rate (rollout): 0.30 | Loss: 0.157 | Opp label coverage: 0.89
Step 3622277/5000000 | Win rate (rollout): 0.36 | Loss: 0.214 | Opp label coverage: 0.81
Step 3622795/5000000 | Win rate (rollout): 0.60 | Loss: 0.235 | Opp label coverage: 0.89
Step 3623307/5000000 | Win rate (rollout): 0.38 | Loss: 0.164 | Opp label coverage: 0.75
Step 3623819/5000000 | Win rate (rollout): 0.62 | Loss: 0.212 | Opp label coverage: 0.80
Step 3624333/5000000 | Win rate (rollout): 0.64 | Loss: 0.184 | Opp label coverage: 0.89
Step 3624845/5000000 | Win rate (rollout): 1.00 | Loss: 0.194 | Opp label coverage: 0.81
Step 3625360/5000000 | Win rate (rollout): 0.85 | Loss: 0.164 | Opp label coverage: 0.92
Step 3625872/5000000 | Win rate (rollout): 0.50 | Loss: 0.243 | Opp label coverage: 0.88
Step 3626384/5000000 | Win rate (rollout): 0.80 | Loss: 0.190 | Opp label coverage: 0.87
Step 3626898/5000000 | Win rate (rollout): 0.62 | Loss: 0.141 | Opp label coverage: 0.91
Step 3627416/5000000 | Win rate (rollout): 0.56 | Loss: 0.244 | Opp label coverage: 0.89
Step 3627930/5000000 | Win rate (rollout): 0.54 | Loss: 0.261 | Opp label coverage: 0.91
Step 3628445/5000000 | Win rate (rollout): 0.70 | Loss: 0.200 | Opp label coverage: 0.90
Step 3628957/5000000 | Win rate (rollout): 0.82 | Loss: 0.187 | Opp label coverage: 0.86
Step 3629469/5000000 | Win rate (rollout): 0.45 | Loss: 0.221 | Opp label coverage: 0.89
Step 3629981/5000000 | Win rate (rollout): 0.82 | Loss: 0.199 | Opp label coverage: 0.83
Step 3630497/5000000 | Win rate (rollout): 0.40 | Loss: 0.183 | Opp label coverage: 0.89
Step 3631009/5000000 | Win rate (rollout): 0.44 | Loss: 0.208 | Opp label coverage: 0.80
Step 3631521/5000000 | Win rate (rollout): 0.56 | Loss: 0.188 | Opp label coverage: 0.83
Step 3632037/5000000 | Win rate (rollout): 0.56 | Loss: 0.229 | Opp label coverage: 0.90
Step 3632549/5000000 | Win rate (rollout): 1.00 | Loss: 0.194 | Opp label coverage: 0.84
Step 3633061/5000000 | Win rate (rollout): 0.29 | Loss: 0.199 | Opp label coverage: 0.81
Step 3633573/5000000 | Win rate (rollout): 0.62 | Loss: 0.225 | Opp label coverage: 0.90
Step 3634088/5000000 | Win rate (rollout): 0.40 | Loss: 0.190 | Opp label coverage: 0.89
Step 3634600/5000000 | Win rate (rollout): 0.17 | Loss: 0.198 | Opp label coverage: 0.84
Step 3635112/5000000 | Win rate (rollout): 0.57 | Loss: 0.201 | Opp label coverage: 0.81
Step 3635626/5000000 | Win rate (rollout): 0.33 | Loss: 0.147 | Opp label coverage: 0.88
Step 3636141/5000000 | Win rate (rollout): 0.44 | Loss: 0.240 | Opp label coverage: 0.87
Step 3636655/5000000 | Win rate (rollout): 0.38 | Loss: 0.214 | Opp label coverage: 0.89
Step 3637167/5000000 | Win rate (rollout): 0.18 | Loss: 0.194 | Opp label coverage: 0.84
Step 3637679/5000000 | Win rate (rollout): 0.50 | Loss: 0.207 | Opp label coverage: 0.86
Step 3638191/5000000 | Win rate (rollout): 0.36 | Loss: 0.203 | Opp label coverage: 0.89
Step 3638704/5000000 | Win rate (rollout): 0.40 | Loss: 0.185 | Opp label coverage: 0.89
Step 3639219/5000000 | Win rate (rollout): 0.43 | Loss: 0.238 | Opp label coverage: 0.88
Step 3639731/5000000 | Win rate (rollout): 0.75 | Loss: 0.215 | Opp label coverage: 0.81
Step 3640243/5000000 | Win rate (rollout): 0.72 | Loss: 0.205 | Opp label coverage: 0.81
Step 3640759/5000000 | Win rate (rollout): 0.62 | Loss: 0.218 | Opp label coverage: 0.89
Step 3641275/5000000 | Win rate (rollout): 0.57 | Loss: 0.230 | Opp label coverage: 0.90
Step 3641787/5000000 | Win rate (rollout): 0.93 | Loss: 0.186 | Opp label coverage: 0.84
Step 3642299/5000000 | Win rate (rollout): 0.45 | Loss: 0.205 | Opp label coverage: 0.79
Step 3642811/5000000 | Win rate (rollout): 0.56 | Loss: 0.187 | Opp label coverage: 0.82
Step 3643323/5000000 | Win rate (rollout): 0.33 | Loss: 0.194 | Opp label coverage: 0.84
Step 3643837/5000000 | Win rate (rollout): 0.56 | Loss: 0.163 | Opp label coverage: 0.90
Step 3644349/5000000 | Win rate (rollout): 0.50 | Loss: 0.195 | Opp label coverage: 0.83
Step 3644866/5000000 | Win rate (rollout): 0.62 | Loss: 0.196 | Opp label coverage: 0.91
Step 3645378/5000000 | Win rate (rollout): 0.40 | Loss: 0.203 | Opp label coverage: 0.82
Step 3645896/5000000 | Win rate (rollout): 0.50 | Loss: 0.198 | Opp label coverage: 0.87
Step 3646408/5000000 | Win rate (rollout): 0.64 | Loss: 0.205 | Opp label coverage: 0.81
Step 3646921/5000000 | Win rate (rollout): 0.45 | Loss: 0.234 | Opp label coverage: 0.90
Step 3647436/5000000 | Win rate (rollout): 0.33 | Loss: 0.253 | Opp label coverage: 0.89
Step 3647948/5000000 | Win rate (rollout): 0.88 | Loss: 0.193 | Opp label coverage: 0.86
Step 3648460/5000000 | Win rate (rollout): 0.67 | Loss: 0.204 | Opp label coverage: 0.83
Step 3648972/5000000 | Win rate (rollout): 0.36 | Loss: 0.234 | Opp label coverage: 0.88
Step 3649484/5000000 | Win rate (rollout): 0.60 | Loss: 0.186 | Opp label coverage: 0.87
Step 3649996/5000000 | Win rate (rollout): 0.67 | Loss: 0.210 | Opp label coverage: 0.91
Step 3650508/5000000 | Win rate (rollout): 0.70 | Loss: 0.194 | Opp label coverage: 0.83
Step 3651020/5000000 | Win rate (rollout): 0.62 | Loss: 0.244 | Opp label coverage: 0.86
Step 3651532/5000000 | Win rate (rollout): 0.55 | Loss: 0.181 | Opp label coverage: 0.81
Step 3652044/5000000 | Win rate (rollout): 0.64 | Loss: 0.195 | Opp label coverage: 0.81
Step 3652561/5000000 | Win rate (rollout): 0.30 | Loss: 0.232 | Opp label coverage: 0.90
Step 3653075/5000000 | Win rate (rollout): 0.64 | Loss: 0.250 | Opp label coverage: 0.90
Step 3653587/5000000 | Win rate (rollout): 1.00 | Loss: 0.175 | Opp label coverage: 0.82
Step 3654099/5000000 | Win rate (rollout): 0.58 | Loss: 0.193 | Opp label coverage: 0.82
Step 3654613/5000000 | Win rate (rollout): 0.44 | Loss: 0.233 | Opp label coverage: 0.89
Step 3655125/5000000 | Win rate (rollout): 0.36 | Loss: 0.210 | Opp label coverage: 0.82
Step 3655637/5000000 | Win rate (rollout): 0.40 | Loss: 0.220 | Opp label coverage: 0.88
Step 3656149/5000000 | Win rate (rollout): 0.55 | Loss: 0.213 | Opp label coverage: 0.83
Step 3656661/5000000 | Win rate (rollout): 0.80 | Loss: 0.193 | Opp label coverage: 0.85
Step 3657175/5000000 | Win rate (rollout): 0.82 | Loss: 0.296 | Opp label coverage: 0.90
Step 3657687/5000000 | Win rate (rollout): 0.69 | Loss: 0.208 | Opp label coverage: 0.85
Step 3658200/5000000 | Win rate (rollout): 0.60 | Loss: 0.298 | Opp label coverage: 0.90
Step 3658715/5000000 | Win rate (rollout): 0.64 | Loss: 0.229 | Opp label coverage: 0.89
Step 3659229/5000000 | Win rate (rollout): 0.50 | Loss: 0.280 | Opp label coverage: 0.90
Step 3659741/5000000 | Win rate (rollout): 0.67 | Loss: 0.191 | Opp label coverage: 0.86
Step 3660255/5000000 | Win rate (rollout): 0.75 | Loss: 0.224 | Opp label coverage: 0.89
Step 3660771/5000000 | Win rate (rollout): 0.25 | Loss: 0.291 | Opp label coverage: 0.88
Step 3661289/5000000 | Win rate (rollout): 0.40 | Loss: 0.227 | Opp label coverage: 0.88
Step 3661801/5000000 | Win rate (rollout): 0.57 | Loss: 0.192 | Opp label coverage: 0.84
Step 3662318/5000000 | Win rate (rollout): 0.54 | Loss: 0.233 | Opp label coverage: 0.89
Step 3662832/5000000 | Win rate (rollout): 0.29 | Loss: 0.175 | Opp label coverage: 0.89
Step 3663344/5000000 | Win rate (rollout): 0.43 | Loss: 0.194 | Opp label coverage: 0.78
Step 3663858/5000000 | Win rate (rollout): 0.58 | Loss: 0.228 | Opp label coverage: 0.89
Step 3664370/5000000 | Win rate (rollout): 0.78 | Loss: 0.222 | Opp label coverage: 0.82
Step 3664882/5000000 | Win rate (rollout): 0.50 | Loss: 0.192 | Opp label coverage: 0.83
Step 3665394/5000000 | Win rate (rollout): 0.69 | Loss: 0.215 | Opp label coverage: 0.81
Step 3665906/5000000 | Win rate (rollout): 0.90 | Loss: 0.192 | Opp label coverage: 0.87
Step 3666418/5000000 | Win rate (rollout): 0.45 | Loss: 0.204 | Opp label coverage: 0.84
Step 3666930/5000000 | Win rate (rollout): 0.44 | Loss: 0.186 | Opp label coverage: 0.85
Step 3667442/5000000 | Win rate (rollout): 0.60 | Loss: 0.201 | Opp label coverage: 0.82
Step 3667954/5000000 | Win rate (rollout): 0.64 | Loss: 0.185 | Opp label coverage: 0.85
Step 3668471/5000000 | Win rate (rollout): 0.56 | Loss: 0.256 | Opp label coverage: 0.91
Step 3668983/5000000 | Win rate (rollout): 1.00 | Loss: 0.164 | Opp label coverage: 0.77
Step 3669500/5000000 | Win rate (rollout): 0.45 | Loss: 0.213 | Opp label coverage: 0.88
Step 3670013/5000000 | Win rate (rollout): 0.38 | Loss: 0.266 | Opp label coverage: 0.89
Step 3670526/5000000 | Win rate (rollout): 0.47 | Loss: 0.209 | Opp label coverage: 0.88
Step 3671042/5000000 | Win rate (rollout): 0.60 | Loss: 0.200 | Opp label coverage: 0.90
Step 3671554/5000000 | Win rate (rollout): 0.54 | Loss: 0.245 | Opp label coverage: 0.84
Step 3672071/5000000 | Win rate (rollout): 0.46 | Loss: 0.195 | Opp label coverage: 0.89
Step 3672583/5000000 | Win rate (rollout): 0.54 | Loss: 0.230 | Opp label coverage: 0.83
Step 3673099/5000000 | Win rate (rollout): 0.44 | Loss: 0.196 | Opp label coverage: 0.88
Step 3673611/5000000 | Win rate (rollout): 0.75 | Loss: 0.198 | Opp label coverage: 0.84
Step 3674124/5000000 | Win rate (rollout): 0.53 | Loss: 0.240 | Opp label coverage: 0.87
Step 3674636/5000000 | Win rate (rollout): 0.40 | Loss: 0.209 | Opp label coverage: 0.82
Step 3675148/5000000 | Win rate (rollout): 0.57 | Loss: 0.210 | Opp label coverage: 0.83
Step 3675660/5000000 | Win rate (rollout): 0.71 | Loss: 0.212 | Opp label coverage: 0.79
Step 3676172/5000000 | Win rate (rollout): 0.50 | Loss: 0.181 | Opp label coverage: 0.81
Step 3676684/5000000 | Win rate (rollout): 0.57 | Loss: 0.210 | Opp label coverage: 0.84
Step 3677196/5000000 | Win rate (rollout): 0.53 | Loss: 0.203 | Opp label coverage: 0.77
Step 3677708/5000000 | Win rate (rollout): 0.61 | Loss: 0.241 | Opp label coverage: 0.81
Step 3678220/5000000 | Win rate (rollout): 0.47 | Loss: 0.180 | Opp label coverage: 0.76
Step 3678732/5000000 | Win rate (rollout): 0.73 | Loss: 0.198 | Opp label coverage: 0.82
Step 3679247/5000000 | Win rate (rollout): 0.73 | Loss: 0.240 | Opp label coverage: 0.89
Step 3679759/5000000 | Win rate (rollout): 0.46 | Loss: 0.213 | Opp label coverage: 0.80
Step 3680271/5000000 | Win rate (rollout): 0.77 | Loss: 0.173 | Opp label coverage: 0.79
Step 3680785/5000000 | Win rate (rollout): 0.42 | Loss: 0.249 | Opp label coverage: 0.87
Step 3681302/5000000 | Win rate (rollout): 0.41 | Loss: 0.204 | Opp label coverage: 0.88
Step 3681814/5000000 | Win rate (rollout): 0.54 | Loss: 0.216 | Opp label coverage: 0.86
Step 3682329/5000000 | Win rate (rollout): 0.56 | Loss: 0.206 | Opp label coverage: 0.89
Step 3682841/5000000 | Win rate (rollout): 0.57 | Loss: 0.189 | Opp label coverage: 0.84
Step 3683353/5000000 | Win rate (rollout): 0.71 | Loss: 0.192 | Opp label coverage: 0.84
Step 3683865/5000000 | Win rate (rollout): 0.61 | Loss: 0.220 | Opp label coverage: 0.83
Step 3684377/5000000 | Win rate (rollout): 0.75 | Loss: 0.175 | Opp label coverage: 0.89
Step 3684889/5000000 | Win rate (rollout): 0.43 | Loss: 0.250 | Opp label coverage: 0.82
Step 3685401/5000000 | Win rate (rollout): 0.67 | Loss: 0.207 | Opp label coverage: 0.79
Step 3685913/5000000 | Win rate (rollout): 0.36 | Loss: 0.214 | Opp label coverage: 0.88
Step 3686430/5000000 | Win rate (rollout): 0.86 | Loss: 0.232 | Opp label coverage: 0.90
Step 3686946/5000000 | Win rate (rollout): 0.71 | Loss: 0.203 | Opp label coverage: 0.91
Step 3687458/5000000 | Win rate (rollout): 0.69 | Loss: 0.216 | Opp label coverage: 0.89
Step 3687975/5000000 | Win rate (rollout): 0.70 | Loss: 0.197 | Opp label coverage: 0.90
Step 3688493/5000000 | Win rate (rollout): 0.59 | Loss: 0.206 | Opp label coverage: 0.88
Step 3689005/5000000 | Win rate (rollout): 0.53 | Loss: 0.208 | Opp label coverage: 0.82
Step 3689517/5000000 | Win rate (rollout): 0.78 | Loss: 0.208 | Opp label coverage: 0.80
Step 3690030/5000000 | Win rate (rollout): 0.36 | Loss: 0.209 | Opp label coverage: 0.88
Step 3690542/5000000 | Win rate (rollout): 0.64 | Loss: 0.187 | Opp label coverage: 0.80
Step 3691054/5000000 | Win rate (rollout): 0.65 | Loss: 0.219 | Opp label coverage: 0.82
Step 3691572/5000000 | Win rate (rollout): 0.50 | Loss: 0.162 | Opp label coverage: 0.89
Step 3692085/5000000 | Win rate (rollout): 0.36 | Loss: 0.261 | Opp label coverage: 0.89
Step 3692603/5000000 | Win rate (rollout): 0.69 | Loss: 0.231 | Opp label coverage: 0.90
Step 3693115/5000000 | Win rate (rollout): 0.60 | Loss: 0.193 | Opp label coverage: 0.83
Step 3693627/5000000 | Win rate (rollout): 0.57 | Loss: 0.177 | Opp label coverage: 0.86
Step 3694139/5000000 | Win rate (rollout): 0.42 | Loss: 0.207 | Opp label coverage: 0.81
Step 3694651/5000000 | Win rate (rollout): 0.61 | Loss: 0.200 | Opp label coverage: 0.85
Step 3695166/5000000 | Win rate (rollout): 0.55 | Loss: 0.240 | Opp label coverage: 0.88
Step 3695678/5000000 | Win rate (rollout): 0.47 | Loss: 0.218 | Opp label coverage: 0.88
Step 3696196/5000000 | Win rate (rollout): 0.25 | Loss: 0.247 | Opp label coverage: 0.89
Step 3696714/5000000 | Win rate (rollout): 0.53 | Loss: 0.226 | Opp label coverage: 0.88
Step 3697229/5000000 | Win rate (rollout): 0.57 | Loss: 0.290 | Opp label coverage: 0.89
Step 3697741/5000000 | Win rate (rollout): 0.80 | Loss: 0.213 | Opp label coverage: 0.83
Step 3698255/5000000 | Win rate (rollout): 0.60 | Loss: 0.178 | Opp label coverage: 0.88
Step 3698768/5000000 | Win rate (rollout): 0.54 | Loss: 0.229 | Opp label coverage: 0.89
Step 3699285/5000000 | Win rate (rollout): 0.62 | Loss: 0.201 | Opp label coverage: 0.88
Step 3699797/5000000 | Win rate (rollout): 0.60 | Loss: 0.246 | Opp label coverage: 0.81
Step 3700309/5000000 | Win rate (rollout): 0.37 | Loss: 0.216 | Opp label coverage: 0.82
Step 3700821/5000000 | Win rate (rollout): 0.53 | Loss: 0.191 | Opp label coverage: 0.80
Step 3701333/5000000 | Win rate (rollout): 0.57 | Loss: 0.218 | Opp label coverage: 0.81
Step 3701845/5000000 | Win rate (rollout): 0.50 | Loss: 0.228 | Opp label coverage: 0.78
Step 3702357/5000000 | Win rate (rollout): 0.50 | Loss: 0.212 | Opp label coverage: 0.82
Step 3702869/5000000 | Win rate (rollout): 0.75 | Loss: 0.184 | Opp label coverage: 0.79
Step 3703381/5000000 | Win rate (rollout): 0.64 | Loss: 0.188 | Opp label coverage: 0.80
Step 3703897/5000000 | Win rate (rollout): 0.33 | Loss: 0.195 | Opp label coverage: 0.88
Step 3704409/5000000 | Win rate (rollout): 0.62 | Loss: 0.265 | Opp label coverage: 0.90
Step 3704921/5000000 | Win rate (rollout): 0.36 | Loss: 0.202 | Opp label coverage: 0.88
Step 3705433/5000000 | Win rate (rollout): 0.83 | Loss: 0.189 | Opp label coverage: 0.82
Step 3705945/5000000 | Win rate (rollout): 0.73 | Loss: 0.183 | Opp label coverage: 0.78
Step 3706457/5000000 | Win rate (rollout): 0.73 | Loss: 0.208 | Opp label coverage: 0.80
Step 3706969/5000000 | Win rate (rollout): 0.30 | Loss: 0.228 | Opp label coverage: 0.88
Step 3707481/5000000 | Win rate (rollout): 0.56 | Loss: 0.183 | Opp label coverage: 0.81
Step 3707996/5000000 | Win rate (rollout): 0.91 | Loss: 0.208 | Opp label coverage: 0.90
Step 3708508/5000000 | Win rate (rollout): 0.62 | Loss: 0.212 | Opp label coverage: 0.89
Step 3709020/5000000 | Win rate (rollout): 0.33 | Loss: 0.169 | Opp label coverage: 0.82
Step 3709532/5000000 | Win rate (rollout): 0.40 | Loss: 0.192 | Opp label coverage: 0.79
Step 3710050/5000000 | Win rate (rollout): 0.58 | Loss: 0.222 | Opp label coverage: 0.90
Step 3710562/5000000 | Win rate (rollout): 1.00 | Loss: 0.164 | Opp label coverage: 0.78
Step 3711074/5000000 | Win rate (rollout): 0.60 | Loss: 0.169 | Opp label coverage: 0.79
Step 3711586/5000000 | Win rate (rollout): 0.77 | Loss: 0.181 | Opp label coverage: 0.83
Step 3712098/5000000 | Win rate (rollout): 0.65 | Loss: 0.199 | Opp label coverage: 0.82
Step 3712610/5000000 | Win rate (rollout): 0.50 | Loss: 0.231 | Opp label coverage: 0.74
Step 3713125/5000000 | Win rate (rollout): 0.44 | Loss: 0.206 | Opp label coverage: 0.90
Step 3713641/5000000 | Win rate (rollout): 0.62 | Loss: 0.201 | Opp label coverage: 0.88
Step 3714153/5000000 | Win rate (rollout): 0.31 | Loss: 0.195 | Opp label coverage: 0.83
Step 3714665/5000000 | Win rate (rollout): 0.71 | Loss: 0.206 | Opp label coverage: 0.83
Step 3715178/5000000 | Win rate (rollout): 0.69 | Loss: 0.201 | Opp label coverage: 0.90
Step 3715695/5000000 | Win rate (rollout): 0.69 | Loss: 0.216 | Opp label coverage: 0.89
Step 3716212/5000000 | Win rate (rollout): 0.44 | Loss: 0.257 | Opp label coverage: 0.88
Step 3716731/5000000 | Win rate (rollout): 0.47 | Loss: 0.197 | Opp label coverage: 0.89
Step 3717245/5000000 | Win rate (rollout): 0.46 | Loss: 0.260 | Opp label coverage: 0.90
Step 3717758/5000000 | Win rate (rollout): 0.46 | Loss: 0.211 | Opp label coverage: 0.89
Step 3718274/5000000 | Win rate (rollout): 0.40 | Loss: 0.222 | Opp label coverage: 0.88
Step 3718786/5000000 | Win rate (rollout): 0.70 | Loss: 0.204 | Opp label coverage: 0.83
Step 3719298/5000000 | Win rate (rollout): 0.85 | Loss: 0.178 | Opp label coverage: 0.87
Step 3719810/5000000 | Win rate (rollout): 0.67 | Loss: 0.206 | Opp label coverage: 0.76
Step 3720322/5000000 | Win rate (rollout): 0.50 | Loss: 0.172 | Opp label coverage: 0.80
Step 3720834/5000000 | Win rate (rollout): 0.31 | Loss: 0.217 | Opp label coverage: 0.80
Step 3721346/5000000 | Win rate (rollout): 0.54 | Loss: 0.205 | Opp label coverage: 0.81
Step 3721858/5000000 | Win rate (rollout): 0.60 | Loss: 0.237 | Opp label coverage: 0.81
Step 3722370/5000000 | Win rate (rollout): 0.42 | Loss: 0.217 | Opp label coverage: 0.86
Step 3722882/5000000 | Win rate (rollout): 0.54 | Loss: 0.188 | Opp label coverage: 0.83
Step 3723399/5000000 | Win rate (rollout): 0.56 | Loss: 0.198 | Opp label coverage: 0.91
Step 3723911/5000000 | Win rate (rollout): 0.31 | Loss: 0.200 | Opp label coverage: 0.81
Step 3724428/5000000 | Win rate (rollout): 0.42 | Loss: 0.262 | Opp label coverage: 0.88
Step 3724941/5000000 | Win rate (rollout): 0.64 | Loss: 0.259 | Opp label coverage: 0.91
Step 3725453/5000000 | Win rate (rollout): 0.38 | Loss: 0.193 | Opp label coverage: 0.79
Step 3725965/5000000 | Win rate (rollout): 0.67 | Loss: 0.202 | Opp label coverage: 0.79
Step 3726479/5000000 | Win rate (rollout): 0.12 | Loss: 0.220 | Opp label coverage: 0.89
Step 3726995/5000000 | Win rate (rollout): 0.44 | Loss: 0.213 | Opp label coverage: 0.87
Step 3727511/5000000 | Win rate (rollout): 0.35 | Loss: 0.186 | Opp label coverage: 0.88
Step 3728023/5000000 | Win rate (rollout): 0.50 | Loss: 0.184 | Opp label coverage: 0.86
Step 3728541/5000000 | Win rate (rollout): 0.36 | Loss: 0.183 | Opp label coverage: 0.89
Step 3729053/5000000 | Win rate (rollout): 0.69 | Loss: 0.197 | Opp label coverage: 0.82
Step 3729565/5000000 | Win rate (rollout): 0.53 | Loss: 0.200 | Opp label coverage: 0.79
Step 3730078/5000000 | Win rate (rollout): 0.44 | Loss: 0.135 | Opp label coverage: 0.90
Step 3730590/5000000 | Win rate (rollout): 0.31 | Loss: 0.210 | Opp label coverage: 0.79
Step 3731104/5000000 | Win rate (rollout): 0.38 | Loss: 0.226 | Opp label coverage: 0.90
Step 3731616/5000000 | Win rate (rollout): 0.69 | Loss: 0.222 | Opp label coverage: 0.82
Step 3732134/5000000 | Win rate (rollout): 0.40 | Loss: 0.243 | Opp label coverage: 0.88
Step 3732646/5000000 | Win rate (rollout): 0.44 | Loss: 0.198 | Opp label coverage: 0.82
Step 3733160/5000000 | Win rate (rollout): 0.55 | Loss: 0.255 | Opp label coverage: 0.89
Step 3733674/5000000 | Win rate (rollout): 0.33 | Loss: 0.177 | Opp label coverage: 0.89
Step 3734186/5000000 | Win rate (rollout): 0.56 | Loss: 0.193 | Opp label coverage: 0.76
Step 3734698/5000000 | Win rate (rollout): 0.40 | Loss: 0.183 | Opp label coverage: 0.85
Step 3735216/5000000 | Win rate (rollout): 0.25 | Loss: 0.157 | Opp label coverage: 0.89
Step 3735728/5000000 | Win rate (rollout): 0.67 | Loss: 0.193 | Opp label coverage: 0.82
Step 3736246/5000000 | Win rate (rollout): 0.64 | Loss: 0.251 | Opp label coverage: 0.88
Step 3736758/5000000 | Win rate (rollout): 0.45 | Loss: 0.230 | Opp label coverage: 0.90
Step 3737270/5000000 | Win rate (rollout): 0.83 | Loss: 0.194 | Opp label coverage: 0.80
Step 3737782/5000000 | Win rate (rollout): 0.20 | Loss: 0.191 | Opp label coverage: 0.81
Step 3738294/5000000 | Win rate (rollout): 0.78 | Loss: 0.173 | Opp label coverage: 0.79
Step 3738808/5000000 | Win rate (rollout): 0.40 | Loss: 0.203 | Opp label coverage: 0.90
Step 3739320/5000000 | Win rate (rollout): 0.62 | Loss: 0.170 | Opp label coverage: 0.84
Step 3739832/5000000 | Win rate (rollout): 0.30 | Loss: 0.210 | Opp label coverage: 0.88
Step 3740346/5000000 | Win rate (rollout): 0.62 | Loss: 0.235 | Opp label coverage: 0.90
Step 3740864/5000000 | Win rate (rollout): 0.60 | Loss: 0.188 | Opp label coverage: 0.90
Step 3741379/5000000 | Win rate (rollout): 0.64 | Loss: 0.207 | Opp label coverage: 0.89
Step 3741895/5000000 | Win rate (rollout): 0.53 | Loss: 0.204 | Opp label coverage: 0.89
Step 3742414/5000000 | Win rate (rollout): 0.55 | Loss: 0.211 | Opp label coverage: 0.91
Step 3742926/5000000 | Win rate (rollout): 0.56 | Loss: 0.221 | Opp label coverage: 0.85
Step 3743445/5000000 | Win rate (rollout): 0.83 | Loss: 0.232 | Opp label coverage: 0.90
Step 3743963/5000000 | Win rate (rollout): 0.63 | Loss: 0.252 | Opp label coverage: 0.90
Step 3744476/5000000 | Win rate (rollout): 0.46 | Loss: 0.230 | Opp label coverage: 0.89
Step 3744992/5000000 | Win rate (rollout): 0.40 | Loss: 0.213 | Opp label coverage: 0.87
Step 3745504/5000000 | Win rate (rollout): 0.50 | Loss: 0.202 | Opp label coverage: 0.81
Step 3746016/5000000 | Win rate (rollout): 0.50 | Loss: 0.232 | Opp label coverage: 0.88
Step 3746533/5000000 | Win rate (rollout): 0.36 | Loss: 0.217 | Opp label coverage: 0.90
Step 3747052/5000000 | Win rate (rollout): 0.60 | Loss: 0.200 | Opp label coverage: 0.91
Step 3747565/5000000 | Win rate (rollout): 0.64 | Loss: 0.148 | Opp label coverage: 0.90
Step 3748083/5000000 | Win rate (rollout): 0.38 | Loss: 0.228 | Opp label coverage: 0.90
Step 3748599/5000000 | Win rate (rollout): 0.40 | Loss: 0.203 | Opp label coverage: 0.90
Step 3749111/5000000 | Win rate (rollout): 0.47 | Loss: 0.207 | Opp label coverage: 0.81
Step 3749623/5000000 | Win rate (rollout): 0.62 | Loss: 0.174 | Opp label coverage: 0.79
[checkpoint] Saved models/ppo/checkpoints/m9seed/ppo_step_3750047.pt
Step 3750135/5000000 | Win rate (rollout): 0.79 | Loss: 0.199 | Opp label coverage: 0.86
Step 3750647/5000000 | Win rate (rollout): 0.50 | Loss: 0.221 | Opp label coverage: 0.89
Step 3751159/5000000 | Win rate (rollout): 0.62 | Loss: 0.204 | Opp label coverage: 0.83
Step 3751671/5000000 | Win rate (rollout): 0.24 | Loss: 0.196 | Opp label coverage: 0.78
Step 3752183/5000000 | Win rate (rollout): 0.71 | Loss: 0.189 | Opp label coverage: 0.82
Step 3752695/5000000 | Win rate (rollout): 0.64 | Loss: 0.191 | Opp label coverage: 0.87
Step 3753207/5000000 | Win rate (rollout): 0.45 | Loss: 0.175 | Opp label coverage: 0.83
Step 3753724/5000000 | Win rate (rollout): 0.56 | Loss: 0.211 | Opp label coverage: 0.90
Step 3754236/5000000 | Win rate (rollout): 0.50 | Loss: 0.197 | Opp label coverage: 0.78
Step 3754751/5000000 | Win rate (rollout): 0.50 | Loss: 0.333 | Opp label coverage: 0.89
Step 3755263/5000000 | Win rate (rollout): 0.33 | Loss: 0.187 | Opp label coverage: 0.84
Step 3755775/5000000 | Win rate (rollout): 0.44 | Loss: 0.253 | Opp label coverage: 0.89
Step 3756287/5000000 | Win rate (rollout): 0.40 | Loss: 0.224 | Opp label coverage: 0.84
Step 3756799/5000000 | Win rate (rollout): 0.44 | Loss: 0.191 | Opp label coverage: 0.79
Step 3757311/5000000 | Win rate (rollout): 0.55 | Loss: 0.195 | Opp label coverage: 0.82
Step 3757827/5000000 | Win rate (rollout): 0.62 | Loss: 0.157 | Opp label coverage: 0.91
Step 3758346/5000000 | Win rate (rollout): 0.69 | Loss: 0.241 | Opp label coverage: 0.90
Step 3758858/5000000 | Win rate (rollout): 0.67 | Loss: 0.263 | Opp label coverage: 0.89
Step 3759370/5000000 | Win rate (rollout): 0.33 | Loss: 0.239 | Opp label coverage: 0.87
Step 3759884/5000000 | Win rate (rollout): 0.43 | Loss: 0.235 | Opp label coverage: 0.89
Step 3760396/5000000 | Win rate (rollout): 0.58 | Loss: 0.217 | Opp label coverage: 0.81
Step 3760910/5000000 | Win rate (rollout): 0.50 | Loss: 0.118 | Opp label coverage: 0.92
Step 3761422/5000000 | Win rate (rollout): 0.82 | Loss: 0.211 | Opp label coverage: 0.81
Step 3761939/5000000 | Win rate (rollout): 0.71 | Loss: 0.232 | Opp label coverage: 0.90
Step 3762451/5000000 | Win rate (rollout): 0.54 | Loss: 0.191 | Opp label coverage: 0.93
Step 3762963/5000000 | Win rate (rollout): 0.60 | Loss: 0.191 | Opp label coverage: 0.85
Step 3763475/5000000 | Win rate (rollout): 0.69 | Loss: 0.215 | Opp label coverage: 0.83
Step 3763987/5000000 | Win rate (rollout): 0.46 | Loss: 0.180 | Opp label coverage: 0.84
Step 3764503/5000000 | Win rate (rollout): 0.56 | Loss: 0.248 | Opp label coverage: 0.89
Step 3765015/5000000 | Win rate (rollout): 0.60 | Loss: 0.179 | Opp label coverage: 0.88
Step 3765532/5000000 | Win rate (rollout): 0.55 | Loss: 0.174 | Opp label coverage: 0.90
Step 3766044/5000000 | Win rate (rollout): 0.17 | Loss: 0.223 | Opp label coverage: 0.83
Step 3766561/5000000 | Win rate (rollout): 0.53 | Loss: 0.209 | Opp label coverage: 0.88
Step 3767073/5000000 | Win rate (rollout): 0.50 | Loss: 0.202 | Opp label coverage: 0.85
Step 3767588/5000000 | Win rate (rollout): 0.60 | Loss: 0.170 | Opp label coverage: 0.90
Step 3768100/5000000 | Win rate (rollout): 0.33 | Loss: 0.198 | Opp label coverage: 0.84
Step 3768615/5000000 | Win rate (rollout): 0.45 | Loss: 0.219 | Opp label coverage: 0.90
Step 3769133/5000000 | Win rate (rollout): 0.75 | Loss: 0.228 | Opp label coverage: 0.89
Step 3769650/5000000 | Win rate (rollout): 0.35 | Loss: 0.237 | Opp label coverage: 0.87
Step 3770162/5000000 | Win rate (rollout): 0.46 | Loss: 0.207 | Opp label coverage: 0.80
Step 3770674/5000000 | Win rate (rollout): 0.64 | Loss: 0.229 | Opp label coverage: 0.84
Step 3771188/5000000 | Win rate (rollout): 0.40 | Loss: 0.155 | Opp label coverage: 0.90
Step 3771701/5000000 | Win rate (rollout): 0.47 | Loss: 0.199 | Opp label coverage: 0.90
Step 3772213/5000000 | Win rate (rollout): 0.64 | Loss: 0.192 | Opp label coverage: 0.86
Step 3772730/5000000 | Win rate (rollout): 0.73 | Loss: 0.171 | Opp label coverage: 0.89
Step 3773245/5000000 | Win rate (rollout): 0.69 | Loss: 0.271 | Opp label coverage: 0.89
Step 3773763/5000000 | Win rate (rollout): 0.86 | Loss: 0.206 | Opp label coverage: 0.89
Step 3774275/5000000 | Win rate (rollout): 0.62 | Loss: 0.194 | Opp label coverage: 0.85
Step 3774787/5000000 | Win rate (rollout): 0.35 | Loss: 0.203 | Opp label coverage: 0.84
Step 3775300/5000000 | Win rate (rollout): 0.44 | Loss: 0.123 | Opp label coverage: 0.90
Step 3775812/5000000 | Win rate (rollout): 0.77 | Loss: 0.222 | Opp label coverage: 0.85
Step 3776326/5000000 | Win rate (rollout): 0.79 | Loss: 0.205 | Opp label coverage: 0.90
Step 3776838/5000000 | Win rate (rollout): 0.62 | Loss: 0.213 | Opp label coverage: 0.82
Step 3777350/5000000 | Win rate (rollout): 0.89 | Loss: 0.169 | Opp label coverage: 0.85
Step 3777862/5000000 | Win rate (rollout): 0.62 | Loss: 0.222 | Opp label coverage: 0.84
Step 3778374/5000000 | Win rate (rollout): 0.56 | Loss: 0.229 | Opp label coverage: 0.89
Step 3778886/5000000 | Win rate (rollout): 0.33 | Loss: 0.225 | Opp label coverage: 0.82
Step 3779398/5000000 | Win rate (rollout): 0.70 | Loss: 0.211 | Opp label coverage: 0.89
Step 3779910/5000000 | Win rate (rollout): 0.50 | Loss: 0.177 | Opp label coverage: 0.86
Step 3780424/5000000 | Win rate (rollout): 0.55 | Loss: 0.166 | Opp label coverage: 0.89
Step 3780937/5000000 | Win rate (rollout): 0.69 | Loss: 0.269 | Opp label coverage: 0.91
Step 3781449/5000000 | Win rate (rollout): 0.36 | Loss: 0.232 | Opp label coverage: 0.83
Step 3781964/5000000 | Win rate (rollout): 0.67 | Loss: 0.258 | Opp label coverage: 0.90
Step 3782481/5000000 | Win rate (rollout): 0.40 | Loss: 0.219 | Opp label coverage: 0.89
Step 3782996/5000000 | Win rate (rollout): 0.43 | Loss: 0.237 | Opp label coverage: 0.88
Step 3783508/5000000 | Win rate (rollout): 0.64 | Loss: 0.196 | Opp label coverage: 0.83
Step 3784020/5000000 | Win rate (rollout): 0.67 | Loss: 0.200 | Opp label coverage: 0.90
Step 3784533/5000000 | Win rate (rollout): 0.67 | Loss: 0.168 | Opp label coverage: 0.89
Step 3785045/5000000 | Win rate (rollout): 0.67 | Loss: 0.226 | Opp label coverage: 0.86
Step 3785557/5000000 | Win rate (rollout): 0.62 | Loss: 0.201 | Opp label coverage: 0.80
Step 3786073/5000000 | Win rate (rollout): 0.45 | Loss: 0.206 | Opp label coverage: 0.90
Step 3786585/5000000 | Win rate (rollout): 0.62 | Loss: 0.182 | Opp label coverage: 0.82
Step 3787103/5000000 | Win rate (rollout): 0.54 | Loss: 0.207 | Opp label coverage: 0.88
Step 3787615/5000000 | Win rate (rollout): 0.36 | Loss: 0.221 | Opp label coverage: 0.80
Step 3788129/5000000 | Win rate (rollout): 0.56 | Loss: 0.203 | Opp label coverage: 0.89
Step 3788641/5000000 | Win rate (rollout): 0.89 | Loss: 0.181 | Opp label coverage: 0.83
Step 3789153/5000000 | Win rate (rollout): 0.55 | Loss: 0.208 | Opp label coverage: 0.85
Step 3789665/5000000 | Win rate (rollout): 0.64 | Loss: 0.209 | Opp label coverage: 0.86
Step 3790179/5000000 | Win rate (rollout): 0.55 | Loss: 0.206 | Opp label coverage: 0.88
Step 3790698/5000000 | Win rate (rollout): 0.50 | Loss: 0.263 | Opp label coverage: 0.90
Step 3791212/5000000 | Win rate (rollout): 0.21 | Loss: 0.186 | Opp label coverage: 0.88
Step 3791726/5000000 | Win rate (rollout): 0.69 | Loss: 0.278 | Opp label coverage: 0.89
Step 3792238/5000000 | Win rate (rollout): 0.67 | Loss: 0.183 | Opp label coverage: 0.85
Step 3792750/5000000 | Win rate (rollout): 0.50 | Loss: 0.236 | Opp label coverage: 0.82
Step 3793265/5000000 | Win rate (rollout): 0.36 | Loss: 0.182 | Opp label coverage: 0.89
Step 3793777/5000000 | Win rate (rollout): 0.50 | Loss: 0.217 | Opp label coverage: 0.81
Step 3794294/5000000 | Win rate (rollout): 0.50 | Loss: 0.221 | Opp label coverage: 0.90
Step 3794806/5000000 | Win rate (rollout): 0.73 | Loss: 0.218 | Opp label coverage: 0.82
Step 3795318/5000000 | Win rate (rollout): 0.47 | Loss: 0.209 | Opp label coverage: 0.80
Step 3795830/5000000 | Win rate (rollout): 0.70 | Loss: 0.204 | Opp label coverage: 0.82
Step 3796345/5000000 | Win rate (rollout): 0.77 | Loss: 0.146 | Opp label coverage: 0.90
Step 3796857/5000000 | Win rate (rollout): 0.75 | Loss: 0.191 | Opp label coverage: 0.82
Step 3797374/5000000 | Win rate (rollout): 0.89 | Loss: 0.169 | Opp label coverage: 0.90
Step 3797888/5000000 | Win rate (rollout): 0.57 | Loss: 0.235 | Opp label coverage: 0.89
Step 3798400/5000000 | Win rate (rollout): 0.85 | Loss: 0.168 | Opp label coverage: 0.88
Step 3798912/5000000 | Win rate (rollout): 0.73 | Loss: 0.204 | Opp label coverage: 0.81
Step 3799427/5000000 | Win rate (rollout): 0.62 | Loss: 0.219 | Opp label coverage: 0.88
Step 3799939/5000000 | Win rate (rollout): 0.46 | Loss: 0.265 | Opp label coverage: 0.82
Step 3800451/5000000 | Win rate (rollout): 0.69 | Loss: 0.242 | Opp label coverage: 0.79
Step 3800966/5000000 | Win rate (rollout): 0.36 | Loss: 0.275 | Opp label coverage: 0.88
Step 3801478/5000000 | Win rate (rollout): 0.62 | Loss: 0.204 | Opp label coverage: 0.89
Step 3801994/5000000 | Win rate (rollout): 0.47 | Loss: 0.191 | Opp label coverage: 0.88
Step 3802509/5000000 | Win rate (rollout): 0.31 | Loss: 0.214 | Opp label coverage: 0.87
Step 3803022/5000000 | Win rate (rollout): 0.40 | Loss: 0.215 | Opp label coverage: 0.89
Step 3803537/5000000 | Win rate (rollout): 0.56 | Loss: 0.253 | Opp label coverage: 0.89
Step 3804049/5000000 | Win rate (rollout): 0.54 | Loss: 0.208 | Opp label coverage: 0.82
Step 3804565/5000000 | Win rate (rollout): 0.56 | Loss: 0.209 | Opp label coverage: 0.91
Step 3805077/5000000 | Win rate (rollout): 0.50 | Loss: 0.191 | Opp label coverage: 0.83
Step 3805589/5000000 | Win rate (rollout): 0.46 | Loss: 0.195 | Opp label coverage: 0.85
Step 3806101/5000000 | Win rate (rollout): 0.65 | Loss: 0.236 | Opp label coverage: 0.84
Step 3806613/5000000 | Win rate (rollout): 0.35 | Loss: 0.223 | Opp label coverage: 0.81
Step 3807129/5000000 | Win rate (rollout): 0.45 | Loss: 0.200 | Opp label coverage: 0.89
Step 3807642/5000000 | Win rate (rollout): 0.69 | Loss: 0.229 | Opp label coverage: 0.90
Step 3808157/5000000 | Win rate (rollout): 0.50 | Loss: 0.304 | Opp label coverage: 0.90
Step 3808669/5000000 | Win rate (rollout): 0.40 | Loss: 0.200 | Opp label coverage: 0.82
Step 3809184/5000000 | Win rate (rollout): 0.40 | Loss: 0.303 | Opp label coverage: 0.90
Step 3809699/5000000 | Win rate (rollout): 0.69 | Loss: 0.268 | Opp label coverage: 0.90
Step 3810214/5000000 | Win rate (rollout): 0.46 | Loss: 0.207 | Opp label coverage: 0.91
Step 3810730/5000000 | Win rate (rollout): 0.50 | Loss: 0.291 | Opp label coverage: 0.91
Step 3811245/5000000 | Win rate (rollout): 0.69 | Loss: 0.246 | Opp label coverage: 0.91
Step 3811762/5000000 | Win rate (rollout): 0.33 | Loss: 0.191 | Opp label coverage: 0.92
Step 3812277/5000000 | Win rate (rollout): 0.64 | Loss: 0.192 | Opp label coverage: 0.90
Step 3812794/5000000 | Win rate (rollout): 0.47 | Loss: 0.235 | Opp label coverage: 0.87
Step 3813306/5000000 | Win rate (rollout): 0.60 | Loss: 0.218 | Opp label coverage: 0.82
Step 3813818/5000000 | Win rate (rollout): 0.71 | Loss: 0.189 | Opp label coverage: 0.86
Step 3814330/5000000 | Win rate (rollout): 0.40 | Loss: 0.223 | Opp label coverage: 0.89
Step 3814842/5000000 | Win rate (rollout): 0.36 | Loss: 0.215 | Opp label coverage: 0.81
Step 3815358/5000000 | Win rate (rollout): 0.44 | Loss: 0.230 | Opp label coverage: 0.90
Step 3815871/5000000 | Win rate (rollout): 0.57 | Loss: 0.200 | Opp label coverage: 0.89
Step 3816387/5000000 | Win rate (rollout): 0.25 | Loss: 0.189 | Opp label coverage: 0.89
Step 3816899/5000000 | Win rate (rollout): 0.55 | Loss: 0.185 | Opp label coverage: 0.82
Step 3817413/5000000 | Win rate (rollout): 0.50 | Loss: 0.258 | Opp label coverage: 0.89
Step 3817927/5000000 | Win rate (rollout): 0.43 | Loss: 0.292 | Opp label coverage: 0.89
Step 3818441/5000000 | Win rate (rollout): 0.38 | Loss: 0.194 | Opp label coverage: 0.89
Step 3818953/5000000 | Win rate (rollout): 0.58 | Loss: 0.215 | Opp label coverage: 0.79
Step 3819465/5000000 | Win rate (rollout): 0.50 | Loss: 0.188 | Opp label coverage: 0.83
Step 3819978/5000000 | Win rate (rollout): 0.42 | Loss: 0.165 | Opp label coverage: 0.90
Step 3820490/5000000 | Win rate (rollout): 0.69 | Loss: 0.218 | Opp label coverage: 0.81
Step 3821002/5000000 | Win rate (rollout): 0.63 | Loss: 0.250 | Opp label coverage: 0.77
Step 3821515/5000000 | Win rate (rollout): 0.11 | Loss: 0.235 | Opp label coverage: 0.88
Step 3822027/5000000 | Win rate (rollout): 0.55 | Loss: 0.212 | Opp label coverage: 0.77
Step 3822539/5000000 | Win rate (rollout): 0.50 | Loss: 0.202 | Opp label coverage: 0.80
Step 3823051/5000000 | Win rate (rollout): 0.40 | Loss: 0.199 | Opp label coverage: 0.89
Step 3823563/5000000 | Win rate (rollout): 0.45 | Loss: 0.196 | Opp label coverage: 0.82
Step 3824081/5000000 | Win rate (rollout): 0.50 | Loss: 0.217 | Opp label coverage: 0.89
Step 3824593/5000000 | Win rate (rollout): 0.54 | Loss: 0.219 | Opp label coverage: 0.83
Step 3825109/5000000 | Win rate (rollout): 0.54 | Loss: 0.236 | Opp label coverage: 0.88
Step 3825621/5000000 | Win rate (rollout): 0.56 | Loss: 0.218 | Opp label coverage: 0.80
Step 3826133/5000000 | Win rate (rollout): 0.88 | Loss: 0.178 | Opp label coverage: 0.85
Step 3826645/5000000 | Win rate (rollout): 0.42 | Loss: 0.182 | Opp label coverage: 0.81
Step 3827157/5000000 | Win rate (rollout): 0.38 | Loss: 0.234 | Opp label coverage: 0.84
Step 3827669/5000000 | Win rate (rollout): 0.80 | Loss: 0.202 | Opp label coverage: 0.85
Step 3828181/5000000 | Win rate (rollout): 0.69 | Loss: 0.207 | Opp label coverage: 0.82
Step 3828693/5000000 | Win rate (rollout): 0.75 | Loss: 0.159 | Opp label coverage: 0.82
Step 3829206/5000000 | Win rate (rollout): 0.67 | Loss: 0.156 | Opp label coverage: 0.89
Step 3829720/5000000 | Win rate (rollout): 0.53 | Loss: 0.316 | Opp label coverage: 0.87
Step 3830232/5000000 | Win rate (rollout): 0.67 | Loss: 0.200 | Opp label coverage: 0.74
Step 3830745/5000000 | Win rate (rollout): 0.60 | Loss: 0.207 | Opp label coverage: 0.90
Step 3831260/5000000 | Win rate (rollout): 0.47 | Loss: 0.207 | Opp label coverage: 0.90
Step 3831772/5000000 | Win rate (rollout): 0.58 | Loss: 0.204 | Opp label coverage: 0.82
Step 3832287/5000000 | Win rate (rollout): 0.70 | Loss: 0.196 | Opp label coverage: 0.89
Step 3832799/5000000 | Win rate (rollout): 0.58 | Loss: 0.218 | Opp label coverage: 0.84
Step 3833311/5000000 | Win rate (rollout): 0.70 | Loss: 0.182 | Opp label coverage: 0.82
Step 3833828/5000000 | Win rate (rollout): 0.50 | Loss: 0.202 | Opp label coverage: 0.89
Step 3834340/5000000 | Win rate (rollout): 0.54 | Loss: 0.225 | Opp label coverage: 0.78
Step 3834856/5000000 | Win rate (rollout): 0.89 | Loss: 0.187 | Opp label coverage: 0.92
Step 3835373/5000000 | Win rate (rollout): 0.53 | Loss: 0.277 | Opp label coverage: 0.88
Step 3835885/5000000 | Win rate (rollout): 0.60 | Loss: 0.217 | Opp label coverage: 0.88
Step 3836401/5000000 | Win rate (rollout): 0.38 | Loss: 0.210 | Opp label coverage: 0.88
Step 3836913/5000000 | Win rate (rollout): 0.73 | Loss: 0.198 | Opp label coverage: 0.78
Step 3837431/5000000 | Win rate (rollout): 0.62 | Loss: 0.259 | Opp label coverage: 0.91
Step 3837949/5000000 | Win rate (rollout): 0.69 | Loss: 0.248 | Opp label coverage: 0.91
Step 3838461/5000000 | Win rate (rollout): 0.50 | Loss: 0.226 | Opp label coverage: 0.81
Step 3838973/5000000 | Win rate (rollout): 0.53 | Loss: 0.207 | Opp label coverage: 0.82
Step 3839485/5000000 | Win rate (rollout): 0.58 | Loss: 0.222 | Opp label coverage: 0.82
Step 3839997/5000000 | Win rate (rollout): 0.56 | Loss: 0.222 | Opp label coverage: 0.77
Step 3840509/5000000 | Win rate (rollout): 0.69 | Loss: 0.230 | Opp label coverage: 0.82
Step 3841021/5000000 | Win rate (rollout): 0.62 | Loss: 0.177 | Opp label coverage: 0.85
Step 3841537/5000000 | Win rate (rollout): 0.38 | Loss: 0.167 | Opp label coverage: 0.89
Step 3842049/5000000 | Win rate (rollout): 1.00 | Loss: 0.170 | Opp label coverage: 0.86
Step 3842564/5000000 | Win rate (rollout): 0.50 | Loss: 0.256 | Opp label coverage: 0.90
Step 3843077/5000000 | Win rate (rollout): 0.92 | Loss: 0.279 | Opp label coverage: 0.91
Step 3843589/5000000 | Win rate (rollout): 0.46 | Loss: 0.218 | Opp label coverage: 0.78
Step 3844104/5000000 | Win rate (rollout): 0.58 | Loss: 0.171 | Opp label coverage: 0.89
Step 3844620/5000000 | Win rate (rollout): 0.29 | Loss: 0.237 | Opp label coverage: 0.89
Step 3845132/5000000 | Win rate (rollout): 1.00 | Loss: 0.210 | Opp label coverage: 0.85
Step 3845644/5000000 | Win rate (rollout): 0.58 | Loss: 0.185 | Opp label coverage: 0.84
Step 3846156/5000000 | Win rate (rollout): 0.50 | Loss: 0.195 | Opp label coverage: 0.86
Step 3846673/5000000 | Win rate (rollout): 0.30 | Loss: 0.182 | Opp label coverage: 0.88
Step 3847185/5000000 | Win rate (rollout): 0.73 | Loss: 0.178 | Opp label coverage: 0.84
Step 3847697/5000000 | Win rate (rollout): 0.62 | Loss: 0.232 | Opp label coverage: 0.88
Step 3848213/5000000 | Win rate (rollout): 0.15 | Loss: 0.223 | Opp label coverage: 0.90
Step 3848727/5000000 | Win rate (rollout): 0.57 | Loss: 0.206 | Opp label coverage: 0.90
Step 3849239/5000000 | Win rate (rollout): 0.44 | Loss: 0.230 | Opp label coverage: 0.88
Step 3849751/5000000 | Win rate (rollout): 0.90 | Loss: 0.223 | Opp label coverage: 0.81
Step 3850266/5000000 | Win rate (rollout): 0.30 | Loss: 0.176 | Opp label coverage: 0.88
Step 3850779/5000000 | Win rate (rollout): 0.25 | Loss: 0.267 | Opp label coverage: 0.88
Step 3851292/5000000 | Win rate (rollout): 0.23 | Loss: 0.176 | Opp label coverage: 0.89
Step 3851804/5000000 | Win rate (rollout): 0.73 | Loss: 0.193 | Opp label coverage: 0.79
Step 3852318/5000000 | Win rate (rollout): 0.70 | Loss: 0.221 | Opp label coverage: 0.89
Step 3852836/5000000 | Win rate (rollout): 0.62 | Loss: 0.200 | Opp label coverage: 0.89
Step 3853348/5000000 | Win rate (rollout): 0.57 | Loss: 0.211 | Opp label coverage: 0.81
Step 3853863/5000000 | Win rate (rollout): 0.55 | Loss: 0.157 | Opp label coverage: 0.89
Step 3854375/5000000 | Win rate (rollout): 0.50 | Loss: 0.185 | Opp label coverage: 0.83
Step 3854888/5000000 | Win rate (rollout): 0.64 | Loss: 0.207 | Opp label coverage: 0.89
Step 3855402/5000000 | Win rate (rollout): 0.53 | Loss: 0.222 | Opp label coverage: 0.87
Step 3855918/5000000 | Win rate (rollout): 0.67 | Loss: 0.201 | Opp label coverage: 0.90
Step 3856430/5000000 | Win rate (rollout): 0.38 | Loss: 0.211 | Opp label coverage: 0.88
Step 3856944/5000000 | Win rate (rollout): 0.50 | Loss: 0.174 | Opp label coverage: 0.90
Step 3857456/5000000 | Win rate (rollout): 0.55 | Loss: 0.230 | Opp label coverage: 0.84
Step 3857968/5000000 | Win rate (rollout): 0.87 | Loss: 0.229 | Opp label coverage: 0.82
Step 3858485/5000000 | Win rate (rollout): 0.67 | Loss: 0.221 | Opp label coverage: 0.88
Step 3859003/5000000 | Win rate (rollout): 0.53 | Loss: 0.228 | Opp label coverage: 0.88
Step 3859515/5000000 | Win rate (rollout): 0.38 | Loss: 0.217 | Opp label coverage: 0.82
Step 3860027/5000000 | Win rate (rollout): 0.53 | Loss: 0.205 | Opp label coverage: 0.83
Step 3860539/5000000 | Win rate (rollout): 0.69 | Loss: 0.212 | Opp label coverage: 0.79
Step 3861051/5000000 | Win rate (rollout): 0.43 | Loss: 0.222 | Opp label coverage: 0.75
Step 3861569/5000000 | Win rate (rollout): 0.36 | Loss: 0.225 | Opp label coverage: 0.88
Step 3862081/5000000 | Win rate (rollout): 0.60 | Loss: 0.203 | Opp label coverage: 0.85
Step 3862593/5000000 | Win rate (rollout): 0.70 | Loss: 0.197 | Opp label coverage: 0.87
Step 3863109/5000000 | Win rate (rollout): 0.60 | Loss: 0.239 | Opp label coverage: 0.90
Step 3863627/5000000 | Win rate (rollout): 0.67 | Loss: 0.214 | Opp label coverage: 0.88
Step 3864141/5000000 | Win rate (rollout): 0.43 | Loss: 0.199 | Opp label coverage: 0.89
Step 3864656/5000000 | Win rate (rollout): 0.46 | Loss: 0.253 | Opp label coverage: 0.91
Step 3865172/5000000 | Win rate (rollout): 0.50 | Loss: 0.180 | Opp label coverage: 0.88
Step 3865684/5000000 | Win rate (rollout): 0.50 | Loss: 0.191 | Opp label coverage: 0.80
Step 3866196/5000000 | Win rate (rollout): 0.35 | Loss: 0.233 | Opp label coverage: 0.81
Step 3866708/5000000 | Win rate (rollout): 0.67 | Loss: 0.196 | Opp label coverage: 0.84
Step 3867225/5000000 | Win rate (rollout): 0.44 | Loss: 0.219 | Opp label coverage: 0.89
Step 3867737/5000000 | Win rate (rollout): 0.64 | Loss: 0.190 | Opp label coverage: 0.81
Step 3868249/5000000 | Win rate (rollout): 0.33 | Loss: 0.224 | Opp label coverage: 0.85
Step 3868762/5000000 | Win rate (rollout): 0.64 | Loss: 0.172 | Opp label coverage: 0.90
Step 3869274/5000000 | Win rate (rollout): 0.44 | Loss: 0.195 | Opp label coverage: 0.85
Step 3869786/5000000 | Win rate (rollout): 0.60 | Loss: 0.217 | Opp label coverage: 0.83
Step 3870301/5000000 | Win rate (rollout): 0.22 | Loss: 0.239 | Opp label coverage: 0.88
Step 3870814/5000000 | Win rate (rollout): 0.47 | Loss: 0.210 | Opp label coverage: 0.88
Step 3871326/5000000 | Win rate (rollout): 0.73 | Loss: 0.201 | Opp label coverage: 0.88
Step 3871838/5000000 | Win rate (rollout): 0.67 | Loss: 0.246 | Opp label coverage: 0.79
Step 3872350/5000000 | Win rate (rollout): 0.59 | Loss: 0.224 | Opp label coverage: 0.78
Step 3872862/5000000 | Win rate (rollout): 0.56 | Loss: 0.201 | Opp label coverage: 0.82
Step 3873374/5000000 | Win rate (rollout): 0.64 | Loss: 0.206 | Opp label coverage: 0.83
Step 3873888/5000000 | Win rate (rollout): 0.67 | Loss: 0.151 | Opp label coverage: 0.91
Step 3874400/5000000 | Win rate (rollout): 0.54 | Loss: 0.204 | Opp label coverage: 0.84
Step 3874912/5000000 | Win rate (rollout): 0.53 | Loss: 0.224 | Opp label coverage: 0.85
Step 3875426/5000000 | Win rate (rollout): 0.73 | Loss: 0.236 | Opp label coverage: 0.88
Step 3875938/5000000 | Win rate (rollout): 0.67 | Loss: 0.186 | Opp label coverage: 0.86
Step 3876450/5000000 | Win rate (rollout): 0.54 | Loss: 0.171 | Opp label coverage: 0.80
Step 3876966/5000000 | Win rate (rollout): 0.44 | Loss: 0.215 | Opp label coverage: 0.89
Step 3877481/5000000 | Win rate (rollout): 0.53 | Loss: 0.202 | Opp label coverage: 0.89
Step 3877993/5000000 | Win rate (rollout): 0.82 | Loss: 0.180 | Opp label coverage: 0.83
Step 3878505/5000000 | Win rate (rollout): 0.46 | Loss: 0.185 | Opp label coverage: 0.82
Step 3879017/5000000 | Win rate (rollout): 0.64 | Loss: 0.190 | Opp label coverage: 0.81
Step 3879534/5000000 | Win rate (rollout): 0.46 | Loss: 0.238 | Opp label coverage: 0.89
Step 3880046/5000000 | Win rate (rollout): 0.55 | Loss: 0.229 | Opp label coverage: 0.82
Step 3880558/5000000 | Win rate (rollout): 0.57 | Loss: 0.180 | Opp label coverage: 0.77
Step 3881071/5000000 | Win rate (rollout): 0.60 | Loss: 0.173 | Opp label coverage: 0.86
Step 3881590/5000000 | Win rate (rollout): 0.53 | Loss: 0.242 | Opp label coverage: 0.90
Step 3882102/5000000 | Win rate (rollout): 0.64 | Loss: 0.213 | Opp label coverage: 0.84
Step 3882616/5000000 | Win rate (rollout): 0.45 | Loss: 0.272 | Opp label coverage: 0.88
Step 3883129/5000000 | Win rate (rollout): 0.62 | Loss: 0.181 | Opp label coverage: 0.91
Step 3883641/5000000 | Win rate (rollout): 0.75 | Loss: 0.196 | Opp label coverage: 0.84
Step 3884153/5000000 | Win rate (rollout): 0.74 | Loss: 0.195 | Opp label coverage: 0.83
Step 3884670/5000000 | Win rate (rollout): 0.64 | Loss: 0.202 | Opp label coverage: 0.88
Step 3885182/5000000 | Win rate (rollout): 0.42 | Loss: 0.218 | Opp label coverage: 0.81
Step 3885694/5000000 | Win rate (rollout): 0.76 | Loss: 0.206 | Opp label coverage: 0.84
Step 3886206/5000000 | Win rate (rollout): 0.67 | Loss: 0.219 | Opp label coverage: 0.91
Step 3886718/5000000 | Win rate (rollout): 0.50 | Loss: 0.176 | Opp label coverage: 0.80
Step 3887230/5000000 | Win rate (rollout): 0.69 | Loss: 0.183 | Opp label coverage: 0.81
Step 3887742/5000000 | Win rate (rollout): 0.78 | Loss: 0.192 | Opp label coverage: 0.85
Step 3888261/5000000 | Win rate (rollout): 0.50 | Loss: 0.171 | Opp label coverage: 0.88
Step 3888773/5000000 | Win rate (rollout): 0.67 | Loss: 0.214 | Opp label coverage: 0.81
Step 3889290/5000000 | Win rate (rollout): 0.67 | Loss: 0.205 | Opp label coverage: 0.90
Step 3889806/5000000 | Win rate (rollout): 0.42 | Loss: 0.186 | Opp label coverage: 0.91
Step 3890318/5000000 | Win rate (rollout): 0.42 | Loss: 0.199 | Opp label coverage: 0.79
Step 3890834/5000000 | Win rate (rollout): 0.54 | Loss: 0.106 | Opp label coverage: 0.89
Step 3891346/5000000 | Win rate (rollout): 0.36 | Loss: 0.216 | Opp label coverage: 0.83
Step 3891860/5000000 | Win rate (rollout): 0.60 | Loss: 0.226 | Opp label coverage: 0.90
Step 3892372/5000000 | Win rate (rollout): 0.46 | Loss: 0.242 | Opp label coverage: 0.90
Step 3892884/5000000 | Win rate (rollout): 0.62 | Loss: 0.184 | Opp label coverage: 0.85
Step 3893401/5000000 | Win rate (rollout): 0.62 | Loss: 0.237 | Opp label coverage: 0.90
Step 3893913/5000000 | Win rate (rollout): 0.43 | Loss: 0.226 | Opp label coverage: 0.79
Step 3894430/5000000 | Win rate (rollout): 0.50 | Loss: 0.282 | Opp label coverage: 0.86
Step 3894944/5000000 | Win rate (rollout): 0.57 | Loss: 0.199 | Opp label coverage: 0.90
Step 3895458/5000000 | Win rate (rollout): 0.56 | Loss: 0.172 | Opp label coverage: 0.88
Step 3895971/5000000 | Win rate (rollout): 0.58 | Loss: 0.262 | Opp label coverage: 0.91
Step 3896483/5000000 | Win rate (rollout): 0.58 | Loss: 0.229 | Opp label coverage: 0.80
Step 3896996/5000000 | Win rate (rollout): 0.88 | Loss: 0.155 | Opp label coverage: 0.90
Step 3897508/5000000 | Win rate (rollout): 0.64 | Loss: 0.181 | Opp label coverage: 0.90
Step 3898020/5000000 | Win rate (rollout): 0.54 | Loss: 0.199 | Opp label coverage: 0.81
Step 3898532/5000000 | Win rate (rollout): 0.65 | Loss: 0.190 | Opp label coverage: 0.80
Step 3899044/5000000 | Win rate (rollout): 0.65 | Loss: 0.210 | Opp label coverage: 0.81
Step 3899562/5000000 | Win rate (rollout): 0.50 | Loss: 0.282 | Opp label coverage: 0.87
Step 3900077/5000000 | Win rate (rollout): 0.11 | Loss: 0.166 | Opp label coverage: 0.90
Step 3900590/5000000 | Win rate (rollout): 0.53 | Loss: 0.254 | Opp label coverage: 0.89
Step 3901102/5000000 | Win rate (rollout): 0.33 | Loss: 0.185 | Opp label coverage: 0.82
Step 3901618/5000000 | Win rate (rollout): 0.50 | Loss: 0.232 | Opp label coverage: 0.90
Step 3902130/5000000 | Win rate (rollout): 0.79 | Loss: 0.193 | Opp label coverage: 0.86
Step 3902642/5000000 | Win rate (rollout): 0.53 | Loss: 0.213 | Opp label coverage: 0.85
Step 3903154/5000000 | Win rate (rollout): 0.67 | Loss: 0.193 | Opp label coverage: 0.81
Step 3903666/5000000 | Win rate (rollout): 0.47 | Loss: 0.231 | Opp label coverage: 0.79
Step 3904179/5000000 | Win rate (rollout): 0.33 | Loss: 0.233 | Opp label coverage: 0.88
Step 3904691/5000000 | Win rate (rollout): 0.80 | Loss: 0.225 | Opp label coverage: 0.84
Step 3905203/5000000 | Win rate (rollout): 0.27 | Loss: 0.220 | Opp label coverage: 0.89
Step 3905720/5000000 | Win rate (rollout): 0.64 | Loss: 0.182 | Opp label coverage: 0.90
Step 3906238/5000000 | Win rate (rollout): 0.43 | Loss: 0.268 | Opp label coverage: 0.90
Step 3906750/5000000 | Win rate (rollout): 0.85 | Loss: 0.216 | Opp label coverage: 0.83
Step 3907262/5000000 | Win rate (rollout): 0.47 | Loss: 0.215 | Opp label coverage: 0.83
Step 3907774/5000000 | Win rate (rollout): 0.29 | Loss: 0.205 | Opp label coverage: 0.85
Step 3908290/5000000 | Win rate (rollout): 0.22 | Loss: 0.219 | Opp label coverage: 0.88
Step 3908804/5000000 | Win rate (rollout): 0.57 | Loss: 0.182 | Opp label coverage: 0.89
Step 3909322/5000000 | Win rate (rollout): 0.53 | Loss: 0.227 | Opp label coverage: 0.90
Step 3909835/5000000 | Win rate (rollout): 0.62 | Loss: 0.206 | Opp label coverage: 0.87
Step 3910349/5000000 | Win rate (rollout): 0.38 | Loss: 0.181 | Opp label coverage: 0.88
Step 3910865/5000000 | Win rate (rollout): 0.27 | Loss: 0.224 | Opp label coverage: 0.88
Step 3911377/5000000 | Win rate (rollout): 0.67 | Loss: 0.204 | Opp label coverage: 0.82
Step 3911892/5000000 | Win rate (rollout): 0.36 | Loss: 0.187 | Opp label coverage: 0.89
Step 3912409/5000000 | Win rate (rollout): 0.40 | Loss: 0.200 | Opp label coverage: 0.89
Step 3912924/5000000 | Win rate (rollout): 0.73 | Loss: 0.225 | Opp label coverage: 0.89
Step 3913436/5000000 | Win rate (rollout): 0.62 | Loss: 0.202 | Opp label coverage: 0.79
Step 3913948/5000000 | Win rate (rollout): 0.22 | Loss: 0.188 | Opp label coverage: 0.80
Step 3914466/5000000 | Win rate (rollout): 0.55 | Loss: 0.242 | Opp label coverage: 0.88
Step 3914978/5000000 | Win rate (rollout): 0.67 | Loss: 0.215 | Opp label coverage: 0.85
Step 3915490/5000000 | Win rate (rollout): 0.60 | Loss: 0.224 | Opp label coverage: 0.83
Step 3916002/5000000 | Win rate (rollout): 0.78 | Loss: 0.180 | Opp label coverage: 0.86
Step 3916514/5000000 | Win rate (rollout): 0.54 | Loss: 0.211 | Opp label coverage: 0.87
Step 3917026/5000000 | Win rate (rollout): 1.00 | Loss: 0.182 | Opp label coverage: 0.83
Step 3917538/5000000 | Win rate (rollout): 0.67 | Loss: 0.219 | Opp label coverage: 0.81
Step 3918050/5000000 | Win rate (rollout): 0.46 | Loss: 0.192 | Opp label coverage: 0.86
Step 3918562/5000000 | Win rate (rollout): 0.61 | Loss: 0.243 | Opp label coverage: 0.85
Step 3919074/5000000 | Win rate (rollout): 0.65 | Loss: 0.202 | Opp label coverage: 0.84
Step 3919586/5000000 | Win rate (rollout): 0.50 | Loss: 0.186 | Opp label coverage: 0.84
Step 3920098/5000000 | Win rate (rollout): 0.50 | Loss: 0.202 | Opp label coverage: 0.83
Step 3920615/5000000 | Win rate (rollout): 0.64 | Loss: 0.229 | Opp label coverage: 0.90
Step 3921130/5000000 | Win rate (rollout): 0.31 | Loss: 0.274 | Opp label coverage: 0.90
Step 3921646/5000000 | Win rate (rollout): 0.60 | Loss: 0.215 | Opp label coverage: 0.91
Step 3922158/5000000 | Win rate (rollout): 1.00 | Loss: 0.220 | Opp label coverage: 0.83
Step 3922672/5000000 | Win rate (rollout): 0.50 | Loss: 0.200 | Opp label coverage: 0.87
Step 3923184/5000000 | Win rate (rollout): 0.50 | Loss: 0.203 | Opp label coverage: 0.84
Step 3923696/5000000 | Win rate (rollout): 0.85 | Loss: 0.175 | Opp label coverage: 0.84
Step 3924211/5000000 | Win rate (rollout): 0.64 | Loss: 0.244 | Opp label coverage: 0.89
Step 3924723/5000000 | Win rate (rollout): 0.69 | Loss: 0.206 | Opp label coverage: 0.86
Step 3925235/5000000 | Win rate (rollout): 0.60 | Loss: 0.208 | Opp label coverage: 0.84
Step 3925747/5000000 | Win rate (rollout): 0.40 | Loss: 0.232 | Opp label coverage: 0.77
Step 3926266/5000000 | Win rate (rollout): 0.83 | Loss: 0.214 | Opp label coverage: 0.91
Step 3926778/5000000 | Win rate (rollout): 0.91 | Loss: 0.192 | Opp label coverage: 0.93
Step 3927290/5000000 | Win rate (rollout): 0.58 | Loss: 0.214 | Opp label coverage: 0.86
Step 3927807/5000000 | Win rate (rollout): 0.55 | Loss: 0.188 | Opp label coverage: 0.88
Step 3928319/5000000 | Win rate (rollout): 0.67 | Loss: 0.207 | Opp label coverage: 0.81
Step 3928834/5000000 | Win rate (rollout): 0.73 | Loss: 0.254 | Opp label coverage: 0.89
Step 3929346/5000000 | Win rate (rollout): 0.64 | Loss: 0.235 | Opp label coverage: 0.89
Step 3929860/5000000 | Win rate (rollout): 0.67 | Loss: 0.144 | Opp label coverage: 0.89
Step 3930372/5000000 | Win rate (rollout): 0.53 | Loss: 0.225 | Opp label coverage: 0.86
Step 3930884/5000000 | Win rate (rollout): 0.83 | Loss: 0.204 | Opp label coverage: 0.80
Step 3931396/5000000 | Win rate (rollout): 0.73 | Loss: 0.207 | Opp label coverage: 0.79
Step 3931908/5000000 | Win rate (rollout): 0.43 | Loss: 0.220 | Opp label coverage: 0.80
Step 3932426/5000000 | Win rate (rollout): 0.78 | Loss: 0.213 | Opp label coverage: 0.90
Step 3932938/5000000 | Win rate (rollout): 0.54 | Loss: 0.213 | Opp label coverage: 0.83
Step 3933453/5000000 | Win rate (rollout): 0.62 | Loss: 0.305 | Opp label coverage: 0.89
Step 3933965/5000000 | Win rate (rollout): 0.50 | Loss: 0.177 | Opp label coverage: 0.81
Step 3934480/5000000 | Win rate (rollout): 0.50 | Loss: 0.240 | Opp label coverage: 0.88
Step 3934992/5000000 | Win rate (rollout): 0.57 | Loss: 0.225 | Opp label coverage: 0.81
Step 3935504/5000000 | Win rate (rollout): 0.82 | Loss: 0.162 | Opp label coverage: 0.84
Step 3936016/5000000 | Win rate (rollout): 0.79 | Loss: 0.194 | Opp label coverage: 0.81
Step 3936533/5000000 | Win rate (rollout): 0.64 | Loss: 0.252 | Opp label coverage: 0.90
Step 3937052/5000000 | Win rate (rollout): 0.50 | Loss: 0.192 | Opp label coverage: 0.91
Step 3937564/5000000 | Win rate (rollout): 0.53 | Loss: 0.195 | Opp label coverage: 0.84
Step 3938076/5000000 | Win rate (rollout): 0.44 | Loss: 0.257 | Opp label coverage: 0.84
Step 3938588/5000000 | Win rate (rollout): 0.82 | Loss: 0.206 | Opp label coverage: 0.84
Step 3939103/5000000 | Win rate (rollout): 0.44 | Loss: 0.253 | Opp label coverage: 0.88
Step 3939615/5000000 | Win rate (rollout): 0.56 | Loss: 0.233 | Opp label coverage: 0.79
Step 3940127/5000000 | Win rate (rollout): 0.57 | Loss: 0.201 | Opp label coverage: 0.81
Step 3940646/5000000 | Win rate (rollout): 0.50 | Loss: 0.242 | Opp label coverage: 0.88
Step 3941159/5000000 | Win rate (rollout): 0.50 | Loss: 0.162 | Opp label coverage: 0.90
Step 3941676/5000000 | Win rate (rollout): 0.54 | Loss: 0.154 | Opp label coverage: 0.90
Step 3942188/5000000 | Win rate (rollout): 0.58 | Loss: 0.188 | Opp label coverage: 0.82
Step 3942701/5000000 | Win rate (rollout): 0.64 | Loss: 0.233 | Opp label coverage: 0.90
Step 3943217/5000000 | Win rate (rollout): 0.73 | Loss: 0.246 | Opp label coverage: 0.89
Step 3943729/5000000 | Win rate (rollout): 0.50 | Loss: 0.205 | Opp label coverage: 0.86
Step 3944243/5000000 | Win rate (rollout): 0.30 | Loss: 0.235 | Opp label coverage: 0.89
Step 3944755/5000000 | Win rate (rollout): 0.50 | Loss: 0.208 | Opp label coverage: 0.80
Step 3945267/5000000 | Win rate (rollout): 0.61 | Loss: 0.225 | Opp label coverage: 0.85
Step 3945779/5000000 | Win rate (rollout): 0.67 | Loss: 0.182 | Opp label coverage: 0.83
Step 3946294/5000000 | Win rate (rollout): 0.70 | Loss: 0.230 | Opp label coverage: 0.90
Step 3946809/5000000 | Win rate (rollout): 0.50 | Loss: 0.214 | Opp label coverage: 0.90
Step 3947321/5000000 | Win rate (rollout): 0.69 | Loss: 0.187 | Opp label coverage: 0.79
Step 3947833/5000000 | Win rate (rollout): 0.50 | Loss: 0.209 | Opp label coverage: 0.82
Step 3948349/5000000 | Win rate (rollout): 0.75 | Loss: 0.215 | Opp label coverage: 0.91
Step 3948861/5000000 | Win rate (rollout): 0.40 | Loss: 0.212 | Opp label coverage: 0.80
Step 3949375/5000000 | Win rate (rollout): 0.70 | Loss: 0.237 | Opp label coverage: 0.90
Step 3949889/5000000 | Win rate (rollout): 0.69 | Loss: 0.182 | Opp label coverage: 0.90
Step 3950401/5000000 | Win rate (rollout): 0.56 | Loss: 0.234 | Opp label coverage: 0.79
Step 3950913/5000000 | Win rate (rollout): 0.80 | Loss: 0.208 | Opp label coverage: 0.80
Step 3951425/5000000 | Win rate (rollout): 0.67 | Loss: 0.173 | Opp label coverage: 0.86
Step 3951937/5000000 | Win rate (rollout): 0.80 | Loss: 0.187 | Opp label coverage: 0.86
Step 3952449/5000000 | Win rate (rollout): 0.67 | Loss: 0.191 | Opp label coverage: 0.89
Step 3952962/5000000 | Win rate (rollout): 0.64 | Loss: 0.289 | Opp label coverage: 0.89
Step 3953474/5000000 | Win rate (rollout): 0.77 | Loss: 0.172 | Opp label coverage: 0.80
Step 3953986/5000000 | Win rate (rollout): 0.67 | Loss: 0.202 | Opp label coverage: 0.85
Step 3954498/5000000 | Win rate (rollout): 0.60 | Loss: 0.251 | Opp label coverage: 0.89
Step 3955013/5000000 | Win rate (rollout): 0.31 | Loss: 0.249 | Opp label coverage: 0.88
Step 3955525/5000000 | Win rate (rollout): 0.54 | Loss: 0.204 | Opp label coverage: 0.78
Step 3956037/5000000 | Win rate (rollout): 0.60 | Loss: 0.214 | Opp label coverage: 0.83
Step 3956555/5000000 | Win rate (rollout): 0.54 | Loss: 0.240 | Opp label coverage: 0.88
Step 3957067/5000000 | Win rate (rollout): 0.44 | Loss: 0.249 | Opp label coverage: 0.88
Step 3957579/5000000 | Win rate (rollout): 0.62 | Loss: 0.239 | Opp label coverage: 0.81
Step 3958091/5000000 | Win rate (rollout): 0.67 | Loss: 0.249 | Opp label coverage: 0.89
Step 3958603/5000000 | Win rate (rollout): 0.50 | Loss: 0.228 | Opp label coverage: 0.81
Step 3959120/5000000 | Win rate (rollout): 0.58 | Loss: 0.213 | Opp label coverage: 0.88
Step 3959632/5000000 | Win rate (rollout): 0.71 | Loss: 0.231 | Opp label coverage: 0.85
Step 3960146/5000000 | Win rate (rollout): 0.50 | Loss: 0.195 | Opp label coverage: 0.91
Step 3960664/5000000 | Win rate (rollout): 0.54 | Loss: 0.237 | Opp label coverage: 0.90
Step 3961176/5000000 | Win rate (rollout): 0.57 | Loss: 0.198 | Opp label coverage: 0.80
Step 3961690/5000000 | Win rate (rollout): 0.55 | Loss: 0.252 | Opp label coverage: 0.89
Step 3962202/5000000 | Win rate (rollout): 0.46 | Loss: 0.220 | Opp label coverage: 0.82
Step 3962714/5000000 | Win rate (rollout): 0.89 | Loss: 0.190 | Opp label coverage: 0.85
Step 3963226/5000000 | Win rate (rollout): 0.75 | Loss: 0.217 | Opp label coverage: 0.84
Step 3963742/5000000 | Win rate (rollout): 0.62 | Loss: 0.162 | Opp label coverage: 0.90
Step 3964257/5000000 | Win rate (rollout): 0.67 | Loss: 0.159 | Opp label coverage: 0.90
Step 3964773/5000000 | Win rate (rollout): 0.75 | Loss: 0.221 | Opp label coverage: 0.91
Step 3965289/5000000 | Win rate (rollout): 0.75 | Loss: 0.211 | Opp label coverage: 0.90
Step 3965803/5000000 | Win rate (rollout): 0.29 | Loss: 0.207 | Opp label coverage: 0.89
Step 3966319/5000000 | Win rate (rollout): 0.17 | Loss: 0.179 | Opp label coverage: 0.89
Step 3966834/5000000 | Win rate (rollout): 0.54 | Loss: 0.179 | Opp label coverage: 0.89
Step 3967353/5000000 | Win rate (rollout): 0.59 | Loss: 0.247 | Opp label coverage: 0.88
Step 3967865/5000000 | Win rate (rollout): 0.75 | Loss: 0.200 | Opp label coverage: 0.83
Step 3968377/5000000 | Win rate (rollout): 0.67 | Loss: 0.188 | Opp label coverage: 0.78
Step 3968894/5000000 | Win rate (rollout): 0.40 | Loss: 0.188 | Opp label coverage: 0.89
Step 3969406/5000000 | Win rate (rollout): 0.46 | Loss: 0.211 | Opp label coverage: 0.83
Step 3969923/5000000 | Win rate (rollout): 0.50 | Loss: 0.233 | Opp label coverage: 0.90
Step 3970437/5000000 | Win rate (rollout): 0.33 | Loss: 0.238 | Opp label coverage: 0.89
Step 3970949/5000000 | Win rate (rollout): 0.44 | Loss: 0.240 | Opp label coverage: 0.89
Step 3971461/5000000 | Win rate (rollout): 0.50 | Loss: 0.178 | Opp label coverage: 0.88
Step 3971980/5000000 | Win rate (rollout): 0.67 | Loss: 0.237 | Opp label coverage: 0.89
Step 3972492/5000000 | Win rate (rollout): 0.79 | Loss: 0.211 | Opp label coverage: 0.85
Step 3973009/5000000 | Win rate (rollout): 0.67 | Loss: 0.205 | Opp label coverage: 0.88
Step 3973521/5000000 | Win rate (rollout): 0.73 | Loss: 0.194 | Opp label coverage: 0.90
Step 3974037/5000000 | Win rate (rollout): 0.33 | Loss: 0.240 | Opp label coverage: 0.91
Step 3974553/5000000 | Win rate (rollout): 0.42 | Loss: 0.215 | Opp label coverage: 0.90
Step 3975065/5000000 | Win rate (rollout): 0.38 | Loss: 0.223 | Opp label coverage: 0.84
Step 3975577/5000000 | Win rate (rollout): 0.38 | Loss: 0.227 | Opp label coverage: 0.89
Step 3976089/5000000 | Win rate (rollout): 0.57 | Loss: 0.216 | Opp label coverage: 0.82
Step 3976601/5000000 | Win rate (rollout): 0.45 | Loss: 0.202 | Opp label coverage: 0.88
Step 3977117/5000000 | Win rate (rollout): 0.50 | Loss: 0.229 | Opp label coverage: 0.88
Step 3977629/5000000 | Win rate (rollout): 0.45 | Loss: 0.196 | Opp label coverage: 0.84
Step 3978145/5000000 | Win rate (rollout): 0.40 | Loss: 0.190 | Opp label coverage: 0.90
Step 3978657/5000000 | Win rate (rollout): 0.64 | Loss: 0.218 | Opp label coverage: 0.91
Step 3979169/5000000 | Win rate (rollout): 0.71 | Loss: 0.207 | Opp label coverage: 0.83
Step 3979682/5000000 | Win rate (rollout): 0.55 | Loss: 0.164 | Opp label coverage: 0.90
Step 3980194/5000000 | Win rate (rollout): 0.50 | Loss: 0.236 | Opp label coverage: 0.87
Step 3980711/5000000 | Win rate (rollout): 0.79 | Loss: 0.269 | Opp label coverage: 0.89
Step 3981228/5000000 | Win rate (rollout): 0.53 | Loss: 0.176 | Opp label coverage: 0.89
Step 3981740/5000000 | Win rate (rollout): 0.62 | Loss: 0.209 | Opp label coverage: 0.82
Step 3982252/5000000 | Win rate (rollout): 0.47 | Loss: 0.229 | Opp label coverage: 0.81
Step 3982764/5000000 | Win rate (rollout): 0.62 | Loss: 0.179 | Opp label coverage: 0.82
Step 3983276/5000000 | Win rate (rollout): 0.55 | Loss: 0.227 | Opp label coverage: 0.88
Step 3983788/5000000 | Win rate (rollout): 0.67 | Loss: 0.217 | Opp label coverage: 0.83
Step 3984300/5000000 | Win rate (rollout): 0.53 | Loss: 0.217 | Opp label coverage: 0.83
Step 3984812/5000000 | Win rate (rollout): 0.90 | Loss: 0.201 | Opp label coverage: 0.82
Step 3985324/5000000 | Win rate (rollout): 0.77 | Loss: 0.176 | Opp label coverage: 0.86
Step 3985836/5000000 | Win rate (rollout): 0.87 | Loss: 0.192 | Opp label coverage: 0.82
Step 3986349/5000000 | Win rate (rollout): 0.30 | Loss: 0.375 | Opp label coverage: 0.89
Step 3986866/5000000 | Win rate (rollout): 0.69 | Loss: 0.308 | Opp label coverage: 0.88
Step 3987382/5000000 | Win rate (rollout): 0.62 | Loss: 0.192 | Opp label coverage: 0.89
Step 3987894/5000000 | Win rate (rollout): 0.71 | Loss: 0.183 | Opp label coverage: 0.79
Step 3988409/5000000 | Win rate (rollout): 0.67 | Loss: 0.216 | Opp label coverage: 0.90
Step 3988921/5000000 | Win rate (rollout): 0.58 | Loss: 0.216 | Opp label coverage: 0.79
Step 3989438/5000000 | Win rate (rollout): 0.50 | Loss: 0.196 | Opp label coverage: 0.88
Step 3989950/5000000 | Win rate (rollout): 0.58 | Loss: 0.230 | Opp label coverage: 0.79
Step 3990465/5000000 | Win rate (rollout): 0.45 | Loss: 0.259 | Opp label coverage: 0.87
Step 3990977/5000000 | Win rate (rollout): 0.78 | Loss: 0.191 | Opp label coverage: 0.81
Step 3991489/5000000 | Win rate (rollout): 0.69 | Loss: 0.230 | Opp label coverage: 0.86
Step 3992001/5000000 | Win rate (rollout): 0.75 | Loss: 0.202 | Opp label coverage: 0.78
Step 3992513/5000000 | Win rate (rollout): 0.50 | Loss: 0.193 | Opp label coverage: 0.81
Step 3993032/5000000 | Win rate (rollout): 0.25 | Loss: 0.238 | Opp label coverage: 0.87
Step 3993544/5000000 | Win rate (rollout): 0.75 | Loss: 0.230 | Opp label coverage: 0.82
Step 3994056/5000000 | Win rate (rollout): 0.40 | Loss: 0.199 | Opp label coverage: 0.82
Step 3994575/5000000 | Win rate (rollout): 0.50 | Loss: 0.193 | Opp label coverage: 0.89
Step 3995087/5000000 | Win rate (rollout): 0.40 | Loss: 0.179 | Opp label coverage: 0.83
Step 3995599/5000000 | Win rate (rollout): 0.58 | Loss: 0.183 | Opp label coverage: 0.81
Step 3996111/5000000 | Win rate (rollout): 0.80 | Loss: 0.203 | Opp label coverage: 0.81
Step 3996623/5000000 | Win rate (rollout): 0.46 | Loss: 0.210 | Opp label coverage: 0.82
Step 3997135/5000000 | Win rate (rollout): 0.64 | Loss: 0.187 | Opp label coverage: 0.83
Step 3997647/5000000 | Win rate (rollout): 0.29 | Loss: 0.226 | Opp label coverage: 0.82
Step 3998159/5000000 | Win rate (rollout): 0.53 | Loss: 0.215 | Opp label coverage: 0.82
Step 3998673/5000000 | Win rate (rollout): 0.38 | Loss: 0.186 | Opp label coverage: 0.89
Step 3999185/5000000 | Win rate (rollout): 0.56 | Loss: 0.192 | Opp label coverage: 0.83
Step 3999700/5000000 | Win rate (rollout): 0.38 | Loss: 0.155 | Opp label coverage: 0.88
[checkpoint] Saved models/ppo/checkpoints/m9seed/ppo_step_4000050.pt
Step 4000215/5000000 | Win rate (rollout): 0.50 | Loss: 0.169 | Opp label coverage: 0.92
Step 4000730/5000000 | Win rate (rollout): 0.53 | Loss: 0.251 | Opp label coverage: 0.88
Step 4001242/5000000 | Win rate (rollout): 0.69 | Loss: 0.241 | Opp label coverage: 0.87
Step 4001754/5000000 | Win rate (rollout): 0.50 | Loss: 0.213 | Opp label coverage: 0.79
Step 4002271/5000000 | Win rate (rollout): 0.44 | Loss: 0.235 | Opp label coverage: 0.88
Step 4002787/5000000 | Win rate (rollout): 0.46 | Loss: 0.186 | Opp label coverage: 0.90
Step 4003299/5000000 | Win rate (rollout): 0.18 | Loss: 0.178 | Opp label coverage: 0.81
Step 4003815/5000000 | Win rate (rollout): 0.83 | Loss: 0.208 | Opp label coverage: 0.91
Step 4004331/5000000 | Win rate (rollout): 0.71 | Loss: 0.205 | Opp label coverage: 0.89
Step 4004843/5000000 | Win rate (rollout): 0.33 | Loss: 0.206 | Opp label coverage: 0.84
Step 4005355/5000000 | Win rate (rollout): 0.67 | Loss: 0.193 | Opp label coverage: 0.78
Step 4005867/5000000 | Win rate (rollout): 0.56 | Loss: 0.261 | Opp label coverage: 0.80
Step 4006382/5000000 | Win rate (rollout): 0.70 | Loss: 0.196 | Opp label coverage: 0.89
Step 4006900/5000000 | Win rate (rollout): 0.35 | Loss: 0.218 | Opp label coverage: 0.87
Step 4007413/5000000 | Win rate (rollout): 0.67 | Loss: 0.272 | Opp label coverage: 0.88
Step 4007930/5000000 | Win rate (rollout): 0.47 | Loss: 0.190 | Opp label coverage: 0.88
Step 4008448/5000000 | Win rate (rollout): 0.62 | Loss: 0.217 | Opp label coverage: 0.88
Step 4008960/5000000 | Win rate (rollout): 0.53 | Loss: 0.233 | Opp label coverage: 0.84
Step 4009473/5000000 | Win rate (rollout): 0.67 | Loss: 0.227 | Opp label coverage: 0.90
Step 4009986/5000000 | Win rate (rollout): 0.44 | Loss: 0.242 | Opp label coverage: 0.88
Step 4010498/5000000 | Win rate (rollout): 0.67 | Loss: 0.210 | Opp label coverage: 0.85
Step 4011010/5000000 | Win rate (rollout): 0.62 | Loss: 0.173 | Opp label coverage: 0.90
Step 4011525/5000000 | Win rate (rollout): 0.70 | Loss: 0.214 | Opp label coverage: 0.90
Step 4012043/5000000 | Win rate (rollout): 0.40 | Loss: 0.196 | Opp label coverage: 0.89
Step 4012555/5000000 | Win rate (rollout): 0.57 | Loss: 0.202 | Opp label coverage: 0.83
Step 4013071/5000000 | Win rate (rollout): 0.40 | Loss: 0.252 | Opp label coverage: 0.91
Step 4013583/5000000 | Win rate (rollout): 0.50 | Loss: 0.177 | Opp label coverage: 0.77
Step 4014095/5000000 | Win rate (rollout): 0.62 | Loss: 0.199 | Opp label coverage: 0.78
Step 4014607/5000000 | Win rate (rollout): 0.09 | Loss: 0.200 | Opp label coverage: 0.87
Step 4015119/5000000 | Win rate (rollout): 0.67 | Loss: 0.221 | Opp label coverage: 0.82
Step 4015631/5000000 | Win rate (rollout): 0.70 | Loss: 0.208 | Opp label coverage: 0.90
Step 4016147/5000000 | Win rate (rollout): 0.64 | Loss: 0.236 | Opp label coverage: 0.90
Step 4016659/5000000 | Win rate (rollout): 0.43 | Loss: 0.217 | Opp label coverage: 0.88
Step 4017174/5000000 | Win rate (rollout): 0.43 | Loss: 0.221 | Opp label coverage: 0.90
Step 4017686/5000000 | Win rate (rollout): 0.56 | Loss: 0.226 | Opp label coverage: 0.83
Step 4018201/5000000 | Win rate (rollout): 0.36 | Loss: 0.195 | Opp label coverage: 0.88
Step 4018719/5000000 | Win rate (rollout): 0.50 | Loss: 0.196 | Opp label coverage: 0.90
Step 4019231/5000000 | Win rate (rollout): 0.62 | Loss: 0.211 | Opp label coverage: 0.81
Step 4019749/5000000 | Win rate (rollout): 0.20 | Loss: 0.252 | Opp label coverage: 0.88
Step 4020262/5000000 | Win rate (rollout): 0.53 | Loss: 0.219 | Opp label coverage: 0.90
Step 4020777/5000000 | Win rate (rollout): 0.69 | Loss: 0.175 | Opp label coverage: 0.89
Step 4021289/5000000 | Win rate (rollout): 0.50 | Loss: 0.276 | Opp label coverage: 0.81
Step 4021801/5000000 | Win rate (rollout): 0.61 | Loss: 0.218 | Opp label coverage: 0.84
Step 4022313/5000000 | Win rate (rollout): 0.56 | Loss: 0.257 | Opp label coverage: 0.83
Step 4022831/5000000 | Win rate (rollout): 0.44 | Loss: 0.191 | Opp label coverage: 0.90
Step 4023343/5000000 | Win rate (rollout): 0.57 | Loss: 0.198 | Opp label coverage: 0.86
Step 4023858/5000000 | Win rate (rollout): 0.56 | Loss: 0.179 | Opp label coverage: 0.91
Step 4024370/5000000 | Win rate (rollout): 0.73 | Loss: 0.208 | Opp label coverage: 0.82
Step 4024882/5000000 | Win rate (rollout): 0.44 | Loss: 0.188 | Opp label coverage: 0.83
Step 4025399/5000000 | Win rate (rollout): 0.55 | Loss: 0.262 | Opp label coverage: 0.88
Step 4025914/5000000 | Win rate (rollout): 0.38 | Loss: 0.176 | Opp label coverage: 0.89
Step 4026426/5000000 | Win rate (rollout): 0.43 | Loss: 0.206 | Opp label coverage: 0.88
Step 4026943/5000000 | Win rate (rollout): 0.42 | Loss: 0.198 | Opp label coverage: 0.91
Step 4027458/5000000 | Win rate (rollout): 0.36 | Loss: 0.214 | Opp label coverage: 0.91
Step 4027970/5000000 | Win rate (rollout): 0.67 | Loss: 0.222 | Opp label coverage: 0.80
Step 4028482/5000000 | Win rate (rollout): 0.47 | Loss: 0.186 | Opp label coverage: 0.82
Step 4028994/5000000 | Win rate (rollout): 0.62 | Loss: 0.227 | Opp label coverage: 0.80
Step 4029506/5000000 | Win rate (rollout): 0.53 | Loss: 0.223 | Opp label coverage: 0.85
Step 4030020/5000000 | Win rate (rollout): 0.45 | Loss: 0.242 | Opp label coverage: 0.88
Step 4030532/5000000 | Win rate (rollout): 0.55 | Loss: 0.255 | Opp label coverage: 0.83
Step 4031045/5000000 | Win rate (rollout): 0.44 | Loss: 0.199 | Opp label coverage: 0.90
Step 4031557/5000000 | Win rate (rollout): 0.50 | Loss: 0.175 | Opp label coverage: 0.83
Step 4032069/5000000 | Win rate (rollout): 0.65 | Loss: 0.207 | Opp label coverage: 0.80
Step 4032581/5000000 | Win rate (rollout): 0.56 | Loss: 0.193 | Opp label coverage: 0.82
Step 4033098/5000000 | Win rate (rollout): 0.69 | Loss: 0.265 | Opp label coverage: 0.87
Step 4033610/5000000 | Win rate (rollout): 0.58 | Loss: 0.225 | Opp label coverage: 0.82
Step 4034123/5000000 | Win rate (rollout): 0.89 | Loss: 0.263 | Opp label coverage: 0.91
Step 4034635/5000000 | Win rate (rollout): 0.46 | Loss: 0.228 | Opp label coverage: 0.78
Step 4035147/5000000 | Win rate (rollout): 0.67 | Loss: 0.205 | Opp label coverage: 0.90
Step 4035663/5000000 | Win rate (rollout): 0.33 | Loss: 0.247 | Opp label coverage: 0.88
Step 4036175/5000000 | Win rate (rollout): 0.69 | Loss: 0.195 | Opp label coverage: 0.82
Step 4036691/5000000 | Win rate (rollout): 0.33 | Loss: 0.203 | Opp label coverage: 0.89
Step 4037208/5000000 | Win rate (rollout): 0.50 | Loss: 0.229 | Opp label coverage: 0.90
Step 4037724/5000000 | Win rate (rollout): 0.40 | Loss: 0.178 | Opp label coverage: 0.87
Step 4038237/5000000 | Win rate (rollout): 0.50 | Loss: 0.207 | Opp label coverage: 0.87
Step 4038749/5000000 | Win rate (rollout): 0.33 | Loss: 0.197 | Opp label coverage: 0.83
Step 4039261/5000000 | Win rate (rollout): 0.72 | Loss: 0.223 | Opp label coverage: 0.87
Step 4039778/5000000 | Win rate (rollout): 0.57 | Loss: 0.132 | Opp label coverage: 0.91
Step 4040292/5000000 | Win rate (rollout): 0.62 | Loss: 0.194 | Opp label coverage: 0.91
Step 4040804/5000000 | Win rate (rollout): 0.57 | Loss: 0.210 | Opp label coverage: 0.83
Step 4041318/5000000 | Win rate (rollout): 0.42 | Loss: 0.217 | Opp label coverage: 0.87
Step 4041834/5000000 | Win rate (rollout): 0.67 | Loss: 0.216 | Opp label coverage: 0.87
Step 4042346/5000000 | Win rate (rollout): 0.54 | Loss: 0.255 | Opp label coverage: 0.84
Step 4042862/5000000 | Win rate (rollout): 0.11 | Loss: 0.192 | Opp label coverage: 0.88
Step 4043374/5000000 | Win rate (rollout): 0.71 | Loss: 0.223 | Opp label coverage: 0.85
Step 4043892/5000000 | Win rate (rollout): 0.70 | Loss: 0.256 | Opp label coverage: 0.90
Step 4044405/5000000 | Win rate (rollout): 0.67 | Loss: 0.186 | Opp label coverage: 0.90
Step 4044917/5000000 | Win rate (rollout): 0.50 | Loss: 0.186 | Opp label coverage: 0.86
Step 4045429/5000000 | Win rate (rollout): 0.50 | Loss: 0.207 | Opp label coverage: 0.81
Step 4045941/5000000 | Win rate (rollout): 0.31 | Loss: 0.227 | Opp label coverage: 0.82
Step 4046456/5000000 | Win rate (rollout): 0.30 | Loss: 0.304 | Opp label coverage: 0.88
Step 4046975/5000000 | Win rate (rollout): 0.57 | Loss: 0.180 | Opp label coverage: 0.89
Step 4047487/5000000 | Win rate (rollout): 0.50 | Loss: 0.197 | Opp label coverage: 0.84
Step 4047999/5000000 | Win rate (rollout): 0.58 | Loss: 0.263 | Opp label coverage: 0.89
Step 4048511/5000000 | Win rate (rollout): 0.25 | Loss: 0.205 | Opp label coverage: 0.80
Step 4049029/5000000 | Win rate (rollout): 0.45 | Loss: 0.190 | Opp label coverage: 0.88
Step 4049541/5000000 | Win rate (rollout): 0.67 | Loss: 0.209 | Opp label coverage: 0.85
Step 4050054/5000000 | Win rate (rollout): 0.38 | Loss: 0.243 | Opp label coverage: 0.90
Step 4050566/5000000 | Win rate (rollout): 0.73 | Loss: 0.230 | Opp label coverage: 0.79
Step 4051085/5000000 | Win rate (rollout): 0.67 | Loss: 0.183 | Opp label coverage: 0.89
Step 4051604/5000000 | Win rate (rollout): 0.29 | Loss: 0.202 | Opp label coverage: 0.88
Step 4052116/5000000 | Win rate (rollout): 0.67 | Loss: 0.214 | Opp label coverage: 0.86
Step 4052628/5000000 | Win rate (rollout): 0.76 | Loss: 0.220 | Opp label coverage: 0.86
Step 4053140/5000000 | Win rate (rollout): 0.94 | Loss: 0.181 | Opp label coverage: 0.81
Step 4053652/5000000 | Win rate (rollout): 0.82 | Loss: 0.196 | Opp label coverage: 0.88
Step 4054164/5000000 | Win rate (rollout): 0.58 | Loss: 0.213 | Opp label coverage: 0.83
Step 4054676/5000000 | Win rate (rollout): 0.53 | Loss: 0.189 | Opp label coverage: 0.81
Step 4055188/5000000 | Win rate (rollout): 0.89 | Loss: 0.169 | Opp label coverage: 0.84
Step 4055700/5000000 | Win rate (rollout): 0.60 | Loss: 0.227 | Opp label coverage: 0.89
Step 4056219/5000000 | Win rate (rollout): 0.40 | Loss: 0.201 | Opp label coverage: 0.89
Step 4056737/5000000 | Win rate (rollout): 0.58 | Loss: 0.217 | Opp label coverage: 0.89
Step 4057249/5000000 | Win rate (rollout): 0.50 | Loss: 0.197 | Opp label coverage: 0.85
Step 4057765/5000000 | Win rate (rollout): 0.70 | Loss: 0.243 | Opp label coverage: 0.90
Step 4058277/5000000 | Win rate (rollout): 0.79 | Loss: 0.198 | Opp label coverage: 0.78
Step 4058789/5000000 | Win rate (rollout): 0.40 | Loss: 0.181 | Opp label coverage: 0.83
Step 4059301/5000000 | Win rate (rollout): 0.62 | Loss: 0.186 | Opp label coverage: 0.83
Step 4059818/5000000 | Win rate (rollout): 0.45 | Loss: 0.162 | Opp label coverage: 0.87
Step 4060330/5000000 | Win rate (rollout): 0.60 | Loss: 0.174 | Opp label coverage: 0.80
Step 4060842/5000000 | Win rate (rollout): 0.38 | Loss: 0.230 | Opp label coverage: 0.81
Step 4061359/5000000 | Win rate (rollout): 0.73 | Loss: 0.185 | Opp label coverage: 0.89
Step 4061871/5000000 | Win rate (rollout): 0.73 | Loss: 0.197 | Opp label coverage: 0.80
Step 4062383/5000000 | Win rate (rollout): 0.45 | Loss: 0.200 | Opp label coverage: 0.85
Step 4062897/5000000 | Win rate (rollout): 0.80 | Loss: 0.215 | Opp label coverage: 0.89
Step 4063416/5000000 | Win rate (rollout): 0.62 | Loss: 0.264 | Opp label coverage: 0.90
Step 4063931/5000000 | Win rate (rollout): 0.62 | Loss: 0.181 | Opp label coverage: 0.90
Step 4064448/5000000 | Win rate (rollout): 0.60 | Loss: 0.257 | Opp label coverage: 0.89
Step 4064965/5000000 | Win rate (rollout): 0.80 | Loss: 0.186 | Opp label coverage: 0.89
Step 4065477/5000000 | Win rate (rollout): 0.86 | Loss: 0.206 | Opp label coverage: 0.80
Step 4065989/5000000 | Win rate (rollout): 0.62 | Loss: 0.250 | Opp label coverage: 0.91
Step 4066501/5000000 | Win rate (rollout): 0.69 | Loss: 0.172 | Opp label coverage: 0.81
Step 4067013/5000000 | Win rate (rollout): 0.55 | Loss: 0.196 | Opp label coverage: 0.83
Step 4067525/5000000 | Win rate (rollout): 0.64 | Loss: 0.213 | Opp label coverage: 0.81
Step 4068037/5000000 | Win rate (rollout): 0.61 | Loss: 0.185 | Opp label coverage: 0.82
Step 4068549/5000000 | Win rate (rollout): 0.62 | Loss: 0.180 | Opp label coverage: 0.83
Step 4069062/5000000 | Win rate (rollout): 0.73 | Loss: 0.263 | Opp label coverage: 0.89
Step 4069574/5000000 | Win rate (rollout): 0.40 | Loss: 0.224 | Opp label coverage: 0.82
Step 4070086/5000000 | Win rate (rollout): 0.38 | Loss: 0.209 | Opp label coverage: 0.82
Step 4070601/5000000 | Win rate (rollout): 0.55 | Loss: 0.187 | Opp label coverage: 0.91
Step 4071113/5000000 | Win rate (rollout): 0.75 | Loss: 0.192 | Opp label coverage: 0.78
Step 4071629/5000000 | Win rate (rollout): 0.36 | Loss: 0.170 | Opp label coverage: 0.88
Step 4072144/5000000 | Win rate (rollout): 0.67 | Loss: 0.242 | Opp label coverage: 0.88
Step 4072660/5000000 | Win rate (rollout): 0.27 | Loss: 0.215 | Opp label coverage: 0.87
Step 4073176/5000000 | Win rate (rollout): 0.53 | Loss: 0.187 | Opp label coverage: 0.90
Step 4073688/5000000 | Win rate (rollout): 0.71 | Loss: 0.203 | Opp label coverage: 0.84
Step 4074202/5000000 | Win rate (rollout): 0.50 | Loss: 0.208 | Opp label coverage: 0.88
Step 4074714/5000000 | Win rate (rollout): 0.38 | Loss: 0.197 | Opp label coverage: 0.78
Step 4075231/5000000 | Win rate (rollout): 0.50 | Loss: 0.253 | Opp label coverage: 0.91
Step 4075743/5000000 | Win rate (rollout): 0.58 | Loss: 0.224 | Opp label coverage: 0.79
Step 4076257/5000000 | Win rate (rollout): 0.50 | Loss: 0.260 | Opp label coverage: 0.89
Step 4076769/5000000 | Win rate (rollout): 0.44 | Loss: 0.215 | Opp label coverage: 0.86
Step 4077281/5000000 | Win rate (rollout): 0.58 | Loss: 0.199 | Opp label coverage: 0.83
Step 4077799/5000000 | Win rate (rollout): 0.60 | Loss: 0.156 | Opp label coverage: 0.89
Step 4078311/5000000 | Win rate (rollout): 0.60 | Loss: 0.215 | Opp label coverage: 0.88
Step 4078824/5000000 | Win rate (rollout): 0.62 | Loss: 0.222 | Opp label coverage: 0.90
Step 4079336/5000000 | Win rate (rollout): 0.64 | Loss: 0.204 | Opp label coverage: 0.83
Step 4079848/5000000 | Win rate (rollout): 0.77 | Loss: 0.210 | Opp label coverage: 0.85
Step 4080360/5000000 | Win rate (rollout): 0.64 | Loss: 0.207 | Opp label coverage: 0.84
Step 4080872/5000000 | Win rate (rollout): 0.80 | Loss: 0.206 | Opp label coverage: 0.85
Step 4081387/5000000 | Win rate (rollout): 0.50 | Loss: 0.183 | Opp label coverage: 0.89
Step 4081899/5000000 | Win rate (rollout): 0.33 | Loss: 0.213 | Opp label coverage: 0.82
Step 4082411/5000000 | Win rate (rollout): 0.69 | Loss: 0.214 | Opp label coverage: 0.83
Step 4082927/5000000 | Win rate (rollout): 0.70 | Loss: 0.208 | Opp label coverage: 0.89
Step 4083439/5000000 | Win rate (rollout): 0.64 | Loss: 0.198 | Opp label coverage: 0.84
Step 4083955/5000000 | Win rate (rollout): 0.50 | Loss: 0.203 | Opp label coverage: 0.89
Step 4084470/5000000 | Win rate (rollout): 0.50 | Loss: 0.168 | Opp label coverage: 0.88
Step 4084983/5000000 | Win rate (rollout): 0.47 | Loss: 0.230 | Opp label coverage: 0.90
Step 4085495/5000000 | Win rate (rollout): 1.00 | Loss: 0.226 | Opp label coverage: 0.81
Step 4086013/5000000 | Win rate (rollout): 0.67 | Loss: 0.197 | Opp label coverage: 0.91
Step 4086525/5000000 | Win rate (rollout): 0.53 | Loss: 0.200 | Opp label coverage: 0.89
Step 4087037/5000000 | Win rate (rollout): 0.50 | Loss: 0.242 | Opp label coverage: 0.88
Step 4087549/5000000 | Win rate (rollout): 0.67 | Loss: 0.192 | Opp label coverage: 0.83
Step 4088061/5000000 | Win rate (rollout): 0.91 | Loss: 0.212 | Opp label coverage: 0.89
Step 4088573/5000000 | Win rate (rollout): 0.62 | Loss: 0.233 | Opp label coverage: 0.89
Step 4089085/5000000 | Win rate (rollout): 0.27 | Loss: 0.228 | Opp label coverage: 0.88
Step 4089597/5000000 | Win rate (rollout): 0.29 | Loss: 0.207 | Opp label coverage: 0.90
Step 4090113/5000000 | Win rate (rollout): 0.57 | Loss: 0.223 | Opp label coverage: 0.89
Step 4090625/5000000 | Win rate (rollout): 0.75 | Loss: 0.189 | Opp label coverage: 0.88
Step 4091137/5000000 | Win rate (rollout): 0.64 | Loss: 0.181 | Opp label coverage: 0.82
Step 4091655/5000000 | Win rate (rollout): 0.45 | Loss: 0.223 | Opp label coverage: 0.90
Step 4092167/5000000 | Win rate (rollout): 1.00 | Loss: 0.180 | Opp label coverage: 0.81
Step 4092680/5000000 | Win rate (rollout): 0.75 | Loss: 0.239 | Opp label coverage: 0.93
Step 4093192/5000000 | Win rate (rollout): 0.50 | Loss: 0.188 | Opp label coverage: 0.81
Step 4093704/5000000 | Win rate (rollout): 0.75 | Loss: 0.197 | Opp label coverage: 0.80
Step 4094220/5000000 | Win rate (rollout): 0.60 | Loss: 0.218 | Opp label coverage: 0.90
Step 4094732/5000000 | Win rate (rollout): 0.65 | Loss: 0.223 | Opp label coverage: 0.88
Step 4095244/5000000 | Win rate (rollout): 0.60 | Loss: 0.209 | Opp label coverage: 0.83
Step 4095757/5000000 | Win rate (rollout): 0.55 | Loss: 0.168 | Opp label coverage: 0.89
Step 4096270/5000000 | Win rate (rollout): 0.64 | Loss: 0.211 | Opp label coverage: 0.90
Step 4096784/5000000 | Win rate (rollout): 0.43 | Loss: 0.173 | Opp label coverage: 0.90
Step 4097297/5000000 | Win rate (rollout): 0.38 | Loss: 0.274 | Opp label coverage: 0.89
Step 4097810/5000000 | Win rate (rollout): 0.57 | Loss: 0.204 | Opp label coverage: 0.90
Step 4098322/5000000 | Win rate (rollout): 0.38 | Loss: 0.223 | Opp label coverage: 0.88
Step 4098834/5000000 | Win rate (rollout): 0.55 | Loss: 0.190 | Opp label coverage: 0.81
Step 4099346/5000000 | Win rate (rollout): 0.35 | Loss: 0.214 | Opp label coverage: 0.84
Step 4099861/5000000 | Win rate (rollout): 0.42 | Loss: 0.230 | Opp label coverage: 0.89
Step 4100373/5000000 | Win rate (rollout): 0.62 | Loss: 0.162 | Opp label coverage: 0.84
Step 4100886/5000000 | Win rate (rollout): 0.45 | Loss: 0.184 | Opp label coverage: 0.89
Step 4101399/5000000 | Win rate (rollout): 0.56 | Loss: 0.246 | Opp label coverage: 0.89
Step 4101911/5000000 | Win rate (rollout): 1.00 | Loss: 0.187 | Opp label coverage: 0.86
Step 4102423/5000000 | Win rate (rollout): 0.50 | Loss: 0.228 | Opp label coverage: 0.83
Step 4102935/5000000 | Win rate (rollout): 0.80 | Loss: 0.191 | Opp label coverage: 0.86
Step 4103454/5000000 | Win rate (rollout): 0.62 | Loss: 0.188 | Opp label coverage: 0.90
Step 4103966/5000000 | Win rate (rollout): 0.46 | Loss: 0.196 | Opp label coverage: 0.82
Step 4104478/5000000 | Win rate (rollout): 0.67 | Loss: 0.200 | Opp label coverage: 0.84
Step 4104990/5000000 | Win rate (rollout): 0.44 | Loss: 0.176 | Opp label coverage: 0.89
Step 4105507/5000000 | Win rate (rollout): 0.73 | Loss: 0.213 | Opp label coverage: 0.89
Step 4106019/5000000 | Win rate (rollout): 0.62 | Loss: 0.233 | Opp label coverage: 0.80
Step 4106538/5000000 | Win rate (rollout): 0.45 | Loss: 0.259 | Opp label coverage: 0.87
Step 4107050/5000000 | Win rate (rollout): 0.71 | Loss: 0.172 | Opp label coverage: 0.77
Step 4107562/5000000 | Win rate (rollout): 0.60 | Loss: 0.194 | Opp label coverage: 0.82
Step 4108074/5000000 | Win rate (rollout): 0.58 | Loss: 0.211 | Opp label coverage: 0.86
Step 4108593/5000000 | Win rate (rollout): 0.70 | Loss: 0.216 | Opp label coverage: 0.89
Step 4109105/5000000 | Win rate (rollout): 0.77 | Loss: 0.172 | Opp label coverage: 0.84
Step 4109617/5000000 | Win rate (rollout): 0.67 | Loss: 0.228 | Opp label coverage: 0.82
Step 4110129/5000000 | Win rate (rollout): 0.70 | Loss: 0.169 | Opp label coverage: 0.84
Step 4110645/5000000 | Win rate (rollout): 0.43 | Loss: 0.207 | Opp label coverage: 0.90
Step 4111162/5000000 | Win rate (rollout): 0.50 | Loss: 0.228 | Opp label coverage: 0.88
Step 4111678/5000000 | Win rate (rollout): 0.46 | Loss: 0.229 | Opp label coverage: 0.89
Step 4112190/5000000 | Win rate (rollout): 0.58 | Loss: 0.195 | Opp label coverage: 0.79
Step 4112702/5000000 | Win rate (rollout): 0.45 | Loss: 0.217 | Opp label coverage: 0.90
Step 4113214/5000000 | Win rate (rollout): 1.00 | Loss: 0.205 | Opp label coverage: 0.83
Step 4113726/5000000 | Win rate (rollout): 0.70 | Loss: 0.188 | Opp label coverage: 0.90
Step 4114243/5000000 | Win rate (rollout): 0.55 | Loss: 0.246 | Opp label coverage: 0.90
Step 4114757/5000000 | Win rate (rollout): 0.47 | Loss: 0.257 | Opp label coverage: 0.89
Step 4115275/5000000 | Win rate (rollout): 0.50 | Loss: 0.187 | Opp label coverage: 0.89
Step 4115793/5000000 | Win rate (rollout): 0.62 | Loss: 0.176 | Opp label coverage: 0.90
Step 4116305/5000000 | Win rate (rollout): 0.64 | Loss: 0.223 | Opp label coverage: 0.91
Step 4116817/5000000 | Win rate (rollout): 0.85 | Loss: 0.183 | Opp label coverage: 0.83
Step 4117331/5000000 | Win rate (rollout): 0.70 | Loss: 0.260 | Opp label coverage: 0.89
Step 4117845/5000000 | Win rate (rollout): 0.56 | Loss: 0.190 | Opp label coverage: 0.88
Step 4118357/5000000 | Win rate (rollout): 0.50 | Loss: 0.210 | Opp label coverage: 0.83
Step 4118874/5000000 | Win rate (rollout): 0.36 | Loss: 0.158 | Opp label coverage: 0.90
Step 4119388/5000000 | Win rate (rollout): 0.50 | Loss: 0.161 | Opp label coverage: 0.89
Step 4119902/5000000 | Win rate (rollout): 0.43 | Loss: 0.252 | Opp label coverage: 0.88
Step 4120414/5000000 | Win rate (rollout): 0.67 | Loss: 0.223 | Opp label coverage: 0.85
Step 4120926/5000000 | Win rate (rollout): 0.56 | Loss: 0.185 | Opp label coverage: 0.80
Step 4121444/5000000 | Win rate (rollout): 0.62 | Loss: 0.170 | Opp label coverage: 0.89
Step 4121961/5000000 | Win rate (rollout): 0.38 | Loss: 0.232 | Opp label coverage: 0.88
Step 4122473/5000000 | Win rate (rollout): 0.80 | Loss: 0.220 | Opp label coverage: 0.76
Step 4122985/5000000 | Win rate (rollout): 0.53 | Loss: 0.231 | Opp label coverage: 0.80
Step 4123499/5000000 | Win rate (rollout): 0.64 | Loss: 0.188 | Opp label coverage: 0.88
Step 4124011/5000000 | Win rate (rollout): 0.36 | Loss: 0.225 | Opp label coverage: 0.83
Step 4124527/5000000 | Win rate (rollout): 0.45 | Loss: 0.154 | Opp label coverage: 0.87
Step 4125039/5000000 | Win rate (rollout): 0.38 | Loss: 0.209 | Opp label coverage: 0.81
Step 4125551/5000000 | Win rate (rollout): 0.41 | Loss: 0.257 | Opp label coverage: 0.82
Step 4126067/5000000 | Win rate (rollout): 0.40 | Loss: 0.174 | Opp label coverage: 0.90
Step 4126579/5000000 | Win rate (rollout): 0.42 | Loss: 0.208 | Opp label coverage: 0.84
Step 4127091/5000000 | Win rate (rollout): 0.56 | Loss: 0.214 | Opp label coverage: 0.82
Step 4127603/5000000 | Win rate (rollout): 0.47 | Loss: 0.239 | Opp label coverage: 0.80
Step 4128115/5000000 | Win rate (rollout): 0.60 | Loss: 0.189 | Opp label coverage: 0.78
Step 4128632/5000000 | Win rate (rollout): 0.50 | Loss: 0.188 | Opp label coverage: 0.89
Step 4129149/5000000 | Win rate (rollout): 0.60 | Loss: 0.254 | Opp label coverage: 0.89
Step 4129665/5000000 | Win rate (rollout): 0.77 | Loss: 0.197 | Opp label coverage: 0.91
Step 4130177/5000000 | Win rate (rollout): 0.38 | Loss: 0.208 | Opp label coverage: 0.88
Step 4130689/5000000 | Win rate (rollout): 0.43 | Loss: 0.211 | Opp label coverage: 0.81
Step 4131204/5000000 | Win rate (rollout): 0.55 | Loss: 0.242 | Opp label coverage: 0.88
Step 4131717/5000000 | Win rate (rollout): 0.60 | Loss: 0.125 | Opp label coverage: 0.89
Step 4132229/5000000 | Win rate (rollout): 0.82 | Loss: 0.206 | Opp label coverage: 0.83
Step 4132741/5000000 | Win rate (rollout): 0.79 | Loss: 0.209 | Opp label coverage: 0.82
Step 4133253/5000000 | Win rate (rollout): 0.78 | Loss: 0.184 | Opp label coverage: 0.80
Step 4133765/5000000 | Win rate (rollout): 0.50 | Loss: 0.179 | Opp label coverage: 0.83
Step 4134280/5000000 | Win rate (rollout): 0.27 | Loss: 0.164 | Opp label coverage: 0.88
Step 4134792/5000000 | Win rate (rollout): 0.40 | Loss: 0.241 | Opp label coverage: 0.84
Step 4135310/5000000 | Win rate (rollout): 0.83 | Loss: 0.202 | Opp label coverage: 0.91
Step 4135822/5000000 | Win rate (rollout): 0.71 | Loss: 0.181 | Opp label coverage: 0.79
Step 4136335/5000000 | Win rate (rollout): 0.73 | Loss: 0.246 | Opp label coverage: 0.90
Step 4136853/5000000 | Win rate (rollout): 0.80 | Loss: 0.208 | Opp label coverage: 0.90
Step 4137370/5000000 | Win rate (rollout): 0.57 | Loss: 0.282 | Opp label coverage: 0.89
Step 4137882/5000000 | Win rate (rollout): 0.64 | Loss: 0.193 | Opp label coverage: 0.84
Step 4138399/5000000 | Win rate (rollout): 0.55 | Loss: 0.193 | Opp label coverage: 0.88
Step 4138911/5000000 | Win rate (rollout): 0.30 | Loss: 0.229 | Opp label coverage: 0.82
Step 4139426/5000000 | Win rate (rollout): 0.75 | Loss: 0.226 | Opp label coverage: 0.90
Step 4139942/5000000 | Win rate (rollout): 0.43 | Loss: 0.208 | Opp label coverage: 0.88
Step 4140454/5000000 | Win rate (rollout): 0.73 | Loss: 0.193 | Opp label coverage: 0.84
Step 4140966/5000000 | Win rate (rollout): 0.42 | Loss: 0.207 | Opp label coverage: 0.80
Step 4141478/5000000 | Win rate (rollout): 0.38 | Loss: 0.207 | Opp label coverage: 0.82
Step 4141991/5000000 | Win rate (rollout): 0.44 | Loss: 0.207 | Opp label coverage: 0.89
Step 4142504/5000000 | Win rate (rollout): 0.69 | Loss: 0.199 | Opp label coverage: 0.90
Step 4143016/5000000 | Win rate (rollout): 0.75 | Loss: 0.186 | Opp label coverage: 0.86
Step 4143528/5000000 | Win rate (rollout): 0.50 | Loss: 0.215 | Opp label coverage: 0.89
Step 4144040/5000000 | Win rate (rollout): 0.73 | Loss: 0.189 | Opp label coverage: 0.86
Step 4144552/5000000 | Win rate (rollout): 0.67 | Loss: 0.177 | Opp label coverage: 0.82
Step 4145064/5000000 | Win rate (rollout): 0.56 | Loss: 0.222 | Opp label coverage: 0.83
Step 4145576/5000000 | Win rate (rollout): 0.67 | Loss: 0.245 | Opp label coverage: 0.82
Step 4146088/5000000 | Win rate (rollout): 0.76 | Loss: 0.189 | Opp label coverage: 0.81
Step 4146600/5000000 | Win rate (rollout): 0.53 | Loss: 0.211 | Opp label coverage: 0.82
Step 4147112/5000000 | Win rate (rollout): 0.56 | Loss: 0.227 | Opp label coverage: 0.83
Step 4147624/5000000 | Win rate (rollout): 0.58 | Loss: 0.254 | Opp label coverage: 0.81
Step 4148136/5000000 | Win rate (rollout): 0.50 | Loss: 0.204 | Opp label coverage: 0.82
Step 4148648/5000000 | Win rate (rollout): 0.50 | Loss: 0.188 | Opp label coverage: 0.84
Step 4149160/5000000 | Win rate (rollout): 0.53 | Loss: 0.221 | Opp label coverage: 0.80
Step 4149672/5000000 | Win rate (rollout): 0.67 | Loss: 0.175 | Opp label coverage: 0.81
Step 4150184/5000000 | Win rate (rollout): 0.38 | Loss: 0.214 | Opp label coverage: 0.81
Step 4150702/5000000 | Win rate (rollout): 0.44 | Loss: 0.223 | Opp label coverage: 0.89
Step 4151214/5000000 | Win rate (rollout): 0.70 | Loss: 0.211 | Opp label coverage: 0.79
Step 4151727/5000000 | Win rate (rollout): 0.50 | Loss: 0.254 | Opp label coverage: 0.89
Step 4152239/5000000 | Win rate (rollout): 0.60 | Loss: 0.221 | Opp label coverage: 0.80
Step 4152755/5000000 | Win rate (rollout): 0.69 | Loss: 0.212 | Opp label coverage: 0.89
Step 4153269/5000000 | Win rate (rollout): 0.46 | Loss: 0.189 | Opp label coverage: 0.89
Step 4153785/5000000 | Win rate (rollout): 0.53 | Loss: 0.184 | Opp label coverage: 0.90
Step 4154297/5000000 | Win rate (rollout): 0.82 | Loss: 0.235 | Opp label coverage: 0.81
Step 4154809/5000000 | Win rate (rollout): 0.71 | Loss: 0.217 | Opp label coverage: 0.85
Step 4155321/5000000 | Win rate (rollout): 0.42 | Loss: 0.192 | Opp label coverage: 0.79
Step 4155833/5000000 | Win rate (rollout): 0.65 | Loss: 0.237 | Opp label coverage: 0.82
Step 4156345/5000000 | Win rate (rollout): 0.75 | Loss: 0.172 | Opp label coverage: 0.82
Step 4156857/5000000 | Win rate (rollout): 0.91 | Loss: 0.185 | Opp label coverage: 0.77
Step 4157374/5000000 | Win rate (rollout): 0.40 | Loss: 0.241 | Opp label coverage: 0.89
Step 4157890/5000000 | Win rate (rollout): 0.77 | Loss: 0.239 | Opp label coverage: 0.91
Step 4158402/5000000 | Win rate (rollout): 0.54 | Loss: 0.206 | Opp label coverage: 0.85
Step 4158916/5000000 | Win rate (rollout): 0.45 | Loss: 0.182 | Opp label coverage: 0.89
Step 4159428/5000000 | Win rate (rollout): 0.50 | Loss: 0.205 | Opp label coverage: 0.82
Step 4159940/5000000 | Win rate (rollout): 0.71 | Loss: 0.200 | Opp label coverage: 0.84
Step 4160458/5000000 | Win rate (rollout): 0.44 | Loss: 0.212 | Opp label coverage: 0.90
Step 4160977/5000000 | Win rate (rollout): 0.57 | Loss: 0.203 | Opp label coverage: 0.90
Step 4161489/5000000 | Win rate (rollout): 0.62 | Loss: 0.220 | Opp label coverage: 0.83
Step 4162001/5000000 | Win rate (rollout): 0.39 | Loss: 0.199 | Opp label coverage: 0.83
Step 4162519/5000000 | Win rate (rollout): 0.55 | Loss: 0.170 | Opp label coverage: 0.90
Step 4163031/5000000 | Win rate (rollout): 0.79 | Loss: 0.193 | Opp label coverage: 0.82
Step 4163543/5000000 | Win rate (rollout): 0.59 | Loss: 0.201 | Opp label coverage: 0.84
Step 4164058/5000000 | Win rate (rollout): 0.73 | Loss: 0.268 | Opp label coverage: 0.89
Step 4164575/5000000 | Win rate (rollout): 0.62 | Loss: 0.194 | Opp label coverage: 0.89
Step 4165087/5000000 | Win rate (rollout): 0.82 | Loss: 0.207 | Opp label coverage: 0.80
Step 4165599/5000000 | Win rate (rollout): 0.56 | Loss: 0.192 | Opp label coverage: 0.80
Step 4166114/5000000 | Win rate (rollout): 0.54 | Loss: 0.244 | Opp label coverage: 0.88
Step 4166626/5000000 | Win rate (rollout): 0.75 | Loss: 0.206 | Opp label coverage: 0.85
Step 4167138/5000000 | Win rate (rollout): 0.64 | Loss: 0.220 | Opp label coverage: 0.87
Step 4167650/5000000 | Win rate (rollout): 0.30 | Loss: 0.214 | Opp label coverage: 0.81
Step 4168162/5000000 | Win rate (rollout): 0.63 | Loss: 0.218 | Opp label coverage: 0.82
Step 4168676/5000000 | Win rate (rollout): 0.60 | Loss: 0.185 | Opp label coverage: 0.90
Step 4169192/5000000 | Win rate (rollout): 0.60 | Loss: 0.208 | Opp label coverage: 0.91
Step 4169704/5000000 | Win rate (rollout): 0.46 | Loss: 0.221 | Opp label coverage: 0.91
Step 4170217/5000000 | Win rate (rollout): 0.62 | Loss: 0.160 | Opp label coverage: 0.89
Step 4170729/5000000 | Win rate (rollout): 0.62 | Loss: 0.243 | Opp label coverage: 0.91
Step 4171241/5000000 | Win rate (rollout): 0.21 | Loss: 0.244 | Opp label coverage: 0.89
Step 4171753/5000000 | Win rate (rollout): 0.54 | Loss: 0.242 | Opp label coverage: 0.79
Step 4172265/5000000 | Win rate (rollout): 0.67 | Loss: 0.219 | Opp label coverage: 0.85
Step 4172782/5000000 | Win rate (rollout): 0.75 | Loss: 0.213 | Opp label coverage: 0.91
Step 4173296/5000000 | Win rate (rollout): 0.47 | Loss: 0.190 | Opp label coverage: 0.89
Step 4173813/5000000 | Win rate (rollout): 0.40 | Loss: 0.252 | Opp label coverage: 0.87
Step 4174326/5000000 | Win rate (rollout): 0.50 | Loss: 0.266 | Opp label coverage: 0.88
Step 4174838/5000000 | Win rate (rollout): 0.82 | Loss: 0.177 | Opp label coverage: 0.89
Step 4175350/5000000 | Win rate (rollout): 0.62 | Loss: 0.242 | Opp label coverage: 0.85
Step 4175862/5000000 | Win rate (rollout): 0.70 | Loss: 0.230 | Opp label coverage: 0.89
Step 4176377/5000000 | Win rate (rollout): 0.71 | Loss: 0.200 | Opp label coverage: 0.91
Step 4176889/5000000 | Win rate (rollout): 0.75 | Loss: 0.219 | Opp label coverage: 0.89
Step 4177402/5000000 | Win rate (rollout): 0.47 | Loss: 0.219 | Opp label coverage: 0.89
Step 4177914/5000000 | Win rate (rollout): 0.60 | Loss: 0.205 | Opp label coverage: 0.85
Step 4178430/5000000 | Win rate (rollout): 0.38 | Loss: 0.234 | Opp label coverage: 0.87
Step 4178942/5000000 | Win rate (rollout): 0.60 | Loss: 0.189 | Opp label coverage: 0.85
Step 4179454/5000000 | Win rate (rollout): 0.50 | Loss: 0.225 | Opp label coverage: 0.84
Step 4179968/5000000 | Win rate (rollout): 0.43 | Loss: 0.175 | Opp label coverage: 0.86
Step 4180486/5000000 | Win rate (rollout): 0.62 | Loss: 0.205 | Opp label coverage: 0.90
Step 4180998/5000000 | Win rate (rollout): 0.67 | Loss: 0.186 | Opp label coverage: 0.80
Step 4181514/5000000 | Win rate (rollout): 0.60 | Loss: 0.234 | Opp label coverage: 0.91
Step 4182028/5000000 | Win rate (rollout): 0.71 | Loss: 0.191 | Opp label coverage: 0.89
Step 4182540/5000000 | Win rate (rollout): 0.69 | Loss: 0.222 | Opp label coverage: 0.82
Step 4183052/5000000 | Win rate (rollout): 0.73 | Loss: 0.186 | Opp label coverage: 0.84
Step 4183564/5000000 | Win rate (rollout): 0.54 | Loss: 0.230 | Opp label coverage: 0.82
Step 4184081/5000000 | Win rate (rollout): 0.56 | Loss: 0.157 | Opp label coverage: 0.89
Step 4184593/5000000 | Win rate (rollout): 0.40 | Loss: 0.198 | Opp label coverage: 0.83
Step 4185105/5000000 | Win rate (rollout): 0.53 | Loss: 0.192 | Opp label coverage: 0.83
Step 4185617/5000000 | Win rate (rollout): 0.47 | Loss: 0.204 | Opp label coverage: 0.85
Step 4186129/5000000 | Win rate (rollout): 0.30 | Loss: 0.219 | Opp label coverage: 0.90
Step 4186643/5000000 | Win rate (rollout): 0.47 | Loss: 0.287 | Opp label coverage: 0.88
Step 4187157/5000000 | Win rate (rollout): 0.38 | Loss: 0.205 | Opp label coverage: 0.88
Step 4187669/5000000 | Win rate (rollout): 0.43 | Loss: 0.224 | Opp label coverage: 0.88
Step 4188181/5000000 | Win rate (rollout): 0.82 | Loss: 0.211 | Opp label coverage: 0.86
Step 4188696/5000000 | Win rate (rollout): 0.45 | Loss: 0.213 | Opp label coverage: 0.88
Step 4189209/5000000 | Win rate (rollout): 0.31 | Loss: 0.313 | Opp label coverage: 0.89
Step 4189721/5000000 | Win rate (rollout): 0.73 | Loss: 0.205 | Opp label coverage: 0.80
Step 4190233/5000000 | Win rate (rollout): 0.44 | Loss: 0.180 | Opp label coverage: 0.91
Step 4190745/5000000 | Win rate (rollout): 0.75 | Loss: 0.180 | Opp label coverage: 0.84
Step 4191257/5000000 | Win rate (rollout): 0.47 | Loss: 0.203 | Opp label coverage: 0.86
Step 4191770/5000000 | Win rate (rollout): 0.58 | Loss: 0.155 | Opp label coverage: 0.88
Step 4192282/5000000 | Win rate (rollout): 0.45 | Loss: 0.207 | Opp label coverage: 0.80
Step 4192795/5000000 | Win rate (rollout): 0.60 | Loss: 0.239 | Opp label coverage: 0.89
Step 4193307/5000000 | Win rate (rollout): 0.29 | Loss: 0.208 | Opp label coverage: 0.81
Step 4193823/5000000 | Win rate (rollout): 0.40 | Loss: 0.177 | Opp label coverage: 0.89
Step 4194340/5000000 | Win rate (rollout): 0.29 | Loss: 0.217 | Opp label coverage: 0.88
Step 4194856/5000000 | Win rate (rollout): 0.43 | Loss: 0.243 | Opp label coverage: 0.89
Step 4195369/5000000 | Win rate (rollout): 0.50 | Loss: 0.167 | Opp label coverage: 0.89
Step 4195881/5000000 | Win rate (rollout): 0.50 | Loss: 0.201 | Opp label coverage: 0.85
Step 4196393/5000000 | Win rate (rollout): 0.44 | Loss: 0.218 | Opp label coverage: 0.83
Step 4196905/5000000 | Win rate (rollout): 0.61 | Loss: 0.237 | Opp label coverage: 0.83
Step 4197419/5000000 | Win rate (rollout): 0.38 | Loss: 0.153 | Opp label coverage: 0.91
Step 4197931/5000000 | Win rate (rollout): 0.62 | Loss: 0.188 | Opp label coverage: 0.78
Step 4198443/5000000 | Win rate (rollout): 0.47 | Loss: 0.175 | Opp label coverage: 0.85
Step 4198959/5000000 | Win rate (rollout): 0.64 | Loss: 0.208 | Opp label coverage: 0.89
Step 4199471/5000000 | Win rate (rollout): 0.62 | Loss: 0.190 | Opp label coverage: 0.86
Step 4199983/5000000 | Win rate (rollout): 0.33 | Loss: 0.209 | Opp label coverage: 0.82
Step 4200495/5000000 | Win rate (rollout): 0.50 | Loss: 0.204 | Opp label coverage: 0.80
Step 4201007/5000000 | Win rate (rollout): 0.33 | Loss: 0.179 | Opp label coverage: 0.81
Step 4201519/5000000 | Win rate (rollout): 0.75 | Loss: 0.238 | Opp label coverage: 0.90
Step 4202031/5000000 | Win rate (rollout): 0.78 | Loss: 0.201 | Opp label coverage: 0.87
Step 4202549/5000000 | Win rate (rollout): 0.44 | Loss: 0.262 | Opp label coverage: 0.89
Step 4203061/5000000 | Win rate (rollout): 0.80 | Loss: 0.209 | Opp label coverage: 0.84
Step 4203579/5000000 | Win rate (rollout): 0.44 | Loss: 0.225 | Opp label coverage: 0.88
Step 4204094/5000000 | Win rate (rollout): 0.46 | Loss: 0.134 | Opp label coverage: 0.90
Step 4204610/5000000 | Win rate (rollout): 0.60 | Loss: 0.263 | Opp label coverage: 0.87
Step 4205122/5000000 | Win rate (rollout): 0.44 | Loss: 0.165 | Opp label coverage: 0.80
Step 4205636/5000000 | Win rate (rollout): 0.33 | Loss: 0.162 | Opp label coverage: 0.88
Step 4206148/5000000 | Win rate (rollout): 0.92 | Loss: 0.208 | Opp label coverage: 0.85
Step 4206660/5000000 | Win rate (rollout): 0.58 | Loss: 0.182 | Opp label coverage: 0.81
Step 4207172/5000000 | Win rate (rollout): 0.50 | Loss: 0.198 | Opp label coverage: 0.81
Step 4207686/5000000 | Win rate (rollout): 0.36 | Loss: 0.195 | Opp label coverage: 0.88
Step 4208204/5000000 | Win rate (rollout): 0.38 | Loss: 0.214 | Opp label coverage: 0.88
Step 4208720/5000000 | Win rate (rollout): 0.60 | Loss: 0.225 | Opp label coverage: 0.91
Step 4209234/5000000 | Win rate (rollout): 0.38 | Loss: 0.226 | Opp label coverage: 0.89
Step 4209746/5000000 | Win rate (rollout): 0.70 | Loss: 0.190 | Opp label coverage: 0.86
Step 4210259/5000000 | Win rate (rollout): 0.40 | Loss: 0.119 | Opp label coverage: 0.88
Step 4210778/5000000 | Win rate (rollout): 0.23 | Loss: 0.224 | Opp label coverage: 0.89
Step 4211291/5000000 | Win rate (rollout): 0.47 | Loss: 0.165 | Opp label coverage: 0.89
Step 4211803/5000000 | Win rate (rollout): 0.58 | Loss: 0.239 | Opp label coverage: 0.82
Step 4212315/5000000 | Win rate (rollout): 0.31 | Loss: 0.208 | Opp label coverage: 0.80
Step 4212829/5000000 | Win rate (rollout): 0.30 | Loss: 0.220 | Opp label coverage: 0.88
Step 4213341/5000000 | Win rate (rollout): 0.54 | Loss: 0.194 | Opp label coverage: 0.90
Step 4213855/5000000 | Win rate (rollout): 0.31 | Loss: 0.218 | Opp label coverage: 0.89
Step 4214372/5000000 | Win rate (rollout): 0.79 | Loss: 0.227 | Opp label coverage: 0.88
Step 4214888/5000000 | Win rate (rollout): 0.27 | Loss: 0.208 | Opp label coverage: 0.91
Step 4215400/5000000 | Win rate (rollout): 0.75 | Loss: 0.183 | Opp label coverage: 0.83
Step 4215917/5000000 | Win rate (rollout): 0.62 | Loss: 0.238 | Opp label coverage: 0.86
Step 4216429/5000000 | Win rate (rollout): 0.54 | Loss: 0.219 | Opp label coverage: 0.81
Step 4216942/5000000 | Win rate (rollout): 0.25 | Loss: 0.183 | Opp label coverage: 0.87
Step 4217454/5000000 | Win rate (rollout): 0.38 | Loss: 0.198 | Opp label coverage: 0.82
Step 4217966/5000000 | Win rate (rollout): 0.61 | Loss: 0.216 | Opp label coverage: 0.81
Step 4218478/5000000 | Win rate (rollout): 0.50 | Loss: 0.213 | Opp label coverage: 0.89
Step 4218990/5000000 | Win rate (rollout): 0.42 | Loss: 0.206 | Opp label coverage: 0.74
Step 4219502/5000000 | Win rate (rollout): 0.44 | Loss: 0.201 | Opp label coverage: 0.82
Step 4220014/5000000 | Win rate (rollout): 0.73 | Loss: 0.213 | Opp label coverage: 0.84
Step 4220526/5000000 | Win rate (rollout): 0.73 | Loss: 0.185 | Opp label coverage: 0.81
Step 4221038/5000000 | Win rate (rollout): 0.75 | Loss: 0.192 | Opp label coverage: 0.85
Step 4221553/5000000 | Win rate (rollout): 0.62 | Loss: 0.203 | Opp label coverage: 0.89
Step 4222066/5000000 | Win rate (rollout): 0.50 | Loss: 0.189 | Opp label coverage: 0.89
Step 4222578/5000000 | Win rate (rollout): 0.69 | Loss: 0.217 | Opp label coverage: 0.84
Step 4223090/5000000 | Win rate (rollout): 0.50 | Loss: 0.190 | Opp label coverage: 0.85
Step 4223602/5000000 | Win rate (rollout): 0.54 | Loss: 0.185 | Opp label coverage: 0.80
Step 4224114/5000000 | Win rate (rollout): 0.62 | Loss: 0.195 | Opp label coverage: 0.79
Step 4224627/5000000 | Win rate (rollout): 0.45 | Loss: 0.295 | Opp label coverage: 0.88
Step 4225141/5000000 | Win rate (rollout): 0.64 | Loss: 0.215 | Opp label coverage: 0.89
Step 4225653/5000000 | Win rate (rollout): 0.50 | Loss: 0.257 | Opp label coverage: 0.88
Step 4226169/5000000 | Win rate (rollout): 0.42 | Loss: 0.159 | Opp label coverage: 0.89
Step 4226681/5000000 | Win rate (rollout): 0.75 | Loss: 0.206 | Opp label coverage: 0.79
Step 4227193/5000000 | Win rate (rollout): 0.75 | Loss: 0.236 | Opp label coverage: 0.90
Step 4227705/5000000 | Win rate (rollout): 0.50 | Loss: 0.183 | Opp label coverage: 0.89
Step 4228217/5000000 | Win rate (rollout): 0.60 | Loss: 0.194 | Opp label coverage: 0.83
Step 4228733/5000000 | Win rate (rollout): 0.78 | Loss: 0.213 | Opp label coverage: 0.90
Step 4229245/5000000 | Win rate (rollout): 0.86 | Loss: 0.168 | Opp label coverage: 0.83
Step 4229760/5000000 | Win rate (rollout): 0.17 | Loss: 0.228 | Opp label coverage: 0.87
Step 4230272/5000000 | Win rate (rollout): 0.78 | Loss: 0.189 | Opp label coverage: 0.86
Step 4230784/5000000 | Win rate (rollout): 0.45 | Loss: 0.184 | Opp label coverage: 0.80
Step 4231301/5000000 | Win rate (rollout): 0.62 | Loss: 0.204 | Opp label coverage: 0.89
Step 4231813/5000000 | Win rate (rollout): 0.30 | Loss: 0.216 | Opp label coverage: 0.79
Step 4232325/5000000 | Win rate (rollout): 0.53 | Loss: 0.231 | Opp label coverage: 0.83
Step 4232837/5000000 | Win rate (rollout): 0.38 | Loss: 0.210 | Opp label coverage: 0.81
Step 4233353/5000000 | Win rate (rollout): 0.55 | Loss: 0.208 | Opp label coverage: 0.89
Step 4233865/5000000 | Win rate (rollout): 0.60 | Loss: 0.218 | Opp label coverage: 0.90
Step 4234377/5000000 | Win rate (rollout): 0.58 | Loss: 0.217 | Opp label coverage: 0.83
Step 4234889/5000000 | Win rate (rollout): 0.62 | Loss: 0.192 | Opp label coverage: 0.85
Step 4235403/5000000 | Win rate (rollout): 0.45 | Loss: 0.204 | Opp label coverage: 0.89
Step 4235915/5000000 | Win rate (rollout): 0.50 | Loss: 0.216 | Opp label coverage: 0.85
Step 4236427/5000000 | Win rate (rollout): 0.60 | Loss: 0.189 | Opp label coverage: 0.80
Step 4236940/5000000 | Win rate (rollout): 0.50 | Loss: 0.202 | Opp label coverage: 0.88
Step 4237452/5000000 | Win rate (rollout): 0.91 | Loss: 0.207 | Opp label coverage: 0.84
Step 4237970/5000000 | Win rate (rollout): 0.77 | Loss: 0.222 | Opp label coverage: 0.91
Step 4238482/5000000 | Win rate (rollout): 0.75 | Loss: 0.202 | Opp label coverage: 0.80
Step 4238994/5000000 | Win rate (rollout): 0.35 | Loss: 0.229 | Opp label coverage: 0.81
Step 4239511/5000000 | Win rate (rollout): 0.50 | Loss: 0.262 | Opp label coverage: 0.91
Step 4240023/5000000 | Win rate (rollout): 0.67 | Loss: 0.193 | Opp label coverage: 0.82
Step 4240535/5000000 | Win rate (rollout): 0.45 | Loss: 0.191 | Opp label coverage: 0.81
Step 4241049/5000000 | Win rate (rollout): 0.70 | Loss: 0.270 | Opp label coverage: 0.90
Step 4241561/5000000 | Win rate (rollout): 0.43 | Loss: 0.212 | Opp label coverage: 0.82
Step 4242073/5000000 | Win rate (rollout): 0.35 | Loss: 0.203 | Opp label coverage: 0.82
Step 4242592/5000000 | Win rate (rollout): 0.50 | Loss: 0.206 | Opp label coverage: 0.88
Step 4243105/5000000 | Win rate (rollout): 0.43 | Loss: 0.202 | Opp label coverage: 0.89
Step 4243623/5000000 | Win rate (rollout): 0.65 | Loss: 0.175 | Opp label coverage: 0.89
Step 4244135/5000000 | Win rate (rollout): 0.46 | Loss: 0.179 | Opp label coverage: 0.80
Step 4244647/5000000 | Win rate (rollout): 0.27 | Loss: 0.206 | Opp label coverage: 0.80
Step 4245159/5000000 | Win rate (rollout): 0.85 | Loss: 0.231 | Opp label coverage: 0.89
Step 4245671/5000000 | Win rate (rollout): 0.75 | Loss: 0.174 | Opp label coverage: 0.82
Step 4246183/5000000 | Win rate (rollout): 0.67 | Loss: 0.246 | Opp label coverage: 0.90
Step 4246695/5000000 | Win rate (rollout): 0.80 | Loss: 0.174 | Opp label coverage: 0.82
Step 4247207/5000000 | Win rate (rollout): 0.60 | Loss: 0.231 | Opp label coverage: 0.87
Step 4247723/5000000 | Win rate (rollout): 0.40 | Loss: 0.261 | Opp label coverage: 0.88
Step 4248241/5000000 | Win rate (rollout): 0.44 | Loss: 0.223 | Opp label coverage: 0.88
Step 4248760/5000000 | Win rate (rollout): 0.33 | Loss: 0.208 | Opp label coverage: 0.89
Step 4249278/5000000 | Win rate (rollout): 0.43 | Loss: 0.169 | Opp label coverage: 0.89
Step 4249796/5000000 | Win rate (rollout): 0.57 | Loss: 0.206 | Opp label coverage: 0.89
[checkpoint] Saved models/ppo/checkpoints/m9seed/ppo_step_4250055.pt
Step 4250313/5000000 | Win rate (rollout): 0.70 | Loss: 0.208 | Opp label coverage: 0.91
Step 4250825/5000000 | Win rate (rollout): 0.78 | Loss: 0.222 | Opp label coverage: 0.78
Step 4251344/5000000 | Win rate (rollout): 0.67 | Loss: 0.135 | Opp label coverage: 0.90
Step 4251861/5000000 | Win rate (rollout): 0.62 | Loss: 0.214 | Opp label coverage: 0.88
Step 4252373/5000000 | Win rate (rollout): 0.75 | Loss: 0.246 | Opp label coverage: 0.90
Step 4252885/5000000 | Win rate (rollout): 0.67 | Loss: 0.204 | Opp label coverage: 0.79
Step 4253397/5000000 | Win rate (rollout): 0.75 | Loss: 0.181 | Opp label coverage: 0.80
Step 4253912/5000000 | Win rate (rollout): 0.67 | Loss: 0.193 | Opp label coverage: 0.89
Step 4254424/5000000 | Win rate (rollout): 0.67 | Loss: 0.212 | Opp label coverage: 0.83
Step 4254940/5000000 | Win rate (rollout): 0.33 | Loss: 0.216 | Opp label coverage: 0.89
Step 4255452/5000000 | Win rate (rollout): 0.38 | Loss: 0.266 | Opp label coverage: 0.88
Step 4255964/5000000 | Win rate (rollout): 0.62 | Loss: 0.175 | Opp label coverage: 0.80
Step 4256476/5000000 | Win rate (rollout): 0.92 | Loss: 0.188 | Opp label coverage: 0.86
Step 4256989/5000000 | Win rate (rollout): 0.62 | Loss: 0.218 | Opp label coverage: 0.91
Step 4257504/5000000 | Win rate (rollout): 0.60 | Loss: 0.216 | Opp label coverage: 0.90
Step 4258016/5000000 | Win rate (rollout): 0.46 | Loss: 0.231 | Opp label coverage: 0.88
Step 4258528/5000000 | Win rate (rollout): 0.46 | Loss: 0.236 | Opp label coverage: 0.79
Step 4259040/5000000 | Win rate (rollout): 0.29 | Loss: 0.232 | Opp label coverage: 0.81
Step 4259555/5000000 | Win rate (rollout): 0.40 | Loss: 0.213 | Opp label coverage: 0.89
Step 4260067/5000000 | Win rate (rollout): 0.77 | Loss: 0.204 | Opp label coverage: 0.90
Step 4260586/5000000 | Win rate (rollout): 0.75 | Loss: 0.212 | Opp label coverage: 0.91
Step 4261098/5000000 | Win rate (rollout): 0.57 | Loss: 0.176 | Opp label coverage: 0.81
Step 4261610/5000000 | Win rate (rollout): 0.57 | Loss: 0.182 | Opp label coverage: 0.81
Step 4262123/5000000 | Win rate (rollout): 0.57 | Loss: 0.130 | Opp label coverage: 0.88
Step 4262641/5000000 | Win rate (rollout): 0.54 | Loss: 0.257 | Opp label coverage: 0.90
Step 4263155/5000000 | Win rate (rollout): 0.58 | Loss: 0.191 | Opp label coverage: 0.91
Step 4263667/5000000 | Win rate (rollout): 0.58 | Loss: 0.212 | Opp label coverage: 0.81
Step 4264186/5000000 | Win rate (rollout): 0.46 | Loss: 0.232 | Opp label coverage: 0.88
Step 4264698/5000000 | Win rate (rollout): 0.42 | Loss: 0.233 | Opp label coverage: 0.88
Step 4265210/5000000 | Win rate (rollout): 0.67 | Loss: 0.254 | Opp label coverage: 0.85
Step 4265726/5000000 | Win rate (rollout): 0.56 | Loss: 0.236 | Opp label coverage: 0.91
Step 4266238/5000000 | Win rate (rollout): 0.64 | Loss: 0.191 | Opp label coverage: 0.85
Step 4266750/5000000 | Win rate (rollout): 0.83 | Loss: 0.190 | Opp label coverage: 0.79
Step 4267263/5000000 | Win rate (rollout): 0.45 | Loss: 0.136 | Opp label coverage: 0.88
Step 4267775/5000000 | Win rate (rollout): 0.78 | Loss: 0.186 | Opp label coverage: 0.85
Step 4268287/5000000 | Win rate (rollout): 0.54 | Loss: 0.239 | Opp label coverage: 0.82
Step 4268806/5000000 | Win rate (rollout): 0.44 | Loss: 0.204 | Opp label coverage: 0.88
Step 4269319/5000000 | Win rate (rollout): 0.33 | Loss: 0.313 | Opp label coverage: 0.89
Step 4269836/5000000 | Win rate (rollout): 0.71 | Loss: 0.249 | Opp label coverage: 0.90
Step 4270348/5000000 | Win rate (rollout): 0.64 | Loss: 0.197 | Opp label coverage: 0.86
Step 4270860/5000000 | Win rate (rollout): 0.38 | Loss: 0.222 | Opp label coverage: 0.81
Step 4271379/5000000 | Win rate (rollout): 0.60 | Loss: 0.163 | Opp label coverage: 0.88
Step 4271891/5000000 | Win rate (rollout): 0.64 | Loss: 0.213 | Opp label coverage: 0.84
Step 4272403/5000000 | Win rate (rollout): 0.64 | Loss: 0.230 | Opp label coverage: 0.90
Step 4272915/5000000 | Win rate (rollout): 0.89 | Loss: 0.156 | Opp label coverage: 0.77
Step 4273427/5000000 | Win rate (rollout): 0.86 | Loss: 0.231 | Opp label coverage: 0.84
Step 4273941/5000000 | Win rate (rollout): 0.33 | Loss: 0.182 | Opp label coverage: 0.87
Step 4274453/5000000 | Win rate (rollout): 0.47 | Loss: 0.235 | Opp label coverage: 0.88
Step 4274965/5000000 | Win rate (rollout): 0.62 | Loss: 0.218 | Opp label coverage: 0.83
Step 4275478/5000000 | Win rate (rollout): 0.42 | Loss: 0.204 | Opp label coverage: 0.88
Step 4275990/5000000 | Win rate (rollout): 0.60 | Loss: 0.235 | Opp label coverage: 0.87
Step 4276502/5000000 | Win rate (rollout): 0.57 | Loss: 0.197 | Opp label coverage: 0.81
Step 4277014/5000000 | Win rate (rollout): 0.69 | Loss: 0.193 | Opp label coverage: 0.79
Step 4277526/5000000 | Win rate (rollout): 0.54 | Loss: 0.206 | Opp label coverage: 0.81
Step 4278038/5000000 | Win rate (rollout): 0.55 | Loss: 0.219 | Opp label coverage: 0.90
Step 4278550/5000000 | Win rate (rollout): 0.54 | Loss: 0.213 | Opp label coverage: 0.82
Step 4279062/5000000 | Win rate (rollout): 0.70 | Loss: 0.189 | Opp label coverage: 0.78
Step 4279574/5000000 | Win rate (rollout): 0.62 | Loss: 0.182 | Opp label coverage: 0.82
Step 4280086/5000000 | Win rate (rollout): 0.53 | Loss: 0.207 | Opp label coverage: 0.83
Step 4280601/5000000 | Win rate (rollout): 0.78 | Loss: 0.258 | Opp label coverage: 0.90
Step 4281113/5000000 | Win rate (rollout): 0.78 | Loss: 0.179 | Opp label coverage: 0.86
Step 4281625/5000000 | Win rate (rollout): 0.71 | Loss: 0.196 | Opp label coverage: 0.82
Step 4282137/5000000 | Win rate (rollout): 0.64 | Loss: 0.218 | Opp label coverage: 0.87
Step 4282655/5000000 | Win rate (rollout): 0.46 | Loss: 0.249 | Opp label coverage: 0.88
Step 4283170/5000000 | Win rate (rollout): 0.35 | Loss: 0.296 | Opp label coverage: 0.88
Step 4283682/5000000 | Win rate (rollout): 0.75 | Loss: 0.221 | Opp label coverage: 0.89
Step 4284196/5000000 | Win rate (rollout): 0.87 | Loss: 0.262 | Opp label coverage: 0.90
Step 4284708/5000000 | Win rate (rollout): 0.50 | Loss: 0.203 | Opp label coverage: 0.83
Step 4285220/5000000 | Win rate (rollout): 0.62 | Loss: 0.218 | Opp label coverage: 0.90
Step 4285734/5000000 | Win rate (rollout): 0.31 | Loss: 0.256 | Opp label coverage: 0.89
Step 4286247/5000000 | Win rate (rollout): 0.47 | Loss: 0.226 | Opp label coverage: 0.89
Step 4286759/5000000 | Win rate (rollout): 0.67 | Loss: 0.194 | Opp label coverage: 0.80
Step 4287271/5000000 | Win rate (rollout): 0.33 | Loss: 0.188 | Opp label coverage: 0.83
Step 4287783/5000000 | Win rate (rollout): 0.55 | Loss: 0.228 | Opp label coverage: 0.84
Step 4288298/5000000 | Win rate (rollout): 0.31 | Loss: 0.194 | Opp label coverage: 0.87
Step 4288816/5000000 | Win rate (rollout): 0.43 | Loss: 0.247 | Opp label coverage: 0.89
Step 4289328/5000000 | Win rate (rollout): 0.58 | Loss: 0.229 | Opp label coverage: 0.82
Step 4289841/5000000 | Win rate (rollout): 0.11 | Loss: 0.263 | Opp label coverage: 0.90
Step 4290360/5000000 | Win rate (rollout): 0.44 | Loss: 0.225 | Opp label coverage: 0.89
Step 4290872/5000000 | Win rate (rollout): 0.60 | Loss: 0.208 | Opp label coverage: 0.83
Step 4291385/5000000 | Win rate (rollout): 0.27 | Loss: 0.221 | Opp label coverage: 0.87
Step 4291897/5000000 | Win rate (rollout): 0.46 | Loss: 0.241 | Opp label coverage: 0.84
Step 4292412/5000000 | Win rate (rollout): 0.33 | Loss: 0.238 | Opp label coverage: 0.89
Step 4292929/5000000 | Win rate (rollout): 0.53 | Loss: 0.194 | Opp label coverage: 0.89
Step 4293444/5000000 | Win rate (rollout): 0.33 | Loss: 0.233 | Opp label coverage: 0.88
Step 4293956/5000000 | Win rate (rollout): 0.33 | Loss: 0.196 | Opp label coverage: 0.82
Step 4294468/5000000 | Win rate (rollout): 0.59 | Loss: 0.229 | Opp label coverage: 0.86
Step 4294983/5000000 | Win rate (rollout): 0.67 | Loss: 0.264 | Opp label coverage: 0.89
Step 4295495/5000000 | Win rate (rollout): 0.17 | Loss: 0.195 | Opp label coverage: 0.85
Step 4296007/5000000 | Win rate (rollout): 0.35 | Loss: 0.229 | Opp label coverage: 0.85
Step 4296519/5000000 | Win rate (rollout): 0.33 | Loss: 0.218 | Opp label coverage: 0.83
Step 4297031/5000000 | Win rate (rollout): 0.50 | Loss: 0.206 | Opp label coverage: 0.79
Step 4297543/5000000 | Win rate (rollout): 0.73 | Loss: 0.213 | Opp label coverage: 0.81
Step 4298055/5000000 | Win rate (rollout): 0.64 | Loss: 0.177 | Opp label coverage: 0.85
Step 4298568/5000000 | Win rate (rollout): 0.75 | Loss: 0.255 | Opp label coverage: 0.90
Step 4299083/5000000 | Win rate (rollout): 0.50 | Loss: 0.192 | Opp label coverage: 0.90
Step 4299597/5000000 | Win rate (rollout): 0.54 | Loss: 0.246 | Opp label coverage: 0.88
Step 4300109/5000000 | Win rate (rollout): 0.73 | Loss: 0.204 | Opp label coverage: 0.82
Step 4300622/5000000 | Win rate (rollout): 0.54 | Loss: 0.224 | Opp label coverage: 0.89
Step 4301140/5000000 | Win rate (rollout): 0.54 | Loss: 0.266 | Opp label coverage: 0.89
Step 4301652/5000000 | Win rate (rollout): 0.67 | Loss: 0.219 | Opp label coverage: 0.83
Step 4302164/5000000 | Win rate (rollout): 0.44 | Loss: 0.216 | Opp label coverage: 0.79
Step 4302680/5000000 | Win rate (rollout): 0.25 | Loss: 0.204 | Opp label coverage: 0.87
Step 4303192/5000000 | Win rate (rollout): 0.58 | Loss: 0.195 | Opp label coverage: 0.86
Step 4303705/5000000 | Win rate (rollout): 0.36 | Loss: 0.303 | Opp label coverage: 0.89
Step 4304221/5000000 | Win rate (rollout): 0.64 | Loss: 0.288 | Opp label coverage: 0.89
Step 4304733/5000000 | Win rate (rollout): 0.60 | Loss: 0.189 | Opp label coverage: 0.84
Step 4305245/5000000 | Win rate (rollout): 0.60 | Loss: 0.206 | Opp label coverage: 0.85
Step 4305757/5000000 | Win rate (rollout): 0.57 | Loss: 0.222 | Opp label coverage: 0.85
Step 4306272/5000000 | Win rate (rollout): 0.50 | Loss: 0.190 | Opp label coverage: 0.88
Step 4306784/5000000 | Win rate (rollout): 0.36 | Loss: 0.232 | Opp label coverage: 0.88
Step 4307301/5000000 | Win rate (rollout): 0.42 | Loss: 0.171 | Opp label coverage: 0.90
Step 4307816/5000000 | Win rate (rollout): 0.57 | Loss: 0.292 | Opp label coverage: 0.88
Step 4308328/5000000 | Win rate (rollout): 0.43 | Loss: 0.192 | Opp label coverage: 0.81
Step 4308840/5000000 | Win rate (rollout): 0.47 | Loss: 0.188 | Opp label coverage: 0.81
Step 4309352/5000000 | Win rate (rollout): 0.57 | Loss: 0.212 | Opp label coverage: 0.85
Step 4309864/5000000 | Win rate (rollout): 0.50 | Loss: 0.197 | Opp label coverage: 0.83
Step 4310380/5000000 | Win rate (rollout): 0.44 | Loss: 0.188 | Opp label coverage: 0.88
Step 4310894/5000000 | Win rate (rollout): 0.27 | Loss: 0.193 | Opp label coverage: 0.90
Step 4311408/5000000 | Win rate (rollout): 0.53 | Loss: 0.227 | Opp label coverage: 0.89
Step 4311920/5000000 | Win rate (rollout): 0.31 | Loss: 0.223 | Opp label coverage: 0.89
Step 4312434/5000000 | Win rate (rollout): 0.62 | Loss: 0.289 | Opp label coverage: 0.90
Step 4312951/5000000 | Win rate (rollout): 0.67 | Loss: 0.232 | Opp label coverage: 0.91
Step 4313463/5000000 | Win rate (rollout): 0.64 | Loss: 0.189 | Opp label coverage: 0.81
Step 4313975/5000000 | Win rate (rollout): 0.67 | Loss: 0.226 | Opp label coverage: 0.83
Step 4314487/5000000 | Win rate (rollout): 0.78 | Loss: 0.187 | Opp label coverage: 0.86
Step 4314999/5000000 | Win rate (rollout): 0.77 | Loss: 0.189 | Opp label coverage: 0.82
Step 4315516/5000000 | Win rate (rollout): 0.42 | Loss: 0.212 | Opp label coverage: 0.90
Step 4316033/5000000 | Win rate (rollout): 0.46 | Loss: 0.216 | Opp label coverage: 0.90
Step 4316550/5000000 | Win rate (rollout): 0.31 | Loss: 0.213 | Opp label coverage: 0.88
Step 4317062/5000000 | Win rate (rollout): 0.36 | Loss: 0.202 | Opp label coverage: 0.83
Step 4317574/5000000 | Win rate (rollout): 0.67 | Loss: 0.240 | Opp label coverage: 0.84
Step 4318086/5000000 | Win rate (rollout): 0.56 | Loss: 0.191 | Opp label coverage: 0.83
Step 4318601/5000000 | Win rate (rollout): 0.88 | Loss: 0.199 | Opp label coverage: 0.90
Step 4319118/5000000 | Win rate (rollout): 0.50 | Loss: 0.211 | Opp label coverage: 0.90
Step 4319630/5000000 | Win rate (rollout): 0.58 | Loss: 0.207 | Opp label coverage: 0.83
Step 4320147/5000000 | Win rate (rollout): 0.70 | Loss: 0.240 | Opp label coverage: 0.89
Step 4320661/5000000 | Win rate (rollout): 0.59 | Loss: 0.163 | Opp label coverage: 0.89
Step 4321173/5000000 | Win rate (rollout): 0.64 | Loss: 0.204 | Opp label coverage: 0.82
Step 4321690/5000000 | Win rate (rollout): 0.22 | Loss: 0.241 | Opp label coverage: 0.87
Step 4322202/5000000 | Win rate (rollout): 0.50 | Loss: 0.193 | Opp label coverage: 0.85
Step 4322714/5000000 | Win rate (rollout): 0.17 | Loss: 0.205 | Opp label coverage: 0.83
Step 4323226/5000000 | Win rate (rollout): 0.60 | Loss: 0.182 | Opp label coverage: 0.82
Step 4323738/5000000 | Win rate (rollout): 0.62 | Loss: 0.201 | Opp label coverage: 0.81
Step 4324253/5000000 | Win rate (rollout): 0.42 | Loss: 0.268 | Opp label coverage: 0.89
Step 4324765/5000000 | Win rate (rollout): 0.54 | Loss: 0.228 | Opp label coverage: 0.83
Step 4325277/5000000 | Win rate (rollout): 0.60 | Loss: 0.213 | Opp label coverage: 0.90
Step 4325789/5000000 | Win rate (rollout): 0.67 | Loss: 0.208 | Opp label coverage: 0.82
Step 4326304/5000000 | Win rate (rollout): 0.15 | Loss: 0.332 | Opp label coverage: 0.87
Step 4326816/5000000 | Win rate (rollout): 0.92 | Loss: 0.211 | Opp label coverage: 0.79
Step 4327328/5000000 | Win rate (rollout): 0.11 | Loss: 0.199 | Opp label coverage: 0.89
Step 4327840/5000000 | Win rate (rollout): 0.91 | Loss: 0.180 | Opp label coverage: 0.83
Step 4328359/5000000 | Win rate (rollout): 0.60 | Loss: 0.183 | Opp label coverage: 0.91
Step 4328871/5000000 | Win rate (rollout): 0.45 | Loss: 0.190 | Opp label coverage: 0.79
Step 4329383/5000000 | Win rate (rollout): 0.42 | Loss: 0.182 | Opp label coverage: 0.84
Step 4329898/5000000 | Win rate (rollout): 0.73 | Loss: 0.301 | Opp label coverage: 0.90
Step 4330411/5000000 | Win rate (rollout): 0.45 | Loss: 0.197 | Opp label coverage: 0.90
Step 4330929/5000000 | Win rate (rollout): 0.67 | Loss: 0.202 | Opp label coverage: 0.90
Step 4331441/5000000 | Win rate (rollout): 0.89 | Loss: 0.177 | Opp label coverage: 0.83
Step 4331957/5000000 | Win rate (rollout): 0.38 | Loss: 0.222 | Opp label coverage: 0.89
Step 4332469/5000000 | Win rate (rollout): 0.73 | Loss: 0.190 | Opp label coverage: 0.82
Step 4332981/5000000 | Win rate (rollout): 0.57 | Loss: 0.181 | Opp label coverage: 0.83
Step 4333499/5000000 | Win rate (rollout): 0.50 | Loss: 0.215 | Opp label coverage: 0.90
Step 4334016/5000000 | Win rate (rollout): 0.00 | Loss: 0.171 | Opp label coverage: 0.89
Step 4334528/5000000 | Win rate (rollout): 0.18 | Loss: 0.198 | Opp label coverage: 0.82
Step 4335040/5000000 | Win rate (rollout): 0.53 | Loss: 0.204 | Opp label coverage: 0.85
Step 4335552/5000000 | Win rate (rollout): 0.50 | Loss: 0.219 | Opp label coverage: 0.92
Step 4336064/5000000 | Win rate (rollout): 0.80 | Loss: 0.180 | Opp label coverage: 0.87
Step 4336576/5000000 | Win rate (rollout): 0.31 | Loss: 0.201 | Opp label coverage: 0.85
Step 4337094/5000000 | Win rate (rollout): 0.64 | Loss: 0.235 | Opp label coverage: 0.89
Step 4337606/5000000 | Win rate (rollout): 0.60 | Loss: 0.189 | Opp label coverage: 0.81
Step 4338118/5000000 | Win rate (rollout): 0.33 | Loss: 0.178 | Opp label coverage: 0.83
Step 4338631/5000000 | Win rate (rollout): 0.58 | Loss: 0.300 | Opp label coverage: 0.90
Step 4339143/5000000 | Win rate (rollout): 0.38 | Loss: 0.218 | Opp label coverage: 0.83
Step 4339655/5000000 | Win rate (rollout): 0.56 | Loss: 0.233 | Opp label coverage: 0.78
Step 4340168/5000000 | Win rate (rollout): 0.62 | Loss: 0.183 | Opp label coverage: 0.90
Step 4340680/5000000 | Win rate (rollout): 0.62 | Loss: 0.218 | Opp label coverage: 0.79
Step 4341192/5000000 | Win rate (rollout): 0.47 | Loss: 0.210 | Opp label coverage: 0.84
Step 4341705/5000000 | Win rate (rollout): 0.62 | Loss: 0.294 | Opp label coverage: 0.89
Step 4342217/5000000 | Win rate (rollout): 0.42 | Loss: 0.212 | Opp label coverage: 0.81
Step 4342729/5000000 | Win rate (rollout): 0.43 | Loss: 0.208 | Opp label coverage: 0.80
Step 4343245/5000000 | Win rate (rollout): 0.73 | Loss: 0.213 | Opp label coverage: 0.91
Step 4343760/5000000 | Win rate (rollout): 0.43 | Loss: 0.235 | Opp label coverage: 0.86
Step 4344276/5000000 | Win rate (rollout): 0.44 | Loss: 0.183 | Opp label coverage: 0.89
Step 4344788/5000000 | Win rate (rollout): 0.57 | Loss: 0.217 | Opp label coverage: 0.79
Step 4345304/5000000 | Win rate (rollout): 0.62 | Loss: 0.152 | Opp label coverage: 0.92
Step 4345816/5000000 | Win rate (rollout): 0.70 | Loss: 0.197 | Opp label coverage: 0.88
Step 4346328/5000000 | Win rate (rollout): 0.64 | Loss: 0.224 | Opp label coverage: 0.80
Step 4346840/5000000 | Win rate (rollout): 0.42 | Loss: 0.241 | Opp label coverage: 0.80
Step 4347352/5000000 | Win rate (rollout): 0.67 | Loss: 0.202 | Opp label coverage: 0.80
Step 4347865/5000000 | Win rate (rollout): 0.50 | Loss: 0.159 | Opp label coverage: 0.88
Step 4348377/5000000 | Win rate (rollout): 0.64 | Loss: 0.224 | Opp label coverage: 0.80
Step 4348889/5000000 | Win rate (rollout): 0.40 | Loss: 0.228 | Opp label coverage: 0.85
Step 4349407/5000000 | Win rate (rollout): 0.50 | Loss: 0.201 | Opp label coverage: 0.89
Step 4349923/5000000 | Win rate (rollout): 0.15 | Loss: 0.191 | Opp label coverage: 0.89
Step 4350435/5000000 | Win rate (rollout): 0.21 | Loss: 0.207 | Opp label coverage: 0.84
Step 4350947/5000000 | Win rate (rollout): 0.80 | Loss: 0.222 | Opp label coverage: 0.84
Step 4351465/5000000 | Win rate (rollout): 0.36 | Loss: 0.206 | Opp label coverage: 0.88
Step 4351977/5000000 | Win rate (rollout): 0.55 | Loss: 0.170 | Opp label coverage: 0.78
Step 4352491/5000000 | Win rate (rollout): 0.29 | Loss: 0.230 | Opp label coverage: 0.90
Step 4353003/5000000 | Win rate (rollout): 0.40 | Loss: 0.199 | Opp label coverage: 0.83
Step 4353515/5000000 | Win rate (rollout): 0.78 | Loss: 0.187 | Opp label coverage: 0.85
Step 4354033/5000000 | Win rate (rollout): 0.80 | Loss: 0.178 | Opp label coverage: 0.90
Step 4354547/5000000 | Win rate (rollout): 0.53 | Loss: 0.267 | Opp label coverage: 0.90
Step 4355059/5000000 | Win rate (rollout): 0.30 | Loss: 0.183 | Opp label coverage: 0.81
Step 4355572/5000000 | Win rate (rollout): 0.67 | Loss: 0.245 | Opp label coverage: 0.89
Step 4356088/5000000 | Win rate (rollout): 0.31 | Loss: 0.135 | Opp label coverage: 0.90
Step 4356600/5000000 | Win rate (rollout): 0.70 | Loss: 0.177 | Opp label coverage: 0.81
Step 4357115/5000000 | Win rate (rollout): 0.20 | Loss: 0.216 | Opp label coverage: 0.87
Step 4357632/5000000 | Win rate (rollout): 0.36 | Loss: 0.170 | Opp label coverage: 0.90
Step 4358145/5000000 | Win rate (rollout): 0.25 | Loss: 0.226 | Opp label coverage: 0.89
Step 4358659/5000000 | Win rate (rollout): 0.31 | Loss: 0.195 | Opp label coverage: 0.87
Step 4359171/5000000 | Win rate (rollout): 0.60 | Loss: 0.206 | Opp label coverage: 0.78
Step 4359686/5000000 | Win rate (rollout): 0.33 | Loss: 0.182 | Opp label coverage: 0.89
Step 4360198/5000000 | Win rate (rollout): 0.44 | Loss: 0.198 | Opp label coverage: 0.84
Step 4360710/5000000 | Win rate (rollout): 0.33 | Loss: 0.170 | Opp label coverage: 0.89
Step 4361222/5000000 | Win rate (rollout): 0.25 | Loss: 0.184 | Opp label coverage: 0.83
Step 4361734/5000000 | Win rate (rollout): 0.60 | Loss: 0.227 | Opp label coverage: 0.89
Step 4362246/5000000 | Win rate (rollout): 0.67 | Loss: 0.186 | Opp label coverage: 0.87
Step 4362758/5000000 | Win rate (rollout): 0.29 | Loss: 0.218 | Opp label coverage: 0.88
Step 4363270/5000000 | Win rate (rollout): 0.57 | Loss: 0.208 | Opp label coverage: 0.84
Step 4363782/5000000 | Win rate (rollout): 0.54 | Loss: 0.232 | Opp label coverage: 0.83
Step 4364294/5000000 | Win rate (rollout): 0.47 | Loss: 0.179 | Opp label coverage: 0.85
Step 4364810/5000000 | Win rate (rollout): 0.27 | Loss: 0.199 | Opp label coverage: 0.87
Step 4365322/5000000 | Win rate (rollout): 0.42 | Loss: 0.200 | Opp label coverage: 0.81
Step 4365834/5000000 | Win rate (rollout): 0.75 | Loss: 0.182 | Opp label coverage: 0.84
Step 4366346/5000000 | Win rate (rollout): 0.46 | Loss: 0.195 | Opp label coverage: 0.84
Step 4366858/5000000 | Win rate (rollout): 0.60 | Loss: 0.201 | Opp label coverage: 0.81
Step 4367370/5000000 | Win rate (rollout): 0.38 | Loss: 0.191 | Opp label coverage: 0.81
Step 4367886/5000000 | Win rate (rollout): 0.42 | Loss: 0.212 | Opp label coverage: 0.88
Step 4368398/5000000 | Win rate (rollout): 0.46 | Loss: 0.203 | Opp label coverage: 0.83
Step 4368910/5000000 | Win rate (rollout): 0.78 | Loss: 0.237 | Opp label coverage: 0.89
Step 4369422/5000000 | Win rate (rollout): 0.67 | Loss: 0.159 | Opp label coverage: 0.83
Step 4369934/5000000 | Win rate (rollout): 0.43 | Loss: 0.227 | Opp label coverage: 0.83
Step 4370446/5000000 | Win rate (rollout): 0.47 | Loss: 0.221 | Opp label coverage: 0.81
Step 4370963/5000000 | Win rate (rollout): 0.69 | Loss: 0.220 | Opp label coverage: 0.89
Step 4371475/5000000 | Win rate (rollout): 0.60 | Loss: 0.186 | Opp label coverage: 0.82
Step 4371991/5000000 | Win rate (rollout): 0.85 | Loss: 0.145 | Opp label coverage: 0.91
Step 4372503/5000000 | Win rate (rollout): 0.55 | Loss: 0.199 | Opp label coverage: 0.86
Step 4373022/5000000 | Win rate (rollout): 0.60 | Loss: 0.193 | Opp label coverage: 0.91
Step 4373534/5000000 | Win rate (rollout): 0.77 | Loss: 0.194 | Opp label coverage: 0.80
Step 4374048/5000000 | Win rate (rollout): 0.50 | Loss: 0.169 | Opp label coverage: 0.90
Step 4374560/5000000 | Win rate (rollout): 0.43 | Loss: 0.206 | Opp label coverage: 0.81
Step 4375077/5000000 | Win rate (rollout): 0.88 | Loss: 0.240 | Opp label coverage: 0.91
Step 4375592/5000000 | Win rate (rollout): 0.47 | Loss: 0.198 | Opp label coverage: 0.90
Step 4376106/5000000 | Win rate (rollout): 0.53 | Loss: 0.226 | Opp label coverage: 0.88
Step 4376618/5000000 | Win rate (rollout): 0.53 | Loss: 0.217 | Opp label coverage: 0.87
Step 4377130/5000000 | Win rate (rollout): 0.50 | Loss: 0.200 | Opp label coverage: 0.82
Step 4377642/5000000 | Win rate (rollout): 0.25 | Loss: 0.211 | Opp label coverage: 0.89
Step 4378154/5000000 | Win rate (rollout): 0.75 | Loss: 0.225 | Opp label coverage: 0.83
Step 4378666/5000000 | Win rate (rollout): 0.64 | Loss: 0.232 | Opp label coverage: 0.83
Step 4379178/5000000 | Win rate (rollout): 0.50 | Loss: 0.203 | Opp label coverage: 0.88
Step 4379690/5000000 | Win rate (rollout): 0.71 | Loss: 0.187 | Opp label coverage: 0.87
Step 4380202/5000000 | Win rate (rollout): 0.77 | Loss: 0.169 | Opp label coverage: 0.84
Step 4380720/5000000 | Win rate (rollout): 0.33 | Loss: 0.210 | Opp label coverage: 0.88
Step 4381236/5000000 | Win rate (rollout): 0.43 | Loss: 0.212 | Opp label coverage: 0.89
Step 4381748/5000000 | Win rate (rollout): 0.75 | Loss: 0.185 | Opp label coverage: 0.83
Step 4382264/5000000 | Win rate (rollout): 0.36 | Loss: 0.227 | Opp label coverage: 0.89
Step 4382776/5000000 | Win rate (rollout): 0.54 | Loss: 0.230 | Opp label coverage: 0.83
Step 4383288/5000000 | Win rate (rollout): 0.58 | Loss: 0.199 | Opp label coverage: 0.82
Step 4383804/5000000 | Win rate (rollout): 0.67 | Loss: 0.245 | Opp label coverage: 0.87
Step 4384316/5000000 | Win rate (rollout): 0.80 | Loss: 0.199 | Opp label coverage: 0.82
Step 4384828/5000000 | Win rate (rollout): 0.67 | Loss: 0.200 | Opp label coverage: 0.81
Step 4385340/5000000 | Win rate (rollout): 0.22 | Loss: 0.236 | Opp label coverage: 0.88
Step 4385852/5000000 | Win rate (rollout): 0.50 | Loss: 0.223 | Opp label coverage: 0.82
Step 4386364/5000000 | Win rate (rollout): 0.83 | Loss: 0.179 | Opp label coverage: 0.86
Step 4386876/5000000 | Win rate (rollout): 0.69 | Loss: 0.212 | Opp label coverage: 0.76
Step 4387388/5000000 | Win rate (rollout): 0.70 | Loss: 0.174 | Opp label coverage: 0.83
Step 4387900/5000000 | Win rate (rollout): 0.80 | Loss: 0.201 | Opp label coverage: 0.82
Step 4388415/5000000 | Win rate (rollout): 0.67 | Loss: 0.275 | Opp label coverage: 0.90
Step 4388927/5000000 | Win rate (rollout): 0.71 | Loss: 0.193 | Opp label coverage: 0.80
Step 4389445/5000000 | Win rate (rollout): 0.45 | Loss: 0.281 | Opp label coverage: 0.87
Step 4389957/5000000 | Win rate (rollout): 0.53 | Loss: 0.222 | Opp label coverage: 0.80
Step 4390470/5000000 | Win rate (rollout): 0.36 | Loss: 0.136 | Opp label coverage: 0.88
Step 4390988/5000000 | Win rate (rollout): 0.47 | Loss: 0.198 | Opp label coverage: 0.89
Step 4391502/5000000 | Win rate (rollout): 0.58 | Loss: 0.260 | Opp label coverage: 0.90
Step 4392014/5000000 | Win rate (rollout): 0.58 | Loss: 0.213 | Opp label coverage: 0.82
Step 4392529/5000000 | Win rate (rollout): 0.67 | Loss: 0.223 | Opp label coverage: 0.90
Step 4393041/5000000 | Win rate (rollout): 0.50 | Loss: 0.203 | Opp label coverage: 0.86
Step 4393553/5000000 | Win rate (rollout): 0.86 | Loss: 0.176 | Opp label coverage: 0.83
Step 4394065/5000000 | Win rate (rollout): 0.91 | Loss: 0.192 | Opp label coverage: 0.85
Step 4394577/5000000 | Win rate (rollout): 0.64 | Loss: 0.200 | Opp label coverage: 0.84
Step 4395089/5000000 | Win rate (rollout): 0.75 | Loss: 0.230 | Opp label coverage: 0.84
Step 4395601/5000000 | Win rate (rollout): 0.69 | Loss: 0.194 | Opp label coverage: 0.80
Step 4396113/5000000 | Win rate (rollout): 1.00 | Loss: 0.172 | Opp label coverage: 0.87
Step 4396630/5000000 | Win rate (rollout): 0.80 | Loss: 0.219 | Opp label coverage: 0.90
Step 4397142/5000000 | Win rate (rollout): 0.78 | Loss: 0.164 | Opp label coverage: 0.77
Step 4397659/5000000 | Win rate (rollout): 0.82 | Loss: 0.226 | Opp label coverage: 0.89
Step 4398171/5000000 | Win rate (rollout): 0.62 | Loss: 0.210 | Opp label coverage: 0.85
Step 4398684/5000000 | Win rate (rollout): 0.42 | Loss: 0.195 | Opp label coverage: 0.89
Step 4399199/5000000 | Win rate (rollout): 0.57 | Loss: 0.276 | Opp label coverage: 0.90
Step 4399716/5000000 | Win rate (rollout): 0.62 | Loss: 0.195 | Opp label coverage: 0.89
Step 4400228/5000000 | Win rate (rollout): 0.88 | Loss: 0.205 | Opp label coverage: 0.85
Step 4400744/5000000 | Win rate (rollout): 0.80 | Loss: 0.205 | Opp label coverage: 0.91
Step 4401256/5000000 | Win rate (rollout): 0.80 | Loss: 0.193 | Opp label coverage: 0.83
Step 4401768/5000000 | Win rate (rollout): 0.50 | Loss: 0.212 | Opp label coverage: 0.83
Step 4402280/5000000 | Win rate (rollout): 0.69 | Loss: 0.204 | Opp label coverage: 0.77
Step 4402792/5000000 | Win rate (rollout): 0.59 | Loss: 0.231 | Opp label coverage: 0.81
Step 4403304/5000000 | Win rate (rollout): 0.75 | Loss: 0.181 | Opp label coverage: 0.82
Step 4403816/5000000 | Win rate (rollout): 0.54 | Loss: 0.195 | Opp label coverage: 0.86
Step 4404328/5000000 | Win rate (rollout): 0.75 | Loss: 0.218 | Opp label coverage: 0.78
Step 4404840/5000000 | Win rate (rollout): 0.58 | Loss: 0.245 | Opp label coverage: 0.84
Step 4405352/5000000 | Win rate (rollout): 0.57 | Loss: 0.192 | Opp label coverage: 0.84
Step 4405869/5000000 | Win rate (rollout): 0.54 | Loss: 0.196 | Opp label coverage: 0.90
Step 4406382/5000000 | Win rate (rollout): 0.58 | Loss: 0.234 | Opp label coverage: 0.88
Step 4406895/5000000 | Win rate (rollout): 0.62 | Loss: 0.157 | Opp label coverage: 0.92
Step 4407407/5000000 | Win rate (rollout): 0.45 | Loss: 0.205 | Opp label coverage: 0.77
Step 4407919/5000000 | Win rate (rollout): 0.50 | Loss: 0.220 | Opp label coverage: 0.79
Step 4408431/5000000 | Win rate (rollout): 0.50 | Loss: 0.200 | Opp label coverage: 0.82
Step 4408943/5000000 | Win rate (rollout): 0.70 | Loss: 0.185 | Opp label coverage: 0.84
Step 4409455/5000000 | Win rate (rollout): 0.43 | Loss: 0.212 | Opp label coverage: 0.80
Step 4409967/5000000 | Win rate (rollout): 0.53 | Loss: 0.220 | Opp label coverage: 0.85
Step 4410479/5000000 | Win rate (rollout): 0.45 | Loss: 0.226 | Opp label coverage: 0.88
Step 4410991/5000000 | Win rate (rollout): 0.82 | Loss: 0.214 | Opp label coverage: 0.79
Step 4411503/5000000 | Win rate (rollout): 0.50 | Loss: 0.199 | Opp label coverage: 0.83
Step 4412015/5000000 | Win rate (rollout): 0.70 | Loss: 0.177 | Opp label coverage: 0.86
Step 4412527/5000000 | Win rate (rollout): 0.58 | Loss: 0.210 | Opp label coverage: 0.80
Step 4413039/5000000 | Win rate (rollout): 0.56 | Loss: 0.186 | Opp label coverage: 0.83
Step 4413557/5000000 | Win rate (rollout): 0.55 | Loss: 0.259 | Opp label coverage: 0.88
Step 4414069/5000000 | Win rate (rollout): 0.50 | Loss: 0.176 | Opp label coverage: 0.80
Step 4414581/5000000 | Win rate (rollout): 0.67 | Loss: 0.209 | Opp label coverage: 0.76
Step 4415096/5000000 | Win rate (rollout): 0.50 | Loss: 0.175 | Opp label coverage: 0.90
Step 4415608/5000000 | Win rate (rollout): 0.73 | Loss: 0.187 | Opp label coverage: 0.78
Step 4416125/5000000 | Win rate (rollout): 0.67 | Loss: 0.206 | Opp label coverage: 0.89
Step 4416637/5000000 | Win rate (rollout): 0.53 | Loss: 0.228 | Opp label coverage: 0.84
Step 4417154/5000000 | Win rate (rollout): 0.64 | Loss: 0.223 | Opp label coverage: 0.89
Step 4417666/5000000 | Win rate (rollout): 0.62 | Loss: 0.216 | Opp label coverage: 0.81
Step 4418178/5000000 | Win rate (rollout): 0.50 | Loss: 0.198 | Opp label coverage: 0.80
Step 4418690/5000000 | Win rate (rollout): 0.44 | Loss: 0.215 | Opp label coverage: 0.82
Step 4419203/5000000 | Win rate (rollout): 0.60 | Loss: 0.147 | Opp label coverage: 0.88
Step 4419719/5000000 | Win rate (rollout): 0.60 | Loss: 0.200 | Opp label coverage: 0.89
Step 4420231/5000000 | Win rate (rollout): 0.75 | Loss: 0.208 | Opp label coverage: 0.83
Step 4420743/5000000 | Win rate (rollout): 0.73 | Loss: 0.217 | Opp label coverage: 0.87
Step 4421255/5000000 | Win rate (rollout): 0.50 | Loss: 0.216 | Opp label coverage: 0.84
Step 4421767/5000000 | Win rate (rollout): 0.55 | Loss: 0.203 | Opp label coverage: 0.84
Step 4422279/5000000 | Win rate (rollout): 0.80 | Loss: 0.187 | Opp label coverage: 0.84
Step 4422793/5000000 | Win rate (rollout): 0.11 | Loss: 0.293 | Opp label coverage: 0.89
Step 4423305/5000000 | Win rate (rollout): 0.75 | Loss: 0.205 | Opp label coverage: 0.81
Step 4423818/5000000 | Win rate (rollout): 0.27 | Loss: 0.278 | Opp label coverage: 0.87
Step 4424330/5000000 | Win rate (rollout): 0.54 | Loss: 0.197 | Opp label coverage: 0.78
Step 4424842/5000000 | Win rate (rollout): 0.53 | Loss: 0.212 | Opp label coverage: 0.85
Step 4425354/5000000 | Win rate (rollout): 0.50 | Loss: 0.252 | Opp label coverage: 0.89
Step 4425867/5000000 | Win rate (rollout): 0.47 | Loss: 0.235 | Opp label coverage: 0.88
Step 4426384/5000000 | Win rate (rollout): 0.62 | Loss: 0.189 | Opp label coverage: 0.89
Step 4426896/5000000 | Win rate (rollout): 0.88 | Loss: 0.211 | Opp label coverage: 0.84
Step 4427414/5000000 | Win rate (rollout): 0.70 | Loss: 0.241 | Opp label coverage: 0.91
Step 4427932/5000000 | Win rate (rollout): 0.29 | Loss: 0.204 | Opp label coverage: 0.88
Step 4428444/5000000 | Win rate (rollout): 0.67 | Loss: 0.191 | Opp label coverage: 0.81
Step 4428956/5000000 | Win rate (rollout): 1.00 | Loss: 0.200 | Opp label coverage: 0.81
Step 4429468/5000000 | Win rate (rollout): 0.64 | Loss: 0.202 | Opp label coverage: 0.83
Step 4429984/5000000 | Win rate (rollout): 0.45 | Loss: 0.214 | Opp label coverage: 0.88
Step 4430496/5000000 | Win rate (rollout): 0.77 | Loss: 0.245 | Opp label coverage: 0.82
Step 4431008/5000000 | Win rate (rollout): 0.33 | Loss: 0.200 | Opp label coverage: 0.81
Step 4431523/5000000 | Win rate (rollout): 0.71 | Loss: 0.180 | Opp label coverage: 0.88
Step 4432039/5000000 | Win rate (rollout): 0.29 | Loss: 0.248 | Opp label coverage: 0.89
Step 4432551/5000000 | Win rate (rollout): 0.71 | Loss: 0.219 | Opp label coverage: 0.80
Step 4433063/5000000 | Win rate (rollout): 0.83 | Loss: 0.192 | Opp label coverage: 0.83
Step 4433575/5000000 | Win rate (rollout): 0.18 | Loss: 0.241 | Opp label coverage: 0.87
Step 4434089/5000000 | Win rate (rollout): 0.44 | Loss: 0.245 | Opp label coverage: 0.89
Step 4434603/5000000 | Win rate (rollout): 0.79 | Loss: 0.167 | Opp label coverage: 0.89
Step 4435118/5000000 | Win rate (rollout): 0.44 | Loss: 0.300 | Opp label coverage: 0.88
Step 4435636/5000000 | Win rate (rollout): 0.33 | Loss: 0.249 | Opp label coverage: 0.86
Step 4436148/5000000 | Win rate (rollout): 0.70 | Loss: 0.208 | Opp label coverage: 0.80
Step 4436660/5000000 | Win rate (rollout): 0.60 | Loss: 0.164 | Opp label coverage: 0.81
Step 4437172/5000000 | Win rate (rollout): 0.53 | Loss: 0.223 | Opp label coverage: 0.82
Step 4437684/5000000 | Win rate (rollout): 0.70 | Loss: 0.261 | Opp label coverage: 0.88
Step 4438196/5000000 | Win rate (rollout): 0.75 | Loss: 0.193 | Opp label coverage: 0.86
Step 4438708/5000000 | Win rate (rollout): 0.53 | Loss: 0.196 | Opp label coverage: 0.79
Step 4439224/5000000 | Win rate (rollout): 0.27 | Loss: 0.266 | Opp label coverage: 0.88
Step 4439736/5000000 | Win rate (rollout): 0.57 | Loss: 0.189 | Opp label coverage: 0.78
Step 4440254/5000000 | Win rate (rollout): 1.00 | Loss: 0.222 | Opp label coverage: 0.91
Step 4440770/5000000 | Win rate (rollout): 0.67 | Loss: 0.224 | Opp label coverage: 0.90
Step 4441283/5000000 | Win rate (rollout): 0.64 | Loss: 0.182 | Opp label coverage: 0.90
Step 4441798/5000000 | Win rate (rollout): 0.56 | Loss: 0.219 | Opp label coverage: 0.88
Step 4442310/5000000 | Win rate (rollout): 0.77 | Loss: 0.183 | Opp label coverage: 0.84
Step 4442822/5000000 | Win rate (rollout): 0.62 | Loss: 0.217 | Opp label coverage: 0.80
Step 4443336/5000000 | Win rate (rollout): 0.50 | Loss: 0.312 | Opp label coverage: 0.89
Step 4443848/5000000 | Win rate (rollout): 0.67 | Loss: 0.179 | Opp label coverage: 0.83
Step 4444366/5000000 | Win rate (rollout): 0.46 | Loss: 0.218 | Opp label coverage: 0.88
Step 4444878/5000000 | Win rate (rollout): 0.77 | Loss: 0.189 | Opp label coverage: 0.83
Step 4445392/5000000 | Win rate (rollout): 0.50 | Loss: 0.271 | Opp label coverage: 0.89
Step 4445905/5000000 | Win rate (rollout): 0.65 | Loss: 0.224 | Opp label coverage: 0.88
Step 4446417/5000000 | Win rate (rollout): 0.57 | Loss: 0.220 | Opp label coverage: 0.80
Step 4446929/5000000 | Win rate (rollout): 0.44 | Loss: 0.182 | Opp label coverage: 0.83
Step 4447441/5000000 | Win rate (rollout): 0.46 | Loss: 0.203 | Opp label coverage: 0.81
Step 4447953/5000000 | Win rate (rollout): 0.47 | Loss: 0.199 | Opp label coverage: 0.82
Step 4448465/5000000 | Win rate (rollout): 0.73 | Loss: 0.223 | Opp label coverage: 0.84
Step 4448982/5000000 | Win rate (rollout): 0.62 | Loss: 0.231 | Opp label coverage: 0.91
Step 4449494/5000000 | Win rate (rollout): 0.82 | Loss: 0.171 | Opp label coverage: 0.86
Step 4450007/5000000 | Win rate (rollout): 0.60 | Loss: 0.170 | Opp label coverage: 0.89
Step 4450522/5000000 | Win rate (rollout): 0.64 | Loss: 0.237 | Opp label coverage: 0.91
Step 4451034/5000000 | Win rate (rollout): 0.54 | Loss: 0.219 | Opp label coverage: 0.77
Step 4451546/5000000 | Win rate (rollout): 0.89 | Loss: 0.205 | Opp label coverage: 0.83
Step 4452058/5000000 | Win rate (rollout): 0.71 | Loss: 0.169 | Opp label coverage: 0.81
Step 4452570/5000000 | Win rate (rollout): 0.67 | Loss: 0.206 | Opp label coverage: 0.82
Step 4453085/5000000 | Win rate (rollout): 0.67 | Loss: 0.199 | Opp label coverage: 0.88
Step 4453599/5000000 | Win rate (rollout): 0.67 | Loss: 0.244 | Opp label coverage: 0.89
Step 4454114/5000000 | Win rate (rollout): 0.46 | Loss: 0.187 | Opp label coverage: 0.91
Step 4454626/5000000 | Win rate (rollout): 0.33 | Loss: 0.225 | Opp label coverage: 0.82
Step 4455138/5000000 | Win rate (rollout): 0.45 | Loss: 0.170 | Opp label coverage: 0.84
Step 4455651/5000000 | Win rate (rollout): 0.58 | Loss: 0.198 | Opp label coverage: 0.89
Step 4456163/5000000 | Win rate (rollout): 0.79 | Loss: 0.228 | Opp label coverage: 0.82
Step 4456677/5000000 | Win rate (rollout): 0.60 | Loss: 0.174 | Opp label coverage: 0.89
Step 4457189/5000000 | Win rate (rollout): 0.64 | Loss: 0.203 | Opp label coverage: 0.82
Step 4457701/5000000 | Win rate (rollout): 0.89 | Loss: 0.186 | Opp label coverage: 0.88
Step 4458214/5000000 | Win rate (rollout): 0.30 | Loss: 0.143 | Opp label coverage: 0.87
Step 4458726/5000000 | Win rate (rollout): 0.91 | Loss: 0.162 | Opp label coverage: 0.84
Step 4459244/5000000 | Win rate (rollout): 0.69 | Loss: 0.188 | Opp label coverage: 0.89
Step 4459761/5000000 | Win rate (rollout): 0.50 | Loss: 0.205 | Opp label coverage: 0.87
Step 4460280/5000000 | Win rate (rollout): 0.46 | Loss: 0.161 | Opp label coverage: 0.90
Step 4460795/5000000 | Win rate (rollout): 0.58 | Loss: 0.180 | Opp label coverage: 0.91
Step 4461307/5000000 | Win rate (rollout): 0.50 | Loss: 0.190 | Opp label coverage: 0.85
Step 4461820/5000000 | Win rate (rollout): 0.40 | Loss: 0.168 | Opp label coverage: 0.87
Step 4462336/5000000 | Win rate (rollout): 0.60 | Loss: 0.215 | Opp label coverage: 0.90
Step 4462851/5000000 | Win rate (rollout): 0.50 | Loss: 0.190 | Opp label coverage: 0.90
Step 4463365/5000000 | Win rate (rollout): 0.40 | Loss: 0.264 | Opp label coverage: 0.89
Step 4463883/5000000 | Win rate (rollout): 0.47 | Loss: 0.217 | Opp label coverage: 0.88
Step 4464395/5000000 | Win rate (rollout): 0.40 | Loss: 0.232 | Opp label coverage: 0.90
Step 4464907/5000000 | Win rate (rollout): 0.75 | Loss: 0.190 | Opp label coverage: 0.86
Step 4465424/5000000 | Win rate (rollout): 0.70 | Loss: 0.222 | Opp label coverage: 0.89
Step 4465938/5000000 | Win rate (rollout): 0.64 | Loss: 0.203 | Opp label coverage: 0.92
Step 4466451/5000000 | Win rate (rollout): 0.31 | Loss: 0.200 | Opp label coverage: 0.88
Step 4466963/5000000 | Win rate (rollout): 0.82 | Loss: 0.188 | Opp label coverage: 0.84
Step 4467475/5000000 | Win rate (rollout): 0.50 | Loss: 0.205 | Opp label coverage: 0.84
Step 4467991/5000000 | Win rate (rollout): 0.50 | Loss: 0.278 | Opp label coverage: 0.88
Step 4468507/5000000 | Win rate (rollout): 0.36 | Loss: 0.217 | Opp label coverage: 0.88
Step 4469023/5000000 | Win rate (rollout): 0.41 | Loss: 0.238 | Opp label coverage: 0.87
Step 4469541/5000000 | Win rate (rollout): 0.45 | Loss: 0.249 | Opp label coverage: 0.89
Step 4470053/5000000 | Win rate (rollout): 0.77 | Loss: 0.203 | Opp label coverage: 0.83
Step 4470565/5000000 | Win rate (rollout): 0.47 | Loss: 0.212 | Opp label coverage: 0.80
Step 4471077/5000000 | Win rate (rollout): 0.91 | Loss: 0.192 | Opp label coverage: 0.87
Step 4471592/5000000 | Win rate (rollout): 0.56 | Loss: 0.202 | Opp label coverage: 0.90
Step 4472104/5000000 | Win rate (rollout): 0.36 | Loss: 0.240 | Opp label coverage: 0.82
Step 4472616/5000000 | Win rate (rollout): 0.46 | Loss: 0.219 | Opp label coverage: 0.88
Step 4473132/5000000 | Win rate (rollout): 0.47 | Loss: 0.224 | Opp label coverage: 0.88
Step 4473650/5000000 | Win rate (rollout): 0.40 | Loss: 0.238 | Opp label coverage: 0.89
Step 4474167/5000000 | Win rate (rollout): 0.50 | Loss: 0.249 | Opp label coverage: 0.89
Step 4474679/5000000 | Win rate (rollout): 0.79 | Loss: 0.220 | Opp label coverage: 0.85
Step 4475191/5000000 | Win rate (rollout): 0.64 | Loss: 0.211 | Opp label coverage: 0.89
Step 4475703/5000000 | Win rate (rollout): 0.45 | Loss: 0.207 | Opp label coverage: 0.77
Step 4476217/5000000 | Win rate (rollout): 0.50 | Loss: 0.277 | Opp label coverage: 0.88
Step 4476733/5000000 | Win rate (rollout): 0.56 | Loss: 0.209 | Opp label coverage: 0.89
Step 4477247/5000000 | Win rate (rollout): 0.67 | Loss: 0.180 | Opp label coverage: 0.90
Step 4477763/5000000 | Win rate (rollout): 0.59 | Loss: 0.286 | Opp label coverage: 0.87
Step 4478277/5000000 | Win rate (rollout): 0.58 | Loss: 0.196 | Opp label coverage: 0.92
Step 4478789/5000000 | Win rate (rollout): 0.33 | Loss: 0.196 | Opp label coverage: 0.79
Step 4479308/5000000 | Win rate (rollout): 0.70 | Loss: 0.210 | Opp label coverage: 0.88
Step 4479822/5000000 | Win rate (rollout): 0.29 | Loss: 0.249 | Opp label coverage: 0.89
Step 4480334/5000000 | Win rate (rollout): 0.64 | Loss: 0.209 | Opp label coverage: 0.83
Step 4480846/5000000 | Win rate (rollout): 0.67 | Loss: 0.216 | Opp label coverage: 0.84
Step 4481358/5000000 | Win rate (rollout): 0.69 | Loss: 0.237 | Opp label coverage: 0.84
Step 4481871/5000000 | Win rate (rollout): 0.45 | Loss: 0.249 | Opp label coverage: 0.88
Step 4482387/5000000 | Win rate (rollout): 0.61 | Loss: 0.195 | Opp label coverage: 0.88
Step 4482901/5000000 | Win rate (rollout): 0.17 | Loss: 0.217 | Opp label coverage: 0.89
Step 4483414/5000000 | Win rate (rollout): 0.47 | Loss: 0.132 | Opp label coverage: 0.89
Step 4483929/5000000 | Win rate (rollout): 0.50 | Loss: 0.230 | Opp label coverage: 0.90
Step 4484441/5000000 | Win rate (rollout): 0.50 | Loss: 0.212 | Opp label coverage: 0.84
Step 4484957/5000000 | Win rate (rollout): 0.25 | Loss: 0.167 | Opp label coverage: 0.89
Step 4485469/5000000 | Win rate (rollout): 0.50 | Loss: 0.226 | Opp label coverage: 0.82
Step 4485985/5000000 | Win rate (rollout): 0.30 | Loss: 0.187 | Opp label coverage: 0.89
Step 4486503/5000000 | Win rate (rollout): 0.64 | Loss: 0.265 | Opp label coverage: 0.91
Step 4487015/5000000 | Win rate (rollout): 0.73 | Loss: 0.195 | Opp label coverage: 0.84
Step 4487527/5000000 | Win rate (rollout): 0.45 | Loss: 0.205 | Opp label coverage: 0.88
Step 4488042/5000000 | Win rate (rollout): 0.53 | Loss: 0.211 | Opp label coverage: 0.88
Step 4488556/5000000 | Win rate (rollout): 0.44 | Loss: 0.235 | Opp label coverage: 0.88
Step 4489075/5000000 | Win rate (rollout): 0.57 | Loss: 0.260 | Opp label coverage: 0.88
Step 4489587/5000000 | Win rate (rollout): 0.50 | Loss: 0.185 | Opp label coverage: 0.81
Step 4490099/5000000 | Win rate (rollout): 0.30 | Loss: 0.228 | Opp label coverage: 0.87
Step 4490611/5000000 | Win rate (rollout): 0.83 | Loss: 0.212 | Opp label coverage: 0.83
Step 4491123/5000000 | Win rate (rollout): 0.77 | Loss: 0.242 | Opp label coverage: 0.79
Step 4491635/5000000 | Win rate (rollout): 0.57 | Loss: 0.229 | Opp label coverage: 0.80
Step 4492147/5000000 | Win rate (rollout): 0.65 | Loss: 0.232 | Opp label coverage: 0.83
Step 4492660/5000000 | Win rate (rollout): 0.56 | Loss: 0.284 | Opp label coverage: 0.88
Step 4493172/5000000 | Win rate (rollout): 0.64 | Loss: 0.195 | Opp label coverage: 0.84
Step 4493691/5000000 | Win rate (rollout): 0.55 | Loss: 0.215 | Opp label coverage: 0.88
Step 4494210/5000000 | Win rate (rollout): 0.43 | Loss: 0.185 | Opp label coverage: 0.89
Step 4494724/5000000 | Win rate (rollout): 0.56 | Loss: 0.243 | Opp label coverage: 0.89
Step 4495236/5000000 | Win rate (rollout): 0.60 | Loss: 0.214 | Opp label coverage: 0.82
Step 4495754/5000000 | Win rate (rollout): 0.89 | Loss: 0.175 | Opp label coverage: 0.91
Step 4496268/5000000 | Win rate (rollout): 0.57 | Loss: 0.187 | Opp label coverage: 0.92
Step 4496780/5000000 | Win rate (rollout): 0.55 | Loss: 0.182 | Opp label coverage: 0.82
Step 4497295/5000000 | Win rate (rollout): 0.31 | Loss: 0.221 | Opp label coverage: 0.90
Step 4497807/5000000 | Win rate (rollout): 0.50 | Loss: 0.203 | Opp label coverage: 0.81
Step 4498319/5000000 | Win rate (rollout): 0.59 | Loss: 0.209 | Opp label coverage: 0.87
Step 4498837/5000000 | Win rate (rollout): 0.44 | Loss: 0.167 | Opp label coverage: 0.91
Step 4499349/5000000 | Win rate (rollout): 0.54 | Loss: 0.219 | Opp label coverage: 0.81
Step 4499861/5000000 | Win rate (rollout): 0.73 | Loss: 0.196 | Opp label coverage: 0.85
[checkpoint] Saved models/ppo/checkpoints/m9seed/ppo_step_4500061.pt
Step 4500373/5000000 | Win rate (rollout): 0.93 | Loss: 0.207 | Opp label coverage: 0.84
Step 4500885/5000000 | Win rate (rollout): 0.29 | Loss: 0.233 | Opp label coverage: 0.84
Step 4501400/5000000 | Win rate (rollout): 0.30 | Loss: 0.202 | Opp label coverage: 0.88
Step 4501912/5000000 | Win rate (rollout): 0.58 | Loss: 0.212 | Opp label coverage: 0.83
Step 4502430/5000000 | Win rate (rollout): 0.36 | Loss: 0.240 | Opp label coverage: 0.88
Step 4502947/5000000 | Win rate (rollout): 0.82 | Loss: 0.239 | Opp label coverage: 0.90
Step 4503461/5000000 | Win rate (rollout): 0.60 | Loss: 0.145 | Opp label coverage: 0.91
Step 4503973/5000000 | Win rate (rollout): 0.40 | Loss: 0.223 | Opp label coverage: 0.82
Step 4504488/5000000 | Win rate (rollout): 0.67 | Loss: 0.176 | Opp label coverage: 0.90
Step 4505000/5000000 | Win rate (rollout): 0.25 | Loss: 0.187 | Opp label coverage: 0.80
Step 4505512/5000000 | Win rate (rollout): 0.54 | Loss: 0.249 | Opp label coverage: 0.86
Step 4506024/5000000 | Win rate (rollout): 0.40 | Loss: 0.202 | Opp label coverage: 0.84
Step 4506539/5000000 | Win rate (rollout): 0.55 | Loss: 0.193 | Opp label coverage: 0.88
Step 4507051/5000000 | Win rate (rollout): 0.62 | Loss: 0.238 | Opp label coverage: 0.89
Step 4507568/5000000 | Win rate (rollout): 0.53 | Loss: 0.194 | Opp label coverage: 0.88
Step 4508081/5000000 | Win rate (rollout): 0.57 | Loss: 0.173 | Opp label coverage: 0.88
Step 4508593/5000000 | Win rate (rollout): 0.50 | Loss: 0.243 | Opp label coverage: 0.89
Step 4509107/5000000 | Win rate (rollout): 0.27 | Loss: 0.231 | Opp label coverage: 0.89
Step 4509619/5000000 | Win rate (rollout): 0.79 | Loss: 0.242 | Opp label coverage: 0.82
Step 4510131/5000000 | Win rate (rollout): 0.20 | Loss: 0.234 | Opp label coverage: 0.82
Step 4510643/5000000 | Win rate (rollout): 0.62 | Loss: 0.231 | Opp label coverage: 0.79
Step 4511155/5000000 | Win rate (rollout): 0.56 | Loss: 0.195 | Opp label coverage: 0.83
Step 4511667/5000000 | Win rate (rollout): 0.67 | Loss: 0.188 | Opp label coverage: 0.84
Step 4512183/5000000 | Win rate (rollout): 0.64 | Loss: 0.208 | Opp label coverage: 0.90
Step 4512695/5000000 | Win rate (rollout): 0.55 | Loss: 0.212 | Opp label coverage: 0.84
Step 4513212/5000000 | Win rate (rollout): 0.54 | Loss: 0.207 | Opp label coverage: 0.89
Step 4513727/5000000 | Win rate (rollout): 0.38 | Loss: 0.262 | Opp label coverage: 0.88
Step 4514239/5000000 | Win rate (rollout): 0.64 | Loss: 0.248 | Opp label coverage: 0.89
Step 4514751/5000000 | Win rate (rollout): 0.70 | Loss: 0.194 | Opp label coverage: 0.87
Step 4515263/5000000 | Win rate (rollout): 0.54 | Loss: 0.195 | Opp label coverage: 0.79
Step 4515777/5000000 | Win rate (rollout): 0.33 | Loss: 0.269 | Opp label coverage: 0.89
Step 4516293/5000000 | Win rate (rollout): 0.56 | Loss: 0.283 | Opp label coverage: 0.89
Step 4516805/5000000 | Win rate (rollout): 0.65 | Loss: 0.189 | Opp label coverage: 0.89
Step 4517322/5000000 | Win rate (rollout): 0.27 | Loss: 0.227 | Opp label coverage: 0.87
Step 4517834/5000000 | Win rate (rollout): 0.36 | Loss: 0.210 | Opp label coverage: 0.90
Step 4518347/5000000 | Win rate (rollout): 0.73 | Loss: 0.213 | Opp label coverage: 0.89
Step 4518864/5000000 | Win rate (rollout): 0.69 | Loss: 0.247 | Opp label coverage: 0.89
Step 4519376/5000000 | Win rate (rollout): 0.70 | Loss: 0.181 | Opp label coverage: 0.83
Step 4519890/5000000 | Win rate (rollout): 0.50 | Loss: 0.206 | Opp label coverage: 0.88
Step 4520405/5000000 | Win rate (rollout): 0.62 | Loss: 0.213 | Opp label coverage: 0.90
Step 4520917/5000000 | Win rate (rollout): 0.56 | Loss: 0.199 | Opp label coverage: 0.87
Step 4521430/5000000 | Win rate (rollout): 0.64 | Loss: 0.293 | Opp label coverage: 0.90
Step 4521944/5000000 | Win rate (rollout): 0.56 | Loss: 0.177 | Opp label coverage: 0.88
Step 4522459/5000000 | Win rate (rollout): 0.50 | Loss: 0.193 | Opp label coverage: 0.90
Step 4522971/5000000 | Win rate (rollout): 0.57 | Loss: 0.209 | Opp label coverage: 0.79
Step 4523483/5000000 | Win rate (rollout): 0.53 | Loss: 0.193 | Opp label coverage: 0.80
Step 4523997/5000000 | Win rate (rollout): 0.90 | Loss: 0.172 | Opp label coverage: 0.90
Step 4524514/5000000 | Win rate (rollout): 0.64 | Loss: 0.193 | Opp label coverage: 0.90
Step 4525026/5000000 | Win rate (rollout): 0.47 | Loss: 0.199 | Opp label coverage: 0.85
Step 4525538/5000000 | Win rate (rollout): 0.79 | Loss: 0.205 | Opp label coverage: 0.79
Step 4526050/5000000 | Win rate (rollout): 0.58 | Loss: 0.173 | Opp label coverage: 0.80
Step 4526562/5000000 | Win rate (rollout): 0.64 | Loss: 0.218 | Opp label coverage: 0.81
Step 4527075/5000000 | Win rate (rollout): 0.36 | Loss: 0.200 | Opp label coverage: 0.86
Step 4527588/5000000 | Win rate (rollout): 0.60 | Loss: 0.266 | Opp label coverage: 0.90
Step 4528100/5000000 | Win rate (rollout): 0.71 | Loss: 0.207 | Opp label coverage: 0.83
Step 4528612/5000000 | Win rate (rollout): 0.73 | Loss: 0.203 | Opp label coverage: 0.84
Step 4529124/5000000 | Win rate (rollout): 0.77 | Loss: 0.171 | Opp label coverage: 0.82
Step 4529636/5000000 | Win rate (rollout): 0.46 | Loss: 0.226 | Opp label coverage: 0.82
Step 4530150/5000000 | Win rate (rollout): 0.50 | Loss: 0.169 | Opp label coverage: 0.89
Step 4530662/5000000 | Win rate (rollout): 0.92 | Loss: 0.200 | Opp label coverage: 0.85
Step 4531179/5000000 | Win rate (rollout): 0.40 | Loss: 0.251 | Opp label coverage: 0.88
Step 4531692/5000000 | Win rate (rollout): 0.39 | Loss: 0.213 | Opp label coverage: 0.88
Step 4532204/5000000 | Win rate (rollout): 0.60 | Loss: 0.190 | Opp label coverage: 0.81
Step 4532716/5000000 | Win rate (rollout): 0.76 | Loss: 0.180 | Opp label coverage: 0.83
Step 4533229/5000000 | Win rate (rollout): 0.60 | Loss: 0.226 | Opp label coverage: 0.88
Step 4533741/5000000 | Win rate (rollout): 0.58 | Loss: 0.187 | Opp label coverage: 0.84
Step 4534253/5000000 | Win rate (rollout): 0.57 | Loss: 0.196 | Opp label coverage: 0.84
Step 4534768/5000000 | Win rate (rollout): 0.42 | Loss: 0.261 | Opp label coverage: 0.87
Step 4535280/5000000 | Win rate (rollout): 0.64 | Loss: 0.204 | Opp label coverage: 0.81
Step 4535792/5000000 | Win rate (rollout): 0.56 | Loss: 0.209 | Opp label coverage: 0.87
Step 4536304/5000000 | Win rate (rollout): 0.76 | Loss: 0.199 | Opp label coverage: 0.79
Step 4536816/5000000 | Win rate (rollout): 0.53 | Loss: 0.216 | Opp label coverage: 0.84
Step 4537331/5000000 | Win rate (rollout): 0.36 | Loss: 0.238 | Opp label coverage: 0.89
Step 4537843/5000000 | Win rate (rollout): 0.50 | Loss: 0.202 | Opp label coverage: 0.82
Step 4538358/5000000 | Win rate (rollout): 0.54 | Loss: 0.278 | Opp label coverage: 0.88
Step 4538870/5000000 | Win rate (rollout): 0.60 | Loss: 0.187 | Opp label coverage: 0.85
Step 4539382/5000000 | Win rate (rollout): 0.55 | Loss: 0.198 | Opp label coverage: 0.82
Step 4539894/5000000 | Win rate (rollout): 0.75 | Loss: 0.223 | Opp label coverage: 0.83
Step 4540406/5000000 | Win rate (rollout): 0.90 | Loss: 0.212 | Opp label coverage: 0.85
Step 4540923/5000000 | Win rate (rollout): 0.67 | Loss: 0.240 | Opp label coverage: 0.90
Step 4541437/5000000 | Win rate (rollout): 0.44 | Loss: 0.252 | Opp label coverage: 0.89
Step 4541953/5000000 | Win rate (rollout): 0.56 | Loss: 0.199 | Opp label coverage: 0.90
Step 4542470/5000000 | Win rate (rollout): 0.60 | Loss: 0.244 | Opp label coverage: 0.89
Step 4542982/5000000 | Win rate (rollout): 0.70 | Loss: 0.195 | Opp label coverage: 0.80
Step 4543495/5000000 | Win rate (rollout): 0.50 | Loss: 0.203 | Opp label coverage: 0.88
Step 4544007/5000000 | Win rate (rollout): 0.80 | Loss: 0.217 | Opp label coverage: 0.82
Step 4544521/5000000 | Win rate (rollout): 0.22 | Loss: 0.296 | Opp label coverage: 0.88
Step 4545039/5000000 | Win rate (rollout): 0.40 | Loss: 0.203 | Opp label coverage: 0.87
Step 4545551/5000000 | Win rate (rollout): 0.57 | Loss: 0.224 | Opp label coverage: 0.82
Step 4546063/5000000 | Win rate (rollout): 0.47 | Loss: 0.227 | Opp label coverage: 0.83
Step 4546575/5000000 | Win rate (rollout): 0.67 | Loss: 0.217 | Opp label coverage: 0.88
Step 4547087/5000000 | Win rate (rollout): 0.56 | Loss: 0.230 | Opp label coverage: 0.84
Step 4547603/5000000 | Win rate (rollout): 0.54 | Loss: 0.200 | Opp label coverage: 0.87
Step 4548120/5000000 | Win rate (rollout): 0.80 | Loss: 0.272 | Opp label coverage: 0.91
Step 4548632/5000000 | Win rate (rollout): 0.79 | Loss: 0.194 | Opp label coverage: 0.82
Step 4549144/5000000 | Win rate (rollout): 0.54 | Loss: 0.206 | Opp label coverage: 0.82
Step 4549663/5000000 | Win rate (rollout): 0.40 | Loss: 0.205 | Opp label coverage: 0.88
Step 4550175/5000000 | Win rate (rollout): 0.90 | Loss: 0.193 | Opp label coverage: 0.83
Step 4550687/5000000 | Win rate (rollout): 0.43 | Loss: 0.228 | Opp label coverage: 0.84
Step 4551199/5000000 | Win rate (rollout): 0.53 | Loss: 0.220 | Opp label coverage: 0.80
Step 4551711/5000000 | Win rate (rollout): 0.60 | Loss: 0.211 | Opp label coverage: 0.87
Step 4552223/5000000 | Win rate (rollout): 0.50 | Loss: 0.224 | Opp label coverage: 0.82
Step 4552738/5000000 | Win rate (rollout): 0.55 | Loss: 0.251 | Opp label coverage: 0.89
Step 4553250/5000000 | Win rate (rollout): 0.50 | Loss: 0.211 | Opp label coverage: 0.85
Step 4553763/5000000 | Win rate (rollout): 0.31 | Loss: 0.225 | Opp label coverage: 0.87
Step 4554275/5000000 | Win rate (rollout): 0.50 | Loss: 0.230 | Opp label coverage: 0.88
Step 4554787/5000000 | Win rate (rollout): 0.80 | Loss: 0.225 | Opp label coverage: 0.84
Step 4555299/5000000 | Win rate (rollout): 0.69 | Loss: 0.214 | Opp label coverage: 0.77
Step 4555817/5000000 | Win rate (rollout): 0.44 | Loss: 0.191 | Opp label coverage: 0.89
Step 4556334/5000000 | Win rate (rollout): 0.41 | Loss: 0.244 | Opp label coverage: 0.89
Step 4556846/5000000 | Win rate (rollout): 0.75 | Loss: 0.192 | Opp label coverage: 0.83
Step 4557358/5000000 | Win rate (rollout): 0.60 | Loss: 0.197 | Opp label coverage: 0.84
Step 4557877/5000000 | Win rate (rollout): 0.58 | Loss: 0.218 | Opp label coverage: 0.88
Step 4558393/5000000 | Win rate (rollout): 0.36 | Loss: 0.215 | Opp label coverage: 0.91
Step 4558905/5000000 | Win rate (rollout): 0.71 | Loss: 0.214 | Opp label coverage: 0.80
Step 4559417/5000000 | Win rate (rollout): 0.56 | Loss: 0.167 | Opp label coverage: 0.85
Step 4559929/5000000 | Win rate (rollout): 0.46 | Loss: 0.213 | Opp label coverage: 0.79
Step 4560447/5000000 | Win rate (rollout): 0.40 | Loss: 0.199 | Opp label coverage: 0.88
Step 4560960/5000000 | Win rate (rollout): 0.76 | Loss: 0.278 | Opp label coverage: 0.89
Step 4561472/5000000 | Win rate (rollout): 0.60 | Loss: 0.208 | Opp label coverage: 0.85
Step 4561984/5000000 | Win rate (rollout): 0.40 | Loss: 0.206 | Opp label coverage: 0.83
Step 4562501/5000000 | Win rate (rollout): 0.36 | Loss: 0.197 | Opp label coverage: 0.88
Step 4563013/5000000 | Win rate (rollout): 0.83 | Loss: 0.212 | Opp label coverage: 0.78
Step 4563525/5000000 | Win rate (rollout): 0.80 | Loss: 0.196 | Opp label coverage: 0.82
Step 4564037/5000000 | Win rate (rollout): 0.64 | Loss: 0.189 | Opp label coverage: 0.78
Step 4564549/5000000 | Win rate (rollout): 0.64 | Loss: 0.225 | Opp label coverage: 0.82
Step 4565068/5000000 | Win rate (rollout): 0.22 | Loss: 0.242 | Opp label coverage: 0.88
Step 4565580/5000000 | Win rate (rollout): 0.50 | Loss: 0.199 | Opp label coverage: 0.83
Step 4566093/5000000 | Win rate (rollout): 0.40 | Loss: 0.294 | Opp label coverage: 0.87
Step 4566608/5000000 | Win rate (rollout): 0.62 | Loss: 0.260 | Opp label coverage: 0.90
Step 4567123/5000000 | Win rate (rollout): 0.65 | Loss: 0.255 | Opp label coverage: 0.89
Step 4567637/5000000 | Win rate (rollout): 0.64 | Loss: 0.199 | Opp label coverage: 0.88
Step 4568150/5000000 | Win rate (rollout): 0.53 | Loss: 0.231 | Opp label coverage: 0.90
Step 4568664/5000000 | Win rate (rollout): 0.75 | Loss: 0.206 | Opp label coverage: 0.91
Step 4569176/5000000 | Win rate (rollout): 0.58 | Loss: 0.220 | Opp label coverage: 0.84
Step 4569689/5000000 | Win rate (rollout): 0.60 | Loss: 0.203 | Opp label coverage: 0.91
Step 4570201/5000000 | Win rate (rollout): 0.50 | Loss: 0.217 | Opp label coverage: 0.80
Step 4570713/5000000 | Win rate (rollout): 0.43 | Loss: 0.215 | Opp label coverage: 0.83
Step 4571225/5000000 | Win rate (rollout): 0.73 | Loss: 0.203 | Opp label coverage: 0.84
Step 4571738/5000000 | Win rate (rollout): 0.56 | Loss: 0.199 | Opp label coverage: 0.91
Step 4572255/5000000 | Win rate (rollout): 0.86 | Loss: 0.217 | Opp label coverage: 0.91
Step 4572769/5000000 | Win rate (rollout): 0.50 | Loss: 0.199 | Opp label coverage: 0.92
Step 4573281/5000000 | Win rate (rollout): 0.50 | Loss: 0.223 | Opp label coverage: 0.79
Step 4573793/5000000 | Win rate (rollout): 0.60 | Loss: 0.161 | Opp label coverage: 0.80
Step 4574311/5000000 | Win rate (rollout): 0.46 | Loss: 0.224 | Opp label coverage: 0.87
Step 4574827/5000000 | Win rate (rollout): 0.50 | Loss: 0.251 | Opp label coverage: 0.89
Step 4575339/5000000 | Win rate (rollout): 0.75 | Loss: 0.192 | Opp label coverage: 0.85
Step 4575851/5000000 | Win rate (rollout): 0.58 | Loss: 0.199 | Opp label coverage: 0.78
Step 4576363/5000000 | Win rate (rollout): 0.50 | Loss: 0.182 | Opp label coverage: 0.80
Step 4576875/5000000 | Win rate (rollout): 0.80 | Loss: 0.204 | Opp label coverage: 0.82
Step 4577387/5000000 | Win rate (rollout): 0.64 | Loss: 0.213 | Opp label coverage: 0.86
Step 4577903/5000000 | Win rate (rollout): 0.57 | Loss: 0.210 | Opp label coverage: 0.88
Step 4578415/5000000 | Win rate (rollout): 0.91 | Loss: 0.179 | Opp label coverage: 0.85
Step 4578930/5000000 | Win rate (rollout): 0.46 | Loss: 0.217 | Opp label coverage: 0.89
Step 4579442/5000000 | Win rate (rollout): 0.58 | Loss: 0.199 | Opp label coverage: 0.89
Step 4579954/5000000 | Win rate (rollout): 0.42 | Loss: 0.234 | Opp label coverage: 0.82
Step 4580466/5000000 | Win rate (rollout): 0.53 | Loss: 0.209 | Opp label coverage: 0.81
Step 4580978/5000000 | Win rate (rollout): 0.64 | Loss: 0.186 | Opp label coverage: 0.80
Step 4581490/5000000 | Win rate (rollout): 0.69 | Loss: 0.245 | Opp label coverage: 0.90
Step 4582002/5000000 | Win rate (rollout): 0.62 | Loss: 0.174 | Opp label coverage: 0.82
Step 4582518/5000000 | Win rate (rollout): 0.60 | Loss: 0.143 | Opp label coverage: 0.90
Step 4583030/5000000 | Win rate (rollout): 0.57 | Loss: 0.202 | Opp label coverage: 0.86
Step 4583542/5000000 | Win rate (rollout): 0.55 | Loss: 0.188 | Opp label coverage: 0.81
Step 4584054/5000000 | Win rate (rollout): 0.42 | Loss: 0.238 | Opp label coverage: 0.88
Step 4584566/5000000 | Win rate (rollout): 0.77 | Loss: 0.185 | Opp label coverage: 0.81
Step 4585081/5000000 | Win rate (rollout): 0.80 | Loss: 0.317 | Opp label coverage: 0.90
Step 4585593/5000000 | Win rate (rollout): 0.64 | Loss: 0.224 | Opp label coverage: 0.90
Step 4586106/5000000 | Win rate (rollout): 0.53 | Loss: 0.284 | Opp label coverage: 0.89
Step 4586618/5000000 | Win rate (rollout): 0.73 | Loss: 0.194 | Opp label coverage: 0.84
Step 4587135/5000000 | Win rate (rollout): 0.71 | Loss: 0.235 | Opp label coverage: 0.90
Step 4587647/5000000 | Win rate (rollout): 0.75 | Loss: 0.190 | Opp label coverage: 0.85
Step 4588163/5000000 | Win rate (rollout): 0.50 | Loss: 0.125 | Opp label coverage: 0.91
Step 4588680/5000000 | Win rate (rollout): 0.33 | Loss: 0.203 | Opp label coverage: 0.86
Step 4589194/5000000 | Win rate (rollout): 0.43 | Loss: 0.219 | Opp label coverage: 0.89
Step 4589706/5000000 | Win rate (rollout): 0.64 | Loss: 0.204 | Opp label coverage: 0.83
Step 4590218/5000000 | Win rate (rollout): 0.64 | Loss: 0.201 | Opp label coverage: 0.82
Step 4590730/5000000 | Win rate (rollout): 0.63 | Loss: 0.223 | Opp label coverage: 0.81
Step 4591248/5000000 | Win rate (rollout): 0.33 | Loss: 0.241 | Opp label coverage: 0.89
Step 4591760/5000000 | Win rate (rollout): 0.43 | Loss: 0.252 | Opp label coverage: 0.87
Step 4592272/5000000 | Win rate (rollout): 0.89 | Loss: 0.185 | Opp label coverage: 0.85
Step 4592784/5000000 | Win rate (rollout): 0.67 | Loss: 0.190 | Opp label coverage: 0.80
Step 4593296/5000000 | Win rate (rollout): 0.46 | Loss: 0.225 | Opp label coverage: 0.88
Step 4593808/5000000 | Win rate (rollout): 0.86 | Loss: 0.170 | Opp label coverage: 0.81
Step 4594325/5000000 | Win rate (rollout): 0.55 | Loss: 0.209 | Opp label coverage: 0.87
Step 4594842/5000000 | Win rate (rollout): 0.21 | Loss: 0.210 | Opp label coverage: 0.88
Step 4595358/5000000 | Win rate (rollout): 0.64 | Loss: 0.307 | Opp label coverage: 0.88
Step 4595872/5000000 | Win rate (rollout): 0.39 | Loss: 0.260 | Opp label coverage: 0.86
Step 4596386/5000000 | Win rate (rollout): 0.54 | Loss: 0.156 | Opp label coverage: 0.90
Step 4596898/5000000 | Win rate (rollout): 0.50 | Loss: 0.198 | Opp label coverage: 0.82
Step 4597410/5000000 | Win rate (rollout): 0.53 | Loss: 0.210 | Opp label coverage: 0.80
Step 4597922/5000000 | Win rate (rollout): 0.56 | Loss: 0.213 | Opp label coverage: 0.78
Step 4598434/5000000 | Win rate (rollout): 0.86 | Loss: 0.199 | Opp label coverage: 0.86
Step 4598951/5000000 | Win rate (rollout): 0.30 | Loss: 0.188 | Opp label coverage: 0.88
Step 4599463/5000000 | Win rate (rollout): 0.38 | Loss: 0.245 | Opp label coverage: 0.88
Step 4599975/5000000 | Win rate (rollout): 0.60 | Loss: 0.221 | Opp label coverage: 0.84
Step 4600490/5000000 | Win rate (rollout): 0.50 | Loss: 0.158 | Opp label coverage: 0.87
Step 4601003/5000000 | Win rate (rollout): 0.55 | Loss: 0.245 | Opp label coverage: 0.92
Step 4601515/5000000 | Win rate (rollout): 0.62 | Loss: 0.187 | Opp label coverage: 0.86
Step 4602027/5000000 | Win rate (rollout): 0.64 | Loss: 0.180 | Opp label coverage: 0.85
Step 4602544/5000000 | Win rate (rollout): 0.36 | Loss: 0.212 | Opp label coverage: 0.87
Step 4603056/5000000 | Win rate (rollout): 0.36 | Loss: 0.226 | Opp label coverage: 0.84
Step 4603568/5000000 | Win rate (rollout): 0.75 | Loss: 0.252 | Opp label coverage: 0.89
Step 4604084/5000000 | Win rate (rollout): 0.57 | Loss: 0.213 | Opp label coverage: 0.89
Step 4604596/5000000 | Win rate (rollout): 0.56 | Loss: 0.185 | Opp label coverage: 0.83
Step 4605108/5000000 | Win rate (rollout): 0.67 | Loss: 0.242 | Opp label coverage: 0.84
Step 4605622/5000000 | Win rate (rollout): 0.42 | Loss: 0.224 | Opp label coverage: 0.90
Step 4606134/5000000 | Win rate (rollout): 0.45 | Loss: 0.199 | Opp label coverage: 0.76
Step 4606646/5000000 | Win rate (rollout): 0.89 | Loss: 0.180 | Opp label coverage: 0.84
Step 4607161/5000000 | Win rate (rollout): 0.70 | Loss: 0.225 | Opp label coverage: 0.90
Step 4607673/5000000 | Win rate (rollout): 0.56 | Loss: 0.204 | Opp label coverage: 0.84
Step 4608190/5000000 | Win rate (rollout): 0.33 | Loss: 0.188 | Opp label coverage: 0.88
Step 4608703/5000000 | Win rate (rollout): 0.29 | Loss: 0.197 | Opp label coverage: 0.86
Step 4609215/5000000 | Win rate (rollout): 0.29 | Loss: 0.210 | Opp label coverage: 0.83
Step 4609727/5000000 | Win rate (rollout): 0.62 | Loss: 0.236 | Opp label coverage: 0.85
Step 4610246/5000000 | Win rate (rollout): 0.67 | Loss: 0.267 | Opp label coverage: 0.91
Step 4610758/5000000 | Win rate (rollout): 0.29 | Loss: 0.192 | Opp label coverage: 0.80
Step 4611270/5000000 | Win rate (rollout): 0.53 | Loss: 0.240 | Opp label coverage: 0.80
Step 4611782/5000000 | Win rate (rollout): 0.60 | Loss: 0.196 | Opp label coverage: 0.85
Step 4612294/5000000 | Win rate (rollout): 0.62 | Loss: 0.226 | Opp label coverage: 0.84
Step 4612813/5000000 | Win rate (rollout): 0.44 | Loss: 0.224 | Opp label coverage: 0.90
Step 4613325/5000000 | Win rate (rollout): 0.86 | Loss: 0.195 | Opp label coverage: 0.84
Step 4613840/5000000 | Win rate (rollout): 0.45 | Loss: 0.253 | Opp label coverage: 0.88
Step 4614352/5000000 | Win rate (rollout): 0.62 | Loss: 0.188 | Opp label coverage: 0.82
Step 4614864/5000000 | Win rate (rollout): 0.67 | Loss: 0.210 | Opp label coverage: 0.84
Step 4615376/5000000 | Win rate (rollout): 0.64 | Loss: 0.206 | Opp label coverage: 0.81
Step 4615888/5000000 | Win rate (rollout): 0.36 | Loss: 0.193 | Opp label coverage: 0.85
Step 4616400/5000000 | Win rate (rollout): 0.58 | Loss: 0.210 | Opp label coverage: 0.81
Step 4616915/5000000 | Win rate (rollout): 0.67 | Loss: 0.256 | Opp label coverage: 0.90
Step 4617428/5000000 | Win rate (rollout): 0.50 | Loss: 0.293 | Opp label coverage: 0.89
Step 4617940/5000000 | Win rate (rollout): 0.54 | Loss: 0.196 | Opp label coverage: 0.81
Step 4618452/5000000 | Win rate (rollout): 0.75 | Loss: 0.222 | Opp label coverage: 0.85
Step 4618964/5000000 | Win rate (rollout): 0.50 | Loss: 0.196 | Opp label coverage: 0.84
Step 4619478/5000000 | Win rate (rollout): 0.58 | Loss: 0.238 | Opp label coverage: 0.89
Step 4619993/5000000 | Win rate (rollout): 0.33 | Loss: 0.225 | Opp label coverage: 0.88
Step 4620510/5000000 | Win rate (rollout): 0.62 | Loss: 0.255 | Opp label coverage: 0.90
Step 4621027/5000000 | Win rate (rollout): 0.56 | Loss: 0.156 | Opp label coverage: 0.87
Step 4621539/5000000 | Win rate (rollout): 0.42 | Loss: 0.215 | Opp label coverage: 0.84
Step 4622051/5000000 | Win rate (rollout): 0.67 | Loss: 0.208 | Opp label coverage: 0.82
Step 4622566/5000000 | Win rate (rollout): 0.69 | Loss: 0.247 | Opp label coverage: 0.89
Step 4623085/5000000 | Win rate (rollout): 0.73 | Loss: 0.246 | Opp label coverage: 0.87
Step 4623597/5000000 | Win rate (rollout): 0.83 | Loss: 0.176 | Opp label coverage: 0.83
Step 4624111/5000000 | Win rate (rollout): 0.55 | Loss: 0.164 | Opp label coverage: 0.90
Step 4624629/5000000 | Win rate (rollout): 0.21 | Loss: 0.227 | Opp label coverage: 0.88
Step 4625141/5000000 | Win rate (rollout): 0.78 | Loss: 0.209 | Opp label coverage: 0.85
Step 4625653/5000000 | Win rate (rollout): 0.60 | Loss: 0.211 | Opp label coverage: 0.81
Step 4626170/5000000 | Win rate (rollout): 0.42 | Loss: 0.224 | Opp label coverage: 0.88
Step 4626686/5000000 | Win rate (rollout): 0.69 | Loss: 0.281 | Opp label coverage: 0.88
Step 4627198/5000000 | Win rate (rollout): 0.71 | Loss: 0.180 | Opp label coverage: 0.80
Step 4627715/5000000 | Win rate (rollout): 0.55 | Loss: 0.247 | Opp label coverage: 0.90
Step 4628228/5000000 | Win rate (rollout): 0.50 | Loss: 0.161 | Opp label coverage: 0.89
Step 4628740/5000000 | Win rate (rollout): 0.42 | Loss: 0.256 | Opp label coverage: 0.79
Step 4629252/5000000 | Win rate (rollout): 0.58 | Loss: 0.194 | Opp label coverage: 0.85
Step 4629767/5000000 | Win rate (rollout): 0.45 | Loss: 0.200 | Opp label coverage: 0.88
Step 4630279/5000000 | Win rate (rollout): 0.90 | Loss: 0.193 | Opp label coverage: 0.83
Step 4630791/5000000 | Win rate (rollout): 0.73 | Loss: 0.223 | Opp label coverage: 0.84
Step 4631303/5000000 | Win rate (rollout): 0.62 | Loss: 0.238 | Opp label coverage: 0.89
Step 4631821/5000000 | Win rate (rollout): 0.44 | Loss: 0.237 | Opp label coverage: 0.88
Step 4632338/5000000 | Win rate (rollout): 0.46 | Loss: 0.271 | Opp label coverage: 0.87
Step 4632850/5000000 | Win rate (rollout): 0.69 | Loss: 0.201 | Opp label coverage: 0.81
Step 4633368/5000000 | Win rate (rollout): 0.31 | Loss: 0.242 | Opp label coverage: 0.87
Step 4633880/5000000 | Win rate (rollout): 0.29 | Loss: 0.226 | Opp label coverage: 0.88
Step 4634392/5000000 | Win rate (rollout): 0.75 | Loss: 0.227 | Opp label coverage: 0.86
Step 4634911/5000000 | Win rate (rollout): 0.58 | Loss: 0.229 | Opp label coverage: 0.87
Step 4635426/5000000 | Win rate (rollout): 0.50 | Loss: 0.249 | Opp label coverage: 0.90
Step 4635938/5000000 | Win rate (rollout): 0.71 | Loss: 0.231 | Opp label coverage: 0.90
Step 4636450/5000000 | Win rate (rollout): 0.62 | Loss: 0.228 | Opp label coverage: 0.84
Step 4636963/5000000 | Win rate (rollout): 0.33 | Loss: 0.254 | Opp label coverage: 0.86
Step 4637475/5000000 | Win rate (rollout): 0.56 | Loss: 0.197 | Opp label coverage: 0.87
Step 4637990/5000000 | Win rate (rollout): 0.58 | Loss: 0.152 | Opp label coverage: 0.88
Step 4638505/5000000 | Win rate (rollout): 0.53 | Loss: 0.284 | Opp label coverage: 0.88
Step 4639018/5000000 | Win rate (rollout): 0.59 | Loss: 0.179 | Opp label coverage: 0.88
Step 4639530/5000000 | Win rate (rollout): 0.43 | Loss: 0.181 | Opp label coverage: 0.84
Step 4640042/5000000 | Win rate (rollout): 0.77 | Loss: 0.223 | Opp label coverage: 0.89
Step 4640554/5000000 | Win rate (rollout): 0.33 | Loss: 0.240 | Opp label coverage: 0.89
Step 4641067/5000000 | Win rate (rollout): 0.38 | Loss: 0.217 | Opp label coverage: 0.87
Step 4641579/5000000 | Win rate (rollout): 1.00 | Loss: 0.213 | Opp label coverage: 0.85
Step 4642091/5000000 | Win rate (rollout): 0.33 | Loss: 0.230 | Opp label coverage: 0.89
Step 4642607/5000000 | Win rate (rollout): 0.47 | Loss: 0.207 | Opp label coverage: 0.89
Step 4643119/5000000 | Win rate (rollout): 0.80 | Loss: 0.206 | Opp label coverage: 0.88
Step 4643634/5000000 | Win rate (rollout): 0.36 | Loss: 0.186 | Opp label coverage: 0.90
Step 4644146/5000000 | Win rate (rollout): 0.62 | Loss: 0.219 | Opp label coverage: 0.85
Step 4644658/5000000 | Win rate (rollout): 0.56 | Loss: 0.207 | Opp label coverage: 0.84
Step 4645170/5000000 | Win rate (rollout): 0.53 | Loss: 0.202 | Opp label coverage: 0.82
Step 4645682/5000000 | Win rate (rollout): 0.73 | Loss: 0.191 | Opp label coverage: 0.77
Step 4646199/5000000 | Win rate (rollout): 0.45 | Loss: 0.212 | Opp label coverage: 0.87
Step 4646711/5000000 | Win rate (rollout): 0.60 | Loss: 0.193 | Opp label coverage: 0.78
Step 4647225/5000000 | Win rate (rollout): 0.67 | Loss: 0.239 | Opp label coverage: 0.89
Step 4647737/5000000 | Win rate (rollout): 0.56 | Loss: 0.229 | Opp label coverage: 0.90
Step 4648249/5000000 | Win rate (rollout): 0.86 | Loss: 0.174 | Opp label coverage: 0.86
Step 4648761/5000000 | Win rate (rollout): 0.50 | Loss: 0.218 | Opp label coverage: 0.82
Step 4649273/5000000 | Win rate (rollout): 0.47 | Loss: 0.231 | Opp label coverage: 0.78
Step 4649785/5000000 | Win rate (rollout): 0.40 | Loss: 0.212 | Opp label coverage: 0.82
Step 4650297/5000000 | Win rate (rollout): 0.82 | Loss: 0.181 | Opp label coverage: 0.86
Step 4650809/5000000 | Win rate (rollout): 0.42 | Loss: 0.219 | Opp label coverage: 0.84
Step 4651327/5000000 | Win rate (rollout): 0.25 | Loss: 0.234 | Opp label coverage: 0.88
Step 4651842/5000000 | Win rate (rollout): 0.53 | Loss: 0.170 | Opp label coverage: 0.89
Step 4652354/5000000 | Win rate (rollout): 0.43 | Loss: 0.189 | Opp label coverage: 0.82
Step 4652866/5000000 | Win rate (rollout): 0.73 | Loss: 0.221 | Opp label coverage: 0.80
Step 4653378/5000000 | Win rate (rollout): 0.42 | Loss: 0.246 | Opp label coverage: 0.87
Step 4653893/5000000 | Win rate (rollout): 0.25 | Loss: 0.160 | Opp label coverage: 0.89
Step 4654405/5000000 | Win rate (rollout): 0.82 | Loss: 0.188 | Opp label coverage: 0.82
Step 4654924/5000000 | Win rate (rollout): 0.40 | Loss: 0.225 | Opp label coverage: 0.89
Step 4655436/5000000 | Win rate (rollout): 0.67 | Loss: 0.209 | Opp label coverage: 0.85
Step 4655948/5000000 | Win rate (rollout): 0.77 | Loss: 0.172 | Opp label coverage: 0.85
Step 4656461/5000000 | Win rate (rollout): 0.43 | Loss: 0.190 | Opp label coverage: 0.87
Step 4656973/5000000 | Win rate (rollout): 0.60 | Loss: 0.205 | Opp label coverage: 0.82
Step 4657485/5000000 | Win rate (rollout): 0.71 | Loss: 0.198 | Opp label coverage: 0.79
Step 4657998/5000000 | Win rate (rollout): 0.44 | Loss: 0.146 | Opp label coverage: 0.89
Step 4658513/5000000 | Win rate (rollout): 0.38 | Loss: 0.230 | Opp label coverage: 0.88
Step 4659028/5000000 | Win rate (rollout): 0.25 | Loss: 0.200 | Opp label coverage: 0.87
Step 4659540/5000000 | Win rate (rollout): 0.83 | Loss: 0.226 | Opp label coverage: 0.85
Step 4660054/5000000 | Win rate (rollout): 0.25 | Loss: 0.199 | Opp label coverage: 0.90
Step 4660566/5000000 | Win rate (rollout): 0.47 | Loss: 0.242 | Opp label coverage: 0.90
Step 4661079/5000000 | Win rate (rollout): 0.40 | Loss: 0.123 | Opp label coverage: 0.88
Step 4661591/5000000 | Win rate (rollout): 0.62 | Loss: 0.235 | Opp label coverage: 0.82
Step 4662105/5000000 | Win rate (rollout): 0.27 | Loss: 0.232 | Opp label coverage: 0.87
Step 4662623/5000000 | Win rate (rollout): 0.60 | Loss: 0.227 | Opp label coverage: 0.90
Step 4663135/5000000 | Win rate (rollout): 0.91 | Loss: 0.176 | Opp label coverage: 0.82
Step 4663650/5000000 | Win rate (rollout): 0.42 | Loss: 0.180 | Opp label coverage: 0.87
Step 4664162/5000000 | Win rate (rollout): 0.91 | Loss: 0.173 | Opp label coverage: 0.81
Step 4664680/5000000 | Win rate (rollout): 0.42 | Loss: 0.234 | Opp label coverage: 0.89
Step 4665193/5000000 | Win rate (rollout): 0.77 | Loss: 0.212 | Opp label coverage: 0.89
Step 4665705/5000000 | Win rate (rollout): 0.73 | Loss: 0.223 | Opp label coverage: 0.79
Step 4666217/5000000 | Win rate (rollout): 0.71 | Loss: 0.202 | Opp label coverage: 0.84
Step 4666735/5000000 | Win rate (rollout): 0.15 | Loss: 0.248 | Opp label coverage: 0.89
Step 4667247/5000000 | Win rate (rollout): 0.23 | Loss: 0.204 | Opp label coverage: 0.84
Step 4667759/5000000 | Win rate (rollout): 0.41 | Loss: 0.202 | Opp label coverage: 0.84
Step 4668272/5000000 | Win rate (rollout): 0.54 | Loss: 0.255 | Opp label coverage: 0.88
Step 4668784/5000000 | Win rate (rollout): 0.38 | Loss: 0.199 | Opp label coverage: 0.78
Step 4669302/5000000 | Win rate (rollout): 0.69 | Loss: 0.225 | Opp label coverage: 0.88
Step 4669816/5000000 | Win rate (rollout): 0.81 | Loss: 0.354 | Opp label coverage: 0.88
Step 4670328/5000000 | Win rate (rollout): 0.80 | Loss: 0.176 | Opp label coverage: 0.86
Step 4670840/5000000 | Win rate (rollout): 0.58 | Loss: 0.205 | Opp label coverage: 0.78
Step 4671352/5000000 | Win rate (rollout): 0.64 | Loss: 0.178 | Opp label coverage: 0.80
Step 4671869/5000000 | Win rate (rollout): 0.64 | Loss: 0.215 | Opp label coverage: 0.89
Step 4672383/5000000 | Win rate (rollout): 0.50 | Loss: 0.197 | Opp label coverage: 0.87
Step 4672895/5000000 | Win rate (rollout): 0.44 | Loss: 0.238 | Opp label coverage: 0.85
Step 4673411/5000000 | Win rate (rollout): 0.31 | Loss: 0.211 | Opp label coverage: 0.88
Step 4673923/5000000 | Win rate (rollout): 0.42 | Loss: 0.170 | Opp label coverage: 0.83
Step 4674435/5000000 | Win rate (rollout): 0.47 | Loss: 0.208 | Opp label coverage: 0.81
Step 4674948/5000000 | Win rate (rollout): 0.38 | Loss: 0.292 | Opp label coverage: 0.88
Step 4675462/5000000 | Win rate (rollout): 0.67 | Loss: 0.177 | Opp label coverage: 0.90
Step 4675977/5000000 | Win rate (rollout): 0.50 | Loss: 0.207 | Opp label coverage: 0.89
Step 4676490/5000000 | Win rate (rollout): 0.57 | Loss: 0.236 | Opp label coverage: 0.91
Step 4677002/5000000 | Win rate (rollout): 0.57 | Loss: 0.229 | Opp label coverage: 0.78
Step 4677520/5000000 | Win rate (rollout): 0.70 | Loss: 0.190 | Opp label coverage: 0.88
Step 4678035/5000000 | Win rate (rollout): 0.53 | Loss: 0.252 | Opp label coverage: 0.88
Step 4678552/5000000 | Win rate (rollout): 0.60 | Loss: 0.228 | Opp label coverage: 0.91
Step 4679064/5000000 | Win rate (rollout): 0.53 | Loss: 0.249 | Opp label coverage: 0.83
Step 4679576/5000000 | Win rate (rollout): 0.79 | Loss: 0.232 | Opp label coverage: 0.80
Step 4680088/5000000 | Win rate (rollout): 0.41 | Loss: 0.201 | Opp label coverage: 0.82
Step 4680600/5000000 | Win rate (rollout): 0.88 | Loss: 0.179 | Opp label coverage: 0.80
Step 4681112/5000000 | Win rate (rollout): 0.62 | Loss: 0.235 | Opp label coverage: 0.84
Step 4681624/5000000 | Win rate (rollout): 0.47 | Loss: 0.191 | Opp label coverage: 0.79
Step 4682136/5000000 | Win rate (rollout): 0.90 | Loss: 0.193 | Opp label coverage: 0.81
Step 4682648/5000000 | Win rate (rollout): 0.71 | Loss: 0.226 | Opp label coverage: 0.80
Step 4683162/5000000 | Win rate (rollout): 0.88 | Loss: 0.243 | Opp label coverage: 0.91
Step 4683674/5000000 | Win rate (rollout): 0.78 | Loss: 0.167 | Opp label coverage: 0.82
Step 4684186/5000000 | Win rate (rollout): 0.64 | Loss: 0.192 | Opp label coverage: 0.81
Step 4684698/5000000 | Win rate (rollout): 0.55 | Loss: 0.194 | Opp label coverage: 0.86
Step 4685210/5000000 | Win rate (rollout): 0.40 | Loss: 0.183 | Opp label coverage: 0.85
Step 4685722/5000000 | Win rate (rollout): 0.58 | Loss: 0.220 | Opp label coverage: 0.81
Step 4686234/5000000 | Win rate (rollout): 0.62 | Loss: 0.225 | Opp label coverage: 0.81
Step 4686746/5000000 | Win rate (rollout): 1.00 | Loss: 0.197 | Opp label coverage: 0.84
Step 4687259/5000000 | Win rate (rollout): 0.73 | Loss: 0.209 | Opp label coverage: 0.90
Step 4687773/5000000 | Win rate (rollout): 0.50 | Loss: 0.314 | Opp label coverage: 0.89
Step 4688285/5000000 | Win rate (rollout): 0.67 | Loss: 0.172 | Opp label coverage: 0.83
Step 4688797/5000000 | Win rate (rollout): 0.93 | Loss: 0.193 | Opp label coverage: 0.84
Step 4689309/5000000 | Win rate (rollout): 0.50 | Loss: 0.216 | Opp label coverage: 0.90
Step 4689824/5000000 | Win rate (rollout): 0.69 | Loss: 0.221 | Opp label coverage: 0.89
Step 4690336/5000000 | Win rate (rollout): 0.64 | Loss: 0.202 | Opp label coverage: 0.80
Step 4690848/5000000 | Win rate (rollout): 0.62 | Loss: 0.213 | Opp label coverage: 0.82
Step 4691360/5000000 | Win rate (rollout): 0.75 | Loss: 0.242 | Opp label coverage: 0.84
Step 4691878/5000000 | Win rate (rollout): 0.50 | Loss: 0.198 | Opp label coverage: 0.90
Step 4692396/5000000 | Win rate (rollout): 0.31 | Loss: 0.224 | Opp label coverage: 0.90
Step 4692913/5000000 | Win rate (rollout): 0.38 | Loss: 0.179 | Opp label coverage: 0.89
Step 4693431/5000000 | Win rate (rollout): 0.62 | Loss: 0.242 | Opp label coverage: 0.91
Step 4693947/5000000 | Win rate (rollout): 0.50 | Loss: 0.204 | Opp label coverage: 0.91
Step 4694459/5000000 | Win rate (rollout): 0.38 | Loss: 0.223 | Opp label coverage: 0.84
Step 4694977/5000000 | Win rate (rollout): 0.38 | Loss: 0.242 | Opp label coverage: 0.89
Step 4695495/5000000 | Win rate (rollout): 0.29 | Loss: 0.206 | Opp label coverage: 0.90
Step 4696009/5000000 | Win rate (rollout): 0.47 | Loss: 0.209 | Opp label coverage: 0.91
Step 4696521/5000000 | Win rate (rollout): 0.43 | Loss: 0.206 | Opp label coverage: 0.78
Step 4697033/5000000 | Win rate (rollout): 0.47 | Loss: 0.184 | Opp label coverage: 0.80
Step 4697545/5000000 | Win rate (rollout): 0.92 | Loss: 0.207 | Opp label coverage: 0.83
Step 4698064/5000000 | Win rate (rollout): 0.50 | Loss: 0.223 | Opp label coverage: 0.90
Step 4698580/5000000 | Win rate (rollout): 0.64 | Loss: 0.255 | Opp label coverage: 0.89
Step 4699097/5000000 | Win rate (rollout): 0.41 | Loss: 0.262 | Opp label coverage: 0.87
Step 4699609/5000000 | Win rate (rollout): 0.42 | Loss: 0.231 | Opp label coverage: 0.76
Step 4700122/5000000 | Win rate (rollout): 0.62 | Loss: 0.139 | Opp label coverage: 0.88
Step 4700634/5000000 | Win rate (rollout): 0.46 | Loss: 0.201 | Opp label coverage: 0.83
Step 4701146/5000000 | Win rate (rollout): 0.53 | Loss: 0.232 | Opp label coverage: 0.80
Step 4701660/5000000 | Win rate (rollout): 0.75 | Loss: 0.264 | Opp label coverage: 0.90
Step 4702172/5000000 | Win rate (rollout): 0.50 | Loss: 0.246 | Opp label coverage: 0.79
Step 4702684/5000000 | Win rate (rollout): 0.40 | Loss: 0.203 | Opp label coverage: 0.84
Step 4703196/5000000 | Win rate (rollout): 0.50 | Loss: 0.185 | Opp label coverage: 0.83
Step 4703708/5000000 | Win rate (rollout): 0.54 | Loss: 0.209 | Opp label coverage: 0.84
Step 4704225/5000000 | Win rate (rollout): 0.45 | Loss: 0.221 | Opp label coverage: 0.89
Step 4704744/5000000 | Win rate (rollout): 0.58 | Loss: 0.219 | Opp label coverage: 0.89
Step 4705257/5000000 | Win rate (rollout): 0.36 | Loss: 0.192 | Opp label coverage: 0.90
Step 4705773/5000000 | Win rate (rollout): 0.18 | Loss: 0.171 | Opp label coverage: 0.93
Step 4706287/5000000 | Win rate (rollout): 0.60 | Loss: 0.270 | Opp label coverage: 0.93
Step 4706799/5000000 | Win rate (rollout): 0.47 | Loss: 0.237 | Opp label coverage: 0.80
Step 4707314/5000000 | Win rate (rollout): 0.46 | Loss: 0.252 | Opp label coverage: 0.89
Step 4707826/5000000 | Win rate (rollout): 0.62 | Loss: 0.214 | Opp label coverage: 0.83
Step 4708344/5000000 | Win rate (rollout): 0.40 | Loss: 0.225 | Opp label coverage: 0.88
Step 4708858/5000000 | Win rate (rollout): 0.67 | Loss: 0.278 | Opp label coverage: 0.88
Step 4709370/5000000 | Win rate (rollout): 0.62 | Loss: 0.190 | Opp label coverage: 0.77
Step 4709882/5000000 | Win rate (rollout): 0.50 | Loss: 0.210 | Opp label coverage: 0.79
Step 4710397/5000000 | Win rate (rollout): 0.25 | Loss: 0.249 | Opp label coverage: 0.87
Step 4710914/5000000 | Win rate (rollout): 0.56 | Loss: 0.277 | Opp label coverage: 0.89
Step 4711432/5000000 | Win rate (rollout): 0.27 | Loss: 0.212 | Opp label coverage: 0.86
Step 4711944/5000000 | Win rate (rollout): 0.38 | Loss: 0.176 | Opp label coverage: 0.83
Step 4712456/5000000 | Win rate (rollout): 0.43 | Loss: 0.193 | Opp label coverage: 0.82
Step 4712968/5000000 | Win rate (rollout): 0.75 | Loss: 0.215 | Opp label coverage: 0.82
Step 4713486/5000000 | Win rate (rollout): 0.50 | Loss: 0.216 | Opp label coverage: 0.90
Step 4713998/5000000 | Win rate (rollout): 0.57 | Loss: 0.181 | Opp label coverage: 0.83
Step 4714515/5000000 | Win rate (rollout): 0.36 | Loss: 0.207 | Opp label coverage: 0.87
Step 4715033/5000000 | Win rate (rollout): 0.24 | Loss: 0.264 | Opp label coverage: 0.86
Step 4715545/5000000 | Win rate (rollout): 0.55 | Loss: 0.193 | Opp label coverage: 0.80
Step 4716057/5000000 | Win rate (rollout): 0.75 | Loss: 0.200 | Opp label coverage: 0.87
Step 4716574/5000000 | Win rate (rollout): 0.36 | Loss: 0.272 | Opp label coverage: 0.87
Step 4717092/5000000 | Win rate (rollout): 0.73 | Loss: 0.208 | Opp label coverage: 0.90
Step 4717604/5000000 | Win rate (rollout): 0.55 | Loss: 0.219 | Opp label coverage: 0.85
Step 4718116/5000000 | Win rate (rollout): 0.45 | Loss: 0.220 | Opp label coverage: 0.89
Step 4718631/5000000 | Win rate (rollout): 0.47 | Loss: 0.253 | Opp label coverage: 0.89
Step 4719143/5000000 | Win rate (rollout): 0.45 | Loss: 0.195 | Opp label coverage: 0.83
Step 4719655/5000000 | Win rate (rollout): 0.73 | Loss: 0.210 | Opp label coverage: 0.85
Step 4720167/5000000 | Win rate (rollout): 0.33 | Loss: 0.211 | Opp label coverage: 0.82
Step 4720679/5000000 | Win rate (rollout): 0.78 | Loss: 0.154 | Opp label coverage: 0.81
Step 4721191/5000000 | Win rate (rollout): 0.67 | Loss: 0.205 | Opp label coverage: 0.81
Step 4721704/5000000 | Win rate (rollout): 0.64 | Loss: 0.237 | Opp label coverage: 0.88
Step 4722216/5000000 | Win rate (rollout): 0.23 | Loss: 0.234 | Opp label coverage: 0.79
Step 4722729/5000000 | Win rate (rollout): 0.25 | Loss: 0.207 | Opp label coverage: 0.87
Step 4723241/5000000 | Win rate (rollout): 0.50 | Loss: 0.230 | Opp label coverage: 0.89
Step 4723756/5000000 | Win rate (rollout): 0.64 | Loss: 0.289 | Opp label coverage: 0.89
Step 4724268/5000000 | Win rate (rollout): 0.46 | Loss: 0.228 | Opp label coverage: 0.82
Step 4724780/5000000 | Win rate (rollout): 0.57 | Loss: 0.188 | Opp label coverage: 0.80
Step 4725292/5000000 | Win rate (rollout): 0.60 | Loss: 0.185 | Opp label coverage: 0.85
Step 4725809/5000000 | Win rate (rollout): 0.50 | Loss: 0.279 | Opp label coverage: 0.89
Step 4726322/5000000 | Win rate (rollout): 0.60 | Loss: 0.126 | Opp label coverage: 0.89
Step 4726834/5000000 | Win rate (rollout): 0.50 | Loss: 0.187 | Opp label coverage: 0.77
Step 4727348/5000000 | Win rate (rollout): 0.46 | Loss: 0.236 | Opp label coverage: 0.88
Step 4727861/5000000 | Win rate (rollout): 0.53 | Loss: 0.258 | Opp label coverage: 0.89
Step 4728373/5000000 | Win rate (rollout): 0.50 | Loss: 0.229 | Opp label coverage: 0.82
Step 4728890/5000000 | Win rate (rollout): 0.33 | Loss: 0.220 | Opp label coverage: 0.87
Step 4729402/5000000 | Win rate (rollout): 0.67 | Loss: 0.239 | Opp label coverage: 0.80
Step 4729914/5000000 | Win rate (rollout): 0.70 | Loss: 0.192 | Opp label coverage: 0.84
Step 4730426/5000000 | Win rate (rollout): 0.73 | Loss: 0.188 | Opp label coverage: 0.80
Step 4730938/5000000 | Win rate (rollout): 0.60 | Loss: 0.200 | Opp label coverage: 0.87
Step 4731450/5000000 | Win rate (rollout): 0.67 | Loss: 0.215 | Opp label coverage: 0.80
Step 4731962/5000000 | Win rate (rollout): 0.60 | Loss: 0.207 | Opp label coverage: 0.84
Step 4732476/5000000 | Win rate (rollout): 0.33 | Loss: 0.261 | Opp label coverage: 0.89
Step 4732994/5000000 | Win rate (rollout): 0.43 | Loss: 0.185 | Opp label coverage: 0.89
Step 4733506/5000000 | Win rate (rollout): 1.00 | Loss: 0.172 | Opp label coverage: 0.84
Step 4734018/5000000 | Win rate (rollout): 0.42 | Loss: 0.187 | Opp label coverage: 0.82
Step 4734530/5000000 | Win rate (rollout): 0.36 | Loss: 0.214 | Opp label coverage: 0.88
Step 4735042/5000000 | Win rate (rollout): 0.58 | Loss: 0.222 | Opp label coverage: 0.83
Step 4735554/5000000 | Win rate (rollout): 0.50 | Loss: 0.202 | Opp label coverage: 0.79
Step 4736071/5000000 | Win rate (rollout): 0.88 | Loss: 0.271 | Opp label coverage: 0.91
Step 4736587/5000000 | Win rate (rollout): 0.56 | Loss: 0.303 | Opp label coverage: 0.89
Step 4737106/5000000 | Win rate (rollout): 0.36 | Loss: 0.243 | Opp label coverage: 0.89
Step 4737618/5000000 | Win rate (rollout): 0.78 | Loss: 0.190 | Opp label coverage: 0.82
Step 4738130/5000000 | Win rate (rollout): 0.38 | Loss: 0.223 | Opp label coverage: 0.86
Step 4738644/5000000 | Win rate (rollout): 0.67 | Loss: 0.219 | Opp label coverage: 0.90
Step 4739156/5000000 | Win rate (rollout): 0.54 | Loss: 0.213 | Opp label coverage: 0.79
Step 4739668/5000000 | Win rate (rollout): 0.25 | Loss: 0.193 | Opp label coverage: 0.84
Step 4740180/5000000 | Win rate (rollout): 0.60 | Loss: 0.215 | Opp label coverage: 0.83
Step 4740692/5000000 | Win rate (rollout): 0.44 | Loss: 0.203 | Opp label coverage: 0.83
Step 4741205/5000000 | Win rate (rollout): 0.67 | Loss: 0.320 | Opp label coverage: 0.89
Step 4741717/5000000 | Win rate (rollout): 0.50 | Loss: 0.184 | Opp label coverage: 0.83
Step 4742229/5000000 | Win rate (rollout): 0.67 | Loss: 0.232 | Opp label coverage: 0.85
Step 4742743/5000000 | Win rate (rollout): 0.40 | Loss: 0.266 | Opp label coverage: 0.88
Step 4743255/5000000 | Win rate (rollout): 0.56 | Loss: 0.172 | Opp label coverage: 0.81
Step 4743767/5000000 | Win rate (rollout): 0.64 | Loss: 0.177 | Opp label coverage: 0.85
Step 4744279/5000000 | Win rate (rollout): 0.60 | Loss: 0.224 | Opp label coverage: 0.83
Step 4744793/5000000 | Win rate (rollout): 0.46 | Loss: 0.243 | Opp label coverage: 0.88
Step 4745305/5000000 | Win rate (rollout): 0.64 | Loss: 0.225 | Opp label coverage: 0.81
Step 4745817/5000000 | Win rate (rollout): 0.50 | Loss: 0.212 | Opp label coverage: 0.75
Step 4746329/5000000 | Win rate (rollout): 0.80 | Loss: 0.178 | Opp label coverage: 0.80
Step 4746841/5000000 | Win rate (rollout): 0.50 | Loss: 0.190 | Opp label coverage: 0.85
Step 4747357/5000000 | Win rate (rollout): 0.58 | Loss: 0.213 | Opp label coverage: 0.90
Step 4747869/5000000 | Win rate (rollout): 0.38 | Loss: 0.244 | Opp label coverage: 0.83
Step 4748381/5000000 | Win rate (rollout): 0.47 | Loss: 0.235 | Opp label coverage: 0.82
Step 4748896/5000000 | Win rate (rollout): 0.22 | Loss: 0.162 | Opp label coverage: 0.89
Step 4749408/5000000 | Win rate (rollout): 0.50 | Loss: 0.203 | Opp label coverage: 0.86
Step 4749920/5000000 | Win rate (rollout): 0.67 | Loss: 0.210 | Opp label coverage: 0.82
[checkpoint] Saved models/ppo/checkpoints/m9seed/ppo_step_4750064.pt
Step 4750432/5000000 | Win rate (rollout): 0.69 | Loss: 0.209 | Opp label coverage: 0.78
Step 4750944/5000000 | Win rate (rollout): 0.50 | Loss: 0.197 | Opp label coverage: 0.85
Step 4751462/5000000 | Win rate (rollout): 0.50 | Loss: 0.271 | Opp label coverage: 0.88
Step 4751979/5000000 | Win rate (rollout): 0.56 | Loss: 0.246 | Opp label coverage: 0.87
Step 4752496/5000000 | Win rate (rollout): 0.50 | Loss: 0.246 | Opp label coverage: 0.88
Step 4753011/5000000 | Win rate (rollout): 0.42 | Loss: 0.255 | Opp label coverage: 0.89
Step 4753525/5000000 | Win rate (rollout): 0.38 | Loss: 0.274 | Opp label coverage: 0.91
Step 4754037/5000000 | Win rate (rollout): 0.54 | Loss: 0.227 | Opp label coverage: 0.89
Step 4754551/5000000 | Win rate (rollout): 0.43 | Loss: 0.230 | Opp label coverage: 0.89
Step 4755063/5000000 | Win rate (rollout): 0.83 | Loss: 0.164 | Opp label coverage: 0.86
Step 4755575/5000000 | Win rate (rollout): 0.60 | Loss: 0.205 | Opp label coverage: 0.91
Step 4756087/5000000 | Win rate (rollout): 0.27 | Loss: 0.203 | Opp label coverage: 0.81
Step 4756604/5000000 | Win rate (rollout): 0.62 | Loss: 0.235 | Opp label coverage: 0.91
Step 4757121/5000000 | Win rate (rollout): 0.60 | Loss: 0.220 | Opp label coverage: 0.89
Step 4757633/5000000 | Win rate (rollout): 0.50 | Loss: 0.192 | Opp label coverage: 0.84
Step 4758145/5000000 | Win rate (rollout): 0.64 | Loss: 0.233 | Opp label coverage: 0.88
Step 4758657/5000000 | Win rate (rollout): 0.38 | Loss: 0.234 | Opp label coverage: 0.89
Step 4759170/5000000 | Win rate (rollout): 0.27 | Loss: 0.188 | Opp label coverage: 0.88
Step 4759683/5000000 | Win rate (rollout): 0.44 | Loss: 0.185 | Opp label coverage: 0.89
Step 4760195/5000000 | Win rate (rollout): 0.73 | Loss: 0.197 | Opp label coverage: 0.86
Step 4760713/5000000 | Win rate (rollout): 0.50 | Loss: 0.244 | Opp label coverage: 0.88
Step 4761231/5000000 | Win rate (rollout): 0.75 | Loss: 0.213 | Opp label coverage: 0.88
Step 4761747/5000000 | Win rate (rollout): 0.64 | Loss: 0.265 | Opp label coverage: 0.91
Step 4762259/5000000 | Win rate (rollout): 0.70 | Loss: 0.160 | Opp label coverage: 0.82
Step 4762775/5000000 | Win rate (rollout): 0.42 | Loss: 0.237 | Opp label coverage: 0.88
Step 4763287/5000000 | Win rate (rollout): 0.77 | Loss: 0.223 | Opp label coverage: 0.89
Step 4763799/5000000 | Win rate (rollout): 0.57 | Loss: 0.245 | Opp label coverage: 0.91
Step 4764317/5000000 | Win rate (rollout): 0.38 | Loss: 0.189 | Opp label coverage: 0.90
Step 4764829/5000000 | Win rate (rollout): 0.57 | Loss: 0.193 | Opp label coverage: 0.86
Step 4765341/5000000 | Win rate (rollout): 0.45 | Loss: 0.200 | Opp label coverage: 0.89
Step 4765858/5000000 | Win rate (rollout): 0.64 | Loss: 0.200 | Opp label coverage: 0.89
Step 4766370/5000000 | Win rate (rollout): 0.43 | Loss: 0.186 | Opp label coverage: 0.81
Step 4766882/5000000 | Win rate (rollout): 0.54 | Loss: 0.205 | Opp label coverage: 0.85
Step 4767394/5000000 | Win rate (rollout): 0.56 | Loss: 0.216 | Opp label coverage: 0.84
Step 4767906/5000000 | Win rate (rollout): 0.47 | Loss: 0.195 | Opp label coverage: 0.83
Step 4768424/5000000 | Win rate (rollout): 0.50 | Loss: 0.253 | Opp label coverage: 0.89
Step 4768936/5000000 | Win rate (rollout): 0.67 | Loss: 0.174 | Opp label coverage: 0.88
Step 4769448/5000000 | Win rate (rollout): 0.54 | Loss: 0.194 | Opp label coverage: 0.84
Step 4769960/5000000 | Win rate (rollout): 0.67 | Loss: 0.211 | Opp label coverage: 0.90
Step 4770472/5000000 | Win rate (rollout): 0.54 | Loss: 0.189 | Opp label coverage: 0.85
Step 4770985/5000000 | Win rate (rollout): 0.60 | Loss: 0.271 | Opp label coverage: 0.88
Step 4771498/5000000 | Win rate (rollout): 0.38 | Loss: 0.226 | Opp label coverage: 0.89
Step 4772015/5000000 | Win rate (rollout): 0.40 | Loss: 0.213 | Opp label coverage: 0.89
Step 4772528/5000000 | Win rate (rollout): 0.60 | Loss: 0.254 | Opp label coverage: 0.88
Step 4773040/5000000 | Win rate (rollout): 0.50 | Loss: 0.200 | Opp label coverage: 0.82
Step 4773552/5000000 | Win rate (rollout): 0.65 | Loss: 0.207 | Opp label coverage: 0.82
Step 4774070/5000000 | Win rate (rollout): 0.55 | Loss: 0.219 | Opp label coverage: 0.91
Step 4774582/5000000 | Win rate (rollout): 0.23 | Loss: 0.211 | Opp label coverage: 0.80
Step 4775099/5000000 | Win rate (rollout): 0.44 | Loss: 0.216 | Opp label coverage: 0.89
Step 4775611/5000000 | Win rate (rollout): 0.82 | Loss: 0.190 | Opp label coverage: 0.84
Step 4776123/5000000 | Win rate (rollout): 0.54 | Loss: 0.205 | Opp label coverage: 0.85
Step 4776641/5000000 | Win rate (rollout): 0.30 | Loss: 0.243 | Opp label coverage: 0.90
Step 4777153/5000000 | Win rate (rollout): 0.54 | Loss: 0.224 | Opp label coverage: 0.80
Step 4777665/5000000 | Win rate (rollout): 0.50 | Loss: 0.233 | Opp label coverage: 0.80
Step 4778181/5000000 | Win rate (rollout): 0.33 | Loss: 0.224 | Opp label coverage: 0.90
Step 4778693/5000000 | Win rate (rollout): 0.78 | Loss: 0.179 | Opp label coverage: 0.79
Step 4779205/5000000 | Win rate (rollout): 0.75 | Loss: 0.195 | Opp label coverage: 0.91
Step 4779717/5000000 | Win rate (rollout): 0.44 | Loss: 0.213 | Opp label coverage: 0.82
Step 4780232/5000000 | Win rate (rollout): 0.78 | Loss: 0.192 | Opp label coverage: 0.89
Step 4780744/5000000 | Win rate (rollout): 0.42 | Loss: 0.226 | Opp label coverage: 0.84
Step 4781257/5000000 | Win rate (rollout): 0.23 | Loss: 0.261 | Opp label coverage: 0.88
Step 4781769/5000000 | Win rate (rollout): 0.54 | Loss: 0.202 | Opp label coverage: 0.81
Step 4782281/5000000 | Win rate (rollout): 0.67 | Loss: 0.226 | Opp label coverage: 0.80
Step 4782795/5000000 | Win rate (rollout): 0.25 | Loss: 0.213 | Opp label coverage: 0.88
Step 4783307/5000000 | Win rate (rollout): 0.78 | Loss: 0.191 | Opp label coverage: 0.82
Step 4783824/5000000 | Win rate (rollout): 0.75 | Loss: 0.195 | Opp label coverage: 0.90
Step 4784336/5000000 | Win rate (rollout): 0.58 | Loss: 0.187 | Opp label coverage: 0.79
Step 4784848/5000000 | Win rate (rollout): 0.50 | Loss: 0.194 | Opp label coverage: 0.83
Step 4785360/5000000 | Win rate (rollout): 0.50 | Loss: 0.164 | Opp label coverage: 0.84
Step 4785875/5000000 | Win rate (rollout): 0.44 | Loss: 0.250 | Opp label coverage: 0.88
Step 4786387/5000000 | Win rate (rollout): 0.54 | Loss: 0.220 | Opp label coverage: 0.82
Step 4786899/5000000 | Win rate (rollout): 0.31 | Loss: 0.205 | Opp label coverage: 0.79
Step 4787411/5000000 | Win rate (rollout): 0.27 | Loss: 0.214 | Opp label coverage: 0.81
Step 4787924/5000000 | Win rate (rollout): 0.44 | Loss: 0.158 | Opp label coverage: 0.90
Step 4788437/5000000 | Win rate (rollout): 0.60 | Loss: 0.197 | Opp label coverage: 0.89
Step 4788953/5000000 | Win rate (rollout): 0.42 | Loss: 0.222 | Opp label coverage: 0.90
Step 4789465/5000000 | Win rate (rollout): 0.33 | Loss: 0.180 | Opp label coverage: 0.87
Step 4789977/5000000 | Win rate (rollout): 0.50 | Loss: 0.211 | Opp label coverage: 0.91
Step 4790493/5000000 | Win rate (rollout): 0.57 | Loss: 0.213 | Opp label coverage: 0.87
Step 4791011/5000000 | Win rate (rollout): 0.50 | Loss: 0.208 | Opp label coverage: 0.88
Step 4791526/5000000 | Win rate (rollout): 0.43 | Loss: 0.161 | Opp label coverage: 0.90
Step 4792044/5000000 | Win rate (rollout): 0.67 | Loss: 0.267 | Opp label coverage: 0.89
Step 4792561/5000000 | Win rate (rollout): 0.57 | Loss: 0.225 | Opp label coverage: 0.89
Step 4793073/5000000 | Win rate (rollout): 0.67 | Loss: 0.183 | Opp label coverage: 0.81
Step 4793592/5000000 | Win rate (rollout): 0.44 | Loss: 0.221 | Opp label coverage: 0.90
Step 4794104/5000000 | Win rate (rollout): 0.55 | Loss: 0.195 | Opp label coverage: 0.81
Step 4794616/5000000 | Win rate (rollout): 0.25 | Loss: 0.210 | Opp label coverage: 0.85
Step 4795130/5000000 | Win rate (rollout): 0.40 | Loss: 0.228 | Opp label coverage: 0.89
Step 4795648/5000000 | Win rate (rollout): 0.53 | Loss: 0.192 | Opp label coverage: 0.91
Step 4796160/5000000 | Win rate (rollout): 0.90 | Loss: 0.198 | Opp label coverage: 0.85
Step 4796672/5000000 | Win rate (rollout): 0.64 | Loss: 0.198 | Opp label coverage: 0.82
Step 4797190/5000000 | Win rate (rollout): 0.56 | Loss: 0.221 | Opp label coverage: 0.88
Step 4797703/5000000 | Win rate (rollout): 0.79 | Loss: 0.091 | Opp label coverage: 0.92
Step 4798215/5000000 | Win rate (rollout): 0.50 | Loss: 0.180 | Opp label coverage: 0.82
Step 4798731/5000000 | Win rate (rollout): 0.45 | Loss: 0.245 | Opp label coverage: 0.89
Step 4799248/5000000 | Win rate (rollout): 0.44 | Loss: 0.240 | Opp label coverage: 0.88
Step 4799760/5000000 | Win rate (rollout): 0.50 | Loss: 0.217 | Opp label coverage: 0.82
Step 4800272/5000000 | Win rate (rollout): 0.43 | Loss: 0.242 | Opp label coverage: 0.79
Step 4800785/5000000 | Win rate (rollout): 0.60 | Loss: 0.199 | Opp label coverage: 0.90
Step 4801299/5000000 | Win rate (rollout): 0.43 | Loss: 0.216 | Opp label coverage: 0.89
Step 4801812/5000000 | Win rate (rollout): 0.38 | Loss: 0.298 | Opp label coverage: 0.90
Step 4802324/5000000 | Win rate (rollout): 0.17 | Loss: 0.180 | Opp label coverage: 0.85
Step 4802836/5000000 | Win rate (rollout): 1.00 | Loss: 0.224 | Opp label coverage: 0.89
Step 4803348/5000000 | Win rate (rollout): 0.64 | Loss: 0.194 | Opp label coverage: 0.84
Step 4803860/5000000 | Win rate (rollout): 0.64 | Loss: 0.211 | Opp label coverage: 0.83
Step 4804372/5000000 | Win rate (rollout): 0.47 | Loss: 0.238 | Opp label coverage: 0.84
Step 4804884/5000000 | Win rate (rollout): 0.38 | Loss: 0.196 | Opp label coverage: 0.80
Step 4805396/5000000 | Win rate (rollout): 0.40 | Loss: 0.230 | Opp label coverage: 0.88
Step 4805909/5000000 | Win rate (rollout): 0.29 | Loss: 0.182 | Opp label coverage: 0.88
Step 4806421/5000000 | Win rate (rollout): 0.73 | Loss: 0.226 | Opp label coverage: 0.89
Step 4806933/5000000 | Win rate (rollout): 0.31 | Loss: 0.212 | Opp label coverage: 0.81
Step 4807445/5000000 | Win rate (rollout): 0.62 | Loss: 0.189 | Opp label coverage: 0.85
Step 4807960/5000000 | Win rate (rollout): 0.44 | Loss: 0.173 | Opp label coverage: 0.88
Step 4808478/5000000 | Win rate (rollout): 0.60 | Loss: 0.262 | Opp label coverage: 0.91
Step 4808994/5000000 | Win rate (rollout): 0.75 | Loss: 0.202 | Opp label coverage: 0.90
Step 4809506/5000000 | Win rate (rollout): 0.75 | Loss: 0.186 | Opp label coverage: 0.85
Step 4810018/5000000 | Win rate (rollout): 0.41 | Loss: 0.249 | Opp label coverage: 0.84
Step 4810532/5000000 | Win rate (rollout): 0.60 | Loss: 0.278 | Opp label coverage: 0.90
Step 4811044/5000000 | Win rate (rollout): 0.54 | Loss: 0.222 | Opp label coverage: 0.81
Step 4811556/5000000 | Win rate (rollout): 0.43 | Loss: 0.179 | Opp label coverage: 0.80
Step 4812068/5000000 | Win rate (rollout): 0.38 | Loss: 0.209 | Opp label coverage: 0.83
Step 4812580/5000000 | Win rate (rollout): 0.45 | Loss: 0.212 | Opp label coverage: 0.87
Step 4813092/5000000 | Win rate (rollout): 0.67 | Loss: 0.208 | Opp label coverage: 0.82
Step 4813604/5000000 | Win rate (rollout): 0.62 | Loss: 0.208 | Opp label coverage: 0.90
Step 4814116/5000000 | Win rate (rollout): 0.43 | Loss: 0.209 | Opp label coverage: 0.81
Step 4814628/5000000 | Win rate (rollout): 0.70 | Loss: 0.202 | Opp label coverage: 0.85
Step 4815140/5000000 | Win rate (rollout): 0.36 | Loss: 0.232 | Opp label coverage: 0.84
Step 4815659/5000000 | Win rate (rollout): 0.38 | Loss: 0.240 | Opp label coverage: 0.89
Step 4816171/5000000 | Win rate (rollout): 0.67 | Loss: 0.192 | Opp label coverage: 0.81
Step 4816683/5000000 | Win rate (rollout): 0.50 | Loss: 0.210 | Opp label coverage: 0.89
Step 4817200/5000000 | Win rate (rollout): 0.56 | Loss: 0.218 | Opp label coverage: 0.91
Step 4817715/5000000 | Win rate (rollout): 0.62 | Loss: 0.213 | Opp label coverage: 0.89
Step 4818234/5000000 | Win rate (rollout): 0.64 | Loss: 0.235 | Opp label coverage: 0.91
Step 4818746/5000000 | Win rate (rollout): 0.42 | Loss: 0.202 | Opp label coverage: 0.81
Step 4819262/5000000 | Win rate (rollout): 0.60 | Loss: 0.167 | Opp label coverage: 0.89
Step 4819780/5000000 | Win rate (rollout): 0.54 | Loss: 0.259 | Opp label coverage: 0.90
Step 4820296/5000000 | Win rate (rollout): 0.50 | Loss: 0.248 | Opp label coverage: 0.89
Step 4820808/5000000 | Win rate (rollout): 0.50 | Loss: 0.166 | Opp label coverage: 0.79
Step 4821322/5000000 | Win rate (rollout): 0.36 | Loss: 0.204 | Opp label coverage: 0.87
Step 4821834/5000000 | Win rate (rollout): 0.53 | Loss: 0.224 | Opp label coverage: 0.89
Step 4822346/5000000 | Win rate (rollout): 0.40 | Loss: 0.250 | Opp label coverage: 0.80
Step 4822858/5000000 | Win rate (rollout): 0.36 | Loss: 0.205 | Opp label coverage: 0.78
Step 4823370/5000000 | Win rate (rollout): 0.56 | Loss: 0.196 | Opp label coverage: 0.85
Step 4823882/5000000 | Win rate (rollout): 0.50 | Loss: 0.227 | Opp label coverage: 0.79
Step 4824394/5000000 | Win rate (rollout): 0.55 | Loss: 0.225 | Opp label coverage: 0.89
Step 4824908/5000000 | Win rate (rollout): 0.57 | Loss: 0.206 | Opp label coverage: 0.90
Step 4825426/5000000 | Win rate (rollout): 0.29 | Loss: 0.248 | Opp label coverage: 0.88
Step 4825938/5000000 | Win rate (rollout): 0.46 | Loss: 0.207 | Opp label coverage: 0.84
Step 4826450/5000000 | Win rate (rollout): 0.62 | Loss: 0.221 | Opp label coverage: 0.89
Step 4826962/5000000 | Win rate (rollout): 0.38 | Loss: 0.201 | Opp label coverage: 0.81
Step 4827480/5000000 | Win rate (rollout): 0.56 | Loss: 0.249 | Opp label coverage: 0.89
Step 4827997/5000000 | Win rate (rollout): 0.47 | Loss: 0.265 | Opp label coverage: 0.88
Step 4828515/5000000 | Win rate (rollout): 0.64 | Loss: 0.214 | Opp label coverage: 0.89
Step 4829029/5000000 | Win rate (rollout): 0.30 | Loss: 0.251 | Opp label coverage: 0.90
Step 4829541/5000000 | Win rate (rollout): 0.64 | Loss: 0.187 | Opp label coverage: 0.85
Step 4830055/5000000 | Win rate (rollout): 0.67 | Loss: 0.175 | Opp label coverage: 0.89
Step 4830567/5000000 | Win rate (rollout): 0.36 | Loss: 0.228 | Opp label coverage: 0.84
Step 4831081/5000000 | Win rate (rollout): 0.36 | Loss: 0.250 | Opp label coverage: 0.88
Step 4831593/5000000 | Win rate (rollout): 0.62 | Loss: 0.212 | Opp label coverage: 0.78
Step 4832105/5000000 | Win rate (rollout): 0.42 | Loss: 0.205 | Opp label coverage: 0.79
Step 4832617/5000000 | Win rate (rollout): 0.50 | Loss: 0.200 | Opp label coverage: 0.79
Step 4833131/5000000 | Win rate (rollout): 0.36 | Loss: 0.200 | Opp label coverage: 0.88
Step 4833644/5000000 | Win rate (rollout): 0.50 | Loss: 0.236 | Opp label coverage: 0.89
Step 4834162/5000000 | Win rate (rollout): 0.62 | Loss: 0.202 | Opp label coverage: 0.88
Step 4834681/5000000 | Win rate (rollout): 0.55 | Loss: 0.207 | Opp label coverage: 0.90
Step 4835193/5000000 | Win rate (rollout): 0.58 | Loss: 0.237 | Opp label coverage: 0.83
Step 4835705/5000000 | Win rate (rollout): 0.40 | Loss: 0.215 | Opp label coverage: 0.87
Step 4836217/5000000 | Win rate (rollout): 0.33 | Loss: 0.205 | Opp label coverage: 0.80
Step 4836729/5000000 | Win rate (rollout): 0.70 | Loss: 0.201 | Opp label coverage: 0.83
Step 4837241/5000000 | Win rate (rollout): 0.60 | Loss: 0.185 | Opp label coverage: 0.84
Step 4837753/5000000 | Win rate (rollout): 0.46 | Loss: 0.175 | Opp label coverage: 0.88
Step 4838265/5000000 | Win rate (rollout): 0.33 | Loss: 0.186 | Opp label coverage: 0.85
Step 4838777/5000000 | Win rate (rollout): 0.86 | Loss: 0.204 | Opp label coverage: 0.82
Step 4839291/5000000 | Win rate (rollout): 0.45 | Loss: 0.184 | Opp label coverage: 0.89
Step 4839803/5000000 | Win rate (rollout): 0.50 | Loss: 0.253 | Opp label coverage: 0.82
Step 4840317/5000000 | Win rate (rollout): 0.25 | Loss: 0.267 | Opp label coverage: 0.89
Step 4840829/5000000 | Win rate (rollout): 0.50 | Loss: 0.207 | Opp label coverage: 0.82
Step 4841341/5000000 | Win rate (rollout): 0.38 | Loss: 0.199 | Opp label coverage: 0.78
Step 4841853/5000000 | Win rate (rollout): 0.31 | Loss: 0.199 | Opp label coverage: 0.79
Step 4842368/5000000 | Win rate (rollout): 0.30 | Loss: 0.295 | Opp label coverage: 0.88
Step 4842880/5000000 | Win rate (rollout): 0.42 | Loss: 0.184 | Opp label coverage: 0.86
Step 4843393/5000000 | Win rate (rollout): 0.50 | Loss: 0.132 | Opp label coverage: 0.91
Step 4843905/5000000 | Win rate (rollout): 0.36 | Loss: 0.207 | Opp label coverage: 0.81
Step 4844417/5000000 | Win rate (rollout): 0.44 | Loss: 0.183 | Opp label coverage: 0.81
Step 4844929/5000000 | Win rate (rollout): 0.54 | Loss: 0.183 | Opp label coverage: 0.86
Step 4845442/5000000 | Win rate (rollout): 0.50 | Loss: 0.247 | Opp label coverage: 0.89
Step 4845956/5000000 | Win rate (rollout): 0.43 | Loss: 0.227 | Opp label coverage: 0.87
Step 4846475/5000000 | Win rate (rollout): 0.57 | Loss: 0.221 | Opp label coverage: 0.90
Step 4846992/5000000 | Win rate (rollout): 0.23 | Loss: 0.230 | Opp label coverage: 0.89
Step 4847504/5000000 | Win rate (rollout): 0.43 | Loss: 0.211 | Opp label coverage: 0.81
Step 4848016/5000000 | Win rate (rollout): 0.36 | Loss: 0.179 | Opp label coverage: 0.84
Step 4848528/5000000 | Win rate (rollout): 0.55 | Loss: 0.220 | Opp label coverage: 0.90
Step 4849040/5000000 | Win rate (rollout): 0.50 | Loss: 0.224 | Opp label coverage: 0.83
Step 4849557/5000000 | Win rate (rollout): 0.18 | Loss: 0.274 | Opp label coverage: 0.87
Step 4850069/5000000 | Win rate (rollout): 0.67 | Loss: 0.193 | Opp label coverage: 0.84
Step 4850581/5000000 | Win rate (rollout): 0.54 | Loss: 0.214 | Opp label coverage: 0.80
Step 4851095/5000000 | Win rate (rollout): 0.90 | Loss: 0.269 | Opp label coverage: 0.89
Step 4851610/5000000 | Win rate (rollout): 0.56 | Loss: 0.198 | Opp label coverage: 0.90
Step 4852122/5000000 | Win rate (rollout): 0.21 | Loss: 0.209 | Opp label coverage: 0.83
Step 4852634/5000000 | Win rate (rollout): 0.83 | Loss: 0.197 | Opp label coverage: 0.85
Step 4853148/5000000 | Win rate (rollout): 0.75 | Loss: 0.170 | Opp label coverage: 0.90
Step 4853660/5000000 | Win rate (rollout): 0.55 | Loss: 0.215 | Opp label coverage: 0.83
Step 4854172/5000000 | Win rate (rollout): 0.80 | Loss: 0.194 | Opp label coverage: 0.80
Step 4854686/5000000 | Win rate (rollout): 0.45 | Loss: 0.249 | Opp label coverage: 0.90
Step 4855198/5000000 | Win rate (rollout): 0.78 | Loss: 0.194 | Opp label coverage: 0.81
Step 4855712/5000000 | Win rate (rollout): 0.56 | Loss: 0.222 | Opp label coverage: 0.89
Step 4856227/5000000 | Win rate (rollout): 0.44 | Loss: 0.189 | Opp label coverage: 0.90
Step 4856742/5000000 | Win rate (rollout): 0.70 | Loss: 0.120 | Opp label coverage: 0.90
Step 4857254/5000000 | Win rate (rollout): 0.67 | Loss: 0.182 | Opp label coverage: 0.86
Step 4857766/5000000 | Win rate (rollout): 0.73 | Loss: 0.174 | Opp label coverage: 0.82
Step 4858278/5000000 | Win rate (rollout): 0.46 | Loss: 0.197 | Opp label coverage: 0.82
Step 4858794/5000000 | Win rate (rollout): 0.45 | Loss: 0.242 | Opp label coverage: 0.89
Step 4859312/5000000 | Win rate (rollout): 0.64 | Loss: 0.191 | Opp label coverage: 0.91
Step 4859824/5000000 | Win rate (rollout): 0.62 | Loss: 0.184 | Opp label coverage: 0.82
Step 4860338/5000000 | Win rate (rollout): 0.27 | Loss: 0.272 | Opp label coverage: 0.88
Step 4860850/5000000 | Win rate (rollout): 0.79 | Loss: 0.221 | Opp label coverage: 0.83
Step 4861362/5000000 | Win rate (rollout): 0.46 | Loss: 0.250 | Opp label coverage: 0.78
Step 4861874/5000000 | Win rate (rollout): 0.56 | Loss: 0.186 | Opp label coverage: 0.80
Step 4862390/5000000 | Win rate (rollout): 0.42 | Loss: 0.216 | Opp label coverage: 0.89
Step 4862902/5000000 | Win rate (rollout): 0.64 | Loss: 0.195 | Opp label coverage: 0.75
Step 4863414/5000000 | Win rate (rollout): 0.82 | Loss: 0.198 | Opp label coverage: 0.84
Step 4863926/5000000 | Win rate (rollout): 1.00 | Loss: 0.174 | Opp label coverage: 0.84
Step 4864438/5000000 | Win rate (rollout): 0.50 | Loss: 0.218 | Opp label coverage: 0.81
Step 4864953/5000000 | Win rate (rollout): 0.33 | Loss: 0.237 | Opp label coverage: 0.89
Step 4865465/5000000 | Win rate (rollout): 0.69 | Loss: 0.210 | Opp label coverage: 0.81
Step 4865979/5000000 | Win rate (rollout): 0.91 | Loss: 0.186 | Opp label coverage: 0.92
Step 4866491/5000000 | Win rate (rollout): 0.79 | Loss: 0.211 | Opp label coverage: 0.90
Step 4867003/5000000 | Win rate (rollout): 0.77 | Loss: 0.206 | Opp label coverage: 0.75
Step 4867518/5000000 | Win rate (rollout): 0.64 | Loss: 0.208 | Opp label coverage: 0.89
Step 4868034/5000000 | Win rate (rollout): 0.47 | Loss: 0.275 | Opp label coverage: 0.88
Step 4868551/5000000 | Win rate (rollout): 0.40 | Loss: 0.208 | Opp label coverage: 0.90
Step 4869066/5000000 | Win rate (rollout): 0.50 | Loss: 0.230 | Opp label coverage: 0.89
Step 4869578/5000000 | Win rate (rollout): 0.43 | Loss: 0.233 | Opp label coverage: 0.79
Step 4870090/5000000 | Win rate (rollout): 0.67 | Loss: 0.229 | Opp label coverage: 0.80
Step 4870602/5000000 | Win rate (rollout): 0.82 | Loss: 0.200 | Opp label coverage: 0.89
Step 4871114/5000000 | Win rate (rollout): 0.75 | Loss: 0.199 | Opp label coverage: 0.83
Step 4871628/5000000 | Win rate (rollout): 0.36 | Loss: 0.264 | Opp label coverage: 0.89
Step 4872145/5000000 | Win rate (rollout): 0.58 | Loss: 0.193 | Opp label coverage: 0.91
Step 4872657/5000000 | Win rate (rollout): 0.55 | Loss: 0.179 | Opp label coverage: 0.82
Step 4873172/5000000 | Win rate (rollout): 0.58 | Loss: 0.262 | Opp label coverage: 0.90
Step 4873684/5000000 | Win rate (rollout): 0.67 | Loss: 0.217 | Opp label coverage: 0.79
Step 4874196/5000000 | Win rate (rollout): 0.54 | Loss: 0.223 | Opp label coverage: 0.83
Step 4874711/5000000 | Win rate (rollout): 0.55 | Loss: 0.171 | Opp label coverage: 0.89
Step 4875225/5000000 | Win rate (rollout): 0.47 | Loss: 0.290 | Opp label coverage: 0.89
Step 4875737/5000000 | Win rate (rollout): 0.73 | Loss: 0.205 | Opp label coverage: 0.85
Step 4876254/5000000 | Win rate (rollout): 0.64 | Loss: 0.258 | Opp label coverage: 0.90
Step 4876767/5000000 | Win rate (rollout): 0.75 | Loss: 0.119 | Opp label coverage: 0.91
Step 4877283/5000000 | Win rate (rollout): 0.62 | Loss: 0.242 | Opp label coverage: 0.89
Step 4877798/5000000 | Win rate (rollout): 0.31 | Loss: 0.275 | Opp label coverage: 0.88
Step 4878310/5000000 | Win rate (rollout): 0.38 | Loss: 0.197 | Opp label coverage: 0.91
Step 4878829/5000000 | Win rate (rollout): 0.58 | Loss: 0.227 | Opp label coverage: 0.91
Step 4879341/5000000 | Win rate (rollout): 0.57 | Loss: 0.211 | Opp label coverage: 0.81
Step 4879853/5000000 | Win rate (rollout): 0.57 | Loss: 0.228 | Opp label coverage: 0.75
Step 4880365/5000000 | Win rate (rollout): 0.44 | Loss: 0.215 | Opp label coverage: 0.76
Step 4880877/5000000 | Win rate (rollout): 0.60 | Loss: 0.214 | Opp label coverage: 0.81
Step 4881392/5000000 | Win rate (rollout): 0.45 | Loss: 0.170 | Opp label coverage: 0.90
Step 4881904/5000000 | Win rate (rollout): 0.33 | Loss: 0.207 | Opp label coverage: 0.80
Step 4882416/5000000 | Win rate (rollout): 0.78 | Loss: 0.190 | Opp label coverage: 0.80
Step 4882928/5000000 | Win rate (rollout): 0.58 | Loss: 0.213 | Opp label coverage: 0.80
Step 4883443/5000000 | Win rate (rollout): 0.58 | Loss: 0.265 | Opp label coverage: 0.89
Step 4883955/5000000 | Win rate (rollout): 0.75 | Loss: 0.235 | Opp label coverage: 0.91
Step 4884473/5000000 | Win rate (rollout): 0.57 | Loss: 0.231 | Opp label coverage: 0.87
Step 4884992/5000000 | Win rate (rollout): 0.69 | Loss: 0.243 | Opp label coverage: 0.90
Step 4885504/5000000 | Win rate (rollout): 0.90 | Loss: 0.184 | Opp label coverage: 0.83
Step 4886018/5000000 | Win rate (rollout): 0.69 | Loss: 0.246 | Opp label coverage: 0.89
Step 4886530/5000000 | Win rate (rollout): 0.67 | Loss: 0.212 | Opp label coverage: 0.80
Step 4887042/5000000 | Win rate (rollout): 0.45 | Loss: 0.218 | Opp label coverage: 0.82
Step 4887554/5000000 | Win rate (rollout): 0.91 | Loss: 0.174 | Opp label coverage: 0.82
Step 4888069/5000000 | Win rate (rollout): 0.20 | Loss: 0.242 | Opp label coverage: 0.88
Step 4888581/5000000 | Win rate (rollout): 0.44 | Loss: 0.217 | Opp label coverage: 0.87
Step 4889096/5000000 | Win rate (rollout): 0.54 | Loss: 0.180 | Opp label coverage: 0.88
Step 4889610/5000000 | Win rate (rollout): 0.33 | Loss: 0.200 | Opp label coverage: 0.90
Step 4890122/5000000 | Win rate (rollout): 0.60 | Loss: 0.228 | Opp label coverage: 0.79
Step 4890634/5000000 | Win rate (rollout): 0.44 | Loss: 0.218 | Opp label coverage: 0.81
Step 4891146/5000000 | Win rate (rollout): 0.47 | Loss: 0.252 | Opp label coverage: 0.84
Step 4891662/5000000 | Win rate (rollout): 0.45 | Loss: 0.213 | Opp label coverage: 0.89
Step 4892174/5000000 | Win rate (rollout): 0.50 | Loss: 0.194 | Opp label coverage: 0.76
Step 4892690/5000000 | Win rate (rollout): 0.82 | Loss: 0.221 | Opp label coverage: 0.90
Step 4893202/5000000 | Win rate (rollout): 0.50 | Loss: 0.187 | Opp label coverage: 0.82
Step 4893714/5000000 | Win rate (rollout): 0.79 | Loss: 0.234 | Opp label coverage: 0.90
Step 4894229/5000000 | Win rate (rollout): 0.62 | Loss: 0.245 | Opp label coverage: 0.89
Step 4894747/5000000 | Win rate (rollout): 0.47 | Loss: 0.205 | Opp label coverage: 0.88
Step 4895260/5000000 | Win rate (rollout): 0.53 | Loss: 0.225 | Opp label coverage: 0.91
Step 4895775/5000000 | Win rate (rollout): 0.36 | Loss: 0.206 | Opp label coverage: 0.88
Step 4896287/5000000 | Win rate (rollout): 0.60 | Loss: 0.166 | Opp label coverage: 0.84
Step 4896799/5000000 | Win rate (rollout): 0.71 | Loss: 0.257 | Opp label coverage: 0.82
Step 4897311/5000000 | Win rate (rollout): 0.67 | Loss: 0.184 | Opp label coverage: 0.85
Step 4897824/5000000 | Win rate (rollout): 0.75 | Loss: 0.191 | Opp label coverage: 0.90
Step 4898337/5000000 | Win rate (rollout): 0.50 | Loss: 0.277 | Opp label coverage: 0.91
Step 4898849/5000000 | Win rate (rollout): 0.83 | Loss: 0.206 | Opp label coverage: 0.84
Step 4899367/5000000 | Win rate (rollout): 0.60 | Loss: 0.217 | Opp label coverage: 0.88
Step 4899884/5000000 | Win rate (rollout): 0.33 | Loss: 0.233 | Opp label coverage: 0.91
Step 4900396/5000000 | Win rate (rollout): 0.60 | Loss: 0.204 | Opp label coverage: 0.81
Step 4900908/5000000 | Win rate (rollout): 0.60 | Loss: 0.202 | Opp label coverage: 0.83
Step 4901422/5000000 | Win rate (rollout): 0.64 | Loss: 0.232 | Opp label coverage: 0.89
Step 4901939/5000000 | Win rate (rollout): 0.69 | Loss: 0.225 | Opp label coverage: 0.89
Step 4902455/5000000 | Win rate (rollout): 0.47 | Loss: 0.177 | Opp label coverage: 0.90
Step 4902967/5000000 | Win rate (rollout): 0.56 | Loss: 0.195 | Opp label coverage: 0.86
Step 4903481/5000000 | Win rate (rollout): 0.57 | Loss: 0.224 | Opp label coverage: 0.91
Step 4903993/5000000 | Win rate (rollout): 0.55 | Loss: 0.223 | Opp label coverage: 0.81
Step 4904505/5000000 | Win rate (rollout): 0.54 | Loss: 0.210 | Opp label coverage: 0.83
Step 4905017/5000000 | Win rate (rollout): 0.88 | Loss: 0.183 | Opp label coverage: 0.86
Step 4905529/5000000 | Win rate (rollout): 0.62 | Loss: 0.195 | Opp label coverage: 0.79
Step 4906046/5000000 | Win rate (rollout): 0.75 | Loss: 0.249 | Opp label coverage: 0.90
Step 4906558/5000000 | Win rate (rollout): 0.58 | Loss: 0.197 | Opp label coverage: 0.84
Step 4907073/5000000 | Win rate (rollout): 0.77 | Loss: 0.199 | Opp label coverage: 0.90
Step 4907585/5000000 | Win rate (rollout): 0.67 | Loss: 0.241 | Opp label coverage: 0.83
Step 4908099/5000000 | Win rate (rollout): 0.40 | Loss: 0.196 | Opp label coverage: 0.89
Step 4908611/5000000 | Win rate (rollout): 0.70 | Loss: 0.197 | Opp label coverage: 0.81
Step 4909123/5000000 | Win rate (rollout): 0.54 | Loss: 0.209 | Opp label coverage: 0.80
Step 4909635/5000000 | Win rate (rollout): 0.64 | Loss: 0.195 | Opp label coverage: 0.83
Step 4910149/5000000 | Win rate (rollout): 0.22 | Loss: 0.201 | Opp label coverage: 0.88
Step 4910662/5000000 | Win rate (rollout): 0.19 | Loss: 0.233 | Opp label coverage: 0.88
Step 4911174/5000000 | Win rate (rollout): 0.80 | Loss: 0.225 | Opp label coverage: 0.86
Step 4911686/5000000 | Win rate (rollout): 0.58 | Loss: 0.194 | Opp label coverage: 0.82
Step 4912203/5000000 | Win rate (rollout): 0.58 | Loss: 0.247 | Opp label coverage: 0.89
Step 4912715/5000000 | Win rate (rollout): 0.78 | Loss: 0.178 | Opp label coverage: 0.85
Step 4913231/5000000 | Win rate (rollout): 0.73 | Loss: 0.210 | Opp label coverage: 0.90
Step 4913743/5000000 | Win rate (rollout): 0.46 | Loss: 0.227 | Opp label coverage: 0.80
Step 4914255/5000000 | Win rate (rollout): 0.44 | Loss: 0.220 | Opp label coverage: 0.91
Step 4914767/5000000 | Win rate (rollout): 0.69 | Loss: 0.214 | Opp label coverage: 0.86
Step 4915279/5000000 | Win rate (rollout): 0.67 | Loss: 0.196 | Opp label coverage: 0.87
Step 4915791/5000000 | Win rate (rollout): 0.46 | Loss: 0.184 | Opp label coverage: 0.82
Step 4916303/5000000 | Win rate (rollout): 0.15 | Loss: 0.189 | Opp label coverage: 0.84
Step 4916815/5000000 | Win rate (rollout): 0.60 | Loss: 0.191 | Opp label coverage: 0.87
Step 4917327/5000000 | Win rate (rollout): 0.82 | Loss: 0.236 | Opp label coverage: 0.89
Step 4917839/5000000 | Win rate (rollout): 0.60 | Loss: 0.223 | Opp label coverage: 0.89
Step 4918351/5000000 | Win rate (rollout): 0.33 | Loss: 0.234 | Opp label coverage: 0.85
Step 4918866/5000000 | Win rate (rollout): 0.44 | Loss: 0.192 | Opp label coverage: 0.89
Step 4919378/5000000 | Win rate (rollout): 0.71 | Loss: 0.215 | Opp label coverage: 0.80
Step 4919892/5000000 | Win rate (rollout): 0.62 | Loss: 0.198 | Opp label coverage: 0.90
Step 4920404/5000000 | Win rate (rollout): 0.75 | Loss: 0.201 | Opp label coverage: 0.84
Step 4920920/5000000 | Win rate (rollout): 0.56 | Loss: 0.231 | Opp label coverage: 0.89
Step 4921432/5000000 | Win rate (rollout): 0.75 | Loss: 0.224 | Opp label coverage: 0.83
Step 4921951/5000000 | Win rate (rollout): 0.77 | Loss: 0.191 | Opp label coverage: 0.88
Step 4922463/5000000 | Win rate (rollout): 0.56 | Loss: 0.179 | Opp label coverage: 0.83
Step 4922978/5000000 | Win rate (rollout): 0.75 | Loss: 0.179 | Opp label coverage: 0.91
Step 4923495/5000000 | Win rate (rollout): 0.73 | Loss: 0.173 | Opp label coverage: 0.87
Step 4924007/5000000 | Win rate (rollout): 0.50 | Loss: 0.173 | Opp label coverage: 0.85
Step 4924519/5000000 | Win rate (rollout): 0.71 | Loss: 0.231 | Opp label coverage: 0.79
Step 4925031/5000000 | Win rate (rollout): 0.67 | Loss: 0.215 | Opp label coverage: 0.83
Step 4925548/5000000 | Win rate (rollout): 0.36 | Loss: 0.271 | Opp label coverage: 0.88
Step 4926060/5000000 | Win rate (rollout): 1.00 | Loss: 0.180 | Opp label coverage: 0.82
Step 4926572/5000000 | Win rate (rollout): 0.57 | Loss: 0.206 | Opp label coverage: 0.80
Step 4927087/5000000 | Win rate (rollout): 0.62 | Loss: 0.241 | Opp label coverage: 0.88
Step 4927599/5000000 | Win rate (rollout): 0.75 | Loss: 0.187 | Opp label coverage: 0.85
Step 4928113/5000000 | Win rate (rollout): 0.60 | Loss: 0.198 | Opp label coverage: 0.89
Step 4928625/5000000 | Win rate (rollout): 0.80 | Loss: 0.211 | Opp label coverage: 0.84
Step 4929144/5000000 | Win rate (rollout): 0.33 | Loss: 0.256 | Opp label coverage: 0.89
Step 4929660/5000000 | Win rate (rollout): 0.73 | Loss: 0.234 | Opp label coverage: 0.91
Step 4930172/5000000 | Win rate (rollout): 0.47 | Loss: 0.234 | Opp label coverage: 0.82
Step 4930688/5000000 | Win rate (rollout): 0.55 | Loss: 0.277 | Opp label coverage: 0.89
Step 4931202/5000000 | Win rate (rollout): 0.25 | Loss: 0.139 | Opp label coverage: 0.88
Step 4931718/5000000 | Win rate (rollout): 0.59 | Loss: 0.249 | Opp label coverage: 0.88
Step 4932234/5000000 | Win rate (rollout): 0.47 | Loss: 0.201 | Opp label coverage: 0.89
Step 4932746/5000000 | Win rate (rollout): 0.69 | Loss: 0.244 | Opp label coverage: 0.77
Step 4933258/5000000 | Win rate (rollout): 0.88 | Loss: 0.200 | Opp label coverage: 0.84
Step 4933770/5000000 | Win rate (rollout): 0.42 | Loss: 0.206 | Opp label coverage: 0.84
Step 4934282/5000000 | Win rate (rollout): 0.83 | Loss: 0.173 | Opp label coverage: 0.85
Step 4934800/5000000 | Win rate (rollout): 0.44 | Loss: 0.233 | Opp label coverage: 0.90
Step 4935312/5000000 | Win rate (rollout): 0.64 | Loss: 0.201 | Opp label coverage: 0.85
Step 4935824/5000000 | Win rate (rollout): 0.64 | Loss: 0.187 | Opp label coverage: 0.81
Step 4936336/5000000 | Win rate (rollout): 0.38 | Loss: 0.192 | Opp label coverage: 0.82
Step 4936848/5000000 | Win rate (rollout): 0.73 | Loss: 0.191 | Opp label coverage: 0.83
Step 4937360/5000000 | Win rate (rollout): 0.71 | Loss: 0.234 | Opp label coverage: 0.80
Step 4937872/5000000 | Win rate (rollout): 0.47 | Loss: 0.207 | Opp label coverage: 0.79
Step 4938384/5000000 | Win rate (rollout): 0.50 | Loss: 0.255 | Opp label coverage: 0.83
Step 4938896/5000000 | Win rate (rollout): 0.71 | Loss: 0.197 | Opp label coverage: 0.81
Step 4939408/5000000 | Win rate (rollout): 0.69 | Loss: 0.201 | Opp label coverage: 0.82
Step 4939920/5000000 | Win rate (rollout): 0.70 | Loss: 0.226 | Opp label coverage: 0.92
Step 4940432/5000000 | Win rate (rollout): 0.73 | Loss: 0.190 | Opp label coverage: 0.78
Step 4940944/5000000 | Win rate (rollout): 0.24 | Loss: 0.196 | Opp label coverage: 0.86
Step 4941456/5000000 | Win rate (rollout): 0.67 | Loss: 0.209 | Opp label coverage: 0.82
Step 4941970/5000000 | Win rate (rollout): 0.50 | Loss: 0.267 | Opp label coverage: 0.88
Step 4942482/5000000 | Win rate (rollout): 0.83 | Loss: 0.183 | Opp label coverage: 0.83
Step 4942996/5000000 | Win rate (rollout): 0.82 | Loss: 0.148 | Opp label coverage: 0.89
Step 4943510/5000000 | Win rate (rollout): 0.62 | Loss: 0.250 | Opp label coverage: 0.89
Step 4944023/5000000 | Win rate (rollout): 0.67 | Loss: 0.116 | Opp label coverage: 0.90
Step 4944536/5000000 | Win rate (rollout): 0.53 | Loss: 0.213 | Opp label coverage: 0.87
Step 4945048/5000000 | Win rate (rollout): 0.80 | Loss: 0.163 | Opp label coverage: 0.88
Step 4945564/5000000 | Win rate (rollout): 0.70 | Loss: 0.143 | Opp label coverage: 0.90
Step 4946076/5000000 | Win rate (rollout): 0.83 | Loss: 0.206 | Opp label coverage: 0.84
Step 4946593/5000000 | Win rate (rollout): 0.54 | Loss: 0.184 | Opp label coverage: 0.88
Step 4947106/5000000 | Win rate (rollout): 0.60 | Loss: 0.283 | Opp label coverage: 0.87
Step 4947624/5000000 | Win rate (rollout): 0.54 | Loss: 0.192 | Opp label coverage: 0.87
Step 4948136/5000000 | Win rate (rollout): 0.50 | Loss: 0.213 | Opp label coverage: 0.82
Step 4948648/5000000 | Win rate (rollout): 0.64 | Loss: 0.207 | Opp label coverage: 0.83
Step 4949165/5000000 | Win rate (rollout): 0.40 | Loss: 0.292 | Opp label coverage: 0.91
Step 4949677/5000000 | Win rate (rollout): 0.43 | Loss: 0.257 | Opp label coverage: 0.80
Step 4950189/5000000 | Win rate (rollout): 0.50 | Loss: 0.222 | Opp label coverage: 0.82
Step 4950701/5000000 | Win rate (rollout): 0.50 | Loss: 0.216 | Opp label coverage: 0.84
Step 4951213/5000000 | Win rate (rollout): 0.13 | Loss: 0.179 | Opp label coverage: 0.79
Step 4951725/5000000 | Win rate (rollout): 0.53 | Loss: 0.209 | Opp label coverage: 0.86
Step 4952237/5000000 | Win rate (rollout): 0.78 | Loss: 0.215 | Opp label coverage: 0.80
Step 4952756/5000000 | Win rate (rollout): 0.83 | Loss: 0.180 | Opp label coverage: 0.91
Step 4953268/5000000 | Win rate (rollout): 0.50 | Loss: 0.179 | Opp label coverage: 0.80
Step 4953785/5000000 | Win rate (rollout): 0.45 | Loss: 0.205 | Opp label coverage: 0.88
Step 4954297/5000000 | Win rate (rollout): 0.50 | Loss: 0.216 | Opp label coverage: 0.83
Step 4954815/5000000 | Win rate (rollout): 0.40 | Loss: 0.230 | Opp label coverage: 0.88
Step 4955330/5000000 | Win rate (rollout): 0.50 | Loss: 0.178 | Opp label coverage: 0.90
Step 4955842/5000000 | Win rate (rollout): 0.46 | Loss: 0.206 | Opp label coverage: 0.91
Step 4956354/5000000 | Win rate (rollout): 0.60 | Loss: 0.207 | Opp label coverage: 0.84
Step 4956866/5000000 | Win rate (rollout): 0.64 | Loss: 0.178 | Opp label coverage: 0.84
Step 4957378/5000000 | Win rate (rollout): 0.85 | Loss: 0.243 | Opp label coverage: 0.81
Step 4957890/5000000 | Win rate (rollout): 0.80 | Loss: 0.187 | Opp label coverage: 0.86
Step 4958402/5000000 | Win rate (rollout): 0.54 | Loss: 0.194 | Opp label coverage: 0.85
Step 4958917/5000000 | Win rate (rollout): 0.50 | Loss: 0.199 | Opp label coverage: 0.88
Step 4959429/5000000 | Win rate (rollout): 0.38 | Loss: 0.182 | Opp label coverage: 0.82
Step 4959942/5000000 | Win rate (rollout): 0.55 | Loss: 0.171 | Opp label coverage: 0.88
Step 4960454/5000000 | Win rate (rollout): 0.75 | Loss: 0.185 | Opp label coverage: 0.81
Step 4960966/5000000 | Win rate (rollout): 0.90 | Loss: 0.244 | Opp label coverage: 0.90
Step 4961478/5000000 | Win rate (rollout): 0.54 | Loss: 0.234 | Opp label coverage: 0.82
Step 4961993/5000000 | Win rate (rollout): 0.69 | Loss: 0.227 | Opp label coverage: 0.90
Step 4962506/5000000 | Win rate (rollout): 0.40 | Loss: 0.288 | Opp label coverage: 0.89
Step 4963022/5000000 | Win rate (rollout): 0.62 | Loss: 0.206 | Opp label coverage: 0.91
Step 4963538/5000000 | Win rate (rollout): 0.43 | Loss: 0.249 | Opp label coverage: 0.89
Step 4964050/5000000 | Win rate (rollout): 0.31 | Loss: 0.238 | Opp label coverage: 0.83
Step 4964568/5000000 | Win rate (rollout): 0.42 | Loss: 0.230 | Opp label coverage: 0.90
Step 4965084/5000000 | Win rate (rollout): 0.45 | Loss: 0.243 | Opp label coverage: 0.91
Step 4965596/5000000 | Win rate (rollout): 0.71 | Loss: 0.210 | Opp label coverage: 0.80
Step 4966108/5000000 | Win rate (rollout): 0.53 | Loss: 0.203 | Opp label coverage: 0.84
Step 4966621/5000000 | Win rate (rollout): 0.70 | Loss: 0.239 | Opp label coverage: 0.91
Step 4967133/5000000 | Win rate (rollout): 0.64 | Loss: 0.216 | Opp label coverage: 0.87
Step 4967645/5000000 | Win rate (rollout): 0.69 | Loss: 0.200 | Opp label coverage: 0.80
Step 4968157/5000000 | Win rate (rollout): 0.47 | Loss: 0.213 | Opp label coverage: 0.84
Step 4968676/5000000 | Win rate (rollout): 0.80 | Loss: 0.237 | Opp label coverage: 0.91
Step 4969188/5000000 | Win rate (rollout): 0.50 | Loss: 0.226 | Opp label coverage: 0.84
Step 4969700/5000000 | Win rate (rollout): 0.43 | Loss: 0.195 | Opp label coverage: 0.83
Step 4970212/5000000 | Win rate (rollout): 0.54 | Loss: 0.225 | Opp label coverage: 0.88
Step 4970724/5000000 | Win rate (rollout): 0.89 | Loss: 0.166 | Opp label coverage: 0.76
Step 4971236/5000000 | Win rate (rollout): 0.77 | Loss: 0.200 | Opp label coverage: 0.84
Step 4971754/5000000 | Win rate (rollout): 0.67 | Loss: 0.199 | Opp label coverage: 0.88
Step 4972266/5000000 | Win rate (rollout): 0.91 | Loss: 0.180 | Opp label coverage: 0.88
Step 4972778/5000000 | Win rate (rollout): 0.67 | Loss: 0.205 | Opp label coverage: 0.80
Step 4973290/5000000 | Win rate (rollout): 0.55 | Loss: 0.217 | Opp label coverage: 0.87
Step 4973803/5000000 | Win rate (rollout): 0.44 | Loss: 0.198 | Opp label coverage: 0.90
Step 4974315/5000000 | Win rate (rollout): 0.64 | Loss: 0.185 | Opp label coverage: 0.79
Step 4974827/5000000 | Win rate (rollout): 0.69 | Loss: 0.218 | Opp label coverage: 0.81
Step 4975339/5000000 | Win rate (rollout): 0.62 | Loss: 0.196 | Opp label coverage: 0.89
Step 4975854/5000000 | Win rate (rollout): 0.31 | Loss: 0.267 | Opp label coverage: 0.87
Step 4976372/5000000 | Win rate (rollout): 0.77 | Loss: 0.196 | Opp label coverage: 0.91
Step 4976884/5000000 | Win rate (rollout): 0.62 | Loss: 0.194 | Opp label coverage: 0.83
Step 4977396/5000000 | Win rate (rollout): 0.67 | Loss: 0.232 | Opp label coverage: 0.77
Step 4977913/5000000 | Win rate (rollout): 0.82 | Loss: 0.215 | Opp label coverage: 0.90
Step 4978427/5000000 | Win rate (rollout): 0.67 | Loss: 0.259 | Opp label coverage: 0.89
Step 4978939/5000000 | Win rate (rollout): 0.54 | Loss: 0.228 | Opp label coverage: 0.83
Step 4979451/5000000 | Win rate (rollout): 0.50 | Loss: 0.205 | Opp label coverage: 0.84
Step 4979963/5000000 | Win rate (rollout): 0.60 | Loss: 0.210 | Opp label coverage: 0.77
Step 4980475/5000000 | Win rate (rollout): 0.50 | Loss: 0.222 | Opp label coverage: 0.80
Step 4980990/5000000 | Win rate (rollout): 0.89 | Loss: 0.249 | Opp label coverage: 0.90
Step 4981502/5000000 | Win rate (rollout): 0.50 | Loss: 0.248 | Opp label coverage: 0.83
Step 4982014/5000000 | Win rate (rollout): 0.75 | Loss: 0.174 | Opp label coverage: 0.82
Step 4982526/5000000 | Win rate (rollout): 0.62 | Loss: 0.193 | Opp label coverage: 0.77
Step 4983038/5000000 | Win rate (rollout): 0.38 | Loss: 0.213 | Opp label coverage: 0.81
Step 4983550/5000000 | Win rate (rollout): 0.50 | Loss: 0.201 | Opp label coverage: 0.89
Step 4984062/5000000 | Win rate (rollout): 0.67 | Loss: 0.194 | Opp label coverage: 0.82
Step 4984575/5000000 | Win rate (rollout): 0.64 | Loss: 0.359 | Opp label coverage: 0.90
Step 4985088/5000000 | Win rate (rollout): 0.31 | Loss: 0.127 | Opp label coverage: 0.87
Step 4985606/5000000 | Win rate (rollout): 0.58 | Loss: 0.203 | Opp label coverage: 0.88
Step 4986118/5000000 | Win rate (rollout): 0.62 | Loss: 0.221 | Opp label coverage: 0.77
Step 4986630/5000000 | Win rate (rollout): 0.33 | Loss: 0.177 | Opp label coverage: 0.77
Step 4987142/5000000 | Win rate (rollout): 0.55 | Loss: 0.240 | Opp label coverage: 0.88
Step 4987655/5000000 | Win rate (rollout): 0.67 | Loss: 0.166 | Opp label coverage: 0.89
Step 4988167/5000000 | Win rate (rollout): 0.42 | Loss: 0.213 | Opp label coverage: 0.82
Step 4988679/5000000 | Win rate (rollout): 0.78 | Loss: 0.178 | Opp label coverage: 0.84
Step 4989191/5000000 | Win rate (rollout): 0.67 | Loss: 0.205 | Opp label coverage: 0.82
Step 4989703/5000000 | Win rate (rollout): 0.22 | Loss: 0.225 | Opp label coverage: 0.90
Step 4990215/5000000 | Win rate (rollout): 0.54 | Loss: 0.225 | Opp label coverage: 0.82
Step 4990732/5000000 | Win rate (rollout): 0.67 | Loss: 0.191 | Opp label coverage: 0.90
Step 4991246/5000000 | Win rate (rollout): 0.80 | Loss: 0.224 | Opp label coverage: 0.89
Step 4991758/5000000 | Win rate (rollout): 0.82 | Loss: 0.188 | Opp label coverage: 0.86
Step 4992270/5000000 | Win rate (rollout): 0.87 | Loss: 0.189 | Opp label coverage: 0.81
Step 4992782/5000000 | Win rate (rollout): 0.27 | Loss: 0.226 | Opp label coverage: 0.83
Step 4993295/5000000 | Win rate (rollout): 0.56 | Loss: 0.219 | Opp label coverage: 0.89
Step 4993811/5000000 | Win rate (rollout): 0.71 | Loss: 0.219 | Opp label coverage: 0.91
Step 4994323/5000000 | Win rate (rollout): 0.80 | Loss: 0.192 | Opp label coverage: 0.78
Step 4994835/5000000 | Win rate (rollout): 0.58 | Loss: 0.195 | Opp label coverage: 0.77
Step 4995351/5000000 | Win rate (rollout): 0.73 | Loss: 0.222 | Opp label coverage: 0.90
Step 4995863/5000000 | Win rate (rollout): 0.57 | Loss: 0.213 | Opp label coverage: 0.83
Step 4996375/5000000 | Win rate (rollout): 0.50 | Loss: 0.209 | Opp label coverage: 0.79
Step 4996889/5000000 | Win rate (rollout): 0.75 | Loss: 0.162 | Opp label coverage: 0.90
Step 4997407/5000000 | Win rate (rollout): 0.53 | Loss: 0.221 | Opp label coverage: 0.91
Step 4997919/5000000 | Win rate (rollout): 0.62 | Loss: 0.237 | Opp label coverage: 0.84
Step 4998431/5000000 | Win rate (rollout): 0.80 | Loss: 0.171 | Opp label coverage: 0.86
Step 4998946/5000000 | Win rate (rollout): 0.40 | Loss: 0.239 | Opp label coverage: 0.88
Step 4999458/5000000 | Win rate (rollout): 0.36 | Loss: 0.194 | Opp label coverage: 0.81
Step 4999971/5000000 | Win rate (rollout): 0.69 | Loss: 0.197 | Opp label coverage: 0.88
Step 5000004/5000000 | Win rate (rollout): nan | Loss: 0.191 | Opp label coverage: 0.85

Training complete. Final model saved to models/ppo/checkpoints/m9seed/ppo_step_5000004_final.pt
Total steps: 5000004
