Warm-started from BC checkpoint: models/checkpoints/bc_mlp_gen1_v3_rb5.pt
BC KL-anchor attached: models/checkpoints/bc_mlp_gen1_v3_rb5.pt (coef 0.05, constant)
Starting PPO training: 5000000 steps | obs_mode=v3 (obs_size=1032) | rollout=512 steps | num_envs=8 | device=cuda | opponent=selfplay=0.5,damagefirst=0.3,random=0.2 (pool: models/ppo/checkpoints/m9p2c) | checkpoint every 250000 steps | opp_coef=0.1
Value warmup: policy frozen until step 200000
/home/laith/Projects/pokemon-showdown-ai/models/ppo/train.py:271: UserWarning: checkpoint has no 'opp_head'; using a freshly initialized opponent-prediction head (expected for pre-M5 checkpoints)
  opponent = PPOAgent.load(str(path), device=device)
/home/laith/Projects/pokemon-showdown-ai/models/ppo/train.py:271: UserWarning: could not restore optimizer state (loaded state dict contains a parameter group that doesn't match the size of optimizer's group); using a fresh optimizer (expected when loading a pre-M5 checkpoint into the headed agent)
  opponent = PPOAgent.load(str(path), device=device)
Step 512/5000000 | Win rate (rollout): 0.45 | Loss: 0.534 | Opp label coverage: 0.82
Step 1024/5000000 | Win rate (rollout): 0.28 | Loss: 0.416 | Opp label coverage: 0.86
Step 1538/5000000 | Win rate (rollout): 0.20 | Loss: 0.345 | Opp label coverage: 0.88
Step 2050/5000000 | Win rate (rollout): 0.38 | Loss: 0.322 | Opp label coverage: 0.85
Step 2562/5000000 | Win rate (rollout): 0.33 | Loss: 0.330 | Opp label coverage: 0.91
Step 3074/5000000 | Win rate (rollout): 0.31 | Loss: 0.367 | Opp label coverage: 0.84
Step 3586/5000000 | Win rate (rollout): 0.36 | Loss: 0.393 | Opp label coverage: 0.83
Step 4105/5000000 | Win rate (rollout): 0.18 | Loss: 0.304 | Opp label coverage: 0.87
Step 4618/5000000 | Win rate (rollout): 0.50 | Loss: 0.331 | Opp label coverage: 0.90
Step 5130/5000000 | Win rate (rollout): 0.38 | Loss: 0.371 | Opp label coverage: 0.83
Step 5642/5000000 | Win rate (rollout): 0.27 | Loss: 0.359 | Opp label coverage: 0.89
Step 6154/5000000 | Win rate (rollout): 0.45 | Loss: 0.311 | Opp label coverage: 0.83
Step 6666/5000000 | Win rate (rollout): 0.25 | Loss: 0.368 | Opp label coverage: 0.84
Step 7184/5000000 | Win rate (rollout): 0.50 | Loss: 0.364 | Opp label coverage: 0.89
Step 7702/5000000 | Win rate (rollout): 0.50 | Loss: 0.329 | Opp label coverage: 0.90
Step 8214/5000000 | Win rate (rollout): 0.17 | Loss: 0.341 | Opp label coverage: 0.84
Step 8726/5000000 | Win rate (rollout): 0.40 | Loss: 0.323 | Opp label coverage: 0.86
Step 9243/5000000 | Win rate (rollout): 0.38 | Loss: 0.294 | Opp label coverage: 0.91
Step 9755/5000000 | Win rate (rollout): 0.33 | Loss: 0.331 | Opp label coverage: 0.84
Step 10267/5000000 | Win rate (rollout): 0.43 | Loss: 0.312 | Opp label coverage: 0.86
Step 10784/5000000 | Win rate (rollout): 0.56 | Loss: 0.308 | Opp label coverage: 0.91
Step 11296/5000000 | Win rate (rollout): 0.33 | Loss: 0.302 | Opp label coverage: 0.82
Step 11808/5000000 | Win rate (rollout): 0.25 | Loss: 0.311 | Opp label coverage: 0.82
Step 12322/5000000 | Win rate (rollout): 0.56 | Loss: 0.221 | Opp label coverage: 0.91
Step 12834/5000000 | Win rate (rollout): 0.40 | Loss: 0.297 | Opp label coverage: 0.78
Step 13346/5000000 | Win rate (rollout): 0.33 | Loss: 0.319 | Opp label coverage: 0.75
Step 13858/5000000 | Win rate (rollout): 0.31 | Loss: 0.341 | Opp label coverage: 0.80
Step 14370/5000000 | Win rate (rollout): 0.43 | Loss: 0.357 | Opp label coverage: 0.79
Step 14888/5000000 | Win rate (rollout): 0.27 | Loss: 0.271 | Opp label coverage: 0.88
Step 15406/5000000 | Win rate (rollout): 0.33 | Loss: 0.347 | Opp label coverage: 0.90
Step 15918/5000000 | Win rate (rollout): 0.22 | Loss: 0.272 | Opp label coverage: 0.82
Step 16430/5000000 | Win rate (rollout): 0.42 | Loss: 0.314 | Opp label coverage: 0.81
Step 16942/5000000 | Win rate (rollout): 0.36 | Loss: 0.307 | Opp label coverage: 0.83
Step 17455/5000000 | Win rate (rollout): 0.36 | Loss: 0.282 | Opp label coverage: 0.88
Step 17967/5000000 | Win rate (rollout): 0.38 | Loss: 0.367 | Opp label coverage: 0.88
Step 18479/5000000 | Win rate (rollout): 0.38 | Loss: 0.273 | Opp label coverage: 0.84
Step 18993/5000000 | Win rate (rollout): 0.45 | Loss: 0.369 | Opp label coverage: 0.88
Step 19507/5000000 | Win rate (rollout): 0.54 | Loss: 0.331 | Opp label coverage: 0.91
Step 20022/5000000 | Win rate (rollout): 0.14 | Loss: 0.331 | Opp label coverage: 0.90
Step 20534/5000000 | Win rate (rollout): 0.33 | Loss: 0.288 | Opp label coverage: 0.84
Step 21049/5000000 | Win rate (rollout): 0.20 | Loss: 0.290 | Opp label coverage: 0.88
Step 21561/5000000 | Win rate (rollout): 0.44 | Loss: 0.308 | Opp label coverage: 0.88
Step 22073/5000000 | Win rate (rollout): 0.20 | Loss: 0.349 | Opp label coverage: 0.83
Step 22589/5000000 | Win rate (rollout): 0.62 | Loss: 0.335 | Opp label coverage: 0.91
Step 23101/5000000 | Win rate (rollout): 0.15 | Loss: 0.336 | Opp label coverage: 0.83
Step 23617/5000000 | Win rate (rollout): 0.43 | Loss: 0.278 | Opp label coverage: 0.90
Step 24135/5000000 | Win rate (rollout): 0.47 | Loss: 0.281 | Opp label coverage: 0.89
Step 24653/5000000 | Win rate (rollout): 0.42 | Loss: 0.365 | Opp label coverage: 0.90
Step 25167/5000000 | Win rate (rollout): 0.42 | Loss: 0.281 | Opp label coverage: 0.90
Step 25683/5000000 | Win rate (rollout): 0.31 | Loss: 0.254 | Opp label coverage: 0.89
Step 26198/5000000 | Win rate (rollout): 0.35 | Loss: 0.375 | Opp label coverage: 0.89
Step 26710/5000000 | Win rate (rollout): 0.50 | Loss: 0.289 | Opp label coverage: 0.80
Step 27225/5000000 | Win rate (rollout): 0.30 | Loss: 0.242 | Opp label coverage: 0.89
Step 27737/5000000 | Win rate (rollout): 0.38 | Loss: 0.281 | Opp label coverage: 0.80
Step 28252/5000000 | Win rate (rollout): 0.50 | Loss: 0.323 | Opp label coverage: 0.90
Step 28764/5000000 | Win rate (rollout): 0.36 | Loss: 0.346 | Opp label coverage: 0.79
Step 29280/5000000 | Win rate (rollout): 0.50 | Loss: 0.354 | Opp label coverage: 0.89
Step 29792/5000000 | Win rate (rollout): 0.18 | Loss: 0.290 | Opp label coverage: 0.83
Step 30304/5000000 | Win rate (rollout): 0.15 | Loss: 0.261 | Opp label coverage: 0.82
Step 30816/5000000 | Win rate (rollout): 0.71 | Loss: 0.293 | Opp label coverage: 0.85
Step 31328/5000000 | Win rate (rollout): 0.50 | Loss: 0.335 | Opp label coverage: 0.82
Step 31840/5000000 | Win rate (rollout): 0.38 | Loss: 0.355 | Opp label coverage: 0.84
Step 32355/5000000 | Win rate (rollout): 0.27 | Loss: 0.265 | Opp label coverage: 0.88
Step 32871/5000000 | Win rate (rollout): 0.45 | Loss: 0.320 | Opp label coverage: 0.90
Step 33383/5000000 | Win rate (rollout): 0.57 | Loss: 0.263 | Opp label coverage: 0.84
Step 33896/5000000 | Win rate (rollout): 0.55 | Loss: 0.399 | Opp label coverage: 0.90
Step 34408/5000000 | Win rate (rollout): 0.44 | Loss: 0.282 | Opp label coverage: 0.86
Step 34920/5000000 | Win rate (rollout): 0.33 | Loss: 0.331 | Opp label coverage: 0.78
Step 35435/5000000 | Win rate (rollout): 0.56 | Loss: 0.363 | Opp label coverage: 0.90
Step 35952/5000000 | Win rate (rollout): 0.50 | Loss: 0.310 | Opp label coverage: 0.92
Step 36464/5000000 | Win rate (rollout): 0.50 | Loss: 0.279 | Opp label coverage: 0.85
Step 36978/5000000 | Win rate (rollout): 0.56 | Loss: 0.322 | Opp label coverage: 0.88
Step 37490/5000000 | Win rate (rollout): 0.83 | Loss: 0.276 | Opp label coverage: 0.82
Step 38002/5000000 | Win rate (rollout): 0.21 | Loss: 0.367 | Opp label coverage: 0.78
Step 38514/5000000 | Win rate (rollout): 0.14 | Loss: 0.295 | Opp label coverage: 0.85
Step 39026/5000000 | Win rate (rollout): 0.12 | Loss: 0.239 | Opp label coverage: 0.86
Step 39538/5000000 | Win rate (rollout): 0.27 | Loss: 0.280 | Opp label coverage: 0.82
Step 40051/5000000 | Win rate (rollout): 0.33 | Loss: 0.306 | Opp label coverage: 0.89
Step 40563/5000000 | Win rate (rollout): 0.67 | Loss: 0.319 | Opp label coverage: 0.82
Step 41081/5000000 | Win rate (rollout): 0.27 | Loss: 0.326 | Opp label coverage: 0.88
Step 41599/5000000 | Win rate (rollout): 0.25 | Loss: 0.321 | Opp label coverage: 0.90
Step 42111/5000000 | Win rate (rollout): 0.27 | Loss: 0.329 | Opp label coverage: 0.82
Step 42627/5000000 | Win rate (rollout): 0.50 | Loss: 0.335 | Opp label coverage: 0.89
Step 43143/5000000 | Win rate (rollout): 0.50 | Loss: 0.268 | Opp label coverage: 0.90
Step 43655/5000000 | Win rate (rollout): 0.50 | Loss: 0.264 | Opp label coverage: 0.87
Step 44173/5000000 | Win rate (rollout): 0.56 | Loss: 0.353 | Opp label coverage: 0.89
Step 44685/5000000 | Win rate (rollout): 0.29 | Loss: 0.277 | Opp label coverage: 0.89
Step 45197/5000000 | Win rate (rollout): 0.44 | Loss: 0.287 | Opp label coverage: 0.83
Step 45715/5000000 | Win rate (rollout): 0.33 | Loss: 0.322 | Opp label coverage: 0.90
Step 46227/5000000 | Win rate (rollout): 0.36 | Loss: 0.285 | Opp label coverage: 0.88
Step 46744/5000000 | Win rate (rollout): 0.56 | Loss: 0.349 | Opp label coverage: 0.90
Step 47256/5000000 | Win rate (rollout): 0.20 | Loss: 0.295 | Opp label coverage: 0.80
Step 47770/5000000 | Win rate (rollout): 0.40 | Loss: 0.396 | Opp label coverage: 0.89
Step 48286/5000000 | Win rate (rollout): 0.19 | Loss: 0.322 | Opp label coverage: 0.88
Step 48798/5000000 | Win rate (rollout): 0.38 | Loss: 0.346 | Opp label coverage: 0.79
Step 49311/5000000 | Win rate (rollout): 0.60 | Loss: 0.400 | Opp label coverage: 0.92
Step 49830/5000000 | Win rate (rollout): 0.50 | Loss: 0.317 | Opp label coverage: 0.90
Step 50342/5000000 | Win rate (rollout): 0.25 | Loss: 0.308 | Opp label coverage: 0.80
Step 50856/5000000 | Win rate (rollout): 0.10 | Loss: 0.268 | Opp label coverage: 0.90
Step 51368/5000000 | Win rate (rollout): 0.50 | Loss: 0.277 | Opp label coverage: 0.80
Step 51881/5000000 | Win rate (rollout): 0.38 | Loss: 0.326 | Opp label coverage: 0.89
Step 52393/5000000 | Win rate (rollout): 0.38 | Loss: 0.350 | Opp label coverage: 0.84
Step 52905/5000000 | Win rate (rollout): 0.27 | Loss: 0.334 | Opp label coverage: 0.83
Step 53417/5000000 | Win rate (rollout): 0.38 | Loss: 0.271 | Opp label coverage: 0.81
Step 53931/5000000 | Win rate (rollout): 0.33 | Loss: 0.273 | Opp label coverage: 0.90
Step 54443/5000000 | Win rate (rollout): 0.42 | Loss: 0.324 | Opp label coverage: 0.81
Step 54958/5000000 | Win rate (rollout): 0.50 | Loss: 0.313 | Opp label coverage: 0.89
Step 55477/5000000 | Win rate (rollout): 0.24 | Loss: 0.295 | Opp label coverage: 0.89
Step 55991/5000000 | Win rate (rollout): 0.50 | Loss: 0.257 | Opp label coverage: 0.89
Step 56509/5000000 | Win rate (rollout): 0.23 | Loss: 0.246 | Opp label coverage: 0.89
Step 57024/5000000 | Win rate (rollout): 0.38 | Loss: 0.332 | Opp label coverage: 0.90
Step 57536/5000000 | Win rate (rollout): 0.25 | Loss: 0.284 | Opp label coverage: 0.81
Step 58048/5000000 | Win rate (rollout): 0.44 | Loss: 0.306 | Opp label coverage: 0.81
Step 58560/5000000 | Win rate (rollout): 0.24 | Loss: 0.318 | Opp label coverage: 0.87
Step 59077/5000000 | Win rate (rollout): 0.56 | Loss: 0.286 | Opp label coverage: 0.90
Step 59589/5000000 | Win rate (rollout): 0.55 | Loss: 0.359 | Opp label coverage: 0.82
Step 60101/5000000 | Win rate (rollout): 0.24 | Loss: 0.343 | Opp label coverage: 0.80
Step 60613/5000000 | Win rate (rollout): 0.40 | Loss: 0.338 | Opp label coverage: 0.83
Step 61125/5000000 | Win rate (rollout): 0.40 | Loss: 0.280 | Opp label coverage: 0.81
Step 61637/5000000 | Win rate (rollout): 0.18 | Loss: 0.308 | Opp label coverage: 0.81
Step 62149/5000000 | Win rate (rollout): 0.31 | Loss: 0.351 | Opp label coverage: 0.79
Step 62661/5000000 | Win rate (rollout): 0.57 | Loss: 0.279 | Opp label coverage: 0.85
Step 63174/5000000 | Win rate (rollout): 0.25 | Loss: 0.323 | Opp label coverage: 0.89
Step 63691/5000000 | Win rate (rollout): 0.41 | Loss: 0.366 | Opp label coverage: 0.89
Step 64210/5000000 | Win rate (rollout): 0.36 | Loss: 0.352 | Opp label coverage: 0.88
Step 64722/5000000 | Win rate (rollout): 0.40 | Loss: 0.347 | Opp label coverage: 0.88
Step 65234/5000000 | Win rate (rollout): 0.15 | Loss: 0.280 | Opp label coverage: 0.89
Step 65746/5000000 | Win rate (rollout): 0.43 | Loss: 0.278 | Opp label coverage: 0.85
Step 66258/5000000 | Win rate (rollout): 0.23 | Loss: 0.320 | Opp label coverage: 0.82
Step 66770/5000000 | Win rate (rollout): 0.23 | Loss: 0.300 | Opp label coverage: 0.82
Step 67282/5000000 | Win rate (rollout): 0.36 | Loss: 0.289 | Opp label coverage: 0.83
Step 67794/5000000 | Win rate (rollout): 0.25 | Loss: 0.281 | Opp label coverage: 0.82
Step 68306/5000000 | Win rate (rollout): 0.00 | Loss: 0.255 | Opp label coverage: 0.83
Step 68818/5000000 | Win rate (rollout): 0.47 | Loss: 0.351 | Opp label coverage: 0.82
Step 69333/5000000 | Win rate (rollout): 0.36 | Loss: 0.299 | Opp label coverage: 0.89
Step 69852/5000000 | Win rate (rollout): 0.15 | Loss: 0.306 | Opp label coverage: 0.89
Step 70364/5000000 | Win rate (rollout): 0.70 | Loss: 0.337 | Opp label coverage: 0.84
Step 70879/5000000 | Win rate (rollout): 0.75 | Loss: 0.376 | Opp label coverage: 0.90
Step 71392/5000000 | Win rate (rollout): 0.67 | Loss: 0.239 | Opp label coverage: 0.89
Step 71904/5000000 | Win rate (rollout): 0.33 | Loss: 0.318 | Opp label coverage: 0.80
Step 72421/5000000 | Win rate (rollout): 0.50 | Loss: 0.304 | Opp label coverage: 0.91
Step 72933/5000000 | Win rate (rollout): 0.29 | Loss: 0.285 | Opp label coverage: 0.84
Step 73446/5000000 | Win rate (rollout): 0.38 | Loss: 0.295 | Opp label coverage: 0.89
Step 73958/5000000 | Win rate (rollout): 0.15 | Loss: 0.316 | Opp label coverage: 0.83
Step 74470/5000000 | Win rate (rollout): 0.29 | Loss: 0.259 | Opp label coverage: 0.87
Step 74982/5000000 | Win rate (rollout): 0.29 | Loss: 0.282 | Opp label coverage: 0.87
Step 75494/5000000 | Win rate (rollout): 0.20 | Loss: 0.252 | Opp label coverage: 0.91
Step 76008/5000000 | Win rate (rollout): 0.67 | Loss: 0.310 | Opp label coverage: 0.91
Step 76520/5000000 | Win rate (rollout): 0.42 | Loss: 0.375 | Opp label coverage: 0.81
Step 77039/5000000 | Win rate (rollout): 0.44 | Loss: 0.325 | Opp label coverage: 0.89
Step 77553/5000000 | Win rate (rollout): 0.29 | Loss: 0.305 | Opp label coverage: 0.88
Step 78065/5000000 | Win rate (rollout): 0.30 | Loss: 0.319 | Opp label coverage: 0.86
Step 78577/5000000 | Win rate (rollout): 0.21 | Loss: 0.337 | Opp label coverage: 0.82
Step 79089/5000000 | Win rate (rollout): 0.44 | Loss: 0.318 | Opp label coverage: 0.85
Step 79601/5000000 | Win rate (rollout): 0.24 | Loss: 0.293 | Opp label coverage: 0.82
Step 80120/5000000 | Win rate (rollout): 0.36 | Loss: 0.334 | Opp label coverage: 0.89
Step 80634/5000000 | Win rate (rollout): 0.42 | Loss: 0.290 | Opp label coverage: 0.89
Step 81146/5000000 | Win rate (rollout): 0.45 | Loss: 0.319 | Opp label coverage: 0.86
Step 81658/5000000 | Win rate (rollout): 0.50 | Loss: 0.276 | Opp label coverage: 0.86
Step 82173/5000000 | Win rate (rollout): 0.36 | Loss: 0.333 | Opp label coverage: 0.88
Step 82691/5000000 | Win rate (rollout): 0.31 | Loss: 0.306 | Opp label coverage: 0.89
Step 83203/5000000 | Win rate (rollout): 0.14 | Loss: 0.290 | Opp label coverage: 0.87
Step 83715/5000000 | Win rate (rollout): 0.44 | Loss: 0.298 | Opp label coverage: 0.74
Step 84227/5000000 | Win rate (rollout): 0.47 | Loss: 0.342 | Opp label coverage: 0.81
Step 84739/5000000 | Win rate (rollout): 0.38 | Loss: 0.298 | Opp label coverage: 0.80
Step 85253/5000000 | Win rate (rollout): 0.10 | Loss: 0.341 | Opp label coverage: 0.90
Step 85771/5000000 | Win rate (rollout): 0.46 | Loss: 0.296 | Opp label coverage: 0.89
Step 86284/5000000 | Win rate (rollout): 0.29 | Loss: 0.366 | Opp label coverage: 0.88
Step 86798/5000000 | Win rate (rollout): 0.50 | Loss: 0.412 | Opp label coverage: 0.87
Step 87310/5000000 | Win rate (rollout): 0.36 | Loss: 0.343 | Opp label coverage: 0.80
Step 87823/5000000 | Win rate (rollout): 0.25 | Loss: 0.169 | Opp label coverage: 0.88
Step 88341/5000000 | Win rate (rollout): 0.25 | Loss: 0.259 | Opp label coverage: 0.91
Step 88858/5000000 | Win rate (rollout): 0.31 | Loss: 0.306 | Opp label coverage: 0.89
Step 89370/5000000 | Win rate (rollout): 0.29 | Loss: 0.270 | Opp label coverage: 0.79
Step 89884/5000000 | Win rate (rollout): 0.40 | Loss: 0.307 | Opp label coverage: 0.89
Step 90398/5000000 | Win rate (rollout): 0.50 | Loss: 0.343 | Opp label coverage: 0.87
Step 90910/5000000 | Win rate (rollout): 0.57 | Loss: 0.282 | Opp label coverage: 0.77
Step 91427/5000000 | Win rate (rollout): 0.12 | Loss: 0.285 | Opp label coverage: 0.89
Step 91940/5000000 | Win rate (rollout): 0.44 | Loss: 0.265 | Opp label coverage: 0.88
Step 92456/5000000 | Win rate (rollout): 0.17 | Loss: 0.265 | Opp label coverage: 0.90
Step 92968/5000000 | Win rate (rollout): 0.30 | Loss: 0.285 | Opp label coverage: 0.76
Step 93485/5000000 | Win rate (rollout): 0.20 | Loss: 0.298 | Opp label coverage: 0.89
Step 93997/5000000 | Win rate (rollout): 0.50 | Loss: 0.301 | Opp label coverage: 0.82
Step 94514/5000000 | Win rate (rollout): 0.54 | Loss: 0.306 | Opp label coverage: 0.89
Step 95027/5000000 | Win rate (rollout): 0.38 | Loss: 0.305 | Opp label coverage: 0.89
Step 95543/5000000 | Win rate (rollout): 0.57 | Loss: 0.284 | Opp label coverage: 0.88
Step 96060/5000000 | Win rate (rollout): 0.46 | Loss: 0.352 | Opp label coverage: 0.90
Step 96574/5000000 | Win rate (rollout): 0.46 | Loss: 0.293 | Opp label coverage: 0.90
Step 97090/5000000 | Win rate (rollout): 0.50 | Loss: 0.277 | Opp label coverage: 0.90
Step 97602/5000000 | Win rate (rollout): 0.58 | Loss: 0.310 | Opp label coverage: 0.77
Step 98114/5000000 | Win rate (rollout): 0.44 | Loss: 0.317 | Opp label coverage: 0.90
Step 98626/5000000 | Win rate (rollout): 0.25 | Loss: 0.345 | Opp label coverage: 0.88
Step 99141/5000000 | Win rate (rollout): 0.58 | Loss: 0.322 | Opp label coverage: 0.91
Step 99654/5000000 | Win rate (rollout): 0.69 | Loss: 0.275 | Opp label coverage: 0.91
Step 100166/5000000 | Win rate (rollout): 0.58 | Loss: 0.322 | Opp label coverage: 0.85
Step 100678/5000000 | Win rate (rollout): 0.38 | Loss: 0.288 | Opp label coverage: 0.90
Step 101190/5000000 | Win rate (rollout): 0.25 | Loss: 0.306 | Opp label coverage: 0.87
Step 101706/5000000 | Win rate (rollout): 0.44 | Loss: 0.320 | Opp label coverage: 0.91
Step 102221/5000000 | Win rate (rollout): 0.42 | Loss: 0.304 | Opp label coverage: 0.91
Step 102738/5000000 | Win rate (rollout): 0.50 | Loss: 0.315 | Opp label coverage: 0.89
Step 103250/5000000 | Win rate (rollout): 0.25 | Loss: 0.283 | Opp label coverage: 0.84
Step 103762/5000000 | Win rate (rollout): 0.42 | Loss: 0.369 | Opp label coverage: 0.82
Step 104274/5000000 | Win rate (rollout): 0.29 | Loss: 0.289 | Opp label coverage: 0.79
Step 104786/5000000 | Win rate (rollout): 0.31 | Loss: 0.303 | Opp label coverage: 0.84
Step 105298/5000000 | Win rate (rollout): 0.33 | Loss: 0.345 | Opp label coverage: 0.83
Step 105810/5000000 | Win rate (rollout): 0.22 | Loss: 0.351 | Opp label coverage: 0.81
Step 106325/5000000 | Win rate (rollout): 0.33 | Loss: 0.275 | Opp label coverage: 0.90
Step 106837/5000000 | Win rate (rollout): 0.44 | Loss: 0.301 | Opp label coverage: 0.88
Step 107349/5000000 | Win rate (rollout): 0.45 | Loss: 0.305 | Opp label coverage: 0.83
Step 107864/5000000 | Win rate (rollout): 0.56 | Loss: 0.354 | Opp label coverage: 0.90
Step 108378/5000000 | Win rate (rollout): 0.43 | Loss: 0.328 | Opp label coverage: 0.89
Step 108892/5000000 | Win rate (rollout): 0.08 | Loss: 0.316 | Opp label coverage: 0.91
Step 109410/5000000 | Win rate (rollout): 0.21 | Loss: 0.287 | Opp label coverage: 0.89
Step 109927/5000000 | Win rate (rollout): 0.21 | Loss: 0.268 | Opp label coverage: 0.88
Step 110439/5000000 | Win rate (rollout): 0.50 | Loss: 0.344 | Opp label coverage: 0.83
Step 110951/5000000 | Win rate (rollout): 0.12 | Loss: 0.272 | Opp label coverage: 0.91
Step 111463/5000000 | Win rate (rollout): 0.00 | Loss: 0.255 | Opp label coverage: 0.83
Step 111980/5000000 | Win rate (rollout): 0.38 | Loss: 0.315 | Opp label coverage: 0.90
Step 112492/5000000 | Win rate (rollout): 0.20 | Loss: 0.260 | Opp label coverage: 0.84
Step 113006/5000000 | Win rate (rollout): 0.33 | Loss: 0.312 | Opp label coverage: 0.91
Step 113518/5000000 | Win rate (rollout): 0.15 | Loss: 0.294 | Opp label coverage: 0.82
Step 114037/5000000 | Win rate (rollout): 0.11 | Loss: 0.246 | Opp label coverage: 0.89
Step 114553/5000000 | Win rate (rollout): 0.23 | Loss: 0.333 | Opp label coverage: 0.88
Step 115065/5000000 | Win rate (rollout): 0.25 | Loss: 0.344 | Opp label coverage: 0.84
Step 115581/5000000 | Win rate (rollout): 0.33 | Loss: 0.276 | Opp label coverage: 0.90
Step 116093/5000000 | Win rate (rollout): 0.15 | Loss: 0.293 | Opp label coverage: 0.83
Step 116612/5000000 | Win rate (rollout): 0.23 | Loss: 0.323 | Opp label coverage: 0.88
Step 117124/5000000 | Win rate (rollout): 0.38 | Loss: 0.308 | Opp label coverage: 0.91
Step 117637/5000000 | Win rate (rollout): 0.36 | Loss: 0.281 | Opp label coverage: 0.90
Step 118153/5000000 | Win rate (rollout): 0.42 | Loss: 0.327 | Opp label coverage: 0.90
Step 118669/5000000 | Win rate (rollout): 0.50 | Loss: 0.309 | Opp label coverage: 0.91
Step 119181/5000000 | Win rate (rollout): 0.33 | Loss: 0.340 | Opp label coverage: 0.83
Step 119697/5000000 | Win rate (rollout): 0.45 | Loss: 0.322 | Opp label coverage: 0.91
Step 120209/5000000 | Win rate (rollout): 0.57 | Loss: 0.265 | Opp label coverage: 0.84
Step 120721/5000000 | Win rate (rollout): 0.33 | Loss: 0.313 | Opp label coverage: 0.85
Step 121236/5000000 | Win rate (rollout): 0.46 | Loss: 0.298 | Opp label coverage: 0.89
Step 121748/5000000 | Win rate (rollout): 0.20 | Loss: 0.320 | Opp label coverage: 0.90
Step 122260/5000000 | Win rate (rollout): 0.14 | Loss: 0.273 | Opp label coverage: 0.80
Step 122772/5000000 | Win rate (rollout): 0.27 | Loss: 0.336 | Opp label coverage: 0.84
Step 123285/5000000 | Win rate (rollout): 0.56 | Loss: 0.274 | Opp label coverage: 0.89
Step 123802/5000000 | Win rate (rollout): 0.44 | Loss: 0.328 | Opp label coverage: 0.88
Step 124314/5000000 | Win rate (rollout): 0.11 | Loss: 0.276 | Opp label coverage: 0.86
Step 124826/5000000 | Win rate (rollout): 0.25 | Loss: 0.285 | Opp label coverage: 0.82
Step 125343/5000000 | Win rate (rollout): 0.38 | Loss: 0.255 | Opp label coverage: 0.90
Step 125859/5000000 | Win rate (rollout): 0.64 | Loss: 0.352 | Opp label coverage: 0.92
Step 126371/5000000 | Win rate (rollout): 0.43 | Loss: 0.282 | Opp label coverage: 0.85
Step 126889/5000000 | Win rate (rollout): 0.30 | Loss: 0.324 | Opp label coverage: 0.89
Step 127401/5000000 | Win rate (rollout): 0.11 | Loss: 0.262 | Opp label coverage: 0.79
Step 127917/5000000 | Win rate (rollout): 0.30 | Loss: 0.319 | Opp label coverage: 0.89
Step 128429/5000000 | Win rate (rollout): 0.40 | Loss: 0.322 | Opp label coverage: 0.86
Step 128941/5000000 | Win rate (rollout): 0.12 | Loss: 0.295 | Opp label coverage: 0.90
Step 129456/5000000 | Win rate (rollout): 0.42 | Loss: 0.326 | Opp label coverage: 0.90
Step 129970/5000000 | Win rate (rollout): 0.33 | Loss: 0.315 | Opp label coverage: 0.89
Step 130482/5000000 | Win rate (rollout): 0.38 | Loss: 0.290 | Opp label coverage: 0.79
Step 130998/5000000 | Win rate (rollout): 0.25 | Loss: 0.261 | Opp label coverage: 0.87
Step 131512/5000000 | Win rate (rollout): 0.33 | Loss: 0.344 | Opp label coverage: 0.89
Step 132024/5000000 | Win rate (rollout): 0.38 | Loss: 0.254 | Opp label coverage: 0.87
Step 132537/5000000 | Win rate (rollout): 0.44 | Loss: 0.335 | Opp label coverage: 0.89
Step 133049/5000000 | Win rate (rollout): 0.46 | Loss: 0.328 | Opp label coverage: 0.79
Step 133565/5000000 | Win rate (rollout): 0.44 | Loss: 0.319 | Opp label coverage: 0.91
Step 134077/5000000 | Win rate (rollout): 0.20 | Loss: 0.250 | Opp label coverage: 0.85
Step 134589/5000000 | Win rate (rollout): 0.33 | Loss: 0.274 | Opp label coverage: 0.92
Step 135101/5000000 | Win rate (rollout): 0.43 | Loss: 0.271 | Opp label coverage: 0.82
Step 135613/5000000 | Win rate (rollout): 0.20 | Loss: 0.258 | Opp label coverage: 0.84
Step 136130/5000000 | Win rate (rollout): 0.44 | Loss: 0.286 | Opp label coverage: 0.90
Step 136646/5000000 | Win rate (rollout): 0.31 | Loss: 0.344 | Opp label coverage: 0.89
Step 137158/5000000 | Win rate (rollout): 0.31 | Loss: 0.336 | Opp label coverage: 0.84
Step 137670/5000000 | Win rate (rollout): 0.40 | Loss: 0.319 | Opp label coverage: 0.90
Step 138182/5000000 | Win rate (rollout): 0.23 | Loss: 0.337 | Opp label coverage: 0.77
Step 138694/5000000 | Win rate (rollout): 0.38 | Loss: 0.376 | Opp label coverage: 0.81
Step 139206/5000000 | Win rate (rollout): 0.67 | Loss: 0.271 | Opp label coverage: 0.85
Step 139718/5000000 | Win rate (rollout): 0.25 | Loss: 0.261 | Opp label coverage: 0.86
Step 140231/5000000 | Win rate (rollout): 0.50 | Loss: 0.227 | Opp label coverage: 0.91
Step 140743/5000000 | Win rate (rollout): 0.50 | Loss: 0.321 | Opp label coverage: 0.84
Step 141255/5000000 | Win rate (rollout): 0.43 | Loss: 0.282 | Opp label coverage: 0.80
Step 141769/5000000 | Win rate (rollout): 0.27 | Loss: 0.333 | Opp label coverage: 0.89
Step 142281/5000000 | Win rate (rollout): 0.40 | Loss: 0.316 | Opp label coverage: 0.82
Step 142793/5000000 | Win rate (rollout): 0.43 | Loss: 0.334 | Opp label coverage: 0.82
Step 143305/5000000 | Win rate (rollout): 0.14 | Loss: 0.236 | Opp label coverage: 0.83
Step 143817/5000000 | Win rate (rollout): 0.25 | Loss: 0.275 | Opp label coverage: 0.83
Step 144332/5000000 | Win rate (rollout): 0.50 | Loss: 0.337 | Opp label coverage: 0.89
Step 144844/5000000 | Win rate (rollout): 0.38 | Loss: 0.280 | Opp label coverage: 0.88
Step 145356/5000000 | Win rate (rollout): 0.45 | Loss: 0.286 | Opp label coverage: 0.81
Step 145874/5000000 | Win rate (rollout): 0.36 | Loss: 0.278 | Opp label coverage: 0.91
Step 146388/5000000 | Win rate (rollout): 0.17 | Loss: 0.182 | Opp label coverage: 0.89
Step 146900/5000000 | Win rate (rollout): 0.33 | Loss: 0.347 | Opp label coverage: 0.76
Step 147419/5000000 | Win rate (rollout): 0.57 | Loss: 0.299 | Opp label coverage: 0.89
Step 147936/5000000 | Win rate (rollout): 0.33 | Loss: 0.347 | Opp label coverage: 0.90
Step 148451/5000000 | Win rate (rollout): 0.29 | Loss: 0.334 | Opp label coverage: 0.90
Step 148963/5000000 | Win rate (rollout): 0.36 | Loss: 0.300 | Opp label coverage: 0.80
Step 149475/5000000 | Win rate (rollout): 0.24 | Loss: 0.298 | Opp label coverage: 0.81
Step 149989/5000000 | Win rate (rollout): 0.33 | Loss: 0.325 | Opp label coverage: 0.89
Step 150501/5000000 | Win rate (rollout): 0.42 | Loss: 0.320 | Opp label coverage: 0.90
Step 151018/5000000 | Win rate (rollout): 0.64 | Loss: 0.349 | Opp label coverage: 0.89
Step 151533/5000000 | Win rate (rollout): 0.57 | Loss: 0.309 | Opp label coverage: 0.90
Step 152046/5000000 | Win rate (rollout): 0.36 | Loss: 0.297 | Opp label coverage: 0.88
Step 152558/5000000 | Win rate (rollout): 0.38 | Loss: 0.315 | Opp label coverage: 0.82
Step 153070/5000000 | Win rate (rollout): 0.31 | Loss: 0.297 | Opp label coverage: 0.81
Step 153589/5000000 | Win rate (rollout): 0.33 | Loss: 0.239 | Opp label coverage: 0.87
Step 154101/5000000 | Win rate (rollout): 0.17 | Loss: 0.293 | Opp label coverage: 0.81
Step 154616/5000000 | Win rate (rollout): 0.40 | Loss: 0.285 | Opp label coverage: 0.88
Step 155128/5000000 | Win rate (rollout): 0.55 | Loss: 0.330 | Opp label coverage: 0.83
Step 155646/5000000 | Win rate (rollout): 0.56 | Loss: 0.323 | Opp label coverage: 0.91
Step 156158/5000000 | Win rate (rollout): 0.27 | Loss: 0.327 | Opp label coverage: 0.82
Step 156670/5000000 | Win rate (rollout): 0.15 | Loss: 0.330 | Opp label coverage: 0.84
Step 157188/5000000 | Win rate (rollout): 0.43 | Loss: 0.336 | Opp label coverage: 0.88
Step 157700/5000000 | Win rate (rollout): 0.36 | Loss: 0.308 | Opp label coverage: 0.82
Step 158213/5000000 | Win rate (rollout): 0.30 | Loss: 0.287 | Opp label coverage: 0.89
Step 158725/5000000 | Win rate (rollout): 0.21 | Loss: 0.274 | Opp label coverage: 0.88
Step 159237/5000000 | Win rate (rollout): 0.15 | Loss: 0.290 | Opp label coverage: 0.82
Step 159749/5000000 | Win rate (rollout): 0.38 | Loss: 0.296 | Opp label coverage: 0.91
Step 160261/5000000 | Win rate (rollout): 0.55 | Loss: 0.338 | Opp label coverage: 0.85
Step 160777/5000000 | Win rate (rollout): 0.14 | Loss: 0.267 | Opp label coverage: 0.91
Step 161289/5000000 | Win rate (rollout): 0.31 | Loss: 0.308 | Opp label coverage: 0.83
Step 161801/5000000 | Win rate (rollout): 0.14 | Loss: 0.288 | Opp label coverage: 0.83
Step 162313/5000000 | Win rate (rollout): 0.35 | Loss: 0.371 | Opp label coverage: 0.79
Step 162825/5000000 | Win rate (rollout): 0.53 | Loss: 0.343 | Opp label coverage: 0.80
Step 163337/5000000 | Win rate (rollout): 0.38 | Loss: 0.350 | Opp label coverage: 0.82
Step 163854/5000000 | Win rate (rollout): 0.27 | Loss: 0.307 | Opp label coverage: 0.90
Step 164366/5000000 | Win rate (rollout): 0.33 | Loss: 0.324 | Opp label coverage: 0.85
Step 164878/5000000 | Win rate (rollout): 0.33 | Loss: 0.298 | Opp label coverage: 0.84
Step 165390/5000000 | Win rate (rollout): 0.27 | Loss: 0.259 | Opp label coverage: 0.86
Step 165902/5000000 | Win rate (rollout): 0.38 | Loss: 0.319 | Opp label coverage: 0.90
Step 166414/5000000 | Win rate (rollout): 0.50 | Loss: 0.298 | Opp label coverage: 0.84
Step 166929/5000000 | Win rate (rollout): 0.50 | Loss: 0.363 | Opp label coverage: 0.89
Step 167446/5000000 | Win rate (rollout): 0.50 | Loss: 0.307 | Opp label coverage: 0.88
Step 167965/5000000 | Win rate (rollout): 0.23 | Loss: 0.295 | Opp label coverage: 0.89
Step 168481/5000000 | Win rate (rollout): 0.31 | Loss: 0.285 | Opp label coverage: 0.91
Step 168993/5000000 | Win rate (rollout): 0.44 | Loss: 0.315 | Opp label coverage: 0.89
Step 169505/5000000 | Win rate (rollout): 0.22 | Loss: 0.305 | Opp label coverage: 0.85
Step 170020/5000000 | Win rate (rollout): 0.20 | Loss: 0.330 | Opp label coverage: 0.88
Step 170538/5000000 | Win rate (rollout): 0.19 | Loss: 0.298 | Opp label coverage: 0.86
Step 171052/5000000 | Win rate (rollout): 0.43 | Loss: 0.347 | Opp label coverage: 0.89
Step 171566/5000000 | Win rate (rollout): 0.36 | Loss: 0.323 | Opp label coverage: 0.90
Step 172078/5000000 | Win rate (rollout): 0.22 | Loss: 0.292 | Opp label coverage: 0.81
Step 172590/5000000 | Win rate (rollout): 0.41 | Loss: 0.353 | Opp label coverage: 0.82
Step 173108/5000000 | Win rate (rollout): 0.27 | Loss: 0.302 | Opp label coverage: 0.88
Step 173620/5000000 | Win rate (rollout): 0.33 | Loss: 0.304 | Opp label coverage: 0.86
Step 174132/5000000 | Win rate (rollout): 0.41 | Loss: 0.333 | Opp label coverage: 0.83
Step 174644/5000000 | Win rate (rollout): 0.25 | Loss: 0.268 | Opp label coverage: 0.90
Step 175156/5000000 | Win rate (rollout): 0.50 | Loss: 0.313 | Opp label coverage: 0.82
Step 175674/5000000 | Win rate (rollout): 0.44 | Loss: 0.352 | Opp label coverage: 0.90
Step 176186/5000000 | Win rate (rollout): 0.30 | Loss: 0.311 | Opp label coverage: 0.82
Step 176698/5000000 | Win rate (rollout): 0.27 | Loss: 0.320 | Opp label coverage: 0.83
Step 177212/5000000 | Win rate (rollout): 0.38 | Loss: 0.321 | Opp label coverage: 0.89
Step 177726/5000000 | Win rate (rollout): 0.35 | Loss: 0.335 | Opp label coverage: 0.89
Step 178238/5000000 | Win rate (rollout): 0.23 | Loss: 0.332 | Opp label coverage: 0.82
Step 178750/5000000 | Win rate (rollout): 0.50 | Loss: 0.307 | Opp label coverage: 0.80
Step 179262/5000000 | Win rate (rollout): 0.42 | Loss: 0.317 | Opp label coverage: 0.80
Step 179774/5000000 | Win rate (rollout): 0.29 | Loss: 0.268 | Opp label coverage: 0.86
Step 180286/5000000 | Win rate (rollout): 0.36 | Loss: 0.325 | Opp label coverage: 0.82
Step 180798/5000000 | Win rate (rollout): 0.31 | Loss: 0.334 | Opp label coverage: 0.84
Step 181310/5000000 | Win rate (rollout): 0.38 | Loss: 0.303 | Opp label coverage: 0.83
Step 181826/5000000 | Win rate (rollout): 0.27 | Loss: 0.313 | Opp label coverage: 0.88
Step 182342/5000000 | Win rate (rollout): 0.30 | Loss: 0.318 | Opp label coverage: 0.91
Step 182854/5000000 | Win rate (rollout): 0.56 | Loss: 0.291 | Opp label coverage: 0.78
Step 183368/5000000 | Win rate (rollout): 0.40 | Loss: 0.274 | Opp label coverage: 0.89
Step 183886/5000000 | Win rate (rollout): 0.42 | Loss: 0.290 | Opp label coverage: 0.89
Step 184398/5000000 | Win rate (rollout): 0.43 | Loss: 0.299 | Opp label coverage: 0.86
Step 184910/5000000 | Win rate (rollout): 0.50 | Loss: 0.320 | Opp label coverage: 0.90
Step 185422/5000000 | Win rate (rollout): 0.25 | Loss: 0.329 | Opp label coverage: 0.88
Step 185934/5000000 | Win rate (rollout): 0.40 | Loss: 0.295 | Opp label coverage: 0.84
Step 186446/5000000 | Win rate (rollout): 0.30 | Loss: 0.286 | Opp label coverage: 0.88
Step 186958/5000000 | Win rate (rollout): 0.44 | Loss: 0.291 | Opp label coverage: 0.85
Step 187471/5000000 | Win rate (rollout): 0.29 | Loss: 0.302 | Opp label coverage: 0.90
Step 187983/5000000 | Win rate (rollout): 0.50 | Loss: 0.280 | Opp label coverage: 0.85
Step 188501/5000000 | Win rate (rollout): 0.33 | Loss: 0.294 | Opp label coverage: 0.88
Step 189013/5000000 | Win rate (rollout): 0.29 | Loss: 0.264 | Opp label coverage: 0.79
Step 189526/5000000 | Win rate (rollout): 0.50 | Loss: 0.306 | Opp label coverage: 0.92
Step 190038/5000000 | Win rate (rollout): 0.33 | Loss: 0.319 | Opp label coverage: 0.84
Step 190550/5000000 | Win rate (rollout): 0.50 | Loss: 0.260 | Opp label coverage: 0.85
Step 191062/5000000 | Win rate (rollout): 0.22 | Loss: 0.328 | Opp label coverage: 0.80
Step 191574/5000000 | Win rate (rollout): 0.47 | Loss: 0.337 | Opp label coverage: 0.78
Step 192090/5000000 | Win rate (rollout): 0.42 | Loss: 0.345 | Opp label coverage: 0.89
Step 192609/5000000 | Win rate (rollout): 0.19 | Loss: 0.309 | Opp label coverage: 0.88
Step 193122/5000000 | Win rate (rollout): 0.20 | Loss: 0.294 | Opp label coverage: 0.90
Step 193634/5000000 | Win rate (rollout): 0.29 | Loss: 0.257 | Opp label coverage: 0.86
Step 194146/5000000 | Win rate (rollout): 0.31 | Loss: 0.288 | Opp label coverage: 0.83
Step 194658/5000000 | Win rate (rollout): 0.33 | Loss: 0.251 | Opp label coverage: 0.83
Step 195170/5000000 | Win rate (rollout): 0.27 | Loss: 0.277 | Opp label coverage: 0.83
Step 195687/5000000 | Win rate (rollout): 0.58 | Loss: 0.327 | Opp label coverage: 0.89
Step 196199/5000000 | Win rate (rollout): 0.38 | Loss: 0.269 | Opp label coverage: 0.85
Step 196711/5000000 | Win rate (rollout): 0.22 | Loss: 0.318 | Opp label coverage: 0.86
Step 197223/5000000 | Win rate (rollout): 0.21 | Loss: 0.326 | Opp label coverage: 0.84
Step 197735/5000000 | Win rate (rollout): 0.12 | Loss: 0.277 | Opp label coverage: 0.88
Step 198247/5000000 | Win rate (rollout): 0.42 | Loss: 0.330 | Opp label coverage: 0.79
Step 198759/5000000 | Win rate (rollout): 0.57 | Loss: 0.264 | Opp label coverage: 0.81
Step 199275/5000000 | Win rate (rollout): 0.60 | Loss: 0.293 | Opp label coverage: 0.89
Step 199787/5000000 | Win rate (rollout): 0.56 | Loss: 0.277 | Opp label coverage: 0.85
[value-warmup] complete at step 200299 — policy unfrozen
Step 200299/5000000 | Win rate (rollout): 0.30 | Loss: 0.282 | Opp label coverage: 0.85
Step 200811/5000000 | Win rate (rollout): 0.56 | Loss: 0.200 | Opp label coverage: 0.82
Step 201324/5000000 | Win rate (rollout): 0.10 | Loss: 0.130 | Opp label coverage: 0.88
Step 201836/5000000 | Win rate (rollout): 0.57 | Loss: 0.174 | Opp label coverage: 0.82
Step 202348/5000000 | Win rate (rollout): 0.31 | Loss: 0.171 | Opp label coverage: 0.87
Step 202860/5000000 | Win rate (rollout): 0.22 | Loss: 0.153 | Opp label coverage: 0.89
Step 203374/5000000 | Win rate (rollout): 0.27 | Loss: 0.150 | Opp label coverage: 0.89
Step 203886/5000000 | Win rate (rollout): 0.58 | Loss: 0.176 | Opp label coverage: 0.83
Step 204398/5000000 | Win rate (rollout): 0.38 | Loss: 0.172 | Opp label coverage: 0.84
Step 204912/5000000 | Win rate (rollout): 0.56 | Loss: 0.162 | Opp label coverage: 0.91
Step 205427/5000000 | Win rate (rollout): 0.50 | Loss: 0.225 | Opp label coverage: 0.90
Step 205946/5000000 | Win rate (rollout): 0.07 | Loss: 0.131 | Opp label coverage: 0.88
Step 206458/5000000 | Win rate (rollout): 0.55 | Loss: 0.183 | Opp label coverage: 0.81
Step 206970/5000000 | Win rate (rollout): 0.44 | Loss: 0.156 | Opp label coverage: 0.83
Step 207489/5000000 | Win rate (rollout): 0.33 | Loss: 0.167 | Opp label coverage: 0.90
Step 208001/5000000 | Win rate (rollout): 0.50 | Loss: 0.167 | Opp label coverage: 0.80
Step 208513/5000000 | Win rate (rollout): 0.56 | Loss: 0.193 | Opp label coverage: 0.81
Step 209026/5000000 | Win rate (rollout): 0.64 | Loss: 0.146 | Opp label coverage: 0.89
Step 209538/5000000 | Win rate (rollout): 0.56 | Loss: 0.165 | Opp label coverage: 0.83
Step 210050/5000000 | Win rate (rollout): 0.14 | Loss: 0.164 | Opp label coverage: 0.76
Step 210568/5000000 | Win rate (rollout): 0.46 | Loss: 0.112 | Opp label coverage: 0.89
Step 211086/5000000 | Win rate (rollout): 0.54 | Loss: 0.196 | Opp label coverage: 0.91
Step 211600/5000000 | Win rate (rollout): 0.36 | Loss: 0.170 | Opp label coverage: 0.90
Step 212112/5000000 | Win rate (rollout): 0.57 | Loss: 0.152 | Opp label coverage: 0.91
Step 212624/5000000 | Win rate (rollout): 0.23 | Loss: 0.161 | Opp label coverage: 0.84
Step 213136/5000000 | Win rate (rollout): 0.25 | Loss: 0.151 | Opp label coverage: 0.84
Step 213651/5000000 | Win rate (rollout): 0.38 | Loss: 0.120 | Opp label coverage: 0.90
Step 214169/5000000 | Win rate (rollout): 0.36 | Loss: 0.188 | Opp label coverage: 0.88
Step 214681/5000000 | Win rate (rollout): 0.21 | Loss: 0.158 | Opp label coverage: 0.88
Step 215193/5000000 | Win rate (rollout): 0.62 | Loss: 0.165 | Opp label coverage: 0.85
Step 215705/5000000 | Win rate (rollout): 0.27 | Loss: 0.167 | Opp label coverage: 0.81
Step 216223/5000000 | Win rate (rollout): 0.30 | Loss: 0.157 | Opp label coverage: 0.89
Step 216735/5000000 | Win rate (rollout): 0.45 | Loss: 0.191 | Opp label coverage: 0.78
Step 217247/5000000 | Win rate (rollout): 0.43 | Loss: 0.161 | Opp label coverage: 0.82
Step 217760/5000000 | Win rate (rollout): 0.18 | Loss: 0.161 | Opp label coverage: 0.88
Step 218272/5000000 | Win rate (rollout): 0.55 | Loss: 0.161 | Opp label coverage: 0.86
Step 218788/5000000 | Win rate (rollout): 0.45 | Loss: 0.149 | Opp label coverage: 0.87
Step 219307/5000000 | Win rate (rollout): 0.46 | Loss: 0.123 | Opp label coverage: 0.91
Step 219819/5000000 | Win rate (rollout): 0.58 | Loss: 0.171 | Opp label coverage: 0.91
Step 220332/5000000 | Win rate (rollout): 0.56 | Loss: 0.217 | Opp label coverage: 0.89
Step 220851/5000000 | Win rate (rollout): 0.46 | Loss: 0.143 | Opp label coverage: 0.90
Step 221363/5000000 | Win rate (rollout): 0.67 | Loss: 0.180 | Opp label coverage: 0.86
Step 221875/5000000 | Win rate (rollout): 0.67 | Loss: 0.177 | Opp label coverage: 0.89
Step 222387/5000000 | Win rate (rollout): 0.57 | Loss: 0.194 | Opp label coverage: 0.83
Step 222900/5000000 | Win rate (rollout): 0.75 | Loss: 0.162 | Opp label coverage: 0.90
Step 223416/5000000 | Win rate (rollout): 0.29 | Loss: 0.176 | Opp label coverage: 0.91
Step 223933/5000000 | Win rate (rollout): 0.75 | Loss: 0.168 | Opp label coverage: 0.91
Step 224451/5000000 | Win rate (rollout): 0.27 | Loss: 0.161 | Opp label coverage: 0.90
Step 224966/5000000 | Win rate (rollout): 0.33 | Loss: 0.159 | Opp label coverage: 0.88
Step 225478/5000000 | Win rate (rollout): 0.88 | Loss: 0.168 | Opp label coverage: 0.83
Step 225990/5000000 | Win rate (rollout): 0.50 | Loss: 0.162 | Opp label coverage: 0.82
Step 226502/5000000 | Win rate (rollout): 0.70 | Loss: 0.127 | Opp label coverage: 0.91
Step 227018/5000000 | Win rate (rollout): 0.46 | Loss: 0.081 | Opp label coverage: 0.90
Step 227530/5000000 | Win rate (rollout): 0.50 | Loss: 0.168 | Opp label coverage: 0.84
Step 228042/5000000 | Win rate (rollout): 0.50 | Loss: 0.155 | Opp label coverage: 0.84
Step 228555/5000000 | Win rate (rollout): 0.31 | Loss: 0.157 | Opp label coverage: 0.90
Step 229073/5000000 | Win rate (rollout): 0.50 | Loss: 0.136 | Opp label coverage: 0.88
Step 229590/5000000 | Win rate (rollout): 0.50 | Loss: 0.193 | Opp label coverage: 0.89
Step 230102/5000000 | Win rate (rollout): 0.50 | Loss: 0.190 | Opp label coverage: 0.90
Step 230619/5000000 | Win rate (rollout): 0.46 | Loss: 0.192 | Opp label coverage: 0.89
Step 231134/5000000 | Win rate (rollout): 0.62 | Loss: 0.152 | Opp label coverage: 0.89
Step 231650/5000000 | Win rate (rollout): 0.31 | Loss: 0.160 | Opp label coverage: 0.88
Step 232169/5000000 | Win rate (rollout): 0.43 | Loss: 0.137 | Opp label coverage: 0.89
Step 232681/5000000 | Win rate (rollout): 0.58 | Loss: 0.199 | Opp label coverage: 0.86
Step 233193/5000000 | Win rate (rollout): 1.00 | Loss: 0.155 | Opp label coverage: 0.84
Step 233709/5000000 | Win rate (rollout): 0.50 | Loss: 0.164 | Opp label coverage: 0.89
Step 234225/5000000 | Win rate (rollout): 0.69 | Loss: 0.113 | Opp label coverage: 0.90
Step 234744/5000000 | Win rate (rollout): 0.36 | Loss: 0.133 | Opp label coverage: 0.90
Step 235256/5000000 | Win rate (rollout): 0.33 | Loss: 0.149 | Opp label coverage: 0.84
Step 235771/5000000 | Win rate (rollout): 0.45 | Loss: 0.182 | Opp label coverage: 0.88
Step 236283/5000000 | Win rate (rollout): 0.40 | Loss: 0.207 | Opp label coverage: 0.84
Step 236797/5000000 | Win rate (rollout): 0.50 | Loss: 0.158 | Opp label coverage: 0.88
Step 237309/5000000 | Win rate (rollout): 0.31 | Loss: 0.158 | Opp label coverage: 0.84
Step 237821/5000000 | Win rate (rollout): 0.50 | Loss: 0.180 | Opp label coverage: 0.84
Step 238340/5000000 | Win rate (rollout): 0.33 | Loss: 0.180 | Opp label coverage: 0.89
Step 238852/5000000 | Win rate (rollout): 0.17 | Loss: 0.148 | Opp label coverage: 0.82
Step 239364/5000000 | Win rate (rollout): 0.47 | Loss: 0.171 | Opp label coverage: 0.82
Step 239876/5000000 | Win rate (rollout): 0.62 | Loss: 0.153 | Opp label coverage: 0.85
Step 240388/5000000 | Win rate (rollout): 0.27 | Loss: 0.184 | Opp label coverage: 0.80
Step 240900/5000000 | Win rate (rollout): 0.71 | Loss: 0.152 | Opp label coverage: 0.84
Step 241412/5000000 | Win rate (rollout): 0.18 | Loss: 0.149 | Opp label coverage: 0.83
Step 241925/5000000 | Win rate (rollout): 0.50 | Loss: 0.097 | Opp label coverage: 0.92
Step 242437/5000000 | Win rate (rollout): 0.50 | Loss: 0.167 | Opp label coverage: 0.79
Step 242955/5000000 | Win rate (rollout): 0.50 | Loss: 0.160 | Opp label coverage: 0.88
Step 243471/5000000 | Win rate (rollout): 0.23 | Loss: 0.155 | Opp label coverage: 0.91
Step 243988/5000000 | Win rate (rollout): 0.38 | Loss: 0.123 | Opp label coverage: 0.90
Step 244500/5000000 | Win rate (rollout): 0.30 | Loss: 0.147 | Opp label coverage: 0.87
Step 245012/5000000 | Win rate (rollout): 0.62 | Loss: 0.160 | Opp label coverage: 0.82
Step 245524/5000000 | Win rate (rollout): 0.67 | Loss: 0.158 | Opp label coverage: 0.88
Step 246038/5000000 | Win rate (rollout): 0.64 | Loss: 0.166 | Opp label coverage: 0.90
Step 246550/5000000 | Win rate (rollout): 0.38 | Loss: 0.177 | Opp label coverage: 0.83
Step 247062/5000000 | Win rate (rollout): 0.55 | Loss: 0.162 | Opp label coverage: 0.84
Step 247575/5000000 | Win rate (rollout): 0.60 | Loss: 0.171 | Opp label coverage: 0.88
Step 248091/5000000 | Win rate (rollout): 0.27 | Loss: 0.179 | Opp label coverage: 0.88
Step 248603/5000000 | Win rate (rollout): 0.50 | Loss: 0.158 | Opp label coverage: 0.88
Step 249115/5000000 | Win rate (rollout): 0.25 | Loss: 0.164 | Opp label coverage: 0.84
Step 249627/5000000 | Win rate (rollout): 0.50 | Loss: 0.152 | Opp label coverage: 0.90
[checkpoint] Saved models/ppo/checkpoints/m9p2c/ppo_step_250002.pt
Step 250143/5000000 | Win rate (rollout): 0.47 | Loss: 0.187 | Opp label coverage: 0.91
Step 250655/5000000 | Win rate (rollout): 0.67 | Loss: 0.128 | Opp label coverage: 0.91
Step 251167/5000000 | Win rate (rollout): 0.50 | Loss: 0.171 | Opp label coverage: 0.87
Step 251679/5000000 | Win rate (rollout): 0.33 | Loss: 0.180 | Opp label coverage: 0.84
Step 252191/5000000 | Win rate (rollout): 0.40 | Loss: 0.177 | Opp label coverage: 0.86
Step 252707/5000000 | Win rate (rollout): 0.45 | Loss: 0.224 | Opp label coverage: 0.89
Step 253222/5000000 | Win rate (rollout): 0.62 | Loss: 0.230 | Opp label coverage: 0.92
Step 253734/5000000 | Win rate (rollout): 0.20 | Loss: 0.180 | Opp label coverage: 0.82
Step 254246/5000000 | Win rate (rollout): 1.00 | Loss: 0.201 | Opp label coverage: 0.93
Step 254762/5000000 | Win rate (rollout): 0.53 | Loss: 0.188 | Opp label coverage: 0.89
Step 255274/5000000 | Win rate (rollout): 0.38 | Loss: 0.173 | Opp label coverage: 0.88
Step 255786/5000000 | Win rate (rollout): 0.67 | Loss: 0.205 | Opp label coverage: 0.82
Step 256298/5000000 | Win rate (rollout): 0.40 | Loss: 0.183 | Opp label coverage: 0.85
Step 256810/5000000 | Win rate (rollout): 0.33 | Loss: 0.163 | Opp label coverage: 0.87
Step 257322/5000000 | Win rate (rollout): 0.70 | Loss: 0.214 | Opp label coverage: 0.89
Step 257834/5000000 | Win rate (rollout): 0.67 | Loss: 0.177 | Opp label coverage: 0.84
Step 258346/5000000 | Win rate (rollout): 0.44 | Loss: 0.188 | Opp label coverage: 0.75
Step 258858/5000000 | Win rate (rollout): 0.50 | Loss: 0.199 | Opp label coverage: 0.80
Step 259370/5000000 | Win rate (rollout): 0.50 | Loss: 0.210 | Opp label coverage: 0.84
Step 259882/5000000 | Win rate (rollout): 0.75 | Loss: 0.181 | Opp label coverage: 0.92
Step 260394/5000000 | Win rate (rollout): 0.15 | Loss: 0.162 | Opp label coverage: 0.79
Step 260907/5000000 | Win rate (rollout): 0.62 | Loss: 0.237 | Opp label coverage: 0.91
Step 261419/5000000 | Win rate (rollout): 0.83 | Loss: 0.162 | Opp label coverage: 0.90
Step 261936/5000000 | Win rate (rollout): 0.40 | Loss: 0.183 | Opp label coverage: 0.91
Step 262450/5000000 | Win rate (rollout): 0.50 | Loss: 0.166 | Opp label coverage: 0.90
Step 262964/5000000 | Win rate (rollout): 0.57 | Loss: 0.283 | Opp label coverage: 0.91
Step 263476/5000000 | Win rate (rollout): 0.67 | Loss: 0.239 | Opp label coverage: 0.92
Step 263988/5000000 | Win rate (rollout): 0.17 | Loss: 0.144 | Opp label coverage: 0.79
Step 264506/5000000 | Win rate (rollout): 0.44 | Loss: 0.205 | Opp label coverage: 0.91
Step 265018/5000000 | Win rate (rollout): 0.23 | Loss: 0.178 | Opp label coverage: 0.80
Step 265535/5000000 | Win rate (rollout): 0.25 | Loss: 0.186 | Opp label coverage: 0.88
Step 266050/5000000 | Win rate (rollout): 0.45 | Loss: 0.177 | Opp label coverage: 0.91
Step 266568/5000000 | Win rate (rollout): 0.40 | Loss: 0.173 | Opp label coverage: 0.90
Step 267086/5000000 | Win rate (rollout): 0.46 | Loss: 0.208 | Opp label coverage: 0.92
Step 267598/5000000 | Win rate (rollout): 0.54 | Loss: 0.196 | Opp label coverage: 0.82
Step 268115/5000000 | Win rate (rollout): 0.50 | Loss: 0.164 | Opp label coverage: 0.92
Step 268627/5000000 | Win rate (rollout): 0.42 | Loss: 0.177 | Opp label coverage: 0.82
Step 269145/5000000 | Win rate (rollout): 0.75 | Loss: 0.206 | Opp label coverage: 0.91
Step 269658/5000000 | Win rate (rollout): 0.43 | Loss: 0.131 | Opp label coverage: 0.90
Step 270175/5000000 | Win rate (rollout): 0.07 | Loss: 0.175 | Opp label coverage: 0.87
Step 270689/5000000 | Win rate (rollout): 0.29 | Loss: 0.202 | Opp label coverage: 0.89
Step 271201/5000000 | Win rate (rollout): 0.70 | Loss: 0.193 | Opp label coverage: 0.93
Step 271717/5000000 | Win rate (rollout): 0.57 | Loss: 0.169 | Opp label coverage: 0.88
Step 272233/5000000 | Win rate (rollout): 0.50 | Loss: 0.176 | Opp label coverage: 0.90
Step 272745/5000000 | Win rate (rollout): 0.31 | Loss: 0.174 | Opp label coverage: 0.82
Step 273260/5000000 | Win rate (rollout): 0.17 | Loss: 0.144 | Opp label coverage: 0.87
Step 273772/5000000 | Win rate (rollout): 0.77 | Loss: 0.191 | Opp label coverage: 0.82
Step 274284/5000000 | Win rate (rollout): 0.43 | Loss: 0.176 | Opp label coverage: 0.83
Step 274796/5000000 | Win rate (rollout): 0.67 | Loss: 0.160 | Opp label coverage: 0.84
Step 275308/5000000 | Win rate (rollout): 0.31 | Loss: 0.194 | Opp label coverage: 0.84
Step 275820/5000000 | Win rate (rollout): 0.10 | Loss: 0.136 | Opp label coverage: 0.82
Step 276338/5000000 | Win rate (rollout): 0.56 | Loss: 0.218 | Opp label coverage: 0.90
Step 276853/5000000 | Win rate (rollout): 0.38 | Loss: 0.213 | Opp label coverage: 0.90
Step 277365/5000000 | Win rate (rollout): 0.50 | Loss: 0.158 | Opp label coverage: 0.81
Step 277877/5000000 | Win rate (rollout): 0.54 | Loss: 0.162 | Opp label coverage: 0.85
Step 278389/5000000 | Win rate (rollout): 0.28 | Loss: 0.209 | Opp label coverage: 0.81
Step 278901/5000000 | Win rate (rollout): 1.00 | Loss: 0.184 | Opp label coverage: 0.82
Step 279420/5000000 | Win rate (rollout): 0.67 | Loss: 0.178 | Opp label coverage: 0.92
Step 279932/5000000 | Win rate (rollout): 0.44 | Loss: 0.188 | Opp label coverage: 0.88
Step 280444/5000000 | Win rate (rollout): 0.18 | Loss: 0.159 | Opp label coverage: 0.86
Step 280956/5000000 | Win rate (rollout): 0.82 | Loss: 0.196 | Opp label coverage: 0.88
Step 281473/5000000 | Win rate (rollout): 0.33 | Loss: 0.225 | Opp label coverage: 0.90
Step 281988/5000000 | Win rate (rollout): 0.62 | Loss: 0.226 | Opp label coverage: 0.89
Step 282502/5000000 | Win rate (rollout): 0.50 | Loss: 0.221 | Opp label coverage: 0.90
Step 283014/5000000 | Win rate (rollout): 0.15 | Loss: 0.160 | Opp label coverage: 0.84
Step 283526/5000000 | Win rate (rollout): 0.38 | Loss: 0.187 | Opp label coverage: 0.83
Step 284040/5000000 | Win rate (rollout): 0.38 | Loss: 0.136 | Opp label coverage: 0.91
Step 284557/5000000 | Win rate (rollout): 0.55 | Loss: 0.192 | Opp label coverage: 0.91
Step 285073/5000000 | Win rate (rollout): 0.62 | Loss: 0.181 | Opp label coverage: 0.92
Step 285589/5000000 | Win rate (rollout): 0.79 | Loss: 0.193 | Opp label coverage: 0.91
Step 286102/5000000 | Win rate (rollout): 0.67 | Loss: 0.168 | Opp label coverage: 0.92
Step 286614/5000000 | Win rate (rollout): 0.33 | Loss: 0.206 | Opp label coverage: 0.90
Step 287133/5000000 | Win rate (rollout): 0.62 | Loss: 0.162 | Opp label coverage: 0.92
Step 287648/5000000 | Win rate (rollout): 0.75 | Loss: 0.220 | Opp label coverage: 0.91
Step 288160/5000000 | Win rate (rollout): 0.46 | Loss: 0.195 | Opp label coverage: 0.84
Step 288672/5000000 | Win rate (rollout): 0.67 | Loss: 0.162 | Opp label coverage: 0.81
Step 289184/5000000 | Win rate (rollout): 0.62 | Loss: 0.168 | Opp label coverage: 0.78
Step 289702/5000000 | Win rate (rollout): 0.70 | Loss: 0.219 | Opp label coverage: 0.91
Step 290214/5000000 | Win rate (rollout): 0.31 | Loss: 0.178 | Opp label coverage: 0.84
Step 290726/5000000 | Win rate (rollout): 0.78 | Loss: 0.162 | Opp label coverage: 0.80
Step 291238/5000000 | Win rate (rollout): 0.60 | Loss: 0.175 | Opp label coverage: 0.81
Step 291752/5000000 | Win rate (rollout): 0.50 | Loss: 0.218 | Opp label coverage: 0.88
Step 292264/5000000 | Win rate (rollout): 0.67 | Loss: 0.201 | Opp label coverage: 0.91
Step 292776/5000000 | Win rate (rollout): 0.75 | Loss: 0.176 | Opp label coverage: 0.93
Step 293292/5000000 | Win rate (rollout): 0.45 | Loss: 0.243 | Opp label coverage: 0.90
Step 293808/5000000 | Win rate (rollout): 0.39 | Loss: 0.157 | Opp label coverage: 0.88
Step 294326/5000000 | Win rate (rollout): 0.60 | Loss: 0.149 | Opp label coverage: 0.92
Step 294842/5000000 | Win rate (rollout): 0.56 | Loss: 0.198 | Opp label coverage: 0.88
Step 295354/5000000 | Win rate (rollout): 1.00 | Loss: 0.153 | Opp label coverage: 0.85
Step 295866/5000000 | Win rate (rollout): 0.50 | Loss: 0.160 | Opp label coverage: 0.83
Step 296382/5000000 | Win rate (rollout): 1.00 | Loss: 0.175 | Opp label coverage: 0.93
Step 296901/5000000 | Win rate (rollout): 0.67 | Loss: 0.157 | Opp label coverage: 0.92
Step 297413/5000000 | Win rate (rollout): 0.75 | Loss: 0.158 | Opp label coverage: 0.84
Step 297925/5000000 | Win rate (rollout): 0.46 | Loss: 0.215 | Opp label coverage: 0.84
Step 298437/5000000 | Win rate (rollout): 0.50 | Loss: 0.203 | Opp label coverage: 0.90
Step 298954/5000000 | Win rate (rollout): 0.57 | Loss: 0.230 | Opp label coverage: 0.90
Step 299469/5000000 | Win rate (rollout): 0.69 | Loss: 0.183 | Opp label coverage: 0.91
Step 299981/5000000 | Win rate (rollout): 0.75 | Loss: 0.159 | Opp label coverage: 0.85
Step 300493/5000000 | Win rate (rollout): 0.47 | Loss: 0.177 | Opp label coverage: 0.83
Step 301012/5000000 | Win rate (rollout): 0.70 | Loss: 0.189 | Opp label coverage: 0.91
Step 301524/5000000 | Win rate (rollout): 0.33 | Loss: 0.182 | Opp label coverage: 0.82
Step 302036/5000000 | Win rate (rollout): 0.50 | Loss: 0.196 | Opp label coverage: 0.88
Step 302550/5000000 | Win rate (rollout): 0.50 | Loss: 0.229 | Opp label coverage: 0.90
Step 303062/5000000 | Win rate (rollout): 0.62 | Loss: 0.172 | Opp label coverage: 0.82
Step 303574/5000000 | Win rate (rollout): 0.20 | Loss: 0.209 | Opp label coverage: 0.80
Step 304093/5000000 | Win rate (rollout): 0.45 | Loss: 0.144 | Opp label coverage: 0.89
Step 304608/5000000 | Win rate (rollout): 0.38 | Loss: 0.188 | Opp label coverage: 0.90
Step 305120/5000000 | Win rate (rollout): 0.50 | Loss: 0.168 | Opp label coverage: 0.83
Step 305636/5000000 | Win rate (rollout): 0.60 | Loss: 0.264 | Opp label coverage: 0.90
Step 306152/5000000 | Win rate (rollout): 0.50 | Loss: 0.216 | Opp label coverage: 0.89
Step 306664/5000000 | Win rate (rollout): 0.54 | Loss: 0.186 | Opp label coverage: 0.84
Step 307176/5000000 | Win rate (rollout): 0.75 | Loss: 0.170 | Opp label coverage: 0.87
Step 307690/5000000 | Win rate (rollout): 0.56 | Loss: 0.150 | Opp label coverage: 0.91
Step 308206/5000000 | Win rate (rollout): 0.47 | Loss: 0.188 | Opp label coverage: 0.90
Step 308723/5000000 | Win rate (rollout): 0.40 | Loss: 0.134 | Opp label coverage: 0.90
Step 309235/5000000 | Win rate (rollout): 0.15 | Loss: 0.183 | Opp label coverage: 0.83
Step 309747/5000000 | Win rate (rollout): 0.50 | Loss: 0.240 | Opp label coverage: 0.82
Step 310259/5000000 | Win rate (rollout): 0.14 | Loss: 0.154 | Opp label coverage: 0.84
Step 310771/5000000 | Win rate (rollout): 0.86 | Loss: 0.203 | Opp label coverage: 0.92
Step 311283/5000000 | Win rate (rollout): 0.27 | Loss: 0.175 | Opp label coverage: 0.82
Step 311802/5000000 | Win rate (rollout): 0.78 | Loss: 0.154 | Opp label coverage: 0.91
Step 312319/5000000 | Win rate (rollout): 0.69 | Loss: 0.134 | Opp label coverage: 0.90
Step 312832/5000000 | Win rate (rollout): 0.69 | Loss: 0.255 | Opp label coverage: 0.90
Step 313344/5000000 | Win rate (rollout): 0.62 | Loss: 0.193 | Opp label coverage: 0.77
Step 313856/5000000 | Win rate (rollout): 0.38 | Loss: 0.213 | Opp label coverage: 0.80
Step 314373/5000000 | Win rate (rollout): 0.57 | Loss: 0.191 | Opp label coverage: 0.91
Step 314885/5000000 | Win rate (rollout): 0.53 | Loss: 0.138 | Opp label coverage: 0.90
Step 315398/5000000 | Win rate (rollout): 0.29 | Loss: 0.103 | Opp label coverage: 0.88
Step 315910/5000000 | Win rate (rollout): 0.55 | Loss: 0.181 | Opp label coverage: 0.75
Step 316422/5000000 | Win rate (rollout): 0.62 | Loss: 0.216 | Opp label coverage: 0.91
Step 316939/5000000 | Win rate (rollout): 0.54 | Loss: 0.177 | Opp label coverage: 0.91
Step 317453/5000000 | Win rate (rollout): 0.40 | Loss: 0.163 | Opp label coverage: 0.87
Step 317965/5000000 | Win rate (rollout): 0.50 | Loss: 0.162 | Opp label coverage: 0.78
Step 318477/5000000 | Win rate (rollout): 0.57 | Loss: 0.178 | Opp label coverage: 0.82
Step 318994/5000000 | Win rate (rollout): 0.27 | Loss: 0.141 | Opp label coverage: 0.87
Step 319510/5000000 | Win rate (rollout): 0.20 | Loss: 0.204 | Opp label coverage: 0.91
Step 320022/5000000 | Win rate (rollout): 0.67 | Loss: 0.175 | Opp label coverage: 0.85
Step 320537/5000000 | Win rate (rollout): 0.75 | Loss: 0.229 | Opp label coverage: 0.92
Step 321049/5000000 | Win rate (rollout): 0.57 | Loss: 0.199 | Opp label coverage: 0.84
Step 321561/5000000 | Win rate (rollout): 0.18 | Loss: 0.150 | Opp label coverage: 0.81
Step 322073/5000000 | Win rate (rollout): 0.47 | Loss: 0.198 | Opp label coverage: 0.86
Step 322591/5000000 | Win rate (rollout): 0.44 | Loss: 0.210 | Opp label coverage: 0.89
Step 323103/5000000 | Win rate (rollout): 0.44 | Loss: 0.178 | Opp label coverage: 0.80
Step 323621/5000000 | Win rate (rollout): 0.44 | Loss: 0.150 | Opp label coverage: 0.92
Step 324133/5000000 | Win rate (rollout): 0.17 | Loss: 0.180 | Opp label coverage: 0.88
Step 324651/5000000 | Win rate (rollout): 0.46 | Loss: 0.182 | Opp label coverage: 0.89
Step 325170/5000000 | Win rate (rollout): 0.47 | Loss: 0.228 | Opp label coverage: 0.90
Step 325682/5000000 | Win rate (rollout): 0.29 | Loss: 0.197 | Opp label coverage: 0.80
Step 326194/5000000 | Win rate (rollout): 0.57 | Loss: 0.202 | Opp label coverage: 0.77
Step 326707/5000000 | Win rate (rollout): 0.50 | Loss: 0.235 | Opp label coverage: 0.90
Step 327219/5000000 | Win rate (rollout): 0.50 | Loss: 0.188 | Opp label coverage: 0.80
Step 327731/5000000 | Win rate (rollout): 0.73 | Loss: 0.189 | Opp label coverage: 0.80
Step 328246/5000000 | Win rate (rollout): 0.67 | Loss: 0.129 | Opp label coverage: 0.90
Step 328758/5000000 | Win rate (rollout): 0.29 | Loss: 0.148 | Opp label coverage: 0.85
Step 329270/5000000 | Win rate (rollout): 0.62 | Loss: 0.187 | Opp label coverage: 0.81
Step 329782/5000000 | Win rate (rollout): 0.43 | Loss: 0.204 | Opp label coverage: 0.83
Step 330294/5000000 | Win rate (rollout): 0.50 | Loss: 0.208 | Opp label coverage: 0.92
Step 330806/5000000 | Win rate (rollout): 0.89 | Loss: 0.178 | Opp label coverage: 0.85
Step 331320/5000000 | Win rate (rollout): 0.56 | Loss: 0.223 | Opp label coverage: 0.91
Step 331832/5000000 | Win rate (rollout): 0.29 | Loss: 0.193 | Opp label coverage: 0.83
Step 332345/5000000 | Win rate (rollout): 0.50 | Loss: 0.154 | Opp label coverage: 0.91
Step 332857/5000000 | Win rate (rollout): 0.75 | Loss: 0.158 | Opp label coverage: 0.86
Step 333374/5000000 | Win rate (rollout): 0.56 | Loss: 0.201 | Opp label coverage: 0.90
Step 333886/5000000 | Win rate (rollout): 0.55 | Loss: 0.217 | Opp label coverage: 0.91
Step 334401/5000000 | Win rate (rollout): 0.36 | Loss: 0.174 | Opp label coverage: 0.88
Step 334913/5000000 | Win rate (rollout): 0.44 | Loss: 0.180 | Opp label coverage: 0.83
Step 335425/5000000 | Win rate (rollout): 0.44 | Loss: 0.164 | Opp label coverage: 0.81
Step 335943/5000000 | Win rate (rollout): 0.33 | Loss: 0.148 | Opp label coverage: 0.92
Step 336455/5000000 | Win rate (rollout): 0.22 | Loss: 0.162 | Opp label coverage: 0.84
Step 336970/5000000 | Win rate (rollout): 0.50 | Loss: 0.240 | Opp label coverage: 0.92
Step 337488/5000000 | Win rate (rollout): 0.38 | Loss: 0.169 | Opp label coverage: 0.90
Step 338000/5000000 | Win rate (rollout): 0.56 | Loss: 0.177 | Opp label coverage: 0.85
Step 338512/5000000 | Win rate (rollout): 0.17 | Loss: 0.151 | Opp label coverage: 0.80
Step 339024/5000000 | Win rate (rollout): 0.31 | Loss: 0.184 | Opp label coverage: 0.83
Step 339536/5000000 | Win rate (rollout): 0.46 | Loss: 0.163 | Opp label coverage: 0.86
Step 340048/5000000 | Win rate (rollout): 0.63 | Loss: 0.168 | Opp label coverage: 0.83
Step 340560/5000000 | Win rate (rollout): 0.22 | Loss: 0.163 | Opp label coverage: 0.83
Step 341072/5000000 | Win rate (rollout): 0.21 | Loss: 0.202 | Opp label coverage: 0.83
Step 341584/5000000 | Win rate (rollout): 0.14 | Loss: 0.172 | Opp label coverage: 0.85
Step 342103/5000000 | Win rate (rollout): 0.33 | Loss: 0.249 | Opp label coverage: 0.90
Step 342615/5000000 | Win rate (rollout): 0.56 | Loss: 0.167 | Opp label coverage: 0.81
Step 343129/5000000 | Win rate (rollout): 0.27 | Loss: 0.095 | Opp label coverage: 0.89
Step 343641/5000000 | Win rate (rollout): 0.50 | Loss: 0.202 | Opp label coverage: 0.80
Step 344153/5000000 | Win rate (rollout): 0.38 | Loss: 0.173 | Opp label coverage: 0.83
Step 344665/5000000 | Win rate (rollout): 0.27 | Loss: 0.176 | Opp label coverage: 0.85
Step 345177/5000000 | Win rate (rollout): 0.44 | Loss: 0.178 | Opp label coverage: 0.83
Step 345691/5000000 | Win rate (rollout): 0.17 | Loss: 0.155 | Opp label coverage: 0.92
Step 346208/5000000 | Win rate (rollout): 0.62 | Loss: 0.174 | Opp label coverage: 0.93
Step 346720/5000000 | Win rate (rollout): 0.55 | Loss: 0.196 | Opp label coverage: 0.82
Step 347239/5000000 | Win rate (rollout): 0.64 | Loss: 0.179 | Opp label coverage: 0.91
Step 347751/5000000 | Win rate (rollout): 0.55 | Loss: 0.245 | Opp label coverage: 0.91
Step 348264/5000000 | Win rate (rollout): 0.73 | Loss: 0.170 | Opp label coverage: 0.90
Step 348779/5000000 | Win rate (rollout): 0.46 | Loss: 0.286 | Opp label coverage: 0.91
Step 349291/5000000 | Win rate (rollout): 0.60 | Loss: 0.193 | Opp label coverage: 0.93
Step 349805/5000000 | Win rate (rollout): 0.75 | Loss: 0.242 | Opp label coverage: 0.92
Step 350320/5000000 | Win rate (rollout): 0.36 | Loss: 0.209 | Opp label coverage: 0.91
Step 350839/5000000 | Win rate (rollout): 0.50 | Loss: 0.175 | Opp label coverage: 0.94
Step 351357/5000000 | Win rate (rollout): 0.70 | Loss: 0.147 | Opp label coverage: 0.95
Step 351869/5000000 | Win rate (rollout): 0.67 | Loss: 0.173 | Opp label coverage: 0.82
Step 352381/5000000 | Win rate (rollout): 0.62 | Loss: 0.170 | Opp label coverage: 0.79
Step 352893/5000000 | Win rate (rollout): 0.43 | Loss: 0.208 | Opp label coverage: 0.84
Step 353405/5000000 | Win rate (rollout): 0.40 | Loss: 0.183 | Opp label coverage: 0.84
Step 353922/5000000 | Win rate (rollout): 0.75 | Loss: 0.179 | Opp label coverage: 0.91
Step 354434/5000000 | Win rate (rollout): 0.64 | Loss: 0.153 | Opp label coverage: 0.86
Step 354951/5000000 | Win rate (rollout): 0.55 | Loss: 0.225 | Opp label coverage: 0.90
Step 355463/5000000 | Win rate (rollout): 0.40 | Loss: 0.196 | Opp label coverage: 0.79
Step 355975/5000000 | Win rate (rollout): 0.29 | Loss: 0.187 | Opp label coverage: 0.81
Step 356489/5000000 | Win rate (rollout): 0.67 | Loss: 0.186 | Opp label coverage: 0.93
Step 357001/5000000 | Win rate (rollout): 0.67 | Loss: 0.155 | Opp label coverage: 0.87
Step 357515/5000000 | Win rate (rollout): 0.67 | Loss: 0.108 | Opp label coverage: 0.93
Step 358032/5000000 | Win rate (rollout): 0.67 | Loss: 0.230 | Opp label coverage: 0.89
Step 358544/5000000 | Win rate (rollout): 0.36 | Loss: 0.186 | Opp label coverage: 0.82
Step 359056/5000000 | Win rate (rollout): 0.88 | Loss: 0.191 | Opp label coverage: 0.92
Step 359568/5000000 | Win rate (rollout): 0.23 | Loss: 0.187 | Opp label coverage: 0.82
Step 360080/5000000 | Win rate (rollout): 0.56 | Loss: 0.193 | Opp label coverage: 0.79
Step 360596/5000000 | Win rate (rollout): 0.33 | Loss: 0.180 | Opp label coverage: 0.92
Step 361110/5000000 | Win rate (rollout): 0.71 | Loss: 0.249 | Opp label coverage: 0.92
Step 361622/5000000 | Win rate (rollout): 0.67 | Loss: 0.147 | Opp label coverage: 0.84
Step 362134/5000000 | Win rate (rollout): 0.42 | Loss: 0.168 | Opp label coverage: 0.83
Step 362648/5000000 | Win rate (rollout): 0.60 | Loss: 0.168 | Opp label coverage: 0.91
Step 363161/5000000 | Win rate (rollout): 0.53 | Loss: 0.312 | Opp label coverage: 0.90
Step 363673/5000000 | Win rate (rollout): 0.67 | Loss: 0.191 | Opp label coverage: 0.86
Step 364188/5000000 | Win rate (rollout): 0.50 | Loss: 0.181 | Opp label coverage: 0.90
Step 364700/5000000 | Win rate (rollout): 0.27 | Loss: 0.156 | Opp label coverage: 0.82
Step 365217/5000000 | Win rate (rollout): 0.75 | Loss: 0.165 | Opp label coverage: 0.92
Step 365732/5000000 | Win rate (rollout): 0.54 | Loss: 0.258 | Opp label coverage: 0.90
Step 366244/5000000 | Win rate (rollout): 0.31 | Loss: 0.165 | Opp label coverage: 0.80
Step 366760/5000000 | Win rate (rollout): 0.50 | Loss: 0.207 | Opp label coverage: 0.92
Step 367272/5000000 | Win rate (rollout): 0.23 | Loss: 0.181 | Opp label coverage: 0.84
Step 367789/5000000 | Win rate (rollout): 0.27 | Loss: 0.184 | Opp label coverage: 0.88
Step 368301/5000000 | Win rate (rollout): 0.00 | Loss: 0.123 | Opp label coverage: 0.83
Step 368816/5000000 | Win rate (rollout): 0.67 | Loss: 0.194 | Opp label coverage: 0.91
Step 369334/5000000 | Win rate (rollout): 0.71 | Loss: 0.199 | Opp label coverage: 0.90
Step 369850/5000000 | Win rate (rollout): 0.77 | Loss: 0.124 | Opp label coverage: 0.92
Step 370362/5000000 | Win rate (rollout): 0.36 | Loss: 0.176 | Opp label coverage: 0.82
Step 370875/5000000 | Win rate (rollout): 0.50 | Loss: 0.072 | Opp label coverage: 0.91
Step 371393/5000000 | Win rate (rollout): 0.50 | Loss: 0.215 | Opp label coverage: 0.89
Step 371905/5000000 | Win rate (rollout): 0.50 | Loss: 0.164 | Opp label coverage: 0.84
Step 372417/5000000 | Win rate (rollout): 0.45 | Loss: 0.178 | Opp label coverage: 0.84
Step 372929/5000000 | Win rate (rollout): 0.29 | Loss: 0.177 | Opp label coverage: 0.92
Step 373441/5000000 | Win rate (rollout): 0.23 | Loss: 0.183 | Opp label coverage: 0.90
Step 373955/5000000 | Win rate (rollout): 0.67 | Loss: 0.240 | Opp label coverage: 0.92
Step 374467/5000000 | Win rate (rollout): 0.18 | Loss: 0.158 | Opp label coverage: 0.86
Step 374980/5000000 | Win rate (rollout): 0.11 | Loss: 0.226 | Opp label coverage: 0.89
Step 375496/5000000 | Win rate (rollout): 0.46 | Loss: 0.186 | Opp label coverage: 0.91
Step 376008/5000000 | Win rate (rollout): 0.43 | Loss: 0.157 | Opp label coverage: 0.85
Step 376523/5000000 | Win rate (rollout): 0.75 | Loss: 0.161 | Opp label coverage: 0.90
Step 377035/5000000 | Win rate (rollout): 0.55 | Loss: 0.201 | Opp label coverage: 0.80
Step 377547/5000000 | Win rate (rollout): 0.54 | Loss: 0.188 | Opp label coverage: 0.80
Step 378063/5000000 | Win rate (rollout): 0.56 | Loss: 0.201 | Opp label coverage: 0.91
Step 378582/5000000 | Win rate (rollout): 0.69 | Loss: 0.185 | Opp label coverage: 0.90
Step 379097/5000000 | Win rate (rollout): 0.69 | Loss: 0.138 | Opp label coverage: 0.90
Step 379613/5000000 | Win rate (rollout): 0.36 | Loss: 0.190 | Opp label coverage: 0.90
Step 380125/5000000 | Win rate (rollout): 0.44 | Loss: 0.200 | Opp label coverage: 0.82
Step 380637/5000000 | Win rate (rollout): 0.57 | Loss: 0.229 | Opp label coverage: 0.85
Step 381149/5000000 | Win rate (rollout): 0.57 | Loss: 0.188 | Opp label coverage: 0.92
Step 381667/5000000 | Win rate (rollout): 0.64 | Loss: 0.192 | Opp label coverage: 0.90
Step 382179/5000000 | Win rate (rollout): 0.25 | Loss: 0.201 | Opp label coverage: 0.83
Step 382692/5000000 | Win rate (rollout): 0.64 | Loss: 0.227 | Opp label coverage: 0.88
Step 383204/5000000 | Win rate (rollout): 0.89 | Loss: 0.158 | Opp label coverage: 0.84
Step 383716/5000000 | Win rate (rollout): 0.71 | Loss: 0.161 | Opp label coverage: 0.80
Step 384228/5000000 | Win rate (rollout): 0.25 | Loss: 0.183 | Opp label coverage: 0.89
Step 384740/5000000 | Win rate (rollout): 0.67 | Loss: 0.209 | Opp label coverage: 0.84
Step 385255/5000000 | Win rate (rollout): 0.64 | Loss: 0.227 | Opp label coverage: 0.90
Step 385767/5000000 | Win rate (rollout): 1.00 | Loss: 0.155 | Opp label coverage: 0.83
Step 386283/5000000 | Win rate (rollout): 0.30 | Loss: 0.134 | Opp label coverage: 0.88
Step 386795/5000000 | Win rate (rollout): 0.67 | Loss: 0.161 | Opp label coverage: 0.82
Step 387307/5000000 | Win rate (rollout): 0.58 | Loss: 0.195 | Opp label coverage: 0.84
Step 387819/5000000 | Win rate (rollout): 0.62 | Loss: 0.158 | Opp label coverage: 0.82
Step 388336/5000000 | Win rate (rollout): 0.38 | Loss: 0.199 | Opp label coverage: 0.92
Step 388850/5000000 | Win rate (rollout): 0.50 | Loss: 0.269 | Opp label coverage: 0.91
Step 389362/5000000 | Win rate (rollout): 0.62 | Loss: 0.174 | Opp label coverage: 0.86
Step 389878/5000000 | Win rate (rollout): 0.55 | Loss: 0.172 | Opp label coverage: 0.88
Step 390390/5000000 | Win rate (rollout): 0.54 | Loss: 0.175 | Opp label coverage: 0.82
Step 390902/5000000 | Win rate (rollout): 0.43 | Loss: 0.193 | Opp label coverage: 0.91
Step 391416/5000000 | Win rate (rollout): 0.62 | Loss: 0.169 | Opp label coverage: 0.89
Step 391930/5000000 | Win rate (rollout): 0.62 | Loss: 0.209 | Opp label coverage: 0.91
Step 392442/5000000 | Win rate (rollout): 0.40 | Loss: 0.211 | Opp label coverage: 0.77
Step 392959/5000000 | Win rate (rollout): 0.44 | Loss: 0.212 | Opp label coverage: 0.90
Step 393471/5000000 | Win rate (rollout): 0.73 | Loss: 0.195 | Opp label coverage: 0.86
Step 393984/5000000 | Win rate (rollout): 0.17 | Loss: 0.200 | Opp label coverage: 0.90
Step 394502/5000000 | Win rate (rollout): 0.50 | Loss: 0.179 | Opp label coverage: 0.89
Step 395014/5000000 | Win rate (rollout): 0.23 | Loss: 0.166 | Opp label coverage: 0.79
Step 395526/5000000 | Win rate (rollout): 0.70 | Loss: 0.172 | Opp label coverage: 0.85
Step 396039/5000000 | Win rate (rollout): 0.62 | Loss: 0.207 | Opp label coverage: 0.92
Step 396551/5000000 | Win rate (rollout): 0.42 | Loss: 0.196 | Opp label coverage: 0.80
Step 397068/5000000 | Win rate (rollout): 0.75 | Loss: 0.206 | Opp label coverage: 0.91
Step 397581/5000000 | Win rate (rollout): 0.67 | Loss: 0.220 | Opp label coverage: 0.89
Step 398093/5000000 | Win rate (rollout): 0.33 | Loss: 0.205 | Opp label coverage: 0.84
Step 398605/5000000 | Win rate (rollout): 0.36 | Loss: 0.176 | Opp label coverage: 0.81
Step 399117/5000000 | Win rate (rollout): 0.33 | Loss: 0.174 | Opp label coverage: 0.77
Step 399636/5000000 | Win rate (rollout): 0.67 | Loss: 0.232 | Opp label coverage: 0.89
Step 400148/5000000 | Win rate (rollout): 0.45 | Loss: 0.189 | Opp label coverage: 0.80
Step 400660/5000000 | Win rate (rollout): 0.71 | Loss: 0.158 | Opp label coverage: 0.86
Step 401172/5000000 | Win rate (rollout): 0.83 | Loss: 0.194 | Opp label coverage: 0.91
Step 401690/5000000 | Win rate (rollout): 0.60 | Loss: 0.186 | Opp label coverage: 0.92
Step 402202/5000000 | Win rate (rollout): 0.75 | Loss: 0.186 | Opp label coverage: 0.91
Step 402714/5000000 | Win rate (rollout): 0.64 | Loss: 0.171 | Opp label coverage: 0.83
Step 403226/5000000 | Win rate (rollout): 0.31 | Loss: 0.205 | Opp label coverage: 0.78
Step 403738/5000000 | Win rate (rollout): 0.44 | Loss: 0.178 | Opp label coverage: 0.85
Step 404250/5000000 | Win rate (rollout): 0.62 | Loss: 0.166 | Opp label coverage: 0.85
Step 404762/5000000 | Win rate (rollout): 0.00 | Loss: 0.180 | Opp label coverage: 0.83
Step 405274/5000000 | Win rate (rollout): 0.75 | Loss: 0.199 | Opp label coverage: 0.91
Step 405786/5000000 | Win rate (rollout): 0.91 | Loss: 0.159 | Opp label coverage: 0.84
Step 406298/5000000 | Win rate (rollout): 0.33 | Loss: 0.210 | Opp label coverage: 0.84
Step 406810/5000000 | Win rate (rollout): 0.35 | Loss: 0.181 | Opp label coverage: 0.84
Step 407322/5000000 | Win rate (rollout): 0.53 | Loss: 0.178 | Opp label coverage: 0.80
Step 407834/5000000 | Win rate (rollout): 0.56 | Loss: 0.187 | Opp label coverage: 0.85
Step 408350/5000000 | Win rate (rollout): 0.88 | Loss: 0.198 | Opp label coverage: 0.92
Step 408862/5000000 | Win rate (rollout): 0.53 | Loss: 0.200 | Opp label coverage: 0.90
Step 409374/5000000 | Win rate (rollout): 0.54 | Loss: 0.170 | Opp label coverage: 0.80
Step 409886/5000000 | Win rate (rollout): 0.62 | Loss: 0.196 | Opp label coverage: 0.92
Step 410398/5000000 | Win rate (rollout): 0.57 | Loss: 0.179 | Opp label coverage: 0.88
Step 410910/5000000 | Win rate (rollout): 0.54 | Loss: 0.159 | Opp label coverage: 0.90
Step 411422/5000000 | Win rate (rollout): 0.44 | Loss: 0.197 | Opp label coverage: 0.75
Step 411934/5000000 | Win rate (rollout): 0.33 | Loss: 0.190 | Opp label coverage: 0.83
Step 412446/5000000 | Win rate (rollout): 0.75 | Loss: 0.148 | Opp label coverage: 0.81
Step 412958/5000000 | Win rate (rollout): 0.62 | Loss: 0.230 | Opp label coverage: 0.90
Step 413473/5000000 | Win rate (rollout): 0.33 | Loss: 0.206 | Opp label coverage: 0.91
Step 413985/5000000 | Win rate (rollout): 0.50 | Loss: 0.146 | Opp label coverage: 0.78
Step 414497/5000000 | Win rate (rollout): 0.46 | Loss: 0.184 | Opp label coverage: 0.81
Step 415011/5000000 | Win rate (rollout): 0.62 | Loss: 0.233 | Opp label coverage: 0.91
Step 415527/5000000 | Win rate (rollout): 0.33 | Loss: 0.232 | Opp label coverage: 0.91
Step 416039/5000000 | Win rate (rollout): 0.21 | Loss: 0.169 | Opp label coverage: 0.82
Step 416555/5000000 | Win rate (rollout): 0.25 | Loss: 0.197 | Opp label coverage: 0.91
Step 417070/5000000 | Win rate (rollout): 0.27 | Loss: 0.179 | Opp label coverage: 0.87
Step 417585/5000000 | Win rate (rollout): 0.73 | Loss: 0.258 | Opp label coverage: 0.90
Step 418104/5000000 | Win rate (rollout): 0.79 | Loss: 0.170 | Opp label coverage: 0.91
Step 418616/5000000 | Win rate (rollout): 0.64 | Loss: 0.196 | Opp label coverage: 0.91
Step 419129/5000000 | Win rate (rollout): 0.73 | Loss: 0.183 | Opp label coverage: 0.92
Step 419645/5000000 | Win rate (rollout): 0.40 | Loss: 0.222 | Opp label coverage: 0.89
Step 420157/5000000 | Win rate (rollout): 0.71 | Loss: 0.179 | Opp label coverage: 0.82
Step 420669/5000000 | Win rate (rollout): 0.50 | Loss: 0.188 | Opp label coverage: 0.82
Step 421185/5000000 | Win rate (rollout): 0.75 | Loss: 0.161 | Opp label coverage: 0.91
Step 421697/5000000 | Win rate (rollout): 0.62 | Loss: 0.188 | Opp label coverage: 0.85
Step 422209/5000000 | Win rate (rollout): 0.36 | Loss: 0.163 | Opp label coverage: 0.78
Step 422721/5000000 | Win rate (rollout): 0.79 | Loss: 0.182 | Opp label coverage: 0.84
Step 423233/5000000 | Win rate (rollout): 0.57 | Loss: 0.187 | Opp label coverage: 0.83
Step 423745/5000000 | Win rate (rollout): 0.42 | Loss: 0.178 | Opp label coverage: 0.87
Step 424257/5000000 | Win rate (rollout): 0.62 | Loss: 0.176 | Opp label coverage: 0.85
Step 424769/5000000 | Win rate (rollout): 0.50 | Loss: 0.183 | Opp label coverage: 0.84
Step 425281/5000000 | Win rate (rollout): 0.46 | Loss: 0.185 | Opp label coverage: 0.78
Step 425793/5000000 | Win rate (rollout): 0.60 | Loss: 0.159 | Opp label coverage: 0.82
Step 426306/5000000 | Win rate (rollout): 0.78 | Loss: 0.216 | Opp label coverage: 0.92
Step 426824/5000000 | Win rate (rollout): 0.75 | Loss: 0.176 | Opp label coverage: 0.92
Step 427336/5000000 | Win rate (rollout): 0.50 | Loss: 0.195 | Opp label coverage: 0.79
Step 427848/5000000 | Win rate (rollout): 0.38 | Loss: 0.183 | Opp label coverage: 0.81
Step 428360/5000000 | Win rate (rollout): 0.50 | Loss: 0.207 | Opp label coverage: 0.78
Step 428872/5000000 | Win rate (rollout): 0.50 | Loss: 0.183 | Opp label coverage: 0.80
Step 429387/5000000 | Win rate (rollout): 0.44 | Loss: 0.191 | Opp label coverage: 0.89
Step 429906/5000000 | Win rate (rollout): 0.43 | Loss: 0.179 | Opp label coverage: 0.91
Step 430422/5000000 | Win rate (rollout): 0.23 | Loss: 0.197 | Opp label coverage: 0.89
Step 430934/5000000 | Win rate (rollout): 0.71 | Loss: 0.189 | Opp label coverage: 0.85
Step 431449/5000000 | Win rate (rollout): 0.62 | Loss: 0.133 | Opp label coverage: 0.92
Step 431961/5000000 | Win rate (rollout): 0.56 | Loss: 0.151 | Opp label coverage: 0.80
Step 432476/5000000 | Win rate (rollout): 0.50 | Loss: 0.190 | Opp label coverage: 0.93
Step 432988/5000000 | Win rate (rollout): 0.56 | Loss: 0.179 | Opp label coverage: 0.79
Step 433500/5000000 | Win rate (rollout): 0.42 | Loss: 0.189 | Opp label coverage: 0.82
Step 434016/5000000 | Win rate (rollout): 0.44 | Loss: 0.170 | Opp label coverage: 0.91
Step 434530/5000000 | Win rate (rollout): 0.73 | Loss: 0.246 | Opp label coverage: 0.93
Step 435047/5000000 | Win rate (rollout): 0.45 | Loss: 0.183 | Opp label coverage: 0.90
Step 435559/5000000 | Win rate (rollout): 0.38 | Loss: 0.199 | Opp label coverage: 0.90
Step 436071/5000000 | Win rate (rollout): 0.18 | Loss: 0.168 | Opp label coverage: 0.87
Step 436588/5000000 | Win rate (rollout): 0.44 | Loss: 0.202 | Opp label coverage: 0.90
Step 437100/5000000 | Win rate (rollout): 0.29 | Loss: 0.167 | Opp label coverage: 0.81
Step 437612/5000000 | Win rate (rollout): 0.45 | Loss: 0.188 | Opp label coverage: 0.80
Step 438124/5000000 | Win rate (rollout): 0.46 | Loss: 0.171 | Opp label coverage: 0.82
Step 438643/5000000 | Win rate (rollout): 0.50 | Loss: 0.177 | Opp label coverage: 0.91
Step 439155/5000000 | Win rate (rollout): 0.36 | Loss: 0.196 | Opp label coverage: 0.75
Step 439669/5000000 | Win rate (rollout): 0.67 | Loss: 0.203 | Opp label coverage: 0.90
Step 440181/5000000 | Win rate (rollout): 0.22 | Loss: 0.172 | Opp label coverage: 0.86
Step 440695/5000000 | Win rate (rollout): 0.36 | Loss: 0.197 | Opp label coverage: 0.89
Step 441207/5000000 | Win rate (rollout): 0.67 | Loss: 0.154 | Opp label coverage: 0.84
Step 441725/5000000 | Win rate (rollout): 0.67 | Loss: 0.218 | Opp label coverage: 0.90
Step 442240/5000000 | Win rate (rollout): 0.50 | Loss: 0.136 | Opp label coverage: 0.89
Step 442758/5000000 | Win rate (rollout): 0.50 | Loss: 0.192 | Opp label coverage: 0.92
Step 443273/5000000 | Win rate (rollout): 0.50 | Loss: 0.239 | Opp label coverage: 0.90
Step 443785/5000000 | Win rate (rollout): 0.67 | Loss: 0.169 | Opp label coverage: 0.81
Step 444297/5000000 | Win rate (rollout): 0.38 | Loss: 0.171 | Opp label coverage: 0.81
Step 444809/5000000 | Win rate (rollout): 0.56 | Loss: 0.177 | Opp label coverage: 0.82
Step 445321/5000000 | Win rate (rollout): 0.43 | Loss: 0.176 | Opp label coverage: 0.85
Step 445833/5000000 | Win rate (rollout): 0.58 | Loss: 0.165 | Opp label coverage: 0.86
Step 446345/5000000 | Win rate (rollout): 0.31 | Loss: 0.198 | Opp label coverage: 0.81
Step 446861/5000000 | Win rate (rollout): 0.75 | Loss: 0.155 | Opp label coverage: 0.93
Step 447375/5000000 | Win rate (rollout): 0.69 | Loss: 0.237 | Opp label coverage: 0.91
Step 447889/5000000 | Win rate (rollout): 0.47 | Loss: 0.148 | Opp label coverage: 0.87
Step 448407/5000000 | Win rate (rollout): 0.75 | Loss: 0.223 | Opp label coverage: 0.92
Step 448925/5000000 | Win rate (rollout): 0.64 | Loss: 0.183 | Opp label coverage: 0.90
Step 449437/5000000 | Win rate (rollout): 0.44 | Loss: 0.173 | Opp label coverage: 0.82
Step 449949/5000000 | Win rate (rollout): 0.50 | Loss: 0.214 | Opp label coverage: 0.82
Step 450461/5000000 | Win rate (rollout): 0.44 | Loss: 0.192 | Opp label coverage: 0.85
Step 450977/5000000 | Win rate (rollout): 0.44 | Loss: 0.211 | Opp label coverage: 0.92
Step 451494/5000000 | Win rate (rollout): 0.69 | Loss: 0.213 | Opp label coverage: 0.91
Step 452006/5000000 | Win rate (rollout): 0.40 | Loss: 0.177 | Opp label coverage: 0.83
Step 452518/5000000 | Win rate (rollout): 0.43 | Loss: 0.198 | Opp label coverage: 0.83
Step 453030/5000000 | Win rate (rollout): 0.44 | Loss: 0.152 | Opp label coverage: 0.76
Step 453542/5000000 | Win rate (rollout): 0.56 | Loss: 0.173 | Opp label coverage: 0.85
Step 454061/5000000 | Win rate (rollout): 0.42 | Loss: 0.166 | Opp label coverage: 0.89
Step 454573/5000000 | Win rate (rollout): 0.62 | Loss: 0.181 | Opp label coverage: 0.79
Step 455085/5000000 | Win rate (rollout): 0.50 | Loss: 0.193 | Opp label coverage: 0.81
Step 455597/5000000 | Win rate (rollout): 0.62 | Loss: 0.224 | Opp label coverage: 0.85
Step 456113/5000000 | Win rate (rollout): 0.78 | Loss: 0.232 | Opp label coverage: 0.92
Step 456628/5000000 | Win rate (rollout): 0.54 | Loss: 0.176 | Opp label coverage: 0.90
Step 457146/5000000 | Win rate (rollout): 0.46 | Loss: 0.244 | Opp label coverage: 0.90
Step 457659/5000000 | Win rate (rollout): 0.42 | Loss: 0.123 | Opp label coverage: 0.90
Step 458171/5000000 | Win rate (rollout): 0.86 | Loss: 0.149 | Opp label coverage: 0.79
Step 458683/5000000 | Win rate (rollout): 0.38 | Loss: 0.204 | Opp label coverage: 0.90
Step 459196/5000000 | Win rate (rollout): 0.55 | Loss: 0.288 | Opp label coverage: 0.92
Step 459708/5000000 | Win rate (rollout): 0.55 | Loss: 0.192 | Opp label coverage: 0.81
Step 460226/5000000 | Win rate (rollout): 0.22 | Loss: 0.198 | Opp label coverage: 0.90
Step 460744/5000000 | Win rate (rollout): 0.36 | Loss: 0.233 | Opp label coverage: 0.90
Step 461256/5000000 | Win rate (rollout): 0.46 | Loss: 0.168 | Opp label coverage: 0.77
Step 461768/5000000 | Win rate (rollout): 0.45 | Loss: 0.174 | Opp label coverage: 0.88
Step 462280/5000000 | Win rate (rollout): 0.38 | Loss: 0.189 | Opp label coverage: 0.84
Step 462797/5000000 | Win rate (rollout): 0.56 | Loss: 0.210 | Opp label coverage: 0.91
Step 463310/5000000 | Win rate (rollout): 0.58 | Loss: 0.204 | Opp label coverage: 0.90
Step 463822/5000000 | Win rate (rollout): 0.44 | Loss: 0.149 | Opp label coverage: 0.87
Step 464341/5000000 | Win rate (rollout): 0.57 | Loss: 0.214 | Opp label coverage: 0.92
Step 464857/5000000 | Win rate (rollout): 0.47 | Loss: 0.190 | Opp label coverage: 0.89
Step 465369/5000000 | Win rate (rollout): 0.40 | Loss: 0.198 | Opp label coverage: 0.79
Step 465886/5000000 | Win rate (rollout): 0.80 | Loss: 0.179 | Opp label coverage: 0.93
Step 466398/5000000 | Win rate (rollout): 0.71 | Loss: 0.222 | Opp label coverage: 0.91
Step 466917/5000000 | Win rate (rollout): 0.60 | Loss: 0.236 | Opp label coverage: 0.91
Step 467435/5000000 | Win rate (rollout): 0.58 | Loss: 0.182 | Opp label coverage: 0.91
Step 467947/5000000 | Win rate (rollout): 0.50 | Loss: 0.174 | Opp label coverage: 0.83
Step 468459/5000000 | Win rate (rollout): 0.23 | Loss: 0.172 | Opp label coverage: 0.74
Step 468977/5000000 | Win rate (rollout): 0.42 | Loss: 0.211 | Opp label coverage: 0.88
Step 469490/5000000 | Win rate (rollout): 0.25 | Loss: 0.338 | Opp label coverage: 0.89
Step 470002/5000000 | Win rate (rollout): 0.45 | Loss: 0.185 | Opp label coverage: 0.84
Step 470514/5000000 | Win rate (rollout): 0.14 | Loss: 0.159 | Opp label coverage: 0.82
Step 471029/5000000 | Win rate (rollout): 0.57 | Loss: 0.148 | Opp label coverage: 0.93
Step 471547/5000000 | Win rate (rollout): 0.55 | Loss: 0.213 | Opp label coverage: 0.92
Step 472059/5000000 | Win rate (rollout): 0.50 | Loss: 0.209 | Opp label coverage: 0.82
Step 472571/5000000 | Win rate (rollout): 0.56 | Loss: 0.211 | Opp label coverage: 0.91
Step 473085/5000000 | Win rate (rollout): 0.64 | Loss: 0.188 | Opp label coverage: 0.90
Step 473597/5000000 | Win rate (rollout): 0.62 | Loss: 0.160 | Opp label coverage: 0.79
Step 474113/5000000 | Win rate (rollout): 0.50 | Loss: 0.170 | Opp label coverage: 0.91
Step 474625/5000000 | Win rate (rollout): 0.43 | Loss: 0.183 | Opp label coverage: 0.80
Step 475137/5000000 | Win rate (rollout): 0.33 | Loss: 0.173 | Opp label coverage: 0.78
Step 475655/5000000 | Win rate (rollout): 0.64 | Loss: 0.148 | Opp label coverage: 0.89
Step 476167/5000000 | Win rate (rollout): 0.64 | Loss: 0.192 | Opp label coverage: 0.89
Step 476679/5000000 | Win rate (rollout): 0.47 | Loss: 0.186 | Opp label coverage: 0.89
Step 477191/5000000 | Win rate (rollout): 0.56 | Loss: 0.210 | Opp label coverage: 0.84
Step 477703/5000000 | Win rate (rollout): 0.33 | Loss: 0.190 | Opp label coverage: 0.83
Step 478215/5000000 | Win rate (rollout): 0.44 | Loss: 0.199 | Opp label coverage: 0.80
Step 478727/5000000 | Win rate (rollout): 0.62 | Loss: 0.204 | Opp label coverage: 0.83
Step 479243/5000000 | Win rate (rollout): 0.56 | Loss: 0.180 | Opp label coverage: 0.91
Step 479756/5000000 | Win rate (rollout): 0.38 | Loss: 0.225 | Opp label coverage: 0.89
Step 480268/5000000 | Win rate (rollout): 0.55 | Loss: 0.145 | Opp label coverage: 0.91
Step 480780/5000000 | Win rate (rollout): 0.27 | Loss: 0.195 | Opp label coverage: 0.80
Step 481293/5000000 | Win rate (rollout): 0.75 | Loss: 0.213 | Opp label coverage: 0.92
Step 481805/5000000 | Win rate (rollout): 0.73 | Loss: 0.164 | Opp label coverage: 0.85
Step 482317/5000000 | Win rate (rollout): 0.79 | Loss: 0.153 | Opp label coverage: 0.81
Step 482830/5000000 | Win rate (rollout): 0.56 | Loss: 0.147 | Opp label coverage: 0.90
Step 483342/5000000 | Win rate (rollout): 0.38 | Loss: 0.157 | Opp label coverage: 0.80
Step 483854/5000000 | Win rate (rollout): 0.67 | Loss: 0.147 | Opp label coverage: 0.90
Step 484366/5000000 | Win rate (rollout): 0.29 | Loss: 0.259 | Opp label coverage: 0.89
Step 484878/5000000 | Win rate (rollout): 0.50 | Loss: 0.196 | Opp label coverage: 0.89
Step 485390/5000000 | Win rate (rollout): 0.08 | Loss: 0.151 | Opp label coverage: 0.82
Step 485902/5000000 | Win rate (rollout): 0.35 | Loss: 0.185 | Opp label coverage: 0.82
Step 486414/5000000 | Win rate (rollout): 0.21 | Loss: 0.134 | Opp label coverage: 0.80
Step 486926/5000000 | Win rate (rollout): 0.60 | Loss: 0.201 | Opp label coverage: 0.78
Step 487438/5000000 | Win rate (rollout): 0.25 | Loss: 0.195 | Opp label coverage: 0.81
Step 487955/5000000 | Win rate (rollout): 0.71 | Loss: 0.156 | Opp label coverage: 0.90
Step 488467/5000000 | Win rate (rollout): 0.57 | Loss: 0.161 | Opp label coverage: 0.82
Step 488980/5000000 | Win rate (rollout): 0.22 | Loss: 0.153 | Opp label coverage: 0.90
Step 489496/5000000 | Win rate (rollout): 0.64 | Loss: 0.263 | Opp label coverage: 0.91
Step 490008/5000000 | Win rate (rollout): 0.46 | Loss: 0.164 | Opp label coverage: 0.82
Step 490523/5000000 | Win rate (rollout): 0.45 | Loss: 0.188 | Opp label coverage: 0.88
Step 491035/5000000 | Win rate (rollout): 0.43 | Loss: 0.154 | Opp label coverage: 0.81
Step 491554/5000000 | Win rate (rollout): 0.22 | Loss: 0.219 | Opp label coverage: 0.90
Step 492066/5000000 | Win rate (rollout): 0.25 | Loss: 0.153 | Opp label coverage: 0.82
Step 492578/5000000 | Win rate (rollout): 0.71 | Loss: 0.155 | Opp label coverage: 0.87
Step 493090/5000000 | Win rate (rollout): 0.08 | Loss: 0.161 | Opp label coverage: 0.84
Step 493602/5000000 | Win rate (rollout): 0.64 | Loss: 0.181 | Opp label coverage: 0.85
Step 494114/5000000 | Win rate (rollout): 0.73 | Loss: 0.158 | Opp label coverage: 0.85
Step 494628/5000000 | Win rate (rollout): 0.75 | Loss: 0.138 | Opp label coverage: 0.93
Step 495140/5000000 | Win rate (rollout): 0.75 | Loss: 0.164 | Opp label coverage: 0.84
Step 495653/5000000 | Win rate (rollout): 0.80 | Loss: 0.260 | Opp label coverage: 0.92
Step 496167/5000000 | Win rate (rollout): 0.62 | Loss: 0.258 | Opp label coverage: 0.89
Step 496679/5000000 | Win rate (rollout): 0.60 | Loss: 0.187 | Opp label coverage: 0.81
Step 497191/5000000 | Win rate (rollout): 0.27 | Loss: 0.173 | Opp label coverage: 0.79
Step 497704/5000000 | Win rate (rollout): 0.55 | Loss: 0.251 | Opp label coverage: 0.89
Step 498216/5000000 | Win rate (rollout): 0.45 | Loss: 0.184 | Opp label coverage: 0.77
Step 498728/5000000 | Win rate (rollout): 0.38 | Loss: 0.173 | Opp label coverage: 0.80
Step 499244/5000000 | Win rate (rollout): 0.70 | Loss: 0.224 | Opp label coverage: 0.90
Step 499759/5000000 | Win rate (rollout): 0.15 | Loss: 0.138 | Opp label coverage: 0.89
[checkpoint] Saved models/ppo/checkpoints/m9p2c/ppo_step_500007.pt
Step 500271/5000000 | Win rate (rollout): 0.67 | Loss: 0.180 | Opp label coverage: 0.84
Step 500783/5000000 | Win rate (rollout): 0.40 | Loss: 0.163 | Opp label coverage: 0.85
Step 501296/5000000 | Win rate (rollout): 0.60 | Loss: 0.199 | Opp label coverage: 0.88
Step 501808/5000000 | Win rate (rollout): 0.64 | Loss: 0.187 | Opp label coverage: 0.83
Step 502320/5000000 | Win rate (rollout): 0.44 | Loss: 0.167 | Opp label coverage: 0.82
Step 502836/5000000 | Win rate (rollout): 0.55 | Loss: 0.187 | Opp label coverage: 0.90
Step 503348/5000000 | Win rate (rollout): 0.50 | Loss: 0.180 | Opp label coverage: 0.82
Step 503862/5000000 | Win rate (rollout): 0.55 | Loss: 0.182 | Opp label coverage: 0.87
Step 504374/5000000 | Win rate (rollout): 0.33 | Loss: 0.200 | Opp label coverage: 0.89
Step 504888/5000000 | Win rate (rollout): 0.42 | Loss: 0.202 | Opp label coverage: 0.89
Step 505400/5000000 | Win rate (rollout): 0.62 | Loss: 0.198 | Opp label coverage: 0.88
Step 505912/5000000 | Win rate (rollout): 0.43 | Loss: 0.217 | Opp label coverage: 0.83
Step 506426/5000000 | Win rate (rollout): 0.82 | Loss: 0.203 | Opp label coverage: 0.91
Step 506940/5000000 | Win rate (rollout): 0.50 | Loss: 0.211 | Opp label coverage: 0.90
Step 507458/5000000 | Win rate (rollout): 0.67 | Loss: 0.205 | Opp label coverage: 0.90
Step 507976/5000000 | Win rate (rollout): 0.50 | Loss: 0.160 | Opp label coverage: 0.91
Step 508495/5000000 | Win rate (rollout): 0.50 | Loss: 0.169 | Opp label coverage: 0.89
Step 509010/5000000 | Win rate (rollout): 0.18 | Loss: 0.235 | Opp label coverage: 0.91
Step 509524/5000000 | Win rate (rollout): 0.44 | Loss: 0.231 | Opp label coverage: 0.90
Step 510042/5000000 | Win rate (rollout): 0.41 | Loss: 0.196 | Opp label coverage: 0.89
Step 510560/5000000 | Win rate (rollout): 0.64 | Loss: 0.208 | Opp label coverage: 0.92
Step 511076/5000000 | Win rate (rollout): 0.27 | Loss: 0.180 | Opp label coverage: 0.91
Step 511588/5000000 | Win rate (rollout): 0.43 | Loss: 0.187 | Opp label coverage: 0.81
Step 512100/5000000 | Win rate (rollout): 0.56 | Loss: 0.197 | Opp label coverage: 0.80
Step 512612/5000000 | Win rate (rollout): 0.73 | Loss: 0.203 | Opp label coverage: 0.86
Step 513124/5000000 | Win rate (rollout): 0.58 | Loss: 0.183 | Opp label coverage: 0.82
Step 513636/5000000 | Win rate (rollout): 0.67 | Loss: 0.175 | Opp label coverage: 0.84
Step 514151/5000000 | Win rate (rollout): 0.67 | Loss: 0.184 | Opp label coverage: 0.90
Step 514667/5000000 | Win rate (rollout): 0.40 | Loss: 0.166 | Opp label coverage: 0.89
Step 515183/5000000 | Win rate (rollout): 0.50 | Loss: 0.170 | Opp label coverage: 0.91
Step 515695/5000000 | Win rate (rollout): 0.47 | Loss: 0.180 | Opp label coverage: 0.83
Step 516207/5000000 | Win rate (rollout): 0.60 | Loss: 0.208 | Opp label coverage: 0.84
Step 516719/5000000 | Win rate (rollout): 0.50 | Loss: 0.176 | Opp label coverage: 0.84
Step 517231/5000000 | Win rate (rollout): 0.50 | Loss: 0.186 | Opp label coverage: 0.80
Step 517743/5000000 | Win rate (rollout): 0.23 | Loss: 0.177 | Opp label coverage: 0.79
Step 518257/5000000 | Win rate (rollout): 0.67 | Loss: 0.243 | Opp label coverage: 0.90
Step 518769/5000000 | Win rate (rollout): 0.58 | Loss: 0.191 | Opp label coverage: 0.84
Step 519282/5000000 | Win rate (rollout): 0.89 | Loss: 0.100 | Opp label coverage: 0.92
Step 519795/5000000 | Win rate (rollout): 0.46 | Loss: 0.169 | Opp label coverage: 0.89
Step 520307/5000000 | Win rate (rollout): 0.45 | Loss: 0.174 | Opp label coverage: 0.79
Step 520819/5000000 | Win rate (rollout): 0.38 | Loss: 0.176 | Opp label coverage: 0.83
Step 521337/5000000 | Win rate (rollout): 0.55 | Loss: 0.169 | Opp label coverage: 0.91
Step 521849/5000000 | Win rate (rollout): 0.64 | Loss: 0.206 | Opp label coverage: 0.85
Step 522367/5000000 | Win rate (rollout): 0.38 | Loss: 0.131 | Opp label coverage: 0.88
Step 522879/5000000 | Win rate (rollout): 0.25 | Loss: 0.163 | Opp label coverage: 0.83
Step 523391/5000000 | Win rate (rollout): 0.75 | Loss: 0.214 | Opp label coverage: 0.83
Step 523903/5000000 | Win rate (rollout): 0.41 | Loss: 0.171 | Opp label coverage: 0.82
Step 524415/5000000 | Win rate (rollout): 0.30 | Loss: 0.193 | Opp label coverage: 0.88
Step 524927/5000000 | Win rate (rollout): 0.27 | Loss: 0.192 | Opp label coverage: 0.82
Step 525443/5000000 | Win rate (rollout): 0.40 | Loss: 0.227 | Opp label coverage: 0.90
Step 525960/5000000 | Win rate (rollout): 0.60 | Loss: 0.227 | Opp label coverage: 0.91
Step 526475/5000000 | Win rate (rollout): 0.60 | Loss: 0.229 | Opp label coverage: 0.90
Step 526987/5000000 | Win rate (rollout): 0.67 | Loss: 0.177 | Opp label coverage: 0.78
Step 527499/5000000 | Win rate (rollout): 0.75 | Loss: 0.170 | Opp label coverage: 0.91
Step 528011/5000000 | Win rate (rollout): 0.20 | Loss: 0.191 | Opp label coverage: 0.79
Step 528523/5000000 | Win rate (rollout): 0.40 | Loss: 0.163 | Opp label coverage: 0.84
Step 529035/5000000 | Win rate (rollout): 0.45 | Loss: 0.186 | Opp label coverage: 0.82
Step 529553/5000000 | Win rate (rollout): 0.64 | Loss: 0.188 | Opp label coverage: 0.90
Step 530070/5000000 | Win rate (rollout): 0.58 | Loss: 0.158 | Opp label coverage: 0.89
Step 530582/5000000 | Win rate (rollout): 0.57 | Loss: 0.191 | Opp label coverage: 0.83
Step 531094/5000000 | Win rate (rollout): 0.80 | Loss: 0.147 | Opp label coverage: 0.85
Step 531611/5000000 | Win rate (rollout): 0.73 | Loss: 0.225 | Opp label coverage: 0.90
Step 532123/5000000 | Win rate (rollout): 0.50 | Loss: 0.193 | Opp label coverage: 0.89
Step 532636/5000000 | Win rate (rollout): 0.62 | Loss: 0.221 | Opp label coverage: 0.91
Step 533148/5000000 | Win rate (rollout): 0.71 | Loss: 0.175 | Opp label coverage: 0.80
Step 533663/5000000 | Win rate (rollout): 0.64 | Loss: 0.207 | Opp label coverage: 0.89
Step 534175/5000000 | Win rate (rollout): 0.50 | Loss: 0.170 | Opp label coverage: 0.81
Step 534687/5000000 | Win rate (rollout): 0.69 | Loss: 0.209 | Opp label coverage: 0.85
Step 535205/5000000 | Win rate (rollout): 0.33 | Loss: 0.197 | Opp label coverage: 0.90
Step 535717/5000000 | Win rate (rollout): 0.12 | Loss: 0.161 | Opp label coverage: 0.81
Step 536229/5000000 | Win rate (rollout): 0.33 | Loss: 0.197 | Opp label coverage: 0.90
Step 536745/5000000 | Win rate (rollout): 0.36 | Loss: 0.200 | Opp label coverage: 0.91
Step 537257/5000000 | Win rate (rollout): 0.62 | Loss: 0.171 | Opp label coverage: 0.82
Step 537769/5000000 | Win rate (rollout): 0.62 | Loss: 0.170 | Opp label coverage: 0.84
Step 538281/5000000 | Win rate (rollout): 0.54 | Loss: 0.178 | Opp label coverage: 0.80
Step 538799/5000000 | Win rate (rollout): 0.58 | Loss: 0.134 | Opp label coverage: 0.91
Step 539313/5000000 | Win rate (rollout): 0.64 | Loss: 0.203 | Opp label coverage: 0.90
Step 539829/5000000 | Win rate (rollout): 0.50 | Loss: 0.172 | Opp label coverage: 0.92
Step 540347/5000000 | Win rate (rollout): 0.67 | Loss: 0.178 | Opp label coverage: 0.92
Step 540859/5000000 | Win rate (rollout): 0.45 | Loss: 0.157 | Opp label coverage: 0.79
Step 541371/5000000 | Win rate (rollout): 0.56 | Loss: 0.188 | Opp label coverage: 0.83
Step 541883/5000000 | Win rate (rollout): 0.27 | Loss: 0.185 | Opp label coverage: 0.88
Step 542395/5000000 | Win rate (rollout): 0.33 | Loss: 0.173 | Opp label coverage: 0.88
Step 542907/5000000 | Win rate (rollout): 0.50 | Loss: 0.178 | Opp label coverage: 0.83
Step 543420/5000000 | Win rate (rollout): 0.33 | Loss: 0.221 | Opp label coverage: 0.91
Step 543935/5000000 | Win rate (rollout): 0.67 | Loss: 0.188 | Opp label coverage: 0.92
Step 544447/5000000 | Win rate (rollout): 0.30 | Loss: 0.175 | Opp label coverage: 0.87
Step 544963/5000000 | Win rate (rollout): 0.33 | Loss: 0.205 | Opp label coverage: 0.91
Step 545476/5000000 | Win rate (rollout): 0.45 | Loss: 0.163 | Opp label coverage: 0.91
Step 545988/5000000 | Win rate (rollout): 0.60 | Loss: 0.181 | Opp label coverage: 0.81
Step 546500/5000000 | Win rate (rollout): 0.73 | Loss: 0.166 | Opp label coverage: 0.82
Step 547019/5000000 | Win rate (rollout): 0.45 | Loss: 0.210 | Opp label coverage: 0.90
Step 547537/5000000 | Win rate (rollout): 0.69 | Loss: 0.180 | Opp label coverage: 0.89
Step 548049/5000000 | Win rate (rollout): 0.20 | Loss: 0.219 | Opp label coverage: 0.89
Step 548561/5000000 | Win rate (rollout): 0.42 | Loss: 0.190 | Opp label coverage: 0.86
Step 549079/5000000 | Win rate (rollout): 0.55 | Loss: 0.191 | Opp label coverage: 0.91
Step 549594/5000000 | Win rate (rollout): 0.46 | Loss: 0.172 | Opp label coverage: 0.90
Step 550106/5000000 | Win rate (rollout): 0.50 | Loss: 0.150 | Opp label coverage: 0.83
Step 550622/5000000 | Win rate (rollout): 0.57 | Loss: 0.171 | Opp label coverage: 0.92
Step 551134/5000000 | Win rate (rollout): 0.31 | Loss: 0.166 | Opp label coverage: 0.85
Step 551651/5000000 | Win rate (rollout): 0.46 | Loss: 0.181 | Opp label coverage: 0.88
Step 552163/5000000 | Win rate (rollout): 0.54 | Loss: 0.228 | Opp label coverage: 0.81
Step 552675/5000000 | Win rate (rollout): 0.88 | Loss: 0.170 | Opp label coverage: 0.86
Step 553187/5000000 | Win rate (rollout): 0.50 | Loss: 0.167 | Opp label coverage: 0.82
Step 553700/5000000 | Win rate (rollout): 0.40 | Loss: 0.125 | Opp label coverage: 0.88
Step 554214/5000000 | Win rate (rollout): 0.38 | Loss: 0.157 | Opp label coverage: 0.89
Step 554726/5000000 | Win rate (rollout): 0.62 | Loss: 0.175 | Opp label coverage: 0.82
Step 555238/5000000 | Win rate (rollout): 0.69 | Loss: 0.191 | Opp label coverage: 0.82
Step 555755/5000000 | Win rate (rollout): 0.89 | Loss: 0.139 | Opp label coverage: 0.91
Step 556270/5000000 | Win rate (rollout): 0.50 | Loss: 0.180 | Opp label coverage: 0.91
Step 556782/5000000 | Win rate (rollout): 0.79 | Loss: 0.193 | Opp label coverage: 0.85
Step 557297/5000000 | Win rate (rollout): 0.46 | Loss: 0.232 | Opp label coverage: 0.90
Step 557809/5000000 | Win rate (rollout): 0.86 | Loss: 0.179 | Opp label coverage: 0.91
Step 558321/5000000 | Win rate (rollout): 0.40 | Loss: 0.232 | Opp label coverage: 0.80
Step 558835/5000000 | Win rate (rollout): 0.80 | Loss: 0.210 | Opp label coverage: 0.89
Step 559350/5000000 | Win rate (rollout): 0.43 | Loss: 0.204 | Opp label coverage: 0.88
Step 559862/5000000 | Win rate (rollout): 0.60 | Loss: 0.162 | Opp label coverage: 0.79
Step 560375/5000000 | Win rate (rollout): 0.25 | Loss: 0.267 | Opp label coverage: 0.90
Step 560887/5000000 | Win rate (rollout): 0.22 | Loss: 0.163 | Opp label coverage: 0.82
Step 561403/5000000 | Win rate (rollout): 0.29 | Loss: 0.218 | Opp label coverage: 0.91
Step 561917/5000000 | Win rate (rollout): 0.31 | Loss: 0.170 | Opp label coverage: 0.90
Step 562429/5000000 | Win rate (rollout): 0.46 | Loss: 0.177 | Opp label coverage: 0.77
Step 562941/5000000 | Win rate (rollout): 0.82 | Loss: 0.184 | Opp label coverage: 0.85
Step 563453/5000000 | Win rate (rollout): 0.69 | Loss: 0.170 | Opp label coverage: 0.83
Step 563968/5000000 | Win rate (rollout): 0.58 | Loss: 0.177 | Opp label coverage: 0.89
Step 564482/5000000 | Win rate (rollout): 0.45 | Loss: 0.239 | Opp label coverage: 0.90
Step 564999/5000000 | Win rate (rollout): 0.40 | Loss: 0.195 | Opp label coverage: 0.90
Step 565516/5000000 | Win rate (rollout): 0.36 | Loss: 0.188 | Opp label coverage: 0.87
Step 566029/5000000 | Win rate (rollout): 0.33 | Loss: 0.163 | Opp label coverage: 0.89
Step 566547/5000000 | Win rate (rollout): 0.58 | Loss: 0.192 | Opp label coverage: 0.91
Step 567059/5000000 | Win rate (rollout): 0.55 | Loss: 0.199 | Opp label coverage: 0.83
Step 567571/5000000 | Win rate (rollout): 0.60 | Loss: 0.204 | Opp label coverage: 0.89
Step 568088/5000000 | Win rate (rollout): 0.35 | Loss: 0.215 | Opp label coverage: 0.88
Step 568606/5000000 | Win rate (rollout): 0.60 | Loss: 0.210 | Opp label coverage: 0.89
Step 569123/5000000 | Win rate (rollout): 0.67 | Loss: 0.195 | Opp label coverage: 0.91
Step 569635/5000000 | Win rate (rollout): 0.36 | Loss: 0.200 | Opp label coverage: 0.79
Step 570147/5000000 | Win rate (rollout): 0.53 | Loss: 0.164 | Opp label coverage: 0.76
Step 570662/5000000 | Win rate (rollout): 0.40 | Loss: 0.191 | Opp label coverage: 0.91
Step 571174/5000000 | Win rate (rollout): 0.58 | Loss: 0.182 | Opp label coverage: 0.90
Step 571686/5000000 | Win rate (rollout): 0.64 | Loss: 0.188 | Opp label coverage: 0.83
Step 572199/5000000 | Win rate (rollout): 0.30 | Loss: 0.135 | Opp label coverage: 0.89
Step 572711/5000000 | Win rate (rollout): 0.75 | Loss: 0.185 | Opp label coverage: 0.81
Step 573223/5000000 | Win rate (rollout): 0.50 | Loss: 0.186 | Opp label coverage: 0.81
Step 573742/5000000 | Win rate (rollout): 0.50 | Loss: 0.220 | Opp label coverage: 0.87
Step 574258/5000000 | Win rate (rollout): 0.40 | Loss: 0.177 | Opp label coverage: 0.89
Step 574770/5000000 | Win rate (rollout): 0.17 | Loss: 0.208 | Opp label coverage: 0.82
Step 575282/5000000 | Win rate (rollout): 0.60 | Loss: 0.167 | Opp label coverage: 0.86
Step 575800/5000000 | Win rate (rollout): 0.50 | Loss: 0.197 | Opp label coverage: 0.92
Step 576313/5000000 | Win rate (rollout): 0.43 | Loss: 0.318 | Opp label coverage: 0.91
Step 576825/5000000 | Win rate (rollout): 0.30 | Loss: 0.180 | Opp label coverage: 0.83
Step 577337/5000000 | Win rate (rollout): 0.71 | Loss: 0.188 | Opp label coverage: 0.93
Step 577849/5000000 | Win rate (rollout): 0.62 | Loss: 0.180 | Opp label coverage: 0.79
Step 578361/5000000 | Win rate (rollout): 0.71 | Loss: 0.173 | Opp label coverage: 0.83
Step 578873/5000000 | Win rate (rollout): 0.88 | Loss: 0.183 | Opp label coverage: 0.92
Step 579388/5000000 | Win rate (rollout): 0.36 | Loss: 0.186 | Opp label coverage: 0.90
Step 579900/5000000 | Win rate (rollout): 0.44 | Loss: 0.159 | Opp label coverage: 0.80
Step 580412/5000000 | Win rate (rollout): 0.60 | Loss: 0.191 | Opp label coverage: 0.84
Step 580931/5000000 | Win rate (rollout): 0.77 | Loss: 0.194 | Opp label coverage: 0.92
Step 581443/5000000 | Win rate (rollout): 0.60 | Loss: 0.192 | Opp label coverage: 0.88
Step 581955/5000000 | Win rate (rollout): 0.38 | Loss: 0.181 | Opp label coverage: 0.83
Step 582471/5000000 | Win rate (rollout): 0.45 | Loss: 0.183 | Opp label coverage: 0.89
Step 582984/5000000 | Win rate (rollout): 0.67 | Loss: 0.120 | Opp label coverage: 0.91
Step 583496/5000000 | Win rate (rollout): 0.62 | Loss: 0.178 | Opp label coverage: 0.87
Step 584008/5000000 | Win rate (rollout): 0.62 | Loss: 0.165 | Opp label coverage: 0.80
Step 584520/5000000 | Win rate (rollout): 0.29 | Loss: 0.185 | Opp label coverage: 0.85
Step 585032/5000000 | Win rate (rollout): 0.50 | Loss: 0.181 | Opp label coverage: 0.85
Step 585544/5000000 | Win rate (rollout): 0.64 | Loss: 0.199 | Opp label coverage: 0.89
Step 586056/5000000 | Win rate (rollout): 0.85 | Loss: 0.170 | Opp label coverage: 0.83
Step 586569/5000000 | Win rate (rollout): 0.75 | Loss: 0.243 | Opp label coverage: 0.91
Step 587081/5000000 | Win rate (rollout): 0.67 | Loss: 0.153 | Opp label coverage: 0.82
Step 587599/5000000 | Win rate (rollout): 0.33 | Loss: 0.192 | Opp label coverage: 0.90
Step 588118/5000000 | Win rate (rollout): 0.50 | Loss: 0.273 | Opp label coverage: 0.90
Step 588635/5000000 | Win rate (rollout): 0.36 | Loss: 0.174 | Opp label coverage: 0.91
Step 589148/5000000 | Win rate (rollout): 0.43 | Loss: 0.163 | Opp label coverage: 0.89
Step 589660/5000000 | Win rate (rollout): 0.25 | Loss: 0.182 | Opp label coverage: 0.81
Step 590176/5000000 | Win rate (rollout): 0.55 | Loss: 0.182 | Opp label coverage: 0.88
Step 590693/5000000 | Win rate (rollout): 0.43 | Loss: 0.221 | Opp label coverage: 0.89
Step 591210/5000000 | Win rate (rollout): 0.64 | Loss: 0.211 | Opp label coverage: 0.92
Step 591722/5000000 | Win rate (rollout): 0.36 | Loss: 0.190 | Opp label coverage: 0.82
Step 592234/5000000 | Win rate (rollout): 0.35 | Loss: 0.190 | Opp label coverage: 0.81
Step 592747/5000000 | Win rate (rollout): 0.40 | Loss: 0.178 | Opp label coverage: 0.90
Step 593263/5000000 | Win rate (rollout): 0.67 | Loss: 0.203 | Opp label coverage: 0.90
Step 593775/5000000 | Win rate (rollout): 0.57 | Loss: 0.165 | Opp label coverage: 0.85
Step 594287/5000000 | Win rate (rollout): 0.25 | Loss: 0.197 | Opp label coverage: 0.77
Step 594799/5000000 | Win rate (rollout): 0.00 | Loss: 0.143 | Opp label coverage: 0.85
Step 595311/5000000 | Win rate (rollout): 0.46 | Loss: 0.210 | Opp label coverage: 0.80
Step 595823/5000000 | Win rate (rollout): 0.62 | Loss: 0.187 | Opp label coverage: 0.83
Step 596335/5000000 | Win rate (rollout): 0.31 | Loss: 0.194 | Opp label coverage: 0.83
Step 596851/5000000 | Win rate (rollout): 0.55 | Loss: 0.143 | Opp label coverage: 0.90
Step 597363/5000000 | Win rate (rollout): 0.31 | Loss: 0.216 | Opp label coverage: 0.85
Step 597875/5000000 | Win rate (rollout): 0.14 | Loss: 0.143 | Opp label coverage: 0.82
Step 598387/5000000 | Win rate (rollout): 0.31 | Loss: 0.182 | Opp label coverage: 0.82
Step 598904/5000000 | Win rate (rollout): 0.33 | Loss: 0.222 | Opp label coverage: 0.91
Step 599419/5000000 | Win rate (rollout): 0.59 | Loss: 0.220 | Opp label coverage: 0.88
Step 599935/5000000 | Win rate (rollout): 0.40 | Loss: 0.198 | Opp label coverage: 0.92
Step 600447/5000000 | Win rate (rollout): 0.21 | Loss: 0.185 | Opp label coverage: 0.83
Step 600959/5000000 | Win rate (rollout): 0.67 | Loss: 0.173 | Opp label coverage: 0.85
Step 601474/5000000 | Win rate (rollout): 0.30 | Loss: 0.177 | Opp label coverage: 0.89
Step 601987/5000000 | Win rate (rollout): 0.50 | Loss: 0.266 | Opp label coverage: 0.91
Step 602499/5000000 | Win rate (rollout): 0.70 | Loss: 0.183 | Opp label coverage: 0.84
Step 603011/5000000 | Win rate (rollout): 0.71 | Loss: 0.169 | Opp label coverage: 0.86
Step 603529/5000000 | Win rate (rollout): 0.33 | Loss: 0.207 | Opp label coverage: 0.89
Step 604041/5000000 | Win rate (rollout): 0.78 | Loss: 0.176 | Opp label coverage: 0.84
Step 604558/5000000 | Win rate (rollout): 0.27 | Loss: 0.190 | Opp label coverage: 0.89
Step 605076/5000000 | Win rate (rollout): 0.47 | Loss: 0.228 | Opp label coverage: 0.90
Step 605588/5000000 | Win rate (rollout): 0.18 | Loss: 0.175 | Opp label coverage: 0.82
Step 606100/5000000 | Win rate (rollout): 0.38 | Loss: 0.173 | Opp label coverage: 0.78
Step 606615/5000000 | Win rate (rollout): 0.29 | Loss: 0.066 | Opp label coverage: 0.91
Step 607128/5000000 | Win rate (rollout): 0.47 | Loss: 0.190 | Opp label coverage: 0.89
Step 607640/5000000 | Win rate (rollout): 0.50 | Loss: 0.175 | Opp label coverage: 0.81
Step 608156/5000000 | Win rate (rollout): 0.38 | Loss: 0.193 | Opp label coverage: 0.91
Step 608668/5000000 | Win rate (rollout): 0.45 | Loss: 0.175 | Opp label coverage: 0.80
Step 609180/5000000 | Win rate (rollout): 0.33 | Loss: 0.162 | Opp label coverage: 0.84
Step 609695/5000000 | Win rate (rollout): 0.55 | Loss: 0.235 | Opp label coverage: 0.89
Step 610207/5000000 | Win rate (rollout): 0.75 | Loss: 0.171 | Opp label coverage: 0.84
Step 610722/5000000 | Win rate (rollout): 0.27 | Loss: 0.229 | Opp label coverage: 0.88
Step 611234/5000000 | Win rate (rollout): 0.69 | Loss: 0.190 | Opp label coverage: 0.91
Step 611746/5000000 | Win rate (rollout): 0.57 | Loss: 0.161 | Opp label coverage: 0.86
Step 612258/5000000 | Win rate (rollout): 0.55 | Loss: 0.174 | Opp label coverage: 0.84
Step 612772/5000000 | Win rate (rollout): 0.44 | Loss: 0.144 | Opp label coverage: 0.89
Step 613284/5000000 | Win rate (rollout): 0.56 | Loss: 0.195 | Opp label coverage: 0.83
Step 613796/5000000 | Win rate (rollout): 0.54 | Loss: 0.175 | Opp label coverage: 0.80
Step 614308/5000000 | Win rate (rollout): 0.33 | Loss: 0.161 | Opp label coverage: 0.85
Step 614820/5000000 | Win rate (rollout): 0.36 | Loss: 0.189 | Opp label coverage: 0.86
Step 615332/5000000 | Win rate (rollout): 0.64 | Loss: 0.160 | Opp label coverage: 0.83
Step 615844/5000000 | Win rate (rollout): 0.38 | Loss: 0.154 | Opp label coverage: 0.81
Step 616356/5000000 | Win rate (rollout): 0.29 | Loss: 0.195 | Opp label coverage: 0.85
Step 616871/5000000 | Win rate (rollout): 0.50 | Loss: 0.241 | Opp label coverage: 0.90
Step 617389/5000000 | Win rate (rollout): 0.54 | Loss: 0.153 | Opp label coverage: 0.88
Step 617901/5000000 | Win rate (rollout): 0.50 | Loss: 0.199 | Opp label coverage: 0.88
Step 618416/5000000 | Win rate (rollout): 0.27 | Loss: 0.220 | Opp label coverage: 0.89
Step 618928/5000000 | Win rate (rollout): 0.62 | Loss: 0.170 | Opp label coverage: 0.84
Step 619440/5000000 | Win rate (rollout): 0.50 | Loss: 0.144 | Opp label coverage: 0.90
Step 619957/5000000 | Win rate (rollout): 0.40 | Loss: 0.234 | Opp label coverage: 0.88
Step 620469/5000000 | Win rate (rollout): 0.50 | Loss: 0.172 | Opp label coverage: 0.82
Step 620981/5000000 | Win rate (rollout): 0.56 | Loss: 0.185 | Opp label coverage: 0.84
Step 621498/5000000 | Win rate (rollout): 0.44 | Loss: 0.214 | Opp label coverage: 0.90
Step 622012/5000000 | Win rate (rollout): 0.57 | Loss: 0.218 | Opp label coverage: 0.90
Step 622531/5000000 | Win rate (rollout): 0.64 | Loss: 0.219 | Opp label coverage: 0.92
Step 623043/5000000 | Win rate (rollout): 0.46 | Loss: 0.202 | Opp label coverage: 0.89
Step 623555/5000000 | Win rate (rollout): 0.64 | Loss: 0.180 | Opp label coverage: 0.89
Step 624067/5000000 | Win rate (rollout): 0.73 | Loss: 0.171 | Opp label coverage: 0.85
Step 624584/5000000 | Win rate (rollout): 0.33 | Loss: 0.232 | Opp label coverage: 0.89
Step 625096/5000000 | Win rate (rollout): 0.43 | Loss: 0.180 | Opp label coverage: 0.85
Step 625608/5000000 | Win rate (rollout): 0.25 | Loss: 0.197 | Opp label coverage: 0.83
Step 626120/5000000 | Win rate (rollout): 0.62 | Loss: 0.229 | Opp label coverage: 0.89
Step 626636/5000000 | Win rate (rollout): 0.64 | Loss: 0.164 | Opp label coverage: 0.90
Step 627148/5000000 | Win rate (rollout): 0.58 | Loss: 0.205 | Opp label coverage: 0.90
Step 627662/5000000 | Win rate (rollout): 0.36 | Loss: 0.202 | Opp label coverage: 0.90
Step 628178/5000000 | Win rate (rollout): 0.42 | Loss: 0.226 | Opp label coverage: 0.89
Step 628690/5000000 | Win rate (rollout): 0.30 | Loss: 0.175 | Opp label coverage: 0.82
Step 629202/5000000 | Win rate (rollout): 0.43 | Loss: 0.167 | Opp label coverage: 0.84
Step 629717/5000000 | Win rate (rollout): 0.45 | Loss: 0.274 | Opp label coverage: 0.90
Step 630229/5000000 | Win rate (rollout): 0.40 | Loss: 0.179 | Opp label coverage: 0.79
Step 630741/5000000 | Win rate (rollout): 0.50 | Loss: 0.168 | Opp label coverage: 0.82
Step 631253/5000000 | Win rate (rollout): 0.82 | Loss: 0.178 | Opp label coverage: 0.81
Step 631765/5000000 | Win rate (rollout): 0.50 | Loss: 0.167 | Opp label coverage: 0.81
Step 632277/5000000 | Win rate (rollout): 0.56 | Loss: 0.206 | Opp label coverage: 0.90
Step 632794/5000000 | Win rate (rollout): 0.47 | Loss: 0.264 | Opp label coverage: 0.91
Step 633306/5000000 | Win rate (rollout): 0.62 | Loss: 0.218 | Opp label coverage: 0.80
Step 633818/5000000 | Win rate (rollout): 0.40 | Loss: 0.200 | Opp label coverage: 0.82
Step 634330/5000000 | Win rate (rollout): 0.25 | Loss: 0.194 | Opp label coverage: 0.90
Step 634847/5000000 | Win rate (rollout): 0.40 | Loss: 0.206 | Opp label coverage: 0.89
Step 635359/5000000 | Win rate (rollout): 0.91 | Loss: 0.175 | Opp label coverage: 0.84
Step 635871/5000000 | Win rate (rollout): 0.25 | Loss: 0.153 | Opp label coverage: 0.83
Step 636383/5000000 | Win rate (rollout): 0.53 | Loss: 0.180 | Opp label coverage: 0.76
Step 636899/5000000 | Win rate (rollout): 0.54 | Loss: 0.178 | Opp label coverage: 0.90
Step 637411/5000000 | Win rate (rollout): 0.45 | Loss: 0.153 | Opp label coverage: 0.85
Step 637928/5000000 | Win rate (rollout): 0.67 | Loss: 0.132 | Opp label coverage: 0.89
Step 638440/5000000 | Win rate (rollout): 0.62 | Loss: 0.196 | Opp label coverage: 0.84
Step 638952/5000000 | Win rate (rollout): 0.50 | Loss: 0.181 | Opp label coverage: 0.86
Step 639469/5000000 | Win rate (rollout): 0.50 | Loss: 0.197 | Opp label coverage: 0.88
Step 639981/5000000 | Win rate (rollout): 0.30 | Loss: 0.188 | Opp label coverage: 0.86
Step 640493/5000000 | Win rate (rollout): 0.75 | Loss: 0.178 | Opp label coverage: 0.79
Step 641008/5000000 | Win rate (rollout): 0.62 | Loss: 0.257 | Opp label coverage: 0.91
Step 641520/5000000 | Win rate (rollout): 0.88 | Loss: 0.168 | Opp label coverage: 0.82
Step 642036/5000000 | Win rate (rollout): 0.25 | Loss: 0.176 | Opp label coverage: 0.88
Step 642548/5000000 | Win rate (rollout): 0.45 | Loss: 0.200 | Opp label coverage: 0.78
Step 643060/5000000 | Win rate (rollout): 0.62 | Loss: 0.168 | Opp label coverage: 0.82
Step 643572/5000000 | Win rate (rollout): 0.17 | Loss: 0.169 | Opp label coverage: 0.79
Step 644084/5000000 | Win rate (rollout): 0.50 | Loss: 0.189 | Opp label coverage: 0.79
Step 644596/5000000 | Win rate (rollout): 0.75 | Loss: 0.138 | Opp label coverage: 0.85
Step 645108/5000000 | Win rate (rollout): 0.47 | Loss: 0.136 | Opp label coverage: 0.83
Step 645626/5000000 | Win rate (rollout): 0.45 | Loss: 0.211 | Opp label coverage: 0.89
Step 646138/5000000 | Win rate (rollout): 0.33 | Loss: 0.153 | Opp label coverage: 0.81
Step 646655/5000000 | Win rate (rollout): 0.40 | Loss: 0.253 | Opp label coverage: 0.89
Step 647167/5000000 | Win rate (rollout): 0.69 | Loss: 0.175 | Opp label coverage: 0.86
Step 647684/5000000 | Win rate (rollout): 0.56 | Loss: 0.198 | Opp label coverage: 0.90
Step 648196/5000000 | Win rate (rollout): 0.67 | Loss: 0.197 | Opp label coverage: 0.80
Step 648709/5000000 | Win rate (rollout): 0.50 | Loss: 0.155 | Opp label coverage: 0.90
Step 649221/5000000 | Win rate (rollout): 0.27 | Loss: 0.173 | Opp label coverage: 0.85
Step 649733/5000000 | Win rate (rollout): 0.58 | Loss: 0.219 | Opp label coverage: 0.85
Step 650249/5000000 | Win rate (rollout): 0.50 | Loss: 0.188 | Opp label coverage: 0.91
Step 650761/5000000 | Win rate (rollout): 0.43 | Loss: 0.189 | Opp label coverage: 0.80
Step 651273/5000000 | Win rate (rollout): 0.60 | Loss: 0.179 | Opp label coverage: 0.82
Step 651785/5000000 | Win rate (rollout): 0.38 | Loss: 0.199 | Opp label coverage: 0.86
Step 652297/5000000 | Win rate (rollout): 0.67 | Loss: 0.156 | Opp label coverage: 0.82
Step 652809/5000000 | Win rate (rollout): 0.79 | Loss: 0.153 | Opp label coverage: 0.86
Step 653322/5000000 | Win rate (rollout): 0.44 | Loss: 0.173 | Opp label coverage: 0.90
Step 653839/5000000 | Win rate (rollout): 0.41 | Loss: 0.250 | Opp label coverage: 0.90
Step 654357/5000000 | Win rate (rollout): 0.42 | Loss: 0.215 | Opp label coverage: 0.88
Step 654869/5000000 | Win rate (rollout): 0.50 | Loss: 0.160 | Opp label coverage: 0.84
Step 655381/5000000 | Win rate (rollout): 0.58 | Loss: 0.167 | Opp label coverage: 0.82
Step 655893/5000000 | Win rate (rollout): 0.64 | Loss: 0.173 | Opp label coverage: 0.84
Step 656405/5000000 | Win rate (rollout): 0.67 | Loss: 0.188 | Opp label coverage: 0.84
Step 656921/5000000 | Win rate (rollout): 0.56 | Loss: 0.148 | Opp label coverage: 0.88
Step 657433/5000000 | Win rate (rollout): 0.57 | Loss: 0.209 | Opp label coverage: 0.90
Step 657946/5000000 | Win rate (rollout): 0.60 | Loss: 0.266 | Opp label coverage: 0.91
Step 658464/5000000 | Win rate (rollout): 0.29 | Loss: 0.149 | Opp label coverage: 0.90
Step 658976/5000000 | Win rate (rollout): 0.71 | Loss: 0.152 | Opp label coverage: 0.80
Step 659488/5000000 | Win rate (rollout): 0.40 | Loss: 0.227 | Opp label coverage: 0.89
Step 660002/5000000 | Win rate (rollout): 0.21 | Loss: 0.183 | Opp label coverage: 0.89
Step 660519/5000000 | Win rate (rollout): 0.46 | Loss: 0.225 | Opp label coverage: 0.90
Step 661031/5000000 | Win rate (rollout): 0.36 | Loss: 0.192 | Opp label coverage: 0.88
Step 661543/5000000 | Win rate (rollout): 0.38 | Loss: 0.185 | Opp label coverage: 0.81
Step 662057/5000000 | Win rate (rollout): 0.50 | Loss: 0.193 | Opp label coverage: 0.89
Step 662572/5000000 | Win rate (rollout): 0.33 | Loss: 0.162 | Opp label coverage: 0.89
Step 663087/5000000 | Win rate (rollout): 0.50 | Loss: 0.183 | Opp label coverage: 0.89
Step 663602/5000000 | Win rate (rollout): 0.62 | Loss: 0.224 | Opp label coverage: 0.90
Step 664114/5000000 | Win rate (rollout): 0.23 | Loss: 0.155 | Opp label coverage: 0.85
Step 664630/5000000 | Win rate (rollout): 0.50 | Loss: 0.232 | Opp label coverage: 0.90
Step 665142/5000000 | Win rate (rollout): 0.78 | Loss: 0.182 | Opp label coverage: 0.79
Step 665654/5000000 | Win rate (rollout): 0.46 | Loss: 0.176 | Opp label coverage: 0.83
Step 666168/5000000 | Win rate (rollout): 0.67 | Loss: 0.319 | Opp label coverage: 0.90
Step 666680/5000000 | Win rate (rollout): 0.58 | Loss: 0.188 | Opp label coverage: 0.87
Step 667192/5000000 | Win rate (rollout): 0.33 | Loss: 0.206 | Opp label coverage: 0.81
Step 667704/5000000 | Win rate (rollout): 0.33 | Loss: 0.180 | Opp label coverage: 0.81
Step 668216/5000000 | Win rate (rollout): 0.57 | Loss: 0.161 | Opp label coverage: 0.86
Step 668728/5000000 | Win rate (rollout): 0.60 | Loss: 0.203 | Opp label coverage: 0.85
Step 669240/5000000 | Win rate (rollout): 0.38 | Loss: 0.212 | Opp label coverage: 0.82
Step 669752/5000000 | Win rate (rollout): 0.71 | Loss: 0.174 | Opp label coverage: 0.81
Step 670269/5000000 | Win rate (rollout): 0.50 | Loss: 0.212 | Opp label coverage: 0.90
Step 670781/5000000 | Win rate (rollout): 0.50 | Loss: 0.166 | Opp label coverage: 0.82
Step 671294/5000000 | Win rate (rollout): 0.50 | Loss: 0.226 | Opp label coverage: 0.87
Step 671806/5000000 | Win rate (rollout): 0.40 | Loss: 0.191 | Opp label coverage: 0.85
Step 672320/5000000 | Win rate (rollout): 0.75 | Loss: 0.214 | Opp label coverage: 0.90
Step 672837/5000000 | Win rate (rollout): 0.58 | Loss: 0.198 | Opp label coverage: 0.92
Step 673349/5000000 | Win rate (rollout): 0.67 | Loss: 0.178 | Opp label coverage: 0.86
Step 673862/5000000 | Win rate (rollout): 0.27 | Loss: 0.223 | Opp label coverage: 0.88
Step 674374/5000000 | Win rate (rollout): 0.50 | Loss: 0.190 | Opp label coverage: 0.83
Step 674887/5000000 | Win rate (rollout): 0.78 | Loss: 0.157 | Opp label coverage: 0.91
Step 675399/5000000 | Win rate (rollout): 0.45 | Loss: 0.177 | Opp label coverage: 0.79
Step 675911/5000000 | Win rate (rollout): 0.70 | Loss: 0.185 | Opp label coverage: 0.90
Step 676424/5000000 | Win rate (rollout): 0.57 | Loss: 0.134 | Opp label coverage: 0.89
Step 676938/5000000 | Win rate (rollout): 0.57 | Loss: 0.210 | Opp label coverage: 0.91
Step 677450/5000000 | Win rate (rollout): 0.23 | Loss: 0.169 | Opp label coverage: 0.79
Step 677965/5000000 | Win rate (rollout): 0.30 | Loss: 0.225 | Opp label coverage: 0.89
Step 678482/5000000 | Win rate (rollout): 0.50 | Loss: 0.223 | Opp label coverage: 0.89
Step 678994/5000000 | Win rate (rollout): 0.47 | Loss: 0.201 | Opp label coverage: 0.82
Step 679506/5000000 | Win rate (rollout): 0.57 | Loss: 0.179 | Opp label coverage: 0.79
Step 680018/5000000 | Win rate (rollout): 0.67 | Loss: 0.200 | Opp label coverage: 0.81
Step 680530/5000000 | Win rate (rollout): 0.40 | Loss: 0.184 | Opp label coverage: 0.85
Step 681044/5000000 | Win rate (rollout): 0.67 | Loss: 0.159 | Opp label coverage: 0.90
Step 681558/5000000 | Win rate (rollout): 0.62 | Loss: 0.179 | Opp label coverage: 0.90
Step 682070/5000000 | Win rate (rollout): 0.18 | Loss: 0.173 | Opp label coverage: 0.84
Step 682587/5000000 | Win rate (rollout): 0.44 | Loss: 0.158 | Opp label coverage: 0.90
Step 683104/5000000 | Win rate (rollout): 0.64 | Loss: 0.180 | Opp label coverage: 0.91
Step 683616/5000000 | Win rate (rollout): 0.55 | Loss: 0.201 | Opp label coverage: 0.83
Step 684128/5000000 | Win rate (rollout): 0.62 | Loss: 0.216 | Opp label coverage: 0.93
Step 684644/5000000 | Win rate (rollout): 0.75 | Loss: 0.212 | Opp label coverage: 0.89
Step 685156/5000000 | Win rate (rollout): 0.40 | Loss: 0.168 | Opp label coverage: 0.81
Step 685668/5000000 | Win rate (rollout): 0.22 | Loss: 0.180 | Opp label coverage: 0.83
Step 686182/5000000 | Win rate (rollout): 0.75 | Loss: 0.195 | Opp label coverage: 0.88
Step 686696/5000000 | Win rate (rollout): 0.60 | Loss: 0.178 | Opp label coverage: 0.90
Step 687208/5000000 | Win rate (rollout): 0.50 | Loss: 0.196 | Opp label coverage: 0.82
Step 687726/5000000 | Win rate (rollout): 0.33 | Loss: 0.211 | Opp label coverage: 0.90
Step 688239/5000000 | Win rate (rollout): 0.45 | Loss: 0.212 | Opp label coverage: 0.90
Step 688751/5000000 | Win rate (rollout): 0.14 | Loss: 0.145 | Opp label coverage: 0.83
Step 689263/5000000 | Win rate (rollout): 0.31 | Loss: 0.183 | Opp label coverage: 0.79
Step 689775/5000000 | Win rate (rollout): 0.44 | Loss: 0.198 | Opp label coverage: 0.82
Step 690287/5000000 | Win rate (rollout): 0.27 | Loss: 0.145 | Opp label coverage: 0.83
Step 690799/5000000 | Win rate (rollout): 0.47 | Loss: 0.180 | Opp label coverage: 0.81
Step 691315/5000000 | Win rate (rollout): 0.62 | Loss: 0.168 | Opp label coverage: 0.89
Step 691827/5000000 | Win rate (rollout): 0.29 | Loss: 0.219 | Opp label coverage: 0.89
Step 692339/5000000 | Win rate (rollout): 0.62 | Loss: 0.190 | Opp label coverage: 0.91
Step 692851/5000000 | Win rate (rollout): 0.33 | Loss: 0.163 | Opp label coverage: 0.84
Step 693366/5000000 | Win rate (rollout): 0.50 | Loss: 0.224 | Opp label coverage: 0.90
Step 693878/5000000 | Win rate (rollout): 0.55 | Loss: 0.197 | Opp label coverage: 0.84
Step 694393/5000000 | Win rate (rollout): 0.38 | Loss: 0.151 | Opp label coverage: 0.90
Step 694905/5000000 | Win rate (rollout): 0.50 | Loss: 0.159 | Opp label coverage: 0.83
Step 695417/5000000 | Win rate (rollout): 0.38 | Loss: 0.172 | Opp label coverage: 0.82
Step 695930/5000000 | Win rate (rollout): 0.44 | Loss: 0.177 | Opp label coverage: 0.89
Step 696442/5000000 | Win rate (rollout): 0.50 | Loss: 0.195 | Opp label coverage: 0.86
Step 696954/5000000 | Win rate (rollout): 0.25 | Loss: 0.182 | Opp label coverage: 0.83
Step 697466/5000000 | Win rate (rollout): 0.33 | Loss: 0.200 | Opp label coverage: 0.82
Step 697978/5000000 | Win rate (rollout): 0.27 | Loss: 0.186 | Opp label coverage: 0.89
Step 698490/5000000 | Win rate (rollout): 0.62 | Loss: 0.199 | Opp label coverage: 0.82
Step 699002/5000000 | Win rate (rollout): 0.31 | Loss: 0.185 | Opp label coverage: 0.83
Step 699514/5000000 | Win rate (rollout): 0.38 | Loss: 0.209 | Opp label coverage: 0.79
Step 700026/5000000 | Win rate (rollout): 0.88 | Loss: 0.155 | Opp label coverage: 0.81
Step 700538/5000000 | Win rate (rollout): 0.45 | Loss: 0.198 | Opp label coverage: 0.83
Step 701050/5000000 | Win rate (rollout): 0.35 | Loss: 0.183 | Opp label coverage: 0.83
Step 701568/5000000 | Win rate (rollout): 0.55 | Loss: 0.204 | Opp label coverage: 0.89
Step 702080/5000000 | Win rate (rollout): 0.50 | Loss: 0.211 | Opp label coverage: 0.89
Step 702595/5000000 | Win rate (rollout): 0.42 | Loss: 0.166 | Opp label coverage: 0.92
Step 703107/5000000 | Win rate (rollout): 0.46 | Loss: 0.205 | Opp label coverage: 0.79
Step 703623/5000000 | Win rate (rollout): 0.40 | Loss: 0.166 | Opp label coverage: 0.89
Step 704135/5000000 | Win rate (rollout): 0.33 | Loss: 0.182 | Opp label coverage: 0.81
Step 704647/5000000 | Win rate (rollout): 0.47 | Loss: 0.175 | Opp label coverage: 0.85
Step 705166/5000000 | Win rate (rollout): 0.38 | Loss: 0.192 | Opp label coverage: 0.90
Step 705683/5000000 | Win rate (rollout): 0.43 | Loss: 0.140 | Opp label coverage: 0.91
Step 706195/5000000 | Win rate (rollout): 0.50 | Loss: 0.238 | Opp label coverage: 0.88
Step 706713/5000000 | Win rate (rollout): 0.43 | Loss: 0.191 | Opp label coverage: 0.89
Step 707225/5000000 | Win rate (rollout): 0.40 | Loss: 0.158 | Opp label coverage: 0.83
Step 707737/5000000 | Win rate (rollout): 0.57 | Loss: 0.212 | Opp label coverage: 0.81
Step 708249/5000000 | Win rate (rollout): 0.50 | Loss: 0.160 | Opp label coverage: 0.82
Step 708762/5000000 | Win rate (rollout): 0.78 | Loss: 0.131 | Opp label coverage: 0.91
Step 709274/5000000 | Win rate (rollout): 0.62 | Loss: 0.179 | Opp label coverage: 0.81
Step 709786/5000000 | Win rate (rollout): 0.56 | Loss: 0.160 | Opp label coverage: 0.87
Step 710298/5000000 | Win rate (rollout): 0.58 | Loss: 0.168 | Opp label coverage: 0.83
Step 710811/5000000 | Win rate (rollout): 0.25 | Loss: 0.187 | Opp label coverage: 0.89
Step 711324/5000000 | Win rate (rollout): 0.60 | Loss: 0.149 | Opp label coverage: 0.90
Step 711838/5000000 | Win rate (rollout): 0.57 | Loss: 0.220 | Opp label coverage: 0.91
Step 712350/5000000 | Win rate (rollout): 0.62 | Loss: 0.165 | Opp label coverage: 0.83
Step 712865/5000000 | Win rate (rollout): 0.50 | Loss: 0.187 | Opp label coverage: 0.90
Step 713379/5000000 | Win rate (rollout): 0.50 | Loss: 0.178 | Opp label coverage: 0.89
Step 713894/5000000 | Win rate (rollout): 0.38 | Loss: 0.165 | Opp label coverage: 0.92
Step 714406/5000000 | Win rate (rollout): 0.43 | Loss: 0.197 | Opp label coverage: 0.83
Step 714923/5000000 | Win rate (rollout): 0.75 | Loss: 0.181 | Opp label coverage: 0.90
Step 715435/5000000 | Win rate (rollout): 0.46 | Loss: 0.215 | Opp label coverage: 0.91
Step 715947/5000000 | Win rate (rollout): 0.56 | Loss: 0.178 | Opp label coverage: 0.84
Step 716459/5000000 | Win rate (rollout): 0.62 | Loss: 0.209 | Opp label coverage: 0.85
Step 716971/5000000 | Win rate (rollout): 0.38 | Loss: 0.183 | Opp label coverage: 0.79
Step 717483/5000000 | Win rate (rollout): 0.44 | Loss: 0.142 | Opp label coverage: 0.83
Step 717995/5000000 | Win rate (rollout): 0.43 | Loss: 0.175 | Opp label coverage: 0.88
Step 718509/5000000 | Win rate (rollout): 0.36 | Loss: 0.167 | Opp label coverage: 0.87
Step 719021/5000000 | Win rate (rollout): 0.50 | Loss: 0.174 | Opp label coverage: 0.91
Step 719533/5000000 | Win rate (rollout): 0.43 | Loss: 0.202 | Opp label coverage: 0.86
Step 720051/5000000 | Win rate (rollout): 0.44 | Loss: 0.239 | Opp label coverage: 0.89
Step 720563/5000000 | Win rate (rollout): 0.58 | Loss: 0.164 | Opp label coverage: 0.79
Step 721081/5000000 | Win rate (rollout): 0.17 | Loss: 0.155 | Opp label coverage: 0.86
Step 721600/5000000 | Win rate (rollout): 0.44 | Loss: 0.174 | Opp label coverage: 0.88
Step 722112/5000000 | Win rate (rollout): 0.46 | Loss: 0.229 | Opp label coverage: 0.84
Step 722624/5000000 | Win rate (rollout): 0.33 | Loss: 0.162 | Opp label coverage: 0.80
Step 723136/5000000 | Win rate (rollout): 0.85 | Loss: 0.185 | Opp label coverage: 0.84
Step 723650/5000000 | Win rate (rollout): 0.89 | Loss: 0.204 | Opp label coverage: 0.90
Step 724162/5000000 | Win rate (rollout): 0.58 | Loss: 0.175 | Opp label coverage: 0.78
Step 724674/5000000 | Win rate (rollout): 0.47 | Loss: 0.207 | Opp label coverage: 0.83
Step 725188/5000000 | Win rate (rollout): 0.42 | Loss: 0.132 | Opp label coverage: 0.88
Step 725707/5000000 | Win rate (rollout): 0.50 | Loss: 0.171 | Opp label coverage: 0.91
Step 726219/5000000 | Win rate (rollout): 0.56 | Loss: 0.197 | Opp label coverage: 0.82
Step 726731/5000000 | Win rate (rollout): 0.20 | Loss: 0.181 | Opp label coverage: 0.82
Step 727249/5000000 | Win rate (rollout): 0.57 | Loss: 0.155 | Opp label coverage: 0.91
Step 727766/5000000 | Win rate (rollout): 0.31 | Loss: 0.167 | Opp label coverage: 0.91
Step 728278/5000000 | Win rate (rollout): 0.77 | Loss: 0.171 | Opp label coverage: 0.83
Step 728793/5000000 | Win rate (rollout): 0.33 | Loss: 0.262 | Opp label coverage: 0.89
Step 729305/5000000 | Win rate (rollout): 0.30 | Loss: 0.180 | Opp label coverage: 0.82
Step 729817/5000000 | Win rate (rollout): 0.57 | Loss: 0.173 | Opp label coverage: 0.87
Step 730331/5000000 | Win rate (rollout): 0.50 | Loss: 0.163 | Opp label coverage: 0.89
Step 730849/5000000 | Win rate (rollout): 0.58 | Loss: 0.218 | Opp label coverage: 0.90
Step 731366/5000000 | Win rate (rollout): 0.57 | Loss: 0.205 | Opp label coverage: 0.91
Step 731878/5000000 | Win rate (rollout): 0.67 | Loss: 0.179 | Opp label coverage: 0.82
Step 732390/5000000 | Win rate (rollout): 0.50 | Loss: 0.179 | Opp label coverage: 0.90
Step 732902/5000000 | Win rate (rollout): 0.62 | Loss: 0.184 | Opp label coverage: 0.81
Step 733414/5000000 | Win rate (rollout): 0.50 | Loss: 0.173 | Opp label coverage: 0.84
Step 733926/5000000 | Win rate (rollout): 0.67 | Loss: 0.175 | Opp label coverage: 0.83
Step 734442/5000000 | Win rate (rollout): 0.40 | Loss: 0.212 | Opp label coverage: 0.90
Step 734954/5000000 | Win rate (rollout): 0.18 | Loss: 0.176 | Opp label coverage: 0.83
Step 735466/5000000 | Win rate (rollout): 0.89 | Loss: 0.188 | Opp label coverage: 0.84
Step 735979/5000000 | Win rate (rollout): 0.38 | Loss: 0.138 | Opp label coverage: 0.91
Step 736495/5000000 | Win rate (rollout): 0.62 | Loss: 0.164 | Opp label coverage: 0.90
Step 737011/5000000 | Win rate (rollout): 0.45 | Loss: 0.204 | Opp label coverage: 0.89
Step 737525/5000000 | Win rate (rollout): 0.54 | Loss: 0.142 | Opp label coverage: 0.91
Step 738037/5000000 | Win rate (rollout): 0.33 | Loss: 0.174 | Opp label coverage: 0.81
Step 738549/5000000 | Win rate (rollout): 0.50 | Loss: 0.198 | Opp label coverage: 0.81
Step 739061/5000000 | Win rate (rollout): 0.70 | Loss: 0.163 | Opp label coverage: 0.84
Step 739573/5000000 | Win rate (rollout): 0.36 | Loss: 0.173 | Opp label coverage: 0.83
Step 740089/5000000 | Win rate (rollout): 0.67 | Loss: 0.161 | Opp label coverage: 0.90
Step 740601/5000000 | Win rate (rollout): 0.70 | Loss: 0.208 | Opp label coverage: 0.90
Step 741113/5000000 | Win rate (rollout): 0.57 | Loss: 0.190 | Opp label coverage: 0.80
Step 741630/5000000 | Win rate (rollout): 0.50 | Loss: 0.227 | Opp label coverage: 0.88
Step 742147/5000000 | Win rate (rollout): 0.64 | Loss: 0.225 | Opp label coverage: 0.93
Step 742663/5000000 | Win rate (rollout): 0.40 | Loss: 0.203 | Opp label coverage: 0.89
Step 743175/5000000 | Win rate (rollout): 0.46 | Loss: 0.174 | Opp label coverage: 0.79
Step 743687/5000000 | Win rate (rollout): 0.53 | Loss: 0.187 | Opp label coverage: 0.86
Step 744201/5000000 | Win rate (rollout): 0.40 | Loss: 0.134 | Opp label coverage: 0.89
Step 744716/5000000 | Win rate (rollout): 0.60 | Loss: 0.211 | Opp label coverage: 0.88
Step 745228/5000000 | Win rate (rollout): 0.86 | Loss: 0.161 | Opp label coverage: 0.84
Step 745740/5000000 | Win rate (rollout): 0.45 | Loss: 0.201 | Opp label coverage: 0.77
Step 746252/5000000 | Win rate (rollout): 0.73 | Loss: 0.221 | Opp label coverage: 0.91
Step 746764/5000000 | Win rate (rollout): 0.50 | Loss: 0.200 | Opp label coverage: 0.83
Step 747276/5000000 | Win rate (rollout): 0.47 | Loss: 0.180 | Opp label coverage: 0.84
Step 747788/5000000 | Win rate (rollout): 0.60 | Loss: 0.170 | Opp label coverage: 0.85
Step 748300/5000000 | Win rate (rollout): 0.33 | Loss: 0.181 | Opp label coverage: 0.90
Step 748817/5000000 | Win rate (rollout): 0.44 | Loss: 0.161 | Opp label coverage: 0.88
Step 749332/5000000 | Win rate (rollout): 0.57 | Loss: 0.176 | Opp label coverage: 0.91
Step 749844/5000000 | Win rate (rollout): 0.54 | Loss: 0.212 | Opp label coverage: 0.91
[checkpoint] Saved models/ppo/checkpoints/m9p2c/ppo_step_750012.pt
Step 750356/5000000 | Win rate (rollout): 0.62 | Loss: 0.181 | Opp label coverage: 0.79
Step 750868/5000000 | Win rate (rollout): 0.50 | Loss: 0.168 | Opp label coverage: 0.82
Step 751384/5000000 | Win rate (rollout): 0.67 | Loss: 0.179 | Opp label coverage: 0.91
Step 751897/5000000 | Win rate (rollout): 0.47 | Loss: 0.255 | Opp label coverage: 0.88
Step 752413/5000000 | Win rate (rollout): 0.46 | Loss: 0.178 | Opp label coverage: 0.89
Step 752925/5000000 | Win rate (rollout): 0.50 | Loss: 0.184 | Opp label coverage: 0.83
Step 753442/5000000 | Win rate (rollout): 0.22 | Loss: 0.172 | Opp label coverage: 0.89
Step 753954/5000000 | Win rate (rollout): 0.71 | Loss: 0.173 | Opp label coverage: 0.83
Step 754471/5000000 | Win rate (rollout): 0.60 | Loss: 0.192 | Opp label coverage: 0.89
Step 754983/5000000 | Win rate (rollout): 0.69 | Loss: 0.200 | Opp label coverage: 0.78
Step 755495/5000000 | Win rate (rollout): 0.56 | Loss: 0.211 | Opp label coverage: 0.79
Step 756007/5000000 | Win rate (rollout): 0.78 | Loss: 0.197 | Opp label coverage: 0.84
Step 756519/5000000 | Win rate (rollout): 0.42 | Loss: 0.171 | Opp label coverage: 0.68
Step 757037/5000000 | Win rate (rollout): 0.78 | Loss: 0.203 | Opp label coverage: 0.91
Step 757549/5000000 | Win rate (rollout): 0.55 | Loss: 0.165 | Opp label coverage: 0.80
Step 758066/5000000 | Win rate (rollout): 0.64 | Loss: 0.176 | Opp label coverage: 0.89
Step 758581/5000000 | Win rate (rollout): 0.58 | Loss: 0.222 | Opp label coverage: 0.90
Step 759095/5000000 | Win rate (rollout): 0.18 | Loss: 0.141 | Opp label coverage: 0.92
Step 759609/5000000 | Win rate (rollout): 0.62 | Loss: 0.238 | Opp label coverage: 0.92
Step 760121/5000000 | Win rate (rollout): 0.45 | Loss: 0.181 | Opp label coverage: 0.75
Step 760633/5000000 | Win rate (rollout): 0.60 | Loss: 0.186 | Opp label coverage: 0.84
Step 761149/5000000 | Win rate (rollout): 0.33 | Loss: 0.193 | Opp label coverage: 0.90
Step 761667/5000000 | Win rate (rollout): 0.50 | Loss: 0.225 | Opp label coverage: 0.89
Step 762179/5000000 | Win rate (rollout): 0.75 | Loss: 0.210 | Opp label coverage: 0.82
Step 762691/5000000 | Win rate (rollout): 0.50 | Loss: 0.182 | Opp label coverage: 0.86
Step 763203/5000000 | Win rate (rollout): 0.27 | Loss: 0.190 | Opp label coverage: 0.80
Step 763715/5000000 | Win rate (rollout): 0.50 | Loss: 0.185 | Opp label coverage: 0.85
Step 764227/5000000 | Win rate (rollout): 1.00 | Loss: 0.154 | Opp label coverage: 0.87
Step 764741/5000000 | Win rate (rollout): 0.80 | Loss: 0.185 | Opp label coverage: 0.93
Step 765258/5000000 | Win rate (rollout): 0.33 | Loss: 0.171 | Opp label coverage: 0.89
Step 765771/5000000 | Win rate (rollout): 0.67 | Loss: 0.196 | Opp label coverage: 0.89
Step 766286/5000000 | Win rate (rollout): 0.33 | Loss: 0.224 | Opp label coverage: 0.90
Step 766798/5000000 | Win rate (rollout): 0.75 | Loss: 0.197 | Opp label coverage: 0.83
Step 767313/5000000 | Win rate (rollout): 0.73 | Loss: 0.201 | Opp label coverage: 0.90
Step 767825/5000000 | Win rate (rollout): 0.50 | Loss: 0.215 | Opp label coverage: 0.89
Step 768337/5000000 | Win rate (rollout): 0.56 | Loss: 0.174 | Opp label coverage: 0.87
Step 768849/5000000 | Win rate (rollout): 0.77 | Loss: 0.182 | Opp label coverage: 0.86
Step 769361/5000000 | Win rate (rollout): 0.50 | Loss: 0.180 | Opp label coverage: 0.83
Step 769879/5000000 | Win rate (rollout): 0.22 | Loss: 0.169 | Opp label coverage: 0.90
Step 770394/5000000 | Win rate (rollout): 0.43 | Loss: 0.261 | Opp label coverage: 0.89
Step 770906/5000000 | Win rate (rollout): 0.33 | Loss: 0.199 | Opp label coverage: 0.89
Step 771418/5000000 | Win rate (rollout): 0.64 | Loss: 0.181 | Opp label coverage: 0.87
Step 771930/5000000 | Win rate (rollout): 0.70 | Loss: 0.247 | Opp label coverage: 0.84
Step 772447/5000000 | Win rate (rollout): 0.56 | Loss: 0.208 | Opp label coverage: 0.91
Step 772959/5000000 | Win rate (rollout): 0.75 | Loss: 0.146 | Opp label coverage: 0.86
Step 773471/5000000 | Win rate (rollout): 0.67 | Loss: 0.197 | Opp label coverage: 0.90
Step 773984/5000000 | Win rate (rollout): 0.38 | Loss: 0.135 | Opp label coverage: 0.90
Step 774501/5000000 | Win rate (rollout): 0.50 | Loss: 0.188 | Opp label coverage: 0.89
Step 775013/5000000 | Win rate (rollout): 0.50 | Loss: 0.171 | Opp label coverage: 0.84
Step 775525/5000000 | Win rate (rollout): 0.78 | Loss: 0.167 | Opp label coverage: 0.84
Step 776037/5000000 | Win rate (rollout): 0.36 | Loss: 0.170 | Opp label coverage: 0.85
Step 776549/5000000 | Win rate (rollout): 0.33 | Loss: 0.186 | Opp label coverage: 0.81
Step 777061/5000000 | Win rate (rollout): 0.31 | Loss: 0.173 | Opp label coverage: 0.80
Step 777575/5000000 | Win rate (rollout): 0.40 | Loss: 0.211 | Opp label coverage: 0.89
Step 778087/5000000 | Win rate (rollout): 0.64 | Loss: 0.175 | Opp label coverage: 0.84
Step 778599/5000000 | Win rate (rollout): 0.42 | Loss: 0.182 | Opp label coverage: 0.79
Step 779111/5000000 | Win rate (rollout): 0.53 | Loss: 0.229 | Opp label coverage: 0.81
Step 779627/5000000 | Win rate (rollout): 0.80 | Loss: 0.209 | Opp label coverage: 0.90
Step 780139/5000000 | Win rate (rollout): 0.29 | Loss: 0.162 | Opp label coverage: 0.86
Step 780651/5000000 | Win rate (rollout): 0.54 | Loss: 0.164 | Opp label coverage: 0.84
Step 781163/5000000 | Win rate (rollout): 0.50 | Loss: 0.179 | Opp label coverage: 0.83
Step 781675/5000000 | Win rate (rollout): 0.39 | Loss: 0.183 | Opp label coverage: 0.83
Step 782192/5000000 | Win rate (rollout): 0.44 | Loss: 0.204 | Opp label coverage: 0.90
Step 782704/5000000 | Win rate (rollout): 0.36 | Loss: 0.207 | Opp label coverage: 0.83
Step 783219/5000000 | Win rate (rollout): 0.20 | Loss: 0.199 | Opp label coverage: 0.89
Step 783731/5000000 | Win rate (rollout): 0.62 | Loss: 0.172 | Opp label coverage: 0.79
Step 784243/5000000 | Win rate (rollout): 0.46 | Loss: 0.179 | Opp label coverage: 0.79
Step 784761/5000000 | Win rate (rollout): 0.60 | Loss: 0.158 | Opp label coverage: 0.90
Step 785276/5000000 | Win rate (rollout): 0.57 | Loss: 0.137 | Opp label coverage: 0.89
Step 785788/5000000 | Win rate (rollout): 0.45 | Loss: 0.197 | Opp label coverage: 0.84
Step 786300/5000000 | Win rate (rollout): 0.50 | Loss: 0.173 | Opp label coverage: 0.85
Step 786812/5000000 | Win rate (rollout): 0.64 | Loss: 0.203 | Opp label coverage: 0.83
Step 787324/5000000 | Win rate (rollout): 0.31 | Loss: 0.178 | Opp label coverage: 0.84
Step 787840/5000000 | Win rate (rollout): 0.27 | Loss: 0.190 | Opp label coverage: 0.89
Step 788355/5000000 | Win rate (rollout): 0.47 | Loss: 0.177 | Opp label coverage: 0.89
Step 788869/5000000 | Win rate (rollout): 0.43 | Loss: 0.220 | Opp label coverage: 0.89
Step 789386/5000000 | Win rate (rollout): 0.64 | Loss: 0.239 | Opp label coverage: 0.89
Step 789898/5000000 | Win rate (rollout): 0.50 | Loss: 0.168 | Opp label coverage: 0.83
Step 790410/5000000 | Win rate (rollout): 0.36 | Loss: 0.166 | Opp label coverage: 0.84
Step 790922/5000000 | Win rate (rollout): 0.65 | Loss: 0.188 | Opp label coverage: 0.85
Step 791434/5000000 | Win rate (rollout): 0.50 | Loss: 0.176 | Opp label coverage: 0.82
Step 791947/5000000 | Win rate (rollout): 0.44 | Loss: 0.151 | Opp label coverage: 0.91
Step 792459/5000000 | Win rate (rollout): 0.54 | Loss: 0.193 | Opp label coverage: 0.86
Step 792972/5000000 | Win rate (rollout): 0.25 | Loss: 0.117 | Opp label coverage: 0.89
Step 793487/5000000 | Win rate (rollout): 0.43 | Loss: 0.187 | Opp label coverage: 0.91
Step 794006/5000000 | Win rate (rollout): 0.50 | Loss: 0.223 | Opp label coverage: 0.90
Step 794521/5000000 | Win rate (rollout): 0.45 | Loss: 0.137 | Opp label coverage: 0.92
Step 795035/5000000 | Win rate (rollout): 0.58 | Loss: 0.248 | Opp label coverage: 0.91
Step 795552/5000000 | Win rate (rollout): 0.45 | Loss: 0.187 | Opp label coverage: 0.91
Step 796064/5000000 | Win rate (rollout): 0.71 | Loss: 0.198 | Opp label coverage: 0.91
Step 796576/5000000 | Win rate (rollout): 0.54 | Loss: 0.166 | Opp label coverage: 0.83
Step 797092/5000000 | Win rate (rollout): 0.62 | Loss: 0.214 | Opp label coverage: 0.90
Step 797605/5000000 | Win rate (rollout): 0.31 | Loss: 0.257 | Opp label coverage: 0.88
Step 798121/5000000 | Win rate (rollout): 0.40 | Loss: 0.206 | Opp label coverage: 0.87
Step 798634/5000000 | Win rate (rollout): 0.50 | Loss: 0.077 | Opp label coverage: 0.90
Step 799149/5000000 | Win rate (rollout): 0.79 | Loss: 0.110 | Opp label coverage: 0.89
Step 799666/5000000 | Win rate (rollout): 0.60 | Loss: 0.163 | Opp label coverage: 0.88
Step 800182/5000000 | Win rate (rollout): 0.42 | Loss: 0.169 | Opp label coverage: 0.92
Step 800694/5000000 | Win rate (rollout): 0.64 | Loss: 0.171 | Opp label coverage: 0.86
Step 801206/5000000 | Win rate (rollout): 0.38 | Loss: 0.188 | Opp label coverage: 0.82
Step 801718/5000000 | Win rate (rollout): 0.44 | Loss: 0.192 | Opp label coverage: 0.80
Step 802230/5000000 | Win rate (rollout): 0.67 | Loss: 0.181 | Opp label coverage: 0.85
Step 802742/5000000 | Win rate (rollout): 0.36 | Loss: 0.182 | Opp label coverage: 0.80
Step 803257/5000000 | Win rate (rollout): 0.58 | Loss: 0.211 | Opp label coverage: 0.89
Step 803769/5000000 | Win rate (rollout): 0.33 | Loss: 0.182 | Opp label coverage: 0.84
Step 804283/5000000 | Win rate (rollout): 0.69 | Loss: 0.191 | Opp label coverage: 0.89
Step 804795/5000000 | Win rate (rollout): 0.56 | Loss: 0.186 | Opp label coverage: 0.86
Step 805307/5000000 | Win rate (rollout): 0.75 | Loss: 0.197 | Opp label coverage: 0.81
Step 805819/5000000 | Win rate (rollout): 0.38 | Loss: 0.192 | Opp label coverage: 0.84
Step 806331/5000000 | Win rate (rollout): 0.33 | Loss: 0.165 | Opp label coverage: 0.84
Step 806843/5000000 | Win rate (rollout): 0.50 | Loss: 0.210 | Opp label coverage: 0.89
Step 807356/5000000 | Win rate (rollout): 0.50 | Loss: 0.161 | Opp label coverage: 0.89
Step 807868/5000000 | Win rate (rollout): 0.90 | Loss: 0.157 | Opp label coverage: 0.84
Step 808386/5000000 | Win rate (rollout): 0.62 | Loss: 0.157 | Opp label coverage: 0.91
Step 808901/5000000 | Win rate (rollout): 0.46 | Loss: 0.239 | Opp label coverage: 0.90
Step 809413/5000000 | Win rate (rollout): 0.60 | Loss: 0.156 | Opp label coverage: 0.82
Step 809925/5000000 | Win rate (rollout): 0.58 | Loss: 0.185 | Opp label coverage: 0.82
Step 810437/5000000 | Win rate (rollout): 0.57 | Loss: 0.153 | Opp label coverage: 0.81
Step 810949/5000000 | Win rate (rollout): 0.54 | Loss: 0.181 | Opp label coverage: 0.85
Step 811461/5000000 | Win rate (rollout): 0.54 | Loss: 0.149 | Opp label coverage: 0.86
Step 811973/5000000 | Win rate (rollout): 0.64 | Loss: 0.204 | Opp label coverage: 0.85
Step 812490/5000000 | Win rate (rollout): 0.42 | Loss: 0.234 | Opp label coverage: 0.90
Step 813002/5000000 | Win rate (rollout): 0.71 | Loss: 0.164 | Opp label coverage: 0.86
Step 813514/5000000 | Win rate (rollout): 0.46 | Loss: 0.205 | Opp label coverage: 0.84
Step 814029/5000000 | Win rate (rollout): 0.25 | Loss: 0.186 | Opp label coverage: 0.89
Step 814541/5000000 | Win rate (rollout): 0.67 | Loss: 0.182 | Opp label coverage: 0.88
Step 815060/5000000 | Win rate (rollout): 0.64 | Loss: 0.208 | Opp label coverage: 0.90
Step 815576/5000000 | Win rate (rollout): 0.31 | Loss: 0.222 | Opp label coverage: 0.89
Step 816090/5000000 | Win rate (rollout): 0.23 | Loss: 0.135 | Opp label coverage: 0.88
Step 816602/5000000 | Win rate (rollout): 0.40 | Loss: 0.197 | Opp label coverage: 0.89
Step 817121/5000000 | Win rate (rollout): 0.43 | Loss: 0.177 | Opp label coverage: 0.88
Step 817633/5000000 | Win rate (rollout): 0.38 | Loss: 0.170 | Opp label coverage: 0.85
Step 818149/5000000 | Win rate (rollout): 0.50 | Loss: 0.203 | Opp label coverage: 0.88
Step 818661/5000000 | Win rate (rollout): 0.54 | Loss: 0.178 | Opp label coverage: 0.86
Step 819173/5000000 | Win rate (rollout): 0.41 | Loss: 0.199 | Opp label coverage: 0.81
Step 819691/5000000 | Win rate (rollout): 0.57 | Loss: 0.158 | Opp label coverage: 0.92
Step 820203/5000000 | Win rate (rollout): 0.36 | Loss: 0.156 | Opp label coverage: 0.85
Step 820715/5000000 | Win rate (rollout): 0.44 | Loss: 0.180 | Opp label coverage: 0.85
Step 821230/5000000 | Win rate (rollout): 0.33 | Loss: 0.251 | Opp label coverage: 0.90
Step 821742/5000000 | Win rate (rollout): 0.33 | Loss: 0.212 | Opp label coverage: 0.80
Step 822256/5000000 | Win rate (rollout): 0.25 | Loss: 0.212 | Opp label coverage: 0.87
Step 822774/5000000 | Win rate (rollout): 0.44 | Loss: 0.208 | Opp label coverage: 0.88
Step 823291/5000000 | Win rate (rollout): 0.15 | Loss: 0.195 | Opp label coverage: 0.87
Step 823807/5000000 | Win rate (rollout): 0.38 | Loss: 0.176 | Opp label coverage: 0.90
Step 824319/5000000 | Win rate (rollout): 0.71 | Loss: 0.170 | Opp label coverage: 0.82
Step 824831/5000000 | Win rate (rollout): 0.40 | Loss: 0.195 | Opp label coverage: 0.88
Step 825343/5000000 | Win rate (rollout): 0.42 | Loss: 0.172 | Opp label coverage: 0.83
Step 825855/5000000 | Win rate (rollout): 0.60 | Loss: 0.168 | Opp label coverage: 0.87
Step 826368/5000000 | Win rate (rollout): 0.71 | Loss: 0.143 | Opp label coverage: 0.91
Step 826884/5000000 | Win rate (rollout): 0.33 | Loss: 0.217 | Opp label coverage: 0.89
Step 827396/5000000 | Win rate (rollout): 0.50 | Loss: 0.229 | Opp label coverage: 0.80
Step 827908/5000000 | Win rate (rollout): 0.35 | Loss: 0.176 | Opp label coverage: 0.84
Step 828423/5000000 | Win rate (rollout): 0.60 | Loss: 0.127 | Opp label coverage: 0.92
Step 828942/5000000 | Win rate (rollout): 0.69 | Loss: 0.172 | Opp label coverage: 0.91
Step 829454/5000000 | Win rate (rollout): 0.46 | Loss: 0.210 | Opp label coverage: 0.82
Step 829967/5000000 | Win rate (rollout): 0.40 | Loss: 0.203 | Opp label coverage: 0.89
Step 830479/5000000 | Win rate (rollout): 0.62 | Loss: 0.197 | Opp label coverage: 0.83
Step 830991/5000000 | Win rate (rollout): 0.47 | Loss: 0.178 | Opp label coverage: 0.82
Step 831503/5000000 | Win rate (rollout): 0.56 | Loss: 0.205 | Opp label coverage: 0.82
Step 832015/5000000 | Win rate (rollout): 0.38 | Loss: 0.184 | Opp label coverage: 0.80
Step 832534/5000000 | Win rate (rollout): 0.80 | Loss: 0.228 | Opp label coverage: 0.90
Step 833046/5000000 | Win rate (rollout): 0.60 | Loss: 0.174 | Opp label coverage: 0.80
Step 833560/5000000 | Win rate (rollout): 0.70 | Loss: 0.203 | Opp label coverage: 0.91
Step 834072/5000000 | Win rate (rollout): 0.47 | Loss: 0.171 | Opp label coverage: 0.87
Step 834584/5000000 | Win rate (rollout): 0.40 | Loss: 0.189 | Opp label coverage: 0.86
Step 835098/5000000 | Win rate (rollout): 0.56 | Loss: 0.242 | Opp label coverage: 0.91
Step 835615/5000000 | Win rate (rollout): 0.57 | Loss: 0.197 | Opp label coverage: 0.90
Step 836133/5000000 | Win rate (rollout): 0.55 | Loss: 0.190 | Opp label coverage: 0.90
Step 836650/5000000 | Win rate (rollout): 0.23 | Loss: 0.190 | Opp label coverage: 0.90
Step 837162/5000000 | Win rate (rollout): 0.55 | Loss: 0.196 | Opp label coverage: 0.89
Step 837674/5000000 | Win rate (rollout): 0.62 | Loss: 0.197 | Opp label coverage: 0.82
Step 838191/5000000 | Win rate (rollout): 0.67 | Loss: 0.201 | Opp label coverage: 0.90
Step 838703/5000000 | Win rate (rollout): 0.20 | Loss: 0.193 | Opp label coverage: 0.85
Step 839215/5000000 | Win rate (rollout): 0.42 | Loss: 0.151 | Opp label coverage: 0.81
Step 839727/5000000 | Win rate (rollout): 0.60 | Loss: 0.179 | Opp label coverage: 0.80
Step 840244/5000000 | Win rate (rollout): 0.50 | Loss: 0.271 | Opp label coverage: 0.91
Step 840756/5000000 | Win rate (rollout): 0.36 | Loss: 0.172 | Opp label coverage: 0.80
Step 841268/5000000 | Win rate (rollout): 0.39 | Loss: 0.176 | Opp label coverage: 0.82
Step 841780/5000000 | Win rate (rollout): 0.29 | Loss: 0.170 | Opp label coverage: 0.85
Step 842292/5000000 | Win rate (rollout): 0.75 | Loss: 0.166 | Opp label coverage: 0.85
Step 842804/5000000 | Win rate (rollout): 0.69 | Loss: 0.187 | Opp label coverage: 0.84
Step 843316/5000000 | Win rate (rollout): 0.67 | Loss: 0.159 | Opp label coverage: 0.78
Step 843828/5000000 | Win rate (rollout): 0.33 | Loss: 0.162 | Opp label coverage: 0.79
Step 844340/5000000 | Win rate (rollout): 0.64 | Loss: 0.208 | Opp label coverage: 0.82
Step 844852/5000000 | Win rate (rollout): 0.80 | Loss: 0.181 | Opp label coverage: 0.87
Step 845364/5000000 | Win rate (rollout): 0.46 | Loss: 0.209 | Opp label coverage: 0.85
Step 845876/5000000 | Win rate (rollout): 0.29 | Loss: 0.180 | Opp label coverage: 0.83
Step 846388/5000000 | Win rate (rollout): 0.57 | Loss: 0.209 | Opp label coverage: 0.86
Step 846901/5000000 | Win rate (rollout): 0.50 | Loss: 0.125 | Opp label coverage: 0.91
Step 847416/5000000 | Win rate (rollout): 0.60 | Loss: 0.200 | Opp label coverage: 0.90
Step 847928/5000000 | Win rate (rollout): 0.71 | Loss: 0.163 | Opp label coverage: 0.86
Step 848440/5000000 | Win rate (rollout): 0.42 | Loss: 0.176 | Opp label coverage: 0.81
Step 848954/5000000 | Win rate (rollout): 0.44 | Loss: 0.172 | Opp label coverage: 0.88
Step 849466/5000000 | Win rate (rollout): 0.55 | Loss: 0.184 | Opp label coverage: 0.83
Step 849978/5000000 | Win rate (rollout): 0.57 | Loss: 0.192 | Opp label coverage: 0.85
Step 850496/5000000 | Win rate (rollout): 0.53 | Loss: 0.190 | Opp label coverage: 0.89
Step 851014/5000000 | Win rate (rollout): 0.50 | Loss: 0.164 | Opp label coverage: 0.90
Step 851526/5000000 | Win rate (rollout): 0.44 | Loss: 0.180 | Opp label coverage: 0.80
Step 852043/5000000 | Win rate (rollout): 0.30 | Loss: 0.170 | Opp label coverage: 0.88
Step 852555/5000000 | Win rate (rollout): 0.50 | Loss: 0.191 | Opp label coverage: 0.83
Step 853071/5000000 | Win rate (rollout): 0.27 | Loss: 0.164 | Opp label coverage: 0.88
Step 853583/5000000 | Win rate (rollout): 0.56 | Loss: 0.185 | Opp label coverage: 0.85
Step 854095/5000000 | Win rate (rollout): 0.50 | Loss: 0.183 | Opp label coverage: 0.80
Step 854608/5000000 | Win rate (rollout): 0.45 | Loss: 0.243 | Opp label coverage: 0.91
Step 855120/5000000 | Win rate (rollout): 0.55 | Loss: 0.222 | Opp label coverage: 0.82
Step 855632/5000000 | Win rate (rollout): 0.67 | Loss: 0.175 | Opp label coverage: 0.86
Step 856144/5000000 | Win rate (rollout): 0.46 | Loss: 0.153 | Opp label coverage: 0.80
Step 856661/5000000 | Win rate (rollout): 0.29 | Loss: 0.192 | Opp label coverage: 0.90
Step 857173/5000000 | Win rate (rollout): 0.80 | Loss: 0.195 | Opp label coverage: 0.83
Step 857688/5000000 | Win rate (rollout): 0.55 | Loss: 0.195 | Opp label coverage: 0.90
Step 858204/5000000 | Win rate (rollout): 0.67 | Loss: 0.202 | Opp label coverage: 0.86
Step 858716/5000000 | Win rate (rollout): 0.50 | Loss: 0.161 | Opp label coverage: 0.82
Step 859235/5000000 | Win rate (rollout): 0.56 | Loss: 0.188 | Opp label coverage: 0.90
Step 859747/5000000 | Win rate (rollout): 0.23 | Loss: 0.232 | Opp label coverage: 0.86
Step 860259/5000000 | Win rate (rollout): 0.62 | Loss: 0.189 | Opp label coverage: 0.90
Step 860776/5000000 | Win rate (rollout): 0.58 | Loss: 0.155 | Opp label coverage: 0.90
Step 861288/5000000 | Win rate (rollout): 0.44 | Loss: 0.197 | Opp label coverage: 0.79
Step 861800/5000000 | Win rate (rollout): 0.45 | Loss: 0.186 | Opp label coverage: 0.86
Step 862312/5000000 | Win rate (rollout): 0.33 | Loss: 0.178 | Opp label coverage: 0.89
Step 862824/5000000 | Win rate (rollout): 0.45 | Loss: 0.170 | Opp label coverage: 0.79
Step 863336/5000000 | Win rate (rollout): 0.73 | Loss: 0.200 | Opp label coverage: 0.91
Step 863848/5000000 | Win rate (rollout): 0.44 | Loss: 0.189 | Opp label coverage: 0.85
Step 864360/5000000 | Win rate (rollout): 0.45 | Loss: 0.173 | Opp label coverage: 0.85
Step 864872/5000000 | Win rate (rollout): 0.43 | Loss: 0.172 | Opp label coverage: 0.83
Step 865384/5000000 | Win rate (rollout): 0.71 | Loss: 0.196 | Opp label coverage: 0.80
Step 865896/5000000 | Win rate (rollout): 0.70 | Loss: 0.155 | Opp label coverage: 0.88
Step 866408/5000000 | Win rate (rollout): 0.42 | Loss: 0.195 | Opp label coverage: 0.79
Step 866920/5000000 | Win rate (rollout): 0.69 | Loss: 0.203 | Opp label coverage: 0.80
Step 867432/5000000 | Win rate (rollout): 0.62 | Loss: 0.173 | Opp label coverage: 0.82
Step 867944/5000000 | Win rate (rollout): 0.57 | Loss: 0.199 | Opp label coverage: 0.81
Step 868456/5000000 | Win rate (rollout): 0.31 | Loss: 0.184 | Opp label coverage: 0.83
Step 868968/5000000 | Win rate (rollout): 0.83 | Loss: 0.186 | Opp label coverage: 0.83
Step 869484/5000000 | Win rate (rollout): 0.29 | Loss: 0.188 | Opp label coverage: 0.90
Step 869996/5000000 | Win rate (rollout): 0.54 | Loss: 0.173 | Opp label coverage: 0.80
Step 870510/5000000 | Win rate (rollout): 0.78 | Loss: 0.227 | Opp label coverage: 0.89
Step 871022/5000000 | Win rate (rollout): 0.40 | Loss: 0.214 | Opp label coverage: 0.81
Step 871539/5000000 | Win rate (rollout): 0.82 | Loss: 0.164 | Opp label coverage: 0.89
Step 872051/5000000 | Win rate (rollout): 0.40 | Loss: 0.150 | Opp label coverage: 0.81
Step 872563/5000000 | Win rate (rollout): 0.64 | Loss: 0.184 | Opp label coverage: 0.84
Step 873080/5000000 | Win rate (rollout): 0.73 | Loss: 0.181 | Opp label coverage: 0.91
Step 873593/5000000 | Win rate (rollout): 0.53 | Loss: 0.089 | Opp label coverage: 0.89
Step 874105/5000000 | Win rate (rollout): 0.55 | Loss: 0.183 | Opp label coverage: 0.79
Step 874617/5000000 | Win rate (rollout): 0.67 | Loss: 0.172 | Opp label coverage: 0.78
Step 875134/5000000 | Win rate (rollout): 0.50 | Loss: 0.177 | Opp label coverage: 0.90
Step 875650/5000000 | Win rate (rollout): 0.40 | Loss: 0.196 | Opp label coverage: 0.89
Step 876162/5000000 | Win rate (rollout): 0.46 | Loss: 0.182 | Opp label coverage: 0.82
Step 876678/5000000 | Win rate (rollout): 0.67 | Loss: 0.195 | Opp label coverage: 0.93
Step 877191/5000000 | Win rate (rollout): 0.73 | Loss: 0.290 | Opp label coverage: 0.90
Step 877703/5000000 | Win rate (rollout): 0.50 | Loss: 0.209 | Opp label coverage: 0.80
Step 878215/5000000 | Win rate (rollout): 0.31 | Loss: 0.189 | Opp label coverage: 0.83
Step 878730/5000000 | Win rate (rollout): 0.40 | Loss: 0.111 | Opp label coverage: 0.90
Step 879245/5000000 | Win rate (rollout): 0.64 | Loss: 0.217 | Opp label coverage: 0.92
Step 879757/5000000 | Win rate (rollout): 0.88 | Loss: 0.158 | Opp label coverage: 0.83
Step 880269/5000000 | Win rate (rollout): 0.73 | Loss: 0.179 | Opp label coverage: 0.79
Step 880781/5000000 | Win rate (rollout): 0.42 | Loss: 0.184 | Opp label coverage: 0.84
Step 881293/5000000 | Win rate (rollout): 0.47 | Loss: 0.215 | Opp label coverage: 0.84
Step 881805/5000000 | Win rate (rollout): 0.18 | Loss: 0.159 | Opp label coverage: 0.88
Step 882321/5000000 | Win rate (rollout): 0.45 | Loss: 0.207 | Opp label coverage: 0.91
Step 882837/5000000 | Win rate (rollout): 0.46 | Loss: 0.128 | Opp label coverage: 0.90
Step 883349/5000000 | Win rate (rollout): 0.50 | Loss: 0.159 | Opp label coverage: 0.91
Step 883866/5000000 | Win rate (rollout): 0.57 | Loss: 0.242 | Opp label coverage: 0.92
Step 884378/5000000 | Win rate (rollout): 0.60 | Loss: 0.205 | Opp label coverage: 0.90
Step 884897/5000000 | Win rate (rollout): 0.45 | Loss: 0.167 | Opp label coverage: 0.91
Step 885409/5000000 | Win rate (rollout): 0.56 | Loss: 0.184 | Opp label coverage: 0.81
Step 885921/5000000 | Win rate (rollout): 0.57 | Loss: 0.214 | Opp label coverage: 0.84
Step 886434/5000000 | Win rate (rollout): 0.64 | Loss: 0.169 | Opp label coverage: 0.90
Step 886950/5000000 | Win rate (rollout): 0.64 | Loss: 0.166 | Opp label coverage: 0.91
Step 887463/5000000 | Win rate (rollout): 0.50 | Loss: 0.197 | Opp label coverage: 0.89
Step 887978/5000000 | Win rate (rollout): 0.56 | Loss: 0.188 | Opp label coverage: 0.90
Step 888490/5000000 | Win rate (rollout): 0.70 | Loss: 0.207 | Opp label coverage: 0.87
Step 889004/5000000 | Win rate (rollout): 0.62 | Loss: 0.235 | Opp label coverage: 0.91
Step 889516/5000000 | Win rate (rollout): 0.62 | Loss: 0.188 | Opp label coverage: 0.84
Step 890028/5000000 | Win rate (rollout): 0.62 | Loss: 0.173 | Opp label coverage: 0.82
Step 890540/5000000 | Win rate (rollout): 0.43 | Loss: 0.181 | Opp label coverage: 0.79
Step 891053/5000000 | Win rate (rollout): 0.64 | Loss: 0.259 | Opp label coverage: 0.88
Step 891565/5000000 | Win rate (rollout): 0.75 | Loss: 0.183 | Opp label coverage: 0.83
Step 892077/5000000 | Win rate (rollout): 0.77 | Loss: 0.162 | Opp label coverage: 0.84
Step 892594/5000000 | Win rate (rollout): 0.58 | Loss: 0.178 | Opp label coverage: 0.90
Step 893106/5000000 | Win rate (rollout): 0.77 | Loss: 0.212 | Opp label coverage: 0.92
Step 893618/5000000 | Win rate (rollout): 0.45 | Loss: 0.173 | Opp label coverage: 0.82
Step 894134/5000000 | Win rate (rollout): 0.43 | Loss: 0.222 | Opp label coverage: 0.92
Step 894646/5000000 | Win rate (rollout): 0.25 | Loss: 0.175 | Opp label coverage: 0.79
Step 895162/5000000 | Win rate (rollout): 0.50 | Loss: 0.217 | Opp label coverage: 0.90
Step 895674/5000000 | Win rate (rollout): 0.33 | Loss: 0.218 | Opp label coverage: 0.90
Step 896187/5000000 | Win rate (rollout): 0.54 | Loss: 0.228 | Opp label coverage: 0.87
Step 896704/5000000 | Win rate (rollout): 0.46 | Loss: 0.182 | Opp label coverage: 0.89
Step 897216/5000000 | Win rate (rollout): 0.42 | Loss: 0.180 | Opp label coverage: 0.80
Step 897734/5000000 | Win rate (rollout): 0.50 | Loss: 0.163 | Opp label coverage: 0.92
Step 898246/5000000 | Win rate (rollout): 0.64 | Loss: 0.197 | Opp label coverage: 0.85
Step 898762/5000000 | Win rate (rollout): 0.60 | Loss: 0.206 | Opp label coverage: 0.90
Step 899275/5000000 | Win rate (rollout): 0.36 | Loss: 0.320 | Opp label coverage: 0.91
Step 899792/5000000 | Win rate (rollout): 0.27 | Loss: 0.231 | Opp label coverage: 0.87
Step 900307/5000000 | Win rate (rollout): 0.56 | Loss: 0.243 | Opp label coverage: 0.89
Step 900826/5000000 | Win rate (rollout): 0.60 | Loss: 0.205 | Opp label coverage: 0.92
Step 901341/5000000 | Win rate (rollout): 0.55 | Loss: 0.245 | Opp label coverage: 0.90
Step 901855/5000000 | Win rate (rollout): 0.62 | Loss: 0.183 | Opp label coverage: 0.93
Step 902367/5000000 | Win rate (rollout): 0.80 | Loss: 0.166 | Opp label coverage: 0.78
Step 902879/5000000 | Win rate (rollout): 0.36 | Loss: 0.183 | Opp label coverage: 0.81
Step 903395/5000000 | Win rate (rollout): 0.55 | Loss: 0.207 | Opp label coverage: 0.91
Step 903907/5000000 | Win rate (rollout): 0.62 | Loss: 0.210 | Opp label coverage: 0.90
Step 904424/5000000 | Win rate (rollout): 0.53 | Loss: 0.241 | Opp label coverage: 0.90
Step 904942/5000000 | Win rate (rollout): 0.33 | Loss: 0.156 | Opp label coverage: 0.89
Step 905457/5000000 | Win rate (rollout): 0.77 | Loss: 0.268 | Opp label coverage: 0.90
Step 905974/5000000 | Win rate (rollout): 0.47 | Loss: 0.219 | Opp label coverage: 0.90
Step 906486/5000000 | Win rate (rollout): 0.38 | Loss: 0.156 | Opp label coverage: 0.85
Step 907004/5000000 | Win rate (rollout): 0.55 | Loss: 0.208 | Opp label coverage: 0.90
Step 907522/5000000 | Win rate (rollout): 0.64 | Loss: 0.245 | Opp label coverage: 0.90
Step 908037/5000000 | Win rate (rollout): 0.31 | Loss: 0.201 | Opp label coverage: 0.89
Step 908549/5000000 | Win rate (rollout): 0.40 | Loss: 0.207 | Opp label coverage: 0.87
Step 909061/5000000 | Win rate (rollout): 0.54 | Loss: 0.201 | Opp label coverage: 0.79
Step 909577/5000000 | Win rate (rollout): 0.50 | Loss: 0.203 | Opp label coverage: 0.89
Step 910096/5000000 | Win rate (rollout): 0.27 | Loss: 0.159 | Opp label coverage: 0.88
Step 910609/5000000 | Win rate (rollout): 0.27 | Loss: 0.188 | Opp label coverage: 0.89
Step 911122/5000000 | Win rate (rollout): 0.36 | Loss: 0.282 | Opp label coverage: 0.92
Step 911639/5000000 | Win rate (rollout): 0.58 | Loss: 0.173 | Opp label coverage: 0.90
Step 912156/5000000 | Win rate (rollout): 0.57 | Loss: 0.185 | Opp label coverage: 0.90
Step 912668/5000000 | Win rate (rollout): 0.45 | Loss: 0.188 | Opp label coverage: 0.86
Step 913186/5000000 | Win rate (rollout): 0.44 | Loss: 0.165 | Opp label coverage: 0.89
Step 913698/5000000 | Win rate (rollout): 0.38 | Loss: 0.193 | Opp label coverage: 0.88
Step 914215/5000000 | Win rate (rollout): 0.47 | Loss: 0.172 | Opp label coverage: 0.90
Step 914727/5000000 | Win rate (rollout): 1.00 | Loss: 0.175 | Opp label coverage: 0.86
Step 915239/5000000 | Win rate (rollout): 0.54 | Loss: 0.223 | Opp label coverage: 0.82
Step 915756/5000000 | Win rate (rollout): 0.67 | Loss: 0.199 | Opp label coverage: 0.92
Step 916268/5000000 | Win rate (rollout): 0.47 | Loss: 0.192 | Opp label coverage: 0.88
Step 916780/5000000 | Win rate (rollout): 0.44 | Loss: 0.178 | Opp label coverage: 0.83
Step 917292/5000000 | Win rate (rollout): 0.14 | Loss: 0.159 | Opp label coverage: 0.81
Step 917808/5000000 | Win rate (rollout): 0.27 | Loss: 0.195 | Opp label coverage: 0.88
Step 918320/5000000 | Win rate (rollout): 0.25 | Loss: 0.188 | Opp label coverage: 0.80
Step 918832/5000000 | Win rate (rollout): 0.50 | Loss: 0.199 | Opp label coverage: 0.78
Step 919345/5000000 | Win rate (rollout): 0.67 | Loss: 0.259 | Opp label coverage: 0.90
Step 919857/5000000 | Win rate (rollout): 0.80 | Loss: 0.166 | Opp label coverage: 0.83
Step 920373/5000000 | Win rate (rollout): 0.75 | Loss: 0.175 | Opp label coverage: 0.91
Step 920891/5000000 | Win rate (rollout): 0.69 | Loss: 0.180 | Opp label coverage: 0.90
Step 921403/5000000 | Win rate (rollout): 0.36 | Loss: 0.199 | Opp label coverage: 0.80
Step 921915/5000000 | Win rate (rollout): 0.75 | Loss: 0.211 | Opp label coverage: 0.78
Step 922428/5000000 | Win rate (rollout): 0.62 | Loss: 0.136 | Opp label coverage: 0.91
Step 922944/5000000 | Win rate (rollout): 0.62 | Loss: 0.232 | Opp label coverage: 0.91
Step 923459/5000000 | Win rate (rollout): 0.38 | Loss: 0.198 | Opp label coverage: 0.88
Step 923977/5000000 | Win rate (rollout): 0.58 | Loss: 0.196 | Opp label coverage: 0.89
Step 924490/5000000 | Win rate (rollout): 0.44 | Loss: 0.199 | Opp label coverage: 0.88
Step 925002/5000000 | Win rate (rollout): 0.60 | Loss: 0.163 | Opp label coverage: 0.86
Step 925515/5000000 | Win rate (rollout): 0.50 | Loss: 0.117 | Opp label coverage: 0.88
Step 926031/5000000 | Win rate (rollout): 0.53 | Loss: 0.232 | Opp label coverage: 0.91
Step 926543/5000000 | Win rate (rollout): 0.58 | Loss: 0.190 | Opp label coverage: 0.85
Step 927060/5000000 | Win rate (rollout): 0.60 | Loss: 0.202 | Opp label coverage: 0.90
Step 927577/5000000 | Win rate (rollout): 0.69 | Loss: 0.182 | Opp label coverage: 0.90
Step 928089/5000000 | Win rate (rollout): 0.44 | Loss: 0.165 | Opp label coverage: 0.81
Step 928601/5000000 | Win rate (rollout): 0.71 | Loss: 0.169 | Opp label coverage: 0.78
Step 929113/5000000 | Win rate (rollout): 0.36 | Loss: 0.189 | Opp label coverage: 0.83
Step 929625/5000000 | Win rate (rollout): 0.39 | Loss: 0.170 | Opp label coverage: 0.85
Step 930143/5000000 | Win rate (rollout): 0.44 | Loss: 0.194 | Opp label coverage: 0.91
Step 930658/5000000 | Win rate (rollout): 0.46 | Loss: 0.195 | Opp label coverage: 0.90
Step 931170/5000000 | Win rate (rollout): 0.44 | Loss: 0.171 | Opp label coverage: 0.84
Step 931682/5000000 | Win rate (rollout): 0.73 | Loss: 0.177 | Opp label coverage: 0.81
Step 932194/5000000 | Win rate (rollout): 0.50 | Loss: 0.175 | Opp label coverage: 0.81
Step 932706/5000000 | Win rate (rollout): 0.36 | Loss: 0.171 | Opp label coverage: 0.80
Step 933222/5000000 | Win rate (rollout): 0.27 | Loss: 0.199 | Opp label coverage: 0.90
Step 933734/5000000 | Win rate (rollout): 0.53 | Loss: 0.188 | Opp label coverage: 0.89
Step 934252/5000000 | Win rate (rollout): 0.33 | Loss: 0.190 | Opp label coverage: 0.89
Step 934764/5000000 | Win rate (rollout): 0.42 | Loss: 0.175 | Opp label coverage: 0.81
Step 935276/5000000 | Win rate (rollout): 0.35 | Loss: 0.213 | Opp label coverage: 0.86
Step 935789/5000000 | Win rate (rollout): 0.75 | Loss: 0.195 | Opp label coverage: 0.91
Step 936301/5000000 | Win rate (rollout): 0.71 | Loss: 0.182 | Opp label coverage: 0.83
Step 936813/5000000 | Win rate (rollout): 0.58 | Loss: 0.153 | Opp label coverage: 0.82
Step 937327/5000000 | Win rate (rollout): 0.58 | Loss: 0.258 | Opp label coverage: 0.88
Step 937843/5000000 | Win rate (rollout): 0.70 | Loss: 0.146 | Opp label coverage: 0.92
Step 938361/5000000 | Win rate (rollout): 0.42 | Loss: 0.213 | Opp label coverage: 0.90
Step 938873/5000000 | Win rate (rollout): 0.23 | Loss: 0.189 | Opp label coverage: 0.85
Step 939387/5000000 | Win rate (rollout): 0.56 | Loss: 0.168 | Opp label coverage: 0.90
Step 939902/5000000 | Win rate (rollout): 0.56 | Loss: 0.187 | Opp label coverage: 0.91
Step 940418/5000000 | Win rate (rollout): 0.57 | Loss: 0.201 | Opp label coverage: 0.90
Step 940930/5000000 | Win rate (rollout): 0.75 | Loss: 0.152 | Opp label coverage: 0.82
Step 941445/5000000 | Win rate (rollout): 0.89 | Loss: 0.195 | Opp label coverage: 0.90
Step 941957/5000000 | Win rate (rollout): 0.54 | Loss: 0.172 | Opp label coverage: 0.80
Step 942470/5000000 | Win rate (rollout): 0.58 | Loss: 0.232 | Opp label coverage: 0.88
Step 942987/5000000 | Win rate (rollout): 0.58 | Loss: 0.153 | Opp label coverage: 0.91
Step 943499/5000000 | Win rate (rollout): 0.43 | Loss: 0.192 | Opp label coverage: 0.81
Step 944012/5000000 | Win rate (rollout): 0.44 | Loss: 0.097 | Opp label coverage: 0.89
Step 944525/5000000 | Win rate (rollout): 0.50 | Loss: 0.144 | Opp label coverage: 0.93
Step 945041/5000000 | Win rate (rollout): 0.71 | Loss: 0.201 | Opp label coverage: 0.91
Step 945553/5000000 | Win rate (rollout): 0.50 | Loss: 0.185 | Opp label coverage: 0.83
Step 946065/5000000 | Win rate (rollout): 0.21 | Loss: 0.190 | Opp label coverage: 0.84
Step 946577/5000000 | Win rate (rollout): 0.56 | Loss: 0.170 | Opp label coverage: 0.79
Step 947089/5000000 | Win rate (rollout): 0.40 | Loss: 0.188 | Opp label coverage: 0.85
Step 947601/5000000 | Win rate (rollout): 0.62 | Loss: 0.174 | Opp label coverage: 0.81
Step 948113/5000000 | Win rate (rollout): 0.50 | Loss: 0.148 | Opp label coverage: 0.86
Step 948627/5000000 | Win rate (rollout): 0.40 | Loss: 0.206 | Opp label coverage: 0.89
Step 949139/5000000 | Win rate (rollout): 0.67 | Loss: 0.180 | Opp label coverage: 0.79
Step 949651/5000000 | Win rate (rollout): 0.31 | Loss: 0.176 | Opp label coverage: 0.79
Step 950168/5000000 | Win rate (rollout): 0.55 | Loss: 0.222 | Opp label coverage: 0.90
Step 950680/5000000 | Win rate (rollout): 0.62 | Loss: 0.183 | Opp label coverage: 0.80
Step 951198/5000000 | Win rate (rollout): 0.50 | Loss: 0.188 | Opp label coverage: 0.88
Step 951717/5000000 | Win rate (rollout): 0.44 | Loss: 0.184 | Opp label coverage: 0.89
Step 952231/5000000 | Win rate (rollout): 0.57 | Loss: 0.165 | Opp label coverage: 0.88
Step 952743/5000000 | Win rate (rollout): 0.80 | Loss: 0.205 | Opp label coverage: 0.85
Step 953255/5000000 | Win rate (rollout): 0.38 | Loss: 0.182 | Opp label coverage: 0.91
Step 953769/5000000 | Win rate (rollout): 0.43 | Loss: 0.234 | Opp label coverage: 0.89
Step 954281/5000000 | Win rate (rollout): 0.58 | Loss: 0.167 | Opp label coverage: 0.86
Step 954795/5000000 | Win rate (rollout): 0.45 | Loss: 0.134 | Opp label coverage: 0.88
Step 955310/5000000 | Win rate (rollout): 0.42 | Loss: 0.254 | Opp label coverage: 0.91
Step 955822/5000000 | Win rate (rollout): 0.50 | Loss: 0.181 | Opp label coverage: 0.90
Step 956334/5000000 | Win rate (rollout): 0.50 | Loss: 0.167 | Opp label coverage: 0.83
Step 956847/5000000 | Win rate (rollout): 0.50 | Loss: 0.234 | Opp label coverage: 0.90
Step 957359/5000000 | Win rate (rollout): 0.57 | Loss: 0.168 | Opp label coverage: 0.82
Step 957871/5000000 | Win rate (rollout): 0.40 | Loss: 0.186 | Opp label coverage: 0.83
Step 958383/5000000 | Win rate (rollout): 0.35 | Loss: 0.195 | Opp label coverage: 0.82
Step 958896/5000000 | Win rate (rollout): 0.22 | Loss: 0.224 | Opp label coverage: 0.90
Step 959409/5000000 | Win rate (rollout): 0.69 | Loss: 0.230 | Opp label coverage: 0.90
Step 959921/5000000 | Win rate (rollout): 0.38 | Loss: 0.161 | Opp label coverage: 0.82
Step 960438/5000000 | Win rate (rollout): 0.64 | Loss: 0.219 | Opp label coverage: 0.90
Step 960950/5000000 | Win rate (rollout): 0.50 | Loss: 0.169 | Opp label coverage: 0.82
Step 961464/5000000 | Win rate (rollout): 0.33 | Loss: 0.191 | Opp label coverage: 0.89
Step 961981/5000000 | Win rate (rollout): 0.38 | Loss: 0.191 | Opp label coverage: 0.88
Step 962498/5000000 | Win rate (rollout): 0.43 | Loss: 0.169 | Opp label coverage: 0.89
Step 963010/5000000 | Win rate (rollout): 0.45 | Loss: 0.176 | Opp label coverage: 0.85
Step 963527/5000000 | Win rate (rollout): 0.44 | Loss: 0.164 | Opp label coverage: 0.89
Step 964042/5000000 | Win rate (rollout): 0.38 | Loss: 0.137 | Opp label coverage: 0.90
Step 964555/5000000 | Win rate (rollout): 0.58 | Loss: 0.165 | Opp label coverage: 0.90
Step 965069/5000000 | Win rate (rollout): 0.64 | Loss: 0.142 | Opp label coverage: 0.92
Step 965587/5000000 | Win rate (rollout): 0.29 | Loss: 0.147 | Opp label coverage: 0.89
Step 966099/5000000 | Win rate (rollout): 0.56 | Loss: 0.185 | Opp label coverage: 0.84
Step 966611/5000000 | Win rate (rollout): 0.18 | Loss: 0.168 | Opp label coverage: 0.82
Step 967123/5000000 | Win rate (rollout): 0.50 | Loss: 0.188 | Opp label coverage: 0.91
Step 967638/5000000 | Win rate (rollout): 0.53 | Loss: 0.188 | Opp label coverage: 0.88
Step 968150/5000000 | Win rate (rollout): 0.50 | Loss: 0.206 | Opp label coverage: 0.88
Step 968667/5000000 | Win rate (rollout): 0.50 | Loss: 0.176 | Opp label coverage: 0.91
Step 969184/5000000 | Win rate (rollout): 0.08 | Loss: 0.180 | Opp label coverage: 0.90
Step 969702/5000000 | Win rate (rollout): 0.27 | Loss: 0.189 | Opp label coverage: 0.89
Step 970214/5000000 | Win rate (rollout): 0.57 | Loss: 0.197 | Opp label coverage: 0.83
Step 970729/5000000 | Win rate (rollout): 0.44 | Loss: 0.204 | Opp label coverage: 0.91
Step 971246/5000000 | Win rate (rollout): 0.54 | Loss: 0.245 | Opp label coverage: 0.91
Step 971762/5000000 | Win rate (rollout): 0.60 | Loss: 0.235 | Opp label coverage: 0.91
Step 972274/5000000 | Win rate (rollout): 0.80 | Loss: 0.181 | Opp label coverage: 0.91
Step 972791/5000000 | Win rate (rollout): 0.73 | Loss: 0.182 | Opp label coverage: 0.88
Step 973306/5000000 | Win rate (rollout): 0.38 | Loss: 0.185 | Opp label coverage: 0.89
Step 973824/5000000 | Win rate (rollout): 0.40 | Loss: 0.212 | Opp label coverage: 0.89
Step 974336/5000000 | Win rate (rollout): 0.60 | Loss: 0.163 | Opp label coverage: 0.84
Step 974848/5000000 | Win rate (rollout): 0.83 | Loss: 0.183 | Opp label coverage: 0.83
Step 975360/5000000 | Win rate (rollout): 0.64 | Loss: 0.161 | Opp label coverage: 0.84
Step 975872/5000000 | Win rate (rollout): 0.64 | Loss: 0.177 | Opp label coverage: 0.82
Step 976384/5000000 | Win rate (rollout): 0.58 | Loss: 0.166 | Opp label coverage: 0.87
Step 976900/5000000 | Win rate (rollout): 0.33 | Loss: 0.196 | Opp label coverage: 0.90
Step 977415/5000000 | Win rate (rollout): 0.55 | Loss: 0.160 | Opp label coverage: 0.91
Step 977930/5000000 | Win rate (rollout): 0.43 | Loss: 0.234 | Opp label coverage: 0.90
Step 978442/5000000 | Win rate (rollout): 0.43 | Loss: 0.171 | Opp label coverage: 0.82
Step 978954/5000000 | Win rate (rollout): 0.54 | Loss: 0.209 | Opp label coverage: 0.82
Step 979471/5000000 | Win rate (rollout): 0.33 | Loss: 0.139 | Opp label coverage: 0.91
Step 979983/5000000 | Win rate (rollout): 0.73 | Loss: 0.209 | Opp label coverage: 0.90
Step 980495/5000000 | Win rate (rollout): 0.56 | Loss: 0.165 | Opp label coverage: 0.80
Step 981007/5000000 | Win rate (rollout): 0.55 | Loss: 0.156 | Opp label coverage: 0.82
Step 981525/5000000 | Win rate (rollout): 0.56 | Loss: 0.175 | Opp label coverage: 0.92
Step 982037/5000000 | Win rate (rollout): 0.83 | Loss: 0.202 | Opp label coverage: 0.82
Step 982550/5000000 | Win rate (rollout): 0.67 | Loss: 0.227 | Opp label coverage: 0.90
Step 983062/5000000 | Win rate (rollout): 0.67 | Loss: 0.139 | Opp label coverage: 0.86
Step 983574/5000000 | Win rate (rollout): 0.69 | Loss: 0.179 | Opp label coverage: 0.84
Step 984086/5000000 | Win rate (rollout): 0.40 | Loss: 0.173 | Opp label coverage: 0.79
Step 984599/5000000 | Win rate (rollout): 0.38 | Loss: 0.153 | Opp label coverage: 0.91
Step 985111/5000000 | Win rate (rollout): 0.50 | Loss: 0.206 | Opp label coverage: 0.89
Step 985624/5000000 | Win rate (rollout): 0.50 | Loss: 0.182 | Opp label coverage: 0.91
Step 986136/5000000 | Win rate (rollout): 0.42 | Loss: 0.187 | Opp label coverage: 0.82
Step 986653/5000000 | Win rate (rollout): 0.25 | Loss: 0.169 | Opp label coverage: 0.91
Step 987168/5000000 | Win rate (rollout): 0.42 | Loss: 0.157 | Opp label coverage: 0.91
Step 987683/5000000 | Win rate (rollout): 0.46 | Loss: 0.167 | Opp label coverage: 0.90
Step 988197/5000000 | Win rate (rollout): 0.38 | Loss: 0.193 | Opp label coverage: 0.89
Step 988713/5000000 | Win rate (rollout): 0.77 | Loss: 0.171 | Opp label coverage: 0.91
Step 989229/5000000 | Win rate (rollout): 0.36 | Loss: 0.159 | Opp label coverage: 0.89
Step 989747/5000000 | Win rate (rollout): 0.47 | Loss: 0.147 | Opp label coverage: 0.89
Step 990260/5000000 | Win rate (rollout): 0.43 | Loss: 0.176 | Opp label coverage: 0.91
Step 990772/5000000 | Win rate (rollout): 0.56 | Loss: 0.212 | Opp label coverage: 0.86
Step 991290/5000000 | Win rate (rollout): 0.86 | Loss: 0.191 | Opp label coverage: 0.93
Step 991802/5000000 | Win rate (rollout): 0.54 | Loss: 0.192 | Opp label coverage: 0.86
Step 992315/5000000 | Win rate (rollout): 0.33 | Loss: 0.187 | Opp label coverage: 0.89
Step 992827/5000000 | Win rate (rollout): 0.62 | Loss: 0.183 | Opp label coverage: 0.91
Step 993339/5000000 | Win rate (rollout): 0.44 | Loss: 0.198 | Opp label coverage: 0.85
Step 993855/5000000 | Win rate (rollout): 0.40 | Loss: 0.148 | Opp label coverage: 0.90
Step 994367/5000000 | Win rate (rollout): 0.43 | Loss: 0.172 | Opp label coverage: 0.86
Step 994879/5000000 | Win rate (rollout): 0.40 | Loss: 0.223 | Opp label coverage: 0.81
Step 995393/5000000 | Win rate (rollout): 0.57 | Loss: 0.197 | Opp label coverage: 0.90
Step 995905/5000000 | Win rate (rollout): 0.33 | Loss: 0.187 | Opp label coverage: 0.79
Step 996422/5000000 | Win rate (rollout): 0.62 | Loss: 0.220 | Opp label coverage: 0.90
Step 996938/5000000 | Win rate (rollout): 0.56 | Loss: 0.158 | Opp label coverage: 0.91
Step 997455/5000000 | Win rate (rollout): 0.60 | Loss: 0.252 | Opp label coverage: 0.88
Step 997967/5000000 | Win rate (rollout): 0.70 | Loss: 0.170 | Opp label coverage: 0.86
Step 998479/5000000 | Win rate (rollout): 0.38 | Loss: 0.183 | Opp label coverage: 0.84
Step 998993/5000000 | Win rate (rollout): 0.88 | Loss: 0.256 | Opp label coverage: 0.90
Step 999505/5000000 | Win rate (rollout): 0.64 | Loss: 0.187 | Opp label coverage: 0.77
[checkpoint] Saved models/ppo/checkpoints/m9p2c/ppo_step_1000014.pt
Step 1000022/5000000 | Win rate (rollout): 0.45 | Loss: 0.224 | Opp label coverage: 0.89
Step 1000534/5000000 | Win rate (rollout): 0.55 | Loss: 0.172 | Opp label coverage: 0.80
Step 1001050/5000000 | Win rate (rollout): 0.25 | Loss: 0.212 | Opp label coverage: 0.88
Step 1001562/5000000 | Win rate (rollout): 0.60 | Loss: 0.180 | Opp label coverage: 0.86
Step 1002074/5000000 | Win rate (rollout): 0.55 | Loss: 0.167 | Opp label coverage: 0.78
Step 1002586/5000000 | Win rate (rollout): 0.75 | Loss: 0.181 | Opp label coverage: 0.83
Step 1003098/5000000 | Win rate (rollout): 0.07 | Loss: 0.202 | Opp label coverage: 0.84
Step 1003610/5000000 | Win rate (rollout): 0.53 | Loss: 0.188 | Opp label coverage: 0.83
Step 1004123/5000000 | Win rate (rollout): 0.71 | Loss: 0.165 | Opp label coverage: 0.90
Step 1004635/5000000 | Win rate (rollout): 0.78 | Loss: 0.182 | Opp label coverage: 0.83
Step 1005147/5000000 | Win rate (rollout): 0.33 | Loss: 0.165 | Opp label coverage: 0.90
Step 1005659/5000000 | Win rate (rollout): 0.58 | Loss: 0.182 | Opp label coverage: 0.77
Step 1006171/5000000 | Win rate (rollout): 0.30 | Loss: 0.209 | Opp label coverage: 0.88
Step 1006685/5000000 | Win rate (rollout): 0.36 | Loss: 0.213 | Opp label coverage: 0.89
Step 1007197/5000000 | Win rate (rollout): 0.42 | Loss: 0.173 | Opp label coverage: 0.81
Step 1007715/5000000 | Win rate (rollout): 0.33 | Loss: 0.191 | Opp label coverage: 0.89
Step 1008229/5000000 | Win rate (rollout): 0.18 | Loss: 0.163 | Opp label coverage: 0.90
Step 1008741/5000000 | Win rate (rollout): 0.73 | Loss: 0.179 | Opp label coverage: 0.83
Step 1009253/5000000 | Win rate (rollout): 0.40 | Loss: 0.177 | Opp label coverage: 0.81
Step 1009765/5000000 | Win rate (rollout): 0.69 | Loss: 0.158 | Opp label coverage: 0.82
Step 1010284/5000000 | Win rate (rollout): 0.75 | Loss: 0.176 | Opp label coverage: 0.91
Step 1010802/5000000 | Win rate (rollout): 0.29 | Loss: 0.175 | Opp label coverage: 0.89
Step 1011317/5000000 | Win rate (rollout): 0.62 | Loss: 0.162 | Opp label coverage: 0.88
Step 1011829/5000000 | Win rate (rollout): 0.69 | Loss: 0.176 | Opp label coverage: 0.82
Step 1012346/5000000 | Win rate (rollout): 0.33 | Loss: 0.199 | Opp label coverage: 0.88
Step 1012865/5000000 | Win rate (rollout): 0.56 | Loss: 0.184 | Opp label coverage: 0.91
Step 1013382/5000000 | Win rate (rollout): 0.67 | Loss: 0.199 | Opp label coverage: 0.91
Step 1013897/5000000 | Win rate (rollout): 0.64 | Loss: 0.195 | Opp label coverage: 0.90
Step 1014410/5000000 | Win rate (rollout): 0.43 | Loss: 0.138 | Opp label coverage: 0.91
Step 1014922/5000000 | Win rate (rollout): 0.80 | Loss: 0.167 | Opp label coverage: 0.85
Step 1015434/5000000 | Win rate (rollout): 0.50 | Loss: 0.177 | Opp label coverage: 0.85
Step 1015952/5000000 | Win rate (rollout): 0.50 | Loss: 0.171 | Opp label coverage: 0.89
Step 1016465/5000000 | Win rate (rollout): 0.64 | Loss: 0.188 | Opp label coverage: 0.91
Step 1016977/5000000 | Win rate (rollout): 0.36 | Loss: 0.157 | Opp label coverage: 0.79
Step 1017494/5000000 | Win rate (rollout): 0.23 | Loss: 0.253 | Opp label coverage: 0.87
Step 1018006/5000000 | Win rate (rollout): 0.31 | Loss: 0.171 | Opp label coverage: 0.82
Step 1018518/5000000 | Win rate (rollout): 0.40 | Loss: 0.187 | Opp label coverage: 0.84
Step 1019030/5000000 | Win rate (rollout): 0.36 | Loss: 0.187 | Opp label coverage: 0.83
Step 1019543/5000000 | Win rate (rollout): 0.70 | Loss: 0.174 | Opp label coverage: 0.91
Step 1020061/5000000 | Win rate (rollout): 0.50 | Loss: 0.241 | Opp label coverage: 0.91
Step 1020573/5000000 | Win rate (rollout): 0.40 | Loss: 0.173 | Opp label coverage: 0.81
Step 1021087/5000000 | Win rate (rollout): 0.70 | Loss: 0.196 | Opp label coverage: 0.91
Step 1021599/5000000 | Win rate (rollout): 0.67 | Loss: 0.178 | Opp label coverage: 0.79
Step 1022118/5000000 | Win rate (rollout): 0.64 | Loss: 0.195 | Opp label coverage: 0.88
Step 1022631/5000000 | Win rate (rollout): 0.57 | Loss: 0.169 | Opp label coverage: 0.90
Step 1023149/5000000 | Win rate (rollout): 0.55 | Loss: 0.224 | Opp label coverage: 0.91
Step 1023661/5000000 | Win rate (rollout): 0.54 | Loss: 0.208 | Opp label coverage: 0.85
Step 1024173/5000000 | Win rate (rollout): 0.60 | Loss: 0.189 | Opp label coverage: 0.81
Step 1024689/5000000 | Win rate (rollout): 0.38 | Loss: 0.172 | Opp label coverage: 0.88
Step 1025202/5000000 | Win rate (rollout): 0.42 | Loss: 0.165 | Opp label coverage: 0.92
Step 1025714/5000000 | Win rate (rollout): 0.43 | Loss: 0.193 | Opp label coverage: 0.82
Step 1026232/5000000 | Win rate (rollout): 0.55 | Loss: 0.169 | Opp label coverage: 0.89
Step 1026749/5000000 | Win rate (rollout): 0.69 | Loss: 0.198 | Opp label coverage: 0.90
Step 1027261/5000000 | Win rate (rollout): 0.30 | Loss: 0.176 | Opp label coverage: 0.75
Step 1027773/5000000 | Win rate (rollout): 0.75 | Loss: 0.182 | Opp label coverage: 0.84
Step 1028285/5000000 | Win rate (rollout): 0.64 | Loss: 0.208 | Opp label coverage: 0.85
Step 1028797/5000000 | Win rate (rollout): 0.50 | Loss: 0.170 | Opp label coverage: 0.80
Step 1029311/5000000 | Win rate (rollout): 0.20 | Loss: 0.282 | Opp label coverage: 0.88
Step 1029823/5000000 | Win rate (rollout): 0.27 | Loss: 0.183 | Opp label coverage: 0.89
Step 1030335/5000000 | Win rate (rollout): 0.67 | Loss: 0.146 | Opp label coverage: 0.82
Step 1030853/5000000 | Win rate (rollout): 0.82 | Loss: 0.148 | Opp label coverage: 0.92
Step 1031370/5000000 | Win rate (rollout): 0.54 | Loss: 0.204 | Opp label coverage: 0.89
Step 1031882/5000000 | Win rate (rollout): 0.46 | Loss: 0.189 | Opp label coverage: 0.92
Step 1032394/5000000 | Win rate (rollout): 0.50 | Loss: 0.208 | Opp label coverage: 0.80
Step 1032906/5000000 | Win rate (rollout): 0.47 | Loss: 0.184 | Opp label coverage: 0.84
Step 1033418/5000000 | Win rate (rollout): 0.47 | Loss: 0.175 | Opp label coverage: 0.83
Step 1033935/5000000 | Win rate (rollout): 0.58 | Loss: 0.212 | Opp label coverage: 0.91
Step 1034451/5000000 | Win rate (rollout): 0.50 | Loss: 0.183 | Opp label coverage: 0.88
Step 1034965/5000000 | Win rate (rollout): 0.46 | Loss: 0.240 | Opp label coverage: 0.89
Step 1035477/5000000 | Win rate (rollout): 0.36 | Loss: 0.194 | Opp label coverage: 0.83
Step 1035992/5000000 | Win rate (rollout): 0.42 | Loss: 0.242 | Opp label coverage: 0.89
Step 1036509/5000000 | Win rate (rollout): 0.46 | Loss: 0.184 | Opp label coverage: 0.91
Step 1037021/5000000 | Win rate (rollout): 0.50 | Loss: 0.176 | Opp label coverage: 0.83
Step 1037533/5000000 | Win rate (rollout): 0.40 | Loss: 0.218 | Opp label coverage: 0.82
Step 1038048/5000000 | Win rate (rollout): 0.27 | Loss: 0.269 | Opp label coverage: 0.88
Step 1038560/5000000 | Win rate (rollout): 0.46 | Loss: 0.187 | Opp label coverage: 0.80
Step 1039074/5000000 | Win rate (rollout): 0.62 | Loss: 0.252 | Opp label coverage: 0.91
Step 1039586/5000000 | Win rate (rollout): 0.71 | Loss: 0.164 | Opp label coverage: 0.75
Step 1040102/5000000 | Win rate (rollout): 0.42 | Loss: 0.169 | Opp label coverage: 0.88
Step 1040617/5000000 | Win rate (rollout): 0.58 | Loss: 0.162 | Opp label coverage: 0.90
Step 1041129/5000000 | Win rate (rollout): 0.53 | Loss: 0.212 | Opp label coverage: 0.89
Step 1041641/5000000 | Win rate (rollout): 0.42 | Loss: 0.206 | Opp label coverage: 0.82
Step 1042158/5000000 | Win rate (rollout): 0.33 | Loss: 0.192 | Opp label coverage: 0.90
Step 1042670/5000000 | Win rate (rollout): 0.54 | Loss: 0.173 | Opp label coverage: 0.82
Step 1043187/5000000 | Win rate (rollout): 0.50 | Loss: 0.227 | Opp label coverage: 0.89
Step 1043705/5000000 | Win rate (rollout): 0.44 | Loss: 0.179 | Opp label coverage: 0.90
Step 1044220/5000000 | Win rate (rollout): 0.50 | Loss: 0.127 | Opp label coverage: 0.89
Step 1044732/5000000 | Win rate (rollout): 0.23 | Loss: 0.183 | Opp label coverage: 0.82
Step 1045244/5000000 | Win rate (rollout): 0.50 | Loss: 0.196 | Opp label coverage: 0.77
Step 1045758/5000000 | Win rate (rollout): 0.44 | Loss: 0.187 | Opp label coverage: 0.89
Step 1046270/5000000 | Win rate (rollout): 0.25 | Loss: 0.185 | Opp label coverage: 0.79
Step 1046787/5000000 | Win rate (rollout): 0.80 | Loss: 0.235 | Opp label coverage: 0.90
Step 1047304/5000000 | Win rate (rollout): 0.50 | Loss: 0.190 | Opp label coverage: 0.91
Step 1047817/5000000 | Win rate (rollout): 0.38 | Loss: 0.235 | Opp label coverage: 0.91
Step 1048331/5000000 | Win rate (rollout): 0.33 | Loss: 0.212 | Opp label coverage: 0.89
Step 1048849/5000000 | Win rate (rollout): 0.57 | Loss: 0.204 | Opp label coverage: 0.89
Step 1049361/5000000 | Win rate (rollout): 0.18 | Loss: 0.182 | Opp label coverage: 0.82
Step 1049873/5000000 | Win rate (rollout): 0.60 | Loss: 0.175 | Opp label coverage: 0.84
Step 1050390/5000000 | Win rate (rollout): 0.18 | Loss: 0.195 | Opp label coverage: 0.86
Step 1050902/5000000 | Win rate (rollout): 0.43 | Loss: 0.185 | Opp label coverage: 0.82
Step 1051416/5000000 | Win rate (rollout): 0.90 | Loss: 0.207 | Opp label coverage: 0.91
Step 1051928/5000000 | Win rate (rollout): 0.50 | Loss: 0.180 | Opp label coverage: 0.82
Step 1052440/5000000 | Win rate (rollout): 0.80 | Loss: 0.158 | Opp label coverage: 0.85
Step 1052954/5000000 | Win rate (rollout): 0.36 | Loss: 0.144 | Opp label coverage: 0.89
Step 1053466/5000000 | Win rate (rollout): 0.58 | Loss: 0.211 | Opp label coverage: 0.85
Step 1053978/5000000 | Win rate (rollout): 0.38 | Loss: 0.163 | Opp label coverage: 0.80
Step 1054490/5000000 | Win rate (rollout): 0.53 | Loss: 0.161 | Opp label coverage: 0.82
Step 1055002/5000000 | Win rate (rollout): 0.64 | Loss: 0.210 | Opp label coverage: 0.84
Step 1055514/5000000 | Win rate (rollout): 0.42 | Loss: 0.172 | Opp label coverage: 0.82
Step 1056031/5000000 | Win rate (rollout): 0.43 | Loss: 0.200 | Opp label coverage: 0.91
Step 1056543/5000000 | Win rate (rollout): 0.75 | Loss: 0.163 | Opp label coverage: 0.85
Step 1057055/5000000 | Win rate (rollout): 0.44 | Loss: 0.204 | Opp label coverage: 0.89
Step 1057570/5000000 | Win rate (rollout): 0.27 | Loss: 0.198 | Opp label coverage: 0.89
Step 1058082/5000000 | Win rate (rollout): 0.60 | Loss: 0.163 | Opp label coverage: 0.84
Step 1058599/5000000 | Win rate (rollout): 0.50 | Loss: 0.186 | Opp label coverage: 0.91
Step 1059117/5000000 | Win rate (rollout): 0.47 | Loss: 0.241 | Opp label coverage: 0.89
Step 1059629/5000000 | Win rate (rollout): 0.33 | Loss: 0.205 | Opp label coverage: 0.84
Step 1060141/5000000 | Win rate (rollout): 0.47 | Loss: 0.191 | Opp label coverage: 0.80
Step 1060653/5000000 | Win rate (rollout): 0.78 | Loss: 0.174 | Opp label coverage: 0.79
Step 1061171/5000000 | Win rate (rollout): 0.33 | Loss: 0.240 | Opp label coverage: 0.90
Step 1061683/5000000 | Win rate (rollout): 0.33 | Loss: 0.180 | Opp label coverage: 0.75
Step 1062195/5000000 | Win rate (rollout): 0.62 | Loss: 0.168 | Opp label coverage: 0.82
Step 1062707/5000000 | Win rate (rollout): 0.73 | Loss: 0.199 | Opp label coverage: 0.90
Step 1063219/5000000 | Win rate (rollout): 0.10 | Loss: 0.173 | Opp label coverage: 0.82
Step 1063731/5000000 | Win rate (rollout): 0.41 | Loss: 0.164 | Opp label coverage: 0.80
Step 1064243/5000000 | Win rate (rollout): 0.56 | Loss: 0.210 | Opp label coverage: 0.86
Step 1064758/5000000 | Win rate (rollout): 0.55 | Loss: 0.184 | Opp label coverage: 0.90
Step 1065273/5000000 | Win rate (rollout): 0.71 | Loss: 0.202 | Opp label coverage: 0.89
Step 1065785/5000000 | Win rate (rollout): 0.67 | Loss: 0.191 | Opp label coverage: 0.83
Step 1066300/5000000 | Win rate (rollout): 0.67 | Loss: 0.245 | Opp label coverage: 0.91
Step 1066815/5000000 | Win rate (rollout): 0.46 | Loss: 0.238 | Opp label coverage: 0.90
Step 1067327/5000000 | Win rate (rollout): 0.50 | Loss: 0.240 | Opp label coverage: 0.78
Step 1067839/5000000 | Win rate (rollout): 0.40 | Loss: 0.186 | Opp label coverage: 0.90
Step 1068351/5000000 | Win rate (rollout): 0.78 | Loss: 0.148 | Opp label coverage: 0.86
Step 1068868/5000000 | Win rate (rollout): 0.42 | Loss: 0.130 | Opp label coverage: 0.91
Step 1069384/5000000 | Win rate (rollout): 0.62 | Loss: 0.218 | Opp label coverage: 0.89
Step 1069896/5000000 | Win rate (rollout): 0.44 | Loss: 0.191 | Opp label coverage: 0.88
Step 1070408/5000000 | Win rate (rollout): 0.50 | Loss: 0.194 | Opp label coverage: 0.80
Step 1070920/5000000 | Win rate (rollout): 0.60 | Loss: 0.168 | Opp label coverage: 0.90
Step 1071434/5000000 | Win rate (rollout): 0.45 | Loss: 0.222 | Opp label coverage: 0.89
Step 1071946/5000000 | Win rate (rollout): 0.57 | Loss: 0.195 | Opp label coverage: 0.79
Step 1072458/5000000 | Win rate (rollout): 0.50 | Loss: 0.184 | Opp label coverage: 0.82
Step 1072974/5000000 | Win rate (rollout): 0.40 | Loss: 0.198 | Opp label coverage: 0.89
Step 1073486/5000000 | Win rate (rollout): 0.42 | Loss: 0.200 | Opp label coverage: 0.82
Step 1073998/5000000 | Win rate (rollout): 0.44 | Loss: 0.171 | Opp label coverage: 0.81
Step 1074510/5000000 | Win rate (rollout): 0.56 | Loss: 0.176 | Opp label coverage: 0.81
Step 1075028/5000000 | Win rate (rollout): 0.33 | Loss: 0.196 | Opp label coverage: 0.90
Step 1075543/5000000 | Win rate (rollout): 0.80 | Loss: 0.175 | Opp label coverage: 0.89
Step 1076055/5000000 | Win rate (rollout): 0.31 | Loss: 0.201 | Opp label coverage: 0.89
Step 1076568/5000000 | Win rate (rollout): 0.60 | Loss: 0.331 | Opp label coverage: 0.89
Step 1077080/5000000 | Win rate (rollout): 0.67 | Loss: 0.189 | Opp label coverage: 0.78
Step 1077592/5000000 | Win rate (rollout): 0.75 | Loss: 0.184 | Opp label coverage: 0.88
Step 1078104/5000000 | Win rate (rollout): 0.58 | Loss: 0.187 | Opp label coverage: 0.82
Step 1078616/5000000 | Win rate (rollout): 0.36 | Loss: 0.199 | Opp label coverage: 0.82
Step 1079128/5000000 | Win rate (rollout): 0.44 | Loss: 0.209 | Opp label coverage: 0.89
Step 1079640/5000000 | Win rate (rollout): 0.38 | Loss: 0.161 | Opp label coverage: 0.79
Step 1080152/5000000 | Win rate (rollout): 0.31 | Loss: 0.178 | Opp label coverage: 0.80
Step 1080664/5000000 | Win rate (rollout): 0.14 | Loss: 0.159 | Opp label coverage: 0.85
Step 1081176/5000000 | Win rate (rollout): 0.67 | Loss: 0.182 | Opp label coverage: 0.79
Step 1081689/5000000 | Win rate (rollout): 0.50 | Loss: 0.140 | Opp label coverage: 0.90
Step 1082201/5000000 | Win rate (rollout): 0.78 | Loss: 0.163 | Opp label coverage: 0.85
Step 1082713/5000000 | Win rate (rollout): 0.40 | Loss: 0.200 | Opp label coverage: 0.80
Step 1083227/5000000 | Win rate (rollout): 0.33 | Loss: 0.280 | Opp label coverage: 0.90
Step 1083741/5000000 | Win rate (rollout): 0.69 | Loss: 0.170 | Opp label coverage: 0.91
Step 1084253/5000000 | Win rate (rollout): 0.67 | Loss: 0.183 | Opp label coverage: 0.82
Step 1084770/5000000 | Win rate (rollout): 0.40 | Loss: 0.188 | Opp label coverage: 0.87
Step 1085282/5000000 | Win rate (rollout): 0.27 | Loss: 0.199 | Opp label coverage: 0.79
Step 1085799/5000000 | Win rate (rollout): 0.50 | Loss: 0.155 | Opp label coverage: 0.90
Step 1086318/5000000 | Win rate (rollout): 0.31 | Loss: 0.179 | Opp label coverage: 0.88
Step 1086835/5000000 | Win rate (rollout): 0.31 | Loss: 0.192 | Opp label coverage: 0.87
Step 1087353/5000000 | Win rate (rollout): 0.33 | Loss: 0.153 | Opp label coverage: 0.91
Step 1087865/5000000 | Win rate (rollout): 0.43 | Loss: 0.152 | Opp label coverage: 0.83
Step 1088377/5000000 | Win rate (rollout): 0.58 | Loss: 0.194 | Opp label coverage: 0.78
Step 1088889/5000000 | Win rate (rollout): 0.29 | Loss: 0.185 | Opp label coverage: 0.82
Step 1089401/5000000 | Win rate (rollout): 0.50 | Loss: 0.192 | Opp label coverage: 0.86
Step 1089920/5000000 | Win rate (rollout): 0.67 | Loss: 0.207 | Opp label coverage: 0.88
Step 1090432/5000000 | Win rate (rollout): 0.42 | Loss: 0.174 | Opp label coverage: 0.83
Step 1090944/5000000 | Win rate (rollout): 0.27 | Loss: 0.177 | Opp label coverage: 0.84
Step 1091456/5000000 | Win rate (rollout): 0.31 | Loss: 0.154 | Opp label coverage: 0.80
Step 1091968/5000000 | Win rate (rollout): 0.62 | Loss: 0.184 | Opp label coverage: 0.85
Step 1092480/5000000 | Win rate (rollout): 0.38 | Loss: 0.174 | Opp label coverage: 0.85
Step 1092992/5000000 | Win rate (rollout): 0.78 | Loss: 0.208 | Opp label coverage: 0.91
Step 1093510/5000000 | Win rate (rollout): 0.43 | Loss: 0.174 | Opp label coverage: 0.89
Step 1094022/5000000 | Win rate (rollout): 0.38 | Loss: 0.185 | Opp label coverage: 0.81
Step 1094534/5000000 | Win rate (rollout): 0.53 | Loss: 0.220 | Opp label coverage: 0.79
Step 1095046/5000000 | Win rate (rollout): 0.75 | Loss: 0.152 | Opp label coverage: 0.81
Step 1095560/5000000 | Win rate (rollout): 0.22 | Loss: 0.215 | Opp label coverage: 0.90
Step 1096072/5000000 | Win rate (rollout): 0.25 | Loss: 0.148 | Opp label coverage: 0.74
Step 1096590/5000000 | Win rate (rollout): 0.50 | Loss: 0.207 | Opp label coverage: 0.90
Step 1097102/5000000 | Win rate (rollout): 0.36 | Loss: 0.193 | Opp label coverage: 0.81
Step 1097617/5000000 | Win rate (rollout): 0.67 | Loss: 0.167 | Opp label coverage: 0.91
Step 1098130/5000000 | Win rate (rollout): 0.50 | Loss: 0.141 | Opp label coverage: 0.92
Step 1098643/5000000 | Win rate (rollout): 0.57 | Loss: 0.212 | Opp label coverage: 0.91
Step 1099159/5000000 | Win rate (rollout): 0.80 | Loss: 0.226 | Opp label coverage: 0.90
Step 1099675/5000000 | Win rate (rollout): 0.42 | Loss: 0.202 | Opp label coverage: 0.89
Step 1100191/5000000 | Win rate (rollout): 0.53 | Loss: 0.217 | Opp label coverage: 0.89
Step 1100708/5000000 | Win rate (rollout): 0.23 | Loss: 0.196 | Opp label coverage: 0.91
Step 1101220/5000000 | Win rate (rollout): 0.25 | Loss: 0.163 | Opp label coverage: 0.83
Step 1101736/5000000 | Win rate (rollout): 0.62 | Loss: 0.194 | Opp label coverage: 0.93
Step 1102248/5000000 | Win rate (rollout): 0.44 | Loss: 0.161 | Opp label coverage: 0.80
Step 1102760/5000000 | Win rate (rollout): 0.12 | Loss: 0.158 | Opp label coverage: 0.85
Step 1103279/5000000 | Win rate (rollout): 0.50 | Loss: 0.192 | Opp label coverage: 0.88
Step 1103791/5000000 | Win rate (rollout): 0.14 | Loss: 0.147 | Opp label coverage: 0.88
Step 1104303/5000000 | Win rate (rollout): 0.17 | Loss: 0.155 | Opp label coverage: 0.85
Step 1104815/5000000 | Win rate (rollout): 0.44 | Loss: 0.170 | Opp label coverage: 0.86
Step 1105333/5000000 | Win rate (rollout): 0.50 | Loss: 0.199 | Opp label coverage: 0.92
Step 1105846/5000000 | Win rate (rollout): 0.38 | Loss: 0.194 | Opp label coverage: 0.89
Step 1106358/5000000 | Win rate (rollout): 0.25 | Loss: 0.167 | Opp label coverage: 0.81
Step 1106871/5000000 | Win rate (rollout): 0.40 | Loss: 0.226 | Opp label coverage: 0.90
Step 1107383/5000000 | Win rate (rollout): 0.43 | Loss: 0.175 | Opp label coverage: 0.85
Step 1107895/5000000 | Win rate (rollout): 0.62 | Loss: 0.184 | Opp label coverage: 0.83
Step 1108407/5000000 | Win rate (rollout): 0.17 | Loss: 0.182 | Opp label coverage: 0.81
Step 1108920/5000000 | Win rate (rollout): 0.36 | Loss: 0.208 | Opp label coverage: 0.90
Step 1109436/5000000 | Win rate (rollout): 0.15 | Loss: 0.161 | Opp label coverage: 0.89
Step 1109948/5000000 | Win rate (rollout): 0.10 | Loss: 0.141 | Opp label coverage: 0.84
Step 1110460/5000000 | Win rate (rollout): 0.38 | Loss: 0.181 | Opp label coverage: 0.87
Step 1110972/5000000 | Win rate (rollout): 0.36 | Loss: 0.195 | Opp label coverage: 0.79
Step 1111484/5000000 | Win rate (rollout): 0.56 | Loss: 0.181 | Opp label coverage: 0.82
Step 1111999/5000000 | Win rate (rollout): 0.29 | Loss: 0.222 | Opp label coverage: 0.89
Step 1112515/5000000 | Win rate (rollout): 0.53 | Loss: 0.167 | Opp label coverage: 0.91
Step 1113027/5000000 | Win rate (rollout): 0.18 | Loss: 0.158 | Opp label coverage: 0.90
Step 1113539/5000000 | Win rate (rollout): 0.71 | Loss: 0.205 | Opp label coverage: 0.82
Step 1114051/5000000 | Win rate (rollout): 0.00 | Loss: 0.149 | Opp label coverage: 0.84
Step 1114567/5000000 | Win rate (rollout): 0.12 | Loss: 0.137 | Opp label coverage: 0.89
Step 1115081/5000000 | Win rate (rollout): 0.53 | Loss: 0.170 | Opp label coverage: 0.91
Step 1115593/5000000 | Win rate (rollout): 0.38 | Loss: 0.168 | Opp label coverage: 0.81
Step 1116105/5000000 | Win rate (rollout): 0.50 | Loss: 0.154 | Opp label coverage: 0.82
Step 1116617/5000000 | Win rate (rollout): 0.58 | Loss: 0.181 | Opp label coverage: 0.81
Step 1117129/5000000 | Win rate (rollout): 0.27 | Loss: 0.176 | Opp label coverage: 0.84
Step 1117641/5000000 | Win rate (rollout): 0.50 | Loss: 0.185 | Opp label coverage: 0.82
Step 1118155/5000000 | Win rate (rollout): 0.56 | Loss: 0.213 | Opp label coverage: 0.90
Step 1118667/5000000 | Win rate (rollout): 0.62 | Loss: 0.183 | Opp label coverage: 0.83
Step 1119184/5000000 | Win rate (rollout): 0.50 | Loss: 0.162 | Opp label coverage: 0.90
Step 1119696/5000000 | Win rate (rollout): 0.62 | Loss: 0.212 | Opp label coverage: 0.87
Step 1120208/5000000 | Win rate (rollout): 0.41 | Loss: 0.205 | Opp label coverage: 0.83
Step 1120720/5000000 | Win rate (rollout): 0.57 | Loss: 0.170 | Opp label coverage: 0.89
Step 1121232/5000000 | Win rate (rollout): 0.36 | Loss: 0.173 | Opp label coverage: 0.82
Step 1121744/5000000 | Win rate (rollout): 0.38 | Loss: 0.196 | Opp label coverage: 0.89
Step 1122256/5000000 | Win rate (rollout): 0.56 | Loss: 0.181 | Opp label coverage: 0.87
Step 1122769/5000000 | Win rate (rollout): 0.60 | Loss: 0.185 | Opp label coverage: 0.89
Step 1123281/5000000 | Win rate (rollout): 0.14 | Loss: 0.156 | Opp label coverage: 0.81
Step 1123793/5000000 | Win rate (rollout): 0.75 | Loss: 0.192 | Opp label coverage: 0.84
Step 1124305/5000000 | Win rate (rollout): 0.57 | Loss: 0.195 | Opp label coverage: 0.85
Step 1124824/5000000 | Win rate (rollout): 0.69 | Loss: 0.184 | Opp label coverage: 0.88
Step 1125336/5000000 | Win rate (rollout): 0.73 | Loss: 0.161 | Opp label coverage: 0.80
Step 1125848/5000000 | Win rate (rollout): 0.35 | Loss: 0.173 | Opp label coverage: 0.81
Step 1126365/5000000 | Win rate (rollout): 0.55 | Loss: 0.184 | Opp label coverage: 0.90
Step 1126877/5000000 | Win rate (rollout): 0.27 | Loss: 0.171 | Opp label coverage: 0.82
Step 1127394/5000000 | Win rate (rollout): 0.67 | Loss: 0.213 | Opp label coverage: 0.91
Step 1127906/5000000 | Win rate (rollout): 0.50 | Loss: 0.155 | Opp label coverage: 0.84
Step 1128423/5000000 | Win rate (rollout): 0.55 | Loss: 0.184 | Opp label coverage: 0.89
Step 1128938/5000000 | Win rate (rollout): 0.31 | Loss: 0.188 | Opp label coverage: 0.88
Step 1129451/5000000 | Win rate (rollout): 0.29 | Loss: 0.166 | Opp label coverage: 0.87
Step 1129963/5000000 | Win rate (rollout): 0.38 | Loss: 0.193 | Opp label coverage: 0.83
Step 1130475/5000000 | Win rate (rollout): 0.43 | Loss: 0.135 | Opp label coverage: 0.80
Step 1130992/5000000 | Win rate (rollout): 0.22 | Loss: 0.218 | Opp label coverage: 0.89
Step 1131508/5000000 | Win rate (rollout): 0.29 | Loss: 0.216 | Opp label coverage: 0.90
Step 1132020/5000000 | Win rate (rollout): 0.36 | Loss: 0.217 | Opp label coverage: 0.83
Step 1132532/5000000 | Win rate (rollout): 0.75 | Loss: 0.189 | Opp label coverage: 0.75
Step 1133044/5000000 | Win rate (rollout): 0.25 | Loss: 0.172 | Opp label coverage: 0.80
Step 1133562/5000000 | Win rate (rollout): 0.27 | Loss: 0.172 | Opp label coverage: 0.89
Step 1134075/5000000 | Win rate (rollout): 0.50 | Loss: 0.240 | Opp label coverage: 0.89
Step 1134587/5000000 | Win rate (rollout): 0.50 | Loss: 0.173 | Opp label coverage: 0.85
Step 1135099/5000000 | Win rate (rollout): 0.67 | Loss: 0.177 | Opp label coverage: 0.83
Step 1135611/5000000 | Win rate (rollout): 0.78 | Loss: 0.177 | Opp label coverage: 0.80
Step 1136124/5000000 | Win rate (rollout): 0.60 | Loss: 0.183 | Opp label coverage: 0.88
Step 1136636/5000000 | Win rate (rollout): 0.40 | Loss: 0.183 | Opp label coverage: 0.84
Step 1137154/5000000 | Win rate (rollout): 0.50 | Loss: 0.159 | Opp label coverage: 0.90
Step 1137666/5000000 | Win rate (rollout): 0.43 | Loss: 0.164 | Opp label coverage: 0.80
Step 1138178/5000000 | Win rate (rollout): 0.80 | Loss: 0.192 | Opp label coverage: 0.83
Step 1138690/5000000 | Win rate (rollout): 0.50 | Loss: 0.162 | Opp label coverage: 0.90
Step 1139207/5000000 | Win rate (rollout): 0.50 | Loss: 0.123 | Opp label coverage: 0.89
Step 1139722/5000000 | Win rate (rollout): 0.56 | Loss: 0.221 | Opp label coverage: 0.89
Step 1140235/5000000 | Win rate (rollout): 0.43 | Loss: 0.168 | Opp label coverage: 0.90
Step 1140750/5000000 | Win rate (rollout): 0.40 | Loss: 0.250 | Opp label coverage: 0.88
Step 1141262/5000000 | Win rate (rollout): 0.50 | Loss: 0.221 | Opp label coverage: 0.82
Step 1141774/5000000 | Win rate (rollout): 0.71 | Loss: 0.176 | Opp label coverage: 0.79
Step 1142292/5000000 | Win rate (rollout): 0.60 | Loss: 0.143 | Opp label coverage: 0.88
Step 1142804/5000000 | Win rate (rollout): 0.69 | Loss: 0.200 | Opp label coverage: 0.92
Step 1143323/5000000 | Win rate (rollout): 0.64 | Loss: 0.211 | Opp label coverage: 0.91
Step 1143835/5000000 | Win rate (rollout): 0.70 | Loss: 0.162 | Opp label coverage: 0.79
Step 1144347/5000000 | Win rate (rollout): 0.55 | Loss: 0.197 | Opp label coverage: 0.81
Step 1144859/5000000 | Win rate (rollout): 0.77 | Loss: 0.229 | Opp label coverage: 0.80
Step 1145371/5000000 | Win rate (rollout): 0.46 | Loss: 0.170 | Opp label coverage: 0.81
Step 1145884/5000000 | Win rate (rollout): 0.50 | Loss: 0.151 | Opp label coverage: 0.88
Step 1146396/5000000 | Win rate (rollout): 0.56 | Loss: 0.162 | Opp label coverage: 0.86
Step 1146908/5000000 | Win rate (rollout): 0.82 | Loss: 0.162 | Opp label coverage: 0.80
Step 1147420/5000000 | Win rate (rollout): 0.29 | Loss: 0.188 | Opp label coverage: 0.81
Step 1147932/5000000 | Win rate (rollout): 0.29 | Loss: 0.184 | Opp label coverage: 0.90
Step 1148444/5000000 | Win rate (rollout): 0.31 | Loss: 0.169 | Opp label coverage: 0.81
Step 1148956/5000000 | Win rate (rollout): 0.60 | Loss: 0.182 | Opp label coverage: 0.80
Step 1149472/5000000 | Win rate (rollout): 0.64 | Loss: 0.170 | Opp label coverage: 0.90
Step 1149984/5000000 | Win rate (rollout): 0.69 | Loss: 0.173 | Opp label coverage: 0.81
Step 1150496/5000000 | Win rate (rollout): 0.40 | Loss: 0.224 | Opp label coverage: 0.87
Step 1151008/5000000 | Win rate (rollout): 0.12 | Loss: 0.165 | Opp label coverage: 0.84
Step 1151520/5000000 | Win rate (rollout): 0.36 | Loss: 0.169 | Opp label coverage: 0.89
Step 1152032/5000000 | Win rate (rollout): 0.67 | Loss: 0.227 | Opp label coverage: 0.89
Step 1152544/5000000 | Win rate (rollout): 0.54 | Loss: 0.166 | Opp label coverage: 0.81
Step 1153056/5000000 | Win rate (rollout): 0.56 | Loss: 0.192 | Opp label coverage: 0.91
Step 1153571/5000000 | Win rate (rollout): 0.29 | Loss: 0.181 | Opp label coverage: 0.90
Step 1154089/5000000 | Win rate (rollout): 0.67 | Loss: 0.184 | Opp label coverage: 0.91
Step 1154606/5000000 | Win rate (rollout): 0.50 | Loss: 0.190 | Opp label coverage: 0.89
Step 1155123/5000000 | Win rate (rollout): 0.36 | Loss: 0.174 | Opp label coverage: 0.91
Step 1155639/5000000 | Win rate (rollout): 0.79 | Loss: 0.133 | Opp label coverage: 0.89
Step 1156154/5000000 | Win rate (rollout): 0.50 | Loss: 0.230 | Opp label coverage: 0.90
Step 1156666/5000000 | Win rate (rollout): 0.36 | Loss: 0.207 | Opp label coverage: 0.77
Step 1157180/5000000 | Win rate (rollout): 0.25 | Loss: 0.169 | Opp label coverage: 0.88
Step 1157693/5000000 | Win rate (rollout): 0.69 | Loss: 0.137 | Opp label coverage: 0.90
Step 1158205/5000000 | Win rate (rollout): 0.47 | Loss: 0.226 | Opp label coverage: 0.83
Step 1158720/5000000 | Win rate (rollout): 0.30 | Loss: 0.203 | Opp label coverage: 0.89
Step 1159235/5000000 | Win rate (rollout): 0.75 | Loss: 0.204 | Opp label coverage: 0.89
Step 1159747/5000000 | Win rate (rollout): 0.31 | Loss: 0.238 | Opp label coverage: 0.88
Step 1160259/5000000 | Win rate (rollout): 0.50 | Loss: 0.158 | Opp label coverage: 0.83
Step 1160775/5000000 | Win rate (rollout): 0.22 | Loss: 0.181 | Opp label coverage: 0.90
Step 1161287/5000000 | Win rate (rollout): 0.54 | Loss: 0.222 | Opp label coverage: 0.84
Step 1161799/5000000 | Win rate (rollout): 0.53 | Loss: 0.177 | Opp label coverage: 0.83
Step 1162311/5000000 | Win rate (rollout): 0.70 | Loss: 0.194 | Opp label coverage: 0.81
Step 1162823/5000000 | Win rate (rollout): 0.83 | Loss: 0.196 | Opp label coverage: 0.82
Step 1163335/5000000 | Win rate (rollout): 0.42 | Loss: 0.170 | Opp label coverage: 0.80
Step 1163847/5000000 | Win rate (rollout): 0.50 | Loss: 0.191 | Opp label coverage: 0.79
Step 1164359/5000000 | Win rate (rollout): 0.38 | Loss: 0.195 | Opp label coverage: 0.90
Step 1164871/5000000 | Win rate (rollout): 0.47 | Loss: 0.182 | Opp label coverage: 0.83
Step 1165383/5000000 | Win rate (rollout): 0.47 | Loss: 0.212 | Opp label coverage: 0.82
Step 1165895/5000000 | Win rate (rollout): 0.45 | Loss: 0.211 | Opp label coverage: 0.85
Step 1166407/5000000 | Win rate (rollout): 0.56 | Loss: 0.214 | Opp label coverage: 0.85
Step 1166919/5000000 | Win rate (rollout): 0.08 | Loss: 0.192 | Opp label coverage: 0.83
Step 1167436/5000000 | Win rate (rollout): 0.78 | Loss: 0.227 | Opp label coverage: 0.92
Step 1167948/5000000 | Win rate (rollout): 0.62 | Loss: 0.166 | Opp label coverage: 0.79
Step 1168466/5000000 | Win rate (rollout): 0.45 | Loss: 0.200 | Opp label coverage: 0.89
Step 1168978/5000000 | Win rate (rollout): 0.25 | Loss: 0.180 | Opp label coverage: 0.84
Step 1169491/5000000 | Win rate (rollout): 0.64 | Loss: 0.195 | Opp label coverage: 0.91
Step 1170003/5000000 | Win rate (rollout): 0.73 | Loss: 0.179 | Opp label coverage: 0.82
Step 1170515/5000000 | Win rate (rollout): 0.64 | Loss: 0.204 | Opp label coverage: 0.87
Step 1171027/5000000 | Win rate (rollout): 0.50 | Loss: 0.149 | Opp label coverage: 0.81
Step 1171546/5000000 | Win rate (rollout): 0.80 | Loss: 0.199 | Opp label coverage: 0.89
Step 1172058/5000000 | Win rate (rollout): 0.75 | Loss: 0.170 | Opp label coverage: 0.84
Step 1172573/5000000 | Win rate (rollout): 0.50 | Loss: 0.136 | Opp label coverage: 0.90
Step 1173086/5000000 | Win rate (rollout): 0.50 | Loss: 0.210 | Opp label coverage: 0.90
Step 1173598/5000000 | Win rate (rollout): 0.54 | Loss: 0.179 | Opp label coverage: 0.75
Step 1174113/5000000 | Win rate (rollout): 0.80 | Loss: 0.166 | Opp label coverage: 0.91
Step 1174626/5000000 | Win rate (rollout): 0.50 | Loss: 0.261 | Opp label coverage: 0.88
Step 1175138/5000000 | Win rate (rollout): 0.70 | Loss: 0.195 | Opp label coverage: 0.83
Step 1175656/5000000 | Win rate (rollout): 0.60 | Loss: 0.170 | Opp label coverage: 0.89
Step 1176168/5000000 | Win rate (rollout): 0.36 | Loss: 0.212 | Opp label coverage: 0.81
Step 1176681/5000000 | Win rate (rollout): 0.43 | Loss: 0.126 | Opp label coverage: 0.90
Step 1177196/5000000 | Win rate (rollout): 0.50 | Loss: 0.235 | Opp label coverage: 0.89
Step 1177708/5000000 | Win rate (rollout): 0.73 | Loss: 0.176 | Opp label coverage: 0.82
Step 1178220/5000000 | Win rate (rollout): 0.50 | Loss: 0.195 | Opp label coverage: 0.84
Step 1178732/5000000 | Win rate (rollout): 0.40 | Loss: 0.160 | Opp label coverage: 0.83
Step 1179246/5000000 | Win rate (rollout): 0.27 | Loss: 0.178 | Opp label coverage: 0.87
Step 1179758/5000000 | Win rate (rollout): 0.90 | Loss: 0.173 | Opp label coverage: 0.79
Step 1180276/5000000 | Win rate (rollout): 0.50 | Loss: 0.162 | Opp label coverage: 0.89
Step 1180794/5000000 | Win rate (rollout): 0.40 | Loss: 0.177 | Opp label coverage: 0.89
Step 1181313/5000000 | Win rate (rollout): 0.62 | Loss: 0.199 | Opp label coverage: 0.90
Step 1181829/5000000 | Win rate (rollout): 0.21 | Loss: 0.167 | Opp label coverage: 0.89
Step 1182345/5000000 | Win rate (rollout): 0.50 | Loss: 0.249 | Opp label coverage: 0.90
Step 1182860/5000000 | Win rate (rollout): 0.62 | Loss: 0.165 | Opp label coverage: 0.93
Step 1183374/5000000 | Win rate (rollout): 0.36 | Loss: 0.146 | Opp label coverage: 0.89
Step 1183886/5000000 | Win rate (rollout): 0.46 | Loss: 0.185 | Opp label coverage: 0.78
Step 1184398/5000000 | Win rate (rollout): 0.39 | Loss: 0.215 | Opp label coverage: 0.77
Step 1184910/5000000 | Win rate (rollout): 0.60 | Loss: 0.223 | Opp label coverage: 0.86
Step 1185422/5000000 | Win rate (rollout): 0.45 | Loss: 0.179 | Opp label coverage: 0.83
Step 1185934/5000000 | Win rate (rollout): 0.35 | Loss: 0.201 | Opp label coverage: 0.80
Step 1186449/5000000 | Win rate (rollout): 0.43 | Loss: 0.252 | Opp label coverage: 0.89
Step 1186967/5000000 | Win rate (rollout): 0.60 | Loss: 0.298 | Opp label coverage: 0.89
Step 1187479/5000000 | Win rate (rollout): 0.69 | Loss: 0.208 | Opp label coverage: 0.79
Step 1187994/5000000 | Win rate (rollout): 0.60 | Loss: 0.189 | Opp label coverage: 0.88
Step 1188506/5000000 | Win rate (rollout): 0.33 | Loss: 0.192 | Opp label coverage: 0.83
Step 1189024/5000000 | Win rate (rollout): 0.22 | Loss: 0.196 | Opp label coverage: 0.88
Step 1189541/5000000 | Win rate (rollout): 0.57 | Loss: 0.217 | Opp label coverage: 0.91
Step 1190057/5000000 | Win rate (rollout): 0.69 | Loss: 0.164 | Opp label coverage: 0.89
Step 1190574/5000000 | Win rate (rollout): 0.45 | Loss: 0.161 | Opp label coverage: 0.91
Step 1191086/5000000 | Win rate (rollout): 0.33 | Loss: 0.177 | Opp label coverage: 0.84
Step 1191598/5000000 | Win rate (rollout): 0.25 | Loss: 0.175 | Opp label coverage: 0.80
Step 1192115/5000000 | Win rate (rollout): 0.44 | Loss: 0.151 | Opp label coverage: 0.91
Step 1192631/5000000 | Win rate (rollout): 0.64 | Loss: 0.205 | Opp label coverage: 0.93
Step 1193143/5000000 | Win rate (rollout): 0.36 | Loss: 0.184 | Opp label coverage: 0.81
Step 1193658/5000000 | Win rate (rollout): 0.64 | Loss: 0.250 | Opp label coverage: 0.90
Step 1194170/5000000 | Win rate (rollout): 0.43 | Loss: 0.206 | Opp label coverage: 0.81
Step 1194682/5000000 | Win rate (rollout): 0.50 | Loss: 0.197 | Opp label coverage: 0.92
Step 1195199/5000000 | Win rate (rollout): 0.62 | Loss: 0.166 | Opp label coverage: 0.89
Step 1195711/5000000 | Win rate (rollout): 0.17 | Loss: 0.163 | Opp label coverage: 0.79
Step 1196228/5000000 | Win rate (rollout): 0.18 | Loss: 0.189 | Opp label coverage: 0.87
Step 1196740/5000000 | Win rate (rollout): 0.30 | Loss: 0.164 | Opp label coverage: 0.82
Step 1197253/5000000 | Win rate (rollout): 0.33 | Loss: 0.229 | Opp label coverage: 0.88
Step 1197769/5000000 | Win rate (rollout): 0.33 | Loss: 0.193 | Opp label coverage: 0.89
Step 1198284/5000000 | Win rate (rollout): 0.53 | Loss: 0.190 | Opp label coverage: 0.90
Step 1198802/5000000 | Win rate (rollout): 0.71 | Loss: 0.184 | Opp label coverage: 0.91
Step 1199314/5000000 | Win rate (rollout): 0.38 | Loss: 0.220 | Opp label coverage: 0.89
Step 1199826/5000000 | Win rate (rollout): 0.50 | Loss: 0.221 | Opp label coverage: 0.80
Step 1200338/5000000 | Win rate (rollout): 0.38 | Loss: 0.168 | Opp label coverage: 0.85
Step 1200854/5000000 | Win rate (rollout): 0.73 | Loss: 0.218 | Opp label coverage: 0.90
Step 1201367/5000000 | Win rate (rollout): 0.67 | Loss: 0.172 | Opp label coverage: 0.90
Step 1201879/5000000 | Win rate (rollout): 0.50 | Loss: 0.192 | Opp label coverage: 0.81
Step 1202394/5000000 | Win rate (rollout): 0.29 | Loss: 0.143 | Opp label coverage: 0.91
Step 1202909/5000000 | Win rate (rollout): 0.33 | Loss: 0.202 | Opp label coverage: 0.89
Step 1203421/5000000 | Win rate (rollout): 0.64 | Loss: 0.229 | Opp label coverage: 0.91
Step 1203934/5000000 | Win rate (rollout): 0.33 | Loss: 0.166 | Opp label coverage: 0.91
Step 1204448/5000000 | Win rate (rollout): 0.36 | Loss: 0.194 | Opp label coverage: 0.89
Step 1204963/5000000 | Win rate (rollout): 0.50 | Loss: 0.184 | Opp label coverage: 0.91
Step 1205478/5000000 | Win rate (rollout): 0.25 | Loss: 0.229 | Opp label coverage: 0.88
Step 1205992/5000000 | Win rate (rollout): 0.69 | Loss: 0.203 | Opp label coverage: 0.90
Step 1206504/5000000 | Win rate (rollout): 0.42 | Loss: 0.178 | Opp label coverage: 0.79
Step 1207019/5000000 | Win rate (rollout): 0.10 | Loss: 0.199 | Opp label coverage: 0.88
Step 1207531/5000000 | Win rate (rollout): 0.14 | Loss: 0.142 | Opp label coverage: 0.81
Step 1208050/5000000 | Win rate (rollout): 0.20 | Loss: 0.204 | Opp label coverage: 0.89
Step 1208562/5000000 | Win rate (rollout): 0.44 | Loss: 0.182 | Opp label coverage: 0.81
Step 1209074/5000000 | Win rate (rollout): 0.43 | Loss: 0.203 | Opp label coverage: 0.84
Step 1209589/5000000 | Win rate (rollout): 0.50 | Loss: 0.149 | Opp label coverage: 0.90
Step 1210101/5000000 | Win rate (rollout): 0.69 | Loss: 0.216 | Opp label coverage: 0.83
Step 1210613/5000000 | Win rate (rollout): 0.44 | Loss: 0.180 | Opp label coverage: 0.88
Step 1211130/5000000 | Win rate (rollout): 0.60 | Loss: 0.158 | Opp label coverage: 0.91
Step 1211643/5000000 | Win rate (rollout): 0.54 | Loss: 0.128 | Opp label coverage: 0.89
Step 1212160/5000000 | Win rate (rollout): 0.40 | Loss: 0.174 | Opp label coverage: 0.89
Step 1212672/5000000 | Win rate (rollout): 0.55 | Loss: 0.202 | Opp label coverage: 0.84
Step 1213184/5000000 | Win rate (rollout): 0.45 | Loss: 0.223 | Opp label coverage: 0.90
Step 1213696/5000000 | Win rate (rollout): 0.62 | Loss: 0.180 | Opp label coverage: 0.80
Step 1214212/5000000 | Win rate (rollout): 0.67 | Loss: 0.118 | Opp label coverage: 0.91
Step 1214726/5000000 | Win rate (rollout): 0.50 | Loss: 0.144 | Opp label coverage: 0.89
Step 1215242/5000000 | Win rate (rollout): 0.38 | Loss: 0.198 | Opp label coverage: 0.89
Step 1215759/5000000 | Win rate (rollout): 0.36 | Loss: 0.204 | Opp label coverage: 0.91
Step 1216276/5000000 | Win rate (rollout): 0.42 | Loss: 0.206 | Opp label coverage: 0.91
Step 1216788/5000000 | Win rate (rollout): 0.25 | Loss: 0.169 | Opp label coverage: 0.86
Step 1217300/5000000 | Win rate (rollout): 0.45 | Loss: 0.185 | Opp label coverage: 0.78
Step 1217812/5000000 | Win rate (rollout): 0.44 | Loss: 0.163 | Opp label coverage: 0.85
Step 1218324/5000000 | Win rate (rollout): 0.50 | Loss: 0.171 | Opp label coverage: 0.79
Step 1218836/5000000 | Win rate (rollout): 0.50 | Loss: 0.154 | Opp label coverage: 0.79
Step 1219348/5000000 | Win rate (rollout): 0.42 | Loss: 0.201 | Opp label coverage: 0.80
Step 1219862/5000000 | Win rate (rollout): 0.38 | Loss: 0.115 | Opp label coverage: 0.90
Step 1220379/5000000 | Win rate (rollout): 0.25 | Loss: 0.184 | Opp label coverage: 0.91
Step 1220898/5000000 | Win rate (rollout): 0.45 | Loss: 0.182 | Opp label coverage: 0.89
Step 1221414/5000000 | Win rate (rollout): 0.12 | Loss: 0.195 | Opp label coverage: 0.89
Step 1221926/5000000 | Win rate (rollout): 0.69 | Loss: 0.230 | Opp label coverage: 0.86
Step 1222438/5000000 | Win rate (rollout): 0.67 | Loss: 0.171 | Opp label coverage: 0.81
Step 1222950/5000000 | Win rate (rollout): 0.60 | Loss: 0.185 | Opp label coverage: 0.86
Step 1223462/5000000 | Win rate (rollout): 0.50 | Loss: 0.179 | Opp label coverage: 0.87
Step 1223979/5000000 | Win rate (rollout): 0.80 | Loss: 0.220 | Opp label coverage: 0.90
Step 1224491/5000000 | Win rate (rollout): 0.29 | Loss: 0.187 | Opp label coverage: 0.84
Step 1225009/5000000 | Win rate (rollout): 0.62 | Loss: 0.199 | Opp label coverage: 0.90
Step 1225522/5000000 | Win rate (rollout): 0.69 | Loss: 0.158 | Opp label coverage: 0.90
Step 1226035/5000000 | Win rate (rollout): 0.33 | Loss: 0.201 | Opp label coverage: 0.90
Step 1226552/5000000 | Win rate (rollout): 0.45 | Loss: 0.152 | Opp label coverage: 0.89
Step 1227066/5000000 | Win rate (rollout): 0.46 | Loss: 0.193 | Opp label coverage: 0.90
Step 1227578/5000000 | Win rate (rollout): 0.60 | Loss: 0.187 | Opp label coverage: 0.80
Step 1228096/5000000 | Win rate (rollout): 0.45 | Loss: 0.222 | Opp label coverage: 0.90
Step 1228614/5000000 | Win rate (rollout): 0.58 | Loss: 0.206 | Opp label coverage: 0.91
Step 1229130/5000000 | Win rate (rollout): 0.67 | Loss: 0.241 | Opp label coverage: 0.91
Step 1229642/5000000 | Win rate (rollout): 0.45 | Loss: 0.184 | Opp label coverage: 0.80
Step 1230154/5000000 | Win rate (rollout): 0.60 | Loss: 0.159 | Opp label coverage: 0.82
Step 1230666/5000000 | Win rate (rollout): 0.38 | Loss: 0.170 | Opp label coverage: 0.82
Step 1231178/5000000 | Win rate (rollout): 0.46 | Loss: 0.204 | Opp label coverage: 0.81
Step 1231692/5000000 | Win rate (rollout): 0.50 | Loss: 0.187 | Opp label coverage: 0.91
Step 1232205/5000000 | Win rate (rollout): 0.54 | Loss: 0.196 | Opp label coverage: 0.90
Step 1232721/5000000 | Win rate (rollout): 0.35 | Loss: 0.200 | Opp label coverage: 0.89
Step 1233233/5000000 | Win rate (rollout): 0.50 | Loss: 0.207 | Opp label coverage: 0.82
Step 1233745/5000000 | Win rate (rollout): 0.64 | Loss: 0.192 | Opp label coverage: 0.80
Step 1234257/5000000 | Win rate (rollout): 0.62 | Loss: 0.200 | Opp label coverage: 0.87
Step 1234774/5000000 | Win rate (rollout): 0.57 | Loss: 0.186 | Opp label coverage: 0.92
Step 1235286/5000000 | Win rate (rollout): 0.62 | Loss: 0.213 | Opp label coverage: 0.81
Step 1235803/5000000 | Win rate (rollout): 0.67 | Loss: 0.233 | Opp label coverage: 0.91
Step 1236316/5000000 | Win rate (rollout): 0.64 | Loss: 0.203 | Opp label coverage: 0.91
Step 1236833/5000000 | Win rate (rollout): 0.73 | Loss: 0.176 | Opp label coverage: 0.91
Step 1237351/5000000 | Win rate (rollout): 0.71 | Loss: 0.196 | Opp label coverage: 0.90
Step 1237863/5000000 | Win rate (rollout): 0.57 | Loss: 0.179 | Opp label coverage: 0.79
Step 1238375/5000000 | Win rate (rollout): 0.79 | Loss: 0.185 | Opp label coverage: 0.81
Step 1238887/5000000 | Win rate (rollout): 0.67 | Loss: 0.166 | Opp label coverage: 0.75
Step 1239406/5000000 | Win rate (rollout): 0.55 | Loss: 0.193 | Opp label coverage: 0.90
Step 1239918/5000000 | Win rate (rollout): 0.33 | Loss: 0.185 | Opp label coverage: 0.83
Step 1240430/5000000 | Win rate (rollout): 0.58 | Loss: 0.216 | Opp label coverage: 0.83
Step 1240942/5000000 | Win rate (rollout): 0.60 | Loss: 0.178 | Opp label coverage: 0.82
Step 1241454/5000000 | Win rate (rollout): 0.67 | Loss: 0.185 | Opp label coverage: 0.82
Step 1241966/5000000 | Win rate (rollout): 0.30 | Loss: 0.225 | Opp label coverage: 0.90
Step 1242478/5000000 | Win rate (rollout): 0.55 | Loss: 0.189 | Opp label coverage: 0.85
Step 1242990/5000000 | Win rate (rollout): 0.56 | Loss: 0.166 | Opp label coverage: 0.88
Step 1243504/5000000 | Win rate (rollout): 0.69 | Loss: 0.185 | Opp label coverage: 0.87
Step 1244021/5000000 | Win rate (rollout): 0.50 | Loss: 0.176 | Opp label coverage: 0.90
Step 1244533/5000000 | Win rate (rollout): 0.69 | Loss: 0.187 | Opp label coverage: 0.84
Step 1245046/5000000 | Win rate (rollout): 0.60 | Loss: 0.213 | Opp label coverage: 0.90
Step 1245558/5000000 | Win rate (rollout): 0.73 | Loss: 0.258 | Opp label coverage: 0.92
Step 1246075/5000000 | Win rate (rollout): 0.71 | Loss: 0.214 | Opp label coverage: 0.90
Step 1246588/5000000 | Win rate (rollout): 0.64 | Loss: 0.162 | Opp label coverage: 0.90
Step 1247100/5000000 | Win rate (rollout): 0.50 | Loss: 0.192 | Opp label coverage: 0.79
Step 1247612/5000000 | Win rate (rollout): 0.41 | Loss: 0.161 | Opp label coverage: 0.80
Step 1248130/5000000 | Win rate (rollout): 0.40 | Loss: 0.196 | Opp label coverage: 0.89
Step 1248647/5000000 | Win rate (rollout): 0.62 | Loss: 0.203 | Opp label coverage: 0.91
Step 1249159/5000000 | Win rate (rollout): 0.36 | Loss: 0.182 | Opp label coverage: 0.82
Step 1249673/5000000 | Win rate (rollout): 0.44 | Loss: 0.287 | Opp label coverage: 0.89
[checkpoint] Saved models/ppo/checkpoints/m9p2c/ppo_step_1250019.pt
Step 1250186/5000000 | Win rate (rollout): 0.38 | Loss: 0.229 | Opp label coverage: 0.89
Step 1250702/5000000 | Win rate (rollout): 0.40 | Loss: 0.220 | Opp label coverage: 0.89
Step 1251214/5000000 | Win rate (rollout): 0.64 | Loss: 0.177 | Opp label coverage: 0.86
Step 1251726/5000000 | Win rate (rollout): 0.57 | Loss: 0.207 | Opp label coverage: 0.79
Step 1252240/5000000 | Win rate (rollout): 0.30 | Loss: 0.247 | Opp label coverage: 0.89
Step 1252755/5000000 | Win rate (rollout): 0.67 | Loss: 0.236 | Opp label coverage: 0.89
Step 1253267/5000000 | Win rate (rollout): 0.70 | Loss: 0.203 | Opp label coverage: 0.79
Step 1253784/5000000 | Win rate (rollout): 0.43 | Loss: 0.202 | Opp label coverage: 0.91
Step 1254301/5000000 | Win rate (rollout): 0.57 | Loss: 0.207 | Opp label coverage: 0.92
Step 1254813/5000000 | Win rate (rollout): 0.50 | Loss: 0.199 | Opp label coverage: 0.78
Step 1255325/5000000 | Win rate (rollout): 0.64 | Loss: 0.156 | Opp label coverage: 0.80
Step 1255837/5000000 | Win rate (rollout): 0.85 | Loss: 0.154 | Opp label coverage: 0.85
Step 1256349/5000000 | Win rate (rollout): 0.44 | Loss: 0.201 | Opp label coverage: 0.83
Step 1256865/5000000 | Win rate (rollout): 0.62 | Loss: 0.245 | Opp label coverage: 0.91
Step 1257380/5000000 | Win rate (rollout): 0.64 | Loss: 0.194 | Opp label coverage: 0.91
Step 1257892/5000000 | Win rate (rollout): 0.38 | Loss: 0.175 | Opp label coverage: 0.88
Step 1258405/5000000 | Win rate (rollout): 0.15 | Loss: 0.117 | Opp label coverage: 0.91
Step 1258924/5000000 | Win rate (rollout): 0.31 | Loss: 0.244 | Opp label coverage: 0.89
Step 1259436/5000000 | Win rate (rollout): 0.67 | Loss: 0.200 | Opp label coverage: 0.82
Step 1259948/5000000 | Win rate (rollout): 0.67 | Loss: 0.174 | Opp label coverage: 0.82
Step 1260460/5000000 | Win rate (rollout): 0.92 | Loss: 0.181 | Opp label coverage: 0.85
Step 1260973/5000000 | Win rate (rollout): 0.56 | Loss: 0.194 | Opp label coverage: 0.90
Step 1261486/5000000 | Win rate (rollout): 0.57 | Loss: 0.186 | Opp label coverage: 0.90
Step 1262003/5000000 | Win rate (rollout): 0.36 | Loss: 0.178 | Opp label coverage: 0.89
Step 1262517/5000000 | Win rate (rollout): 0.31 | Loss: 0.218 | Opp label coverage: 0.89
Step 1263033/5000000 | Win rate (rollout): 0.93 | Loss: 0.213 | Opp label coverage: 0.93
Step 1263545/5000000 | Win rate (rollout): 0.67 | Loss: 0.171 | Opp label coverage: 0.81
Step 1264057/5000000 | Win rate (rollout): 0.18 | Loss: 0.175 | Opp label coverage: 0.78
Step 1264576/5000000 | Win rate (rollout): 0.60 | Loss: 0.231 | Opp label coverage: 0.89
Step 1265092/5000000 | Win rate (rollout): 0.40 | Loss: 0.183 | Opp label coverage: 0.88
Step 1265609/5000000 | Win rate (rollout): 0.38 | Loss: 0.216 | Opp label coverage: 0.89
Step 1266127/5000000 | Win rate (rollout): 0.50 | Loss: 0.151 | Opp label coverage: 0.89
Step 1266639/5000000 | Win rate (rollout): 0.38 | Loss: 0.177 | Opp label coverage: 0.81
Step 1267151/5000000 | Win rate (rollout): 0.73 | Loss: 0.223 | Opp label coverage: 0.82
Step 1267666/5000000 | Win rate (rollout): 0.71 | Loss: 0.222 | Opp label coverage: 0.91
Step 1268183/5000000 | Win rate (rollout): 0.50 | Loss: 0.204 | Opp label coverage: 0.92
Step 1268696/5000000 | Win rate (rollout): 0.14 | Loss: 0.162 | Opp label coverage: 0.90
Step 1269208/5000000 | Win rate (rollout): 0.31 | Loss: 0.169 | Opp label coverage: 0.86
Step 1269721/5000000 | Win rate (rollout): 0.62 | Loss: 0.158 | Opp label coverage: 0.90
Step 1270238/5000000 | Win rate (rollout): 0.43 | Loss: 0.208 | Opp label coverage: 0.89
Step 1270750/5000000 | Win rate (rollout): 0.40 | Loss: 0.182 | Opp label coverage: 0.84
Step 1271262/5000000 | Win rate (rollout): 0.64 | Loss: 0.209 | Opp label coverage: 0.84
Step 1271781/5000000 | Win rate (rollout): 0.25 | Loss: 0.195 | Opp label coverage: 0.90
Step 1272293/5000000 | Win rate (rollout): 0.62 | Loss: 0.192 | Opp label coverage: 0.79
Step 1272805/5000000 | Win rate (rollout): 0.50 | Loss: 0.188 | Opp label coverage: 0.92
Step 1273320/5000000 | Win rate (rollout): 0.57 | Loss: 0.233 | Opp label coverage: 0.89
Step 1273833/5000000 | Win rate (rollout): 0.67 | Loss: 0.160 | Opp label coverage: 0.89
Step 1274345/5000000 | Win rate (rollout): 0.18 | Loss: 0.186 | Opp label coverage: 0.83
Step 1274857/5000000 | Win rate (rollout): 0.27 | Loss: 0.178 | Opp label coverage: 0.84
Step 1275369/5000000 | Win rate (rollout): 0.57 | Loss: 0.186 | Opp label coverage: 0.85
Step 1275881/5000000 | Win rate (rollout): 0.50 | Loss: 0.201 | Opp label coverage: 0.88
Step 1276393/5000000 | Win rate (rollout): 0.50 | Loss: 0.176 | Opp label coverage: 0.85
Step 1276905/5000000 | Win rate (rollout): 0.36 | Loss: 0.178 | Opp label coverage: 0.81
Step 1277424/5000000 | Win rate (rollout): 0.56 | Loss: 0.241 | Opp label coverage: 0.91
Step 1277938/5000000 | Win rate (rollout): 0.29 | Loss: 0.137 | Opp label coverage: 0.89
Step 1278450/5000000 | Win rate (rollout): 0.36 | Loss: 0.211 | Opp label coverage: 0.74
Step 1278962/5000000 | Win rate (rollout): 0.44 | Loss: 0.171 | Opp label coverage: 0.86
Step 1279480/5000000 | Win rate (rollout): 0.78 | Loss: 0.189 | Opp label coverage: 0.92
Step 1279992/5000000 | Win rate (rollout): 0.18 | Loss: 0.132 | Opp label coverage: 0.80
Step 1280509/5000000 | Win rate (rollout): 0.60 | Loss: 0.170 | Opp label coverage: 0.91
Step 1281025/5000000 | Win rate (rollout): 0.36 | Loss: 0.178 | Opp label coverage: 0.88
Step 1281543/5000000 | Win rate (rollout): 0.44 | Loss: 0.155 | Opp label coverage: 0.91
Step 1282055/5000000 | Win rate (rollout): 0.43 | Loss: 0.162 | Opp label coverage: 0.85
Step 1282572/5000000 | Win rate (rollout): 0.18 | Loss: 0.178 | Opp label coverage: 0.90
Step 1283089/5000000 | Win rate (rollout): 0.64 | Loss: 0.268 | Opp label coverage: 0.92
Step 1283604/5000000 | Win rate (rollout): 0.36 | Loss: 0.185 | Opp label coverage: 0.90
Step 1284116/5000000 | Win rate (rollout): 0.08 | Loss: 0.151 | Opp label coverage: 0.88
Step 1284628/5000000 | Win rate (rollout): 0.50 | Loss: 0.207 | Opp label coverage: 0.85
Step 1285145/5000000 | Win rate (rollout): 0.20 | Loss: 0.209 | Opp label coverage: 0.89
Step 1285661/5000000 | Win rate (rollout): 0.58 | Loss: 0.179 | Opp label coverage: 0.91
Step 1286173/5000000 | Win rate (rollout): 0.29 | Loss: 0.176 | Opp label coverage: 0.82
Step 1286685/5000000 | Win rate (rollout): 0.36 | Loss: 0.216 | Opp label coverage: 0.80
Step 1287201/5000000 | Win rate (rollout): 0.44 | Loss: 0.230 | Opp label coverage: 0.89
Step 1287714/5000000 | Win rate (rollout): 0.50 | Loss: 0.167 | Opp label coverage: 0.90
Step 1288226/5000000 | Win rate (rollout): 0.50 | Loss: 0.180 | Opp label coverage: 0.83
Step 1288738/5000000 | Win rate (rollout): 0.65 | Loss: 0.211 | Opp label coverage: 0.81
Step 1289257/5000000 | Win rate (rollout): 0.78 | Loss: 0.203 | Opp label coverage: 0.91
Step 1289771/5000000 | Win rate (rollout): 0.50 | Loss: 0.185 | Opp label coverage: 0.89
Step 1290284/5000000 | Win rate (rollout): 0.31 | Loss: 0.241 | Opp label coverage: 0.90
Step 1290803/5000000 | Win rate (rollout): 0.69 | Loss: 0.215 | Opp label coverage: 0.90
Step 1291320/5000000 | Win rate (rollout): 0.40 | Loss: 0.205 | Opp label coverage: 0.88
Step 1291836/5000000 | Win rate (rollout): 0.60 | Loss: 0.247 | Opp label coverage: 0.89
Step 1292348/5000000 | Win rate (rollout): 0.69 | Loss: 0.212 | Opp label coverage: 0.79
Step 1292860/5000000 | Win rate (rollout): 0.60 | Loss: 0.207 | Opp label coverage: 0.80
Step 1293372/5000000 | Win rate (rollout): 0.64 | Loss: 0.167 | Opp label coverage: 0.86
Step 1293890/5000000 | Win rate (rollout): 0.50 | Loss: 0.176 | Opp label coverage: 0.89
Step 1294402/5000000 | Win rate (rollout): 0.50 | Loss: 0.159 | Opp label coverage: 0.85
Step 1294914/5000000 | Win rate (rollout): 0.43 | Loss: 0.227 | Opp label coverage: 0.79
Step 1295426/5000000 | Win rate (rollout): 0.50 | Loss: 0.154 | Opp label coverage: 0.83
Step 1295943/5000000 | Win rate (rollout): 0.40 | Loss: 0.214 | Opp label coverage: 0.88
Step 1296455/5000000 | Win rate (rollout): 0.50 | Loss: 0.157 | Opp label coverage: 0.73
Step 1296969/5000000 | Win rate (rollout): 0.44 | Loss: 0.229 | Opp label coverage: 0.91
Step 1297481/5000000 | Win rate (rollout): 0.83 | Loss: 0.193 | Opp label coverage: 0.83
Step 1297999/5000000 | Win rate (rollout): 0.30 | Loss: 0.131 | Opp label coverage: 0.91
Step 1298516/5000000 | Win rate (rollout): 0.67 | Loss: 0.186 | Opp label coverage: 0.90
Step 1299029/5000000 | Win rate (rollout): 0.62 | Loss: 0.168 | Opp label coverage: 0.90
Step 1299543/5000000 | Win rate (rollout): 0.35 | Loss: 0.212 | Opp label coverage: 0.87
Step 1300055/5000000 | Win rate (rollout): 0.67 | Loss: 0.158 | Opp label coverage: 0.89
Step 1300567/5000000 | Win rate (rollout): 0.55 | Loss: 0.186 | Opp label coverage: 0.81
Step 1301085/5000000 | Win rate (rollout): 0.18 | Loss: 0.181 | Opp label coverage: 0.88
Step 1301597/5000000 | Win rate (rollout): 0.29 | Loss: 0.186 | Opp label coverage: 0.83
Step 1302111/5000000 | Win rate (rollout): 0.56 | Loss: 0.235 | Opp label coverage: 0.90
Step 1302623/5000000 | Win rate (rollout): 0.40 | Loss: 0.173 | Opp label coverage: 0.83
Step 1303135/5000000 | Win rate (rollout): 0.29 | Loss: 0.174 | Opp label coverage: 0.86
Step 1303647/5000000 | Win rate (rollout): 0.50 | Loss: 0.194 | Opp label coverage: 0.83
Step 1304159/5000000 | Win rate (rollout): 0.75 | Loss: 0.167 | Opp label coverage: 0.86
Step 1304678/5000000 | Win rate (rollout): 0.45 | Loss: 0.186 | Opp label coverage: 0.88
Step 1305190/5000000 | Win rate (rollout): 0.29 | Loss: 0.195 | Opp label coverage: 0.90
Step 1305702/5000000 | Win rate (rollout): 0.57 | Loss: 0.190 | Opp label coverage: 0.90
Step 1306220/5000000 | Win rate (rollout): 0.50 | Loss: 0.213 | Opp label coverage: 0.90
Step 1306732/5000000 | Win rate (rollout): 0.78 | Loss: 0.167 | Opp label coverage: 0.76
Step 1307245/5000000 | Win rate (rollout): 0.25 | Loss: 0.129 | Opp label coverage: 0.90
Step 1307757/5000000 | Win rate (rollout): 0.43 | Loss: 0.164 | Opp label coverage: 0.86
Step 1308269/5000000 | Win rate (rollout): 0.67 | Loss: 0.235 | Opp label coverage: 0.85
Step 1308781/5000000 | Win rate (rollout): 0.53 | Loss: 0.217 | Opp label coverage: 0.83
Step 1309293/5000000 | Win rate (rollout): 0.33 | Loss: 0.181 | Opp label coverage: 0.82
Step 1309805/5000000 | Win rate (rollout): 0.50 | Loss: 0.171 | Opp label coverage: 0.87
Step 1310320/5000000 | Win rate (rollout): 0.71 | Loss: 0.185 | Opp label coverage: 0.91
Step 1310832/5000000 | Win rate (rollout): 0.33 | Loss: 0.159 | Opp label coverage: 0.89
Step 1311344/5000000 | Win rate (rollout): 0.60 | Loss: 0.187 | Opp label coverage: 0.84
Step 1311856/5000000 | Win rate (rollout): 0.31 | Loss: 0.192 | Opp label coverage: 0.81
Step 1312368/5000000 | Win rate (rollout): 0.75 | Loss: 0.160 | Opp label coverage: 0.85
Step 1312880/5000000 | Win rate (rollout): 0.45 | Loss: 0.183 | Opp label coverage: 0.81
Step 1313399/5000000 | Win rate (rollout): 0.54 | Loss: 0.227 | Opp label coverage: 0.91
Step 1313913/5000000 | Win rate (rollout): 0.62 | Loss: 0.206 | Opp label coverage: 0.89
Step 1314426/5000000 | Win rate (rollout): 0.33 | Loss: 0.272 | Opp label coverage: 0.91
Step 1314938/5000000 | Win rate (rollout): 0.54 | Loss: 0.160 | Opp label coverage: 0.81
Step 1315450/5000000 | Win rate (rollout): 0.38 | Loss: 0.163 | Opp label coverage: 0.82
Step 1315962/5000000 | Win rate (rollout): 0.67 | Loss: 0.193 | Opp label coverage: 0.85
Step 1316474/5000000 | Win rate (rollout): 0.42 | Loss: 0.189 | Opp label coverage: 0.82
Step 1316986/5000000 | Win rate (rollout): 0.75 | Loss: 0.162 | Opp label coverage: 0.85
Step 1317500/5000000 | Win rate (rollout): 0.44 | Loss: 0.201 | Opp label coverage: 0.89
Step 1318014/5000000 | Win rate (rollout): 0.53 | Loss: 0.229 | Opp label coverage: 0.89
Step 1318526/5000000 | Win rate (rollout): 0.57 | Loss: 0.165 | Opp label coverage: 0.89
Step 1319038/5000000 | Win rate (rollout): 0.27 | Loss: 0.212 | Opp label coverage: 0.83
Step 1319553/5000000 | Win rate (rollout): 0.67 | Loss: 0.160 | Opp label coverage: 0.91
Step 1320065/5000000 | Win rate (rollout): 0.69 | Loss: 0.189 | Opp label coverage: 0.79
Step 1320580/5000000 | Win rate (rollout): 0.50 | Loss: 0.219 | Opp label coverage: 0.88
Step 1321092/5000000 | Win rate (rollout): 0.50 | Loss: 0.182 | Opp label coverage: 0.85
Step 1321607/5000000 | Win rate (rollout): 0.78 | Loss: 0.191 | Opp label coverage: 0.90
Step 1322119/5000000 | Win rate (rollout): 0.50 | Loss: 0.175 | Opp label coverage: 0.81
Step 1322637/5000000 | Win rate (rollout): 0.56 | Loss: 0.133 | Opp label coverage: 0.91
Step 1323155/5000000 | Win rate (rollout): 0.29 | Loss: 0.198 | Opp label coverage: 0.88
Step 1323668/5000000 | Win rate (rollout): 0.42 | Loss: 0.171 | Opp label coverage: 0.91
Step 1324180/5000000 | Win rate (rollout): 0.62 | Loss: 0.195 | Opp label coverage: 0.84
Step 1324695/5000000 | Win rate (rollout): 0.38 | Loss: 0.214 | Opp label coverage: 0.89
Step 1325207/5000000 | Win rate (rollout): 0.56 | Loss: 0.167 | Opp label coverage: 0.85
Step 1325719/5000000 | Win rate (rollout): 0.78 | Loss: 0.161 | Opp label coverage: 0.86
Step 1326231/5000000 | Win rate (rollout): 0.64 | Loss: 0.170 | Opp label coverage: 0.88
Step 1326747/5000000 | Win rate (rollout): 0.50 | Loss: 0.210 | Opp label coverage: 0.88
Step 1327259/5000000 | Win rate (rollout): 0.50 | Loss: 0.193 | Opp label coverage: 0.82
Step 1327776/5000000 | Win rate (rollout): 0.50 | Loss: 0.232 | Opp label coverage: 0.89
Step 1328292/5000000 | Win rate (rollout): 0.33 | Loss: 0.214 | Opp label coverage: 0.89
Step 1328804/5000000 | Win rate (rollout): 0.71 | Loss: 0.177 | Opp label coverage: 0.85
Step 1329322/5000000 | Win rate (rollout): 0.55 | Loss: 0.232 | Opp label coverage: 0.90
Step 1329841/5000000 | Win rate (rollout): 0.47 | Loss: 0.183 | Opp label coverage: 0.91
Step 1330353/5000000 | Win rate (rollout): 0.60 | Loss: 0.193 | Opp label coverage: 0.86
Step 1330870/5000000 | Win rate (rollout): 0.45 | Loss: 0.207 | Opp label coverage: 0.90
Step 1331385/5000000 | Win rate (rollout): 0.71 | Loss: 0.186 | Opp label coverage: 0.89
Step 1331897/5000000 | Win rate (rollout): 0.54 | Loss: 0.198 | Opp label coverage: 0.82
Step 1332414/5000000 | Win rate (rollout): 0.67 | Loss: 0.207 | Opp label coverage: 0.90
Step 1332931/5000000 | Win rate (rollout): 0.43 | Loss: 0.160 | Opp label coverage: 0.91
Step 1333443/5000000 | Win rate (rollout): 0.40 | Loss: 0.181 | Opp label coverage: 0.83
Step 1333955/5000000 | Win rate (rollout): 0.50 | Loss: 0.186 | Opp label coverage: 0.76
Step 1334467/5000000 | Win rate (rollout): 0.50 | Loss: 0.212 | Opp label coverage: 0.80
Step 1334979/5000000 | Win rate (rollout): 0.45 | Loss: 0.220 | Opp label coverage: 0.88
Step 1335491/5000000 | Win rate (rollout): 0.56 | Loss: 0.165 | Opp label coverage: 0.86
Step 1336003/5000000 | Win rate (rollout): 0.53 | Loss: 0.166 | Opp label coverage: 0.84
Step 1336515/5000000 | Win rate (rollout): 0.55 | Loss: 0.206 | Opp label coverage: 0.88
Step 1337032/5000000 | Win rate (rollout): 0.56 | Loss: 0.198 | Opp label coverage: 0.91
Step 1337544/5000000 | Win rate (rollout): 0.64 | Loss: 0.217 | Opp label coverage: 0.79
Step 1338058/5000000 | Win rate (rollout): 0.60 | Loss: 0.248 | Opp label coverage: 0.88
Step 1338570/5000000 | Win rate (rollout): 0.55 | Loss: 0.174 | Opp label coverage: 0.74
Step 1339082/5000000 | Win rate (rollout): 0.22 | Loss: 0.165 | Opp label coverage: 0.88
Step 1339594/5000000 | Win rate (rollout): 0.60 | Loss: 0.193 | Opp label coverage: 0.82
Step 1340106/5000000 | Win rate (rollout): 0.50 | Loss: 0.197 | Opp label coverage: 0.85
Step 1340618/5000000 | Win rate (rollout): 0.60 | Loss: 0.174 | Opp label coverage: 0.83
Step 1341132/5000000 | Win rate (rollout): 0.50 | Loss: 0.155 | Opp label coverage: 0.91
Step 1341651/5000000 | Win rate (rollout): 0.58 | Loss: 0.221 | Opp label coverage: 0.90
Step 1342163/5000000 | Win rate (rollout): 0.46 | Loss: 0.186 | Opp label coverage: 0.81
Step 1342675/5000000 | Win rate (rollout): 0.23 | Loss: 0.172 | Opp label coverage: 0.79
Step 1343187/5000000 | Win rate (rollout): 0.38 | Loss: 0.213 | Opp label coverage: 0.80
Step 1343701/5000000 | Win rate (rollout): 0.33 | Loss: 0.192 | Opp label coverage: 0.90
Step 1344216/5000000 | Win rate (rollout): 0.36 | Loss: 0.165 | Opp label coverage: 0.88
Step 1344728/5000000 | Win rate (rollout): 0.62 | Loss: 0.211 | Opp label coverage: 0.83
Step 1345240/5000000 | Win rate (rollout): 0.29 | Loss: 0.181 | Opp label coverage: 0.82
Step 1345752/5000000 | Win rate (rollout): 0.35 | Loss: 0.187 | Opp label coverage: 0.86
Step 1346269/5000000 | Win rate (rollout): 0.57 | Loss: 0.261 | Opp label coverage: 0.92
Step 1346781/5000000 | Win rate (rollout): 0.56 | Loss: 0.160 | Opp label coverage: 0.88
Step 1347297/5000000 | Win rate (rollout): 0.80 | Loss: 0.197 | Opp label coverage: 0.91
Step 1347811/5000000 | Win rate (rollout): 0.50 | Loss: 0.237 | Opp label coverage: 0.89
Step 1348327/5000000 | Win rate (rollout): 0.56 | Loss: 0.231 | Opp label coverage: 0.89
Step 1348842/5000000 | Win rate (rollout): 0.56 | Loss: 0.225 | Opp label coverage: 0.91
Step 1349354/5000000 | Win rate (rollout): 0.60 | Loss: 0.191 | Opp label coverage: 0.86
Step 1349870/5000000 | Win rate (rollout): 0.67 | Loss: 0.206 | Opp label coverage: 0.90
Step 1350384/5000000 | Win rate (rollout): 0.57 | Loss: 0.249 | Opp label coverage: 0.90
Step 1350896/5000000 | Win rate (rollout): 0.45 | Loss: 0.200 | Opp label coverage: 0.85
Step 1351413/5000000 | Win rate (rollout): 0.38 | Loss: 0.201 | Opp label coverage: 0.91
Step 1351925/5000000 | Win rate (rollout): 0.75 | Loss: 0.192 | Opp label coverage: 0.80
Step 1352437/5000000 | Win rate (rollout): 0.38 | Loss: 0.191 | Opp label coverage: 0.79
Step 1352949/5000000 | Win rate (rollout): 0.64 | Loss: 0.183 | Opp label coverage: 0.81
Step 1353461/5000000 | Win rate (rollout): 0.27 | Loss: 0.222 | Opp label coverage: 0.82
Step 1353979/5000000 | Win rate (rollout): 0.60 | Loss: 0.214 | Opp label coverage: 0.89
Step 1354491/5000000 | Win rate (rollout): 0.71 | Loss: 0.190 | Opp label coverage: 0.82
Step 1355005/5000000 | Win rate (rollout): 0.58 | Loss: 0.263 | Opp label coverage: 0.89
Step 1355517/5000000 | Win rate (rollout): 0.60 | Loss: 0.163 | Opp label coverage: 0.85
Step 1356031/5000000 | Win rate (rollout): 0.73 | Loss: 0.195 | Opp label coverage: 0.89
Step 1356543/5000000 | Win rate (rollout): 0.62 | Loss: 0.172 | Opp label coverage: 0.80
Step 1357055/5000000 | Win rate (rollout): 0.50 | Loss: 0.174 | Opp label coverage: 0.83
Step 1357568/5000000 | Win rate (rollout): 0.70 | Loss: 0.180 | Opp label coverage: 0.90
Step 1358080/5000000 | Win rate (rollout): 0.36 | Loss: 0.196 | Opp label coverage: 0.81
Step 1358592/5000000 | Win rate (rollout): 0.60 | Loss: 0.167 | Opp label coverage: 0.83
Step 1359105/5000000 | Win rate (rollout): 0.60 | Loss: 0.198 | Opp label coverage: 0.90
Step 1359617/5000000 | Win rate (rollout): 0.60 | Loss: 0.178 | Opp label coverage: 0.82
Step 1360135/5000000 | Win rate (rollout): 0.55 | Loss: 0.230 | Opp label coverage: 0.90
Step 1360649/5000000 | Win rate (rollout): 0.47 | Loss: 0.180 | Opp label coverage: 0.90
Step 1361161/5000000 | Win rate (rollout): 0.38 | Loss: 0.182 | Opp label coverage: 0.81
Step 1361673/5000000 | Win rate (rollout): 0.43 | Loss: 0.174 | Opp label coverage: 0.84
Step 1362185/5000000 | Win rate (rollout): 0.58 | Loss: 0.217 | Opp label coverage: 0.81
Step 1362697/5000000 | Win rate (rollout): 0.47 | Loss: 0.214 | Opp label coverage: 0.83
Step 1363209/5000000 | Win rate (rollout): 0.56 | Loss: 0.171 | Opp label coverage: 0.81
Step 1363721/5000000 | Win rate (rollout): 0.55 | Loss: 0.205 | Opp label coverage: 0.84
Step 1364234/5000000 | Win rate (rollout): 0.62 | Loss: 0.117 | Opp label coverage: 0.91
Step 1364748/5000000 | Win rate (rollout): 0.61 | Loss: 0.199 | Opp label coverage: 0.91
Step 1365266/5000000 | Win rate (rollout): 0.33 | Loss: 0.210 | Opp label coverage: 0.92
Step 1365778/5000000 | Win rate (rollout): 0.69 | Loss: 0.205 | Opp label coverage: 0.90
Step 1366290/5000000 | Win rate (rollout): 0.50 | Loss: 0.166 | Opp label coverage: 0.84
Step 1366802/5000000 | Win rate (rollout): 0.50 | Loss: 0.191 | Opp label coverage: 0.85
Step 1367314/5000000 | Win rate (rollout): 0.43 | Loss: 0.193 | Opp label coverage: 0.86
Step 1367827/5000000 | Win rate (rollout): 0.56 | Loss: 0.188 | Opp label coverage: 0.91
Step 1368343/5000000 | Win rate (rollout): 0.54 | Loss: 0.197 | Opp label coverage: 0.90
Step 1368860/5000000 | Win rate (rollout): 0.38 | Loss: 0.211 | Opp label coverage: 0.90
Step 1369374/5000000 | Win rate (rollout): 0.50 | Loss: 0.169 | Opp label coverage: 0.88
Step 1369886/5000000 | Win rate (rollout): 0.25 | Loss: 0.173 | Opp label coverage: 0.83
Step 1370398/5000000 | Win rate (rollout): 0.44 | Loss: 0.191 | Opp label coverage: 0.82
Step 1370917/5000000 | Win rate (rollout): 0.45 | Loss: 0.196 | Opp label coverage: 0.88
Step 1371429/5000000 | Win rate (rollout): 0.58 | Loss: 0.194 | Opp label coverage: 0.86
Step 1371941/5000000 | Win rate (rollout): 0.30 | Loss: 0.185 | Opp label coverage: 0.85
Step 1372453/5000000 | Win rate (rollout): 0.54 | Loss: 0.206 | Opp label coverage: 0.83
Step 1372969/5000000 | Win rate (rollout): 0.44 | Loss: 0.231 | Opp label coverage: 0.91
Step 1373486/5000000 | Win rate (rollout): 0.46 | Loss: 0.235 | Opp label coverage: 0.90
Step 1373999/5000000 | Win rate (rollout): 0.38 | Loss: 0.254 | Opp label coverage: 0.86
Step 1374512/5000000 | Win rate (rollout): 0.53 | Loss: 0.204 | Opp label coverage: 0.89
Step 1375024/5000000 | Win rate (rollout): 0.78 | Loss: 0.185 | Opp label coverage: 0.85
Step 1375536/5000000 | Win rate (rollout): 0.50 | Loss: 0.177 | Opp label coverage: 0.82
Step 1376053/5000000 | Win rate (rollout): 0.55 | Loss: 0.204 | Opp label coverage: 0.90
Step 1376565/5000000 | Win rate (rollout): 0.33 | Loss: 0.183 | Opp label coverage: 0.90
Step 1377078/5000000 | Win rate (rollout): 0.62 | Loss: 0.133 | Opp label coverage: 0.90
Step 1377595/5000000 | Win rate (rollout): 0.80 | Loss: 0.168 | Opp label coverage: 0.90
Step 1378107/5000000 | Win rate (rollout): 0.30 | Loss: 0.198 | Opp label coverage: 0.84
Step 1378620/5000000 | Win rate (rollout): 0.44 | Loss: 0.105 | Opp label coverage: 0.90
Step 1379138/5000000 | Win rate (rollout): 0.50 | Loss: 0.236 | Opp label coverage: 0.91
Step 1379655/5000000 | Win rate (rollout): 0.64 | Loss: 0.187 | Opp label coverage: 0.90
Step 1380167/5000000 | Win rate (rollout): 0.50 | Loss: 0.185 | Opp label coverage: 0.83
Step 1380681/5000000 | Win rate (rollout): 0.67 | Loss: 0.203 | Opp label coverage: 0.90
Step 1381200/5000000 | Win rate (rollout): 0.67 | Loss: 0.214 | Opp label coverage: 0.90
Step 1381712/5000000 | Win rate (rollout): 0.50 | Loss: 0.178 | Opp label coverage: 0.80
Step 1382224/5000000 | Win rate (rollout): 0.40 | Loss: 0.175 | Opp label coverage: 0.82
Step 1382739/5000000 | Win rate (rollout): 0.56 | Loss: 0.196 | Opp label coverage: 0.91
Step 1383252/5000000 | Win rate (rollout): 0.54 | Loss: 0.115 | Opp label coverage: 0.90
Step 1383764/5000000 | Win rate (rollout): 0.46 | Loss: 0.186 | Opp label coverage: 0.91
Step 1384276/5000000 | Win rate (rollout): 0.22 | Loss: 0.163 | Opp label coverage: 0.82
Step 1384790/5000000 | Win rate (rollout): 0.57 | Loss: 0.228 | Opp label coverage: 0.91
Step 1385303/5000000 | Win rate (rollout): 0.56 | Loss: 0.305 | Opp label coverage: 0.90
Step 1385819/5000000 | Win rate (rollout): 0.40 | Loss: 0.186 | Opp label coverage: 0.92
Step 1386331/5000000 | Win rate (rollout): 1.00 | Loss: 0.167 | Opp label coverage: 0.82
Step 1386843/5000000 | Win rate (rollout): 0.30 | Loss: 0.197 | Opp label coverage: 0.83
Step 1387359/5000000 | Win rate (rollout): 0.33 | Loss: 0.161 | Opp label coverage: 0.88
Step 1387871/5000000 | Win rate (rollout): 0.55 | Loss: 0.184 | Opp label coverage: 0.85
Step 1388383/5000000 | Win rate (rollout): 0.50 | Loss: 0.203 | Opp label coverage: 0.81
Step 1388895/5000000 | Win rate (rollout): 0.44 | Loss: 0.193 | Opp label coverage: 0.85
Step 1389411/5000000 | Win rate (rollout): 0.44 | Loss: 0.113 | Opp label coverage: 0.90
Step 1389929/5000000 | Win rate (rollout): 0.47 | Loss: 0.168 | Opp label coverage: 0.90
Step 1390441/5000000 | Win rate (rollout): 0.73 | Loss: 0.167 | Opp label coverage: 0.83
Step 1390953/5000000 | Win rate (rollout): 0.75 | Loss: 0.224 | Opp label coverage: 0.82
Step 1391465/5000000 | Win rate (rollout): 0.67 | Loss: 0.178 | Opp label coverage: 0.79
Step 1391977/5000000 | Win rate (rollout): 0.27 | Loss: 0.222 | Opp label coverage: 0.81
Step 1392489/5000000 | Win rate (rollout): 0.47 | Loss: 0.199 | Opp label coverage: 0.79
Step 1393001/5000000 | Win rate (rollout): 0.56 | Loss: 0.173 | Opp label coverage: 0.82
Step 1393517/5000000 | Win rate (rollout): 0.25 | Loss: 0.204 | Opp label coverage: 0.89
Step 1394029/5000000 | Win rate (rollout): 0.50 | Loss: 0.145 | Opp label coverage: 0.86
Step 1394543/5000000 | Win rate (rollout): 0.56 | Loss: 0.095 | Opp label coverage: 0.90
Step 1395055/5000000 | Win rate (rollout): 0.78 | Loss: 0.179 | Opp label coverage: 0.84
Step 1395567/5000000 | Win rate (rollout): 0.54 | Loss: 0.180 | Opp label coverage: 0.83
Step 1396079/5000000 | Win rate (rollout): 0.40 | Loss: 0.223 | Opp label coverage: 0.88
Step 1396595/5000000 | Win rate (rollout): 0.47 | Loss: 0.230 | Opp label coverage: 0.90
Step 1397113/5000000 | Win rate (rollout): 0.42 | Loss: 0.218 | Opp label coverage: 0.90
Step 1397625/5000000 | Win rate (rollout): 0.36 | Loss: 0.216 | Opp label coverage: 0.82
Step 1398137/5000000 | Win rate (rollout): 0.17 | Loss: 0.147 | Opp label coverage: 0.79
Step 1398649/5000000 | Win rate (rollout): 0.73 | Loss: 0.178 | Opp label coverage: 0.82
Step 1399168/5000000 | Win rate (rollout): 0.56 | Loss: 0.185 | Opp label coverage: 0.90
Step 1399680/5000000 | Win rate (rollout): 0.45 | Loss: 0.190 | Opp label coverage: 0.83
Step 1400198/5000000 | Win rate (rollout): 0.40 | Loss: 0.140 | Opp label coverage: 0.88
Step 1400710/5000000 | Win rate (rollout): 0.13 | Loss: 0.204 | Opp label coverage: 0.89
Step 1401225/5000000 | Win rate (rollout): 0.46 | Loss: 0.184 | Opp label coverage: 0.89
Step 1401737/5000000 | Win rate (rollout): 0.57 | Loss: 0.165 | Opp label coverage: 0.86
Step 1402250/5000000 | Win rate (rollout): 0.30 | Loss: 0.188 | Opp label coverage: 0.90
Step 1402766/5000000 | Win rate (rollout): 0.33 | Loss: 0.218 | Opp label coverage: 0.87
Step 1403278/5000000 | Win rate (rollout): 0.50 | Loss: 0.225 | Opp label coverage: 0.90
Step 1403794/5000000 | Win rate (rollout): 0.38 | Loss: 0.197 | Opp label coverage: 0.90
Step 1404310/5000000 | Win rate (rollout): 0.15 | Loss: 0.247 | Opp label coverage: 0.90
Step 1404822/5000000 | Win rate (rollout): 0.23 | Loss: 0.169 | Opp label coverage: 0.87
Step 1405334/5000000 | Win rate (rollout): 0.33 | Loss: 0.165 | Opp label coverage: 0.86
Step 1405848/5000000 | Win rate (rollout): 0.30 | Loss: 0.150 | Opp label coverage: 0.90
Step 1406364/5000000 | Win rate (rollout): 0.44 | Loss: 0.147 | Opp label coverage: 0.90
Step 1406876/5000000 | Win rate (rollout): 0.57 | Loss: 0.164 | Opp label coverage: 0.91
Step 1407393/5000000 | Win rate (rollout): 0.57 | Loss: 0.199 | Opp label coverage: 0.91
Step 1407905/5000000 | Win rate (rollout): 0.23 | Loss: 0.199 | Opp label coverage: 0.81
Step 1408417/5000000 | Win rate (rollout): 0.56 | Loss: 0.189 | Opp label coverage: 0.81
Step 1408929/5000000 | Win rate (rollout): 0.38 | Loss: 0.184 | Opp label coverage: 0.80
Step 1409441/5000000 | Win rate (rollout): 0.60 | Loss: 0.223 | Opp label coverage: 0.83
Step 1409956/5000000 | Win rate (rollout): 0.67 | Loss: 0.172 | Opp label coverage: 0.90
Step 1410468/5000000 | Win rate (rollout): 1.00 | Loss: 0.174 | Opp label coverage: 0.86
Step 1410980/5000000 | Win rate (rollout): 0.54 | Loss: 0.201 | Opp label coverage: 0.83
Step 1411492/5000000 | Win rate (rollout): 0.62 | Loss: 0.167 | Opp label coverage: 0.81
Step 1412010/5000000 | Win rate (rollout): 0.40 | Loss: 0.224 | Opp label coverage: 0.90
Step 1412529/5000000 | Win rate (rollout): 0.31 | Loss: 0.178 | Opp label coverage: 0.88
Step 1413041/5000000 | Win rate (rollout): 0.38 | Loss: 0.181 | Opp label coverage: 0.79
Step 1413558/5000000 | Win rate (rollout): 0.60 | Loss: 0.210 | Opp label coverage: 0.91
Step 1414070/5000000 | Win rate (rollout): 0.46 | Loss: 0.210 | Opp label coverage: 0.80
Step 1414585/5000000 | Win rate (rollout): 0.64 | Loss: 0.142 | Opp label coverage: 0.89
Step 1415097/5000000 | Win rate (rollout): 0.78 | Loss: 0.175 | Opp label coverage: 0.74
Step 1415610/5000000 | Win rate (rollout): 0.50 | Loss: 0.146 | Opp label coverage: 0.88
Step 1416122/5000000 | Win rate (rollout): 0.44 | Loss: 0.175 | Opp label coverage: 0.87
Step 1416634/5000000 | Win rate (rollout): 0.42 | Loss: 0.204 | Opp label coverage: 0.82
Step 1417148/5000000 | Win rate (rollout): 0.45 | Loss: 0.242 | Opp label coverage: 0.89
Step 1417660/5000000 | Win rate (rollout): 0.58 | Loss: 0.202 | Opp label coverage: 0.84
Step 1418172/5000000 | Win rate (rollout): 0.60 | Loss: 0.214 | Opp label coverage: 0.92
Step 1418684/5000000 | Win rate (rollout): 0.44 | Loss: 0.171 | Opp label coverage: 0.84
Step 1419196/5000000 | Win rate (rollout): 0.50 | Loss: 0.187 | Opp label coverage: 0.90
Step 1419715/5000000 | Win rate (rollout): 0.50 | Loss: 0.190 | Opp label coverage: 0.89
Step 1420227/5000000 | Win rate (rollout): 0.50 | Loss: 0.189 | Opp label coverage: 0.79
Step 1420739/5000000 | Win rate (rollout): 0.42 | Loss: 0.186 | Opp label coverage: 0.81
Step 1421255/5000000 | Win rate (rollout): 0.89 | Loss: 0.213 | Opp label coverage: 0.90
Step 1421767/5000000 | Win rate (rollout): 0.47 | Loss: 0.216 | Opp label coverage: 0.83
Step 1422279/5000000 | Win rate (rollout): 0.50 | Loss: 0.164 | Opp label coverage: 0.82
Step 1422796/5000000 | Win rate (rollout): 0.40 | Loss: 0.176 | Opp label coverage: 0.90
Step 1423310/5000000 | Win rate (rollout): 0.60 | Loss: 0.213 | Opp label coverage: 0.92
Step 1423825/5000000 | Win rate (rollout): 0.44 | Loss: 0.221 | Opp label coverage: 0.89
Step 1424337/5000000 | Win rate (rollout): 0.36 | Loss: 0.223 | Opp label coverage: 0.79
Step 1424849/5000000 | Win rate (rollout): 0.67 | Loss: 0.198 | Opp label coverage: 0.84
Step 1425366/5000000 | Win rate (rollout): 0.44 | Loss: 0.208 | Opp label coverage: 0.91
Step 1425878/5000000 | Win rate (rollout): 0.50 | Loss: 0.179 | Opp label coverage: 0.83
Step 1426390/5000000 | Win rate (rollout): 0.45 | Loss: 0.169 | Opp label coverage: 0.78
Step 1426902/5000000 | Win rate (rollout): 0.62 | Loss: 0.181 | Opp label coverage: 0.81
Step 1427418/5000000 | Win rate (rollout): 0.56 | Loss: 0.130 | Opp label coverage: 0.89
Step 1427931/5000000 | Win rate (rollout): 0.50 | Loss: 0.225 | Opp label coverage: 0.90
Step 1428443/5000000 | Win rate (rollout): 0.80 | Loss: 0.170 | Opp label coverage: 0.84
Step 1428956/5000000 | Win rate (rollout): 0.67 | Loss: 0.099 | Opp label coverage: 0.89
Step 1429468/5000000 | Win rate (rollout): 0.77 | Loss: 0.174 | Opp label coverage: 0.81
Step 1429980/5000000 | Win rate (rollout): 0.40 | Loss: 0.227 | Opp label coverage: 0.79
Step 1430495/5000000 | Win rate (rollout): 0.38 | Loss: 0.209 | Opp label coverage: 0.90
Step 1431007/5000000 | Win rate (rollout): 0.40 | Loss: 0.153 | Opp label coverage: 0.80
Step 1431522/5000000 | Win rate (rollout): 0.60 | Loss: 0.122 | Opp label coverage: 0.90
Step 1432034/5000000 | Win rate (rollout): 0.67 | Loss: 0.173 | Opp label coverage: 0.86
Step 1432553/5000000 | Win rate (rollout): 0.75 | Loss: 0.244 | Opp label coverage: 0.91
Step 1433067/5000000 | Win rate (rollout): 0.47 | Loss: 0.179 | Opp label coverage: 0.88
Step 1433579/5000000 | Win rate (rollout): 0.50 | Loss: 0.183 | Opp label coverage: 0.83
Step 1434091/5000000 | Win rate (rollout): 0.60 | Loss: 0.177 | Opp label coverage: 0.80
Step 1434603/5000000 | Win rate (rollout): 0.46 | Loss: 0.207 | Opp label coverage: 0.82
Step 1435115/5000000 | Win rate (rollout): 0.62 | Loss: 0.168 | Opp label coverage: 0.82
Step 1435630/5000000 | Win rate (rollout): 0.33 | Loss: 0.210 | Opp label coverage: 0.89
Step 1436142/5000000 | Win rate (rollout): 0.58 | Loss: 0.204 | Opp label coverage: 0.79
Step 1436654/5000000 | Win rate (rollout): 0.59 | Loss: 0.198 | Opp label coverage: 0.80
Step 1437166/5000000 | Win rate (rollout): 0.38 | Loss: 0.209 | Opp label coverage: 0.81
Step 1437678/5000000 | Win rate (rollout): 0.40 | Loss: 0.183 | Opp label coverage: 0.89
Step 1438190/5000000 | Win rate (rollout): 0.46 | Loss: 0.162 | Opp label coverage: 0.81
Step 1438702/5000000 | Win rate (rollout): 0.21 | Loss: 0.158 | Opp label coverage: 0.84
Step 1439221/5000000 | Win rate (rollout): 0.27 | Loss: 0.162 | Opp label coverage: 0.87
Step 1439733/5000000 | Win rate (rollout): 0.45 | Loss: 0.182 | Opp label coverage: 0.81
Step 1440246/5000000 | Win rate (rollout): 0.54 | Loss: 0.308 | Opp label coverage: 0.89
Step 1440758/5000000 | Win rate (rollout): 0.73 | Loss: 0.213 | Opp label coverage: 0.85
Step 1441274/5000000 | Win rate (rollout): 0.78 | Loss: 0.225 | Opp label coverage: 0.91
Step 1441786/5000000 | Win rate (rollout): 0.23 | Loss: 0.169 | Opp label coverage: 0.80
Step 1442298/5000000 | Win rate (rollout): 0.73 | Loss: 0.210 | Opp label coverage: 0.89
Step 1442810/5000000 | Win rate (rollout): 0.90 | Loss: 0.196 | Opp label coverage: 0.84
Step 1443322/5000000 | Win rate (rollout): 0.50 | Loss: 0.186 | Opp label coverage: 0.82
Step 1443834/5000000 | Win rate (rollout): 0.89 | Loss: 0.160 | Opp label coverage: 0.84
Step 1444346/5000000 | Win rate (rollout): 0.62 | Loss: 0.194 | Opp label coverage: 0.91
Step 1444858/5000000 | Win rate (rollout): 0.55 | Loss: 0.180 | Opp label coverage: 0.84
Step 1445370/5000000 | Win rate (rollout): 0.64 | Loss: 0.170 | Opp label coverage: 0.84
Step 1445887/5000000 | Win rate (rollout): 0.36 | Loss: 0.207 | Opp label coverage: 0.88
Step 1446399/5000000 | Win rate (rollout): 0.56 | Loss: 0.192 | Opp label coverage: 0.85
Step 1446917/5000000 | Win rate (rollout): 0.45 | Loss: 0.183 | Opp label coverage: 0.90
Step 1447430/5000000 | Win rate (rollout): 0.36 | Loss: 0.247 | Opp label coverage: 0.89
Step 1447942/5000000 | Win rate (rollout): 0.23 | Loss: 0.181 | Opp label coverage: 0.80
Step 1448454/5000000 | Win rate (rollout): 0.50 | Loss: 0.214 | Opp label coverage: 0.82
Step 1448966/5000000 | Win rate (rollout): 0.36 | Loss: 0.209 | Opp label coverage: 0.83
Step 1449479/5000000 | Win rate (rollout): 0.44 | Loss: 0.193 | Opp label coverage: 0.90
Step 1449991/5000000 | Win rate (rollout): 0.75 | Loss: 0.206 | Opp label coverage: 0.84
Step 1450503/5000000 | Win rate (rollout): 0.73 | Loss: 0.177 | Opp label coverage: 0.84
Step 1451015/5000000 | Win rate (rollout): 0.36 | Loss: 0.194 | Opp label coverage: 0.79
Step 1451527/5000000 | Win rate (rollout): 0.31 | Loss: 0.198 | Opp label coverage: 0.84
Step 1452044/5000000 | Win rate (rollout): 0.75 | Loss: 0.162 | Opp label coverage: 0.89
Step 1452563/5000000 | Win rate (rollout): 0.59 | Loss: 0.189 | Opp label coverage: 0.88
Step 1453075/5000000 | Win rate (rollout): 0.57 | Loss: 0.176 | Opp label coverage: 0.86
Step 1453587/5000000 | Win rate (rollout): 0.43 | Loss: 0.189 | Opp label coverage: 0.84
Step 1454099/5000000 | Win rate (rollout): 0.50 | Loss: 0.183 | Opp label coverage: 0.83
Step 1454611/5000000 | Win rate (rollout): 0.69 | Loss: 0.197 | Opp label coverage: 0.81
Step 1455126/5000000 | Win rate (rollout): 0.56 | Loss: 0.254 | Opp label coverage: 0.90
Step 1455641/5000000 | Win rate (rollout): 0.25 | Loss: 0.196 | Opp label coverage: 0.90
Step 1456156/5000000 | Win rate (rollout): 0.43 | Loss: 0.199 | Opp label coverage: 0.89
Step 1456668/5000000 | Win rate (rollout): 0.82 | Loss: 0.166 | Opp label coverage: 0.83
Step 1457180/5000000 | Win rate (rollout): 0.44 | Loss: 0.169 | Opp label coverage: 0.76
Step 1457693/5000000 | Win rate (rollout): 0.30 | Loss: 0.171 | Opp label coverage: 0.87
Step 1458205/5000000 | Win rate (rollout): 0.14 | Loss: 0.166 | Opp label coverage: 0.84
Step 1458721/5000000 | Win rate (rollout): 0.44 | Loss: 0.217 | Opp label coverage: 0.91
Step 1459233/5000000 | Win rate (rollout): 0.42 | Loss: 0.176 | Opp label coverage: 0.84
Step 1459745/5000000 | Win rate (rollout): 0.25 | Loss: 0.167 | Opp label coverage: 0.83
Step 1460257/5000000 | Win rate (rollout): 0.42 | Loss: 0.198 | Opp label coverage: 0.81
Step 1460774/5000000 | Win rate (rollout): 0.44 | Loss: 0.236 | Opp label coverage: 0.90
Step 1461286/5000000 | Win rate (rollout): 0.33 | Loss: 0.191 | Opp label coverage: 0.82
Step 1461798/5000000 | Win rate (rollout): 0.27 | Loss: 0.199 | Opp label coverage: 0.87
Step 1462310/5000000 | Win rate (rollout): 0.36 | Loss: 0.165 | Opp label coverage: 0.81
Step 1462828/5000000 | Win rate (rollout): 0.55 | Loss: 0.235 | Opp label coverage: 0.90
Step 1463340/5000000 | Win rate (rollout): 0.62 | Loss: 0.182 | Opp label coverage: 0.86
Step 1463852/5000000 | Win rate (rollout): 0.75 | Loss: 0.175 | Opp label coverage: 0.86
Step 1464364/5000000 | Win rate (rollout): 0.50 | Loss: 0.200 | Opp label coverage: 0.77
Step 1464881/5000000 | Win rate (rollout): 0.56 | Loss: 0.230 | Opp label coverage: 0.90
Step 1465398/5000000 | Win rate (rollout): 0.56 | Loss: 0.186 | Opp label coverage: 0.89
Step 1465917/5000000 | Win rate (rollout): 0.62 | Loss: 0.176 | Opp label coverage: 0.89
Step 1466429/5000000 | Win rate (rollout): 0.60 | Loss: 0.201 | Opp label coverage: 0.78
Step 1466943/5000000 | Win rate (rollout): 0.70 | Loss: 0.242 | Opp label coverage: 0.89
Step 1467455/5000000 | Win rate (rollout): 0.58 | Loss: 0.208 | Opp label coverage: 0.80
Step 1467969/5000000 | Win rate (rollout): 0.70 | Loss: 0.230 | Opp label coverage: 0.90
Step 1468481/5000000 | Win rate (rollout): 0.45 | Loss: 0.179 | Opp label coverage: 0.81
Step 1468993/5000000 | Win rate (rollout): 0.38 | Loss: 0.165 | Opp label coverage: 0.86
Step 1469512/5000000 | Win rate (rollout): 0.50 | Loss: 0.180 | Opp label coverage: 0.89
Step 1470024/5000000 | Win rate (rollout): 0.38 | Loss: 0.205 | Opp label coverage: 0.83
Step 1470536/5000000 | Win rate (rollout): 0.56 | Loss: 0.183 | Opp label coverage: 0.82
Step 1471051/5000000 | Win rate (rollout): 0.83 | Loss: 0.200 | Opp label coverage: 0.92
Step 1471569/5000000 | Win rate (rollout): 0.50 | Loss: 0.219 | Opp label coverage: 0.91
Step 1472081/5000000 | Win rate (rollout): 0.46 | Loss: 0.213 | Opp label coverage: 0.83
Step 1472593/5000000 | Win rate (rollout): 0.50 | Loss: 0.171 | Opp label coverage: 0.80
Step 1473110/5000000 | Win rate (rollout): 0.18 | Loss: 0.144 | Opp label coverage: 0.87
Step 1473622/5000000 | Win rate (rollout): 0.60 | Loss: 0.169 | Opp label coverage: 0.83
Step 1474136/5000000 | Win rate (rollout): 0.36 | Loss: 0.256 | Opp label coverage: 0.89
Step 1474648/5000000 | Win rate (rollout): 0.46 | Loss: 0.194 | Opp label coverage: 0.82
Step 1475161/5000000 | Win rate (rollout): 0.70 | Loss: 0.279 | Opp label coverage: 0.91
Step 1475677/5000000 | Win rate (rollout): 0.50 | Loss: 0.209 | Opp label coverage: 0.89
Step 1476194/5000000 | Win rate (rollout): 0.43 | Loss: 0.208 | Opp label coverage: 0.87
Step 1476706/5000000 | Win rate (rollout): 0.62 | Loss: 0.167 | Opp label coverage: 0.83
Step 1477219/5000000 | Win rate (rollout): 0.67 | Loss: 0.124 | Opp label coverage: 0.91
Step 1477734/5000000 | Win rate (rollout): 0.62 | Loss: 0.225 | Opp label coverage: 0.90
Step 1478246/5000000 | Win rate (rollout): 0.45 | Loss: 0.184 | Opp label coverage: 0.78
Step 1478758/5000000 | Win rate (rollout): 0.44 | Loss: 0.190 | Opp label coverage: 0.84
Step 1479274/5000000 | Win rate (rollout): 0.71 | Loss: 0.128 | Opp label coverage: 0.90
Step 1479793/5000000 | Win rate (rollout): 0.67 | Loss: 0.180 | Opp label coverage: 0.91
Step 1480305/5000000 | Win rate (rollout): 0.64 | Loss: 0.197 | Opp label coverage: 0.81
Step 1480819/5000000 | Win rate (rollout): 0.50 | Loss: 0.206 | Opp label coverage: 0.89
Step 1481333/5000000 | Win rate (rollout): 0.56 | Loss: 0.168 | Opp label coverage: 0.89
Step 1481847/5000000 | Win rate (rollout): 0.15 | Loss: 0.301 | Opp label coverage: 0.88
Step 1482359/5000000 | Win rate (rollout): 0.70 | Loss: 0.193 | Opp label coverage: 0.86
Step 1482873/5000000 | Win rate (rollout): 0.60 | Loss: 0.200 | Opp label coverage: 0.90
Step 1483385/5000000 | Win rate (rollout): 0.27 | Loss: 0.182 | Opp label coverage: 0.79
Step 1483897/5000000 | Win rate (rollout): 0.45 | Loss: 0.197 | Opp label coverage: 0.82
Step 1484409/5000000 | Win rate (rollout): 0.62 | Loss: 0.194 | Opp label coverage: 0.82
Step 1484921/5000000 | Win rate (rollout): 0.45 | Loss: 0.170 | Opp label coverage: 0.84
Step 1485437/5000000 | Win rate (rollout): 0.50 | Loss: 0.174 | Opp label coverage: 0.88
Step 1485949/5000000 | Win rate (rollout): 0.73 | Loss: 0.191 | Opp label coverage: 0.80
Step 1486461/5000000 | Win rate (rollout): 0.62 | Loss: 0.179 | Opp label coverage: 0.84
Step 1486973/5000000 | Win rate (rollout): 0.38 | Loss: 0.240 | Opp label coverage: 0.85
Step 1487485/5000000 | Win rate (rollout): 0.50 | Loss: 0.214 | Opp label coverage: 0.83
Step 1488000/5000000 | Win rate (rollout): 0.82 | Loss: 0.208 | Opp label coverage: 0.91
Step 1488516/5000000 | Win rate (rollout): 0.73 | Loss: 0.171 | Opp label coverage: 0.90
Step 1489035/5000000 | Win rate (rollout): 0.54 | Loss: 0.198 | Opp label coverage: 0.89
Step 1489547/5000000 | Win rate (rollout): 0.75 | Loss: 0.186 | Opp label coverage: 0.86
Step 1490064/5000000 | Win rate (rollout): 0.83 | Loss: 0.186 | Opp label coverage: 0.90
Step 1490582/5000000 | Win rate (rollout): 0.64 | Loss: 0.200 | Opp label coverage: 0.90
Step 1491094/5000000 | Win rate (rollout): 0.33 | Loss: 0.200 | Opp label coverage: 0.83
Step 1491606/5000000 | Win rate (rollout): 0.50 | Loss: 0.179 | Opp label coverage: 0.91
Step 1492119/5000000 | Win rate (rollout): 0.58 | Loss: 0.274 | Opp label coverage: 0.91
Step 1492634/5000000 | Win rate (rollout): 0.60 | Loss: 0.138 | Opp label coverage: 0.89
Step 1493148/5000000 | Win rate (rollout): 0.58 | Loss: 0.194 | Opp label coverage: 0.89
Step 1493665/5000000 | Win rate (rollout): 0.50 | Loss: 0.210 | Opp label coverage: 0.90
Step 1494178/5000000 | Win rate (rollout): 0.57 | Loss: 0.138 | Opp label coverage: 0.89
Step 1494690/5000000 | Win rate (rollout): 0.64 | Loss: 0.201 | Opp label coverage: 0.80
Step 1495202/5000000 | Win rate (rollout): 0.23 | Loss: 0.195 | Opp label coverage: 0.81
Step 1495714/5000000 | Win rate (rollout): 0.60 | Loss: 0.222 | Opp label coverage: 0.90
Step 1496232/5000000 | Win rate (rollout): 0.47 | Loss: 0.155 | Opp label coverage: 0.88
Step 1496749/5000000 | Win rate (rollout): 0.60 | Loss: 0.195 | Opp label coverage: 0.89
Step 1497261/5000000 | Win rate (rollout): 0.86 | Loss: 0.184 | Opp label coverage: 0.80
Step 1497773/5000000 | Win rate (rollout): 0.20 | Loss: 0.225 | Opp label coverage: 0.83
Step 1498285/5000000 | Win rate (rollout): 0.30 | Loss: 0.203 | Opp label coverage: 0.88
Step 1498797/5000000 | Win rate (rollout): 0.50 | Loss: 0.200 | Opp label coverage: 0.82
Step 1499309/5000000 | Win rate (rollout): 0.62 | Loss: 0.196 | Opp label coverage: 0.86
Step 1499821/5000000 | Win rate (rollout): 0.57 | Loss: 0.219 | Opp label coverage: 0.82
[checkpoint] Saved models/ppo/checkpoints/m9p2c/ppo_step_1500021.pt
Step 1500333/5000000 | Win rate (rollout): 0.54 | Loss: 0.155 | Opp label coverage: 0.80
Step 1500845/5000000 | Win rate (rollout): 0.33 | Loss: 0.174 | Opp label coverage: 0.81
Step 1501361/5000000 | Win rate (rollout): 0.45 | Loss: 0.199 | Opp label coverage: 0.87
Step 1501873/5000000 | Win rate (rollout): 0.50 | Loss: 0.185 | Opp label coverage: 0.85
Step 1502385/5000000 | Win rate (rollout): 0.56 | Loss: 0.197 | Opp label coverage: 0.78
Step 1502897/5000000 | Win rate (rollout): 0.40 | Loss: 0.184 | Opp label coverage: 0.80
Step 1503409/5000000 | Win rate (rollout): 0.50 | Loss: 0.195 | Opp label coverage: 0.87
Step 1503925/5000000 | Win rate (rollout): 0.73 | Loss: 0.207 | Opp label coverage: 0.90
Step 1504440/5000000 | Win rate (rollout): 0.43 | Loss: 0.243 | Opp label coverage: 0.89
Step 1504959/5000000 | Win rate (rollout): 0.43 | Loss: 0.184 | Opp label coverage: 0.90
Step 1505471/5000000 | Win rate (rollout): 0.21 | Loss: 0.189 | Opp label coverage: 0.80
Step 1505983/5000000 | Win rate (rollout): 0.38 | Loss: 0.158 | Opp label coverage: 0.85
Step 1506495/5000000 | Win rate (rollout): 0.50 | Loss: 0.203 | Opp label coverage: 0.82
Step 1507007/5000000 | Win rate (rollout): 0.36 | Loss: 0.165 | Opp label coverage: 0.84
Step 1507519/5000000 | Win rate (rollout): 0.57 | Loss: 0.191 | Opp label coverage: 0.86
Step 1508035/5000000 | Win rate (rollout): 0.56 | Loss: 0.223 | Opp label coverage: 0.89
Step 1508552/5000000 | Win rate (rollout): 0.50 | Loss: 0.229 | Opp label coverage: 0.89
Step 1509064/5000000 | Win rate (rollout): 0.47 | Loss: 0.185 | Opp label coverage: 0.81
Step 1509576/5000000 | Win rate (rollout): 0.25 | Loss: 0.211 | Opp label coverage: 0.82
Step 1510088/5000000 | Win rate (rollout): 0.62 | Loss: 0.179 | Opp label coverage: 0.81
Step 1510600/5000000 | Win rate (rollout): 0.45 | Loss: 0.176 | Opp label coverage: 0.89
Step 1511112/5000000 | Win rate (rollout): 0.62 | Loss: 0.189 | Opp label coverage: 0.90
Step 1511626/5000000 | Win rate (rollout): 0.36 | Loss: 0.271 | Opp label coverage: 0.89
Step 1512145/5000000 | Win rate (rollout): 0.67 | Loss: 0.197 | Opp label coverage: 0.91
Step 1512661/5000000 | Win rate (rollout): 0.23 | Loss: 0.156 | Opp label coverage: 0.88
Step 1513173/5000000 | Win rate (rollout): 0.42 | Loss: 0.188 | Opp label coverage: 0.86
Step 1513685/5000000 | Win rate (rollout): 0.70 | Loss: 0.190 | Opp label coverage: 0.82
Step 1514197/5000000 | Win rate (rollout): 0.46 | Loss: 0.204 | Opp label coverage: 0.84
Step 1514709/5000000 | Win rate (rollout): 0.38 | Loss: 0.195 | Opp label coverage: 0.84
Step 1515221/5000000 | Win rate (rollout): 0.30 | Loss: 0.193 | Opp label coverage: 0.87
Step 1515733/5000000 | Win rate (rollout): 0.38 | Loss: 0.194 | Opp label coverage: 0.82
Step 1516252/5000000 | Win rate (rollout): 0.58 | Loss: 0.229 | Opp label coverage: 0.90
Step 1516767/5000000 | Win rate (rollout): 0.50 | Loss: 0.220 | Opp label coverage: 0.89
Step 1517279/5000000 | Win rate (rollout): 0.38 | Loss: 0.191 | Opp label coverage: 0.82
Step 1517791/5000000 | Win rate (rollout): 0.40 | Loss: 0.179 | Opp label coverage: 0.90
Step 1518306/5000000 | Win rate (rollout): 0.47 | Loss: 0.249 | Opp label coverage: 0.89
Step 1518818/5000000 | Win rate (rollout): 0.33 | Loss: 0.160 | Opp label coverage: 0.83
Step 1519334/5000000 | Win rate (rollout): 0.22 | Loss: 0.165 | Opp label coverage: 0.87
Step 1519848/5000000 | Win rate (rollout): 0.31 | Loss: 0.159 | Opp label coverage: 0.90
Step 1520362/5000000 | Win rate (rollout): 0.58 | Loss: 0.229 | Opp label coverage: 0.89
Step 1520877/5000000 | Win rate (rollout): 0.36 | Loss: 0.193 | Opp label coverage: 0.90
Step 1521390/5000000 | Win rate (rollout): 0.53 | Loss: 0.118 | Opp label coverage: 0.90
Step 1521902/5000000 | Win rate (rollout): 0.36 | Loss: 0.197 | Opp label coverage: 0.78
Step 1522414/5000000 | Win rate (rollout): 0.37 | Loss: 0.220 | Opp label coverage: 0.79
Step 1522926/5000000 | Win rate (rollout): 0.53 | Loss: 0.172 | Opp label coverage: 0.82
Step 1523445/5000000 | Win rate (rollout): 0.33 | Loss: 0.223 | Opp label coverage: 0.89
Step 1523957/5000000 | Win rate (rollout): 0.30 | Loss: 0.186 | Opp label coverage: 0.81
Step 1524475/5000000 | Win rate (rollout): 0.33 | Loss: 0.196 | Opp label coverage: 0.88
Step 1524990/5000000 | Win rate (rollout): 0.67 | Loss: 0.205 | Opp label coverage: 0.90
Step 1525508/5000000 | Win rate (rollout): 0.55 | Loss: 0.217 | Opp label coverage: 0.93
Step 1526021/5000000 | Win rate (rollout): 0.36 | Loss: 0.282 | Opp label coverage: 0.90
Step 1526533/5000000 | Win rate (rollout): 0.54 | Loss: 0.192 | Opp label coverage: 0.85
Step 1527045/5000000 | Win rate (rollout): 0.53 | Loss: 0.192 | Opp label coverage: 0.80
Step 1527557/5000000 | Win rate (rollout): 0.67 | Loss: 0.208 | Opp label coverage: 0.81
Step 1528069/5000000 | Win rate (rollout): 0.40 | Loss: 0.153 | Opp label coverage: 0.80
Step 1528588/5000000 | Win rate (rollout): 0.55 | Loss: 0.251 | Opp label coverage: 0.90
Step 1529100/5000000 | Win rate (rollout): 0.36 | Loss: 0.178 | Opp label coverage: 0.84
Step 1529612/5000000 | Win rate (rollout): 0.38 | Loss: 0.177 | Opp label coverage: 0.84
Step 1530125/5000000 | Win rate (rollout): 0.42 | Loss: 0.240 | Opp label coverage: 0.89
Step 1530637/5000000 | Win rate (rollout): 0.50 | Loss: 0.201 | Opp label coverage: 0.90
Step 1531155/5000000 | Win rate (rollout): 0.27 | Loss: 0.216 | Opp label coverage: 0.88
Step 1531667/5000000 | Win rate (rollout): 0.36 | Loss: 0.176 | Opp label coverage: 0.79
Step 1532181/5000000 | Win rate (rollout): 0.44 | Loss: 0.145 | Opp label coverage: 0.89
Step 1532699/5000000 | Win rate (rollout): 0.46 | Loss: 0.197 | Opp label coverage: 0.89
Step 1533216/5000000 | Win rate (rollout): 0.86 | Loss: 0.197 | Opp label coverage: 0.90
Step 1533728/5000000 | Win rate (rollout): 0.60 | Loss: 0.192 | Opp label coverage: 0.84
Step 1534245/5000000 | Win rate (rollout): 0.62 | Loss: 0.165 | Opp label coverage: 0.91
Step 1534762/5000000 | Win rate (rollout): 0.75 | Loss: 0.164 | Opp label coverage: 0.91
Step 1535278/5000000 | Win rate (rollout): 0.42 | Loss: 0.175 | Opp label coverage: 0.91
Step 1535790/5000000 | Win rate (rollout): 0.50 | Loss: 0.176 | Opp label coverage: 0.81
Step 1536302/5000000 | Win rate (rollout): 0.47 | Loss: 0.196 | Opp label coverage: 0.76
Step 1536814/5000000 | Win rate (rollout): 0.50 | Loss: 0.213 | Opp label coverage: 0.83
Step 1537326/5000000 | Win rate (rollout): 0.33 | Loss: 0.200 | Opp label coverage: 0.81
Step 1537838/5000000 | Win rate (rollout): 0.62 | Loss: 0.174 | Opp label coverage: 0.80
Step 1538350/5000000 | Win rate (rollout): 0.57 | Loss: 0.171 | Opp label coverage: 0.82
Step 1538862/5000000 | Win rate (rollout): 0.67 | Loss: 0.187 | Opp label coverage: 0.78
Step 1539379/5000000 | Win rate (rollout): 0.60 | Loss: 0.166 | Opp label coverage: 0.90
Step 1539891/5000000 | Win rate (rollout): 0.56 | Loss: 0.196 | Opp label coverage: 0.83
Step 1540403/5000000 | Win rate (rollout): 0.50 | Loss: 0.214 | Opp label coverage: 0.82
Step 1540915/5000000 | Win rate (rollout): 0.56 | Loss: 0.162 | Opp label coverage: 0.88
Step 1541427/5000000 | Win rate (rollout): 0.70 | Loss: 0.174 | Opp label coverage: 0.82
Step 1541939/5000000 | Win rate (rollout): 0.44 | Loss: 0.191 | Opp label coverage: 0.82
Step 1542455/5000000 | Win rate (rollout): 0.64 | Loss: 0.288 | Opp label coverage: 0.89
Step 1542968/5000000 | Win rate (rollout): 0.57 | Loss: 0.231 | Opp label coverage: 0.89
Step 1543480/5000000 | Win rate (rollout): 1.00 | Loss: 0.153 | Opp label coverage: 0.79
Step 1543992/5000000 | Win rate (rollout): 0.33 | Loss: 0.189 | Opp label coverage: 0.80
Step 1544504/5000000 | Win rate (rollout): 0.47 | Loss: 0.178 | Opp label coverage: 0.80
Step 1545017/5000000 | Win rate (rollout): 0.54 | Loss: 0.179 | Opp label coverage: 0.88
Step 1545530/5000000 | Win rate (rollout): 0.57 | Loss: 0.218 | Opp label coverage: 0.89
Step 1546044/5000000 | Win rate (rollout): 0.53 | Loss: 0.182 | Opp label coverage: 0.89
Step 1546556/5000000 | Win rate (rollout): 0.56 | Loss: 0.177 | Opp label coverage: 0.77
Step 1547068/5000000 | Win rate (rollout): 0.33 | Loss: 0.216 | Opp label coverage: 0.80
Step 1547580/5000000 | Win rate (rollout): 0.29 | Loss: 0.187 | Opp label coverage: 0.83
Step 1548092/5000000 | Win rate (rollout): 0.67 | Loss: 0.191 | Opp label coverage: 0.84
Step 1548605/5000000 | Win rate (rollout): 0.56 | Loss: 0.193 | Opp label coverage: 0.89
Step 1549124/5000000 | Win rate (rollout): 0.31 | Loss: 0.209 | Opp label coverage: 0.88
Step 1549639/5000000 | Win rate (rollout): 0.42 | Loss: 0.221 | Opp label coverage: 0.89
Step 1550151/5000000 | Win rate (rollout): 0.57 | Loss: 0.207 | Opp label coverage: 0.84
Step 1550664/5000000 | Win rate (rollout): 0.33 | Loss: 0.275 | Opp label coverage: 0.89
Step 1551176/5000000 | Win rate (rollout): 0.33 | Loss: 0.149 | Opp label coverage: 0.85
Step 1551688/5000000 | Win rate (rollout): 0.62 | Loss: 0.190 | Opp label coverage: 0.84
Step 1552200/5000000 | Win rate (rollout): 0.58 | Loss: 0.167 | Opp label coverage: 0.80
Step 1552712/5000000 | Win rate (rollout): 0.70 | Loss: 0.171 | Opp label coverage: 0.83
Step 1553224/5000000 | Win rate (rollout): 0.75 | Loss: 0.169 | Opp label coverage: 0.84
Step 1553740/5000000 | Win rate (rollout): 0.40 | Loss: 0.248 | Opp label coverage: 0.89
Step 1554257/5000000 | Win rate (rollout): 0.53 | Loss: 0.206 | Opp label coverage: 0.88
Step 1554769/5000000 | Win rate (rollout): 0.92 | Loss: 0.195 | Opp label coverage: 0.82
Step 1555282/5000000 | Win rate (rollout): 0.30 | Loss: 0.164 | Opp label coverage: 0.88
Step 1555794/5000000 | Win rate (rollout): 0.50 | Loss: 0.189 | Opp label coverage: 0.82
Step 1556306/5000000 | Win rate (rollout): 0.77 | Loss: 0.208 | Opp label coverage: 0.85
Step 1556818/5000000 | Win rate (rollout): 0.33 | Loss: 0.172 | Opp label coverage: 0.82
Step 1557335/5000000 | Win rate (rollout): 0.45 | Loss: 0.145 | Opp label coverage: 0.90
Step 1557849/5000000 | Win rate (rollout): 0.25 | Loss: 0.194 | Opp label coverage: 0.91
Step 1558361/5000000 | Win rate (rollout): 0.50 | Loss: 0.199 | Opp label coverage: 0.88
Step 1558879/5000000 | Win rate (rollout): 0.62 | Loss: 0.220 | Opp label coverage: 0.89
Step 1559391/5000000 | Win rate (rollout): 0.30 | Loss: 0.178 | Opp label coverage: 0.82
Step 1559903/5000000 | Win rate (rollout): 0.78 | Loss: 0.197 | Opp label coverage: 0.83
Step 1560415/5000000 | Win rate (rollout): 0.67 | Loss: 0.191 | Opp label coverage: 0.82
Step 1560931/5000000 | Win rate (rollout): 0.88 | Loss: 0.256 | Opp label coverage: 0.91
Step 1561445/5000000 | Win rate (rollout): 0.44 | Loss: 0.214 | Opp label coverage: 0.89
Step 1561961/5000000 | Win rate (rollout): 0.27 | Loss: 0.211 | Opp label coverage: 0.90
Step 1562473/5000000 | Win rate (rollout): 0.50 | Loss: 0.226 | Opp label coverage: 0.78
Step 1562988/5000000 | Win rate (rollout): 0.33 | Loss: 0.231 | Opp label coverage: 0.88
Step 1563500/5000000 | Win rate (rollout): 0.58 | Loss: 0.212 | Opp label coverage: 0.83
Step 1564012/5000000 | Win rate (rollout): 0.37 | Loss: 0.187 | Opp label coverage: 0.81
Step 1564524/5000000 | Win rate (rollout): 0.30 | Loss: 0.198 | Opp label coverage: 0.88
Step 1565036/5000000 | Win rate (rollout): 0.62 | Loss: 0.238 | Opp label coverage: 0.80
Step 1565548/5000000 | Win rate (rollout): 0.50 | Loss: 0.148 | Opp label coverage: 0.87
Step 1566060/5000000 | Win rate (rollout): 0.45 | Loss: 0.201 | Opp label coverage: 0.89
Step 1566577/5000000 | Win rate (rollout): 0.69 | Loss: 0.218 | Opp label coverage: 0.88
Step 1567090/5000000 | Win rate (rollout): 0.62 | Loss: 0.118 | Opp label coverage: 0.90
Step 1567602/5000000 | Win rate (rollout): 0.31 | Loss: 0.203 | Opp label coverage: 0.85
Step 1568121/5000000 | Win rate (rollout): 0.44 | Loss: 0.226 | Opp label coverage: 0.89
Step 1568634/5000000 | Win rate (rollout): 0.45 | Loss: 0.198 | Opp label coverage: 0.92
Step 1569146/5000000 | Win rate (rollout): 0.38 | Loss: 0.176 | Opp label coverage: 0.83
Step 1569658/5000000 | Win rate (rollout): 0.54 | Loss: 0.204 | Opp label coverage: 0.81
Step 1570171/5000000 | Win rate (rollout): 0.56 | Loss: 0.170 | Opp label coverage: 0.91
Step 1570683/5000000 | Win rate (rollout): 0.27 | Loss: 0.183 | Opp label coverage: 0.84
Step 1571201/5000000 | Win rate (rollout): 0.33 | Loss: 0.170 | Opp label coverage: 0.87
Step 1571713/5000000 | Win rate (rollout): 0.55 | Loss: 0.193 | Opp label coverage: 0.83
Step 1572225/5000000 | Win rate (rollout): 0.50 | Loss: 0.199 | Opp label coverage: 0.90
Step 1572737/5000000 | Win rate (rollout): 0.67 | Loss: 0.168 | Opp label coverage: 0.86
Step 1573251/5000000 | Win rate (rollout): 0.54 | Loss: 0.234 | Opp label coverage: 0.88
Step 1573769/5000000 | Win rate (rollout): 0.64 | Loss: 0.164 | Opp label coverage: 0.91
Step 1574282/5000000 | Win rate (rollout): 0.58 | Loss: 0.231 | Opp label coverage: 0.89
Step 1574796/5000000 | Win rate (rollout): 0.50 | Loss: 0.192 | Opp label coverage: 0.89
Step 1575310/5000000 | Win rate (rollout): 0.38 | Loss: 0.199 | Opp label coverage: 0.91
Step 1575822/5000000 | Win rate (rollout): 0.77 | Loss: 0.211 | Opp label coverage: 0.82
Step 1576334/5000000 | Win rate (rollout): 0.21 | Loss: 0.164 | Opp label coverage: 0.79
Step 1576846/5000000 | Win rate (rollout): 0.33 | Loss: 0.168 | Opp label coverage: 0.79
Step 1577362/5000000 | Win rate (rollout): 0.60 | Loss: 0.222 | Opp label coverage: 0.91
Step 1577874/5000000 | Win rate (rollout): 0.45 | Loss: 0.172 | Opp label coverage: 0.85
Step 1578386/5000000 | Win rate (rollout): 0.46 | Loss: 0.190 | Opp label coverage: 0.84
Step 1578904/5000000 | Win rate (rollout): 0.33 | Loss: 0.188 | Opp label coverage: 0.90
Step 1579416/5000000 | Win rate (rollout): 0.62 | Loss: 0.223 | Opp label coverage: 0.83
Step 1579928/5000000 | Win rate (rollout): 0.59 | Loss: 0.184 | Opp label coverage: 0.86
Step 1580446/5000000 | Win rate (rollout): 0.33 | Loss: 0.219 | Opp label coverage: 0.87
Step 1580958/5000000 | Win rate (rollout): 0.78 | Loss: 0.190 | Opp label coverage: 0.85
Step 1581472/5000000 | Win rate (rollout): 0.44 | Loss: 0.185 | Opp label coverage: 0.88
Step 1581988/5000000 | Win rate (rollout): 0.53 | Loss: 0.139 | Opp label coverage: 0.89
Step 1582500/5000000 | Win rate (rollout): 0.70 | Loss: 0.201 | Opp label coverage: 0.84
Step 1583016/5000000 | Win rate (rollout): 0.42 | Loss: 0.240 | Opp label coverage: 0.89
Step 1583534/5000000 | Win rate (rollout): 0.46 | Loss: 0.197 | Opp label coverage: 0.89
Step 1584046/5000000 | Win rate (rollout): 0.33 | Loss: 0.199 | Opp label coverage: 0.84
Step 1584558/5000000 | Win rate (rollout): 0.50 | Loss: 0.215 | Opp label coverage: 0.89
Step 1585070/5000000 | Win rate (rollout): 0.38 | Loss: 0.166 | Opp label coverage: 0.81
Step 1585583/5000000 | Win rate (rollout): 0.60 | Loss: 0.157 | Opp label coverage: 0.89
Step 1586095/5000000 | Win rate (rollout): 0.42 | Loss: 0.193 | Opp label coverage: 0.80
Step 1586610/5000000 | Win rate (rollout): 0.82 | Loss: 0.219 | Opp label coverage: 0.92
Step 1587124/5000000 | Win rate (rollout): 0.54 | Loss: 0.197 | Opp label coverage: 0.89
Step 1587636/5000000 | Win rate (rollout): 0.36 | Loss: 0.197 | Opp label coverage: 0.84
Step 1588148/5000000 | Win rate (rollout): 0.50 | Loss: 0.211 | Opp label coverage: 0.82
Step 1588666/5000000 | Win rate (rollout): 0.40 | Loss: 0.162 | Opp label coverage: 0.88
Step 1589178/5000000 | Win rate (rollout): 0.73 | Loss: 0.174 | Opp label coverage: 0.84
Step 1589691/5000000 | Win rate (rollout): 0.67 | Loss: 0.150 | Opp label coverage: 0.91
Step 1590204/5000000 | Win rate (rollout): 0.64 | Loss: 0.216 | Opp label coverage: 0.90
Step 1590717/5000000 | Win rate (rollout): 0.71 | Loss: 0.199 | Opp label coverage: 0.90
Step 1591229/5000000 | Win rate (rollout): 0.53 | Loss: 0.199 | Opp label coverage: 0.82
Step 1591741/5000000 | Win rate (rollout): 0.71 | Loss: 0.159 | Opp label coverage: 0.85
Step 1592253/5000000 | Win rate (rollout): 0.64 | Loss: 0.181 | Opp label coverage: 0.87
Step 1592768/5000000 | Win rate (rollout): 0.36 | Loss: 0.232 | Opp label coverage: 0.90
Step 1593282/5000000 | Win rate (rollout): 0.54 | Loss: 0.200 | Opp label coverage: 0.89
Step 1593794/5000000 | Win rate (rollout): 0.33 | Loss: 0.164 | Opp label coverage: 0.83
Step 1594306/5000000 | Win rate (rollout): 0.67 | Loss: 0.196 | Opp label coverage: 0.84
Step 1594818/5000000 | Win rate (rollout): 0.64 | Loss: 0.158 | Opp label coverage: 0.79
Step 1595330/5000000 | Win rate (rollout): 0.50 | Loss: 0.213 | Opp label coverage: 0.77
Step 1595847/5000000 | Win rate (rollout): 0.50 | Loss: 0.197 | Opp label coverage: 0.89
Step 1596363/5000000 | Win rate (rollout): 0.57 | Loss: 0.189 | Opp label coverage: 0.91
Step 1596878/5000000 | Win rate (rollout): 0.57 | Loss: 0.183 | Opp label coverage: 0.90
Step 1597397/5000000 | Win rate (rollout): 0.62 | Loss: 0.212 | Opp label coverage: 0.88
Step 1597915/5000000 | Win rate (rollout): 0.57 | Loss: 0.236 | Opp label coverage: 0.90
Step 1598427/5000000 | Win rate (rollout): 0.42 | Loss: 0.186 | Opp label coverage: 0.82
Step 1598943/5000000 | Win rate (rollout): 0.80 | Loss: 0.242 | Opp label coverage: 0.91
Step 1599455/5000000 | Win rate (rollout): 0.53 | Loss: 0.191 | Opp label coverage: 0.85
Step 1599967/5000000 | Win rate (rollout): 0.54 | Loss: 0.184 | Opp label coverage: 0.82
Step 1600486/5000000 | Win rate (rollout): 0.44 | Loss: 0.166 | Opp label coverage: 0.89
Step 1600998/5000000 | Win rate (rollout): 0.38 | Loss: 0.178 | Opp label coverage: 0.88
Step 1601516/5000000 | Win rate (rollout): 0.36 | Loss: 0.181 | Opp label coverage: 0.88
Step 1602028/5000000 | Win rate (rollout): 0.57 | Loss: 0.201 | Opp label coverage: 0.83
Step 1602540/5000000 | Win rate (rollout): 0.69 | Loss: 0.200 | Opp label coverage: 0.83
Step 1603052/5000000 | Win rate (rollout): 0.31 | Loss: 0.183 | Opp label coverage: 0.82
Step 1603564/5000000 | Win rate (rollout): 0.64 | Loss: 0.206 | Opp label coverage: 0.81
Step 1604078/5000000 | Win rate (rollout): 0.73 | Loss: 0.257 | Opp label coverage: 0.91
Step 1604590/5000000 | Win rate (rollout): 0.56 | Loss: 0.207 | Opp label coverage: 0.85
Step 1605106/5000000 | Win rate (rollout): 0.20 | Loss: 0.187 | Opp label coverage: 0.88
Step 1605618/5000000 | Win rate (rollout): 0.40 | Loss: 0.192 | Opp label coverage: 0.88
Step 1606131/5000000 | Win rate (rollout): 0.27 | Loss: 0.198 | Opp label coverage: 0.91
Step 1606643/5000000 | Win rate (rollout): 0.45 | Loss: 0.206 | Opp label coverage: 0.79
Step 1607155/5000000 | Win rate (rollout): 0.62 | Loss: 0.159 | Opp label coverage: 0.83
Step 1607670/5000000 | Win rate (rollout): 0.33 | Loss: 0.201 | Opp label coverage: 0.88
Step 1608182/5000000 | Win rate (rollout): 0.58 | Loss: 0.217 | Opp label coverage: 0.84
Step 1608694/5000000 | Win rate (rollout): 0.25 | Loss: 0.151 | Opp label coverage: 0.84
Step 1609206/5000000 | Win rate (rollout): 0.50 | Loss: 0.193 | Opp label coverage: 0.85
Step 1609723/5000000 | Win rate (rollout): 0.33 | Loss: 0.292 | Opp label coverage: 0.89
Step 1610235/5000000 | Win rate (rollout): 0.53 | Loss: 0.214 | Opp label coverage: 0.89
Step 1610747/5000000 | Win rate (rollout): 0.50 | Loss: 0.159 | Opp label coverage: 0.86
Step 1611259/5000000 | Win rate (rollout): 0.50 | Loss: 0.182 | Opp label coverage: 0.90
Step 1611771/5000000 | Win rate (rollout): 0.50 | Loss: 0.183 | Opp label coverage: 0.92
Step 1612288/5000000 | Win rate (rollout): 0.50 | Loss: 0.187 | Opp label coverage: 0.89
Step 1612800/5000000 | Win rate (rollout): 0.57 | Loss: 0.176 | Opp label coverage: 0.84
Step 1613312/5000000 | Win rate (rollout): 0.70 | Loss: 0.180 | Opp label coverage: 0.86
Step 1613824/5000000 | Win rate (rollout): 0.83 | Loss: 0.191 | Opp label coverage: 0.82
Step 1614336/5000000 | Win rate (rollout): 0.60 | Loss: 0.192 | Opp label coverage: 0.89
Step 1614848/5000000 | Win rate (rollout): 0.58 | Loss: 0.176 | Opp label coverage: 0.83
Step 1615362/5000000 | Win rate (rollout): 0.80 | Loss: 0.273 | Opp label coverage: 0.91
Step 1615878/5000000 | Win rate (rollout): 0.31 | Loss: 0.136 | Opp label coverage: 0.87
Step 1616394/5000000 | Win rate (rollout): 0.44 | Loss: 0.273 | Opp label coverage: 0.90
Step 1616909/5000000 | Win rate (rollout): 0.55 | Loss: 0.283 | Opp label coverage: 0.89
Step 1617427/5000000 | Win rate (rollout): 0.20 | Loss: 0.212 | Opp label coverage: 0.87
Step 1617946/5000000 | Win rate (rollout): 0.47 | Loss: 0.184 | Opp label coverage: 0.89
Step 1618458/5000000 | Win rate (rollout): 0.71 | Loss: 0.172 | Opp label coverage: 0.80
Step 1618970/5000000 | Win rate (rollout): 0.55 | Loss: 0.183 | Opp label coverage: 0.80
Step 1619485/5000000 | Win rate (rollout): 0.89 | Loss: 0.240 | Opp label coverage: 0.92
Step 1619997/5000000 | Win rate (rollout): 0.56 | Loss: 0.177 | Opp label coverage: 0.85
Step 1620509/5000000 | Win rate (rollout): 0.43 | Loss: 0.187 | Opp label coverage: 0.81
Step 1621025/5000000 | Win rate (rollout): 0.64 | Loss: 0.156 | Opp label coverage: 0.90
Step 1621537/5000000 | Win rate (rollout): 0.29 | Loss: 0.211 | Opp label coverage: 0.85
Step 1622051/5000000 | Win rate (rollout): 0.25 | Loss: 0.224 | Opp label coverage: 0.89
Step 1622563/5000000 | Win rate (rollout): 0.38 | Loss: 0.180 | Opp label coverage: 0.84
Step 1623076/5000000 | Win rate (rollout): 0.30 | Loss: 0.194 | Opp label coverage: 0.90
Step 1623593/5000000 | Win rate (rollout): 0.25 | Loss: 0.148 | Opp label coverage: 0.90
Step 1624105/5000000 | Win rate (rollout): 0.36 | Loss: 0.190 | Opp label coverage: 0.83
Step 1624623/5000000 | Win rate (rollout): 0.43 | Loss: 0.198 | Opp label coverage: 0.89
Step 1625135/5000000 | Win rate (rollout): 0.62 | Loss: 0.206 | Opp label coverage: 0.84
Step 1625651/5000000 | Win rate (rollout): 0.40 | Loss: 0.233 | Opp label coverage: 0.89
Step 1626163/5000000 | Win rate (rollout): 0.75 | Loss: 0.167 | Opp label coverage: 0.82
Step 1626675/5000000 | Win rate (rollout): 0.50 | Loss: 0.192 | Opp label coverage: 0.82
Step 1627188/5000000 | Win rate (rollout): 0.67 | Loss: 0.177 | Opp label coverage: 0.91
Step 1627700/5000000 | Win rate (rollout): 0.62 | Loss: 0.202 | Opp label coverage: 0.82
Step 1628212/5000000 | Win rate (rollout): 0.55 | Loss: 0.194 | Opp label coverage: 0.84
Step 1628730/5000000 | Win rate (rollout): 0.45 | Loss: 0.208 | Opp label coverage: 0.89
Step 1629245/5000000 | Win rate (rollout): 0.62 | Loss: 0.238 | Opp label coverage: 0.91
Step 1629757/5000000 | Win rate (rollout): 0.33 | Loss: 0.178 | Opp label coverage: 0.83
Step 1630269/5000000 | Win rate (rollout): 0.90 | Loss: 0.182 | Opp label coverage: 0.85
Step 1630784/5000000 | Win rate (rollout): 0.40 | Loss: 0.177 | Opp label coverage: 0.89
Step 1631296/5000000 | Win rate (rollout): 0.38 | Loss: 0.182 | Opp label coverage: 0.84
Step 1631808/5000000 | Win rate (rollout): 0.35 | Loss: 0.192 | Opp label coverage: 0.81
Step 1632320/5000000 | Win rate (rollout): 1.00 | Loss: 0.180 | Opp label coverage: 0.83
Step 1632832/5000000 | Win rate (rollout): 0.86 | Loss: 0.165 | Opp label coverage: 0.86
Step 1633347/5000000 | Win rate (rollout): 0.36 | Loss: 0.214 | Opp label coverage: 0.87
Step 1633859/5000000 | Win rate (rollout): 0.55 | Loss: 0.175 | Opp label coverage: 0.79
Step 1634371/5000000 | Win rate (rollout): 0.31 | Loss: 0.209 | Opp label coverage: 0.82
Step 1634889/5000000 | Win rate (rollout): 0.30 | Loss: 0.187 | Opp label coverage: 0.87
Step 1635406/5000000 | Win rate (rollout): 0.44 | Loss: 0.252 | Opp label coverage: 0.88
Step 1635924/5000000 | Win rate (rollout): 0.43 | Loss: 0.160 | Opp label coverage: 0.89
Step 1636441/5000000 | Win rate (rollout): 0.57 | Loss: 0.195 | Opp label coverage: 0.89
Step 1636953/5000000 | Win rate (rollout): 0.36 | Loss: 0.204 | Opp label coverage: 0.79
Step 1637465/5000000 | Win rate (rollout): 0.89 | Loss: 0.187 | Opp label coverage: 0.81
Step 1637980/5000000 | Win rate (rollout): 0.56 | Loss: 0.117 | Opp label coverage: 0.89
Step 1638492/5000000 | Win rate (rollout): 0.38 | Loss: 0.201 | Opp label coverage: 0.78
Step 1639010/5000000 | Win rate (rollout): 0.69 | Loss: 0.233 | Opp label coverage: 0.89
Step 1639522/5000000 | Win rate (rollout): 0.57 | Loss: 0.173 | Opp label coverage: 0.86
Step 1640034/5000000 | Win rate (rollout): 0.70 | Loss: 0.176 | Opp label coverage: 0.88
Step 1640547/5000000 | Win rate (rollout): 0.47 | Loss: 0.203 | Opp label coverage: 0.89
Step 1641059/5000000 | Win rate (rollout): 0.62 | Loss: 0.173 | Opp label coverage: 0.85
Step 1641571/5000000 | Win rate (rollout): 0.54 | Loss: 0.198 | Opp label coverage: 0.79
Step 1642085/5000000 | Win rate (rollout): 0.78 | Loss: 0.202 | Opp label coverage: 0.90
Step 1642602/5000000 | Win rate (rollout): 0.56 | Loss: 0.161 | Opp label coverage: 0.87
Step 1643114/5000000 | Win rate (rollout): 0.36 | Loss: 0.197 | Opp label coverage: 0.84
Step 1643626/5000000 | Win rate (rollout): 0.82 | Loss: 0.206 | Opp label coverage: 0.85
Step 1644141/5000000 | Win rate (rollout): 0.60 | Loss: 0.237 | Opp label coverage: 0.90
Step 1644653/5000000 | Win rate (rollout): 0.75 | Loss: 0.180 | Opp label coverage: 0.83
Step 1645166/5000000 | Win rate (rollout): 0.40 | Loss: 0.176 | Opp label coverage: 0.89
Step 1645678/5000000 | Win rate (rollout): 0.45 | Loss: 0.203 | Opp label coverage: 0.84
Step 1646193/5000000 | Win rate (rollout): 0.40 | Loss: 0.200 | Opp label coverage: 0.87
Step 1646711/5000000 | Win rate (rollout): 0.40 | Loss: 0.215 | Opp label coverage: 0.89
Step 1647225/5000000 | Win rate (rollout): 0.21 | Loss: 0.217 | Opp label coverage: 0.89
Step 1647737/5000000 | Win rate (rollout): 0.33 | Loss: 0.175 | Opp label coverage: 0.83
Step 1648249/5000000 | Win rate (rollout): 0.60 | Loss: 0.200 | Opp label coverage: 0.84
Step 1648761/5000000 | Win rate (rollout): 0.23 | Loss: 0.198 | Opp label coverage: 0.75
Step 1649273/5000000 | Win rate (rollout): 0.80 | Loss: 0.203 | Opp label coverage: 0.85
Step 1649785/5000000 | Win rate (rollout): 0.73 | Loss: 0.173 | Opp label coverage: 0.89
Step 1650297/5000000 | Win rate (rollout): 0.58 | Loss: 0.165 | Opp label coverage: 0.81
Step 1650809/5000000 | Win rate (rollout): 0.44 | Loss: 0.208 | Opp label coverage: 0.81
Step 1651321/5000000 | Win rate (rollout): 0.40 | Loss: 0.185 | Opp label coverage: 0.82
Step 1651834/5000000 | Win rate (rollout): 1.00 | Loss: 0.209 | Opp label coverage: 0.93
Step 1652350/5000000 | Win rate (rollout): 0.36 | Loss: 0.226 | Opp label coverage: 0.91
Step 1652862/5000000 | Win rate (rollout): 0.50 | Loss: 0.177 | Opp label coverage: 0.86
Step 1653374/5000000 | Win rate (rollout): 0.56 | Loss: 0.209 | Opp label coverage: 0.89
Step 1653886/5000000 | Win rate (rollout): 0.50 | Loss: 0.221 | Opp label coverage: 0.83
Step 1654398/5000000 | Win rate (rollout): 0.73 | Loss: 0.187 | Opp label coverage: 0.81
Step 1654915/5000000 | Win rate (rollout): 0.60 | Loss: 0.184 | Opp label coverage: 0.88
Step 1655427/5000000 | Win rate (rollout): 0.44 | Loss: 0.214 | Opp label coverage: 0.88
Step 1655939/5000000 | Win rate (rollout): 0.33 | Loss: 0.216 | Opp label coverage: 0.80
Step 1656451/5000000 | Win rate (rollout): 0.33 | Loss: 0.179 | Opp label coverage: 0.80
Step 1656963/5000000 | Win rate (rollout): 0.29 | Loss: 0.186 | Opp label coverage: 0.79
Step 1657476/5000000 | Win rate (rollout): 0.40 | Loss: 0.144 | Opp label coverage: 0.89
Step 1657988/5000000 | Win rate (rollout): 0.86 | Loss: 0.177 | Opp label coverage: 0.79
Step 1658500/5000000 | Win rate (rollout): 0.42 | Loss: 0.188 | Opp label coverage: 0.85
Step 1659015/5000000 | Win rate (rollout): 0.56 | Loss: 0.184 | Opp label coverage: 0.90
Step 1659532/5000000 | Win rate (rollout): 0.64 | Loss: 0.177 | Opp label coverage: 0.91
Step 1660050/5000000 | Win rate (rollout): 0.43 | Loss: 0.236 | Opp label coverage: 0.90
Step 1660566/5000000 | Win rate (rollout): 0.50 | Loss: 0.190 | Opp label coverage: 0.89
Step 1661080/5000000 | Win rate (rollout): 0.50 | Loss: 0.231 | Opp label coverage: 0.90
Step 1661592/5000000 | Win rate (rollout): 0.90 | Loss: 0.191 | Opp label coverage: 0.82
Step 1662108/5000000 | Win rate (rollout): 0.45 | Loss: 0.238 | Opp label coverage: 0.88
Step 1662623/5000000 | Win rate (rollout): 0.33 | Loss: 0.236 | Opp label coverage: 0.91
Step 1663135/5000000 | Win rate (rollout): 0.42 | Loss: 0.176 | Opp label coverage: 0.82
Step 1663647/5000000 | Win rate (rollout): 0.67 | Loss: 0.172 | Opp label coverage: 0.81
Step 1664159/5000000 | Win rate (rollout): 0.83 | Loss: 0.162 | Opp label coverage: 0.82
Step 1664673/5000000 | Win rate (rollout): 0.67 | Loss: 0.190 | Opp label coverage: 0.89
Step 1665187/5000000 | Win rate (rollout): 0.56 | Loss: 0.206 | Opp label coverage: 0.91
Step 1665699/5000000 | Win rate (rollout): 0.73 | Loss: 0.182 | Opp label coverage: 0.87
Step 1666211/5000000 | Win rate (rollout): 0.67 | Loss: 0.209 | Opp label coverage: 0.85
Step 1666725/5000000 | Win rate (rollout): 0.54 | Loss: 0.172 | Opp label coverage: 0.89
Step 1667241/5000000 | Win rate (rollout): 0.21 | Loss: 0.233 | Opp label coverage: 0.89
Step 1667753/5000000 | Win rate (rollout): 0.57 | Loss: 0.184 | Opp label coverage: 0.89
Step 1668272/5000000 | Win rate (rollout): 0.36 | Loss: 0.159 | Opp label coverage: 0.90
Step 1668785/5000000 | Win rate (rollout): 0.60 | Loss: 0.231 | Opp label coverage: 0.90
Step 1669297/5000000 | Win rate (rollout): 0.15 | Loss: 0.168 | Opp label coverage: 0.82
Step 1669811/5000000 | Win rate (rollout): 0.62 | Loss: 0.118 | Opp label coverage: 0.91
Step 1670323/5000000 | Win rate (rollout): 0.25 | Loss: 0.187 | Opp label coverage: 0.80
Step 1670840/5000000 | Win rate (rollout): 0.69 | Loss: 0.194 | Opp label coverage: 0.88
Step 1671357/5000000 | Win rate (rollout): 0.38 | Loss: 0.205 | Opp label coverage: 0.87
Step 1671869/5000000 | Win rate (rollout): 0.75 | Loss: 0.198 | Opp label coverage: 0.82
Step 1672388/5000000 | Win rate (rollout): 0.89 | Loss: 0.186 | Opp label coverage: 0.91
Step 1672903/5000000 | Win rate (rollout): 0.53 | Loss: 0.204 | Opp label coverage: 0.90
Step 1673415/5000000 | Win rate (rollout): 0.30 | Loss: 0.179 | Opp label coverage: 0.85
Step 1673927/5000000 | Win rate (rollout): 0.44 | Loss: 0.195 | Opp label coverage: 0.83
Step 1674440/5000000 | Win rate (rollout): 0.73 | Loss: 0.268 | Opp label coverage: 0.90
Step 1674952/5000000 | Win rate (rollout): 0.78 | Loss: 0.178 | Opp label coverage: 0.79
Step 1675464/5000000 | Win rate (rollout): 0.86 | Loss: 0.154 | Opp label coverage: 0.92
Step 1675976/5000000 | Win rate (rollout): 0.38 | Loss: 0.206 | Opp label coverage: 0.81
Step 1676488/5000000 | Win rate (rollout): 0.71 | Loss: 0.178 | Opp label coverage: 0.84
Step 1677002/5000000 | Win rate (rollout): 0.55 | Loss: 0.199 | Opp label coverage: 0.90
Step 1677520/5000000 | Win rate (rollout): 0.38 | Loss: 0.197 | Opp label coverage: 0.87
Step 1678035/5000000 | Win rate (rollout): 0.41 | Loss: 0.176 | Opp label coverage: 0.90
Step 1678552/5000000 | Win rate (rollout): 0.64 | Loss: 0.183 | Opp label coverage: 0.91
Step 1679069/5000000 | Win rate (rollout): 0.46 | Loss: 0.168 | Opp label coverage: 0.89
Step 1679581/5000000 | Win rate (rollout): 0.71 | Loss: 0.163 | Opp label coverage: 0.81
Step 1680093/5000000 | Win rate (rollout): 0.67 | Loss: 0.188 | Opp label coverage: 0.75
Step 1680606/5000000 | Win rate (rollout): 0.44 | Loss: 0.193 | Opp label coverage: 0.90
Step 1681118/5000000 | Win rate (rollout): 0.36 | Loss: 0.194 | Opp label coverage: 0.80
Step 1681630/5000000 | Win rate (rollout): 0.56 | Loss: 0.195 | Opp label coverage: 0.84
Step 1682142/5000000 | Win rate (rollout): 0.53 | Loss: 0.209 | Opp label coverage: 0.80
Step 1682654/5000000 | Win rate (rollout): 0.38 | Loss: 0.215 | Opp label coverage: 0.82
Step 1683170/5000000 | Win rate (rollout): 0.50 | Loss: 0.232 | Opp label coverage: 0.89
Step 1683685/5000000 | Win rate (rollout): 0.67 | Loss: 0.152 | Opp label coverage: 0.90
Step 1684197/5000000 | Win rate (rollout): 0.55 | Loss: 0.205 | Opp label coverage: 0.89
Step 1684709/5000000 | Win rate (rollout): 0.38 | Loss: 0.181 | Opp label coverage: 0.85
Step 1685221/5000000 | Win rate (rollout): 0.33 | Loss: 0.181 | Opp label coverage: 0.78
Step 1685738/5000000 | Win rate (rollout): 0.22 | Loss: 0.188 | Opp label coverage: 0.91
Step 1686257/5000000 | Win rate (rollout): 0.57 | Loss: 0.206 | Opp label coverage: 0.89
Step 1686769/5000000 | Win rate (rollout): 0.67 | Loss: 0.174 | Opp label coverage: 0.82
Step 1687282/5000000 | Win rate (rollout): 0.67 | Loss: 0.212 | Opp label coverage: 0.90
Step 1687799/5000000 | Win rate (rollout): 0.30 | Loss: 0.211 | Opp label coverage: 0.89
Step 1688311/5000000 | Win rate (rollout): 0.43 | Loss: 0.204 | Opp label coverage: 0.90
Step 1688823/5000000 | Win rate (rollout): 0.42 | Loss: 0.206 | Opp label coverage: 0.82
Step 1689336/5000000 | Win rate (rollout): 0.50 | Loss: 0.259 | Opp label coverage: 0.89
Step 1689848/5000000 | Win rate (rollout): 0.50 | Loss: 0.171 | Opp label coverage: 0.78
Step 1690365/5000000 | Win rate (rollout): 0.22 | Loss: 0.155 | Opp label coverage: 0.89
Step 1690879/5000000 | Win rate (rollout): 0.47 | Loss: 0.248 | Opp label coverage: 0.90
Step 1691396/5000000 | Win rate (rollout): 0.58 | Loss: 0.237 | Opp label coverage: 0.89
Step 1691908/5000000 | Win rate (rollout): 0.69 | Loss: 0.199 | Opp label coverage: 0.84
Step 1692420/5000000 | Win rate (rollout): 0.67 | Loss: 0.186 | Opp label coverage: 0.82
Step 1692936/5000000 | Win rate (rollout): 0.36 | Loss: 0.207 | Opp label coverage: 0.89
Step 1693448/5000000 | Win rate (rollout): 0.50 | Loss: 0.207 | Opp label coverage: 0.89
Step 1693963/5000000 | Win rate (rollout): 0.38 | Loss: 0.192 | Opp label coverage: 0.90
Step 1694475/5000000 | Win rate (rollout): 0.22 | Loss: 0.195 | Opp label coverage: 0.80
Step 1694987/5000000 | Win rate (rollout): 0.39 | Loss: 0.221 | Opp label coverage: 0.83
Step 1695499/5000000 | Win rate (rollout): 0.39 | Loss: 0.203 | Opp label coverage: 0.84
Step 1696012/5000000 | Win rate (rollout): 0.73 | Loss: 0.252 | Opp label coverage: 0.88
Step 1696524/5000000 | Win rate (rollout): 0.53 | Loss: 0.191 | Opp label coverage: 0.89
Step 1697036/5000000 | Win rate (rollout): 0.57 | Loss: 0.162 | Opp label coverage: 0.80
Step 1697554/5000000 | Win rate (rollout): 0.50 | Loss: 0.213 | Opp label coverage: 0.89
Step 1698067/5000000 | Win rate (rollout): 0.57 | Loss: 0.144 | Opp label coverage: 0.88
Step 1698581/5000000 | Win rate (rollout): 0.42 | Loss: 0.143 | Opp label coverage: 0.90
Step 1699093/5000000 | Win rate (rollout): 0.86 | Loss: 0.160 | Opp label coverage: 0.80
Step 1699605/5000000 | Win rate (rollout): 0.38 | Loss: 0.206 | Opp label coverage: 0.83
Step 1700119/5000000 | Win rate (rollout): 0.56 | Loss: 0.189 | Opp label coverage: 0.89
Step 1700631/5000000 | Win rate (rollout): 0.62 | Loss: 0.178 | Opp label coverage: 0.84
Step 1701143/5000000 | Win rate (rollout): 0.18 | Loss: 0.187 | Opp label coverage: 0.82
Step 1701660/5000000 | Win rate (rollout): 0.40 | Loss: 0.212 | Opp label coverage: 0.91
Step 1702175/5000000 | Win rate (rollout): 0.41 | Loss: 0.174 | Opp label coverage: 0.88
Step 1702687/5000000 | Win rate (rollout): 0.56 | Loss: 0.179 | Opp label coverage: 0.85
Step 1703203/5000000 | Win rate (rollout): 0.56 | Loss: 0.220 | Opp label coverage: 0.88
Step 1703715/5000000 | Win rate (rollout): 0.44 | Loss: 0.202 | Opp label coverage: 0.80
Step 1704227/5000000 | Win rate (rollout): 0.50 | Loss: 0.190 | Opp label coverage: 0.82
Step 1704739/5000000 | Win rate (rollout): 0.41 | Loss: 0.191 | Opp label coverage: 0.79
Step 1705251/5000000 | Win rate (rollout): 0.50 | Loss: 0.176 | Opp label coverage: 0.87
Step 1705764/5000000 | Win rate (rollout): 0.64 | Loss: 0.218 | Opp label coverage: 0.89
Step 1706276/5000000 | Win rate (rollout): 0.60 | Loss: 0.211 | Opp label coverage: 0.89
Step 1706790/5000000 | Win rate (rollout): 0.38 | Loss: 0.151 | Opp label coverage: 0.87
Step 1707304/5000000 | Win rate (rollout): 0.50 | Loss: 0.227 | Opp label coverage: 0.89
Step 1707817/5000000 | Win rate (rollout): 0.53 | Loss: 0.100 | Opp label coverage: 0.90
Step 1708332/5000000 | Win rate (rollout): 0.62 | Loss: 0.186 | Opp label coverage: 0.89
Step 1708845/5000000 | Win rate (rollout): 0.50 | Loss: 0.160 | Opp label coverage: 0.90
Step 1709360/5000000 | Win rate (rollout): 0.67 | Loss: 0.208 | Opp label coverage: 0.91
Step 1709872/5000000 | Win rate (rollout): 0.57 | Loss: 0.201 | Opp label coverage: 0.83
Step 1710390/5000000 | Win rate (rollout): 0.67 | Loss: 0.180 | Opp label coverage: 0.90
Step 1710907/5000000 | Win rate (rollout): 0.67 | Loss: 0.155 | Opp label coverage: 0.89
Step 1711422/5000000 | Win rate (rollout): 0.69 | Loss: 0.187 | Opp label coverage: 0.89
Step 1711934/5000000 | Win rate (rollout): 0.42 | Loss: 0.198 | Opp label coverage: 0.83
Step 1712446/5000000 | Win rate (rollout): 0.21 | Loss: 0.173 | Opp label coverage: 0.85
Step 1712958/5000000 | Win rate (rollout): 0.36 | Loss: 0.189 | Opp label coverage: 0.88
Step 1713470/5000000 | Win rate (rollout): 0.67 | Loss: 0.196 | Opp label coverage: 0.81
Step 1713985/5000000 | Win rate (rollout): 0.44 | Loss: 0.160 | Opp label coverage: 0.88
Step 1714497/5000000 | Win rate (rollout): 0.80 | Loss: 0.193 | Opp label coverage: 0.80
Step 1715009/5000000 | Win rate (rollout): 0.55 | Loss: 0.195 | Opp label coverage: 0.84
Step 1715522/5000000 | Win rate (rollout): 0.30 | Loss: 0.222 | Opp label coverage: 0.88
Step 1716034/5000000 | Win rate (rollout): 0.40 | Loss: 0.171 | Opp label coverage: 0.84
Step 1716550/5000000 | Win rate (rollout): 0.50 | Loss: 0.216 | Opp label coverage: 0.90
Step 1717068/5000000 | Win rate (rollout): 0.47 | Loss: 0.187 | Opp label coverage: 0.88
Step 1717586/5000000 | Win rate (rollout): 0.43 | Loss: 0.224 | Opp label coverage: 0.90
Step 1718098/5000000 | Win rate (rollout): 0.67 | Loss: 0.196 | Opp label coverage: 0.91
Step 1718610/5000000 | Win rate (rollout): 0.38 | Loss: 0.187 | Opp label coverage: 0.79
Step 1719126/5000000 | Win rate (rollout): 0.38 | Loss: 0.167 | Opp label coverage: 0.90
Step 1719638/5000000 | Win rate (rollout): 0.58 | Loss: 0.203 | Opp label coverage: 0.79
Step 1720155/5000000 | Win rate (rollout): 0.40 | Loss: 0.190 | Opp label coverage: 0.88
Step 1720667/5000000 | Win rate (rollout): 0.50 | Loss: 0.176 | Opp label coverage: 0.79
Step 1721185/5000000 | Win rate (rollout): 0.38 | Loss: 0.155 | Opp label coverage: 0.90
Step 1721702/5000000 | Win rate (rollout): 0.27 | Loss: 0.189 | Opp label coverage: 0.89
Step 1722214/5000000 | Win rate (rollout): 0.40 | Loss: 0.170 | Opp label coverage: 0.79
Step 1722732/5000000 | Win rate (rollout): 0.36 | Loss: 0.148 | Opp label coverage: 0.88
Step 1723244/5000000 | Win rate (rollout): 0.58 | Loss: 0.181 | Opp label coverage: 0.81
Step 1723756/5000000 | Win rate (rollout): 0.38 | Loss: 0.176 | Opp label coverage: 0.83
Step 1724268/5000000 | Win rate (rollout): 0.35 | Loss: 0.195 | Opp label coverage: 0.81
Step 1724780/5000000 | Win rate (rollout): 0.50 | Loss: 0.172 | Opp label coverage: 0.72
Step 1725292/5000000 | Win rate (rollout): 0.38 | Loss: 0.195 | Opp label coverage: 0.76
Step 1725807/5000000 | Win rate (rollout): 0.27 | Loss: 0.196 | Opp label coverage: 0.88
Step 1726319/5000000 | Win rate (rollout): 0.33 | Loss: 0.183 | Opp label coverage: 0.80
Step 1726831/5000000 | Win rate (rollout): 0.43 | Loss: 0.171 | Opp label coverage: 0.81
Step 1727343/5000000 | Win rate (rollout): 0.42 | Loss: 0.217 | Opp label coverage: 0.71
Step 1727856/5000000 | Win rate (rollout): 0.45 | Loss: 0.103 | Opp label coverage: 0.89
Step 1728368/5000000 | Win rate (rollout): 0.36 | Loss: 0.177 | Opp label coverage: 0.80
Step 1728882/5000000 | Win rate (rollout): 0.62 | Loss: 0.187 | Opp label coverage: 0.91
Step 1729394/5000000 | Win rate (rollout): 0.57 | Loss: 0.184 | Opp label coverage: 0.84
Step 1729911/5000000 | Win rate (rollout): 0.64 | Loss: 0.191 | Opp label coverage: 0.89
Step 1730423/5000000 | Win rate (rollout): 0.56 | Loss: 0.190 | Opp label coverage: 0.86
Step 1730937/5000000 | Win rate (rollout): 0.40 | Loss: 0.192 | Opp label coverage: 0.89
Step 1731449/5000000 | Win rate (rollout): 0.36 | Loss: 0.188 | Opp label coverage: 0.83
Step 1731964/5000000 | Win rate (rollout): 0.44 | Loss: 0.213 | Opp label coverage: 0.90
Step 1732476/5000000 | Win rate (rollout): 0.40 | Loss: 0.189 | Opp label coverage: 0.79
Step 1732991/5000000 | Win rate (rollout): 0.73 | Loss: 0.204 | Opp label coverage: 0.90
Step 1733503/5000000 | Win rate (rollout): 0.54 | Loss: 0.167 | Opp label coverage: 0.80
Step 1734015/5000000 | Win rate (rollout): 0.64 | Loss: 0.194 | Opp label coverage: 0.86
Step 1734527/5000000 | Win rate (rollout): 0.31 | Loss: 0.227 | Opp label coverage: 0.83
Step 1735041/5000000 | Win rate (rollout): 0.60 | Loss: 0.159 | Opp label coverage: 0.90
Step 1735554/5000000 | Win rate (rollout): 0.56 | Loss: 0.237 | Opp label coverage: 0.92
Step 1736066/5000000 | Win rate (rollout): 0.50 | Loss: 0.189 | Opp label coverage: 0.82
Step 1736578/5000000 | Win rate (rollout): 0.43 | Loss: 0.197 | Opp label coverage: 0.81
Step 1737090/5000000 | Win rate (rollout): 0.43 | Loss: 0.209 | Opp label coverage: 0.81
Step 1737602/5000000 | Win rate (rollout): 0.27 | Loss: 0.175 | Opp label coverage: 0.81
Step 1738114/5000000 | Win rate (rollout): 0.53 | Loss: 0.209 | Opp label coverage: 0.85
Step 1738627/5000000 | Win rate (rollout): 0.50 | Loss: 0.202 | Opp label coverage: 0.88
Step 1739139/5000000 | Win rate (rollout): 0.62 | Loss: 0.165 | Opp label coverage: 0.85
Step 1739651/5000000 | Win rate (rollout): 0.88 | Loss: 0.191 | Opp label coverage: 0.90
Step 1740164/5000000 | Win rate (rollout): 0.60 | Loss: 0.201 | Opp label coverage: 0.88
Step 1740676/5000000 | Win rate (rollout): 0.67 | Loss: 0.183 | Opp label coverage: 0.84
Step 1741188/5000000 | Win rate (rollout): 0.77 | Loss: 0.209 | Opp label coverage: 0.87
Step 1741707/5000000 | Win rate (rollout): 0.70 | Loss: 0.201 | Opp label coverage: 0.87
Step 1742219/5000000 | Win rate (rollout): 0.69 | Loss: 0.184 | Opp label coverage: 0.84
Step 1742738/5000000 | Win rate (rollout): 0.56 | Loss: 0.193 | Opp label coverage: 0.90
Step 1743250/5000000 | Win rate (rollout): 0.79 | Loss: 0.197 | Opp label coverage: 0.84
Step 1743767/5000000 | Win rate (rollout): 0.56 | Loss: 0.242 | Opp label coverage: 0.91
Step 1744280/5000000 | Win rate (rollout): 0.50 | Loss: 0.225 | Opp label coverage: 0.89
Step 1744792/5000000 | Win rate (rollout): 0.33 | Loss: 0.215 | Opp label coverage: 0.86
Step 1745308/5000000 | Win rate (rollout): 0.50 | Loss: 0.177 | Opp label coverage: 0.87
Step 1745822/5000000 | Win rate (rollout): 0.58 | Loss: 0.192 | Opp label coverage: 0.87
Step 1746335/5000000 | Win rate (rollout): 0.57 | Loss: 0.149 | Opp label coverage: 0.89
Step 1746850/5000000 | Win rate (rollout): 0.69 | Loss: 0.331 | Opp label coverage: 0.91
Step 1747368/5000000 | Win rate (rollout): 0.47 | Loss: 0.181 | Opp label coverage: 0.89
Step 1747880/5000000 | Win rate (rollout): 0.44 | Loss: 0.186 | Opp label coverage: 0.79
Step 1748394/5000000 | Win rate (rollout): 0.58 | Loss: 0.185 | Opp label coverage: 0.89
Step 1748906/5000000 | Win rate (rollout): 0.58 | Loss: 0.240 | Opp label coverage: 0.89
Step 1749422/5000000 | Win rate (rollout): 0.50 | Loss: 0.193 | Opp label coverage: 0.91
Step 1749934/5000000 | Win rate (rollout): 0.23 | Loss: 0.175 | Opp label coverage: 0.81
[checkpoint] Saved models/ppo/checkpoints/m9p2c/ppo_step_1750022.pt
Step 1750452/5000000 | Win rate (rollout): 0.33 | Loss: 0.170 | Opp label coverage: 0.88
Step 1750971/5000000 | Win rate (rollout): 0.38 | Loss: 0.210 | Opp label coverage: 0.90
Step 1751489/5000000 | Win rate (rollout): 0.53 | Loss: 0.224 | Opp label coverage: 0.88
Step 1752001/5000000 | Win rate (rollout): 0.50 | Loss: 0.217 | Opp label coverage: 0.89
Step 1752513/5000000 | Win rate (rollout): 0.55 | Loss: 0.184 | Opp label coverage: 0.85
Step 1753030/5000000 | Win rate (rollout): 0.25 | Loss: 0.183 | Opp label coverage: 0.90
Step 1753542/5000000 | Win rate (rollout): 0.43 | Loss: 0.202 | Opp label coverage: 0.82
Step 1754054/5000000 | Win rate (rollout): 0.43 | Loss: 0.219 | Opp label coverage: 0.84
Step 1754566/5000000 | Win rate (rollout): 0.88 | Loss: 0.195 | Opp label coverage: 0.87
Step 1755078/5000000 | Win rate (rollout): 0.50 | Loss: 0.211 | Opp label coverage: 0.83
Step 1755597/5000000 | Win rate (rollout): 0.46 | Loss: 0.230 | Opp label coverage: 0.88
Step 1756113/5000000 | Win rate (rollout): 0.38 | Loss: 0.222 | Opp label coverage: 0.88
Step 1756630/5000000 | Win rate (rollout): 0.35 | Loss: 0.213 | Opp label coverage: 0.88
Step 1757145/5000000 | Win rate (rollout): 0.54 | Loss: 0.246 | Opp label coverage: 0.89
Step 1757657/5000000 | Win rate (rollout): 0.38 | Loss: 0.171 | Opp label coverage: 0.81
Step 1758169/5000000 | Win rate (rollout): 0.71 | Loss: 0.209 | Opp label coverage: 0.84
Step 1758684/5000000 | Win rate (rollout): 0.45 | Loss: 0.216 | Opp label coverage: 0.89
Step 1759196/5000000 | Win rate (rollout): 0.86 | Loss: 0.198 | Opp label coverage: 0.82
Step 1759708/5000000 | Win rate (rollout): 0.67 | Loss: 0.208 | Opp label coverage: 0.84
Step 1760220/5000000 | Win rate (rollout): 0.57 | Loss: 0.181 | Opp label coverage: 0.92
Step 1760733/5000000 | Win rate (rollout): 0.64 | Loss: 0.158 | Opp label coverage: 0.91
Step 1761245/5000000 | Win rate (rollout): 0.38 | Loss: 0.229 | Opp label coverage: 0.84
Step 1761759/5000000 | Win rate (rollout): 0.56 | Loss: 0.214 | Opp label coverage: 0.89
Step 1762275/5000000 | Win rate (rollout): 0.67 | Loss: 0.202 | Opp label coverage: 0.91
Step 1762789/5000000 | Win rate (rollout): 0.75 | Loss: 0.201 | Opp label coverage: 0.91
Step 1763301/5000000 | Win rate (rollout): 0.07 | Loss: 0.195 | Opp label coverage: 0.78
Step 1763814/5000000 | Win rate (rollout): 0.50 | Loss: 0.149 | Opp label coverage: 0.88
Step 1764326/5000000 | Win rate (rollout): 0.67 | Loss: 0.190 | Opp label coverage: 0.86
Step 1764840/5000000 | Win rate (rollout): 0.56 | Loss: 0.173 | Opp label coverage: 0.89
Step 1765357/5000000 | Win rate (rollout): 0.44 | Loss: 0.137 | Opp label coverage: 0.89
Step 1765869/5000000 | Win rate (rollout): 0.88 | Loss: 0.173 | Opp label coverage: 0.83
Step 1766382/5000000 | Win rate (rollout): 0.62 | Loss: 0.311 | Opp label coverage: 0.88
Step 1766895/5000000 | Win rate (rollout): 0.54 | Loss: 0.238 | Opp label coverage: 0.90
Step 1767407/5000000 | Win rate (rollout): 0.70 | Loss: 0.171 | Opp label coverage: 0.86
Step 1767926/5000000 | Win rate (rollout): 0.46 | Loss: 0.206 | Opp label coverage: 0.87
Step 1768438/5000000 | Win rate (rollout): 0.57 | Loss: 0.220 | Opp label coverage: 0.90
Step 1768950/5000000 | Win rate (rollout): 0.36 | Loss: 0.179 | Opp label coverage: 0.78
Step 1769462/5000000 | Win rate (rollout): 0.31 | Loss: 0.158 | Opp label coverage: 0.81
Step 1769974/5000000 | Win rate (rollout): 0.36 | Loss: 0.186 | Opp label coverage: 0.81
Step 1770488/5000000 | Win rate (rollout): 0.36 | Loss: 0.122 | Opp label coverage: 0.88
Step 1771000/5000000 | Win rate (rollout): 0.33 | Loss: 0.223 | Opp label coverage: 0.87
Step 1771519/5000000 | Win rate (rollout): 0.40 | Loss: 0.136 | Opp label coverage: 0.93
Step 1772036/5000000 | Win rate (rollout): 0.78 | Loss: 0.200 | Opp label coverage: 0.92
Step 1772548/5000000 | Win rate (rollout): 0.18 | Loss: 0.165 | Opp label coverage: 0.83
Step 1773062/5000000 | Win rate (rollout): 0.67 | Loss: 0.151 | Opp label coverage: 0.90
Step 1773574/5000000 | Win rate (rollout): 0.45 | Loss: 0.195 | Opp label coverage: 0.79
Step 1774086/5000000 | Win rate (rollout): 0.69 | Loss: 0.168 | Opp label coverage: 0.84
Step 1774604/5000000 | Win rate (rollout): 0.25 | Loss: 0.181 | Opp label coverage: 0.89
Step 1775116/5000000 | Win rate (rollout): 0.50 | Loss: 0.179 | Opp label coverage: 0.76
Step 1775630/5000000 | Win rate (rollout): 0.36 | Loss: 0.200 | Opp label coverage: 0.88
Step 1776142/5000000 | Win rate (rollout): 0.45 | Loss: 0.209 | Opp label coverage: 0.85
Step 1776654/5000000 | Win rate (rollout): 0.50 | Loss: 0.164 | Opp label coverage: 0.85
Step 1777168/5000000 | Win rate (rollout): 0.44 | Loss: 0.181 | Opp label coverage: 0.88
Step 1777680/5000000 | Win rate (rollout): 0.90 | Loss: 0.184 | Opp label coverage: 0.78
Step 1778194/5000000 | Win rate (rollout): 0.30 | Loss: 0.187 | Opp label coverage: 0.88
Step 1778706/5000000 | Win rate (rollout): 0.50 | Loss: 0.164 | Opp label coverage: 0.80
Step 1779218/5000000 | Win rate (rollout): 0.50 | Loss: 0.211 | Opp label coverage: 0.85
Step 1779733/5000000 | Win rate (rollout): 0.64 | Loss: 0.201 | Opp label coverage: 0.89
Step 1780245/5000000 | Win rate (rollout): 0.67 | Loss: 0.189 | Opp label coverage: 0.84
Step 1780757/5000000 | Win rate (rollout): 0.60 | Loss: 0.178 | Opp label coverage: 0.81
Step 1781269/5000000 | Win rate (rollout): 0.53 | Loss: 0.198 | Opp label coverage: 0.81
Step 1781787/5000000 | Win rate (rollout): 0.75 | Loss: 0.170 | Opp label coverage: 0.90
Step 1782305/5000000 | Win rate (rollout): 0.69 | Loss: 0.275 | Opp label coverage: 0.90
Step 1782822/5000000 | Win rate (rollout): 0.40 | Loss: 0.180 | Opp label coverage: 0.91
Step 1783334/5000000 | Win rate (rollout): 0.62 | Loss: 0.199 | Opp label coverage: 0.84
Step 1783850/5000000 | Win rate (rollout): 0.55 | Loss: 0.216 | Opp label coverage: 0.89
Step 1784362/5000000 | Win rate (rollout): 0.44 | Loss: 0.192 | Opp label coverage: 0.79
Step 1784876/5000000 | Win rate (rollout): 0.30 | Loss: 0.195 | Opp label coverage: 0.87
Step 1785390/5000000 | Win rate (rollout): 0.50 | Loss: 0.157 | Opp label coverage: 0.91
Step 1785902/5000000 | Win rate (rollout): 0.50 | Loss: 0.191 | Opp label coverage: 0.81
Step 1786414/5000000 | Win rate (rollout): 0.50 | Loss: 0.186 | Opp label coverage: 0.80
Step 1786926/5000000 | Win rate (rollout): 0.47 | Loss: 0.196 | Opp label coverage: 0.82
Step 1787438/5000000 | Win rate (rollout): 0.53 | Loss: 0.200 | Opp label coverage: 0.80
Step 1787956/5000000 | Win rate (rollout): 0.45 | Loss: 0.200 | Opp label coverage: 0.88
Step 1788470/5000000 | Win rate (rollout): 0.43 | Loss: 0.165 | Opp label coverage: 0.89
Step 1788982/5000000 | Win rate (rollout): 0.60 | Loss: 0.226 | Opp label coverage: 0.80
Step 1789494/5000000 | Win rate (rollout): 0.60 | Loss: 0.195 | Opp label coverage: 0.81
Step 1790007/5000000 | Win rate (rollout): 0.45 | Loss: 0.090 | Opp label coverage: 0.88
Step 1790519/5000000 | Win rate (rollout): 0.73 | Loss: 0.198 | Opp label coverage: 0.80
Step 1791031/5000000 | Win rate (rollout): 0.56 | Loss: 0.181 | Opp label coverage: 0.84
Step 1791543/5000000 | Win rate (rollout): 0.60 | Loss: 0.196 | Opp label coverage: 0.88
Step 1792056/5000000 | Win rate (rollout): 0.53 | Loss: 0.226 | Opp label coverage: 0.88
Step 1792568/5000000 | Win rate (rollout): 0.33 | Loss: 0.194 | Opp label coverage: 0.81
Step 1793080/5000000 | Win rate (rollout): 0.38 | Loss: 0.199 | Opp label coverage: 0.82
Step 1793596/5000000 | Win rate (rollout): 0.44 | Loss: 0.267 | Opp label coverage: 0.91
Step 1794108/5000000 | Win rate (rollout): 0.29 | Loss: 0.166 | Opp label coverage: 0.82
Step 1794620/5000000 | Win rate (rollout): 0.19 | Loss: 0.151 | Opp label coverage: 0.81
Step 1795134/5000000 | Win rate (rollout): 0.70 | Loss: 0.216 | Opp label coverage: 0.91
Step 1795651/5000000 | Win rate (rollout): 0.67 | Loss: 0.201 | Opp label coverage: 0.90
Step 1796163/5000000 | Win rate (rollout): 0.67 | Loss: 0.175 | Opp label coverage: 0.84
Step 1796682/5000000 | Win rate (rollout): 0.42 | Loss: 0.217 | Opp label coverage: 0.89
Step 1797194/5000000 | Win rate (rollout): 0.50 | Loss: 0.200 | Opp label coverage: 0.82
Step 1797706/5000000 | Win rate (rollout): 0.40 | Loss: 0.189 | Opp label coverage: 0.85
Step 1798218/5000000 | Win rate (rollout): 0.56 | Loss: 0.232 | Opp label coverage: 0.90
Step 1798730/5000000 | Win rate (rollout): 0.57 | Loss: 0.175 | Opp label coverage: 0.82
Step 1799242/5000000 | Win rate (rollout): 0.57 | Loss: 0.191 | Opp label coverage: 0.82
Step 1799754/5000000 | Win rate (rollout): 0.50 | Loss: 0.187 | Opp label coverage: 0.87
Step 1800266/5000000 | Win rate (rollout): 0.27 | Loss: 0.210 | Opp label coverage: 0.84
Step 1800785/5000000 | Win rate (rollout): 0.30 | Loss: 0.193 | Opp label coverage: 0.88
Step 1801301/5000000 | Win rate (rollout): 0.71 | Loss: 0.203 | Opp label coverage: 0.91
Step 1801813/5000000 | Win rate (rollout): 0.43 | Loss: 0.206 | Opp label coverage: 0.88
Step 1802332/5000000 | Win rate (rollout): 0.50 | Loss: 0.208 | Opp label coverage: 0.91
Step 1802849/5000000 | Win rate (rollout): 0.85 | Loss: 0.196 | Opp label coverage: 0.91
Step 1803361/5000000 | Win rate (rollout): 0.62 | Loss: 0.182 | Opp label coverage: 0.86
Step 1803873/5000000 | Win rate (rollout): 0.23 | Loss: 0.181 | Opp label coverage: 0.81
Step 1804390/5000000 | Win rate (rollout): 0.33 | Loss: 0.148 | Opp label coverage: 0.90
Step 1804909/5000000 | Win rate (rollout): 0.62 | Loss: 0.223 | Opp label coverage: 0.90
Step 1805421/5000000 | Win rate (rollout): 0.56 | Loss: 0.185 | Opp label coverage: 0.81
Step 1805933/5000000 | Win rate (rollout): 0.30 | Loss: 0.184 | Opp label coverage: 0.89
Step 1806451/5000000 | Win rate (rollout): 0.38 | Loss: 0.187 | Opp label coverage: 0.87
Step 1806968/5000000 | Win rate (rollout): 0.55 | Loss: 0.192 | Opp label coverage: 0.91
Step 1807480/5000000 | Win rate (rollout): 0.70 | Loss: 0.170 | Opp label coverage: 0.83
Step 1807992/5000000 | Win rate (rollout): 0.35 | Loss: 0.217 | Opp label coverage: 0.82
Step 1808504/5000000 | Win rate (rollout): 0.67 | Loss: 0.205 | Opp label coverage: 0.90
Step 1809017/5000000 | Win rate (rollout): 0.47 | Loss: 0.212 | Opp label coverage: 0.89
Step 1809529/5000000 | Win rate (rollout): 0.80 | Loss: 0.162 | Opp label coverage: 0.88
Step 1810048/5000000 | Win rate (rollout): 0.60 | Loss: 0.189 | Opp label coverage: 0.89
Step 1810560/5000000 | Win rate (rollout): 0.47 | Loss: 0.193 | Opp label coverage: 0.89
Step 1811078/5000000 | Win rate (rollout): 0.42 | Loss: 0.191 | Opp label coverage: 0.90
Step 1811594/5000000 | Win rate (rollout): 0.56 | Loss: 0.216 | Opp label coverage: 0.90
Step 1812106/5000000 | Win rate (rollout): 0.36 | Loss: 0.162 | Opp label coverage: 0.85
Step 1812618/5000000 | Win rate (rollout): 0.38 | Loss: 0.188 | Opp label coverage: 0.89
Step 1813133/5000000 | Win rate (rollout): 0.21 | Loss: 0.189 | Opp label coverage: 0.90
Step 1813645/5000000 | Win rate (rollout): 0.70 | Loss: 0.204 | Opp label coverage: 0.85
Step 1814157/5000000 | Win rate (rollout): 0.55 | Loss: 0.175 | Opp label coverage: 0.81
Step 1814675/5000000 | Win rate (rollout): 0.40 | Loss: 0.237 | Opp label coverage: 0.88
Step 1815194/5000000 | Win rate (rollout): 0.56 | Loss: 0.206 | Opp label coverage: 0.89
Step 1815712/5000000 | Win rate (rollout): 0.60 | Loss: 0.208 | Opp label coverage: 0.90
Step 1816224/5000000 | Win rate (rollout): 0.57 | Loss: 0.220 | Opp label coverage: 0.89
Step 1816742/5000000 | Win rate (rollout): 0.25 | Loss: 0.138 | Opp label coverage: 0.90
Step 1817254/5000000 | Win rate (rollout): 0.47 | Loss: 0.205 | Opp label coverage: 0.90
Step 1817766/5000000 | Win rate (rollout): 0.67 | Loss: 0.192 | Opp label coverage: 0.91
Step 1818278/5000000 | Win rate (rollout): 0.62 | Loss: 0.199 | Opp label coverage: 0.82
Step 1818790/5000000 | Win rate (rollout): 0.46 | Loss: 0.189 | Opp label coverage: 0.83
Step 1819302/5000000 | Win rate (rollout): 0.56 | Loss: 0.168 | Opp label coverage: 0.83
Step 1819818/5000000 | Win rate (rollout): 0.54 | Loss: 0.203 | Opp label coverage: 0.88
Step 1820330/5000000 | Win rate (rollout): 0.31 | Loss: 0.205 | Opp label coverage: 0.88
Step 1820842/5000000 | Win rate (rollout): 0.80 | Loss: 0.165 | Opp label coverage: 0.87
Step 1821355/5000000 | Win rate (rollout): 0.44 | Loss: 0.239 | Opp label coverage: 0.89
Step 1821871/5000000 | Win rate (rollout): 0.50 | Loss: 0.168 | Opp label coverage: 0.91
Step 1822386/5000000 | Win rate (rollout): 0.54 | Loss: 0.245 | Opp label coverage: 0.91
Step 1822903/5000000 | Win rate (rollout): 0.58 | Loss: 0.259 | Opp label coverage: 0.91
Step 1823419/5000000 | Win rate (rollout): 0.50 | Loss: 0.175 | Opp label coverage: 0.89
Step 1823931/5000000 | Win rate (rollout): 0.50 | Loss: 0.183 | Opp label coverage: 0.80
Step 1824443/5000000 | Win rate (rollout): 0.62 | Loss: 0.160 | Opp label coverage: 0.85
Step 1824955/5000000 | Win rate (rollout): 0.50 | Loss: 0.183 | Opp label coverage: 0.83
Step 1825467/5000000 | Win rate (rollout): 0.83 | Loss: 0.195 | Opp label coverage: 0.83
Step 1825981/5000000 | Win rate (rollout): 0.50 | Loss: 0.133 | Opp label coverage: 0.89
Step 1826493/5000000 | Win rate (rollout): 0.89 | Loss: 0.171 | Opp label coverage: 0.81
Step 1827007/5000000 | Win rate (rollout): 0.70 | Loss: 0.246 | Opp label coverage: 0.90
Step 1827526/5000000 | Win rate (rollout): 0.25 | Loss: 0.185 | Opp label coverage: 0.89
Step 1828038/5000000 | Win rate (rollout): 0.75 | Loss: 0.171 | Opp label coverage: 0.81
Step 1828552/5000000 | Win rate (rollout): 0.67 | Loss: 0.233 | Opp label coverage: 0.91
Step 1829064/5000000 | Win rate (rollout): 0.57 | Loss: 0.216 | Opp label coverage: 0.85
Step 1829581/5000000 | Win rate (rollout): 0.75 | Loss: 0.174 | Opp label coverage: 0.91
Step 1830096/5000000 | Win rate (rollout): 0.53 | Loss: 0.155 | Opp label coverage: 0.88
Step 1830608/5000000 | Win rate (rollout): 0.47 | Loss: 0.212 | Opp label coverage: 0.89
Step 1831120/5000000 | Win rate (rollout): 0.60 | Loss: 0.193 | Opp label coverage: 0.89
Step 1831632/5000000 | Win rate (rollout): 0.62 | Loss: 0.189 | Opp label coverage: 0.86
Step 1832144/5000000 | Win rate (rollout): 0.69 | Loss: 0.175 | Opp label coverage: 0.86
Step 1832656/5000000 | Win rate (rollout): 0.50 | Loss: 0.188 | Opp label coverage: 0.86
Step 1833168/5000000 | Win rate (rollout): 0.44 | Loss: 0.179 | Opp label coverage: 0.81
Step 1833680/5000000 | Win rate (rollout): 0.36 | Loss: 0.204 | Opp label coverage: 0.83
Step 1834196/5000000 | Win rate (rollout): 0.44 | Loss: 0.139 | Opp label coverage: 0.90
Step 1834711/5000000 | Win rate (rollout): 0.50 | Loss: 0.221 | Opp label coverage: 0.89
Step 1835223/5000000 | Win rate (rollout): 0.23 | Loss: 0.201 | Opp label coverage: 0.89
Step 1835735/5000000 | Win rate (rollout): 0.46 | Loss: 0.212 | Opp label coverage: 0.82
Step 1836247/5000000 | Win rate (rollout): 0.60 | Loss: 0.177 | Opp label coverage: 0.81
Step 1836764/5000000 | Win rate (rollout): 0.40 | Loss: 0.248 | Opp label coverage: 0.89
Step 1837277/5000000 | Win rate (rollout): 0.47 | Loss: 0.191 | Opp label coverage: 0.90
Step 1837789/5000000 | Win rate (rollout): 0.56 | Loss: 0.213 | Opp label coverage: 0.83
Step 1838302/5000000 | Win rate (rollout): 0.36 | Loss: 0.223 | Opp label coverage: 0.89
Step 1838820/5000000 | Win rate (rollout): 0.44 | Loss: 0.151 | Opp label coverage: 0.90
Step 1839333/5000000 | Win rate (rollout): 0.57 | Loss: 0.248 | Opp label coverage: 0.92
Step 1839851/5000000 | Win rate (rollout): 0.38 | Loss: 0.228 | Opp label coverage: 0.88
Step 1840363/5000000 | Win rate (rollout): 0.70 | Loss: 0.203 | Opp label coverage: 0.83
Step 1840879/5000000 | Win rate (rollout): 0.22 | Loss: 0.167 | Opp label coverage: 0.89
Step 1841391/5000000 | Win rate (rollout): 0.67 | Loss: 0.172 | Opp label coverage: 0.83
Step 1841903/5000000 | Win rate (rollout): 0.67 | Loss: 0.180 | Opp label coverage: 0.89
Step 1842419/5000000 | Win rate (rollout): 0.60 | Loss: 0.216 | Opp label coverage: 0.91
Step 1842937/5000000 | Win rate (rollout): 0.25 | Loss: 0.192 | Opp label coverage: 0.90
Step 1843455/5000000 | Win rate (rollout): 0.43 | Loss: 0.193 | Opp label coverage: 0.90
Step 1843967/5000000 | Win rate (rollout): 0.50 | Loss: 0.169 | Opp label coverage: 0.83
Step 1844485/5000000 | Win rate (rollout): 0.40 | Loss: 0.171 | Opp label coverage: 0.90
Step 1845000/5000000 | Win rate (rollout): 0.71 | Loss: 0.247 | Opp label coverage: 0.90
Step 1845516/5000000 | Win rate (rollout): 0.31 | Loss: 0.237 | Opp label coverage: 0.86
Step 1846030/5000000 | Win rate (rollout): 0.50 | Loss: 0.218 | Opp label coverage: 0.90
Step 1846542/5000000 | Win rate (rollout): 0.43 | Loss: 0.206 | Opp label coverage: 0.81
Step 1847054/5000000 | Win rate (rollout): 0.44 | Loss: 0.186 | Opp label coverage: 0.90
Step 1847566/5000000 | Win rate (rollout): 0.54 | Loss: 0.207 | Opp label coverage: 0.84
Step 1848082/5000000 | Win rate (rollout): 0.70 | Loss: 0.187 | Opp label coverage: 0.90
Step 1848594/5000000 | Win rate (rollout): 0.58 | Loss: 0.229 | Opp label coverage: 0.75
Step 1849111/5000000 | Win rate (rollout): 0.62 | Loss: 0.227 | Opp label coverage: 0.89
Step 1849628/5000000 | Win rate (rollout): 0.47 | Loss: 0.176 | Opp label coverage: 0.88
Step 1850140/5000000 | Win rate (rollout): 0.50 | Loss: 0.174 | Opp label coverage: 0.81
Step 1850659/5000000 | Win rate (rollout): 0.40 | Loss: 0.188 | Opp label coverage: 0.88
Step 1851174/5000000 | Win rate (rollout): 0.33 | Loss: 0.159 | Opp label coverage: 0.89
Step 1851690/5000000 | Win rate (rollout): 0.47 | Loss: 0.179 | Opp label coverage: 0.89
Step 1852202/5000000 | Win rate (rollout): 0.15 | Loss: 0.194 | Opp label coverage: 0.82
Step 1852718/5000000 | Win rate (rollout): 0.33 | Loss: 0.143 | Opp label coverage: 0.91
Step 1853236/5000000 | Win rate (rollout): 0.55 | Loss: 0.218 | Opp label coverage: 0.91
Step 1853750/5000000 | Win rate (rollout): 0.67 | Loss: 0.269 | Opp label coverage: 0.89
Step 1854267/5000000 | Win rate (rollout): 0.43 | Loss: 0.188 | Opp label coverage: 0.89
Step 1854786/5000000 | Win rate (rollout): 0.54 | Loss: 0.199 | Opp label coverage: 0.89
Step 1855298/5000000 | Win rate (rollout): 0.50 | Loss: 0.167 | Opp label coverage: 0.85
Step 1855810/5000000 | Win rate (rollout): 0.42 | Loss: 0.186 | Opp label coverage: 0.84
Step 1856327/5000000 | Win rate (rollout): 0.45 | Loss: 0.199 | Opp label coverage: 0.91
Step 1856839/5000000 | Win rate (rollout): 0.14 | Loss: 0.167 | Opp label coverage: 0.82
Step 1857356/5000000 | Win rate (rollout): 0.62 | Loss: 0.197 | Opp label coverage: 0.91
Step 1857868/5000000 | Win rate (rollout): 0.36 | Loss: 0.180 | Opp label coverage: 0.83
Step 1858380/5000000 | Win rate (rollout): 0.24 | Loss: 0.184 | Opp label coverage: 0.81
Step 1858893/5000000 | Win rate (rollout): 0.70 | Loss: 0.187 | Opp label coverage: 0.88
Step 1859405/5000000 | Win rate (rollout): 0.36 | Loss: 0.191 | Opp label coverage: 0.84
Step 1859917/5000000 | Win rate (rollout): 0.25 | Loss: 0.168 | Opp label coverage: 0.83
Step 1860429/5000000 | Win rate (rollout): 0.29 | Loss: 0.194 | Opp label coverage: 0.84
Step 1860944/5000000 | Win rate (rollout): 0.64 | Loss: 0.200 | Opp label coverage: 0.89
Step 1861456/5000000 | Win rate (rollout): 0.75 | Loss: 0.184 | Opp label coverage: 0.85
Step 1861971/5000000 | Win rate (rollout): 0.50 | Loss: 0.194 | Opp label coverage: 0.89
Step 1862483/5000000 | Win rate (rollout): 0.54 | Loss: 0.195 | Opp label coverage: 0.90
Step 1862995/5000000 | Win rate (rollout): 0.43 | Loss: 0.191 | Opp label coverage: 0.78
Step 1863510/5000000 | Win rate (rollout): 0.36 | Loss: 0.204 | Opp label coverage: 0.89
Step 1864022/5000000 | Win rate (rollout): 0.50 | Loss: 0.220 | Opp label coverage: 0.89
Step 1864534/5000000 | Win rate (rollout): 0.50 | Loss: 0.177 | Opp label coverage: 0.84
Step 1865050/5000000 | Win rate (rollout): 0.38 | Loss: 0.161 | Opp label coverage: 0.90
Step 1865562/5000000 | Win rate (rollout): 0.62 | Loss: 0.186 | Opp label coverage: 0.85
Step 1866074/5000000 | Win rate (rollout): 0.50 | Loss: 0.174 | Opp label coverage: 0.87
Step 1866586/5000000 | Win rate (rollout): 0.44 | Loss: 0.188 | Opp label coverage: 0.91
Step 1867100/5000000 | Win rate (rollout): 0.50 | Loss: 0.210 | Opp label coverage: 0.88
Step 1867612/5000000 | Win rate (rollout): 0.50 | Loss: 0.195 | Opp label coverage: 0.81
Step 1868125/5000000 | Win rate (rollout): 0.22 | Loss: 0.186 | Opp label coverage: 0.91
Step 1868637/5000000 | Win rate (rollout): 0.36 | Loss: 0.213 | Opp label coverage: 0.87
Step 1869149/5000000 | Win rate (rollout): 0.62 | Loss: 0.220 | Opp label coverage: 0.81
Step 1869667/5000000 | Win rate (rollout): 0.70 | Loss: 0.172 | Opp label coverage: 0.89
Step 1870179/5000000 | Win rate (rollout): 0.79 | Loss: 0.224 | Opp label coverage: 0.82
Step 1870691/5000000 | Win rate (rollout): 0.89 | Loss: 0.162 | Opp label coverage: 0.91
Step 1871204/5000000 | Win rate (rollout): 0.36 | Loss: 0.202 | Opp label coverage: 0.88
Step 1871719/5000000 | Win rate (rollout): 0.64 | Loss: 0.170 | Opp label coverage: 0.90
Step 1872232/5000000 | Win rate (rollout): 0.54 | Loss: 0.279 | Opp label coverage: 0.90
Step 1872744/5000000 | Win rate (rollout): 0.45 | Loss: 0.173 | Opp label coverage: 0.81
Step 1873260/5000000 | Win rate (rollout): 0.56 | Loss: 0.196 | Opp label coverage: 0.89
Step 1873777/5000000 | Win rate (rollout): 0.62 | Loss: 0.207 | Opp label coverage: 0.90
Step 1874289/5000000 | Win rate (rollout): 0.78 | Loss: 0.149 | Opp label coverage: 0.79
Step 1874805/5000000 | Win rate (rollout): 0.25 | Loss: 0.168 | Opp label coverage: 0.90
Step 1875317/5000000 | Win rate (rollout): 0.45 | Loss: 0.164 | Opp label coverage: 0.81
Step 1875829/5000000 | Win rate (rollout): 0.62 | Loss: 0.191 | Opp label coverage: 0.84
Step 1876346/5000000 | Win rate (rollout): 0.60 | Loss: 0.152 | Opp label coverage: 0.89
Step 1876858/5000000 | Win rate (rollout): 0.55 | Loss: 0.175 | Opp label coverage: 0.85
Step 1877370/5000000 | Win rate (rollout): 0.36 | Loss: 0.172 | Opp label coverage: 0.84
Step 1877882/5000000 | Win rate (rollout): 0.64 | Loss: 0.204 | Opp label coverage: 0.85
Step 1878394/5000000 | Win rate (rollout): 0.69 | Loss: 0.218 | Opp label coverage: 0.81
Step 1878912/5000000 | Win rate (rollout): 0.73 | Loss: 0.181 | Opp label coverage: 0.90
Step 1879424/5000000 | Win rate (rollout): 0.78 | Loss: 0.161 | Opp label coverage: 0.77
Step 1879937/5000000 | Win rate (rollout): 0.67 | Loss: 0.282 | Opp label coverage: 0.89
Step 1880449/5000000 | Win rate (rollout): 0.43 | Loss: 0.210 | Opp label coverage: 0.89
Step 1880961/5000000 | Win rate (rollout): 0.09 | Loss: 0.158 | Opp label coverage: 0.85
Step 1881473/5000000 | Win rate (rollout): 0.75 | Loss: 0.177 | Opp label coverage: 0.86
Step 1881985/5000000 | Win rate (rollout): 0.82 | Loss: 0.162 | Opp label coverage: 0.85
Step 1882497/5000000 | Win rate (rollout): 0.23 | Loss: 0.210 | Opp label coverage: 0.84
Step 1883016/5000000 | Win rate (rollout): 0.17 | Loss: 0.194 | Opp label coverage: 0.91
Step 1883533/5000000 | Win rate (rollout): 0.27 | Loss: 0.184 | Opp label coverage: 0.90
Step 1884047/5000000 | Win rate (rollout): 0.50 | Loss: 0.207 | Opp label coverage: 0.88
Step 1884559/5000000 | Win rate (rollout): 0.53 | Loss: 0.179 | Opp label coverage: 0.84
Step 1885075/5000000 | Win rate (rollout): 0.55 | Loss: 0.226 | Opp label coverage: 0.90
Step 1885587/5000000 | Win rate (rollout): 0.36 | Loss: 0.192 | Opp label coverage: 0.79
Step 1886099/5000000 | Win rate (rollout): 0.57 | Loss: 0.191 | Opp label coverage: 0.88
Step 1886611/5000000 | Win rate (rollout): 0.58 | Loss: 0.197 | Opp label coverage: 0.77
Step 1887126/5000000 | Win rate (rollout): 0.42 | Loss: 0.162 | Opp label coverage: 0.87
Step 1887638/5000000 | Win rate (rollout): 0.42 | Loss: 0.228 | Opp label coverage: 0.89
Step 1888150/5000000 | Win rate (rollout): 0.58 | Loss: 0.185 | Opp label coverage: 0.78
Step 1888662/5000000 | Win rate (rollout): 0.50 | Loss: 0.189 | Opp label coverage: 0.82
Step 1889174/5000000 | Win rate (rollout): 0.40 | Loss: 0.200 | Opp label coverage: 0.81
Step 1889686/5000000 | Win rate (rollout): 0.44 | Loss: 0.192 | Opp label coverage: 0.83
Step 1890198/5000000 | Win rate (rollout): 0.56 | Loss: 0.178 | Opp label coverage: 0.78
Step 1890710/5000000 | Win rate (rollout): 0.50 | Loss: 0.191 | Opp label coverage: 0.84
Step 1891224/5000000 | Win rate (rollout): 0.44 | Loss: 0.233 | Opp label coverage: 0.89
Step 1891738/5000000 | Win rate (rollout): 0.50 | Loss: 0.176 | Opp label coverage: 0.90
Step 1892252/5000000 | Win rate (rollout): 0.29 | Loss: 0.177 | Opp label coverage: 0.89
Step 1892765/5000000 | Win rate (rollout): 0.67 | Loss: 0.145 | Opp label coverage: 0.90
Step 1893278/5000000 | Win rate (rollout): 0.38 | Loss: 0.211 | Opp label coverage: 0.90
Step 1893793/5000000 | Win rate (rollout): 0.23 | Loss: 0.243 | Opp label coverage: 0.89
Step 1894306/5000000 | Win rate (rollout): 0.21 | Loss: -0.013 | Opp label coverage: 0.89
Step 1894818/5000000 | Win rate (rollout): 0.60 | Loss: 0.195 | Opp label coverage: 0.82
Step 1895330/5000000 | Win rate (rollout): 0.91 | Loss: 0.193 | Opp label coverage: 0.84
Step 1895842/5000000 | Win rate (rollout): 0.54 | Loss: 0.203 | Opp label coverage: 0.82
Step 1896354/5000000 | Win rate (rollout): 0.53 | Loss: 0.180 | Opp label coverage: 0.75
Step 1896866/5000000 | Win rate (rollout): 0.57 | Loss: 0.198 | Opp label coverage: 0.81
Step 1897378/5000000 | Win rate (rollout): 0.62 | Loss: 0.209 | Opp label coverage: 0.83
Step 1897890/5000000 | Win rate (rollout): 0.33 | Loss: 0.180 | Opp label coverage: 0.82
Step 1898402/5000000 | Win rate (rollout): 0.62 | Loss: 0.197 | Opp label coverage: 0.91
Step 1898914/5000000 | Win rate (rollout): 0.67 | Loss: 0.188 | Opp label coverage: 0.84
Step 1899426/5000000 | Win rate (rollout): 0.60 | Loss: 0.184 | Opp label coverage: 0.79
Step 1899938/5000000 | Win rate (rollout): 0.58 | Loss: 0.168 | Opp label coverage: 0.82
Step 1900454/5000000 | Win rate (rollout): 0.58 | Loss: 0.190 | Opp label coverage: 0.89
Step 1900966/5000000 | Win rate (rollout): 0.55 | Loss: 0.177 | Opp label coverage: 0.83
Step 1901479/5000000 | Win rate (rollout): 0.22 | Loss: 0.163 | Opp label coverage: 0.88
Step 1901997/5000000 | Win rate (rollout): 0.53 | Loss: 0.187 | Opp label coverage: 0.91
Step 1902516/5000000 | Win rate (rollout): 0.62 | Loss: 0.266 | Opp label coverage: 0.88
Step 1903032/5000000 | Win rate (rollout): 0.65 | Loss: 0.171 | Opp label coverage: 0.91
Step 1903545/5000000 | Win rate (rollout): 0.71 | Loss: 0.199 | Opp label coverage: 0.91
Step 1904058/5000000 | Win rate (rollout): 0.46 | Loss: 0.311 | Opp label coverage: 0.89
Step 1904571/5000000 | Win rate (rollout): 0.33 | Loss: 0.224 | Opp label coverage: 0.91
Step 1905083/5000000 | Win rate (rollout): 0.71 | Loss: 0.179 | Opp label coverage: 0.82
Step 1905595/5000000 | Win rate (rollout): 0.36 | Loss: 0.205 | Opp label coverage: 0.87
Step 1906107/5000000 | Win rate (rollout): 0.73 | Loss: 0.191 | Opp label coverage: 0.81
Step 1906619/5000000 | Win rate (rollout): 0.50 | Loss: 0.168 | Opp label coverage: 0.82
Step 1907132/5000000 | Win rate (rollout): 0.64 | Loss: 0.198 | Opp label coverage: 0.88
Step 1907648/5000000 | Win rate (rollout): 0.64 | Loss: 0.208 | Opp label coverage: 0.88
Step 1908160/5000000 | Win rate (rollout): 0.60 | Loss: 0.234 | Opp label coverage: 0.85
Step 1908675/5000000 | Win rate (rollout): 0.64 | Loss: 0.158 | Opp label coverage: 0.90
Step 1909193/5000000 | Win rate (rollout): 0.47 | Loss: 0.213 | Opp label coverage: 0.88
Step 1909711/5000000 | Win rate (rollout): 0.10 | Loss: 0.209 | Opp label coverage: 0.90
Step 1910223/5000000 | Win rate (rollout): 0.60 | Loss: 0.227 | Opp label coverage: 0.88
Step 1910735/5000000 | Win rate (rollout): 0.62 | Loss: 0.167 | Opp label coverage: 0.81
Step 1911247/5000000 | Win rate (rollout): 0.55 | Loss: 0.180 | Opp label coverage: 0.87
Step 1911763/5000000 | Win rate (rollout): 0.55 | Loss: 0.214 | Opp label coverage: 0.89
Step 1912276/5000000 | Win rate (rollout): 0.55 | Loss: 0.135 | Opp label coverage: 0.90
Step 1912790/5000000 | Win rate (rollout): 0.50 | Loss: 0.262 | Opp label coverage: 0.89
Step 1913303/5000000 | Win rate (rollout): 0.43 | Loss: 0.235 | Opp label coverage: 0.89
Step 1913815/5000000 | Win rate (rollout): 0.67 | Loss: 0.167 | Opp label coverage: 0.88
Step 1914333/5000000 | Win rate (rollout): 0.36 | Loss: 0.245 | Opp label coverage: 0.89
Step 1914846/5000000 | Win rate (rollout): 0.59 | Loss: 0.157 | Opp label coverage: 0.89
Step 1915361/5000000 | Win rate (rollout): 0.50 | Loss: 0.176 | Opp label coverage: 0.89
Step 1915873/5000000 | Win rate (rollout): 0.46 | Loss: 0.225 | Opp label coverage: 0.82
Step 1916385/5000000 | Win rate (rollout): 0.47 | Loss: 0.188 | Opp label coverage: 0.81
Step 1916897/5000000 | Win rate (rollout): 0.54 | Loss: 0.189 | Opp label coverage: 0.84
Step 1917409/5000000 | Win rate (rollout): 0.60 | Loss: 0.190 | Opp label coverage: 0.79
Step 1917921/5000000 | Win rate (rollout): 0.78 | Loss: 0.181 | Opp label coverage: 0.82
Step 1918439/5000000 | Win rate (rollout): 0.60 | Loss: 0.191 | Opp label coverage: 0.91
Step 1918952/5000000 | Win rate (rollout): 0.75 | Loss: 0.229 | Opp label coverage: 0.91
Step 1919464/5000000 | Win rate (rollout): 0.29 | Loss: 0.178 | Opp label coverage: 0.78
Step 1919981/5000000 | Win rate (rollout): 0.67 | Loss: 0.179 | Opp label coverage: 0.90
Step 1920495/5000000 | Win rate (rollout): 0.38 | Loss: 0.215 | Opp label coverage: 0.90
Step 1921007/5000000 | Win rate (rollout): 0.88 | Loss: 0.181 | Opp label coverage: 0.83
Step 1921519/5000000 | Win rate (rollout): 0.64 | Loss: 0.177 | Opp label coverage: 0.84
Step 1922036/5000000 | Win rate (rollout): 0.64 | Loss: 0.220 | Opp label coverage: 0.89
Step 1922548/5000000 | Win rate (rollout): 0.69 | Loss: 0.213 | Opp label coverage: 0.79
Step 1923060/5000000 | Win rate (rollout): 0.53 | Loss: 0.203 | Opp label coverage: 0.80
Step 1923572/5000000 | Win rate (rollout): 0.67 | Loss: 0.226 | Opp label coverage: 0.92
Step 1924084/5000000 | Win rate (rollout): 0.82 | Loss: 0.169 | Opp label coverage: 0.80
Step 1924600/5000000 | Win rate (rollout): 0.73 | Loss: 0.180 | Opp label coverage: 0.90
Step 1925112/5000000 | Win rate (rollout): 0.57 | Loss: 0.206 | Opp label coverage: 0.82
Step 1925626/5000000 | Win rate (rollout): 0.70 | Loss: 0.194 | Opp label coverage: 0.89
Step 1926138/5000000 | Win rate (rollout): 0.83 | Loss: 0.163 | Opp label coverage: 0.84
Step 1926650/5000000 | Win rate (rollout): 0.75 | Loss: 0.192 | Opp label coverage: 0.84
Step 1927162/5000000 | Win rate (rollout): 0.62 | Loss: 0.180 | Opp label coverage: 0.84
Step 1927674/5000000 | Win rate (rollout): 0.67 | Loss: 0.188 | Opp label coverage: 0.85
Step 1928186/5000000 | Win rate (rollout): 0.40 | Loss: 0.218 | Opp label coverage: 0.88
Step 1928698/5000000 | Win rate (rollout): 0.86 | Loss: 0.188 | Opp label coverage: 0.91
Step 1929216/5000000 | Win rate (rollout): 0.69 | Loss: 0.175 | Opp label coverage: 0.90
Step 1929734/5000000 | Win rate (rollout): 0.57 | Loss: 0.222 | Opp label coverage: 0.90
Step 1930246/5000000 | Win rate (rollout): 0.50 | Loss: 0.179 | Opp label coverage: 0.91
Step 1930758/5000000 | Win rate (rollout): 0.73 | Loss: 0.177 | Opp label coverage: 0.86
Step 1931270/5000000 | Win rate (rollout): 0.58 | Loss: 0.182 | Opp label coverage: 0.79
Step 1931782/5000000 | Win rate (rollout): 0.64 | Loss: 0.210 | Opp label coverage: 0.87
Step 1932294/5000000 | Win rate (rollout): 0.82 | Loss: 0.177 | Opp label coverage: 0.80
Step 1932809/5000000 | Win rate (rollout): 0.56 | Loss: 0.156 | Opp label coverage: 0.90
Step 1933321/5000000 | Win rate (rollout): 0.62 | Loss: 0.195 | Opp label coverage: 0.82
Step 1933833/5000000 | Win rate (rollout): 0.50 | Loss: 0.200 | Opp label coverage: 0.90
Step 1934345/5000000 | Win rate (rollout): 0.36 | Loss: 0.176 | Opp label coverage: 0.80
Step 1934857/5000000 | Win rate (rollout): 0.70 | Loss: 0.205 | Opp label coverage: 0.82
Step 1935369/5000000 | Win rate (rollout): 0.10 | Loss: 0.177 | Opp label coverage: 0.88
Step 1935882/5000000 | Win rate (rollout): 0.43 | Loss: 0.210 | Opp label coverage: 0.90
Step 1936396/5000000 | Win rate (rollout): 0.60 | Loss: 0.192 | Opp label coverage: 0.93
Step 1936908/5000000 | Win rate (rollout): 0.64 | Loss: 0.174 | Opp label coverage: 0.82
Step 1937420/5000000 | Win rate (rollout): 0.58 | Loss: 0.208 | Opp label coverage: 0.80
Step 1937934/5000000 | Win rate (rollout): 0.33 | Loss: 0.176 | Opp label coverage: 0.90
Step 1938446/5000000 | Win rate (rollout): 0.33 | Loss: 0.200 | Opp label coverage: 0.85
Step 1938958/5000000 | Win rate (rollout): 0.78 | Loss: 0.195 | Opp label coverage: 0.90
Step 1939473/5000000 | Win rate (rollout): 0.67 | Loss: 0.179 | Opp label coverage: 0.89
Step 1939985/5000000 | Win rate (rollout): 0.56 | Loss: 0.203 | Opp label coverage: 0.81
Step 1940498/5000000 | Win rate (rollout): 0.56 | Loss: 0.307 | Opp label coverage: 0.89
Step 1941010/5000000 | Win rate (rollout): 0.64 | Loss: 0.190 | Opp label coverage: 0.81
Step 1941527/5000000 | Win rate (rollout): 0.47 | Loss: 0.184 | Opp label coverage: 0.86
Step 1942039/5000000 | Win rate (rollout): 0.54 | Loss: 0.160 | Opp label coverage: 0.90
Step 1942551/5000000 | Win rate (rollout): 0.70 | Loss: 0.171 | Opp label coverage: 0.80
Step 1943069/5000000 | Win rate (rollout): 0.55 | Loss: 0.179 | Opp label coverage: 0.91
Step 1943581/5000000 | Win rate (rollout): 0.40 | Loss: 0.160 | Opp label coverage: 0.85
Step 1944093/5000000 | Win rate (rollout): 0.53 | Loss: 0.240 | Opp label coverage: 0.81
Step 1944605/5000000 | Win rate (rollout): 0.75 | Loss: 0.194 | Opp label coverage: 0.82
Step 1945123/5000000 | Win rate (rollout): 0.45 | Loss: 0.184 | Opp label coverage: 0.90
Step 1945635/5000000 | Win rate (rollout): 0.67 | Loss: 0.146 | Opp label coverage: 0.82
Step 1946149/5000000 | Win rate (rollout): 0.64 | Loss: 0.241 | Opp label coverage: 0.88
Step 1946661/5000000 | Win rate (rollout): 0.33 | Loss: 0.231 | Opp label coverage: 0.83
Step 1947180/5000000 | Win rate (rollout): 0.91 | Loss: 0.173 | Opp label coverage: 0.91
Step 1947692/5000000 | Win rate (rollout): 0.33 | Loss: 0.174 | Opp label coverage: 0.77
Step 1948209/5000000 | Win rate (rollout): 0.60 | Loss: 0.188 | Opp label coverage: 0.88
Step 1948721/5000000 | Win rate (rollout): 0.50 | Loss: 0.202 | Opp label coverage: 0.85
Step 1949239/5000000 | Win rate (rollout): 0.38 | Loss: 0.238 | Opp label coverage: 0.87
Step 1949752/5000000 | Win rate (rollout): 0.57 | Loss: 0.154 | Opp label coverage: 0.89
Step 1950264/5000000 | Win rate (rollout): 0.31 | Loss: 0.201 | Opp label coverage: 0.88
Step 1950776/5000000 | Win rate (rollout): 0.57 | Loss: 0.193 | Opp label coverage: 0.86
Step 1951288/5000000 | Win rate (rollout): 0.50 | Loss: 0.180 | Opp label coverage: 0.91
Step 1951800/5000000 | Win rate (rollout): 0.38 | Loss: 0.189 | Opp label coverage: 0.83
Step 1952312/5000000 | Win rate (rollout): 0.73 | Loss: 0.202 | Opp label coverage: 0.86
Step 1952824/5000000 | Win rate (rollout): 0.50 | Loss: 0.181 | Opp label coverage: 0.83
Step 1953341/5000000 | Win rate (rollout): 0.60 | Loss: 0.197 | Opp label coverage: 0.89
Step 1953853/5000000 | Win rate (rollout): 0.50 | Loss: 0.194 | Opp label coverage: 0.80
Step 1954365/5000000 | Win rate (rollout): 0.50 | Loss: 0.196 | Opp label coverage: 0.85
Step 1954877/5000000 | Win rate (rollout): 0.67 | Loss: 0.196 | Opp label coverage: 0.80
Step 1955393/5000000 | Win rate (rollout): 0.56 | Loss: 0.210 | Opp label coverage: 0.90
Step 1955905/5000000 | Win rate (rollout): 0.47 | Loss: 0.193 | Opp label coverage: 0.80
Step 1956417/5000000 | Win rate (rollout): 0.43 | Loss: 0.233 | Opp label coverage: 0.84
Step 1956929/5000000 | Win rate (rollout): 0.53 | Loss: 0.192 | Opp label coverage: 0.80
Step 1957441/5000000 | Win rate (rollout): 0.67 | Loss: 0.183 | Opp label coverage: 0.84
Step 1957957/5000000 | Win rate (rollout): 0.40 | Loss: 0.164 | Opp label coverage: 0.88
Step 1958470/5000000 | Win rate (rollout): 0.41 | Loss: 0.113 | Opp label coverage: 0.88
Step 1958982/5000000 | Win rate (rollout): 0.64 | Loss: 0.229 | Opp label coverage: 0.89
Step 1959499/5000000 | Win rate (rollout): 0.64 | Loss: 0.242 | Opp label coverage: 0.90
Step 1960014/5000000 | Win rate (rollout): 0.47 | Loss: 0.172 | Opp label coverage: 0.90
Step 1960526/5000000 | Win rate (rollout): 0.42 | Loss: 0.177 | Opp label coverage: 0.82
Step 1961039/5000000 | Win rate (rollout): 0.50 | Loss: 0.234 | Opp label coverage: 0.90
Step 1961552/5000000 | Win rate (rollout): 0.69 | Loss: 0.148 | Opp label coverage: 0.90
Step 1962064/5000000 | Win rate (rollout): 0.45 | Loss: 0.198 | Opp label coverage: 0.83
Step 1962576/5000000 | Win rate (rollout): 0.25 | Loss: 0.159 | Opp label coverage: 0.83
Step 1963088/5000000 | Win rate (rollout): 0.44 | Loss: 0.176 | Opp label coverage: 0.81
Step 1963601/5000000 | Win rate (rollout): 0.80 | Loss: 0.196 | Opp label coverage: 0.89
Step 1964113/5000000 | Win rate (rollout): 0.67 | Loss: 0.202 | Opp label coverage: 0.83
Step 1964625/5000000 | Win rate (rollout): 0.62 | Loss: 0.202 | Opp label coverage: 0.85
Step 1965141/5000000 | Win rate (rollout): 0.70 | Loss: 0.148 | Opp label coverage: 0.90
Step 1965653/5000000 | Win rate (rollout): 0.47 | Loss: 0.223 | Opp label coverage: 0.88
Step 1966171/5000000 | Win rate (rollout): 0.45 | Loss: 0.188 | Opp label coverage: 0.90
Step 1966683/5000000 | Win rate (rollout): 0.23 | Loss: 0.209 | Opp label coverage: 0.83
Step 1967198/5000000 | Win rate (rollout): 0.40 | Loss: 0.240 | Opp label coverage: 0.88
Step 1967710/5000000 | Win rate (rollout): 0.40 | Loss: 0.173 | Opp label coverage: 0.83
Step 1968222/5000000 | Win rate (rollout): 0.67 | Loss: 0.188 | Opp label coverage: 0.89
Step 1968737/5000000 | Win rate (rollout): 0.71 | Loss: 0.200 | Opp label coverage: 0.89
Step 1969250/5000000 | Win rate (rollout): 0.67 | Loss: 0.124 | Opp label coverage: 0.90
Step 1969768/5000000 | Win rate (rollout): 0.44 | Loss: 0.207 | Opp label coverage: 0.90
Step 1970280/5000000 | Win rate (rollout): 0.53 | Loss: 0.209 | Opp label coverage: 0.84
Step 1970792/5000000 | Win rate (rollout): 0.38 | Loss: 0.188 | Opp label coverage: 0.84
Step 1971304/5000000 | Win rate (rollout): 0.35 | Loss: 0.218 | Opp label coverage: 0.80
Step 1971817/5000000 | Win rate (rollout): 0.50 | Loss: 0.125 | Opp label coverage: 0.90
Step 1972333/5000000 | Win rate (rollout): 0.67 | Loss: 0.209 | Opp label coverage: 0.87
Step 1972847/5000000 | Win rate (rollout): 0.20 | Loss: 0.133 | Opp label coverage: 0.90
Step 1973359/5000000 | Win rate (rollout): 0.56 | Loss: 0.184 | Opp label coverage: 0.83
Step 1973871/5000000 | Win rate (rollout): 0.79 | Loss: 0.161 | Opp label coverage: 0.85
Step 1974383/5000000 | Win rate (rollout): 0.20 | Loss: 0.212 | Opp label coverage: 0.83
Step 1974895/5000000 | Win rate (rollout): 0.71 | Loss: 0.152 | Opp label coverage: 0.83
Step 1975410/5000000 | Win rate (rollout): 0.62 | Loss: 0.184 | Opp label coverage: 0.90
Step 1975924/5000000 | Win rate (rollout): 0.38 | Loss: 0.179 | Opp label coverage: 0.90
Step 1976443/5000000 | Win rate (rollout): 0.53 | Loss: 0.218 | Opp label coverage: 0.88
Step 1976957/5000000 | Win rate (rollout): 0.31 | Loss: 0.139 | Opp label coverage: 0.92
Step 1977470/5000000 | Win rate (rollout): 0.42 | Loss: 0.151 | Opp label coverage: 0.91
Step 1977984/5000000 | Win rate (rollout): 0.45 | Loss: 0.201 | Opp label coverage: 0.90
Step 1978496/5000000 | Win rate (rollout): 0.46 | Loss: 0.201 | Opp label coverage: 0.85
Step 1979013/5000000 | Win rate (rollout): 0.56 | Loss: 0.159 | Opp label coverage: 0.90
Step 1979528/5000000 | Win rate (rollout): 0.53 | Loss: 0.181 | Opp label coverage: 0.88
Step 1980047/5000000 | Win rate (rollout): 0.33 | Loss: 0.179 | Opp label coverage: 0.90
Step 1980559/5000000 | Win rate (rollout): 0.70 | Loss: 0.162 | Opp label coverage: 0.83
Step 1981071/5000000 | Win rate (rollout): 0.43 | Loss: 0.247 | Opp label coverage: 0.82
Step 1981583/5000000 | Win rate (rollout): 0.56 | Loss: 0.179 | Opp label coverage: 0.83
Step 1982095/5000000 | Win rate (rollout): 0.58 | Loss: 0.195 | Opp label coverage: 0.82
Step 1982608/5000000 | Win rate (rollout): 0.78 | Loss: 0.146 | Opp label coverage: 0.90
Step 1983120/5000000 | Win rate (rollout): 0.55 | Loss: 0.175 | Opp label coverage: 0.80
Step 1983637/5000000 | Win rate (rollout): 0.70 | Loss: 0.142 | Opp label coverage: 0.87
Step 1984149/5000000 | Win rate (rollout): 0.70 | Loss: 0.165 | Opp label coverage: 0.81
Step 1984661/5000000 | Win rate (rollout): 0.20 | Loss: 0.205 | Opp label coverage: 0.82
Step 1985173/5000000 | Win rate (rollout): 0.70 | Loss: 0.200 | Opp label coverage: 0.83
Step 1985685/5000000 | Win rate (rollout): 0.79 | Loss: 0.194 | Opp label coverage: 0.84
Step 1986197/5000000 | Win rate (rollout): 0.50 | Loss: 0.191 | Opp label coverage: 0.80
Step 1986711/5000000 | Win rate (rollout): 0.55 | Loss: 0.290 | Opp label coverage: 0.89
Step 1987223/5000000 | Win rate (rollout): 0.55 | Loss: 0.174 | Opp label coverage: 0.83
Step 1987735/5000000 | Win rate (rollout): 0.50 | Loss: 0.200 | Opp label coverage: 0.79
Step 1988247/5000000 | Win rate (rollout): 0.80 | Loss: 0.185 | Opp label coverage: 0.85
Step 1988759/5000000 | Win rate (rollout): 0.54 | Loss: 0.207 | Opp label coverage: 0.83
Step 1989276/5000000 | Win rate (rollout): 0.50 | Loss: 0.210 | Opp label coverage: 0.89
Step 1989788/5000000 | Win rate (rollout): 0.30 | Loss: 0.204 | Opp label coverage: 0.85
Step 1990300/5000000 | Win rate (rollout): 0.33 | Loss: 0.176 | Opp label coverage: 0.83
Step 1990817/5000000 | Win rate (rollout): 0.88 | Loss: 0.188 | Opp label coverage: 0.92
Step 1991329/5000000 | Win rate (rollout): 0.91 | Loss: 0.155 | Opp label coverage: 0.84
Step 1991841/5000000 | Win rate (rollout): 0.69 | Loss: 0.183 | Opp label coverage: 0.81
Step 1992354/5000000 | Win rate (rollout): 0.40 | Loss: 0.177 | Opp label coverage: 0.90
Step 1992866/5000000 | Win rate (rollout): 0.46 | Loss: 0.204 | Opp label coverage: 0.80
Step 1993380/5000000 | Win rate (rollout): 0.40 | Loss: 0.218 | Opp label coverage: 0.89
Step 1993897/5000000 | Win rate (rollout): 0.54 | Loss: 0.210 | Opp label coverage: 0.90
Step 1994409/5000000 | Win rate (rollout): 0.44 | Loss: 0.194 | Opp label coverage: 0.91
Step 1994921/5000000 | Win rate (rollout): 0.50 | Loss: 0.172 | Opp label coverage: 0.78
Step 1995435/5000000 | Win rate (rollout): 0.64 | Loss: 0.154 | Opp label coverage: 0.89
Step 1995950/5000000 | Win rate (rollout): 0.69 | Loss: 0.247 | Opp label coverage: 0.90
Step 1996465/5000000 | Win rate (rollout): 0.40 | Loss: 0.199 | Opp label coverage: 0.88
Step 1996977/5000000 | Win rate (rollout): 0.67 | Loss: 0.183 | Opp label coverage: 0.84
Step 1997490/5000000 | Win rate (rollout): 0.60 | Loss: 0.098 | Opp label coverage: 0.91
Step 1998002/5000000 | Win rate (rollout): 0.38 | Loss: 0.161 | Opp label coverage: 0.80
Step 1998514/5000000 | Win rate (rollout): 0.64 | Loss: 0.209 | Opp label coverage: 0.89
Step 1999026/5000000 | Win rate (rollout): 0.50 | Loss: 0.177 | Opp label coverage: 0.80
Step 1999538/5000000 | Win rate (rollout): 0.70 | Loss: 0.175 | Opp label coverage: 0.89
[checkpoint] Saved models/ppo/checkpoints/m9p2c/ppo_step_2000026.pt
Step 2000050/5000000 | Win rate (rollout): 0.56 | Loss: 0.170 | Opp label coverage: 0.82
Step 2000563/5000000 | Win rate (rollout): 0.33 | Loss: 0.245 | Opp label coverage: 0.89
Step 2001078/5000000 | Win rate (rollout): 0.69 | Loss: 0.204 | Opp label coverage: 0.90
Step 2001590/5000000 | Win rate (rollout): 0.67 | Loss: 0.152 | Opp label coverage: 0.86
Step 2002102/5000000 | Win rate (rollout): 0.50 | Loss: 0.172 | Opp label coverage: 0.83
Step 2002614/5000000 | Win rate (rollout): 0.42 | Loss: 0.184 | Opp label coverage: 0.81
Step 2003130/5000000 | Win rate (rollout): 0.75 | Loss: 0.239 | Opp label coverage: 0.90
Step 2003642/5000000 | Win rate (rollout): 0.50 | Loss: 0.180 | Opp label coverage: 0.81
Step 2004155/5000000 | Win rate (rollout): 0.40 | Loss: 0.102 | Opp label coverage: 0.87
Step 2004667/5000000 | Win rate (rollout): 0.17 | Loss: 0.188 | Opp label coverage: 0.82
Step 2005182/5000000 | Win rate (rollout): 0.60 | Loss: 0.189 | Opp label coverage: 0.89
Step 2005694/5000000 | Win rate (rollout): 0.33 | Loss: 0.170 | Opp label coverage: 0.86
Step 2006207/5000000 | Win rate (rollout): 0.44 | Loss: 0.104 | Opp label coverage: 0.90
Step 2006720/5000000 | Win rate (rollout): 0.45 | Loss: 0.309 | Opp label coverage: 0.90
Step 2007232/5000000 | Win rate (rollout): 0.60 | Loss: 0.186 | Opp label coverage: 0.89
Step 2007744/5000000 | Win rate (rollout): 0.50 | Loss: 0.192 | Opp label coverage: 0.80
Step 2008256/5000000 | Win rate (rollout): 0.67 | Loss: 0.175 | Opp label coverage: 0.84
Step 2008772/5000000 | Win rate (rollout): 0.67 | Loss: 0.225 | Opp label coverage: 0.90
Step 2009284/5000000 | Win rate (rollout): 0.45 | Loss: 0.157 | Opp label coverage: 0.83
Step 2009796/5000000 | Win rate (rollout): 0.67 | Loss: 0.197 | Opp label coverage: 0.84
Step 2010312/5000000 | Win rate (rollout): 0.45 | Loss: 0.223 | Opp label coverage: 0.89
Step 2010831/5000000 | Win rate (rollout): 0.45 | Loss: 0.155 | Opp label coverage: 0.91
Step 2011349/5000000 | Win rate (rollout): 0.71 | Loss: 0.171 | Opp label coverage: 0.91
Step 2011867/5000000 | Win rate (rollout): 0.33 | Loss: 0.211 | Opp label coverage: 0.87
Step 2012379/5000000 | Win rate (rollout): 0.36 | Loss: 0.208 | Opp label coverage: 0.88
Step 2012891/5000000 | Win rate (rollout): 0.58 | Loss: 0.209 | Opp label coverage: 0.84
Step 2013409/5000000 | Win rate (rollout): 0.45 | Loss: 0.205 | Opp label coverage: 0.89
Step 2013927/5000000 | Win rate (rollout): 0.86 | Loss: 0.214 | Opp label coverage: 0.93
Step 2014439/5000000 | Win rate (rollout): 0.50 | Loss: 0.167 | Opp label coverage: 0.78
Step 2014951/5000000 | Win rate (rollout): 0.53 | Loss: 0.210 | Opp label coverage: 0.82
Step 2015463/5000000 | Win rate (rollout): 0.50 | Loss: 0.195 | Opp label coverage: 0.83
Step 2015975/5000000 | Win rate (rollout): 0.44 | Loss: 0.214 | Opp label coverage: 0.82
Step 2016487/5000000 | Win rate (rollout): 0.59 | Loss: 0.195 | Opp label coverage: 0.83
Step 2017006/5000000 | Win rate (rollout): 0.75 | Loss: 0.203 | Opp label coverage: 0.92
Step 2017519/5000000 | Win rate (rollout): 0.50 | Loss: 0.183 | Opp label coverage: 0.90
Step 2018035/5000000 | Win rate (rollout): 0.62 | Loss: 0.221 | Opp label coverage: 0.91
Step 2018547/5000000 | Win rate (rollout): 0.38 | Loss: 0.198 | Opp label coverage: 0.84
Step 2019061/5000000 | Win rate (rollout): 0.67 | Loss: 0.137 | Opp label coverage: 0.90
Step 2019573/5000000 | Win rate (rollout): 0.58 | Loss: 0.216 | Opp label coverage: 0.84
Step 2020085/5000000 | Win rate (rollout): 0.60 | Loss: 0.179 | Opp label coverage: 0.81
Step 2020599/5000000 | Win rate (rollout): 0.20 | Loss: 0.183 | Opp label coverage: 0.89
Step 2021115/5000000 | Win rate (rollout): 0.50 | Loss: 0.185 | Opp label coverage: 0.89
Step 2021627/5000000 | Win rate (rollout): 0.50 | Loss: 0.202 | Opp label coverage: 0.85
Step 2022141/5000000 | Win rate (rollout): 0.56 | Loss: 0.151 | Opp label coverage: 0.90
Step 2022658/5000000 | Win rate (rollout): 0.42 | Loss: 0.191 | Opp label coverage: 0.90
Step 2023170/5000000 | Win rate (rollout): 0.69 | Loss: 0.151 | Opp label coverage: 0.83
Step 2023683/5000000 | Win rate (rollout): 0.56 | Loss: 0.257 | Opp label coverage: 0.89
Step 2024200/5000000 | Win rate (rollout): 0.56 | Loss: 0.193 | Opp label coverage: 0.91
Step 2024712/5000000 | Win rate (rollout): 0.62 | Loss: 0.216 | Opp label coverage: 0.83
Step 2025224/5000000 | Win rate (rollout): 0.50 | Loss: 0.181 | Opp label coverage: 0.80
Step 2025736/5000000 | Win rate (rollout): 0.56 | Loss: 0.167 | Opp label coverage: 0.81
Step 2026255/5000000 | Win rate (rollout): 0.75 | Loss: 0.221 | Opp label coverage: 0.90
Step 2026767/5000000 | Win rate (rollout): 0.75 | Loss: 0.173 | Opp label coverage: 0.86
Step 2027279/5000000 | Win rate (rollout): 0.25 | Loss: 0.185 | Opp label coverage: 0.88
Step 2027791/5000000 | Win rate (rollout): 0.40 | Loss: 0.195 | Opp label coverage: 0.83
Step 2028308/5000000 | Win rate (rollout): 0.36 | Loss: 0.201 | Opp label coverage: 0.89
Step 2028820/5000000 | Win rate (rollout): 0.31 | Loss: 0.204 | Opp label coverage: 0.81
Step 2029337/5000000 | Win rate (rollout): 0.50 | Loss: 0.190 | Opp label coverage: 0.89
Step 2029849/5000000 | Win rate (rollout): 0.71 | Loss: 0.179 | Opp label coverage: 0.90
Step 2030361/5000000 | Win rate (rollout): 0.50 | Loss: 0.187 | Opp label coverage: 0.82
Step 2030879/5000000 | Win rate (rollout): 0.62 | Loss: 0.214 | Opp label coverage: 0.89
Step 2031391/5000000 | Win rate (rollout): 0.43 | Loss: 0.198 | Opp label coverage: 0.80
Step 2031908/5000000 | Win rate (rollout): 0.67 | Loss: 0.234 | Opp label coverage: 0.88
Step 2032420/5000000 | Win rate (rollout): 0.38 | Loss: 0.195 | Opp label coverage: 0.83
Step 2032932/5000000 | Win rate (rollout): 0.70 | Loss: 0.202 | Opp label coverage: 0.89
Step 2033444/5000000 | Win rate (rollout): 0.50 | Loss: 0.174 | Opp label coverage: 0.85
Step 2033956/5000000 | Win rate (rollout): 0.70 | Loss: 0.191 | Opp label coverage: 0.85
Step 2034468/5000000 | Win rate (rollout): 0.69 | Loss: 0.170 | Opp label coverage: 0.83
Step 2034984/5000000 | Win rate (rollout): 0.40 | Loss: 0.239 | Opp label coverage: 0.89
Step 2035497/5000000 | Win rate (rollout): 0.50 | Loss: 0.202 | Opp label coverage: 0.88
Step 2036009/5000000 | Win rate (rollout): 0.21 | Loss: 0.206 | Opp label coverage: 0.84
Step 2036521/5000000 | Win rate (rollout): 0.40 | Loss: 0.198 | Opp label coverage: 0.85
Step 2037033/5000000 | Win rate (rollout): 0.64 | Loss: 0.187 | Opp label coverage: 0.87
Step 2037548/5000000 | Win rate (rollout): 0.38 | Loss: 0.136 | Opp label coverage: 0.90
Step 2038060/5000000 | Win rate (rollout): 0.73 | Loss: 0.190 | Opp label coverage: 0.85
Step 2038575/5000000 | Win rate (rollout): 0.70 | Loss: 0.183 | Opp label coverage: 0.90
Step 2039087/5000000 | Win rate (rollout): 0.54 | Loss: 0.177 | Opp label coverage: 0.82
Step 2039599/5000000 | Win rate (rollout): 0.73 | Loss: 0.142 | Opp label coverage: 0.81
Step 2040111/5000000 | Win rate (rollout): 0.36 | Loss: 0.201 | Opp label coverage: 0.85
Step 2040623/5000000 | Win rate (rollout): 0.67 | Loss: 0.223 | Opp label coverage: 0.78
Step 2041136/5000000 | Win rate (rollout): 0.44 | Loss: 0.221 | Opp label coverage: 0.91
Step 2041650/5000000 | Win rate (rollout): 0.58 | Loss: 0.188 | Opp label coverage: 0.90
Step 2042162/5000000 | Win rate (rollout): 0.67 | Loss: 0.158 | Opp label coverage: 0.77
Step 2042674/5000000 | Win rate (rollout): 0.69 | Loss: 0.183 | Opp label coverage: 0.83
Step 2043186/5000000 | Win rate (rollout): 0.41 | Loss: 0.195 | Opp label coverage: 0.83
Step 2043698/5000000 | Win rate (rollout): 0.80 | Loss: 0.196 | Opp label coverage: 0.77
Step 2044210/5000000 | Win rate (rollout): 0.54 | Loss: 0.201 | Opp label coverage: 0.82
Step 2044728/5000000 | Win rate (rollout): 0.56 | Loss: 0.182 | Opp label coverage: 0.89
Step 2045240/5000000 | Win rate (rollout): 0.67 | Loss: 0.190 | Opp label coverage: 0.82
Step 2045752/5000000 | Win rate (rollout): 0.38 | Loss: 0.186 | Opp label coverage: 0.84
Step 2046268/5000000 | Win rate (rollout): 0.55 | Loss: 0.185 | Opp label coverage: 0.90
Step 2046780/5000000 | Win rate (rollout): 0.67 | Loss: 0.198 | Opp label coverage: 0.85
Step 2047294/5000000 | Win rate (rollout): 0.64 | Loss: 0.190 | Opp label coverage: 0.90
Step 2047809/5000000 | Win rate (rollout): 0.64 | Loss: 0.213 | Opp label coverage: 0.90
Step 2048325/5000000 | Win rate (rollout): 0.62 | Loss: 0.188 | Opp label coverage: 0.91
Step 2048837/5000000 | Win rate (rollout): 0.50 | Loss: 0.172 | Opp label coverage: 0.79
Step 2049349/5000000 | Win rate (rollout): 0.22 | Loss: 0.166 | Opp label coverage: 0.83
Step 2049861/5000000 | Win rate (rollout): 0.67 | Loss: 0.193 | Opp label coverage: 0.82
Step 2050373/5000000 | Win rate (rollout): 0.58 | Loss: 0.190 | Opp label coverage: 0.81
Step 2050891/5000000 | Win rate (rollout): 0.20 | Loss: 0.195 | Opp label coverage: 0.90
Step 2051410/5000000 | Win rate (rollout): 0.64 | Loss: 0.178 | Opp label coverage: 0.87
Step 2051925/5000000 | Win rate (rollout): 0.53 | Loss: 0.154 | Opp label coverage: 0.89
Step 2052437/5000000 | Win rate (rollout): 0.47 | Loss: 0.181 | Opp label coverage: 0.85
Step 2052949/5000000 | Win rate (rollout): 0.56 | Loss: 0.171 | Opp label coverage: 0.79
Step 2053461/5000000 | Win rate (rollout): 0.42 | Loss: 0.194 | Opp label coverage: 0.82
Step 2053973/5000000 | Win rate (rollout): 0.56 | Loss: 0.204 | Opp label coverage: 0.83
Step 2054485/5000000 | Win rate (rollout): 0.85 | Loss: 0.212 | Opp label coverage: 0.82
Step 2054997/5000000 | Win rate (rollout): 0.44 | Loss: 0.195 | Opp label coverage: 0.83
Step 2055513/5000000 | Win rate (rollout): 0.50 | Loss: 0.183 | Opp label coverage: 0.89
Step 2056027/5000000 | Win rate (rollout): 0.62 | Loss: 0.159 | Opp label coverage: 0.90
Step 2056542/5000000 | Win rate (rollout): 0.47 | Loss: 0.224 | Opp label coverage: 0.87
Step 2057054/5000000 | Win rate (rollout): 0.83 | Loss: 0.192 | Opp label coverage: 0.86
Step 2057570/5000000 | Win rate (rollout): 0.11 | Loss: 0.239 | Opp label coverage: 0.89
Step 2058088/5000000 | Win rate (rollout): 0.27 | Loss: 0.158 | Opp label coverage: 0.90
Step 2058600/5000000 | Win rate (rollout): 0.36 | Loss: 0.183 | Opp label coverage: 0.88
Step 2059112/5000000 | Win rate (rollout): 0.33 | Loss: 0.166 | Opp label coverage: 0.78
Step 2059624/5000000 | Win rate (rollout): 0.50 | Loss: 0.198 | Opp label coverage: 0.80
Step 2060139/5000000 | Win rate (rollout): 0.56 | Loss: 0.183 | Opp label coverage: 0.88
Step 2060651/5000000 | Win rate (rollout): 0.33 | Loss: 0.196 | Opp label coverage: 0.79
Step 2061163/5000000 | Win rate (rollout): 0.21 | Loss: 0.190 | Opp label coverage: 0.80
Step 2061675/5000000 | Win rate (rollout): 0.47 | Loss: 0.206 | Opp label coverage: 0.83
Step 2062187/5000000 | Win rate (rollout): 0.36 | Loss: 0.187 | Opp label coverage: 0.83
Step 2062705/5000000 | Win rate (rollout): 0.62 | Loss: 0.222 | Opp label coverage: 0.87
Step 2063217/5000000 | Win rate (rollout): 0.23 | Loss: 0.176 | Opp label coverage: 0.83
Step 2063730/5000000 | Win rate (rollout): 0.27 | Loss: 0.189 | Opp label coverage: 0.89
Step 2064248/5000000 | Win rate (rollout): 0.27 | Loss: 0.176 | Opp label coverage: 0.89
Step 2064762/5000000 | Win rate (rollout): 0.64 | Loss: 0.217 | Opp label coverage: 0.90
Step 2065274/5000000 | Win rate (rollout): 0.60 | Loss: 0.199 | Opp label coverage: 0.79
Step 2065786/5000000 | Win rate (rollout): 0.59 | Loss: 0.198 | Opp label coverage: 0.80
Step 2066298/5000000 | Win rate (rollout): 0.60 | Loss: 0.190 | Opp label coverage: 0.84
Step 2066811/5000000 | Win rate (rollout): 0.56 | Loss: 0.191 | Opp label coverage: 0.91
Step 2067324/5000000 | Win rate (rollout): 0.71 | Loss: 0.178 | Opp label coverage: 0.88
Step 2067836/5000000 | Win rate (rollout): 0.57 | Loss: 0.202 | Opp label coverage: 0.83
Step 2068352/5000000 | Win rate (rollout): 0.33 | Loss: 0.212 | Opp label coverage: 0.89
Step 2068866/5000000 | Win rate (rollout): 0.53 | Loss: 0.194 | Opp label coverage: 0.91
Step 2069378/5000000 | Win rate (rollout): 0.64 | Loss: 0.178 | Opp label coverage: 0.91
Step 2069895/5000000 | Win rate (rollout): 0.43 | Loss: 0.233 | Opp label coverage: 0.89
Step 2070407/5000000 | Win rate (rollout): 0.46 | Loss: 0.193 | Opp label coverage: 0.82
Step 2070921/5000000 | Win rate (rollout): 0.67 | Loss: 0.248 | Opp label coverage: 0.89
Step 2071433/5000000 | Win rate (rollout): 0.45 | Loss: 0.196 | Opp label coverage: 0.77
Step 2071945/5000000 | Win rate (rollout): 0.40 | Loss: 0.174 | Opp label coverage: 0.83
Step 2072457/5000000 | Win rate (rollout): 0.38 | Loss: 0.184 | Opp label coverage: 0.75
Step 2072969/5000000 | Win rate (rollout): 0.75 | Loss: 0.170 | Opp label coverage: 0.83
Step 2073488/5000000 | Win rate (rollout): 0.42 | Loss: 0.175 | Opp label coverage: 0.89
Step 2074007/5000000 | Win rate (rollout): 0.50 | Loss: 0.176 | Opp label coverage: 0.89
Step 2074519/5000000 | Win rate (rollout): 0.46 | Loss: 0.242 | Opp label coverage: 0.84
Step 2075034/5000000 | Win rate (rollout): 0.62 | Loss: 0.140 | Opp label coverage: 0.91
Step 2075546/5000000 | Win rate (rollout): 0.70 | Loss: 0.176 | Opp label coverage: 0.83
Step 2076062/5000000 | Win rate (rollout): 0.40 | Loss: 0.221 | Opp label coverage: 0.89
Step 2076575/5000000 | Win rate (rollout): 0.57 | Loss: 0.187 | Opp label coverage: 0.91
Step 2077090/5000000 | Win rate (rollout): 0.75 | Loss: 0.192 | Opp label coverage: 0.90
Step 2077602/5000000 | Win rate (rollout): 0.67 | Loss: 0.153 | Opp label coverage: 0.81
Step 2078114/5000000 | Win rate (rollout): 0.29 | Loss: 0.218 | Opp label coverage: 0.81
Step 2078626/5000000 | Win rate (rollout): 0.47 | Loss: 0.230 | Opp label coverage: 0.82
Step 2079138/5000000 | Win rate (rollout): 0.60 | Loss: 0.187 | Opp label coverage: 0.83
Step 2079652/5000000 | Win rate (rollout): 0.36 | Loss: 0.226 | Opp label coverage: 0.89
Step 2080164/5000000 | Win rate (rollout): 0.62 | Loss: 0.174 | Opp label coverage: 0.87
Step 2080676/5000000 | Win rate (rollout): 0.33 | Loss: 0.194 | Opp label coverage: 0.82
Step 2081189/5000000 | Win rate (rollout): 0.00 | Loss: 0.131 | Opp label coverage: 0.89
Step 2081706/5000000 | Win rate (rollout): 0.44 | Loss: 0.142 | Opp label coverage: 0.90
Step 2082224/5000000 | Win rate (rollout): 0.62 | Loss: 0.235 | Opp label coverage: 0.89
Step 2082737/5000000 | Win rate (rollout): 0.23 | Loss: 0.218 | Opp label coverage: 0.89
Step 2083249/5000000 | Win rate (rollout): 0.50 | Loss: 0.223 | Opp label coverage: 0.84
Step 2083761/5000000 | Win rate (rollout): 0.71 | Loss: 0.171 | Opp label coverage: 0.80
Step 2084274/5000000 | Win rate (rollout): 0.33 | Loss: 0.130 | Opp label coverage: 0.89
Step 2084789/5000000 | Win rate (rollout): 0.19 | Loss: 0.205 | Opp label coverage: 0.89
Step 2085301/5000000 | Win rate (rollout): 0.50 | Loss: 0.175 | Opp label coverage: 0.84
Step 2085813/5000000 | Win rate (rollout): 0.18 | Loss: 0.218 | Opp label coverage: 0.89
Step 2086328/5000000 | Win rate (rollout): 0.62 | Loss: 0.205 | Opp label coverage: 0.89
Step 2086840/5000000 | Win rate (rollout): 0.20 | Loss: 0.211 | Opp label coverage: 0.80
Step 2087352/5000000 | Win rate (rollout): 0.44 | Loss: 0.169 | Opp label coverage: 0.83
Step 2087866/5000000 | Win rate (rollout): 0.50 | Loss: 0.249 | Opp label coverage: 0.89
Step 2088378/5000000 | Win rate (rollout): 0.17 | Loss: 0.164 | Opp label coverage: 0.82
Step 2088890/5000000 | Win rate (rollout): 0.50 | Loss: 0.185 | Opp label coverage: 0.84
Step 2089402/5000000 | Win rate (rollout): 0.36 | Loss: 0.193 | Opp label coverage: 0.81
Step 2089914/5000000 | Win rate (rollout): 0.50 | Loss: 0.206 | Opp label coverage: 0.83
Step 2090427/5000000 | Win rate (rollout): 0.27 | Loss: 0.213 | Opp label coverage: 0.89
Step 2090940/5000000 | Win rate (rollout): 0.50 | Loss: 0.106 | Opp label coverage: 0.88
Step 2091452/5000000 | Win rate (rollout): 0.18 | Loss: 0.180 | Opp label coverage: 0.85
Step 2091964/5000000 | Win rate (rollout): 0.56 | Loss: 0.206 | Opp label coverage: 0.89
Step 2092476/5000000 | Win rate (rollout): 0.33 | Loss: 0.188 | Opp label coverage: 0.81
Step 2092988/5000000 | Win rate (rollout): 0.31 | Loss: 0.186 | Opp label coverage: 0.78
Step 2093503/5000000 | Win rate (rollout): 0.73 | Loss: 0.180 | Opp label coverage: 0.90
Step 2094015/5000000 | Win rate (rollout): 0.57 | Loss: 0.159 | Opp label coverage: 0.86
Step 2094527/5000000 | Win rate (rollout): 0.67 | Loss: 0.152 | Opp label coverage: 0.84
Step 2095041/5000000 | Win rate (rollout): 0.78 | Loss: 0.251 | Opp label coverage: 0.93
Step 2095553/5000000 | Win rate (rollout): 0.57 | Loss: 0.183 | Opp label coverage: 0.79
Step 2096068/5000000 | Win rate (rollout): 0.83 | Loss: 0.191 | Opp label coverage: 0.91
Step 2096583/5000000 | Win rate (rollout): 0.25 | Loss: 0.228 | Opp label coverage: 0.88
Step 2097101/5000000 | Win rate (rollout): 0.38 | Loss: 0.235 | Opp label coverage: 0.89
Step 2097619/5000000 | Win rate (rollout): 0.50 | Loss: 0.227 | Opp label coverage: 0.89
Step 2098136/5000000 | Win rate (rollout): 0.29 | Loss: 0.139 | Opp label coverage: 0.90
Step 2098653/5000000 | Win rate (rollout): 0.40 | Loss: 0.204 | Opp label coverage: 0.89
Step 2099165/5000000 | Win rate (rollout): 0.36 | Loss: 0.169 | Opp label coverage: 0.82
Step 2099677/5000000 | Win rate (rollout): 0.60 | Loss: 0.191 | Opp label coverage: 0.85
Step 2100189/5000000 | Win rate (rollout): 0.38 | Loss: 0.185 | Opp label coverage: 0.82
Step 2100701/5000000 | Win rate (rollout): 0.71 | Loss: 0.189 | Opp label coverage: 0.87
Step 2101213/5000000 | Win rate (rollout): 0.75 | Loss: 0.181 | Opp label coverage: 0.76
Step 2101731/5000000 | Win rate (rollout): 0.33 | Loss: 0.215 | Opp label coverage: 0.89
Step 2102243/5000000 | Win rate (rollout): 0.75 | Loss: 0.178 | Opp label coverage: 0.83
Step 2102755/5000000 | Win rate (rollout): 0.70 | Loss: 0.188 | Opp label coverage: 0.88
Step 2103267/5000000 | Win rate (rollout): 0.75 | Loss: 0.174 | Opp label coverage: 0.79
Step 2103783/5000000 | Win rate (rollout): 0.29 | Loss: 0.222 | Opp label coverage: 0.88
Step 2104295/5000000 | Win rate (rollout): 0.25 | Loss: 0.183 | Opp label coverage: 0.79
Step 2104809/5000000 | Win rate (rollout): 0.50 | Loss: 0.162 | Opp label coverage: 0.90
Step 2105321/5000000 | Win rate (rollout): 0.44 | Loss: 0.190 | Opp label coverage: 0.86
Step 2105834/5000000 | Win rate (rollout): 0.62 | Loss: 0.253 | Opp label coverage: 0.92
Step 2106348/5000000 | Win rate (rollout): 0.57 | Loss: 0.207 | Opp label coverage: 0.90
Step 2106864/5000000 | Win rate (rollout): 0.33 | Loss: 0.181 | Opp label coverage: 0.88
Step 2107377/5000000 | Win rate (rollout): 0.44 | Loss: 0.102 | Opp label coverage: 0.90
Step 2107893/5000000 | Win rate (rollout): 0.31 | Loss: 0.184 | Opp label coverage: 0.87
Step 2108405/5000000 | Win rate (rollout): 0.67 | Loss: 0.190 | Opp label coverage: 0.80
Step 2108923/5000000 | Win rate (rollout): 0.67 | Loss: 0.194 | Opp label coverage: 0.91
Step 2109436/5000000 | Win rate (rollout): 0.54 | Loss: 0.186 | Opp label coverage: 0.90
Step 2109948/5000000 | Win rate (rollout): 0.36 | Loss: 0.177 | Opp label coverage: 0.83
Step 2110465/5000000 | Win rate (rollout): 0.50 | Loss: 0.179 | Opp label coverage: 0.89
Step 2110977/5000000 | Win rate (rollout): 0.31 | Loss: 0.189 | Opp label coverage: 0.90
Step 2111494/5000000 | Win rate (rollout): 0.56 | Loss: 0.167 | Opp label coverage: 0.90
Step 2112007/5000000 | Win rate (rollout): 0.57 | Loss: 0.189 | Opp label coverage: 0.87
Step 2112519/5000000 | Win rate (rollout): 0.78 | Loss: 0.181 | Opp label coverage: 0.84
Step 2113031/5000000 | Win rate (rollout): 0.50 | Loss: 0.204 | Opp label coverage: 0.87
Step 2113543/5000000 | Win rate (rollout): 0.69 | Loss: 0.158 | Opp label coverage: 0.78
Step 2114060/5000000 | Win rate (rollout): 0.40 | Loss: 0.252 | Opp label coverage: 0.90
Step 2114579/5000000 | Win rate (rollout): 0.67 | Loss: 0.211 | Opp label coverage: 0.91
Step 2115096/5000000 | Win rate (rollout): 0.54 | Loss: 0.203 | Opp label coverage: 0.89
Step 2115608/5000000 | Win rate (rollout): 0.58 | Loss: 0.185 | Opp label coverage: 0.78
Step 2116120/5000000 | Win rate (rollout): 0.56 | Loss: 0.162 | Opp label coverage: 0.83
Step 2116633/5000000 | Win rate (rollout): 0.70 | Loss: 0.157 | Opp label coverage: 0.89
Step 2117150/5000000 | Win rate (rollout): 0.43 | Loss: 0.158 | Opp label coverage: 0.88
Step 2117669/5000000 | Win rate (rollout): 0.36 | Loss: 0.213 | Opp label coverage: 0.91
Step 2118181/5000000 | Win rate (rollout): 0.33 | Loss: 0.178 | Opp label coverage: 0.91
Step 2118693/5000000 | Win rate (rollout): 0.80 | Loss: 0.247 | Opp label coverage: 0.82
Step 2119205/5000000 | Win rate (rollout): 0.50 | Loss: 0.166 | Opp label coverage: 0.84
Step 2119717/5000000 | Win rate (rollout): 0.38 | Loss: 0.166 | Opp label coverage: 0.80
Step 2120229/5000000 | Win rate (rollout): 0.44 | Loss: 0.169 | Opp label coverage: 0.79
Step 2120741/5000000 | Win rate (rollout): 0.62 | Loss: 0.174 | Opp label coverage: 0.80
Step 2121257/5000000 | Win rate (rollout): 0.50 | Loss: 0.225 | Opp label coverage: 0.90
Step 2121769/5000000 | Win rate (rollout): 0.33 | Loss: 0.182 | Opp label coverage: 0.86
Step 2122281/5000000 | Win rate (rollout): 0.60 | Loss: 0.236 | Opp label coverage: 0.86
Step 2122793/5000000 | Win rate (rollout): 0.47 | Loss: 0.198 | Opp label coverage: 0.82
Step 2123307/5000000 | Win rate (rollout): 0.56 | Loss: 0.260 | Opp label coverage: 0.89
Step 2123824/5000000 | Win rate (rollout): 0.58 | Loss: 0.194 | Opp label coverage: 0.91
Step 2124336/5000000 | Win rate (rollout): 0.70 | Loss: 0.166 | Opp label coverage: 0.78
Step 2124848/5000000 | Win rate (rollout): 0.89 | Loss: 0.175 | Opp label coverage: 0.91
Step 2125364/5000000 | Win rate (rollout): 0.42 | Loss: 0.220 | Opp label coverage: 0.90
Step 2125876/5000000 | Win rate (rollout): 0.64 | Loss: 0.209 | Opp label coverage: 0.83
Step 2126388/5000000 | Win rate (rollout): 0.20 | Loss: 0.165 | Opp label coverage: 0.82
Step 2126900/5000000 | Win rate (rollout): 0.60 | Loss: 0.180 | Opp label coverage: 0.82
Step 2127412/5000000 | Win rate (rollout): 0.50 | Loss: 0.190 | Opp label coverage: 0.81
Step 2127924/5000000 | Win rate (rollout): 0.42 | Loss: 0.247 | Opp label coverage: 0.89
Step 2128436/5000000 | Win rate (rollout): 0.58 | Loss: 0.178 | Opp label coverage: 0.80
Step 2128948/5000000 | Win rate (rollout): 0.78 | Loss: 0.217 | Opp label coverage: 0.85
Step 2129460/5000000 | Win rate (rollout): 0.50 | Loss: 0.202 | Opp label coverage: 0.77
Step 2129972/5000000 | Win rate (rollout): 0.50 | Loss: 0.185 | Opp label coverage: 0.88
Step 2130484/5000000 | Win rate (rollout): 0.50 | Loss: 0.179 | Opp label coverage: 0.84
Step 2130996/5000000 | Win rate (rollout): 0.50 | Loss: 0.189 | Opp label coverage: 0.84
Step 2131508/5000000 | Win rate (rollout): 0.33 | Loss: 0.177 | Opp label coverage: 0.82
Step 2132020/5000000 | Win rate (rollout): 0.75 | Loss: 0.180 | Opp label coverage: 0.86
Step 2132532/5000000 | Win rate (rollout): 0.36 | Loss: 0.206 | Opp label coverage: 0.86
Step 2133047/5000000 | Win rate (rollout): 0.40 | Loss: 0.167 | Opp label coverage: 0.88
Step 2133559/5000000 | Win rate (rollout): 0.64 | Loss: 0.187 | Opp label coverage: 0.85
Step 2134071/5000000 | Win rate (rollout): 0.55 | Loss: 0.216 | Opp label coverage: 0.82
Step 2134583/5000000 | Win rate (rollout): 0.60 | Loss: 0.195 | Opp label coverage: 0.81
Step 2135098/5000000 | Win rate (rollout): 0.40 | Loss: 0.191 | Opp label coverage: 0.89
Step 2135610/5000000 | Win rate (rollout): 0.73 | Loss: 0.167 | Opp label coverage: 0.80
Step 2136126/5000000 | Win rate (rollout): 0.64 | Loss: 0.173 | Opp label coverage: 0.91
Step 2136638/5000000 | Win rate (rollout): 0.67 | Loss: 0.204 | Opp label coverage: 0.84
Step 2137150/5000000 | Win rate (rollout): 0.42 | Loss: 0.174 | Opp label coverage: 0.85
Step 2137662/5000000 | Win rate (rollout): 0.50 | Loss: 0.202 | Opp label coverage: 0.81
Step 2138174/5000000 | Win rate (rollout): 0.70 | Loss: 0.172 | Opp label coverage: 0.83
Step 2138686/5000000 | Win rate (rollout): 0.77 | Loss: 0.201 | Opp label coverage: 0.81
Step 2139202/5000000 | Win rate (rollout): 0.50 | Loss: 0.216 | Opp label coverage: 0.89
Step 2139714/5000000 | Win rate (rollout): 0.50 | Loss: 0.179 | Opp label coverage: 0.85
Step 2140231/5000000 | Win rate (rollout): 0.22 | Loss: 0.200 | Opp label coverage: 0.89
Step 2140743/5000000 | Win rate (rollout): 0.90 | Loss: 0.206 | Opp label coverage: 0.84
Step 2141255/5000000 | Win rate (rollout): 0.58 | Loss: 0.151 | Opp label coverage: 0.87
Step 2141768/5000000 | Win rate (rollout): 0.80 | Loss: 0.176 | Opp label coverage: 0.90
Step 2142284/5000000 | Win rate (rollout): 0.67 | Loss: 0.174 | Opp label coverage: 0.88
Step 2142796/5000000 | Win rate (rollout): 0.43 | Loss: 0.214 | Opp label coverage: 0.81
Step 2143308/5000000 | Win rate (rollout): 0.75 | Loss: 0.203 | Opp label coverage: 0.82
Step 2143820/5000000 | Win rate (rollout): 0.67 | Loss: 0.168 | Opp label coverage: 0.78
Step 2144336/5000000 | Win rate (rollout): 0.45 | Loss: 0.211 | Opp label coverage: 0.88
Step 2144848/5000000 | Win rate (rollout): 0.53 | Loss: 0.215 | Opp label coverage: 0.82
Step 2145360/5000000 | Win rate (rollout): 0.80 | Loss: 0.177 | Opp label coverage: 0.80
Step 2145875/5000000 | Win rate (rollout): 0.62 | Loss: 0.150 | Opp label coverage: 0.92
Step 2146392/5000000 | Win rate (rollout): 0.50 | Loss: 0.220 | Opp label coverage: 0.91
Step 2146908/5000000 | Win rate (rollout): 0.56 | Loss: 0.212 | Opp label coverage: 0.88
Step 2147423/5000000 | Win rate (rollout): 0.33 | Loss: 0.161 | Opp label coverage: 0.90
Step 2147938/5000000 | Win rate (rollout): 0.53 | Loss: 0.175 | Opp label coverage: 0.88
Step 2148450/5000000 | Win rate (rollout): 0.46 | Loss: 0.208 | Opp label coverage: 0.88
Step 2148963/5000000 | Win rate (rollout): 0.62 | Loss: 0.282 | Opp label coverage: 0.90
Step 2149475/5000000 | Win rate (rollout): 0.38 | Loss: 0.199 | Opp label coverage: 0.85
Step 2149992/5000000 | Win rate (rollout): 0.50 | Loss: 0.217 | Opp label coverage: 0.89
Step 2150509/5000000 | Win rate (rollout): 0.50 | Loss: 0.209 | Opp label coverage: 0.91
Step 2151021/5000000 | Win rate (rollout): 0.46 | Loss: 0.202 | Opp label coverage: 0.82
Step 2151533/5000000 | Win rate (rollout): 0.53 | Loss: 0.224 | Opp label coverage: 0.84
Step 2152048/5000000 | Win rate (rollout): 0.64 | Loss: 0.190 | Opp label coverage: 0.90
Step 2152560/5000000 | Win rate (rollout): 0.57 | Loss: 0.164 | Opp label coverage: 0.85
Step 2153072/5000000 | Win rate (rollout): 0.75 | Loss: 0.170 | Opp label coverage: 0.83
Step 2153584/5000000 | Win rate (rollout): 0.22 | Loss: 0.194 | Opp label coverage: 0.89
Step 2154097/5000000 | Win rate (rollout): 0.64 | Loss: 0.274 | Opp label coverage: 0.89
Step 2154609/5000000 | Win rate (rollout): 0.43 | Loss: 0.226 | Opp label coverage: 0.85
Step 2155125/5000000 | Win rate (rollout): 0.22 | Loss: 0.203 | Opp label coverage: 0.89
Step 2155638/5000000 | Win rate (rollout): 0.65 | Loss: 0.298 | Opp label coverage: 0.88
Step 2156152/5000000 | Win rate (rollout): 0.53 | Loss: 0.263 | Opp label coverage: 0.90
Step 2156664/5000000 | Win rate (rollout): 0.23 | Loss: 0.196 | Opp label coverage: 0.84
Step 2157176/5000000 | Win rate (rollout): 0.60 | Loss: 0.228 | Opp label coverage: 0.89
Step 2157688/5000000 | Win rate (rollout): 0.75 | Loss: 0.168 | Opp label coverage: 0.83
Step 2158200/5000000 | Win rate (rollout): 0.62 | Loss: 0.177 | Opp label coverage: 0.86
Step 2158712/5000000 | Win rate (rollout): 0.50 | Loss: 0.176 | Opp label coverage: 0.83
Step 2159224/5000000 | Win rate (rollout): 0.64 | Loss: 0.191 | Opp label coverage: 0.84
Step 2159740/5000000 | Win rate (rollout): 0.50 | Loss: 0.199 | Opp label coverage: 0.89
Step 2160252/5000000 | Win rate (rollout): 0.60 | Loss: 0.221 | Opp label coverage: 0.87
Step 2160767/5000000 | Win rate (rollout): 0.64 | Loss: 0.192 | Opp label coverage: 0.90
Step 2161283/5000000 | Win rate (rollout): 0.46 | Loss: 0.200 | Opp label coverage: 0.88
Step 2161799/5000000 | Win rate (rollout): 0.50 | Loss: 0.254 | Opp label coverage: 0.91
Step 2162311/5000000 | Win rate (rollout): 0.57 | Loss: 0.184 | Opp label coverage: 0.87
Step 2162823/5000000 | Win rate (rollout): 0.88 | Loss: 0.200 | Opp label coverage: 0.81
Step 2163335/5000000 | Win rate (rollout): 0.46 | Loss: 0.211 | Opp label coverage: 0.84
Step 2163847/5000000 | Win rate (rollout): 0.38 | Loss: 0.161 | Opp label coverage: 0.83
Step 2164359/5000000 | Win rate (rollout): 0.89 | Loss: 0.179 | Opp label coverage: 0.84
Step 2164876/5000000 | Win rate (rollout): 0.29 | Loss: 0.160 | Opp label coverage: 0.90
Step 2165393/5000000 | Win rate (rollout): 0.46 | Loss: 0.204 | Opp label coverage: 0.90
Step 2165905/5000000 | Win rate (rollout): 0.64 | Loss: 0.205 | Opp label coverage: 0.79
Step 2166419/5000000 | Win rate (rollout): 0.56 | Loss: 0.171 | Opp label coverage: 0.91
Step 2166931/5000000 | Win rate (rollout): 0.86 | Loss: 0.179 | Opp label coverage: 0.83
Step 2167444/5000000 | Win rate (rollout): 0.50 | Loss: 0.132 | Opp label coverage: 0.89
Step 2167959/5000000 | Win rate (rollout): 0.67 | Loss: 0.235 | Opp label coverage: 0.90
Step 2168471/5000000 | Win rate (rollout): 0.64 | Loss: 0.209 | Opp label coverage: 0.82
Step 2168988/5000000 | Win rate (rollout): 0.69 | Loss: 0.250 | Opp label coverage: 0.89
Step 2169503/5000000 | Win rate (rollout): 0.46 | Loss: 0.276 | Opp label coverage: 0.89
Step 2170018/5000000 | Win rate (rollout): 0.56 | Loss: 0.190 | Opp label coverage: 0.87
Step 2170530/5000000 | Win rate (rollout): 0.64 | Loss: 0.190 | Opp label coverage: 0.84
Step 2171042/5000000 | Win rate (rollout): 0.50 | Loss: 0.262 | Opp label coverage: 0.83
Step 2171560/5000000 | Win rate (rollout): 0.50 | Loss: 0.234 | Opp label coverage: 0.90
Step 2172074/5000000 | Win rate (rollout): 0.69 | Loss: 0.222 | Opp label coverage: 0.90
Step 2172586/5000000 | Win rate (rollout): 0.50 | Loss: 0.215 | Opp label coverage: 0.84
Step 2173102/5000000 | Win rate (rollout): 0.55 | Loss: 0.178 | Opp label coverage: 0.88
Step 2173620/5000000 | Win rate (rollout): 0.50 | Loss: 0.207 | Opp label coverage: 0.89
Step 2174138/5000000 | Win rate (rollout): 0.33 | Loss: 0.202 | Opp label coverage: 0.90
Step 2174651/5000000 | Win rate (rollout): 0.47 | Loss: 0.262 | Opp label coverage: 0.89
Step 2175169/5000000 | Win rate (rollout): 0.65 | Loss: 0.232 | Opp label coverage: 0.90
Step 2175682/5000000 | Win rate (rollout): 0.75 | Loss: 0.131 | Opp label coverage: 0.90
Step 2176198/5000000 | Win rate (rollout): 0.50 | Loss: 0.177 | Opp label coverage: 0.90
Step 2176710/5000000 | Win rate (rollout): 0.67 | Loss: 0.189 | Opp label coverage: 0.86
Step 2177222/5000000 | Win rate (rollout): 0.58 | Loss: 0.179 | Opp label coverage: 0.82
Step 2177739/5000000 | Win rate (rollout): 0.60 | Loss: 0.235 | Opp label coverage: 0.91
Step 2178253/5000000 | Win rate (rollout): 0.73 | Loss: 0.244 | Opp label coverage: 0.90
Step 2178765/5000000 | Win rate (rollout): 0.56 | Loss: 0.190 | Opp label coverage: 0.86
Step 2179277/5000000 | Win rate (rollout): 0.67 | Loss: 0.192 | Opp label coverage: 0.84
Step 2179789/5000000 | Win rate (rollout): 0.36 | Loss: 0.217 | Opp label coverage: 0.80
Step 2180301/5000000 | Win rate (rollout): 0.40 | Loss: 0.204 | Opp label coverage: 0.88
Step 2180813/5000000 | Win rate (rollout): 0.75 | Loss: 0.182 | Opp label coverage: 0.84
Step 2181325/5000000 | Win rate (rollout): 0.50 | Loss: 0.177 | Opp label coverage: 0.84
Step 2181841/5000000 | Win rate (rollout): 0.64 | Loss: 0.259 | Opp label coverage: 0.90
Step 2182359/5000000 | Win rate (rollout): 0.62 | Loss: 0.194 | Opp label coverage: 0.91
Step 2182871/5000000 | Win rate (rollout): 0.78 | Loss: 0.171 | Opp label coverage: 0.84
Step 2183387/5000000 | Win rate (rollout): 0.71 | Loss: 0.255 | Opp label coverage: 0.92
Step 2183904/5000000 | Win rate (rollout): 0.88 | Loss: 0.197 | Opp label coverage: 0.91
Step 2184420/5000000 | Win rate (rollout): 0.43 | Loss: 0.207 | Opp label coverage: 0.89
Step 2184932/5000000 | Win rate (rollout): 0.62 | Loss: 0.158 | Opp label coverage: 0.87
Step 2185444/5000000 | Win rate (rollout): 0.36 | Loss: 0.193 | Opp label coverage: 0.81
Step 2185956/5000000 | Win rate (rollout): 0.53 | Loss: 0.215 | Opp label coverage: 0.86
Step 2186469/5000000 | Win rate (rollout): 0.33 | Loss: 0.205 | Opp label coverage: 0.90
Step 2186981/5000000 | Win rate (rollout): 0.25 | Loss: 0.151 | Opp label coverage: 0.83
Step 2187493/5000000 | Win rate (rollout): 0.57 | Loss: 0.170 | Opp label coverage: 0.85
Step 2188005/5000000 | Win rate (rollout): 0.36 | Loss: 0.186 | Opp label coverage: 0.84
Step 2188519/5000000 | Win rate (rollout): 0.44 | Loss: 0.239 | Opp label coverage: 0.91
Step 2189031/5000000 | Win rate (rollout): 0.38 | Loss: 0.191 | Opp label coverage: 0.80
Step 2189547/5000000 | Win rate (rollout): 0.44 | Loss: 0.194 | Opp label coverage: 0.89
Step 2190059/5000000 | Win rate (rollout): 0.38 | Loss: 0.197 | Opp label coverage: 0.82
Step 2190576/5000000 | Win rate (rollout): 0.60 | Loss: 0.186 | Opp label coverage: 0.90
Step 2191093/5000000 | Win rate (rollout): 0.55 | Loss: 0.244 | Opp label coverage: 0.91
Step 2191605/5000000 | Win rate (rollout): 0.67 | Loss: 0.221 | Opp label coverage: 0.90
Step 2192124/5000000 | Win rate (rollout): 0.72 | Loss: 0.231 | Opp label coverage: 0.89
Step 2192636/5000000 | Win rate (rollout): 0.55 | Loss: 0.192 | Opp label coverage: 0.80
Step 2193148/5000000 | Win rate (rollout): 0.82 | Loss: 0.193 | Opp label coverage: 0.84
Step 2193660/5000000 | Win rate (rollout): 0.54 | Loss: 0.179 | Opp label coverage: 0.83
Step 2194172/5000000 | Win rate (rollout): 0.47 | Loss: 0.208 | Opp label coverage: 0.83
Step 2194684/5000000 | Win rate (rollout): 0.67 | Loss: 0.193 | Opp label coverage: 0.86
Step 2195197/5000000 | Win rate (rollout): 0.67 | Loss: 0.206 | Opp label coverage: 0.91
Step 2195709/5000000 | Win rate (rollout): 0.46 | Loss: 0.202 | Opp label coverage: 0.84
Step 2196221/5000000 | Win rate (rollout): 0.90 | Loss: 0.182 | Opp label coverage: 0.83
Step 2196733/5000000 | Win rate (rollout): 0.45 | Loss: 0.185 | Opp label coverage: 0.90
Step 2197248/5000000 | Win rate (rollout): 0.77 | Loss: 0.158 | Opp label coverage: 0.90
Step 2197760/5000000 | Win rate (rollout): 0.67 | Loss: 0.165 | Opp label coverage: 0.88
Step 2198277/5000000 | Win rate (rollout): 0.30 | Loss: 0.209 | Opp label coverage: 0.88
Step 2198790/5000000 | Win rate (rollout): 0.50 | Loss: 0.183 | Opp label coverage: 0.88
Step 2199302/5000000 | Win rate (rollout): 0.67 | Loss: 0.183 | Opp label coverage: 0.86
Step 2199816/5000000 | Win rate (rollout): 0.33 | Loss: 0.208 | Opp label coverage: 0.90
Step 2200328/5000000 | Win rate (rollout): 0.70 | Loss: 0.179 | Opp label coverage: 0.85
Step 2200846/5000000 | Win rate (rollout): 0.75 | Loss: 0.182 | Opp label coverage: 0.91
Step 2201358/5000000 | Win rate (rollout): 0.60 | Loss: 0.188 | Opp label coverage: 0.85
Step 2201870/5000000 | Win rate (rollout): 0.78 | Loss: 0.184 | Opp label coverage: 0.85
Step 2202386/5000000 | Win rate (rollout): 0.75 | Loss: 0.232 | Opp label coverage: 0.88
Step 2202898/5000000 | Win rate (rollout): 0.44 | Loss: 0.213 | Opp label coverage: 0.89
Step 2203416/5000000 | Win rate (rollout): 0.77 | Loss: 0.207 | Opp label coverage: 0.92
Step 2203928/5000000 | Win rate (rollout): 0.75 | Loss: 0.176 | Opp label coverage: 0.85
Step 2204442/5000000 | Win rate (rollout): 0.67 | Loss: 0.134 | Opp label coverage: 0.88
Step 2204954/5000000 | Win rate (rollout): 0.73 | Loss: 0.186 | Opp label coverage: 0.82
Step 2205468/5000000 | Win rate (rollout): 0.40 | Loss: 0.216 | Opp label coverage: 0.88
Step 2205980/5000000 | Win rate (rollout): 0.27 | Loss: 0.192 | Opp label coverage: 0.80
Step 2206492/5000000 | Win rate (rollout): 0.42 | Loss: 0.191 | Opp label coverage: 0.81
Step 2207009/5000000 | Win rate (rollout): 0.45 | Loss: 0.218 | Opp label coverage: 0.89
Step 2207521/5000000 | Win rate (rollout): 0.53 | Loss: 0.199 | Opp label coverage: 0.90
Step 2208035/5000000 | Win rate (rollout): 0.41 | Loss: 0.199 | Opp label coverage: 0.88
Step 2208553/5000000 | Win rate (rollout): 0.62 | Loss: 0.220 | Opp label coverage: 0.89
Step 2209065/5000000 | Win rate (rollout): 0.36 | Loss: 0.164 | Opp label coverage: 0.83
Step 2209578/5000000 | Win rate (rollout): 0.88 | Loss: 0.209 | Opp label coverage: 0.91
Step 2210091/5000000 | Win rate (rollout): 0.46 | Loss: 0.239 | Opp label coverage: 0.90
Step 2210603/5000000 | Win rate (rollout): 0.58 | Loss: 0.201 | Opp label coverage: 0.79
Step 2211115/5000000 | Win rate (rollout): 0.73 | Loss: 0.188 | Opp label coverage: 0.82
Step 2211628/5000000 | Win rate (rollout): 0.62 | Loss: 0.231 | Opp label coverage: 0.91
Step 2212145/5000000 | Win rate (rollout): 0.56 | Loss: 0.212 | Opp label coverage: 0.89
Step 2212662/5000000 | Win rate (rollout): 0.47 | Loss: 0.211 | Opp label coverage: 0.89
Step 2213174/5000000 | Win rate (rollout): 0.50 | Loss: 0.216 | Opp label coverage: 0.84
Step 2213686/5000000 | Win rate (rollout): 0.46 | Loss: 0.178 | Opp label coverage: 0.79
Step 2214203/5000000 | Win rate (rollout): 0.75 | Loss: 0.168 | Opp label coverage: 0.92
Step 2214715/5000000 | Win rate (rollout): 0.36 | Loss: 0.172 | Opp label coverage: 0.80
Step 2215233/5000000 | Win rate (rollout): 0.62 | Loss: 0.189 | Opp label coverage: 0.88
Step 2215748/5000000 | Win rate (rollout): 0.62 | Loss: 0.210 | Opp label coverage: 0.89
Step 2216260/5000000 | Win rate (rollout): 0.90 | Loss: 0.198 | Opp label coverage: 0.84
Step 2216778/5000000 | Win rate (rollout): 0.33 | Loss: 0.223 | Opp label coverage: 0.90
Step 2217290/5000000 | Win rate (rollout): 0.47 | Loss: 0.185 | Opp label coverage: 0.82
Step 2217807/5000000 | Win rate (rollout): 0.75 | Loss: 0.223 | Opp label coverage: 0.88
Step 2218319/5000000 | Win rate (rollout): 0.54 | Loss: 0.188 | Opp label coverage: 0.78
Step 2218833/5000000 | Win rate (rollout): 0.50 | Loss: 0.147 | Opp label coverage: 0.92
Step 2219350/5000000 | Win rate (rollout): 0.43 | Loss: 0.194 | Opp label coverage: 0.90
Step 2219862/5000000 | Win rate (rollout): 0.55 | Loss: 0.179 | Opp label coverage: 0.80
Step 2220374/5000000 | Win rate (rollout): 0.50 | Loss: 0.181 | Opp label coverage: 0.84
Step 2220886/5000000 | Win rate (rollout): 0.64 | Loss: 0.207 | Opp label coverage: 0.83
Step 2221401/5000000 | Win rate (rollout): 0.40 | Loss: 0.212 | Opp label coverage: 0.88
Step 2221913/5000000 | Win rate (rollout): 0.50 | Loss: 0.182 | Opp label coverage: 0.87
Step 2222425/5000000 | Win rate (rollout): 0.67 | Loss: 0.175 | Opp label coverage: 0.84
Step 2222941/5000000 | Win rate (rollout): 0.30 | Loss: 0.244 | Opp label coverage: 0.89
Step 2223459/5000000 | Win rate (rollout): 0.53 | Loss: 0.174 | Opp label coverage: 0.91
Step 2223977/5000000 | Win rate (rollout): 0.79 | Loss: 0.232 | Opp label coverage: 0.91
Step 2224489/5000000 | Win rate (rollout): 0.73 | Loss: 0.194 | Opp label coverage: 0.82
Step 2225007/5000000 | Win rate (rollout): 0.44 | Loss: 0.168 | Opp label coverage: 0.90
Step 2225523/5000000 | Win rate (rollout): 0.62 | Loss: 0.195 | Opp label coverage: 0.90
Step 2226037/5000000 | Win rate (rollout): 0.53 | Loss: 0.201 | Opp label coverage: 0.88
Step 2226549/5000000 | Win rate (rollout): 0.46 | Loss: 0.211 | Opp label coverage: 0.82
Step 2227063/5000000 | Win rate (rollout): 0.60 | Loss: 0.212 | Opp label coverage: 0.88
Step 2227581/5000000 | Win rate (rollout): 0.50 | Loss: 0.250 | Opp label coverage: 0.91
Step 2228098/5000000 | Win rate (rollout): 0.53 | Loss: 0.175 | Opp label coverage: 0.90
Step 2228610/5000000 | Win rate (rollout): 0.45 | Loss: 0.189 | Opp label coverage: 0.80
Step 2229122/5000000 | Win rate (rollout): 0.42 | Loss: 0.189 | Opp label coverage: 0.82
Step 2229634/5000000 | Win rate (rollout): 0.80 | Loss: 0.174 | Opp label coverage: 0.84
Step 2230146/5000000 | Win rate (rollout): 0.42 | Loss: 0.214 | Opp label coverage: 0.79
Step 2230658/5000000 | Win rate (rollout): 0.50 | Loss: 0.163 | Opp label coverage: 0.83
Step 2231170/5000000 | Win rate (rollout): 1.00 | Loss: 0.170 | Opp label coverage: 0.82
Step 2231687/5000000 | Win rate (rollout): 0.12 | Loss: 0.227 | Opp label coverage: 0.90
Step 2232201/5000000 | Win rate (rollout): 0.67 | Loss: 0.194 | Opp label coverage: 0.90
Step 2232716/5000000 | Win rate (rollout): 0.25 | Loss: 0.202 | Opp label coverage: 0.90
Step 2233228/5000000 | Win rate (rollout): 0.58 | Loss: 0.194 | Opp label coverage: 0.91
Step 2233746/5000000 | Win rate (rollout): 0.55 | Loss: 0.184 | Opp label coverage: 0.92
Step 2234258/5000000 | Win rate (rollout): 0.36 | Loss: 0.215 | Opp label coverage: 0.88
Step 2234772/5000000 | Win rate (rollout): 0.62 | Loss: 0.125 | Opp label coverage: 0.92
Step 2235284/5000000 | Win rate (rollout): 0.64 | Loss: 0.191 | Opp label coverage: 0.84
Step 2235803/5000000 | Win rate (rollout): 0.33 | Loss: 0.163 | Opp label coverage: 0.90
Step 2236315/5000000 | Win rate (rollout): 0.64 | Loss: 0.161 | Opp label coverage: 0.82
Step 2236834/5000000 | Win rate (rollout): 0.40 | Loss: 0.194 | Opp label coverage: 0.89
Step 2237346/5000000 | Win rate (rollout): 0.70 | Loss: 0.182 | Opp label coverage: 0.89
Step 2237858/5000000 | Win rate (rollout): 0.40 | Loss: 0.205 | Opp label coverage: 0.82
Step 2238374/5000000 | Win rate (rollout): 0.50 | Loss: 0.234 | Opp label coverage: 0.90
Step 2238886/5000000 | Win rate (rollout): 0.21 | Loss: 0.185 | Opp label coverage: 0.81
Step 2239399/5000000 | Win rate (rollout): 0.62 | Loss: 0.191 | Opp label coverage: 0.91
Step 2239911/5000000 | Win rate (rollout): 0.64 | Loss: 0.223 | Opp label coverage: 0.85
Step 2240423/5000000 | Win rate (rollout): 0.43 | Loss: 0.170 | Opp label coverage: 0.85
Step 2240942/5000000 | Win rate (rollout): 0.78 | Loss: 0.211 | Opp label coverage: 0.89
Step 2241457/5000000 | Win rate (rollout): 0.54 | Loss: 0.187 | Opp label coverage: 0.90
Step 2241969/5000000 | Win rate (rollout): 0.38 | Loss: 0.225 | Opp label coverage: 0.81
Step 2242481/5000000 | Win rate (rollout): 0.56 | Loss: 0.199 | Opp label coverage: 0.80
Step 2243000/5000000 | Win rate (rollout): 0.43 | Loss: 0.193 | Opp label coverage: 0.92
Step 2243515/5000000 | Win rate (rollout): 0.81 | Loss: 0.138 | Opp label coverage: 0.89
Step 2244029/5000000 | Win rate (rollout): 0.73 | Loss: 0.241 | Opp label coverage: 0.90
Step 2244545/5000000 | Win rate (rollout): 0.57 | Loss: 0.207 | Opp label coverage: 0.88
Step 2245057/5000000 | Win rate (rollout): 0.83 | Loss: 0.158 | Opp label coverage: 0.81
Step 2245569/5000000 | Win rate (rollout): 0.31 | Loss: 0.213 | Opp label coverage: 0.86
Step 2246081/5000000 | Win rate (rollout): 0.62 | Loss: 0.186 | Opp label coverage: 0.82
Step 2246595/5000000 | Win rate (rollout): 0.50 | Loss: 0.197 | Opp label coverage: 0.89
Step 2247107/5000000 | Win rate (rollout): 0.38 | Loss: 0.162 | Opp label coverage: 0.82
Step 2247625/5000000 | Win rate (rollout): 0.18 | Loss: 0.233 | Opp label coverage: 0.87
Step 2248139/5000000 | Win rate (rollout): 0.69 | Loss: 0.192 | Opp label coverage: 0.90
Step 2248651/5000000 | Win rate (rollout): 0.67 | Loss: 0.186 | Opp label coverage: 0.84
Step 2249168/5000000 | Win rate (rollout): 0.56 | Loss: 0.146 | Opp label coverage: 0.91
Step 2249681/5000000 | Win rate (rollout): 0.65 | Loss: 0.130 | Opp label coverage: 0.90
[checkpoint] Saved models/ppo/checkpoints/m9p2c/ppo_step_2250033.pt
Step 2250193/5000000 | Win rate (rollout): 0.83 | Loss: 0.181 | Opp label coverage: 0.83
Step 2250706/5000000 | Win rate (rollout): 0.70 | Loss: 0.236 | Opp label coverage: 0.91
Step 2251219/5000000 | Win rate (rollout): 0.47 | Loss: 0.182 | Opp label coverage: 0.88
Step 2251737/5000000 | Win rate (rollout): 0.67 | Loss: 0.235 | Opp label coverage: 0.90
Step 2252252/5000000 | Win rate (rollout): 0.21 | Loss: 0.193 | Opp label coverage: 0.87
Step 2252764/5000000 | Win rate (rollout): 0.57 | Loss: 0.173 | Opp label coverage: 0.88
Step 2253276/5000000 | Win rate (rollout): 0.53 | Loss: 0.166 | Opp label coverage: 0.85
Step 2253788/5000000 | Win rate (rollout): 0.46 | Loss: 0.192 | Opp label coverage: 0.85
Step 2254305/5000000 | Win rate (rollout): 0.45 | Loss: 0.210 | Opp label coverage: 0.87
Step 2254823/5000000 | Win rate (rollout): 0.47 | Loss: 0.174 | Opp label coverage: 0.88
Step 2255335/5000000 | Win rate (rollout): 0.67 | Loss: 0.237 | Opp label coverage: 0.83
Step 2255847/5000000 | Win rate (rollout): 0.75 | Loss: 0.178 | Opp label coverage: 0.79
Step 2256359/5000000 | Win rate (rollout): 0.60 | Loss: 0.198 | Opp label coverage: 0.84
Step 2256874/5000000 | Win rate (rollout): 0.50 | Loss: 0.150 | Opp label coverage: 0.89
Step 2257386/5000000 | Win rate (rollout): 0.55 | Loss: 0.191 | Opp label coverage: 0.84
Step 2257898/5000000 | Win rate (rollout): 0.67 | Loss: 0.192 | Opp label coverage: 0.85
Step 2258410/5000000 | Win rate (rollout): 0.17 | Loss: 0.166 | Opp label coverage: 0.83
Step 2258922/5000000 | Win rate (rollout): 0.50 | Loss: 0.214 | Opp label coverage: 0.81
Step 2259434/5000000 | Win rate (rollout): 0.47 | Loss: 0.186 | Opp label coverage: 0.83
Step 2259946/5000000 | Win rate (rollout): 0.53 | Loss: 0.172 | Opp label coverage: 0.83
Step 2260458/5000000 | Win rate (rollout): 0.60 | Loss: 0.177 | Opp label coverage: 0.91
Step 2260970/5000000 | Win rate (rollout): 0.70 | Loss: 0.159 | Opp label coverage: 0.82
Step 2261483/5000000 | Win rate (rollout): 0.75 | Loss: 0.173 | Opp label coverage: 0.91
Step 2261995/5000000 | Win rate (rollout): 0.56 | Loss: 0.189 | Opp label coverage: 0.83
Step 2262507/5000000 | Win rate (rollout): 0.36 | Loss: 0.196 | Opp label coverage: 0.88
Step 2263024/5000000 | Win rate (rollout): 0.50 | Loss: 0.168 | Opp label coverage: 0.88
Step 2263536/5000000 | Win rate (rollout): 0.43 | Loss: 0.179 | Opp label coverage: 0.81
Step 2264054/5000000 | Win rate (rollout): 0.40 | Loss: 0.188 | Opp label coverage: 0.88
Step 2264568/5000000 | Win rate (rollout): 0.43 | Loss: 0.216 | Opp label coverage: 0.89
Step 2265080/5000000 | Win rate (rollout): 0.75 | Loss: 0.208 | Opp label coverage: 0.80
Step 2265594/5000000 | Win rate (rollout): 0.33 | Loss: 0.112 | Opp label coverage: 0.89
Step 2266106/5000000 | Win rate (rollout): 0.40 | Loss: 0.213 | Opp label coverage: 0.89
Step 2266618/5000000 | Win rate (rollout): 0.62 | Loss: 0.163 | Opp label coverage: 0.85
Step 2267134/5000000 | Win rate (rollout): 0.55 | Loss: 0.204 | Opp label coverage: 0.90
Step 2267651/5000000 | Win rate (rollout): 0.67 | Loss: 0.168 | Opp label coverage: 0.89
Step 2268163/5000000 | Win rate (rollout): 0.67 | Loss: 0.199 | Opp label coverage: 0.77
Step 2268682/5000000 | Win rate (rollout): 0.38 | Loss: 0.189 | Opp label coverage: 0.89
Step 2269194/5000000 | Win rate (rollout): 0.33 | Loss: 0.214 | Opp label coverage: 0.81
Step 2269711/5000000 | Win rate (rollout): 0.40 | Loss: 0.160 | Opp label coverage: 0.88
Step 2270223/5000000 | Win rate (rollout): 0.27 | Loss: 0.188 | Opp label coverage: 0.81
Step 2270735/5000000 | Win rate (rollout): 0.46 | Loss: 0.188 | Opp label coverage: 0.88
Step 2271247/5000000 | Win rate (rollout): 0.62 | Loss: 0.189 | Opp label coverage: 0.84
Step 2271759/5000000 | Win rate (rollout): 0.25 | Loss: 0.213 | Opp label coverage: 0.79
Step 2272274/5000000 | Win rate (rollout): 0.44 | Loss: 0.190 | Opp label coverage: 0.91
Step 2272791/5000000 | Win rate (rollout): 0.42 | Loss: 0.228 | Opp label coverage: 0.92
Step 2273306/5000000 | Win rate (rollout): 0.36 | Loss: 0.173 | Opp label coverage: 0.90
Step 2273818/5000000 | Win rate (rollout): 0.58 | Loss: 0.214 | Opp label coverage: 0.90
Step 2274336/5000000 | Win rate (rollout): 0.62 | Loss: 0.189 | Opp label coverage: 0.90
Step 2274848/5000000 | Win rate (rollout): 0.22 | Loss: 0.197 | Opp label coverage: 0.81
Step 2275360/5000000 | Win rate (rollout): 0.67 | Loss: 0.203 | Opp label coverage: 0.87
Step 2275872/5000000 | Win rate (rollout): 0.38 | Loss: 0.179 | Opp label coverage: 0.85
Step 2276384/5000000 | Win rate (rollout): 0.47 | Loss: 0.191 | Opp label coverage: 0.85
Step 2276901/5000000 | Win rate (rollout): 0.67 | Loss: 0.166 | Opp label coverage: 0.90
Step 2277413/5000000 | Win rate (rollout): 0.60 | Loss: 0.231 | Opp label coverage: 0.81
Step 2277925/5000000 | Win rate (rollout): 0.25 | Loss: 0.214 | Opp label coverage: 0.84
Step 2278437/5000000 | Win rate (rollout): 0.71 | Loss: 0.195 | Opp label coverage: 0.81
Step 2278951/5000000 | Win rate (rollout): 0.69 | Loss: 0.180 | Opp label coverage: 0.88
Step 2279464/5000000 | Win rate (rollout): 0.43 | Loss: 0.269 | Opp label coverage: 0.89
Step 2279978/5000000 | Win rate (rollout): 0.71 | Loss: 0.282 | Opp label coverage: 0.89
Step 2280491/5000000 | Win rate (rollout): 0.62 | Loss: 0.232 | Opp label coverage: 0.89
Step 2281006/5000000 | Win rate (rollout): 0.44 | Loss: 0.201 | Opp label coverage: 0.88
Step 2281518/5000000 | Win rate (rollout): 0.47 | Loss: 0.220 | Opp label coverage: 0.83
Step 2282030/5000000 | Win rate (rollout): 0.50 | Loss: 0.211 | Opp label coverage: 0.82
Step 2282547/5000000 | Win rate (rollout): 0.38 | Loss: 0.218 | Opp label coverage: 0.88
Step 2283064/5000000 | Win rate (rollout): 0.50 | Loss: 0.131 | Opp label coverage: 0.91
Step 2283583/5000000 | Win rate (rollout): 0.55 | Loss: 0.229 | Opp label coverage: 0.91
Step 2284095/5000000 | Win rate (rollout): 0.57 | Loss: 0.211 | Opp label coverage: 0.81
Step 2284610/5000000 | Win rate (rollout): 0.27 | Loss: 0.193 | Opp label coverage: 0.88
Step 2285128/5000000 | Win rate (rollout): 0.38 | Loss: 0.223 | Opp label coverage: 0.91
Step 2285640/5000000 | Win rate (rollout): 0.43 | Loss: 0.169 | Opp label coverage: 0.82
Step 2286152/5000000 | Win rate (rollout): 0.38 | Loss: 0.171 | Opp label coverage: 0.86
Step 2286669/5000000 | Win rate (rollout): 0.10 | Loss: 0.192 | Opp label coverage: 0.88
Step 2287188/5000000 | Win rate (rollout): 0.21 | Loss: 0.200 | Opp label coverage: 0.88
Step 2287701/5000000 | Win rate (rollout): 0.40 | Loss: 0.139 | Opp label coverage: 0.93
Step 2288213/5000000 | Win rate (rollout): 0.90 | Loss: 0.198 | Opp label coverage: 0.85
Step 2288725/5000000 | Win rate (rollout): 0.25 | Loss: 0.196 | Opp label coverage: 0.86
Step 2289243/5000000 | Win rate (rollout): 0.57 | Loss: 0.187 | Opp label coverage: 0.88
Step 2289756/5000000 | Win rate (rollout): 0.53 | Loss: 0.294 | Opp label coverage: 0.90
Step 2290268/5000000 | Win rate (rollout): 0.77 | Loss: 0.211 | Opp label coverage: 0.81
Step 2290780/5000000 | Win rate (rollout): 0.59 | Loss: 0.204 | Opp label coverage: 0.83
Step 2291292/5000000 | Win rate (rollout): 0.43 | Loss: 0.183 | Opp label coverage: 0.79
Step 2291807/5000000 | Win rate (rollout): 0.43 | Loss: 0.254 | Opp label coverage: 0.86
Step 2292324/5000000 | Win rate (rollout): 0.64 | Loss: 0.238 | Opp label coverage: 0.89
Step 2292836/5000000 | Win rate (rollout): 0.50 | Loss: 0.168 | Opp label coverage: 0.83
Step 2293354/5000000 | Win rate (rollout): 0.45 | Loss: 0.212 | Opp label coverage: 0.88
Step 2293866/5000000 | Win rate (rollout): 0.57 | Loss: 0.185 | Opp label coverage: 0.88
Step 2294383/5000000 | Win rate (rollout): 0.44 | Loss: 0.193 | Opp label coverage: 0.89
Step 2294895/5000000 | Win rate (rollout): 0.54 | Loss: 0.193 | Opp label coverage: 0.86
Step 2295410/5000000 | Win rate (rollout): 0.50 | Loss: 0.220 | Opp label coverage: 0.90
Step 2295922/5000000 | Win rate (rollout): 0.50 | Loss: 0.191 | Opp label coverage: 0.82
Step 2296436/5000000 | Win rate (rollout): 0.60 | Loss: 0.187 | Opp label coverage: 0.90
Step 2296948/5000000 | Win rate (rollout): 0.33 | Loss: 0.183 | Opp label coverage: 0.83
Step 2297460/5000000 | Win rate (rollout): 0.88 | Loss: 0.183 | Opp label coverage: 0.83
Step 2297975/5000000 | Win rate (rollout): 0.40 | Loss: 0.157 | Opp label coverage: 0.89
Step 2298489/5000000 | Win rate (rollout): 0.50 | Loss: 0.145 | Opp label coverage: 0.89
Step 2299005/5000000 | Win rate (rollout): 0.43 | Loss: 0.176 | Opp label coverage: 0.88
Step 2299520/5000000 | Win rate (rollout): 0.60 | Loss: 0.156 | Opp label coverage: 0.89
Step 2300032/5000000 | Win rate (rollout): 0.58 | Loss: 0.194 | Opp label coverage: 0.90
Step 2300544/5000000 | Win rate (rollout): 0.81 | Loss: 0.184 | Opp label coverage: 0.82
Step 2301063/5000000 | Win rate (rollout): 0.50 | Loss: 0.164 | Opp label coverage: 0.90
Step 2301575/5000000 | Win rate (rollout): 0.50 | Loss: 0.182 | Opp label coverage: 0.89
Step 2302087/5000000 | Win rate (rollout): 0.31 | Loss: 0.202 | Opp label coverage: 0.83
Step 2302599/5000000 | Win rate (rollout): 0.38 | Loss: 0.189 | Opp label coverage: 0.87
Step 2303111/5000000 | Win rate (rollout): 0.80 | Loss: 0.223 | Opp label coverage: 0.77
Step 2303625/5000000 | Win rate (rollout): 0.60 | Loss: 0.172 | Opp label coverage: 0.89
Step 2304137/5000000 | Win rate (rollout): 0.73 | Loss: 0.193 | Opp label coverage: 0.85
Step 2304652/5000000 | Win rate (rollout): 0.62 | Loss: 0.166 | Opp label coverage: 0.90
Step 2305168/5000000 | Win rate (rollout): 0.50 | Loss: 0.225 | Opp label coverage: 0.89
Step 2305686/5000000 | Win rate (rollout): 0.24 | Loss: 0.209 | Opp label coverage: 0.88
Step 2306198/5000000 | Win rate (rollout): 0.57 | Loss: 0.201 | Opp label coverage: 0.82
Step 2306710/5000000 | Win rate (rollout): 0.82 | Loss: 0.199 | Opp label coverage: 0.89
Step 2307227/5000000 | Win rate (rollout): 0.59 | Loss: 0.246 | Opp label coverage: 0.89
Step 2307740/5000000 | Win rate (rollout): 0.75 | Loss: 0.113 | Opp label coverage: 0.91
Step 2308259/5000000 | Win rate (rollout): 0.67 | Loss: 0.189 | Opp label coverage: 0.87
Step 2308775/5000000 | Win rate (rollout): 0.64 | Loss: 0.202 | Opp label coverage: 0.89
Step 2309288/5000000 | Win rate (rollout): 0.47 | Loss: 0.182 | Opp label coverage: 0.90
Step 2309805/5000000 | Win rate (rollout): 0.67 | Loss: 0.188 | Opp label coverage: 0.90
Step 2310317/5000000 | Win rate (rollout): 0.40 | Loss: 0.190 | Opp label coverage: 0.91
Step 2310829/5000000 | Win rate (rollout): 0.50 | Loss: 0.178 | Opp label coverage: 0.84
Step 2311341/5000000 | Win rate (rollout): 0.88 | Loss: 0.195 | Opp label coverage: 0.86
Step 2311857/5000000 | Win rate (rollout): 0.45 | Loss: 0.201 | Opp label coverage: 0.89
Step 2312369/5000000 | Win rate (rollout): 0.54 | Loss: 0.177 | Opp label coverage: 0.86
Step 2312886/5000000 | Win rate (rollout): 0.36 | Loss: 0.211 | Opp label coverage: 0.89
Step 2313398/5000000 | Win rate (rollout): 0.80 | Loss: 0.185 | Opp label coverage: 0.83
Step 2313910/5000000 | Win rate (rollout): 0.57 | Loss: 0.177 | Opp label coverage: 0.84
Step 2314425/5000000 | Win rate (rollout): 0.55 | Loss: 0.250 | Opp label coverage: 0.89
Step 2314941/5000000 | Win rate (rollout): 0.47 | Loss: 0.187 | Opp label coverage: 0.89
Step 2315459/5000000 | Win rate (rollout): 0.43 | Loss: 0.245 | Opp label coverage: 0.91
Step 2315974/5000000 | Win rate (rollout): 0.62 | Loss: 0.187 | Opp label coverage: 0.90
Step 2316486/5000000 | Win rate (rollout): 0.23 | Loss: 0.191 | Opp label coverage: 0.78
Step 2316998/5000000 | Win rate (rollout): 0.75 | Loss: 0.202 | Opp label coverage: 0.88
Step 2317513/5000000 | Win rate (rollout): 0.21 | Loss: 0.186 | Opp label coverage: 0.89
Step 2318025/5000000 | Win rate (rollout): 0.53 | Loss: 0.223 | Opp label coverage: 0.84
Step 2318538/5000000 | Win rate (rollout): 0.25 | Loss: 0.191 | Opp label coverage: 0.87
Step 2319052/5000000 | Win rate (rollout): 0.43 | Loss: 0.239 | Opp label coverage: 0.89
Step 2319564/5000000 | Win rate (rollout): 0.43 | Loss: 0.192 | Opp label coverage: 0.83
Step 2320079/5000000 | Win rate (rollout): 0.67 | Loss: 0.230 | Opp label coverage: 0.90
Step 2320591/5000000 | Win rate (rollout): 0.42 | Loss: 0.189 | Opp label coverage: 0.84
Step 2321103/5000000 | Win rate (rollout): 0.13 | Loss: 0.170 | Opp label coverage: 0.81
Step 2321615/5000000 | Win rate (rollout): 0.40 | Loss: 0.193 | Opp label coverage: 0.80
Step 2322127/5000000 | Win rate (rollout): 0.45 | Loss: 0.201 | Opp label coverage: 0.84
Step 2322643/5000000 | Win rate (rollout): 0.67 | Loss: 0.235 | Opp label coverage: 0.90
Step 2323156/5000000 | Win rate (rollout): 0.56 | Loss: 0.154 | Opp label coverage: 0.88
Step 2323668/5000000 | Win rate (rollout): 0.90 | Loss: 0.183 | Opp label coverage: 0.83
Step 2324183/5000000 | Win rate (rollout): 0.42 | Loss: 0.211 | Opp label coverage: 0.87
Step 2324701/5000000 | Win rate (rollout): 0.53 | Loss: 0.186 | Opp label coverage: 0.90
Step 2325213/5000000 | Win rate (rollout): 0.46 | Loss: 0.189 | Opp label coverage: 0.81
Step 2325726/5000000 | Win rate (rollout): 0.50 | Loss: 0.211 | Opp label coverage: 0.89
Step 2326244/5000000 | Win rate (rollout): 0.69 | Loss: 0.219 | Opp label coverage: 0.91
Step 2326756/5000000 | Win rate (rollout): 0.50 | Loss: 0.192 | Opp label coverage: 0.79
Step 2327274/5000000 | Win rate (rollout): 0.38 | Loss: 0.174 | Opp label coverage: 0.90
Step 2327786/5000000 | Win rate (rollout): 0.62 | Loss: 0.163 | Opp label coverage: 0.84
Step 2328298/5000000 | Win rate (rollout): 0.50 | Loss: 0.196 | Opp label coverage: 0.80
Step 2328810/5000000 | Win rate (rollout): 0.25 | Loss: 0.211 | Opp label coverage: 0.84
Step 2329322/5000000 | Win rate (rollout): 0.47 | Loss: 0.189 | Opp label coverage: 0.79
Step 2329837/5000000 | Win rate (rollout): 0.62 | Loss: 0.206 | Opp label coverage: 0.90
Step 2330349/5000000 | Win rate (rollout): 0.78 | Loss: 0.191 | Opp label coverage: 0.83
Step 2330864/5000000 | Win rate (rollout): 0.50 | Loss: 0.224 | Opp label coverage: 0.89
Step 2331377/5000000 | Win rate (rollout): 0.50 | Loss: 0.200 | Opp label coverage: 0.89
Step 2331889/5000000 | Win rate (rollout): 0.47 | Loss: 0.199 | Opp label coverage: 0.86
Step 2332402/5000000 | Win rate (rollout): 0.70 | Loss: 0.210 | Opp label coverage: 0.89
Step 2332914/5000000 | Win rate (rollout): 0.30 | Loss: 0.202 | Opp label coverage: 0.83
Step 2333426/5000000 | Win rate (rollout): 0.67 | Loss: 0.175 | Opp label coverage: 0.83
Step 2333941/5000000 | Win rate (rollout): 0.60 | Loss: 0.229 | Opp label coverage: 0.90
Step 2334458/5000000 | Win rate (rollout): 0.77 | Loss: 0.211 | Opp label coverage: 0.90
Step 2334970/5000000 | Win rate (rollout): 0.53 | Loss: 0.195 | Opp label coverage: 0.89
Step 2335482/5000000 | Win rate (rollout): 0.62 | Loss: 0.211 | Opp label coverage: 0.84
Step 2336000/5000000 | Win rate (rollout): 0.60 | Loss: 0.141 | Opp label coverage: 0.89
Step 2336516/5000000 | Win rate (rollout): 0.46 | Loss: 0.215 | Opp label coverage: 0.89
Step 2337029/5000000 | Win rate (rollout): 0.60 | Loss: 0.193 | Opp label coverage: 0.93
Step 2337541/5000000 | Win rate (rollout): 0.45 | Loss: 0.187 | Opp label coverage: 0.84
Step 2338053/5000000 | Win rate (rollout): 0.61 | Loss: 0.180 | Opp label coverage: 0.82
Step 2338567/5000000 | Win rate (rollout): 0.33 | Loss: 0.150 | Opp label coverage: 0.88
Step 2339080/5000000 | Win rate (rollout): 0.47 | Loss: 0.236 | Opp label coverage: 0.88
Step 2339598/5000000 | Win rate (rollout): 0.33 | Loss: 0.172 | Opp label coverage: 0.88
Step 2340110/5000000 | Win rate (rollout): 0.31 | Loss: 0.197 | Opp label coverage: 0.88
Step 2340622/5000000 | Win rate (rollout): 0.58 | Loss: 0.206 | Opp label coverage: 0.81
Step 2341139/5000000 | Win rate (rollout): 0.46 | Loss: 0.180 | Opp label coverage: 0.87
Step 2341656/5000000 | Win rate (rollout): 0.31 | Loss: 0.168 | Opp label coverage: 0.89
Step 2342168/5000000 | Win rate (rollout): 0.50 | Loss: 0.200 | Opp label coverage: 0.83
Step 2342680/5000000 | Win rate (rollout): 0.62 | Loss: 0.188 | Opp label coverage: 0.87
Step 2343196/5000000 | Win rate (rollout): 0.50 | Loss: 0.262 | Opp label coverage: 0.88
Step 2343708/5000000 | Win rate (rollout): 0.42 | Loss: 0.195 | Opp label coverage: 0.82
Step 2344222/5000000 | Win rate (rollout): 0.44 | Loss: 0.210 | Opp label coverage: 0.87
Step 2344734/5000000 | Win rate (rollout): 0.78 | Loss: 0.170 | Opp label coverage: 0.80
Step 2345246/5000000 | Win rate (rollout): 0.77 | Loss: 0.175 | Opp label coverage: 0.83
Step 2345764/5000000 | Win rate (rollout): 0.50 | Loss: 0.163 | Opp label coverage: 0.89
Step 2346276/5000000 | Win rate (rollout): 0.56 | Loss: 0.176 | Opp label coverage: 0.82
Step 2346788/5000000 | Win rate (rollout): 0.25 | Loss: 0.183 | Opp label coverage: 0.83
Step 2347300/5000000 | Win rate (rollout): 0.50 | Loss: 0.189 | Opp label coverage: 0.83
Step 2347817/5000000 | Win rate (rollout): 0.42 | Loss: 0.225 | Opp label coverage: 0.88
Step 2348329/5000000 | Win rate (rollout): 0.38 | Loss: 0.203 | Opp label coverage: 0.84
Step 2348846/5000000 | Win rate (rollout): 0.70 | Loss: 0.143 | Opp label coverage: 0.90
Step 2349358/5000000 | Win rate (rollout): 0.46 | Loss: 0.167 | Opp label coverage: 0.81
Step 2349877/5000000 | Win rate (rollout): 0.56 | Loss: 0.217 | Opp label coverage: 0.90
Step 2350393/5000000 | Win rate (rollout): 0.50 | Loss: 0.133 | Opp label coverage: 0.91
Step 2350905/5000000 | Win rate (rollout): 0.43 | Loss: 0.209 | Opp label coverage: 0.82
Step 2351420/5000000 | Win rate (rollout): 0.45 | Loss: 0.245 | Opp label coverage: 0.88
Step 2351932/5000000 | Win rate (rollout): 0.11 | Loss: 0.161 | Opp label coverage: 0.82
Step 2352444/5000000 | Win rate (rollout): 0.41 | Loss: 0.223 | Opp label coverage: 0.83
Step 2352956/5000000 | Win rate (rollout): 0.21 | Loss: 0.160 | Opp label coverage: 0.81
Step 2353468/5000000 | Win rate (rollout): 0.18 | Loss: 0.178 | Opp label coverage: 0.83
Step 2353983/5000000 | Win rate (rollout): 0.58 | Loss: 0.203 | Opp label coverage: 0.89
Step 2354495/5000000 | Win rate (rollout): 0.50 | Loss: 0.162 | Opp label coverage: 0.87
Step 2355007/5000000 | Win rate (rollout): 0.57 | Loss: 0.194 | Opp label coverage: 0.80
Step 2355519/5000000 | Win rate (rollout): 0.71 | Loss: 0.188 | Opp label coverage: 0.82
Step 2356031/5000000 | Win rate (rollout): 0.62 | Loss: 0.194 | Opp label coverage: 0.81
Step 2356543/5000000 | Win rate (rollout): 0.25 | Loss: 0.163 | Opp label coverage: 0.80
Step 2357055/5000000 | Win rate (rollout): 0.57 | Loss: 0.195 | Opp label coverage: 0.81
Step 2357574/5000000 | Win rate (rollout): 0.73 | Loss: 0.205 | Opp label coverage: 0.88
Step 2358092/5000000 | Win rate (rollout): 0.35 | Loss: 0.195 | Opp label coverage: 0.88
Step 2358606/5000000 | Win rate (rollout): 0.62 | Loss: 0.210 | Opp label coverage: 0.89
Step 2359119/5000000 | Win rate (rollout): 0.60 | Loss: 0.140 | Opp label coverage: 0.90
Step 2359631/5000000 | Win rate (rollout): 0.75 | Loss: 0.212 | Opp label coverage: 0.88
Step 2360149/5000000 | Win rate (rollout): 0.30 | Loss: 0.198 | Opp label coverage: 0.88
Step 2360661/5000000 | Win rate (rollout): 0.80 | Loss: 0.159 | Opp label coverage: 0.86
Step 2361173/5000000 | Win rate (rollout): 0.42 | Loss: 0.179 | Opp label coverage: 0.84
Step 2361685/5000000 | Win rate (rollout): 0.35 | Loss: 0.198 | Opp label coverage: 0.81
Step 2362202/5000000 | Win rate (rollout): 0.86 | Loss: 0.178 | Opp label coverage: 0.92
Step 2362714/5000000 | Win rate (rollout): 0.50 | Loss: 0.165 | Opp label coverage: 0.82
Step 2363226/5000000 | Win rate (rollout): 0.30 | Loss: 0.179 | Opp label coverage: 0.80
Step 2363742/5000000 | Win rate (rollout): 0.42 | Loss: 0.175 | Opp label coverage: 0.87
Step 2364255/5000000 | Win rate (rollout): 0.53 | Loss: 0.172 | Opp label coverage: 0.88
Step 2364772/5000000 | Win rate (rollout): 0.62 | Loss: 0.164 | Opp label coverage: 0.91
Step 2365284/5000000 | Win rate (rollout): 0.71 | Loss: 0.185 | Opp label coverage: 0.83
Step 2365800/5000000 | Win rate (rollout): 0.71 | Loss: 0.185 | Opp label coverage: 0.89
Step 2366312/5000000 | Win rate (rollout): 0.56 | Loss: 0.178 | Opp label coverage: 0.83
Step 2366824/5000000 | Win rate (rollout): 0.71 | Loss: 0.198 | Opp label coverage: 0.81
Step 2367336/5000000 | Win rate (rollout): 0.80 | Loss: 0.162 | Opp label coverage: 0.82
Step 2367848/5000000 | Win rate (rollout): 0.67 | Loss: 0.196 | Opp label coverage: 0.82
Step 2368360/5000000 | Win rate (rollout): 0.58 | Loss: 0.183 | Opp label coverage: 0.84
Step 2368877/5000000 | Win rate (rollout): 0.70 | Loss: 0.154 | Opp label coverage: 0.90
Step 2369390/5000000 | Win rate (rollout): 0.31 | Loss: 0.213 | Opp label coverage: 0.89
Step 2369908/5000000 | Win rate (rollout): 0.59 | Loss: 0.223 | Opp label coverage: 0.88
Step 2370426/5000000 | Win rate (rollout): 0.43 | Loss: 0.175 | Opp label coverage: 0.90
Step 2370943/5000000 | Win rate (rollout): 0.58 | Loss: 0.190 | Opp label coverage: 0.90
Step 2371459/5000000 | Win rate (rollout): 0.59 | Loss: 0.236 | Opp label coverage: 0.89
Step 2371972/5000000 | Win rate (rollout): 0.47 | Loss: 0.224 | Opp label coverage: 0.88
Step 2372484/5000000 | Win rate (rollout): 0.50 | Loss: 0.196 | Opp label coverage: 0.80
Step 2373000/5000000 | Win rate (rollout): 0.60 | Loss: 0.233 | Opp label coverage: 0.91
Step 2373512/5000000 | Win rate (rollout): 0.80 | Loss: 0.184 | Opp label coverage: 0.80
Step 2374024/5000000 | Win rate (rollout): 0.47 | Loss: 0.210 | Opp label coverage: 0.80
Step 2374543/5000000 | Win rate (rollout): 0.64 | Loss: 0.215 | Opp label coverage: 0.89
Step 2375055/5000000 | Win rate (rollout): 0.40 | Loss: 0.224 | Opp label coverage: 0.87
Step 2375573/5000000 | Win rate (rollout): 0.57 | Loss: 0.276 | Opp label coverage: 0.89
Step 2376085/5000000 | Win rate (rollout): 0.69 | Loss: 0.188 | Opp label coverage: 0.81
Step 2376597/5000000 | Win rate (rollout): 0.69 | Loss: 0.213 | Opp label coverage: 0.83
Step 2377109/5000000 | Win rate (rollout): 1.00 | Loss: 0.168 | Opp label coverage: 0.81
Step 2377622/5000000 | Win rate (rollout): 0.60 | Loss: 0.096 | Opp label coverage: 0.88
Step 2378140/5000000 | Win rate (rollout): 0.29 | Loss: 0.219 | Opp label coverage: 0.90
Step 2378652/5000000 | Win rate (rollout): 0.67 | Loss: 0.225 | Opp label coverage: 0.83
Step 2379164/5000000 | Win rate (rollout): 0.82 | Loss: 0.184 | Opp label coverage: 0.81
Step 2379676/5000000 | Win rate (rollout): 0.67 | Loss: 0.165 | Opp label coverage: 0.87
Step 2380188/5000000 | Win rate (rollout): 0.71 | Loss: 0.198 | Opp label coverage: 0.79
Step 2380700/5000000 | Win rate (rollout): 0.67 | Loss: 0.167 | Opp label coverage: 0.83
Step 2381212/5000000 | Win rate (rollout): 0.85 | Loss: 0.173 | Opp label coverage: 0.83
Step 2381724/5000000 | Win rate (rollout): 0.54 | Loss: 0.214 | Opp label coverage: 0.82
Step 2382236/5000000 | Win rate (rollout): 0.71 | Loss: 0.182 | Opp label coverage: 0.79
Step 2382753/5000000 | Win rate (rollout): 0.50 | Loss: 0.222 | Opp label coverage: 0.88
Step 2383271/5000000 | Win rate (rollout): 0.54 | Loss: 0.219 | Opp label coverage: 0.90
Step 2383783/5000000 | Win rate (rollout): 0.33 | Loss: 0.206 | Opp label coverage: 0.90
Step 2384298/5000000 | Win rate (rollout): 0.58 | Loss: 0.275 | Opp label coverage: 0.92
Step 2384810/5000000 | Win rate (rollout): 0.78 | Loss: 0.204 | Opp label coverage: 0.76
Step 2385322/5000000 | Win rate (rollout): 0.50 | Loss: 0.183 | Opp label coverage: 0.81
Step 2385834/5000000 | Win rate (rollout): 0.56 | Loss: 0.175 | Opp label coverage: 0.79
Step 2386349/5000000 | Win rate (rollout): 0.75 | Loss: 0.171 | Opp label coverage: 0.89
Step 2386861/5000000 | Win rate (rollout): 0.50 | Loss: 0.177 | Opp label coverage: 0.78
Step 2387373/5000000 | Win rate (rollout): 0.85 | Loss: 0.190 | Opp label coverage: 0.80
Step 2387885/5000000 | Win rate (rollout): 0.59 | Loss: 0.202 | Opp label coverage: 0.81
Step 2388404/5000000 | Win rate (rollout): 0.44 | Loss: 0.216 | Opp label coverage: 0.90
Step 2388920/5000000 | Win rate (rollout): 0.53 | Loss: 0.233 | Opp label coverage: 0.89
Step 2389434/5000000 | Win rate (rollout): 0.42 | Loss: 0.130 | Opp label coverage: 0.90
Step 2389946/5000000 | Win rate (rollout): 0.71 | Loss: 0.235 | Opp label coverage: 0.80
Step 2390461/5000000 | Win rate (rollout): 0.45 | Loss: 0.204 | Opp label coverage: 0.89
Step 2390973/5000000 | Win rate (rollout): 0.18 | Loss: 0.196 | Opp label coverage: 0.83
Step 2391489/5000000 | Win rate (rollout): 0.38 | Loss: 0.199 | Opp label coverage: 0.88
Step 2392001/5000000 | Win rate (rollout): 0.38 | Loss: 0.208 | Opp label coverage: 0.79
Step 2392519/5000000 | Win rate (rollout): 0.38 | Loss: 0.227 | Opp label coverage: 0.88
Step 2393031/5000000 | Win rate (rollout): 0.57 | Loss: 0.163 | Opp label coverage: 0.83
Step 2393548/5000000 | Win rate (rollout): 0.50 | Loss: 0.205 | Opp label coverage: 0.89
Step 2394066/5000000 | Win rate (rollout): 0.50 | Loss: 0.223 | Opp label coverage: 0.88
Step 2394581/5000000 | Win rate (rollout): 0.47 | Loss: 0.193 | Opp label coverage: 0.91
Step 2395094/5000000 | Win rate (rollout): 0.47 | Loss: 0.159 | Opp label coverage: 0.89
Step 2395607/5000000 | Win rate (rollout): 0.57 | Loss: 0.208 | Opp label coverage: 0.88
Step 2396119/5000000 | Win rate (rollout): 0.64 | Loss: 0.229 | Opp label coverage: 0.91
Step 2396635/5000000 | Win rate (rollout): 0.58 | Loss: 0.204 | Opp label coverage: 0.89
Step 2397147/5000000 | Win rate (rollout): 0.64 | Loss: 0.202 | Opp label coverage: 0.84
Step 2397659/5000000 | Win rate (rollout): 0.73 | Loss: 0.224 | Opp label coverage: 0.90
Step 2398171/5000000 | Win rate (rollout): 0.57 | Loss: 0.222 | Opp label coverage: 0.84
Step 2398683/5000000 | Win rate (rollout): 0.44 | Loss: 0.201 | Opp label coverage: 0.83
Step 2399199/5000000 | Win rate (rollout): 0.36 | Loss: 0.126 | Opp label coverage: 0.87
Step 2399711/5000000 | Win rate (rollout): 0.57 | Loss: 0.197 | Opp label coverage: 0.83
Step 2400227/5000000 | Win rate (rollout): 0.27 | Loss: 0.202 | Opp label coverage: 0.88
Step 2400741/5000000 | Win rate (rollout): 0.42 | Loss: 0.154 | Opp label coverage: 0.90
Step 2401253/5000000 | Win rate (rollout): 0.50 | Loss: 0.186 | Opp label coverage: 0.86
Step 2401769/5000000 | Win rate (rollout): 0.60 | Loss: 0.199 | Opp label coverage: 0.89
Step 2402287/5000000 | Win rate (rollout): 0.62 | Loss: 0.243 | Opp label coverage: 0.89
Step 2402799/5000000 | Win rate (rollout): 0.54 | Loss: 0.182 | Opp label coverage: 0.84
Step 2403311/5000000 | Win rate (rollout): 0.62 | Loss: 0.196 | Opp label coverage: 0.82
Step 2403823/5000000 | Win rate (rollout): 0.46 | Loss: 0.179 | Opp label coverage: 0.84
Step 2404335/5000000 | Win rate (rollout): 0.57 | Loss: 0.192 | Opp label coverage: 0.83
Step 2404850/5000000 | Win rate (rollout): 0.25 | Loss: 0.203 | Opp label coverage: 0.92
Step 2405362/5000000 | Win rate (rollout): 0.54 | Loss: 0.199 | Opp label coverage: 0.88
Step 2405874/5000000 | Win rate (rollout): 0.60 | Loss: 0.214 | Opp label coverage: 0.84
Step 2406386/5000000 | Win rate (rollout): 0.62 | Loss: 0.179 | Opp label coverage: 0.85
Step 2406898/5000000 | Win rate (rollout): 0.36 | Loss: 0.177 | Opp label coverage: 0.81
Step 2407410/5000000 | Win rate (rollout): 0.69 | Loss: 0.190 | Opp label coverage: 0.86
Step 2407926/5000000 | Win rate (rollout): 0.70 | Loss: 0.215 | Opp label coverage: 0.89
Step 2408438/5000000 | Win rate (rollout): 0.46 | Loss: 0.258 | Opp label coverage: 0.82
Step 2408950/5000000 | Win rate (rollout): 0.62 | Loss: 0.171 | Opp label coverage: 0.85
Step 2409464/5000000 | Win rate (rollout): 0.36 | Loss: 0.283 | Opp label coverage: 0.89
Step 2409979/5000000 | Win rate (rollout): 0.67 | Loss: 0.179 | Opp label coverage: 0.89
Step 2410491/5000000 | Win rate (rollout): 0.91 | Loss: 0.158 | Opp label coverage: 0.84
Step 2411005/5000000 | Win rate (rollout): 0.75 | Loss: 0.182 | Opp label coverage: 0.90
Step 2411518/5000000 | Win rate (rollout): 0.53 | Loss: 0.183 | Opp label coverage: 0.90
Step 2412030/5000000 | Win rate (rollout): 0.75 | Loss: 0.170 | Opp label coverage: 0.82
Step 2412546/5000000 | Win rate (rollout): 0.40 | Loss: 0.181 | Opp label coverage: 0.90
Step 2413061/5000000 | Win rate (rollout): 0.44 | Loss: 0.210 | Opp label coverage: 0.89
Step 2413573/5000000 | Win rate (rollout): 0.42 | Loss: 0.212 | Opp label coverage: 0.90
Step 2414085/5000000 | Win rate (rollout): 0.58 | Loss: 0.201 | Opp label coverage: 0.85
Step 2414602/5000000 | Win rate (rollout): 0.40 | Loss: 0.200 | Opp label coverage: 0.89
Step 2415114/5000000 | Win rate (rollout): 0.55 | Loss: 0.194 | Opp label coverage: 0.84
Step 2415628/5000000 | Win rate (rollout): 0.56 | Loss: 0.193 | Opp label coverage: 0.90
Step 2416145/5000000 | Win rate (rollout): 0.33 | Loss: 0.249 | Opp label coverage: 0.88
Step 2416663/5000000 | Win rate (rollout): 0.20 | Loss: 0.164 | Opp label coverage: 0.89
Step 2417175/5000000 | Win rate (rollout): 0.62 | Loss: 0.187 | Opp label coverage: 0.85
Step 2417687/5000000 | Win rate (rollout): 0.67 | Loss: 0.215 | Opp label coverage: 0.89
Step 2418200/5000000 | Win rate (rollout): 0.38 | Loss: 0.188 | Opp label coverage: 0.89
Step 2418712/5000000 | Win rate (rollout): 0.44 | Loss: 0.192 | Opp label coverage: 0.82
Step 2419228/5000000 | Win rate (rollout): 0.73 | Loss: 0.241 | Opp label coverage: 0.89
Step 2419741/5000000 | Win rate (rollout): 0.47 | Loss: 0.160 | Opp label coverage: 0.88
Step 2420253/5000000 | Win rate (rollout): 0.50 | Loss: 0.206 | Opp label coverage: 0.84
Step 2420765/5000000 | Win rate (rollout): 0.28 | Loss: 0.196 | Opp label coverage: 0.84
Step 2421277/5000000 | Win rate (rollout): 0.86 | Loss: 0.169 | Opp label coverage: 0.85
Step 2421794/5000000 | Win rate (rollout): 0.60 | Loss: 0.221 | Opp label coverage: 0.90
Step 2422306/5000000 | Win rate (rollout): 0.57 | Loss: 0.208 | Opp label coverage: 0.86
Step 2422818/5000000 | Win rate (rollout): 0.80 | Loss: 0.190 | Opp label coverage: 0.85
Step 2423330/5000000 | Win rate (rollout): 0.62 | Loss: 0.187 | Opp label coverage: 0.80
Step 2423844/5000000 | Win rate (rollout): 0.45 | Loss: 0.236 | Opp label coverage: 0.89
Step 2424356/5000000 | Win rate (rollout): 0.23 | Loss: 0.190 | Opp label coverage: 0.83
Step 2424868/5000000 | Win rate (rollout): 0.44 | Loss: 0.161 | Opp label coverage: 0.83
Step 2425380/5000000 | Win rate (rollout): 0.47 | Loss: 0.230 | Opp label coverage: 0.81
Step 2425892/5000000 | Win rate (rollout): 0.17 | Loss: 0.154 | Opp label coverage: 0.83
Step 2426404/5000000 | Win rate (rollout): 0.67 | Loss: 0.192 | Opp label coverage: 0.86
Step 2426916/5000000 | Win rate (rollout): 0.55 | Loss: 0.208 | Opp label coverage: 0.83
Step 2427428/5000000 | Win rate (rollout): 0.70 | Loss: 0.167 | Opp label coverage: 0.83
Step 2427940/5000000 | Win rate (rollout): 0.41 | Loss: 0.195 | Opp label coverage: 0.81
Step 2428452/5000000 | Win rate (rollout): 0.64 | Loss: 0.174 | Opp label coverage: 0.80
Step 2428964/5000000 | Win rate (rollout): 0.50 | Loss: 0.204 | Opp label coverage: 0.82
Step 2429476/5000000 | Win rate (rollout): 0.70 | Loss: 0.199 | Opp label coverage: 0.80
Step 2429988/5000000 | Win rate (rollout): 0.54 | Loss: 0.163 | Opp label coverage: 0.82
Step 2430500/5000000 | Win rate (rollout): 0.43 | Loss: 0.169 | Opp label coverage: 0.79
Step 2431012/5000000 | Win rate (rollout): 0.33 | Loss: 0.180 | Opp label coverage: 0.84
Step 2431524/5000000 | Win rate (rollout): 0.86 | Loss: 0.169 | Opp label coverage: 0.82
Step 2432036/5000000 | Win rate (rollout): 0.36 | Loss: 0.181 | Opp label coverage: 0.82
Step 2432548/5000000 | Win rate (rollout): 0.60 | Loss: 0.193 | Opp label coverage: 0.84
Step 2433060/5000000 | Win rate (rollout): 0.56 | Loss: 0.188 | Opp label coverage: 0.85
Step 2433572/5000000 | Win rate (rollout): 0.75 | Loss: 0.200 | Opp label coverage: 0.86
Step 2434084/5000000 | Win rate (rollout): 0.33 | Loss: 0.220 | Opp label coverage: 0.81
Step 2434596/5000000 | Win rate (rollout): 0.75 | Loss: 0.188 | Opp label coverage: 0.87
Step 2435108/5000000 | Win rate (rollout): 0.62 | Loss: 0.184 | Opp label coverage: 0.86
Step 2435620/5000000 | Win rate (rollout): 0.57 | Loss: 0.164 | Opp label coverage: 0.82
Step 2436132/5000000 | Win rate (rollout): 0.31 | Loss: 0.199 | Opp label coverage: 0.82
Step 2436644/5000000 | Win rate (rollout): 0.30 | Loss: 0.178 | Opp label coverage: 0.88
Step 2437162/5000000 | Win rate (rollout): 0.36 | Loss: 0.189 | Opp label coverage: 0.88
Step 2437674/5000000 | Win rate (rollout): 0.42 | Loss: 0.197 | Opp label coverage: 0.79
Step 2438186/5000000 | Win rate (rollout): 0.40 | Loss: 0.179 | Opp label coverage: 0.82
Step 2438698/5000000 | Win rate (rollout): 0.59 | Loss: 0.211 | Opp label coverage: 0.84
Step 2439210/5000000 | Win rate (rollout): 0.75 | Loss: 0.183 | Opp label coverage: 0.84
Step 2439722/5000000 | Win rate (rollout): 0.31 | Loss: 0.232 | Opp label coverage: 0.87
Step 2440234/5000000 | Win rate (rollout): 0.29 | Loss: 0.175 | Opp label coverage: 0.77
Step 2440746/5000000 | Win rate (rollout): 0.29 | Loss: 0.182 | Opp label coverage: 0.81
Step 2441261/5000000 | Win rate (rollout): 0.58 | Loss: 0.193 | Opp label coverage: 0.89
Step 2441777/5000000 | Win rate (rollout): 0.43 | Loss: 0.208 | Opp label coverage: 0.89
Step 2442296/5000000 | Win rate (rollout): 0.43 | Loss: 0.183 | Opp label coverage: 0.89
Step 2442811/5000000 | Win rate (rollout): 0.14 | Loss: 0.202 | Opp label coverage: 0.88
Step 2443325/5000000 | Win rate (rollout): 0.64 | Loss: 0.191 | Opp label coverage: 0.90
Step 2443837/5000000 | Win rate (rollout): 0.23 | Loss: 0.168 | Opp label coverage: 0.82
Step 2444353/5000000 | Win rate (rollout): 0.50 | Loss: 0.202 | Opp label coverage: 0.91
Step 2444865/5000000 | Win rate (rollout): 0.47 | Loss: 0.205 | Opp label coverage: 0.88
Step 2445377/5000000 | Win rate (rollout): 0.46 | Loss: 0.217 | Opp label coverage: 0.82
Step 2445895/5000000 | Win rate (rollout): 0.44 | Loss: 0.159 | Opp label coverage: 0.90
Step 2446407/5000000 | Win rate (rollout): 0.75 | Loss: 0.210 | Opp label coverage: 0.88
Step 2446920/5000000 | Win rate (rollout): 0.46 | Loss: 0.160 | Opp label coverage: 0.87
Step 2447435/5000000 | Win rate (rollout): 0.53 | Loss: 0.192 | Opp label coverage: 0.88
Step 2447950/5000000 | Win rate (rollout): 0.50 | Loss: 0.228 | Opp label coverage: 0.87
Step 2448467/5000000 | Win rate (rollout): 0.38 | Loss: 0.221 | Opp label coverage: 0.90
Step 2448981/5000000 | Win rate (rollout): 0.43 | Loss: 0.178 | Opp label coverage: 0.90
Step 2449493/5000000 | Win rate (rollout): 0.67 | Loss: 0.183 | Opp label coverage: 0.83
Step 2450006/5000000 | Win rate (rollout): 0.80 | Loss: 0.253 | Opp label coverage: 0.91
Step 2450518/5000000 | Win rate (rollout): 0.25 | Loss: 0.176 | Opp label coverage: 0.83
Step 2451031/5000000 | Win rate (rollout): 0.60 | Loss: 0.062 | Opp label coverage: 0.90
Step 2451543/5000000 | Win rate (rollout): 0.46 | Loss: 0.209 | Opp label coverage: 0.89
Step 2452059/5000000 | Win rate (rollout): 0.64 | Loss: 0.230 | Opp label coverage: 0.90
Step 2452571/5000000 | Win rate (rollout): 0.56 | Loss: 0.176 | Opp label coverage: 0.81
Step 2453083/5000000 | Win rate (rollout): 0.38 | Loss: 0.185 | Opp label coverage: 0.84
Step 2453595/5000000 | Win rate (rollout): 0.45 | Loss: 0.200 | Opp label coverage: 0.89
Step 2454107/5000000 | Win rate (rollout): 0.75 | Loss: 0.185 | Opp label coverage: 0.83
Step 2454619/5000000 | Win rate (rollout): 0.64 | Loss: 0.186 | Opp label coverage: 0.83
Step 2455131/5000000 | Win rate (rollout): 0.69 | Loss: 0.172 | Opp label coverage: 0.81
Step 2455646/5000000 | Win rate (rollout): 0.70 | Loss: 0.213 | Opp label coverage: 0.90
Step 2456158/5000000 | Win rate (rollout): 0.58 | Loss: 0.200 | Opp label coverage: 0.91
Step 2456670/5000000 | Win rate (rollout): 0.67 | Loss: 0.205 | Opp label coverage: 0.78
Step 2457182/5000000 | Win rate (rollout): 0.30 | Loss: 0.192 | Opp label coverage: 0.80
Step 2457694/5000000 | Win rate (rollout): 0.39 | Loss: 0.167 | Opp label coverage: 0.82
Step 2458206/5000000 | Win rate (rollout): 0.62 | Loss: 0.199 | Opp label coverage: 0.83
Step 2458724/5000000 | Win rate (rollout): 0.64 | Loss: 0.175 | Opp label coverage: 0.90
Step 2459236/5000000 | Win rate (rollout): 0.38 | Loss: 0.232 | Opp label coverage: 0.88
Step 2459754/5000000 | Win rate (rollout): 0.71 | Loss: 0.215 | Opp label coverage: 0.88
Step 2460266/5000000 | Win rate (rollout): 0.46 | Loss: 0.165 | Opp label coverage: 0.78
Step 2460778/5000000 | Win rate (rollout): 0.78 | Loss: 0.190 | Opp label coverage: 0.76
Step 2461290/5000000 | Win rate (rollout): 0.58 | Loss: 0.187 | Opp label coverage: 0.87
Step 2461802/5000000 | Win rate (rollout): 0.83 | Loss: 0.159 | Opp label coverage: 0.89
Step 2462321/5000000 | Win rate (rollout): 0.30 | Loss: 0.257 | Opp label coverage: 0.89
Step 2462833/5000000 | Win rate (rollout): 0.45 | Loss: 0.190 | Opp label coverage: 0.85
Step 2463346/5000000 | Win rate (rollout): 0.50 | Loss: 0.267 | Opp label coverage: 0.88
Step 2463863/5000000 | Win rate (rollout): 0.44 | Loss: 0.199 | Opp label coverage: 0.92
Step 2464375/5000000 | Win rate (rollout): 0.50 | Loss: 0.185 | Opp label coverage: 0.79
Step 2464887/5000000 | Win rate (rollout): 0.44 | Loss: 0.184 | Opp label coverage: 0.84
Step 2465399/5000000 | Win rate (rollout): 0.85 | Loss: 0.182 | Opp label coverage: 0.79
Step 2465911/5000000 | Win rate (rollout): 0.54 | Loss: 0.191 | Opp label coverage: 0.85
Step 2466423/5000000 | Win rate (rollout): 0.44 | Loss: 0.165 | Opp label coverage: 0.83
Step 2466935/5000000 | Win rate (rollout): 0.57 | Loss: 0.171 | Opp label coverage: 0.87
Step 2467447/5000000 | Win rate (rollout): 0.78 | Loss: 0.171 | Opp label coverage: 0.86
Step 2467961/5000000 | Win rate (rollout): 0.50 | Loss: 0.172 | Opp label coverage: 0.89
Step 2468473/5000000 | Win rate (rollout): 0.58 | Loss: 0.175 | Opp label coverage: 0.78
Step 2468985/5000000 | Win rate (rollout): 0.53 | Loss: 0.216 | Opp label coverage: 0.80
Step 2469497/5000000 | Win rate (rollout): 0.38 | Loss: 0.200 | Opp label coverage: 0.84
Step 2470009/5000000 | Win rate (rollout): 0.62 | Loss: 0.184 | Opp label coverage: 0.79
Step 2470522/5000000 | Win rate (rollout): 0.22 | Loss: 0.169 | Opp label coverage: 0.89
Step 2471034/5000000 | Win rate (rollout): 0.50 | Loss: 0.193 | Opp label coverage: 0.82
Step 2471546/5000000 | Win rate (rollout): 0.64 | Loss: 0.180 | Opp label coverage: 0.79
Step 2472058/5000000 | Win rate (rollout): 0.30 | Loss: 0.204 | Opp label coverage: 0.88
Step 2472572/5000000 | Win rate (rollout): 0.47 | Loss: 0.183 | Opp label coverage: 0.89
Step 2473084/5000000 | Win rate (rollout): 0.42 | Loss: 0.155 | Opp label coverage: 0.85
Step 2473597/5000000 | Win rate (rollout): 0.89 | Loss: 0.157 | Opp label coverage: 0.91
Step 2474109/5000000 | Win rate (rollout): 0.89 | Loss: 0.175 | Opp label coverage: 0.79
Step 2474621/5000000 | Win rate (rollout): 0.71 | Loss: 0.168 | Opp label coverage: 0.84
Step 2475135/5000000 | Win rate (rollout): 0.60 | Loss: 0.207 | Opp label coverage: 0.88
Step 2475652/5000000 | Win rate (rollout): 0.50 | Loss: 0.217 | Opp label coverage: 0.89
Step 2476164/5000000 | Win rate (rollout): 0.47 | Loss: 0.213 | Opp label coverage: 0.88
Step 2476676/5000000 | Win rate (rollout): 0.38 | Loss: 0.196 | Opp label coverage: 0.83
Step 2477192/5000000 | Win rate (rollout): 0.30 | Loss: 0.209 | Opp label coverage: 0.90
Step 2477709/5000000 | Win rate (rollout): 0.50 | Loss: 0.205 | Opp label coverage: 0.92
Step 2478221/5000000 | Win rate (rollout): 0.89 | Loss: 0.177 | Opp label coverage: 0.85
Step 2478733/5000000 | Win rate (rollout): 0.27 | Loss: 0.181 | Opp label coverage: 0.79
Step 2479251/5000000 | Win rate (rollout): 0.50 | Loss: 0.224 | Opp label coverage: 0.89
Step 2479769/5000000 | Win rate (rollout): 0.30 | Loss: 0.227 | Opp label coverage: 0.90
Step 2480286/5000000 | Win rate (rollout): 0.47 | Loss: 0.187 | Opp label coverage: 0.88
Step 2480800/5000000 | Win rate (rollout): 0.70 | Loss: 0.185 | Opp label coverage: 0.92
Step 2481317/5000000 | Win rate (rollout): 0.71 | Loss: 0.171 | Opp label coverage: 0.91
Step 2481829/5000000 | Win rate (rollout): 0.46 | Loss: 0.170 | Opp label coverage: 0.82
Step 2482344/5000000 | Win rate (rollout): 0.36 | Loss: 0.162 | Opp label coverage: 0.88
Step 2482857/5000000 | Win rate (rollout): 0.56 | Loss: 0.281 | Opp label coverage: 0.88
Step 2483369/5000000 | Win rate (rollout): 0.50 | Loss: 0.197 | Opp label coverage: 0.81
Step 2483885/5000000 | Win rate (rollout): 0.64 | Loss: 0.257 | Opp label coverage: 0.89
Step 2484404/5000000 | Win rate (rollout): 0.41 | Loss: 0.230 | Opp label coverage: 0.88
Step 2484916/5000000 | Win rate (rollout): 0.93 | Loss: 0.188 | Opp label coverage: 0.91
Step 2485428/5000000 | Win rate (rollout): 0.44 | Loss: 0.200 | Opp label coverage: 0.84
Step 2485940/5000000 | Win rate (rollout): 0.58 | Loss: 0.171 | Opp label coverage: 0.84
Step 2486452/5000000 | Win rate (rollout): 0.60 | Loss: 0.156 | Opp label coverage: 0.84
Step 2486965/5000000 | Win rate (rollout): 0.55 | Loss: 0.232 | Opp label coverage: 0.91
Step 2487478/5000000 | Win rate (rollout): 0.71 | Loss: 0.171 | Opp label coverage: 0.88
Step 2487992/5000000 | Win rate (rollout): 0.46 | Loss: 0.238 | Opp label coverage: 0.90
Step 2488506/5000000 | Win rate (rollout): 0.36 | Loss: 0.197 | Opp label coverage: 0.89
Step 2489018/5000000 | Win rate (rollout): 0.10 | Loss: 0.179 | Opp label coverage: 0.78
Step 2489530/5000000 | Win rate (rollout): 0.78 | Loss: 0.195 | Opp label coverage: 0.83
Step 2490046/5000000 | Win rate (rollout): 0.54 | Loss: 0.231 | Opp label coverage: 0.88
Step 2490558/5000000 | Win rate (rollout): 0.90 | Loss: 0.186 | Opp label coverage: 0.82
Step 2491072/5000000 | Win rate (rollout): 0.33 | Loss: 0.155 | Opp label coverage: 0.90
Step 2491584/5000000 | Win rate (rollout): 0.58 | Loss: 0.186 | Opp label coverage: 0.81
Step 2492096/5000000 | Win rate (rollout): 0.46 | Loss: 0.192 | Opp label coverage: 0.79
Step 2492608/5000000 | Win rate (rollout): 0.27 | Loss: 0.184 | Opp label coverage: 0.77
Step 2493124/5000000 | Win rate (rollout): 0.55 | Loss: 0.234 | Opp label coverage: 0.90
Step 2493640/5000000 | Win rate (rollout): 0.46 | Loss: 0.156 | Opp label coverage: 0.89
Step 2494159/5000000 | Win rate (rollout): 0.61 | Loss: 0.216 | Opp label coverage: 0.89
Step 2494671/5000000 | Win rate (rollout): 0.47 | Loss: 0.180 | Opp label coverage: 0.79
Step 2495183/5000000 | Win rate (rollout): 0.53 | Loss: 0.201 | Opp label coverage: 0.79
Step 2495695/5000000 | Win rate (rollout): 0.64 | Loss: 0.225 | Opp label coverage: 0.80
Step 2496213/5000000 | Win rate (rollout): 0.56 | Loss: 0.202 | Opp label coverage: 0.92
Step 2496725/5000000 | Win rate (rollout): 0.42 | Loss: 0.193 | Opp label coverage: 0.90
Step 2497238/5000000 | Win rate (rollout): 0.29 | Loss: 0.323 | Opp label coverage: 0.90
Step 2497750/5000000 | Win rate (rollout): 0.36 | Loss: 0.201 | Opp label coverage: 0.80
Step 2498265/5000000 | Win rate (rollout): 0.73 | Loss: 0.220 | Opp label coverage: 0.90
Step 2498781/5000000 | Win rate (rollout): 0.56 | Loss: 0.206 | Opp label coverage: 0.90
Step 2499298/5000000 | Win rate (rollout): 0.38 | Loss: 0.219 | Opp label coverage: 0.87
Step 2499812/5000000 | Win rate (rollout): 0.41 | Loss: 0.263 | Opp label coverage: 0.88
[checkpoint] Saved models/ppo/checkpoints/m9p2c/ppo_step_2500036.pt
Step 2500324/5000000 | Win rate (rollout): 0.43 | Loss: 0.227 | Opp label coverage: 0.81
Step 2500836/5000000 | Win rate (rollout): 0.80 | Loss: 0.207 | Opp label coverage: 0.77
Step 2501350/5000000 | Win rate (rollout): 0.55 | Loss: 0.217 | Opp label coverage: 0.89
Step 2501862/5000000 | Win rate (rollout): 0.90 | Loss: 0.192 | Opp label coverage: 0.86
Step 2502376/5000000 | Win rate (rollout): 0.67 | Loss: 0.298 | Opp label coverage: 0.88
Step 2502889/5000000 | Win rate (rollout): 0.50 | Loss: 0.129 | Opp label coverage: 0.89
Step 2503401/5000000 | Win rate (rollout): 0.75 | Loss: 0.161 | Opp label coverage: 0.84
Step 2503915/5000000 | Win rate (rollout): 0.44 | Loss: 0.275 | Opp label coverage: 0.90
Step 2504431/5000000 | Win rate (rollout): 0.47 | Loss: 0.209 | Opp label coverage: 0.90
Step 2504943/5000000 | Win rate (rollout): 0.50 | Loss: 0.197 | Opp label coverage: 0.84
Step 2505455/5000000 | Win rate (rollout): 0.64 | Loss: 0.187 | Opp label coverage: 0.79
Step 2505967/5000000 | Win rate (rollout): 0.75 | Loss: 0.207 | Opp label coverage: 0.86
Step 2506483/5000000 | Win rate (rollout): 0.70 | Loss: 0.205 | Opp label coverage: 0.90
Step 2506995/5000000 | Win rate (rollout): 0.11 | Loss: 0.168 | Opp label coverage: 0.77
Step 2507511/5000000 | Win rate (rollout): 0.25 | Loss: 0.211 | Opp label coverage: 0.89
Step 2508026/5000000 | Win rate (rollout): 0.31 | Loss: 0.188 | Opp label coverage: 0.88
Step 2508538/5000000 | Win rate (rollout): 0.78 | Loss: 0.183 | Opp label coverage: 0.88
Step 2509050/5000000 | Win rate (rollout): 0.55 | Loss: 0.183 | Opp label coverage: 0.81
Step 2509562/5000000 | Win rate (rollout): 0.90 | Loss: 0.179 | Opp label coverage: 0.89
Step 2510074/5000000 | Win rate (rollout): 0.57 | Loss: 0.221 | Opp label coverage: 0.82
Step 2510586/5000000 | Win rate (rollout): 0.80 | Loss: 0.165 | Opp label coverage: 0.85
Step 2511099/5000000 | Win rate (rollout): 0.64 | Loss: 0.277 | Opp label coverage: 0.91
Step 2511611/5000000 | Win rate (rollout): 0.31 | Loss: 0.210 | Opp label coverage: 0.82
Step 2512123/5000000 | Win rate (rollout): 0.50 | Loss: 0.181 | Opp label coverage: 0.83
Step 2512635/5000000 | Win rate (rollout): 0.73 | Loss: 0.176 | Opp label coverage: 0.85
Step 2513153/5000000 | Win rate (rollout): 0.25 | Loss: 0.212 | Opp label coverage: 0.87
Step 2513665/5000000 | Win rate (rollout): 0.85 | Loss: 0.173 | Opp label coverage: 0.83
Step 2514183/5000000 | Win rate (rollout): 1.00 | Loss: 0.144 | Opp label coverage: 0.93
Step 2514699/5000000 | Win rate (rollout): 0.46 | Loss: 0.264 | Opp label coverage: 0.90
Step 2515215/5000000 | Win rate (rollout): 0.44 | Loss: 0.226 | Opp label coverage: 0.87
Step 2515729/5000000 | Win rate (rollout): 0.50 | Loss: 0.157 | Opp label coverage: 0.89
Step 2516241/5000000 | Win rate (rollout): 0.82 | Loss: 0.197 | Opp label coverage: 0.85
Step 2516756/5000000 | Win rate (rollout): 0.70 | Loss: 0.170 | Opp label coverage: 0.88
Step 2517275/5000000 | Win rate (rollout): 0.69 | Loss: 0.131 | Opp label coverage: 0.91
Step 2517787/5000000 | Win rate (rollout): 0.75 | Loss: 0.231 | Opp label coverage: 0.84
Step 2518299/5000000 | Win rate (rollout): 0.40 | Loss: 0.157 | Opp label coverage: 0.83
Step 2518813/5000000 | Win rate (rollout): 0.64 | Loss: 0.140 | Opp label coverage: 0.89
Step 2519325/5000000 | Win rate (rollout): 0.90 | Loss: 0.199 | Opp label coverage: 0.82
Step 2519837/5000000 | Win rate (rollout): 0.53 | Loss: 0.196 | Opp label coverage: 0.81
Step 2520352/5000000 | Win rate (rollout): 0.56 | Loss: 0.258 | Opp label coverage: 0.90
Step 2520864/5000000 | Win rate (rollout): 0.67 | Loss: 0.160 | Opp label coverage: 0.81
Step 2521376/5000000 | Win rate (rollout): 0.73 | Loss: 0.169 | Opp label coverage: 0.81
Step 2521890/5000000 | Win rate (rollout): 0.50 | Loss: 0.223 | Opp label coverage: 0.88
Step 2522408/5000000 | Win rate (rollout): 0.85 | Loss: 0.191 | Opp label coverage: 0.92
Step 2522922/5000000 | Win rate (rollout): 0.50 | Loss: 0.118 | Opp label coverage: 0.90
Step 2523434/5000000 | Win rate (rollout): 0.44 | Loss: 0.217 | Opp label coverage: 0.85
Step 2523946/5000000 | Win rate (rollout): 0.22 | Loss: 0.239 | Opp label coverage: 0.89
Step 2524458/5000000 | Win rate (rollout): 0.64 | Loss: 0.164 | Opp label coverage: 0.81
Step 2524970/5000000 | Win rate (rollout): 0.82 | Loss: 0.194 | Opp label coverage: 0.85
Step 2525482/5000000 | Win rate (rollout): 0.60 | Loss: 0.172 | Opp label coverage: 0.86
Step 2525994/5000000 | Win rate (rollout): 0.69 | Loss: 0.187 | Opp label coverage: 0.81
Step 2526508/5000000 | Win rate (rollout): 0.62 | Loss: 0.141 | Opp label coverage: 0.91
Step 2527027/5000000 | Win rate (rollout): 0.44 | Loss: 0.232 | Opp label coverage: 0.88
Step 2527539/5000000 | Win rate (rollout): 0.27 | Loss: 0.238 | Opp label coverage: 0.89
Step 2528051/5000000 | Win rate (rollout): 0.56 | Loss: 0.183 | Opp label coverage: 0.74
Step 2528563/5000000 | Win rate (rollout): 0.46 | Loss: 0.175 | Opp label coverage: 0.79
Step 2529078/5000000 | Win rate (rollout): 0.73 | Loss: 0.204 | Opp label coverage: 0.88
Step 2529590/5000000 | Win rate (rollout): 0.36 | Loss: 0.194 | Opp label coverage: 0.80
Step 2530105/5000000 | Win rate (rollout): 0.55 | Loss: 0.202 | Opp label coverage: 0.89
Step 2530617/5000000 | Win rate (rollout): 0.73 | Loss: 0.186 | Opp label coverage: 0.86
Step 2531135/5000000 | Win rate (rollout): 0.33 | Loss: 0.206 | Opp label coverage: 0.88
Step 2531647/5000000 | Win rate (rollout): 0.43 | Loss: 0.178 | Opp label coverage: 0.84
Step 2532162/5000000 | Win rate (rollout): 0.25 | Loss: 0.146 | Opp label coverage: 0.89
Step 2532674/5000000 | Win rate (rollout): 0.54 | Loss: 0.210 | Opp label coverage: 0.84
Step 2533192/5000000 | Win rate (rollout): 0.73 | Loss: 0.202 | Opp label coverage: 0.92
Step 2533705/5000000 | Win rate (rollout): 0.40 | Loss: 0.166 | Opp label coverage: 0.90
Step 2534219/5000000 | Win rate (rollout): 0.53 | Loss: 0.244 | Opp label coverage: 0.91
Step 2534735/5000000 | Win rate (rollout): 0.43 | Loss: 0.140 | Opp label coverage: 0.90
Step 2535253/5000000 | Win rate (rollout): 0.57 | Loss: 0.203 | Opp label coverage: 0.90
Step 2535769/5000000 | Win rate (rollout): 0.62 | Loss: 0.201 | Opp label coverage: 0.90
Step 2536285/5000000 | Win rate (rollout): 0.54 | Loss: 0.163 | Opp label coverage: 0.89
Step 2536797/5000000 | Win rate (rollout): 0.50 | Loss: 0.178 | Opp label coverage: 0.81
Step 2537315/5000000 | Win rate (rollout): 0.75 | Loss: 0.195 | Opp label coverage: 0.90
Step 2537830/5000000 | Win rate (rollout): 0.27 | Loss: 0.178 | Opp label coverage: 0.90
Step 2538346/5000000 | Win rate (rollout): 0.64 | Loss: 0.222 | Opp label coverage: 0.90
Step 2538858/5000000 | Win rate (rollout): 0.83 | Loss: 0.170 | Opp label coverage: 0.81
Step 2539370/5000000 | Win rate (rollout): 0.69 | Loss: 0.176 | Opp label coverage: 0.79
Step 2539882/5000000 | Win rate (rollout): 0.45 | Loss: 0.167 | Opp label coverage: 0.81
Step 2540394/5000000 | Win rate (rollout): 1.00 | Loss: 0.178 | Opp label coverage: 0.79
Step 2540913/5000000 | Win rate (rollout): 0.22 | Loss: 0.225 | Opp label coverage: 0.87
Step 2541426/5000000 | Win rate (rollout): 0.43 | Loss: 0.138 | Opp label coverage: 0.89
Step 2541943/5000000 | Win rate (rollout): 0.36 | Loss: 0.226 | Opp label coverage: 0.91
Step 2542455/5000000 | Win rate (rollout): 0.57 | Loss: 0.178 | Opp label coverage: 0.89
Step 2542974/5000000 | Win rate (rollout): 0.50 | Loss: 0.164 | Opp label coverage: 0.90
Step 2543486/5000000 | Win rate (rollout): 0.42 | Loss: 0.182 | Opp label coverage: 0.76
Step 2543999/5000000 | Win rate (rollout): 0.67 | Loss: 0.279 | Opp label coverage: 0.88
Step 2544513/5000000 | Win rate (rollout): 0.65 | Loss: 0.233 | Opp label coverage: 0.88
Step 2545030/5000000 | Win rate (rollout): 0.42 | Loss: 0.234 | Opp label coverage: 0.89
Step 2545547/5000000 | Win rate (rollout): 0.47 | Loss: 0.175 | Opp label coverage: 0.89
Step 2546059/5000000 | Win rate (rollout): 0.46 | Loss: 0.225 | Opp label coverage: 0.90
Step 2546574/5000000 | Win rate (rollout): 0.73 | Loss: 0.221 | Opp label coverage: 0.90
Step 2547086/5000000 | Win rate (rollout): 0.61 | Loss: 0.216 | Opp label coverage: 0.88
Step 2547605/5000000 | Win rate (rollout): 0.54 | Loss: 0.210 | Opp label coverage: 0.88
Step 2548117/5000000 | Win rate (rollout): 0.38 | Loss: 0.202 | Opp label coverage: 0.80
Step 2548629/5000000 | Win rate (rollout): 0.31 | Loss: 0.187 | Opp label coverage: 0.81
Step 2549141/5000000 | Win rate (rollout): 0.13 | Loss: 0.177 | Opp label coverage: 0.85
Step 2549653/5000000 | Win rate (rollout): 0.25 | Loss: 0.202 | Opp label coverage: 0.84
Step 2550165/5000000 | Win rate (rollout): 0.53 | Loss: 0.211 | Opp label coverage: 0.82
Step 2550682/5000000 | Win rate (rollout): 0.44 | Loss: 0.140 | Opp label coverage: 0.91
Step 2551199/5000000 | Win rate (rollout): 0.62 | Loss: 0.142 | Opp label coverage: 0.93
Step 2551718/5000000 | Win rate (rollout): 0.54 | Loss: 0.217 | Opp label coverage: 0.92
Step 2552231/5000000 | Win rate (rollout): 0.54 | Loss: 0.216 | Opp label coverage: 0.88
Step 2552743/5000000 | Win rate (rollout): 0.56 | Loss: 0.198 | Opp label coverage: 0.81
Step 2553262/5000000 | Win rate (rollout): 0.44 | Loss: 0.227 | Opp label coverage: 0.88
Step 2553774/5000000 | Win rate (rollout): 0.62 | Loss: 0.209 | Opp label coverage: 0.92
Step 2554289/5000000 | Win rate (rollout): 0.73 | Loss: 0.183 | Opp label coverage: 0.88
Step 2554806/5000000 | Win rate (rollout): 0.40 | Loss: 0.253 | Opp label coverage: 0.88
Step 2555318/5000000 | Win rate (rollout): 0.33 | Loss: 0.180 | Opp label coverage: 0.79
Step 2555832/5000000 | Win rate (rollout): 0.38 | Loss: 0.059 | Opp label coverage: 0.89
Step 2556344/5000000 | Win rate (rollout): 0.29 | Loss: 0.201 | Opp label coverage: 0.77
Step 2556856/5000000 | Win rate (rollout): 0.50 | Loss: 0.195 | Opp label coverage: 0.81
Step 2557373/5000000 | Win rate (rollout): 0.50 | Loss: 0.192 | Opp label coverage: 0.88
Step 2557885/5000000 | Win rate (rollout): 0.57 | Loss: 0.213 | Opp label coverage: 0.83
Step 2558400/5000000 | Win rate (rollout): 0.55 | Loss: 0.224 | Opp label coverage: 0.89
Step 2558914/5000000 | Win rate (rollout): 0.54 | Loss: 0.242 | Opp label coverage: 0.91
Step 2559426/5000000 | Win rate (rollout): 0.60 | Loss: 0.158 | Opp label coverage: 0.84
Step 2559942/5000000 | Win rate (rollout): 0.45 | Loss: 0.217 | Opp label coverage: 0.91
Step 2560457/5000000 | Win rate (rollout): 0.73 | Loss: 0.198 | Opp label coverage: 0.90
Step 2560969/5000000 | Win rate (rollout): 0.67 | Loss: 0.192 | Opp label coverage: 0.83
Step 2561481/5000000 | Win rate (rollout): 0.47 | Loss: 0.221 | Opp label coverage: 0.81
Step 2561993/5000000 | Win rate (rollout): 0.33 | Loss: 0.208 | Opp label coverage: 0.88
Step 2562508/5000000 | Win rate (rollout): 0.46 | Loss: 0.149 | Opp label coverage: 0.89
Step 2563020/5000000 | Win rate (rollout): 0.46 | Loss: 0.210 | Opp label coverage: 0.80
Step 2563532/5000000 | Win rate (rollout): 0.89 | Loss: 0.188 | Opp label coverage: 0.85
Step 2564044/5000000 | Win rate (rollout): 0.69 | Loss: 0.202 | Opp label coverage: 0.87
Step 2564561/5000000 | Win rate (rollout): 0.78 | Loss: 0.214 | Opp label coverage: 0.89
Step 2565074/5000000 | Win rate (rollout): 0.47 | Loss: 0.196 | Opp label coverage: 0.88
Step 2565587/5000000 | Win rate (rollout): 0.29 | Loss: 0.213 | Opp label coverage: 0.90
Step 2566103/5000000 | Win rate (rollout): 0.57 | Loss: 0.229 | Opp label coverage: 0.89
Step 2566615/5000000 | Win rate (rollout): 0.31 | Loss: 0.209 | Opp label coverage: 0.88
Step 2567132/5000000 | Win rate (rollout): 0.67 | Loss: 0.214 | Opp label coverage: 0.90
Step 2567644/5000000 | Win rate (rollout): 0.73 | Loss: 0.175 | Opp label coverage: 0.77
Step 2568156/5000000 | Win rate (rollout): 0.62 | Loss: 0.217 | Opp label coverage: 0.80
Step 2568668/5000000 | Win rate (rollout): 0.56 | Loss: 0.186 | Opp label coverage: 0.89
Step 2569180/5000000 | Win rate (rollout): 0.43 | Loss: 0.169 | Opp label coverage: 0.89
Step 2569692/5000000 | Win rate (rollout): 0.56 | Loss: 0.183 | Opp label coverage: 0.85
Step 2570206/5000000 | Win rate (rollout): 0.60 | Loss: 0.196 | Opp label coverage: 0.89
Step 2570718/5000000 | Win rate (rollout): 0.75 | Loss: 0.207 | Opp label coverage: 0.84
Step 2571230/5000000 | Win rate (rollout): 0.80 | Loss: 0.171 | Opp label coverage: 0.82
Step 2571742/5000000 | Win rate (rollout): 0.62 | Loss: 0.185 | Opp label coverage: 0.79
Step 2572254/5000000 | Win rate (rollout): 0.78 | Loss: 0.168 | Opp label coverage: 0.83
Step 2572766/5000000 | Win rate (rollout): 0.50 | Loss: 0.161 | Opp label coverage: 0.87
Step 2573280/5000000 | Win rate (rollout): 0.57 | Loss: 0.228 | Opp label coverage: 0.91
Step 2573796/5000000 | Win rate (rollout): 0.33 | Loss: 0.211 | Opp label coverage: 0.89
Step 2574311/5000000 | Win rate (rollout): 0.53 | Loss: 0.192 | Opp label coverage: 0.88
Step 2574823/5000000 | Win rate (rollout): 0.20 | Loss: 0.183 | Opp label coverage: 0.85
Step 2575337/5000000 | Win rate (rollout): 0.50 | Loss: 0.165 | Opp label coverage: 0.88
Step 2575849/5000000 | Win rate (rollout): 0.45 | Loss: 0.161 | Opp label coverage: 0.85
Step 2576367/5000000 | Win rate (rollout): 0.73 | Loss: 0.162 | Opp label coverage: 0.90
Step 2576879/5000000 | Win rate (rollout): 0.50 | Loss: 0.169 | Opp label coverage: 0.79
Step 2577394/5000000 | Win rate (rollout): 0.45 | Loss: 0.253 | Opp label coverage: 0.88
Step 2577909/5000000 | Win rate (rollout): 0.36 | Loss: 0.182 | Opp label coverage: 0.89
Step 2578421/5000000 | Win rate (rollout): 0.29 | Loss: 0.197 | Opp label coverage: 0.82
Step 2578933/5000000 | Win rate (rollout): 0.56 | Loss: 0.235 | Opp label coverage: 0.83
Step 2579448/5000000 | Win rate (rollout): 0.25 | Loss: 0.220 | Opp label coverage: 0.89
Step 2579962/5000000 | Win rate (rollout): 0.57 | Loss: 0.210 | Opp label coverage: 0.89
Step 2580474/5000000 | Win rate (rollout): 0.50 | Loss: 0.190 | Opp label coverage: 0.81
Step 2580991/5000000 | Win rate (rollout): 0.50 | Loss: 0.196 | Opp label coverage: 0.90
Step 2581503/5000000 | Win rate (rollout): 0.42 | Loss: 0.198 | Opp label coverage: 0.82
Step 2582015/5000000 | Win rate (rollout): 0.53 | Loss: 0.192 | Opp label coverage: 0.82
Step 2582527/5000000 | Win rate (rollout): 0.44 | Loss: 0.200 | Opp label coverage: 0.84
Step 2583039/5000000 | Win rate (rollout): 0.67 | Loss: 0.237 | Opp label coverage: 0.91
Step 2583551/5000000 | Win rate (rollout): 0.40 | Loss: 0.213 | Opp label coverage: 0.82
Step 2584063/5000000 | Win rate (rollout): 0.31 | Loss: 0.200 | Opp label coverage: 0.83
Step 2584581/5000000 | Win rate (rollout): 0.31 | Loss: 0.210 | Opp label coverage: 0.88
Step 2585096/5000000 | Win rate (rollout): 0.69 | Loss: 0.195 | Opp label coverage: 0.88
Step 2585612/5000000 | Win rate (rollout): 0.56 | Loss: 0.312 | Opp label coverage: 0.88
Step 2586129/5000000 | Win rate (rollout): 0.57 | Loss: 0.183 | Opp label coverage: 0.90
Step 2586644/5000000 | Win rate (rollout): 0.57 | Loss: 0.166 | Opp label coverage: 0.90
Step 2587156/5000000 | Win rate (rollout): 0.67 | Loss: 0.217 | Opp label coverage: 0.89
Step 2587673/5000000 | Win rate (rollout): 0.50 | Loss: 0.194 | Opp label coverage: 0.89
Step 2588187/5000000 | Win rate (rollout): 0.71 | Loss: 0.237 | Opp label coverage: 0.90
Step 2588703/5000000 | Win rate (rollout): 0.50 | Loss: 0.218 | Opp label coverage: 0.87
Step 2589215/5000000 | Win rate (rollout): 0.46 | Loss: 0.185 | Opp label coverage: 0.84
Step 2589727/5000000 | Win rate (rollout): 0.86 | Loss: 0.157 | Opp label coverage: 0.84
Step 2590243/5000000 | Win rate (rollout): 0.33 | Loss: 0.168 | Opp label coverage: 0.87
Step 2590755/5000000 | Win rate (rollout): 0.55 | Loss: 0.186 | Opp label coverage: 0.84
Step 2591273/5000000 | Win rate (rollout): 0.70 | Loss: 0.186 | Opp label coverage: 0.90
Step 2591785/5000000 | Win rate (rollout): 0.67 | Loss: 0.170 | Opp label coverage: 0.83
Step 2592297/5000000 | Win rate (rollout): 0.58 | Loss: 0.214 | Opp label coverage: 0.80
Step 2592809/5000000 | Win rate (rollout): 0.67 | Loss: 0.196 | Opp label coverage: 0.89
Step 2593321/5000000 | Win rate (rollout): 0.57 | Loss: 0.218 | Opp label coverage: 0.89
Step 2593833/5000000 | Win rate (rollout): 0.43 | Loss: 0.195 | Opp label coverage: 0.90
Step 2594345/5000000 | Win rate (rollout): 0.54 | Loss: 0.212 | Opp label coverage: 0.85
Step 2594857/5000000 | Win rate (rollout): 0.47 | Loss: 0.201 | Opp label coverage: 0.81
Step 2595375/5000000 | Win rate (rollout): 0.83 | Loss: 0.194 | Opp label coverage: 0.89
Step 2595887/5000000 | Win rate (rollout): 0.54 | Loss: 0.199 | Opp label coverage: 0.82
Step 2596399/5000000 | Win rate (rollout): 0.55 | Loss: 0.203 | Opp label coverage: 0.89
Step 2596911/5000000 | Win rate (rollout): 0.78 | Loss: 0.187 | Opp label coverage: 0.79
Step 2597428/5000000 | Win rate (rollout): 0.31 | Loss: 0.245 | Opp label coverage: 0.87
Step 2597940/5000000 | Win rate (rollout): 0.53 | Loss: 0.225 | Opp label coverage: 0.81
Step 2598452/5000000 | Win rate (rollout): 0.62 | Loss: 0.149 | Opp label coverage: 0.92
Step 2598970/5000000 | Win rate (rollout): 0.60 | Loss: 0.231 | Opp label coverage: 0.89
Step 2599482/5000000 | Win rate (rollout): 0.81 | Loss: 0.199 | Opp label coverage: 0.80
Step 2599994/5000000 | Win rate (rollout): 0.50 | Loss: 0.182 | Opp label coverage: 0.80
Step 2600509/5000000 | Win rate (rollout): 0.64 | Loss: 0.186 | Opp label coverage: 0.90
Step 2601021/5000000 | Win rate (rollout): 0.36 | Loss: 0.216 | Opp label coverage: 0.84
Step 2601533/5000000 | Win rate (rollout): 0.47 | Loss: 0.245 | Opp label coverage: 0.84
Step 2602048/5000000 | Win rate (rollout): 0.90 | Loss: 0.156 | Opp label coverage: 0.92
Step 2602562/5000000 | Win rate (rollout): 0.62 | Loss: 0.153 | Opp label coverage: 0.90
Step 2603074/5000000 | Win rate (rollout): 0.50 | Loss: 0.208 | Opp label coverage: 0.88
Step 2603592/5000000 | Win rate (rollout): 0.53 | Loss: 0.228 | Opp label coverage: 0.87
Step 2604110/5000000 | Win rate (rollout): 0.41 | Loss: 0.177 | Opp label coverage: 0.87
Step 2604622/5000000 | Win rate (rollout): 0.70 | Loss: 0.182 | Opp label coverage: 0.86
Step 2605139/5000000 | Win rate (rollout): 0.75 | Loss: 0.192 | Opp label coverage: 0.89
Step 2605651/5000000 | Win rate (rollout): 0.80 | Loss: 0.174 | Opp label coverage: 0.85
Step 2606170/5000000 | Win rate (rollout): 0.55 | Loss: 0.194 | Opp label coverage: 0.89
Step 2606682/5000000 | Win rate (rollout): 0.62 | Loss: 0.191 | Opp label coverage: 0.84
Step 2607196/5000000 | Win rate (rollout): 0.44 | Loss: 0.138 | Opp label coverage: 0.89
Step 2607710/5000000 | Win rate (rollout): 0.40 | Loss: 0.226 | Opp label coverage: 0.88
Step 2608222/5000000 | Win rate (rollout): 0.79 | Loss: 0.182 | Opp label coverage: 0.82
Step 2608734/5000000 | Win rate (rollout): 0.79 | Loss: 0.207 | Opp label coverage: 0.83
Step 2609246/5000000 | Win rate (rollout): 0.75 | Loss: 0.173 | Opp label coverage: 0.84
Step 2609759/5000000 | Win rate (rollout): 0.78 | Loss: 0.184 | Opp label coverage: 0.89
Step 2610275/5000000 | Win rate (rollout): 0.60 | Loss: 0.213 | Opp label coverage: 0.90
Step 2610787/5000000 | Win rate (rollout): 0.36 | Loss: 0.215 | Opp label coverage: 0.90
Step 2611299/5000000 | Win rate (rollout): 0.70 | Loss: 0.184 | Opp label coverage: 0.85
Step 2611815/5000000 | Win rate (rollout): 0.36 | Loss: 0.210 | Opp label coverage: 0.86
Step 2612327/5000000 | Win rate (rollout): 0.79 | Loss: 0.173 | Opp label coverage: 0.82
Step 2612839/5000000 | Win rate (rollout): 0.62 | Loss: 0.222 | Opp label coverage: 0.83
Step 2613351/5000000 | Win rate (rollout): 0.75 | Loss: 0.166 | Opp label coverage: 0.81
Step 2613863/5000000 | Win rate (rollout): 0.69 | Loss: 0.169 | Opp label coverage: 0.85
Step 2614381/5000000 | Win rate (rollout): 0.85 | Loss: 0.154 | Opp label coverage: 0.89
Step 2614893/5000000 | Win rate (rollout): 0.69 | Loss: 0.214 | Opp label coverage: 0.83
Step 2615405/5000000 | Win rate (rollout): 0.44 | Loss: 0.167 | Opp label coverage: 0.87
Step 2615917/5000000 | Win rate (rollout): 0.60 | Loss: 0.178 | Opp label coverage: 0.83
Step 2616429/5000000 | Win rate (rollout): 0.50 | Loss: 0.187 | Opp label coverage: 0.86
Step 2616941/5000000 | Win rate (rollout): 0.58 | Loss: 0.195 | Opp label coverage: 0.83
Step 2617454/5000000 | Win rate (rollout): 0.50 | Loss: 0.275 | Opp label coverage: 0.89
Step 2617967/5000000 | Win rate (rollout): 0.62 | Loss: 0.235 | Opp label coverage: 0.89
Step 2618479/5000000 | Win rate (rollout): 0.38 | Loss: 0.203 | Opp label coverage: 0.89
Step 2618996/5000000 | Win rate (rollout): 0.69 | Loss: 0.176 | Opp label coverage: 0.88
Step 2619511/5000000 | Win rate (rollout): 0.29 | Loss: 0.188 | Opp label coverage: 0.89
Step 2620023/5000000 | Win rate (rollout): 0.40 | Loss: 0.177 | Opp label coverage: 0.84
Step 2620535/5000000 | Win rate (rollout): 0.67 | Loss: 0.181 | Opp label coverage: 0.81
Step 2621050/5000000 | Win rate (rollout): 0.50 | Loss: 0.195 | Opp label coverage: 0.89
Step 2621569/5000000 | Win rate (rollout): 0.75 | Loss: 0.233 | Opp label coverage: 0.89
Step 2622081/5000000 | Win rate (rollout): 0.38 | Loss: 0.186 | Opp label coverage: 0.83
Step 2622593/5000000 | Win rate (rollout): 0.38 | Loss: 0.203 | Opp label coverage: 0.82
Step 2623105/5000000 | Win rate (rollout): 0.33 | Loss: 0.188 | Opp label coverage: 0.84
Step 2623617/5000000 | Win rate (rollout): 0.44 | Loss: 0.164 | Opp label coverage: 0.87
Step 2624136/5000000 | Win rate (rollout): 0.36 | Loss: 0.201 | Opp label coverage: 0.88
Step 2624652/5000000 | Win rate (rollout): 0.47 | Loss: 0.102 | Opp label coverage: 0.89
Step 2625170/5000000 | Win rate (rollout): 0.43 | Loss: 0.237 | Opp label coverage: 0.90
Step 2625682/5000000 | Win rate (rollout): 0.40 | Loss: 0.191 | Opp label coverage: 0.81
Step 2626194/5000000 | Win rate (rollout): 0.40 | Loss: 0.178 | Opp label coverage: 0.90
Step 2626708/5000000 | Win rate (rollout): 0.67 | Loss: 0.137 | Opp label coverage: 0.90
Step 2627220/5000000 | Win rate (rollout): 0.69 | Loss: 0.203 | Opp label coverage: 0.90
Step 2627732/5000000 | Win rate (rollout): 0.25 | Loss: 0.166 | Opp label coverage: 0.83
Step 2628244/5000000 | Win rate (rollout): 0.46 | Loss: 0.146 | Opp label coverage: 0.80
Step 2628760/5000000 | Win rate (rollout): 0.62 | Loss: 0.239 | Opp label coverage: 0.90
Step 2629277/5000000 | Win rate (rollout): 0.53 | Loss: 0.208 | Opp label coverage: 0.88
Step 2629789/5000000 | Win rate (rollout): 0.70 | Loss: 0.210 | Opp label coverage: 0.83
Step 2630301/5000000 | Win rate (rollout): 0.60 | Loss: 0.160 | Opp label coverage: 0.80
Step 2630813/5000000 | Win rate (rollout): 0.75 | Loss: 0.171 | Opp label coverage: 0.77
Step 2631326/5000000 | Win rate (rollout): 0.67 | Loss: 0.133 | Opp label coverage: 0.90
Step 2631841/5000000 | Win rate (rollout): 0.25 | Loss: 0.203 | Opp label coverage: 0.90
Step 2632358/5000000 | Win rate (rollout): 0.23 | Loss: 0.198 | Opp label coverage: 0.90
Step 2632873/5000000 | Win rate (rollout): 0.25 | Loss: 0.189 | Opp label coverage: 0.89
Step 2633387/5000000 | Win rate (rollout): 0.42 | Loss: 0.210 | Opp label coverage: 0.90
Step 2633899/5000000 | Win rate (rollout): 0.70 | Loss: 0.173 | Opp label coverage: 0.87
Step 2634411/5000000 | Win rate (rollout): 0.50 | Loss: 0.185 | Opp label coverage: 0.83
Step 2634923/5000000 | Win rate (rollout): 0.67 | Loss: 0.182 | Opp label coverage: 0.83
Step 2635435/5000000 | Win rate (rollout): 0.62 | Loss: 0.217 | Opp label coverage: 0.83
Step 2635951/5000000 | Win rate (rollout): 0.33 | Loss: 0.201 | Opp label coverage: 0.89
Step 2636463/5000000 | Win rate (rollout): 0.62 | Loss: 0.184 | Opp label coverage: 0.81
Step 2636975/5000000 | Win rate (rollout): 0.56 | Loss: 0.177 | Opp label coverage: 0.82
Step 2637488/5000000 | Win rate (rollout): 0.58 | Loss: 0.162 | Opp label coverage: 0.90
Step 2638006/5000000 | Win rate (rollout): 0.73 | Loss: 0.206 | Opp label coverage: 0.91
Step 2638518/5000000 | Win rate (rollout): 0.50 | Loss: 0.197 | Opp label coverage: 0.83
Step 2639030/5000000 | Win rate (rollout): 0.60 | Loss: 0.206 | Opp label coverage: 0.77
Step 2639544/5000000 | Win rate (rollout): 0.22 | Loss: 0.230 | Opp label coverage: 0.88
Step 2640057/5000000 | Win rate (rollout): 0.46 | Loss: 0.209 | Opp label coverage: 0.90
Step 2640569/5000000 | Win rate (rollout): 0.64 | Loss: 0.216 | Opp label coverage: 0.80
Step 2641087/5000000 | Win rate (rollout): 0.56 | Loss: 0.165 | Opp label coverage: 0.87
Step 2641599/5000000 | Win rate (rollout): 0.33 | Loss: 0.163 | Opp label coverage: 0.78
Step 2642116/5000000 | Win rate (rollout): 0.50 | Loss: 0.175 | Opp label coverage: 0.89
Step 2642628/5000000 | Win rate (rollout): 0.46 | Loss: 0.210 | Opp label coverage: 0.84
Step 2643140/5000000 | Win rate (rollout): 0.88 | Loss: 0.173 | Opp label coverage: 0.81
Step 2643652/5000000 | Win rate (rollout): 0.58 | Loss: 0.171 | Opp label coverage: 0.81
Step 2644164/5000000 | Win rate (rollout): 0.23 | Loss: 0.185 | Opp label coverage: 0.81
Step 2644676/5000000 | Win rate (rollout): 0.67 | Loss: 0.200 | Opp label coverage: 0.90
Step 2645188/5000000 | Win rate (rollout): 0.50 | Loss: 0.188 | Opp label coverage: 0.84
Step 2645701/5000000 | Win rate (rollout): 0.67 | Loss: 0.106 | Opp label coverage: 0.89
Step 2646213/5000000 | Win rate (rollout): 0.75 | Loss: 0.161 | Opp label coverage: 0.88
Step 2646725/5000000 | Win rate (rollout): 0.56 | Loss: 0.228 | Opp label coverage: 0.91
Step 2647237/5000000 | Win rate (rollout): 0.40 | Loss: 0.195 | Opp label coverage: 0.81
Step 2647751/5000000 | Win rate (rollout): 0.70 | Loss: 0.165 | Opp label coverage: 0.91
Step 2648263/5000000 | Win rate (rollout): 0.60 | Loss: 0.180 | Opp label coverage: 0.83
Step 2648775/5000000 | Win rate (rollout): 0.43 | Loss: 0.181 | Opp label coverage: 0.85
Step 2649287/5000000 | Win rate (rollout): 0.43 | Loss: 0.184 | Opp label coverage: 0.84
Step 2649799/5000000 | Win rate (rollout): 0.71 | Loss: 0.166 | Opp label coverage: 0.81
Step 2650311/5000000 | Win rate (rollout): 0.62 | Loss: 0.227 | Opp label coverage: 0.88
Step 2650824/5000000 | Win rate (rollout): 0.62 | Loss: 0.199 | Opp label coverage: 0.90
Step 2651336/5000000 | Win rate (rollout): 0.67 | Loss: 0.174 | Opp label coverage: 0.83
Step 2651848/5000000 | Win rate (rollout): 0.20 | Loss: 0.212 | Opp label coverage: 0.90
Step 2652360/5000000 | Win rate (rollout): 0.60 | Loss: 0.208 | Opp label coverage: 0.83
Step 2652872/5000000 | Win rate (rollout): 0.62 | Loss: 0.171 | Opp label coverage: 0.84
Step 2653384/5000000 | Win rate (rollout): 0.38 | Loss: 0.186 | Opp label coverage: 0.83
Step 2653899/5000000 | Win rate (rollout): 0.20 | Loss: 0.185 | Opp label coverage: 0.90
Step 2654411/5000000 | Win rate (rollout): 0.83 | Loss: 0.229 | Opp label coverage: 0.80
Step 2654923/5000000 | Win rate (rollout): 0.67 | Loss: 0.175 | Opp label coverage: 0.81
Step 2655435/5000000 | Win rate (rollout): 0.56 | Loss: 0.148 | Opp label coverage: 0.82
Step 2655950/5000000 | Win rate (rollout): 0.58 | Loss: 0.318 | Opp label coverage: 0.89
Step 2656462/5000000 | Win rate (rollout): 0.43 | Loss: 0.180 | Opp label coverage: 0.81
Step 2656974/5000000 | Win rate (rollout): 0.56 | Loss: 0.218 | Opp label coverage: 0.84
Step 2657486/5000000 | Win rate (rollout): 0.40 | Loss: 0.170 | Opp label coverage: 0.86
Step 2657998/5000000 | Win rate (rollout): 0.54 | Loss: 0.193 | Opp label coverage: 0.85
Step 2658512/5000000 | Win rate (rollout): 0.44 | Loss: 0.136 | Opp label coverage: 0.89
Step 2659024/5000000 | Win rate (rollout): 0.67 | Loss: 0.178 | Opp label coverage: 0.84
Step 2659536/5000000 | Win rate (rollout): 0.70 | Loss: 0.214 | Opp label coverage: 0.89
Step 2660048/5000000 | Win rate (rollout): 0.90 | Loss: 0.158 | Opp label coverage: 0.84
Step 2660560/5000000 | Win rate (rollout): 0.60 | Loss: 0.192 | Opp label coverage: 0.91
Step 2661072/5000000 | Win rate (rollout): 0.31 | Loss: 0.194 | Opp label coverage: 0.84
Step 2661584/5000000 | Win rate (rollout): 0.80 | Loss: 0.208 | Opp label coverage: 0.81
Step 2662101/5000000 | Win rate (rollout): 0.55 | Loss: 0.171 | Opp label coverage: 0.89
Step 2662613/5000000 | Win rate (rollout): 0.40 | Loss: 0.210 | Opp label coverage: 0.85
Step 2663131/5000000 | Win rate (rollout): 0.44 | Loss: 0.200 | Opp label coverage: 0.89
Step 2663645/5000000 | Win rate (rollout): 0.53 | Loss: 0.210 | Opp label coverage: 0.89
Step 2664157/5000000 | Win rate (rollout): 0.71 | Loss: 0.193 | Opp label coverage: 0.87
Step 2664669/5000000 | Win rate (rollout): 0.33 | Loss: 0.173 | Opp label coverage: 0.84
Step 2665181/5000000 | Win rate (rollout): 0.89 | Loss: 0.187 | Opp label coverage: 0.82
Step 2665693/5000000 | Win rate (rollout): 0.33 | Loss: 0.190 | Opp label coverage: 0.81
Step 2666205/5000000 | Win rate (rollout): 0.67 | Loss: 0.190 | Opp label coverage: 0.85
Step 2666717/5000000 | Win rate (rollout): 0.20 | Loss: 0.208 | Opp label coverage: 0.81
Step 2667229/5000000 | Win rate (rollout): 0.63 | Loss: 0.204 | Opp label coverage: 0.81
Step 2667741/5000000 | Win rate (rollout): 0.33 | Loss: 0.186 | Opp label coverage: 0.89
Step 2668253/5000000 | Win rate (rollout): 0.70 | Loss: 0.167 | Opp label coverage: 0.86
Step 2668765/5000000 | Win rate (rollout): 0.69 | Loss: 0.223 | Opp label coverage: 0.88
Step 2669278/5000000 | Win rate (rollout): 0.55 | Loss: 0.266 | Opp label coverage: 0.89
Step 2669794/5000000 | Win rate (rollout): 0.53 | Loss: 0.255 | Opp label coverage: 0.88
Step 2670306/5000000 | Win rate (rollout): 0.75 | Loss: 0.158 | Opp label coverage: 0.84
Step 2670818/5000000 | Win rate (rollout): 0.67 | Loss: 0.200 | Opp label coverage: 0.85
Step 2671330/5000000 | Win rate (rollout): 0.50 | Loss: 0.178 | Opp label coverage: 0.86
Step 2671842/5000000 | Win rate (rollout): 0.62 | Loss: 0.218 | Opp label coverage: 0.83
Step 2672354/5000000 | Win rate (rollout): 0.83 | Loss: 0.228 | Opp label coverage: 0.90
Step 2672866/5000000 | Win rate (rollout): 0.29 | Loss: 0.205 | Opp label coverage: 0.80
Step 2673378/5000000 | Win rate (rollout): 0.31 | Loss: 0.182 | Opp label coverage: 0.81
Step 2673890/5000000 | Win rate (rollout): 0.43 | Loss: 0.213 | Opp label coverage: 0.88
Step 2674402/5000000 | Win rate (rollout): 0.57 | Loss: 0.232 | Opp label coverage: 0.89
Step 2674914/5000000 | Win rate (rollout): 0.50 | Loss: 0.175 | Opp label coverage: 0.82
Step 2675427/5000000 | Win rate (rollout): 0.45 | Loss: 0.189 | Opp label coverage: 0.88
Step 2675939/5000000 | Win rate (rollout): 0.40 | Loss: 0.217 | Opp label coverage: 0.85
Step 2676451/5000000 | Win rate (rollout): 0.46 | Loss: 0.174 | Opp label coverage: 0.81
Step 2676969/5000000 | Win rate (rollout): 0.73 | Loss: 0.252 | Opp label coverage: 0.88
Step 2677488/5000000 | Win rate (rollout): 0.69 | Loss: 0.161 | Opp label coverage: 0.91
Step 2678000/5000000 | Win rate (rollout): 0.80 | Loss: 0.179 | Opp label coverage: 0.84
Step 2678518/5000000 | Win rate (rollout): 0.67 | Loss: 0.182 | Opp label coverage: 0.89
Step 2679032/5000000 | Win rate (rollout): 0.53 | Loss: 0.190 | Opp label coverage: 0.90
Step 2679547/5000000 | Win rate (rollout): 0.82 | Loss: 0.071 | Opp label coverage: 0.90
Step 2680065/5000000 | Win rate (rollout): 0.53 | Loss: 0.174 | Opp label coverage: 0.89
Step 2680577/5000000 | Win rate (rollout): 0.45 | Loss: 0.247 | Opp label coverage: 0.86
Step 2681096/5000000 | Win rate (rollout): 0.50 | Loss: 0.203 | Opp label coverage: 0.89
Step 2681608/5000000 | Win rate (rollout): 0.92 | Loss: 0.204 | Opp label coverage: 0.87
Step 2682127/5000000 | Win rate (rollout): 0.64 | Loss: 0.176 | Opp label coverage: 0.87
Step 2682645/5000000 | Win rate (rollout): 0.57 | Loss: 0.212 | Opp label coverage: 0.89
Step 2683157/5000000 | Win rate (rollout): 0.67 | Loss: 0.166 | Opp label coverage: 0.82
Step 2683669/5000000 | Win rate (rollout): 0.86 | Loss: 0.179 | Opp label coverage: 0.85
Step 2684181/5000000 | Win rate (rollout): 0.43 | Loss: 0.198 | Opp label coverage: 0.83
Step 2684693/5000000 | Win rate (rollout): 0.67 | Loss: 0.191 | Opp label coverage: 0.82
Step 2685211/5000000 | Win rate (rollout): 0.46 | Loss: 0.214 | Opp label coverage: 0.88
Step 2685729/5000000 | Win rate (rollout): 0.47 | Loss: 0.224 | Opp label coverage: 0.86
Step 2686241/5000000 | Win rate (rollout): 0.59 | Loss: 0.219 | Opp label coverage: 0.79
Step 2686753/5000000 | Win rate (rollout): 0.60 | Loss: 0.182 | Opp label coverage: 0.88
Step 2687270/5000000 | Win rate (rollout): 0.90 | Loss: 0.236 | Opp label coverage: 0.93
Step 2687786/5000000 | Win rate (rollout): 0.46 | Loss: 0.268 | Opp label coverage: 0.87
Step 2688305/5000000 | Win rate (rollout): 0.60 | Loss: 0.171 | Opp label coverage: 0.88
Step 2688820/5000000 | Win rate (rollout): 0.57 | Loss: 0.216 | Opp label coverage: 0.92
Step 2689336/5000000 | Win rate (rollout): 0.50 | Loss: 0.183 | Opp label coverage: 0.92
Step 2689848/5000000 | Win rate (rollout): 0.67 | Loss: 0.204 | Opp label coverage: 0.81
Step 2690360/5000000 | Win rate (rollout): 0.60 | Loss: 0.180 | Opp label coverage: 0.78
Step 2690873/5000000 | Win rate (rollout): 0.33 | Loss: 0.285 | Opp label coverage: 0.87
Step 2691385/5000000 | Win rate (rollout): 0.50 | Loss: 0.187 | Opp label coverage: 0.84
Step 2691897/5000000 | Win rate (rollout): 0.50 | Loss: 0.186 | Opp label coverage: 0.83
Step 2692409/5000000 | Win rate (rollout): 0.42 | Loss: 0.205 | Opp label coverage: 0.88
Step 2692925/5000000 | Win rate (rollout): 0.45 | Loss: 0.199 | Opp label coverage: 0.89
Step 2693437/5000000 | Win rate (rollout): 0.30 | Loss: 0.207 | Opp label coverage: 0.81
Step 2693950/5000000 | Win rate (rollout): 0.70 | Loss: 0.288 | Opp label coverage: 0.89
Step 2694462/5000000 | Win rate (rollout): 0.33 | Loss: 0.176 | Opp label coverage: 0.80
Step 2694974/5000000 | Win rate (rollout): 0.50 | Loss: 0.175 | Opp label coverage: 0.83
Step 2695486/5000000 | Win rate (rollout): 0.75 | Loss: 0.205 | Opp label coverage: 0.89
Step 2696001/5000000 | Win rate (rollout): 0.31 | Loss: 0.187 | Opp label coverage: 0.89
Step 2696513/5000000 | Win rate (rollout): 0.89 | Loss: 0.155 | Opp label coverage: 0.81
Step 2697029/5000000 | Win rate (rollout): 0.50 | Loss: 0.151 | Opp label coverage: 0.89
Step 2697545/5000000 | Win rate (rollout): 0.62 | Loss: 0.212 | Opp label coverage: 0.91
Step 2698057/5000000 | Win rate (rollout): 0.36 | Loss: 0.184 | Opp label coverage: 0.84
Step 2698569/5000000 | Win rate (rollout): 0.69 | Loss: 0.186 | Opp label coverage: 0.82
Step 2699081/5000000 | Win rate (rollout): 0.50 | Loss: 0.225 | Opp label coverage: 0.83
Step 2699595/5000000 | Win rate (rollout): 0.30 | Loss: 0.339 | Opp label coverage: 0.88
Step 2700107/5000000 | Win rate (rollout): 0.50 | Loss: 0.159 | Opp label coverage: 0.83
Step 2700623/5000000 | Win rate (rollout): 0.40 | Loss: 0.204 | Opp label coverage: 0.88
Step 2701138/5000000 | Win rate (rollout): 0.38 | Loss: 0.227 | Opp label coverage: 0.90
Step 2701657/5000000 | Win rate (rollout): 0.43 | Loss: 0.209 | Opp label coverage: 0.87
Step 2702176/5000000 | Win rate (rollout): 0.53 | Loss: 0.233 | Opp label coverage: 0.90
Step 2702689/5000000 | Win rate (rollout): 0.57 | Loss: 0.171 | Opp label coverage: 0.90
Step 2703201/5000000 | Win rate (rollout): 0.67 | Loss: 0.178 | Opp label coverage: 0.85
Step 2703716/5000000 | Win rate (rollout): 0.55 | Loss: 0.269 | Opp label coverage: 0.89
Step 2704228/5000000 | Win rate (rollout): 0.36 | Loss: 0.222 | Opp label coverage: 0.86
Step 2704740/5000000 | Win rate (rollout): 0.44 | Loss: 0.223 | Opp label coverage: 0.91
Step 2705252/5000000 | Win rate (rollout): 0.50 | Loss: 0.205 | Opp label coverage: 0.85
Step 2705764/5000000 | Win rate (rollout): 0.67 | Loss: 0.234 | Opp label coverage: 0.84
Step 2706276/5000000 | Win rate (rollout): 0.50 | Loss: 0.213 | Opp label coverage: 0.79
Step 2706788/5000000 | Win rate (rollout): 0.38 | Loss: 0.184 | Opp label coverage: 0.79
Step 2707305/5000000 | Win rate (rollout): 0.30 | Loss: 0.161 | Opp label coverage: 0.90
Step 2707817/5000000 | Win rate (rollout): 0.80 | Loss: 0.184 | Opp label coverage: 0.87
Step 2708329/5000000 | Win rate (rollout): 0.67 | Loss: 0.204 | Opp label coverage: 0.85
Step 2708845/5000000 | Win rate (rollout): 0.67 | Loss: 0.152 | Opp label coverage: 0.90
Step 2709360/5000000 | Win rate (rollout): 0.81 | Loss: 0.197 | Opp label coverage: 0.89
Step 2709872/5000000 | Win rate (rollout): 0.67 | Loss: 0.204 | Opp label coverage: 0.78
Step 2710386/5000000 | Win rate (rollout): 0.82 | Loss: 0.161 | Opp label coverage: 0.88
Step 2710898/5000000 | Win rate (rollout): 0.55 | Loss: 0.208 | Opp label coverage: 0.80
Step 2711410/5000000 | Win rate (rollout): 0.50 | Loss: 0.191 | Opp label coverage: 0.85
Step 2711922/5000000 | Win rate (rollout): 0.77 | Loss: 0.194 | Opp label coverage: 0.90
Step 2712434/5000000 | Win rate (rollout): 0.78 | Loss: 0.150 | Opp label coverage: 0.86
Step 2712948/5000000 | Win rate (rollout): 0.64 | Loss: 0.182 | Opp label coverage: 0.89
Step 2713460/5000000 | Win rate (rollout): 0.75 | Loss: 0.191 | Opp label coverage: 0.79
Step 2713973/5000000 | Win rate (rollout): 0.50 | Loss: 0.282 | Opp label coverage: 0.88
Step 2714485/5000000 | Win rate (rollout): 1.00 | Loss: 0.168 | Opp label coverage: 0.84
Step 2714997/5000000 | Win rate (rollout): 0.43 | Loss: 0.183 | Opp label coverage: 0.82
Step 2715509/5000000 | Win rate (rollout): 0.53 | Loss: 0.206 | Opp label coverage: 0.82
Step 2716021/5000000 | Win rate (rollout): 0.69 | Loss: 0.163 | Opp label coverage: 0.81
Step 2716533/5000000 | Win rate (rollout): 0.39 | Loss: 0.232 | Opp label coverage: 0.81
Step 2717048/5000000 | Win rate (rollout): 0.64 | Loss: 0.157 | Opp label coverage: 0.89
Step 2717560/5000000 | Win rate (rollout): 0.43 | Loss: 0.187 | Opp label coverage: 0.84
Step 2718078/5000000 | Win rate (rollout): 0.22 | Loss: 0.187 | Opp label coverage: 0.88
Step 2718593/5000000 | Win rate (rollout): 0.40 | Loss: 0.148 | Opp label coverage: 0.88
Step 2719105/5000000 | Win rate (rollout): 0.64 | Loss: 0.226 | Opp label coverage: 0.81
Step 2719617/5000000 | Win rate (rollout): 0.50 | Loss: 0.189 | Opp label coverage: 0.84
Step 2720129/5000000 | Win rate (rollout): 0.33 | Loss: 0.193 | Opp label coverage: 0.85
Step 2720641/5000000 | Win rate (rollout): 0.38 | Loss: 0.159 | Opp label coverage: 0.86
Step 2721157/5000000 | Win rate (rollout): 0.82 | Loss: 0.181 | Opp label coverage: 0.91
Step 2721670/5000000 | Win rate (rollout): 0.38 | Loss: 0.184 | Opp label coverage: 0.89
Step 2722182/5000000 | Win rate (rollout): 0.67 | Loss: 0.241 | Opp label coverage: 0.88
Step 2722694/5000000 | Win rate (rollout): 0.62 | Loss: 0.201 | Opp label coverage: 0.91
Step 2723206/5000000 | Win rate (rollout): 0.62 | Loss: 0.196 | Opp label coverage: 0.85
Step 2723718/5000000 | Win rate (rollout): 0.44 | Loss: 0.199 | Opp label coverage: 0.81
Step 2724237/5000000 | Win rate (rollout): 0.40 | Loss: 0.182 | Opp label coverage: 0.89
Step 2724753/5000000 | Win rate (rollout): 0.53 | Loss: 0.189 | Opp label coverage: 0.88
Step 2725265/5000000 | Win rate (rollout): 0.50 | Loss: 0.179 | Opp label coverage: 0.82
Step 2725782/5000000 | Win rate (rollout): 0.67 | Loss: 0.168 | Opp label coverage: 0.89
Step 2726297/5000000 | Win rate (rollout): 0.50 | Loss: 0.213 | Opp label coverage: 0.90
Step 2726813/5000000 | Win rate (rollout): 0.50 | Loss: 0.232 | Opp label coverage: 0.91
Step 2727325/5000000 | Win rate (rollout): 0.78 | Loss: 0.167 | Opp label coverage: 0.85
Step 2727837/5000000 | Win rate (rollout): 0.58 | Loss: 0.157 | Opp label coverage: 0.86
Step 2728349/5000000 | Win rate (rollout): 0.46 | Loss: 0.219 | Opp label coverage: 0.82
Step 2728864/5000000 | Win rate (rollout): 0.88 | Loss: 0.162 | Opp label coverage: 0.90
Step 2729376/5000000 | Win rate (rollout): 0.55 | Loss: 0.182 | Opp label coverage: 0.87
Step 2729894/5000000 | Win rate (rollout): 0.29 | Loss: 0.156 | Opp label coverage: 0.89
Step 2730406/5000000 | Win rate (rollout): 0.50 | Loss: 0.186 | Opp label coverage: 0.82
Step 2730918/5000000 | Win rate (rollout): 0.56 | Loss: 0.208 | Opp label coverage: 0.83
Step 2731437/5000000 | Win rate (rollout): 0.50 | Loss: 0.196 | Opp label coverage: 0.89
Step 2731949/5000000 | Win rate (rollout): 0.45 | Loss: 0.186 | Opp label coverage: 0.83
Step 2732461/5000000 | Win rate (rollout): 0.50 | Loss: 0.222 | Opp label coverage: 0.85
Step 2732973/5000000 | Win rate (rollout): 0.50 | Loss: 0.197 | Opp label coverage: 0.76
Step 2733486/5000000 | Win rate (rollout): 0.70 | Loss: 0.225 | Opp label coverage: 0.91
Step 2733998/5000000 | Win rate (rollout): 0.57 | Loss: 0.213 | Opp label coverage: 0.90
Step 2734512/5000000 | Win rate (rollout): 0.58 | Loss: 0.193 | Opp label coverage: 0.90
Step 2735024/5000000 | Win rate (rollout): 0.27 | Loss: 0.186 | Opp label coverage: 0.81
Step 2735542/5000000 | Win rate (rollout): 0.29 | Loss: 0.209 | Opp label coverage: 0.91
Step 2736054/5000000 | Win rate (rollout): 0.50 | Loss: 0.166 | Opp label coverage: 0.84
Step 2736567/5000000 | Win rate (rollout): 0.70 | Loss: 0.262 | Opp label coverage: 0.91
Step 2737080/5000000 | Win rate (rollout): 0.33 | Loss: 0.214 | Opp label coverage: 0.89
Step 2737592/5000000 | Win rate (rollout): 0.50 | Loss: 0.252 | Opp label coverage: 0.89
Step 2738104/5000000 | Win rate (rollout): 0.44 | Loss: 0.183 | Opp label coverage: 0.89
Step 2738621/5000000 | Win rate (rollout): 0.50 | Loss: 0.225 | Opp label coverage: 0.90
Step 2739138/5000000 | Win rate (rollout): 0.50 | Loss: 0.204 | Opp label coverage: 0.91
Step 2739650/5000000 | Win rate (rollout): 0.29 | Loss: 0.165 | Opp label coverage: 0.87
Step 2740162/5000000 | Win rate (rollout): 0.64 | Loss: 0.209 | Opp label coverage: 0.85
Step 2740679/5000000 | Win rate (rollout): 0.45 | Loss: 0.228 | Opp label coverage: 0.88
Step 2741191/5000000 | Win rate (rollout): 0.42 | Loss: 0.191 | Opp label coverage: 0.83
Step 2741707/5000000 | Win rate (rollout): 0.38 | Loss: 0.192 | Opp label coverage: 0.91
Step 2742219/5000000 | Win rate (rollout): 0.31 | Loss: 0.207 | Opp label coverage: 0.79
Step 2742731/5000000 | Win rate (rollout): 0.50 | Loss: 0.169 | Opp label coverage: 0.85
Step 2743243/5000000 | Win rate (rollout): 0.40 | Loss: 0.203 | Opp label coverage: 0.87
Step 2743758/5000000 | Win rate (rollout): 0.27 | Loss: 0.142 | Opp label coverage: 0.88
Step 2744270/5000000 | Win rate (rollout): 0.67 | Loss: 0.180 | Opp label coverage: 0.84
Step 2744782/5000000 | Win rate (rollout): 0.45 | Loss: 0.188 | Opp label coverage: 0.89
Step 2745294/5000000 | Win rate (rollout): 0.58 | Loss: 0.202 | Opp label coverage: 0.83
Step 2745806/5000000 | Win rate (rollout): 0.42 | Loss: 0.191 | Opp label coverage: 0.87
Step 2746318/5000000 | Win rate (rollout): 0.42 | Loss: 0.204 | Opp label coverage: 0.81
Step 2746830/5000000 | Win rate (rollout): 0.53 | Loss: 0.169 | Opp label coverage: 0.82
Step 2747345/5000000 | Win rate (rollout): 0.38 | Loss: 0.210 | Opp label coverage: 0.88
Step 2747857/5000000 | Win rate (rollout): 0.50 | Loss: 0.192 | Opp label coverage: 0.79
Step 2748373/5000000 | Win rate (rollout): 0.40 | Loss: 0.217 | Opp label coverage: 0.88
Step 2748888/5000000 | Win rate (rollout): 0.13 | Loss: 0.162 | Opp label coverage: 0.90
Step 2749400/5000000 | Win rate (rollout): 0.46 | Loss: 0.228 | Opp label coverage: 0.82
Step 2749912/5000000 | Win rate (rollout): 0.47 | Loss: 0.206 | Opp label coverage: 0.82
[checkpoint] Saved models/ppo/checkpoints/m9p2c/ppo_step_2750040.pt
Step 2750424/5000000 | Win rate (rollout): 0.56 | Loss: 0.167 | Opp label coverage: 0.81
Step 2750936/5000000 | Win rate (rollout): 0.24 | Loss: 0.191 | Opp label coverage: 0.81
Step 2751448/5000000 | Win rate (rollout): 0.33 | Loss: 0.204 | Opp label coverage: 0.90
Step 2751964/5000000 | Win rate (rollout): 0.67 | Loss: 0.203 | Opp label coverage: 0.89
Step 2752481/5000000 | Win rate (rollout): 0.50 | Loss: 0.222 | Opp label coverage: 0.91
Step 2752993/5000000 | Win rate (rollout): 0.50 | Loss: 0.172 | Opp label coverage: 0.85
Step 2753505/5000000 | Win rate (rollout): 0.56 | Loss: 0.180 | Opp label coverage: 0.85
Step 2754017/5000000 | Win rate (rollout): 0.42 | Loss: 0.227 | Opp label coverage: 0.81
Step 2754531/5000000 | Win rate (rollout): 0.40 | Loss: 0.178 | Opp label coverage: 0.89
Step 2755043/5000000 | Win rate (rollout): 0.42 | Loss: 0.172 | Opp label coverage: 0.79
Step 2755555/5000000 | Win rate (rollout): 0.31 | Loss: 0.192 | Opp label coverage: 0.85
Step 2756070/5000000 | Win rate (rollout): 0.60 | Loss: 0.203 | Opp label coverage: 0.89
Step 2756582/5000000 | Win rate (rollout): 0.44 | Loss: 0.174 | Opp label coverage: 0.83
Step 2757097/5000000 | Win rate (rollout): 0.57 | Loss: 0.132 | Opp label coverage: 0.88
Step 2757615/5000000 | Win rate (rollout): 0.38 | Loss: 0.201 | Opp label coverage: 0.93
Step 2758127/5000000 | Win rate (rollout): 0.33 | Loss: 0.176 | Opp label coverage: 0.84
Step 2758644/5000000 | Win rate (rollout): 0.83 | Loss: 0.259 | Opp label coverage: 0.88
Step 2759158/5000000 | Win rate (rollout): 0.36 | Loss: 0.192 | Opp label coverage: 0.88
Step 2759674/5000000 | Win rate (rollout): 0.64 | Loss: 0.198 | Opp label coverage: 0.90
Step 2760193/5000000 | Win rate (rollout): 0.64 | Loss: 0.191 | Opp label coverage: 0.90
Step 2760708/5000000 | Win rate (rollout): 0.41 | Loss: 0.154 | Opp label coverage: 0.88
Step 2761221/5000000 | Win rate (rollout): 0.25 | Loss: 0.166 | Opp label coverage: 0.88
Step 2761733/5000000 | Win rate (rollout): 0.27 | Loss: 0.202 | Opp label coverage: 0.79
Step 2762245/5000000 | Win rate (rollout): 0.50 | Loss: 0.184 | Opp label coverage: 0.85
Step 2762760/5000000 | Win rate (rollout): 0.40 | Loss: 0.138 | Opp label coverage: 0.88
Step 2763272/5000000 | Win rate (rollout): 0.67 | Loss: 0.189 | Opp label coverage: 0.83
Step 2763784/5000000 | Win rate (rollout): 0.53 | Loss: 0.228 | Opp label coverage: 0.79
Step 2764296/5000000 | Win rate (rollout): 0.85 | Loss: 0.179 | Opp label coverage: 0.84
Step 2764808/5000000 | Win rate (rollout): 0.42 | Loss: 0.168 | Opp label coverage: 0.85
Step 2765320/5000000 | Win rate (rollout): 0.12 | Loss: 0.157 | Opp label coverage: 0.89
Step 2765832/5000000 | Win rate (rollout): 0.40 | Loss: 0.175 | Opp label coverage: 0.84
Step 2766344/5000000 | Win rate (rollout): 0.31 | Loss: 0.217 | Opp label coverage: 0.78
Step 2766856/5000000 | Win rate (rollout): 0.47 | Loss: 0.203 | Opp label coverage: 0.81
Step 2767370/5000000 | Win rate (rollout): 1.00 | Loss: 0.202 | Opp label coverage: 0.91
Step 2767882/5000000 | Win rate (rollout): 0.31 | Loss: 0.188 | Opp label coverage: 0.85
Step 2768394/5000000 | Win rate (rollout): 0.62 | Loss: 0.168 | Opp label coverage: 0.85
Step 2768906/5000000 | Win rate (rollout): 0.38 | Loss: 0.221 | Opp label coverage: 0.79
Step 2769420/5000000 | Win rate (rollout): 0.56 | Loss: 0.204 | Opp label coverage: 0.91
Step 2769933/5000000 | Win rate (rollout): 0.50 | Loss: 0.195 | Opp label coverage: 0.91
Step 2770445/5000000 | Win rate (rollout): 0.36 | Loss: 0.169 | Opp label coverage: 0.85
Step 2770957/5000000 | Win rate (rollout): 0.73 | Loss: 0.205 | Opp label coverage: 0.87
Step 2771469/5000000 | Win rate (rollout): 0.42 | Loss: 0.190 | Opp label coverage: 0.83
Step 2771981/5000000 | Win rate (rollout): 0.78 | Loss: 0.192 | Opp label coverage: 0.82
Step 2772493/5000000 | Win rate (rollout): 0.11 | Loss: 0.220 | Opp label coverage: 0.88
Step 2773005/5000000 | Win rate (rollout): 0.64 | Loss: 0.174 | Opp label coverage: 0.79
Step 2773517/5000000 | Win rate (rollout): 0.41 | Loss: 0.183 | Opp label coverage: 0.79
Step 2774029/5000000 | Win rate (rollout): 0.57 | Loss: 0.175 | Opp label coverage: 0.92
Step 2774541/5000000 | Win rate (rollout): 0.36 | Loss: 0.198 | Opp label coverage: 0.82
Step 2775053/5000000 | Win rate (rollout): 0.50 | Loss: 0.209 | Opp label coverage: 0.90
Step 2775567/5000000 | Win rate (rollout): 0.53 | Loss: 0.216 | Opp label coverage: 0.88
Step 2776079/5000000 | Win rate (rollout): 0.33 | Loss: 0.196 | Opp label coverage: 0.89
Step 2776595/5000000 | Win rate (rollout): 0.40 | Loss: 0.216 | Opp label coverage: 0.89
Step 2777107/5000000 | Win rate (rollout): 0.23 | Loss: 0.190 | Opp label coverage: 0.88
Step 2777619/5000000 | Win rate (rollout): 0.56 | Loss: 0.203 | Opp label coverage: 0.84
Step 2778131/5000000 | Win rate (rollout): 0.75 | Loss: 0.204 | Opp label coverage: 0.79
Step 2778649/5000000 | Win rate (rollout): 0.30 | Loss: 0.201 | Opp label coverage: 0.88
Step 2779161/5000000 | Win rate (rollout): 0.50 | Loss: 0.189 | Opp label coverage: 0.85
Step 2779673/5000000 | Win rate (rollout): 0.20 | Loss: 0.191 | Opp label coverage: 0.79
Step 2780187/5000000 | Win rate (rollout): 0.64 | Loss: 0.253 | Opp label coverage: 0.88
Step 2780699/5000000 | Win rate (rollout): 0.50 | Loss: 0.202 | Opp label coverage: 0.86
Step 2781215/5000000 | Win rate (rollout): 0.56 | Loss: 0.203 | Opp label coverage: 0.89
Step 2781733/5000000 | Win rate (rollout): 0.43 | Loss: 0.171 | Opp label coverage: 0.89
Step 2782245/5000000 | Win rate (rollout): 0.50 | Loss: 0.181 | Opp label coverage: 0.84
Step 2782757/5000000 | Win rate (rollout): 0.40 | Loss: 0.207 | Opp label coverage: 0.76
Step 2783269/5000000 | Win rate (rollout): 0.38 | Loss: 0.201 | Opp label coverage: 0.80
Step 2783781/5000000 | Win rate (rollout): 0.60 | Loss: 0.169 | Opp label coverage: 0.83
Step 2784293/5000000 | Win rate (rollout): 0.50 | Loss: 0.203 | Opp label coverage: 0.83
Step 2784808/5000000 | Win rate (rollout): 0.67 | Loss: 0.126 | Opp label coverage: 0.89
Step 2785323/5000000 | Win rate (rollout): 0.46 | Loss: 0.202 | Opp label coverage: 0.91
Step 2785840/5000000 | Win rate (rollout): 0.41 | Loss: 0.216 | Opp label coverage: 0.88
Step 2786353/5000000 | Win rate (rollout): 0.33 | Loss: 0.202 | Opp label coverage: 0.88
Step 2786865/5000000 | Win rate (rollout): 0.57 | Loss: 0.157 | Opp label coverage: 0.85
Step 2787377/5000000 | Win rate (rollout): 0.42 | Loss: 0.179 | Opp label coverage: 0.84
Step 2787889/5000000 | Win rate (rollout): 1.00 | Loss: 0.177 | Opp label coverage: 0.84
Step 2788401/5000000 | Win rate (rollout): 0.45 | Loss: 0.170 | Opp label coverage: 0.80
Step 2788913/5000000 | Win rate (rollout): 0.38 | Loss: 0.171 | Opp label coverage: 0.82
Step 2789425/5000000 | Win rate (rollout): 0.41 | Loss: 0.186 | Opp label coverage: 0.82
Step 2789943/5000000 | Win rate (rollout): 0.50 | Loss: 0.226 | Opp label coverage: 0.90
Step 2790455/5000000 | Win rate (rollout): 0.62 | Loss: 0.188 | Opp label coverage: 0.80
Step 2790967/5000000 | Win rate (rollout): 0.70 | Loss: 0.192 | Opp label coverage: 0.79
Step 2791479/5000000 | Win rate (rollout): 0.67 | Loss: 0.154 | Opp label coverage: 0.86
Step 2791993/5000000 | Win rate (rollout): 0.50 | Loss: 0.183 | Opp label coverage: 0.90
Step 2792508/5000000 | Win rate (rollout): 0.42 | Loss: 0.154 | Opp label coverage: 0.90
Step 2793024/5000000 | Win rate (rollout): 0.31 | Loss: 0.218 | Opp label coverage: 0.88
Step 2793537/5000000 | Win rate (rollout): 0.27 | Loss: 0.136 | Opp label coverage: 0.88
Step 2794052/5000000 | Win rate (rollout): 0.38 | Loss: 0.281 | Opp label coverage: 0.89
Step 2794565/5000000 | Win rate (rollout): 0.40 | Loss: 0.294 | Opp label coverage: 0.89
Step 2795077/5000000 | Win rate (rollout): 0.55 | Loss: 0.225 | Opp label coverage: 0.81
Step 2795592/5000000 | Win rate (rollout): 0.42 | Loss: 0.205 | Opp label coverage: 0.86
Step 2796105/5000000 | Win rate (rollout): 0.38 | Loss: 0.181 | Opp label coverage: 0.89
Step 2796620/5000000 | Win rate (rollout): 0.67 | Loss: 0.183 | Opp label coverage: 0.91
Step 2797134/5000000 | Win rate (rollout): 0.58 | Loss: 0.137 | Opp label coverage: 0.89
Step 2797646/5000000 | Win rate (rollout): 0.50 | Loss: 0.181 | Opp label coverage: 0.82
Step 2798158/5000000 | Win rate (rollout): 0.56 | Loss: 0.181 | Opp label coverage: 0.86
Step 2798670/5000000 | Win rate (rollout): 0.53 | Loss: 0.236 | Opp label coverage: 0.80
Step 2799187/5000000 | Win rate (rollout): 0.56 | Loss: 0.166 | Opp label coverage: 0.90
Step 2799699/5000000 | Win rate (rollout): 0.53 | Loss: 0.191 | Opp label coverage: 0.90
Step 2800215/5000000 | Win rate (rollout): 0.33 | Loss: 0.229 | Opp label coverage: 0.92
Step 2800727/5000000 | Win rate (rollout): 0.55 | Loss: 0.198 | Opp label coverage: 0.86
Step 2801239/5000000 | Win rate (rollout): 0.47 | Loss: 0.225 | Opp label coverage: 0.83
Step 2801751/5000000 | Win rate (rollout): 0.67 | Loss: 0.165 | Opp label coverage: 0.81
Step 2802263/5000000 | Win rate (rollout): 0.46 | Loss: 0.202 | Opp label coverage: 0.85
Step 2802780/5000000 | Win rate (rollout): 0.67 | Loss: 0.212 | Opp label coverage: 0.88
Step 2803294/5000000 | Win rate (rollout): 0.54 | Loss: 0.142 | Opp label coverage: 0.90
Step 2803813/5000000 | Win rate (rollout): 0.54 | Loss: 0.166 | Opp label coverage: 0.92
Step 2804325/5000000 | Win rate (rollout): 0.86 | Loss: 0.158 | Opp label coverage: 0.80
Step 2804840/5000000 | Win rate (rollout): 0.33 | Loss: 0.200 | Opp label coverage: 0.89
Step 2805357/5000000 | Win rate (rollout): 0.54 | Loss: 0.188 | Opp label coverage: 0.92
Step 2805869/5000000 | Win rate (rollout): 0.58 | Loss: 0.196 | Opp label coverage: 0.81
Step 2806381/5000000 | Win rate (rollout): 0.53 | Loss: 0.187 | Opp label coverage: 0.83
Step 2806893/5000000 | Win rate (rollout): 0.31 | Loss: 0.206 | Opp label coverage: 0.82
Step 2807405/5000000 | Win rate (rollout): 0.43 | Loss: 0.207 | Opp label coverage: 0.77
Step 2807922/5000000 | Win rate (rollout): 0.60 | Loss: 0.195 | Opp label coverage: 0.90
Step 2808434/5000000 | Win rate (rollout): 0.54 | Loss: 0.203 | Opp label coverage: 0.80
Step 2808950/5000000 | Win rate (rollout): 0.38 | Loss: 0.149 | Opp label coverage: 0.91
Step 2809462/5000000 | Win rate (rollout): 0.60 | Loss: 0.229 | Opp label coverage: 0.88
Step 2809977/5000000 | Win rate (rollout): 0.50 | Loss: 0.221 | Opp label coverage: 0.89
Step 2810495/5000000 | Win rate (rollout): 0.47 | Loss: 0.228 | Opp label coverage: 0.88
Step 2811014/5000000 | Win rate (rollout): 0.46 | Loss: 0.221 | Opp label coverage: 0.88
Step 2811526/5000000 | Win rate (rollout): 0.50 | Loss: 0.161 | Opp label coverage: 0.80
Step 2812041/5000000 | Win rate (rollout): 0.64 | Loss: 0.154 | Opp label coverage: 0.91
Step 2812553/5000000 | Win rate (rollout): 0.40 | Loss: 0.190 | Opp label coverage: 0.83
Step 2813065/5000000 | Win rate (rollout): 0.78 | Loss: 0.163 | Opp label coverage: 0.80
Step 2813577/5000000 | Win rate (rollout): 0.47 | Loss: 0.187 | Opp label coverage: 0.85
Step 2814095/5000000 | Win rate (rollout): 0.78 | Loss: 0.159 | Opp label coverage: 0.89
Step 2814611/5000000 | Win rate (rollout): 0.69 | Loss: 0.232 | Opp label coverage: 0.90
Step 2815127/5000000 | Win rate (rollout): 0.50 | Loss: 0.159 | Opp label coverage: 0.90
Step 2815639/5000000 | Win rate (rollout): 0.38 | Loss: 0.195 | Opp label coverage: 0.88
Step 2816152/5000000 | Win rate (rollout): 0.36 | Loss: 0.252 | Opp label coverage: 0.90
Step 2816664/5000000 | Win rate (rollout): 0.44 | Loss: 0.186 | Opp label coverage: 0.87
Step 2817178/5000000 | Win rate (rollout): 0.50 | Loss: 0.254 | Opp label coverage: 0.89
Step 2817691/5000000 | Win rate (rollout): 0.64 | Loss: 0.227 | Opp label coverage: 0.89
Step 2818207/5000000 | Win rate (rollout): 0.69 | Loss: 0.216 | Opp label coverage: 0.88
Step 2818720/5000000 | Win rate (rollout): 0.46 | Loss: 0.273 | Opp label coverage: 0.89
Step 2819232/5000000 | Win rate (rollout): 0.70 | Loss: 0.188 | Opp label coverage: 0.86
Step 2819744/5000000 | Win rate (rollout): 0.50 | Loss: 0.170 | Opp label coverage: 0.82
Step 2820260/5000000 | Win rate (rollout): 0.38 | Loss: 0.174 | Opp label coverage: 0.90
Step 2820772/5000000 | Win rate (rollout): 0.50 | Loss: 0.214 | Opp label coverage: 0.90
Step 2821285/5000000 | Win rate (rollout): 0.42 | Loss: 0.117 | Opp label coverage: 0.89
Step 2821798/5000000 | Win rate (rollout): 0.62 | Loss: 0.225 | Opp label coverage: 0.89
Step 2822310/5000000 | Win rate (rollout): 0.25 | Loss: 0.202 | Opp label coverage: 0.84
Step 2822822/5000000 | Win rate (rollout): 0.73 | Loss: 0.175 | Opp label coverage: 0.83
Step 2823336/5000000 | Win rate (rollout): 0.80 | Loss: 0.220 | Opp label coverage: 0.90
Step 2823849/5000000 | Win rate (rollout): 0.43 | Loss: 0.225 | Opp label coverage: 0.88
Step 2824363/5000000 | Win rate (rollout): 0.50 | Loss: 0.287 | Opp label coverage: 0.88
Step 2824875/5000000 | Win rate (rollout): 0.56 | Loss: 0.179 | Opp label coverage: 0.87
Step 2825391/5000000 | Win rate (rollout): 0.70 | Loss: 0.176 | Opp label coverage: 0.90
Step 2825910/5000000 | Win rate (rollout): 0.57 | Loss: 0.165 | Opp label coverage: 0.89
Step 2826426/5000000 | Win rate (rollout): 0.38 | Loss: 0.199 | Opp label coverage: 0.91
Step 2826938/5000000 | Win rate (rollout): 0.54 | Loss: 0.187 | Opp label coverage: 0.82
Step 2827450/5000000 | Win rate (rollout): 0.64 | Loss: 0.188 | Opp label coverage: 0.83
Step 2827964/5000000 | Win rate (rollout): 0.36 | Loss: 0.223 | Opp label coverage: 0.88
Step 2828476/5000000 | Win rate (rollout): 0.60 | Loss: 0.227 | Opp label coverage: 0.87
Step 2828994/5000000 | Win rate (rollout): 0.50 | Loss: 0.175 | Opp label coverage: 0.89
Step 2829512/5000000 | Win rate (rollout): 0.38 | Loss: 0.238 | Opp label coverage: 0.88
Step 2830024/5000000 | Win rate (rollout): 0.46 | Loss: 0.195 | Opp label coverage: 0.82
Step 2830536/5000000 | Win rate (rollout): 1.00 | Loss: 0.165 | Opp label coverage: 0.80
Step 2831048/5000000 | Win rate (rollout): 0.33 | Loss: 0.184 | Opp label coverage: 0.84
Step 2831565/5000000 | Win rate (rollout): 0.60 | Loss: 0.205 | Opp label coverage: 0.88
Step 2832077/5000000 | Win rate (rollout): 0.57 | Loss: 0.206 | Opp label coverage: 0.89
Step 2832591/5000000 | Win rate (rollout): 0.73 | Loss: 0.263 | Opp label coverage: 0.91
Step 2833103/5000000 | Win rate (rollout): 0.57 | Loss: 0.186 | Opp label coverage: 0.82
Step 2833615/5000000 | Win rate (rollout): 0.65 | Loss: 0.182 | Opp label coverage: 0.84
Step 2834127/5000000 | Win rate (rollout): 0.50 | Loss: 0.166 | Opp label coverage: 0.83
Step 2834640/5000000 | Win rate (rollout): 0.33 | Loss: 0.187 | Opp label coverage: 0.88
Step 2835152/5000000 | Win rate (rollout): 0.40 | Loss: 0.199 | Opp label coverage: 0.84
Step 2835664/5000000 | Win rate (rollout): 0.53 | Loss: 0.174 | Opp label coverage: 0.84
Step 2836176/5000000 | Win rate (rollout): 0.55 | Loss: 0.207 | Opp label coverage: 0.87
Step 2836695/5000000 | Win rate (rollout): 0.50 | Loss: 0.203 | Opp label coverage: 0.89
Step 2837208/5000000 | Win rate (rollout): 0.36 | Loss: 0.165 | Opp label coverage: 0.89
Step 2837724/5000000 | Win rate (rollout): 0.38 | Loss: 0.227 | Opp label coverage: 0.89
Step 2838238/5000000 | Win rate (rollout): 0.47 | Loss: 0.229 | Opp label coverage: 0.88
Step 2838754/5000000 | Win rate (rollout): 0.60 | Loss: 0.196 | Opp label coverage: 0.88
Step 2839266/5000000 | Win rate (rollout): 0.57 | Loss: 0.188 | Opp label coverage: 0.85
Step 2839778/5000000 | Win rate (rollout): 0.67 | Loss: 0.207 | Opp label coverage: 0.84
Step 2840290/5000000 | Win rate (rollout): 0.50 | Loss: 0.195 | Opp label coverage: 0.84
Step 2840802/5000000 | Win rate (rollout): 0.46 | Loss: 0.205 | Opp label coverage: 0.82
Step 2841314/5000000 | Win rate (rollout): 0.44 | Loss: 0.208 | Opp label coverage: 0.90
Step 2841832/5000000 | Win rate (rollout): 0.57 | Loss: 0.241 | Opp label coverage: 0.89
Step 2842344/5000000 | Win rate (rollout): 0.60 | Loss: 0.196 | Opp label coverage: 0.82
Step 2842857/5000000 | Win rate (rollout): 0.50 | Loss: 0.234 | Opp label coverage: 0.89
Step 2843369/5000000 | Win rate (rollout): 0.78 | Loss: 0.180 | Opp label coverage: 0.80
Step 2843881/5000000 | Win rate (rollout): 0.79 | Loss: 0.190 | Opp label coverage: 0.83
Step 2844393/5000000 | Win rate (rollout): 0.89 | Loss: 0.179 | Opp label coverage: 0.83
Step 2844907/5000000 | Win rate (rollout): 0.33 | Loss: 0.186 | Opp label coverage: 0.90
Step 2845419/5000000 | Win rate (rollout): 0.67 | Loss: 0.185 | Opp label coverage: 0.84
Step 2845931/5000000 | Win rate (rollout): 0.56 | Loss: 0.170 | Opp label coverage: 0.83
Step 2846443/5000000 | Win rate (rollout): 0.62 | Loss: 0.173 | Opp label coverage: 0.82
Step 2846958/5000000 | Win rate (rollout): 0.45 | Loss: 0.233 | Opp label coverage: 0.88
Step 2847470/5000000 | Win rate (rollout): 0.50 | Loss: 0.205 | Opp label coverage: 0.83
Step 2847985/5000000 | Win rate (rollout): 0.73 | Loss: 0.227 | Opp label coverage: 0.90
Step 2848497/5000000 | Win rate (rollout): 0.70 | Loss: 0.183 | Opp label coverage: 0.79
Step 2849013/5000000 | Win rate (rollout): 1.00 | Loss: 0.139 | Opp label coverage: 0.92
Step 2849529/5000000 | Win rate (rollout): 0.60 | Loss: 0.267 | Opp label coverage: 0.91
Step 2850047/5000000 | Win rate (rollout): 0.43 | Loss: 0.216 | Opp label coverage: 0.87
Step 2850559/5000000 | Win rate (rollout): 0.60 | Loss: 0.196 | Opp label coverage: 0.92
Step 2851078/5000000 | Win rate (rollout): 0.67 | Loss: 0.195 | Opp label coverage: 0.89
Step 2851596/5000000 | Win rate (rollout): 0.47 | Loss: 0.210 | Opp label coverage: 0.87
Step 2852108/5000000 | Win rate (rollout): 0.86 | Loss: 0.197 | Opp label coverage: 0.80
Step 2852621/5000000 | Win rate (rollout): 0.50 | Loss: 0.219 | Opp label coverage: 0.88
Step 2853133/5000000 | Win rate (rollout): 1.00 | Loss: 0.161 | Opp label coverage: 0.85
Step 2853651/5000000 | Win rate (rollout): 0.50 | Loss: 0.166 | Opp label coverage: 0.90
Step 2854170/5000000 | Win rate (rollout): 0.60 | Loss: 0.241 | Opp label coverage: 0.90
Step 2854684/5000000 | Win rate (rollout): 0.44 | Loss: 0.178 | Opp label coverage: 0.89
Step 2855196/5000000 | Win rate (rollout): 0.31 | Loss: 0.203 | Opp label coverage: 0.86
Step 2855712/5000000 | Win rate (rollout): 0.36 | Loss: 0.258 | Opp label coverage: 0.89
Step 2856224/5000000 | Win rate (rollout): 0.20 | Loss: 0.169 | Opp label coverage: 0.83
Step 2856743/5000000 | Win rate (rollout): 0.67 | Loss: 0.235 | Opp label coverage: 0.92
Step 2857255/5000000 | Win rate (rollout): 0.50 | Loss: 0.201 | Opp label coverage: 0.86
Step 2857769/5000000 | Win rate (rollout): 0.88 | Loss: 0.123 | Opp label coverage: 0.88
Step 2858287/5000000 | Win rate (rollout): 0.56 | Loss: 0.203 | Opp label coverage: 0.89
Step 2858801/5000000 | Win rate (rollout): 0.53 | Loss: 0.264 | Opp label coverage: 0.90
Step 2859315/5000000 | Win rate (rollout): 0.33 | Loss: 0.174 | Opp label coverage: 0.92
Step 2859830/5000000 | Win rate (rollout): 0.36 | Loss: 0.224 | Opp label coverage: 0.89
Step 2860342/5000000 | Win rate (rollout): 0.31 | Loss: 0.171 | Opp label coverage: 0.77
Step 2860854/5000000 | Win rate (rollout): 0.50 | Loss: 0.211 | Opp label coverage: 0.85
Step 2861366/5000000 | Win rate (rollout): 0.78 | Loss: 0.172 | Opp label coverage: 0.86
Step 2861878/5000000 | Win rate (rollout): 0.55 | Loss: 0.234 | Opp label coverage: 0.79
Step 2862390/5000000 | Win rate (rollout): 0.31 | Loss: 0.206 | Opp label coverage: 0.79
Step 2862902/5000000 | Win rate (rollout): 0.64 | Loss: 0.183 | Opp label coverage: 0.84
Step 2863417/5000000 | Win rate (rollout): 0.56 | Loss: 0.202 | Opp label coverage: 0.91
Step 2863929/5000000 | Win rate (rollout): 0.50 | Loss: 0.181 | Opp label coverage: 0.76
Step 2864441/5000000 | Win rate (rollout): 0.56 | Loss: 0.230 | Opp label coverage: 0.79
Step 2864953/5000000 | Win rate (rollout): 0.53 | Loss: 0.202 | Opp label coverage: 0.83
Step 2865472/5000000 | Win rate (rollout): 0.60 | Loss: 0.240 | Opp label coverage: 0.91
Step 2865984/5000000 | Win rate (rollout): 0.46 | Loss: 0.168 | Opp label coverage: 0.81
Step 2866496/5000000 | Win rate (rollout): 0.50 | Loss: 0.180 | Opp label coverage: 0.84
Step 2867008/5000000 | Win rate (rollout): 0.92 | Loss: 0.196 | Opp label coverage: 0.79
Step 2867520/5000000 | Win rate (rollout): 0.44 | Loss: 0.224 | Opp label coverage: 0.77
Step 2868032/5000000 | Win rate (rollout): 0.44 | Loss: 0.213 | Opp label coverage: 0.84
Step 2868544/5000000 | Win rate (rollout): 0.67 | Loss: 0.169 | Opp label coverage: 0.78
Step 2869057/5000000 | Win rate (rollout): 0.82 | Loss: 0.239 | Opp label coverage: 0.91
Step 2869569/5000000 | Win rate (rollout): 0.75 | Loss: 0.179 | Opp label coverage: 0.81
Step 2870081/5000000 | Win rate (rollout): 0.50 | Loss: 0.224 | Opp label coverage: 0.85
Step 2870596/5000000 | Win rate (rollout): 0.44 | Loss: 0.189 | Opp label coverage: 0.87
Step 2871109/5000000 | Win rate (rollout): 0.60 | Loss: 0.128 | Opp label coverage: 0.89
Step 2871621/5000000 | Win rate (rollout): 0.46 | Loss: 0.237 | Opp label coverage: 0.79
Step 2872133/5000000 | Win rate (rollout): 0.54 | Loss: 0.182 | Opp label coverage: 0.85
Step 2872647/5000000 | Win rate (rollout): 0.55 | Loss: 0.184 | Opp label coverage: 0.90
Step 2873164/5000000 | Win rate (rollout): 0.75 | Loss: 0.256 | Opp label coverage: 0.90
Step 2873676/5000000 | Win rate (rollout): 0.88 | Loss: 0.149 | Opp label coverage: 0.83
Step 2874188/5000000 | Win rate (rollout): 0.67 | Loss: 0.187 | Opp label coverage: 0.81
Step 2874703/5000000 | Win rate (rollout): 0.55 | Loss: 0.163 | Opp label coverage: 0.88
Step 2875218/5000000 | Win rate (rollout): 0.46 | Loss: 0.312 | Opp label coverage: 0.87
Step 2875730/5000000 | Win rate (rollout): 0.89 | Loss: 0.153 | Opp label coverage: 0.88
Step 2876243/5000000 | Win rate (rollout): 0.30 | Loss: 0.200 | Opp label coverage: 0.89
Step 2876760/5000000 | Win rate (rollout): 0.62 | Loss: 0.254 | Opp label coverage: 0.88
Step 2877272/5000000 | Win rate (rollout): 0.67 | Loss: 0.192 | Opp label coverage: 0.82
Step 2877787/5000000 | Win rate (rollout): 0.54 | Loss: 0.217 | Opp label coverage: 0.90
Step 2878299/5000000 | Win rate (rollout): 0.42 | Loss: 0.185 | Opp label coverage: 0.81
Step 2878817/5000000 | Win rate (rollout): 0.09 | Loss: 0.209 | Opp label coverage: 0.86
Step 2879329/5000000 | Win rate (rollout): 0.90 | Loss: 0.186 | Opp label coverage: 0.80
Step 2879842/5000000 | Win rate (rollout): 0.70 | Loss: 0.156 | Opp label coverage: 0.90
Step 2880354/5000000 | Win rate (rollout): 0.42 | Loss: 0.188 | Opp label coverage: 0.83
Step 2880871/5000000 | Win rate (rollout): 0.50 | Loss: 0.212 | Opp label coverage: 0.91
Step 2881383/5000000 | Win rate (rollout): 0.50 | Loss: 0.179 | Opp label coverage: 0.85
Step 2881898/5000000 | Win rate (rollout): 0.64 | Loss: 0.215 | Opp label coverage: 0.88
Step 2882410/5000000 | Win rate (rollout): 0.36 | Loss: 0.190 | Opp label coverage: 0.80
Step 2882922/5000000 | Win rate (rollout): 0.36 | Loss: 0.171 | Opp label coverage: 0.82
Step 2883434/5000000 | Win rate (rollout): 0.50 | Loss: 0.182 | Opp label coverage: 0.80
Step 2883946/5000000 | Win rate (rollout): 0.67 | Loss: 0.183 | Opp label coverage: 0.85
Step 2884462/5000000 | Win rate (rollout): 0.60 | Loss: 0.223 | Opp label coverage: 0.89
Step 2884975/5000000 | Win rate (rollout): 0.46 | Loss: 0.146 | Opp label coverage: 0.89
Step 2885490/5000000 | Win rate (rollout): 0.40 | Loss: 0.210 | Opp label coverage: 0.88
Step 2886002/5000000 | Win rate (rollout): 0.54 | Loss: 0.192 | Opp label coverage: 0.91
Step 2886520/5000000 | Win rate (rollout): 0.50 | Loss: 0.187 | Opp label coverage: 0.88
Step 2887032/5000000 | Win rate (rollout): 0.54 | Loss: 0.231 | Opp label coverage: 0.84
Step 2887544/5000000 | Win rate (rollout): 0.44 | Loss: 0.197 | Opp label coverage: 0.82
Step 2888056/5000000 | Win rate (rollout): 0.75 | Loss: 0.174 | Opp label coverage: 0.87
Step 2888570/5000000 | Win rate (rollout): 0.60 | Loss: 0.187 | Opp label coverage: 0.89
Step 2889086/5000000 | Win rate (rollout): 0.64 | Loss: 0.278 | Opp label coverage: 0.90
Step 2889598/5000000 | Win rate (rollout): 0.67 | Loss: 0.176 | Opp label coverage: 0.80
Step 2890110/5000000 | Win rate (rollout): 0.64 | Loss: 0.191 | Opp label coverage: 0.83
Step 2890622/5000000 | Win rate (rollout): 0.57 | Loss: 0.220 | Opp label coverage: 0.85
Step 2891134/5000000 | Win rate (rollout): 0.56 | Loss: 0.207 | Opp label coverage: 0.80
Step 2891646/5000000 | Win rate (rollout): 0.86 | Loss: 0.180 | Opp label coverage: 0.85
Step 2892158/5000000 | Win rate (rollout): 0.31 | Loss: 0.209 | Opp label coverage: 0.80
Step 2892670/5000000 | Win rate (rollout): 0.50 | Loss: 0.217 | Opp label coverage: 0.87
Step 2893183/5000000 | Win rate (rollout): 0.57 | Loss: 0.196 | Opp label coverage: 0.90
Step 2893695/5000000 | Win rate (rollout): 0.43 | Loss: 0.197 | Opp label coverage: 0.89
Step 2894207/5000000 | Win rate (rollout): 0.36 | Loss: 0.182 | Opp label coverage: 0.88
Step 2894719/5000000 | Win rate (rollout): 0.73 | Loss: 0.221 | Opp label coverage: 0.90
Step 2895238/5000000 | Win rate (rollout): 0.53 | Loss: 0.198 | Opp label coverage: 0.91
Step 2895750/5000000 | Win rate (rollout): 0.54 | Loss: 0.219 | Opp label coverage: 0.82
Step 2896262/5000000 | Win rate (rollout): 0.62 | Loss: 0.207 | Opp label coverage: 0.85
Step 2896779/5000000 | Win rate (rollout): 0.82 | Loss: 0.204 | Opp label coverage: 0.89
Step 2897292/5000000 | Win rate (rollout): 0.69 | Loss: 0.181 | Opp label coverage: 0.90
Step 2897810/5000000 | Win rate (rollout): 0.57 | Loss: 0.196 | Opp label coverage: 0.89
Step 2898322/5000000 | Win rate (rollout): 0.85 | Loss: 0.212 | Opp label coverage: 0.78
Step 2898837/5000000 | Win rate (rollout): 0.89 | Loss: 0.240 | Opp label coverage: 0.91
Step 2899349/5000000 | Win rate (rollout): 0.54 | Loss: 0.188 | Opp label coverage: 0.84
Step 2899865/5000000 | Win rate (rollout): 0.60 | Loss: 0.200 | Opp label coverage: 0.89
Step 2900377/5000000 | Win rate (rollout): 0.47 | Loss: 0.188 | Opp label coverage: 0.89
Step 2900889/5000000 | Win rate (rollout): 0.69 | Loss: 0.193 | Opp label coverage: 0.82
Step 2901401/5000000 | Win rate (rollout): 0.25 | Loss: 0.174 | Opp label coverage: 0.86
Step 2901913/5000000 | Win rate (rollout): 0.50 | Loss: 0.196 | Opp label coverage: 0.83
Step 2902425/5000000 | Win rate (rollout): 0.38 | Loss: 0.220 | Opp label coverage: 0.91
Step 2902937/5000000 | Win rate (rollout): 0.55 | Loss: 0.202 | Opp label coverage: 0.78
Step 2903449/5000000 | Win rate (rollout): 0.62 | Loss: 0.200 | Opp label coverage: 0.85
Step 2903962/5000000 | Win rate (rollout): 0.62 | Loss: 0.241 | Opp label coverage: 0.90
Step 2904474/5000000 | Win rate (rollout): 0.46 | Loss: 0.210 | Opp label coverage: 0.81
Step 2904987/5000000 | Win rate (rollout): 0.38 | Loss: 0.250 | Opp label coverage: 0.88
Step 2905505/5000000 | Win rate (rollout): 0.53 | Loss: 0.196 | Opp label coverage: 0.90
Step 2906017/5000000 | Win rate (rollout): 0.33 | Loss: 0.197 | Opp label coverage: 0.82
Step 2906529/5000000 | Win rate (rollout): 0.65 | Loss: 0.173 | Opp label coverage: 0.85
Step 2907041/5000000 | Win rate (rollout): 0.40 | Loss: 0.212 | Opp label coverage: 0.90
Step 2907553/5000000 | Win rate (rollout): 0.62 | Loss: 0.224 | Opp label coverage: 0.88
Step 2908065/5000000 | Win rate (rollout): 0.36 | Loss: 0.208 | Opp label coverage: 0.82
Step 2908580/5000000 | Win rate (rollout): 0.40 | Loss: 0.180 | Opp label coverage: 0.89
Step 2909099/5000000 | Win rate (rollout): 0.50 | Loss: 0.206 | Opp label coverage: 0.90
Step 2909611/5000000 | Win rate (rollout): 0.45 | Loss: 0.180 | Opp label coverage: 0.86
Step 2910126/5000000 | Win rate (rollout): 0.12 | Loss: 0.170 | Opp label coverage: 0.87
Step 2910638/5000000 | Win rate (rollout): 0.62 | Loss: 0.198 | Opp label coverage: 0.81
Step 2911150/5000000 | Win rate (rollout): 0.62 | Loss: 0.233 | Opp label coverage: 0.89
Step 2911662/5000000 | Win rate (rollout): 0.25 | Loss: 0.178 | Opp label coverage: 0.84
Step 2912174/5000000 | Win rate (rollout): 0.50 | Loss: 0.195 | Opp label coverage: 0.83
Step 2912689/5000000 | Win rate (rollout): 0.33 | Loss: 0.220 | Opp label coverage: 0.88
Step 2913205/5000000 | Win rate (rollout): 0.43 | Loss: 0.198 | Opp label coverage: 0.89
Step 2913723/5000000 | Win rate (rollout): 0.67 | Loss: 0.255 | Opp label coverage: 0.89
Step 2914236/5000000 | Win rate (rollout): 0.47 | Loss: 0.058 | Opp label coverage: 0.88
Step 2914748/5000000 | Win rate (rollout): 0.23 | Loss: 0.192 | Opp label coverage: 0.80
Step 2915260/5000000 | Win rate (rollout): 0.44 | Loss: 0.182 | Opp label coverage: 0.82
Step 2915772/5000000 | Win rate (rollout): 0.77 | Loss: 0.173 | Opp label coverage: 0.79
Step 2916284/5000000 | Win rate (rollout): 0.42 | Loss: 0.235 | Opp label coverage: 0.81
Step 2916796/5000000 | Win rate (rollout): 0.25 | Loss: 0.224 | Opp label coverage: 0.83
Step 2917308/5000000 | Win rate (rollout): 0.50 | Loss: 0.184 | Opp label coverage: 0.86
Step 2917825/5000000 | Win rate (rollout): 0.62 | Loss: 0.182 | Opp label coverage: 0.88
Step 2918337/5000000 | Win rate (rollout): 0.47 | Loss: 0.177 | Opp label coverage: 0.79
Step 2918850/5000000 | Win rate (rollout): 0.64 | Loss: 0.230 | Opp label coverage: 0.88
Step 2919362/5000000 | Win rate (rollout): 0.50 | Loss: 0.198 | Opp label coverage: 0.89
Step 2919874/5000000 | Win rate (rollout): 0.36 | Loss: 0.180 | Opp label coverage: 0.82
Step 2920393/5000000 | Win rate (rollout): 0.57 | Loss: 0.184 | Opp label coverage: 0.90
Step 2920905/5000000 | Win rate (rollout): 0.71 | Loss: 0.207 | Opp label coverage: 0.86
Step 2921417/5000000 | Win rate (rollout): 0.47 | Loss: 0.198 | Opp label coverage: 0.81
Step 2921933/5000000 | Win rate (rollout): 0.56 | Loss: 0.172 | Opp label coverage: 0.89
Step 2922445/5000000 | Win rate (rollout): 0.50 | Loss: 0.178 | Opp label coverage: 0.87
Step 2922957/5000000 | Win rate (rollout): 0.62 | Loss: 0.190 | Opp label coverage: 0.80
Step 2923473/5000000 | Win rate (rollout): 0.67 | Loss: 0.182 | Opp label coverage: 0.90
Step 2923985/5000000 | Win rate (rollout): 0.58 | Loss: 0.185 | Opp label coverage: 0.82
Step 2924497/5000000 | Win rate (rollout): 0.88 | Loss: 0.161 | Opp label coverage: 0.80
Step 2925009/5000000 | Win rate (rollout): 0.31 | Loss: 0.229 | Opp label coverage: 0.80
Step 2925522/5000000 | Win rate (rollout): 0.75 | Loss: 0.247 | Opp label coverage: 0.91
Step 2926034/5000000 | Win rate (rollout): 0.62 | Loss: 0.210 | Opp label coverage: 0.90
Step 2926546/5000000 | Win rate (rollout): 0.64 | Loss: 0.197 | Opp label coverage: 0.83
Step 2927058/5000000 | Win rate (rollout): 0.53 | Loss: 0.232 | Opp label coverage: 0.81
Step 2927576/5000000 | Win rate (rollout): 0.50 | Loss: 0.211 | Opp label coverage: 0.89
Step 2928088/5000000 | Win rate (rollout): 0.43 | Loss: 0.225 | Opp label coverage: 0.83
Step 2928607/5000000 | Win rate (rollout): 0.73 | Loss: 0.177 | Opp label coverage: 0.90
Step 2929119/5000000 | Win rate (rollout): 0.73 | Loss: 0.195 | Opp label coverage: 0.82
Step 2929631/5000000 | Win rate (rollout): 0.55 | Loss: 0.215 | Opp label coverage: 0.89
Step 2930143/5000000 | Win rate (rollout): 0.56 | Loss: 0.158 | Opp label coverage: 0.85
Step 2930659/5000000 | Win rate (rollout): 0.62 | Loss: 0.212 | Opp label coverage: 0.89
Step 2931171/5000000 | Win rate (rollout): 0.56 | Loss: 0.219 | Opp label coverage: 0.89
Step 2931683/5000000 | Win rate (rollout): 0.60 | Loss: 0.197 | Opp label coverage: 0.81
Step 2932195/5000000 | Win rate (rollout): 0.69 | Loss: 0.179 | Opp label coverage: 0.84
Step 2932708/5000000 | Win rate (rollout): 0.80 | Loss: 0.160 | Opp label coverage: 0.89
Step 2933224/5000000 | Win rate (rollout): 0.86 | Loss: 0.155 | Opp label coverage: 0.91
Step 2933736/5000000 | Win rate (rollout): 0.33 | Loss: 0.190 | Opp label coverage: 0.76
Step 2934248/5000000 | Win rate (rollout): 0.67 | Loss: 0.201 | Opp label coverage: 0.81
Step 2934766/5000000 | Win rate (rollout): 0.56 | Loss: 0.182 | Opp label coverage: 0.89
Step 2935278/5000000 | Win rate (rollout): 0.33 | Loss: 0.207 | Opp label coverage: 0.83
Step 2935790/5000000 | Win rate (rollout): 0.56 | Loss: 0.189 | Opp label coverage: 0.81
Step 2936306/5000000 | Win rate (rollout): 0.50 | Loss: 0.222 | Opp label coverage: 0.89
Step 2936822/5000000 | Win rate (rollout): 0.67 | Loss: 0.203 | Opp label coverage: 0.91
Step 2937334/5000000 | Win rate (rollout): 0.78 | Loss: 0.169 | Opp label coverage: 0.84
Step 2937846/5000000 | Win rate (rollout): 0.33 | Loss: 0.186 | Opp label coverage: 0.79
Step 2938358/5000000 | Win rate (rollout): 0.80 | Loss: 0.195 | Opp label coverage: 0.91
Step 2938870/5000000 | Win rate (rollout): 0.50 | Loss: 0.171 | Opp label coverage: 0.88
Step 2939388/5000000 | Win rate (rollout): 0.77 | Loss: 0.227 | Opp label coverage: 0.88
Step 2939903/5000000 | Win rate (rollout): 0.50 | Loss: 0.221 | Opp label coverage: 0.88
Step 2940419/5000000 | Win rate (rollout): 0.47 | Loss: 0.197 | Opp label coverage: 0.88
Step 2940931/5000000 | Win rate (rollout): 0.36 | Loss: 0.202 | Opp label coverage: 0.83
Step 2941443/5000000 | Win rate (rollout): 0.67 | Loss: 0.202 | Opp label coverage: 0.81
Step 2941955/5000000 | Win rate (rollout): 0.46 | Loss: 0.224 | Opp label coverage: 0.88
Step 2942467/5000000 | Win rate (rollout): 0.60 | Loss: 0.201 | Opp label coverage: 0.83
Step 2942980/5000000 | Win rate (rollout): 0.40 | Loss: 0.240 | Opp label coverage: 0.89
Step 2943492/5000000 | Win rate (rollout): 0.62 | Loss: 0.158 | Opp label coverage: 0.82
Step 2944004/5000000 | Win rate (rollout): 0.33 | Loss: 0.199 | Opp label coverage: 0.84
Step 2944521/5000000 | Win rate (rollout): 0.57 | Loss: 0.226 | Opp label coverage: 0.89
Step 2945033/5000000 | Win rate (rollout): 0.33 | Loss: 0.203 | Opp label coverage: 0.84
Step 2945545/5000000 | Win rate (rollout): 0.60 | Loss: 0.161 | Opp label coverage: 0.81
Step 2946063/5000000 | Win rate (rollout): 0.82 | Loss: 0.198 | Opp label coverage: 0.91
Step 2946575/5000000 | Win rate (rollout): 0.71 | Loss: 0.201 | Opp label coverage: 0.90
Step 2947089/5000000 | Win rate (rollout): 0.60 | Loss: 0.110 | Opp label coverage: 0.90
Step 2947601/5000000 | Win rate (rollout): 0.62 | Loss: 0.195 | Opp label coverage: 0.83
Step 2948119/5000000 | Win rate (rollout): 0.60 | Loss: 0.222 | Opp label coverage: 0.93
Step 2948637/5000000 | Win rate (rollout): 0.44 | Loss: 0.250 | Opp label coverage: 0.87
Step 2949153/5000000 | Win rate (rollout): 0.75 | Loss: 0.207 | Opp label coverage: 0.91
Step 2949667/5000000 | Win rate (rollout): 0.44 | Loss: 0.150 | Opp label coverage: 0.92
Step 2950186/5000000 | Win rate (rollout): 0.40 | Loss: 0.203 | Opp label coverage: 0.90
Step 2950698/5000000 | Win rate (rollout): 0.55 | Loss: 0.189 | Opp label coverage: 0.84
Step 2951210/5000000 | Win rate (rollout): 0.40 | Loss: 0.197 | Opp label coverage: 0.83
Step 2951723/5000000 | Win rate (rollout): 0.56 | Loss: 0.191 | Opp label coverage: 0.89
Step 2952235/5000000 | Win rate (rollout): 0.25 | Loss: 0.197 | Opp label coverage: 0.80
Step 2952752/5000000 | Win rate (rollout): 0.45 | Loss: 0.190 | Opp label coverage: 0.90
Step 2953264/5000000 | Win rate (rollout): 0.40 | Loss: 0.197 | Opp label coverage: 0.83
Step 2953776/5000000 | Win rate (rollout): 0.73 | Loss: 0.220 | Opp label coverage: 0.82
Step 2954288/5000000 | Win rate (rollout): 0.67 | Loss: 0.171 | Opp label coverage: 0.79
Step 2954807/5000000 | Win rate (rollout): 0.42 | Loss: 0.184 | Opp label coverage: 0.88
Step 2955320/5000000 | Win rate (rollout): 0.58 | Loss: 0.135 | Opp label coverage: 0.89
Step 2955837/5000000 | Win rate (rollout): 0.36 | Loss: 0.186 | Opp label coverage: 0.90
Step 2956349/5000000 | Win rate (rollout): 0.70 | Loss: 0.192 | Opp label coverage: 0.83
Step 2956861/5000000 | Win rate (rollout): 0.55 | Loss: 0.168 | Opp label coverage: 0.80
Step 2957377/5000000 | Win rate (rollout): 0.10 | Loss: 0.208 | Opp label coverage: 0.89
Step 2957889/5000000 | Win rate (rollout): 0.70 | Loss: 0.199 | Opp label coverage: 0.85
Step 2958401/5000000 | Win rate (rollout): 0.73 | Loss: 0.207 | Opp label coverage: 0.81
Step 2958913/5000000 | Win rate (rollout): 0.33 | Loss: 0.204 | Opp label coverage: 0.85
Step 2959426/5000000 | Win rate (rollout): 0.33 | Loss: 0.176 | Opp label coverage: 0.90
Step 2959938/5000000 | Win rate (rollout): 0.62 | Loss: 0.192 | Opp label coverage: 0.80
Step 2960455/5000000 | Win rate (rollout): 0.92 | Loss: 0.201 | Opp label coverage: 0.91
Step 2960967/5000000 | Win rate (rollout): 0.75 | Loss: 0.179 | Opp label coverage: 0.79
Step 2961484/5000000 | Win rate (rollout): 0.89 | Loss: 0.192 | Opp label coverage: 0.91
Step 2961996/5000000 | Win rate (rollout): 0.67 | Loss: 0.165 | Opp label coverage: 0.82
Step 2962512/5000000 | Win rate (rollout): 0.45 | Loss: 0.251 | Opp label coverage: 0.87
Step 2963024/5000000 | Win rate (rollout): 0.33 | Loss: 0.179 | Opp label coverage: 0.82
Step 2963538/5000000 | Win rate (rollout): 0.56 | Loss: 0.237 | Opp label coverage: 0.90
Step 2964050/5000000 | Win rate (rollout): 0.50 | Loss: 0.184 | Opp label coverage: 0.83
Step 2964565/5000000 | Win rate (rollout): 0.50 | Loss: 0.229 | Opp label coverage: 0.90
Step 2965077/5000000 | Win rate (rollout): 0.71 | Loss: 0.175 | Opp label coverage: 0.83
Step 2965589/5000000 | Win rate (rollout): 0.60 | Loss: 0.195 | Opp label coverage: 0.81
Step 2966101/5000000 | Win rate (rollout): 0.43 | Loss: 0.230 | Opp label coverage: 0.79
Step 2966613/5000000 | Win rate (rollout): 0.40 | Loss: 0.211 | Opp label coverage: 0.82
Step 2967125/5000000 | Win rate (rollout): 0.67 | Loss: 0.175 | Opp label coverage: 0.85
Step 2967637/5000000 | Win rate (rollout): 0.58 | Loss: 0.181 | Opp label coverage: 0.83
Step 2968154/5000000 | Win rate (rollout): 0.50 | Loss: 0.188 | Opp label coverage: 0.87
Step 2968667/5000000 | Win rate (rollout): 0.46 | Loss: 0.269 | Opp label coverage: 0.90
Step 2969179/5000000 | Win rate (rollout): 0.33 | Loss: 0.205 | Opp label coverage: 0.90
Step 2969691/5000000 | Win rate (rollout): 0.56 | Loss: 0.213 | Opp label coverage: 0.83
Step 2970206/5000000 | Win rate (rollout): 0.57 | Loss: 0.234 | Opp label coverage: 0.92
Step 2970723/5000000 | Win rate (rollout): 0.67 | Loss: 0.194 | Opp label coverage: 0.90
Step 2971235/5000000 | Win rate (rollout): 0.73 | Loss: 0.170 | Opp label coverage: 0.80
Step 2971747/5000000 | Win rate (rollout): 0.50 | Loss: 0.212 | Opp label coverage: 0.89
Step 2972259/5000000 | Win rate (rollout): 0.50 | Loss: 0.206 | Opp label coverage: 0.78
Step 2972775/5000000 | Win rate (rollout): 0.44 | Loss: 0.182 | Opp label coverage: 0.89
Step 2973293/5000000 | Win rate (rollout): 0.33 | Loss: 0.185 | Opp label coverage: 0.89
Step 2973806/5000000 | Win rate (rollout): 0.60 | Loss: 0.141 | Opp label coverage: 0.88
Step 2974318/5000000 | Win rate (rollout): 0.67 | Loss: 0.198 | Opp label coverage: 0.84
Step 2974830/5000000 | Win rate (rollout): 0.44 | Loss: 0.169 | Opp label coverage: 0.76
Step 2975348/5000000 | Win rate (rollout): 0.60 | Loss: 0.211 | Opp label coverage: 0.90
Step 2975860/5000000 | Win rate (rollout): 0.33 | Loss: 0.194 | Opp label coverage: 0.81
Step 2976372/5000000 | Win rate (rollout): 0.38 | Loss: 0.219 | Opp label coverage: 0.89
Step 2976889/5000000 | Win rate (rollout): 0.47 | Loss: 0.151 | Opp label coverage: 0.91
Step 2977401/5000000 | Win rate (rollout): 0.50 | Loss: 0.175 | Opp label coverage: 0.79
Step 2977913/5000000 | Win rate (rollout): 0.56 | Loss: 0.185 | Opp label coverage: 0.84
Step 2978425/5000000 | Win rate (rollout): 0.45 | Loss: 0.220 | Opp label coverage: 0.88
Step 2978937/5000000 | Win rate (rollout): 0.67 | Loss: 0.181 | Opp label coverage: 0.87
Step 2979452/5000000 | Win rate (rollout): 0.25 | Loss: 0.178 | Opp label coverage: 0.88
Step 2979970/5000000 | Win rate (rollout): 0.46 | Loss: 0.216 | Opp label coverage: 0.91
Step 2980482/5000000 | Win rate (rollout): 0.58 | Loss: 0.201 | Opp label coverage: 0.81
Step 2980994/5000000 | Win rate (rollout): 0.43 | Loss: 0.185 | Opp label coverage: 0.78
Step 2981506/5000000 | Win rate (rollout): 0.50 | Loss: 0.190 | Opp label coverage: 0.88
Step 2982018/5000000 | Win rate (rollout): 0.90 | Loss: 0.170 | Opp label coverage: 0.82
Step 2982530/5000000 | Win rate (rollout): 0.62 | Loss: 0.201 | Opp label coverage: 0.88
Step 2983042/5000000 | Win rate (rollout): 0.50 | Loss: 0.165 | Opp label coverage: 0.83
Step 2983554/5000000 | Win rate (rollout): 0.33 | Loss: 0.238 | Opp label coverage: 0.88
Step 2984066/5000000 | Win rate (rollout): 0.73 | Loss: 0.181 | Opp label coverage: 0.80
Step 2984582/5000000 | Win rate (rollout): 0.82 | Loss: 0.193 | Opp label coverage: 0.90
Step 2985094/5000000 | Win rate (rollout): 0.56 | Loss: 0.171 | Opp label coverage: 0.93
Step 2985606/5000000 | Win rate (rollout): 0.25 | Loss: 0.243 | Opp label coverage: 0.87
Step 2986118/5000000 | Win rate (rollout): 0.62 | Loss: 0.208 | Opp label coverage: 0.74
Step 2986630/5000000 | Win rate (rollout): 0.47 | Loss: 0.205 | Opp label coverage: 0.80
Step 2987144/5000000 | Win rate (rollout): 0.44 | Loss: 0.212 | Opp label coverage: 0.89
Step 2987656/5000000 | Win rate (rollout): 0.50 | Loss: 0.206 | Opp label coverage: 0.82
Step 2988168/5000000 | Win rate (rollout): 0.47 | Loss: 0.188 | Opp label coverage: 0.82
Step 2988681/5000000 | Win rate (rollout): 0.44 | Loss: 0.175 | Opp label coverage: 0.89
Step 2989194/5000000 | Win rate (rollout): 0.71 | Loss: 0.173 | Opp label coverage: 0.90
Step 2989706/5000000 | Win rate (rollout): 0.55 | Loss: 0.207 | Opp label coverage: 0.85
Step 2990218/5000000 | Win rate (rollout): 0.58 | Loss: 0.215 | Opp label coverage: 0.85
Step 2990730/5000000 | Win rate (rollout): 0.70 | Loss: 0.197 | Opp label coverage: 0.90
Step 2991242/5000000 | Win rate (rollout): 0.36 | Loss: 0.154 | Opp label coverage: 0.81
Step 2991754/5000000 | Win rate (rollout): 0.56 | Loss: 0.194 | Opp label coverage: 0.85
Step 2992266/5000000 | Win rate (rollout): 0.86 | Loss: 0.175 | Opp label coverage: 0.80
Step 2992779/5000000 | Win rate (rollout): 0.45 | Loss: 0.170 | Opp label coverage: 0.90
Step 2993291/5000000 | Win rate (rollout): 0.38 | Loss: 0.211 | Opp label coverage: 0.82
Step 2993805/5000000 | Win rate (rollout): 0.27 | Loss: 0.216 | Opp label coverage: 0.89
Step 2994323/5000000 | Win rate (rollout): 0.40 | Loss: 0.210 | Opp label coverage: 0.91
Step 2994835/5000000 | Win rate (rollout): 0.54 | Loss: 0.222 | Opp label coverage: 0.84
Step 2995347/5000000 | Win rate (rollout): 0.62 | Loss: 0.163 | Opp label coverage: 0.83
Step 2995859/5000000 | Win rate (rollout): 0.50 | Loss: 0.194 | Opp label coverage: 0.86
Step 2996371/5000000 | Win rate (rollout): 0.77 | Loss: 0.182 | Opp label coverage: 0.80
Step 2996883/5000000 | Win rate (rollout): 0.71 | Loss: 0.165 | Opp label coverage: 0.85
Step 2997395/5000000 | Win rate (rollout): 0.78 | Loss: 0.174 | Opp label coverage: 0.79
Step 2997914/5000000 | Win rate (rollout): 0.75 | Loss: 0.193 | Opp label coverage: 0.89
Step 2998429/5000000 | Win rate (rollout): 0.58 | Loss: 0.215 | Opp label coverage: 0.91
Step 2998941/5000000 | Win rate (rollout): 0.46 | Loss: 0.170 | Opp label coverage: 0.89
Step 2999453/5000000 | Win rate (rollout): 0.89 | Loss: 0.193 | Opp label coverage: 0.79
Step 2999965/5000000 | Win rate (rollout): 0.67 | Loss: 0.172 | Opp label coverage: 0.78
[checkpoint] Saved models/ppo/checkpoints/m9p2c/ppo_step_3000040.pt
Step 3000482/5000000 | Win rate (rollout): 0.60 | Loss: 0.229 | Opp label coverage: 0.90
Step 3000994/5000000 | Win rate (rollout): 0.50 | Loss: 0.181 | Opp label coverage: 0.81
Step 3001508/5000000 | Win rate (rollout): 0.80 | Loss: 0.255 | Opp label coverage: 0.91
Step 3002020/5000000 | Win rate (rollout): 0.56 | Loss: 0.196 | Opp label coverage: 0.84
Step 3002536/5000000 | Win rate (rollout): 0.33 | Loss: 0.205 | Opp label coverage: 0.90
Step 3003053/5000000 | Win rate (rollout): 0.38 | Loss: 0.230 | Opp label coverage: 0.89
Step 3003571/5000000 | Win rate (rollout): 0.29 | Loss: 0.233 | Opp label coverage: 0.89
Step 3004083/5000000 | Win rate (rollout): 0.38 | Loss: 0.169 | Opp label coverage: 0.83
Step 3004595/5000000 | Win rate (rollout): 0.55 | Loss: 0.193 | Opp label coverage: 0.90
Step 3005110/5000000 | Win rate (rollout): 0.67 | Loss: 0.213 | Opp label coverage: 0.88
Step 3005622/5000000 | Win rate (rollout): 1.00 | Loss: 0.154 | Opp label coverage: 0.86
Step 3006136/5000000 | Win rate (rollout): 0.50 | Loss: 0.181 | Opp label coverage: 0.92
Step 3006648/5000000 | Win rate (rollout): 0.64 | Loss: 0.208 | Opp label coverage: 0.84
Step 3007167/5000000 | Win rate (rollout): 0.56 | Loss: 0.188 | Opp label coverage: 0.90
Step 3007686/5000000 | Win rate (rollout): 0.60 | Loss: 0.217 | Opp label coverage: 0.90
Step 3008202/5000000 | Win rate (rollout): 0.53 | Loss: 0.210 | Opp label coverage: 0.89
Step 3008714/5000000 | Win rate (rollout): 0.18 | Loss: 0.188 | Opp label coverage: 0.80
Step 3009232/5000000 | Win rate (rollout): 0.30 | Loss: 0.152 | Opp label coverage: 0.88
Step 3009744/5000000 | Win rate (rollout): 0.56 | Loss: 0.212 | Opp label coverage: 0.90
Step 3010262/5000000 | Win rate (rollout): 0.64 | Loss: 0.220 | Opp label coverage: 0.90
Step 3010777/5000000 | Win rate (rollout): 0.54 | Loss: 0.247 | Opp label coverage: 0.90
Step 3011289/5000000 | Win rate (rollout): 0.29 | Loss: 0.186 | Opp label coverage: 0.82
Step 3011807/5000000 | Win rate (rollout): 0.75 | Loss: 0.225 | Opp label coverage: 0.89
Step 3012319/5000000 | Win rate (rollout): 0.60 | Loss: 0.162 | Opp label coverage: 0.81
Step 3012831/5000000 | Win rate (rollout): 0.58 | Loss: 0.177 | Opp label coverage: 0.84
Step 3013346/5000000 | Win rate (rollout): 0.64 | Loss: 0.204 | Opp label coverage: 0.88
Step 3013858/5000000 | Win rate (rollout): 0.60 | Loss: 0.247 | Opp label coverage: 0.88
Step 3014370/5000000 | Win rate (rollout): 0.33 | Loss: 0.177 | Opp label coverage: 0.85
Step 3014882/5000000 | Win rate (rollout): 0.78 | Loss: 0.174 | Opp label coverage: 0.82
Step 3015394/5000000 | Win rate (rollout): 0.67 | Loss: 0.206 | Opp label coverage: 0.91
Step 3015912/5000000 | Win rate (rollout): 0.56 | Loss: 0.225 | Opp label coverage: 0.87
Step 3016429/5000000 | Win rate (rollout): 0.50 | Loss: 0.201 | Opp label coverage: 0.89
Step 3016944/5000000 | Win rate (rollout): 0.08 | Loss: 0.183 | Opp label coverage: 0.88
Step 3017460/5000000 | Win rate (rollout): 0.53 | Loss: 0.251 | Opp label coverage: 0.91
Step 3017973/5000000 | Win rate (rollout): 0.33 | Loss: 0.193 | Opp label coverage: 0.89
Step 3018485/5000000 | Win rate (rollout): 0.31 | Loss: 0.176 | Opp label coverage: 0.84
Step 3018997/5000000 | Win rate (rollout): 0.40 | Loss: 0.204 | Opp label coverage: 0.80
Step 3019511/5000000 | Win rate (rollout): 0.83 | Loss: 0.218 | Opp label coverage: 0.90
Step 3020024/5000000 | Win rate (rollout): 0.50 | Loss: 0.146 | Opp label coverage: 0.90
Step 3020541/5000000 | Win rate (rollout): 0.59 | Loss: 0.170 | Opp label coverage: 0.91
Step 3021053/5000000 | Win rate (rollout): 0.40 | Loss: 0.201 | Opp label coverage: 0.83
Step 3021565/5000000 | Win rate (rollout): 0.50 | Loss: 0.186 | Opp label coverage: 0.86
Step 3022077/5000000 | Win rate (rollout): 0.33 | Loss: 0.196 | Opp label coverage: 0.82
Step 3022594/5000000 | Win rate (rollout): 0.45 | Loss: 0.289 | Opp label coverage: 0.88
Step 3023106/5000000 | Win rate (rollout): 0.64 | Loss: 0.206 | Opp label coverage: 0.80
Step 3023619/5000000 | Win rate (rollout): 0.70 | Loss: 0.128 | Opp label coverage: 0.91
Step 3024131/5000000 | Win rate (rollout): 0.50 | Loss: 0.232 | Opp label coverage: 0.85
Step 3024644/5000000 | Win rate (rollout): 0.44 | Loss: 0.152 | Opp label coverage: 0.89
Step 3025156/5000000 | Win rate (rollout): 0.38 | Loss: 0.184 | Opp label coverage: 0.84
Step 3025668/5000000 | Win rate (rollout): 0.75 | Loss: 0.195 | Opp label coverage: 0.78
Step 3026187/5000000 | Win rate (rollout): 0.43 | Loss: 0.212 | Opp label coverage: 0.89
Step 3026699/5000000 | Win rate (rollout): 0.77 | Loss: 0.191 | Opp label coverage: 0.86
Step 3027211/5000000 | Win rate (rollout): 0.38 | Loss: 0.240 | Opp label coverage: 0.80
Step 3027725/5000000 | Win rate (rollout): 0.50 | Loss: 0.169 | Opp label coverage: 0.89
Step 3028237/5000000 | Win rate (rollout): 0.90 | Loss: 0.195 | Opp label coverage: 0.83
Step 3028749/5000000 | Win rate (rollout): 0.65 | Loss: 0.194 | Opp label coverage: 0.85
Step 3029261/5000000 | Win rate (rollout): 0.73 | Loss: 0.180 | Opp label coverage: 0.82
Step 3029775/5000000 | Win rate (rollout): 0.67 | Loss: 0.149 | Opp label coverage: 0.89
Step 3030291/5000000 | Win rate (rollout): 0.08 | Loss: 0.226 | Opp label coverage: 0.89
Step 3030803/5000000 | Win rate (rollout): 0.40 | Loss: 0.195 | Opp label coverage: 0.83
Step 3031315/5000000 | Win rate (rollout): 0.54 | Loss: 0.223 | Opp label coverage: 0.77
Step 3031829/5000000 | Win rate (rollout): 0.09 | Loss: 0.229 | Opp label coverage: 0.88
Step 3032341/5000000 | Win rate (rollout): 0.38 | Loss: 0.177 | Opp label coverage: 0.85
Step 3032853/5000000 | Win rate (rollout): 0.40 | Loss: 0.196 | Opp label coverage: 0.80
Step 3033366/5000000 | Win rate (rollout): 0.55 | Loss: 0.151 | Opp label coverage: 0.89
Step 3033882/5000000 | Win rate (rollout): 0.57 | Loss: 0.224 | Opp label coverage: 0.89
Step 3034394/5000000 | Win rate (rollout): 0.78 | Loss: 0.176 | Opp label coverage: 0.85
Step 3034912/5000000 | Win rate (rollout): 0.73 | Loss: 0.243 | Opp label coverage: 0.90
Step 3035424/5000000 | Win rate (rollout): 0.69 | Loss: 0.213 | Opp label coverage: 0.85
Step 3035936/5000000 | Win rate (rollout): 0.40 | Loss: 0.232 | Opp label coverage: 0.80
Step 3036454/5000000 | Win rate (rollout): 0.83 | Loss: 0.178 | Opp label coverage: 0.91
Step 3036966/5000000 | Win rate (rollout): 0.40 | Loss: 0.208 | Opp label coverage: 0.79
Step 3037483/5000000 | Win rate (rollout): 0.64 | Loss: 0.163 | Opp label coverage: 0.89
Step 3037995/5000000 | Win rate (rollout): 0.50 | Loss: 0.195 | Opp label coverage: 0.78
Step 3038507/5000000 | Win rate (rollout): 0.70 | Loss: 0.182 | Opp label coverage: 0.88
Step 3039019/5000000 | Win rate (rollout): 0.67 | Loss: 0.193 | Opp label coverage: 0.84
Step 3039532/5000000 | Win rate (rollout): 0.50 | Loss: 0.194 | Opp label coverage: 0.91
Step 3040044/5000000 | Win rate (rollout): 0.17 | Loss: 0.186 | Opp label coverage: 0.80
Step 3040557/5000000 | Win rate (rollout): 0.50 | Loss: 0.157 | Opp label coverage: 0.90
Step 3041069/5000000 | Win rate (rollout): 0.44 | Loss: 0.178 | Opp label coverage: 0.86
Step 3041581/5000000 | Win rate (rollout): 0.33 | Loss: 0.208 | Opp label coverage: 0.82
Step 3042093/5000000 | Win rate (rollout): 0.80 | Loss: 0.192 | Opp label coverage: 0.82
Step 3042605/5000000 | Win rate (rollout): 0.50 | Loss: 0.190 | Opp label coverage: 0.90
Step 3043124/5000000 | Win rate (rollout): 0.50 | Loss: 0.215 | Opp label coverage: 0.89
Step 3043636/5000000 | Win rate (rollout): 0.25 | Loss: 0.192 | Opp label coverage: 0.90
Step 3044148/5000000 | Win rate (rollout): 0.27 | Loss: 0.178 | Opp label coverage: 0.73
Step 3044660/5000000 | Win rate (rollout): 0.53 | Loss: 0.222 | Opp label coverage: 0.82
Step 3045176/5000000 | Win rate (rollout): 0.55 | Loss: 0.173 | Opp label coverage: 0.88
Step 3045693/5000000 | Win rate (rollout): 0.56 | Loss: 0.209 | Opp label coverage: 0.90
Step 3046205/5000000 | Win rate (rollout): 0.54 | Loss: 0.189 | Opp label coverage: 0.86
Step 3046723/5000000 | Win rate (rollout): 0.62 | Loss: 0.231 | Opp label coverage: 0.91
Step 3047237/5000000 | Win rate (rollout): 0.50 | Loss: 0.227 | Opp label coverage: 0.89
Step 3047750/5000000 | Win rate (rollout): 0.56 | Loss: 0.235 | Opp label coverage: 0.91
Step 3048266/5000000 | Win rate (rollout): 0.40 | Loss: 0.164 | Opp label coverage: 0.89
Step 3048780/5000000 | Win rate (rollout): 0.27 | Loss: 0.182 | Opp label coverage: 0.89
Step 3049297/5000000 | Win rate (rollout): 0.57 | Loss: 0.191 | Opp label coverage: 0.89
Step 3049811/5000000 | Win rate (rollout): 0.40 | Loss: 0.169 | Opp label coverage: 0.90
Step 3050323/5000000 | Win rate (rollout): 0.78 | Loss: 0.202 | Opp label coverage: 0.86
Step 3050835/5000000 | Win rate (rollout): 0.42 | Loss: 0.183 | Opp label coverage: 0.79
Step 3051347/5000000 | Win rate (rollout): 0.50 | Loss: 0.169 | Opp label coverage: 0.84
Step 3051864/5000000 | Win rate (rollout): 0.50 | Loss: 0.206 | Opp label coverage: 0.90
Step 3052376/5000000 | Win rate (rollout): 0.75 | Loss: 0.195 | Opp label coverage: 0.82
Step 3052893/5000000 | Win rate (rollout): 0.40 | Loss: 0.230 | Opp label coverage: 0.88
Step 3053405/5000000 | Win rate (rollout): 0.50 | Loss: 0.201 | Opp label coverage: 0.88
Step 3053917/5000000 | Win rate (rollout): 0.67 | Loss: 0.203 | Opp label coverage: 0.82
Step 3054435/5000000 | Win rate (rollout): 0.54 | Loss: 0.234 | Opp label coverage: 0.87
Step 3054947/5000000 | Win rate (rollout): 1.00 | Loss: 0.176 | Opp label coverage: 0.80
Step 3055459/5000000 | Win rate (rollout): 0.64 | Loss: 0.205 | Opp label coverage: 0.81
Step 3055971/5000000 | Win rate (rollout): 0.70 | Loss: 0.215 | Opp label coverage: 0.85
Step 3056488/5000000 | Win rate (rollout): 0.27 | Loss: 0.195 | Opp label coverage: 0.88
Step 3057006/5000000 | Win rate (rollout): 0.82 | Loss: 0.208 | Opp label coverage: 0.92
Step 3057522/5000000 | Win rate (rollout): 0.57 | Loss: 0.244 | Opp label coverage: 0.89
Step 3058034/5000000 | Win rate (rollout): 0.54 | Loss: 0.205 | Opp label coverage: 0.82
Step 3058546/5000000 | Win rate (rollout): 0.58 | Loss: 0.173 | Opp label coverage: 0.90
Step 3059062/5000000 | Win rate (rollout): 0.70 | Loss: 0.244 | Opp label coverage: 0.91
Step 3059578/5000000 | Win rate (rollout): 0.62 | Loss: 0.187 | Opp label coverage: 0.90
Step 3060090/5000000 | Win rate (rollout): 0.60 | Loss: 0.169 | Opp label coverage: 0.84
Step 3060602/5000000 | Win rate (rollout): 0.36 | Loss: 0.209 | Opp label coverage: 0.82
Step 3061114/5000000 | Win rate (rollout): 0.62 | Loss: 0.193 | Opp label coverage: 0.85
Step 3061626/5000000 | Win rate (rollout): 0.55 | Loss: 0.185 | Opp label coverage: 0.82
Step 3062138/5000000 | Win rate (rollout): 0.29 | Loss: 0.192 | Opp label coverage: 0.80
Step 3062650/5000000 | Win rate (rollout): 0.50 | Loss: 0.208 | Opp label coverage: 0.80
Step 3063166/5000000 | Win rate (rollout): 0.44 | Loss: 0.230 | Opp label coverage: 0.88
Step 3063684/5000000 | Win rate (rollout): 0.36 | Loss: 0.193 | Opp label coverage: 0.89
Step 3064196/5000000 | Win rate (rollout): 0.58 | Loss: 0.182 | Opp label coverage: 0.85
Step 3064709/5000000 | Win rate (rollout): 0.44 | Loss: 0.177 | Opp label coverage: 0.88
Step 3065221/5000000 | Win rate (rollout): 0.56 | Loss: 0.180 | Opp label coverage: 0.83
Step 3065734/5000000 | Win rate (rollout): 0.78 | Loss: 0.191 | Opp label coverage: 0.91
Step 3066246/5000000 | Win rate (rollout): 0.91 | Loss: 0.153 | Opp label coverage: 0.77
Step 3066763/5000000 | Win rate (rollout): 0.36 | Loss: 0.196 | Opp label coverage: 0.91
Step 3067275/5000000 | Win rate (rollout): 0.70 | Loss: 0.164 | Opp label coverage: 0.85
Step 3067787/5000000 | Win rate (rollout): 0.55 | Loss: 0.161 | Opp label coverage: 0.91
Step 3068306/5000000 | Win rate (rollout): 0.60 | Loss: 0.182 | Opp label coverage: 0.89
Step 3068823/5000000 | Win rate (rollout): 0.60 | Loss: 0.209 | Opp label coverage: 0.91
Step 3069335/5000000 | Win rate (rollout): 0.83 | Loss: 0.197 | Opp label coverage: 0.85
Step 3069850/5000000 | Win rate (rollout): 0.50 | Loss: 0.222 | Opp label coverage: 0.88
Step 3070362/5000000 | Win rate (rollout): 0.91 | Loss: 0.178 | Opp label coverage: 0.85
Step 3070881/5000000 | Win rate (rollout): 0.50 | Loss: 0.158 | Opp label coverage: 0.89
Step 3071393/5000000 | Win rate (rollout): 0.90 | Loss: 0.155 | Opp label coverage: 0.83
Step 3071905/5000000 | Win rate (rollout): 0.25 | Loss: 0.221 | Opp label coverage: 0.90
Step 3072419/5000000 | Win rate (rollout): 0.50 | Loss: 0.195 | Opp label coverage: 0.88
Step 3072931/5000000 | Win rate (rollout): 0.43 | Loss: 0.213 | Opp label coverage: 0.84
Step 3073443/5000000 | Win rate (rollout): 0.75 | Loss: 0.193 | Opp label coverage: 0.83
Step 3073957/5000000 | Win rate (rollout): 0.55 | Loss: 0.175 | Opp label coverage: 0.88
Step 3074469/5000000 | Win rate (rollout): 0.18 | Loss: 0.215 | Opp label coverage: 0.80
Step 3074981/5000000 | Win rate (rollout): 0.57 | Loss: 0.190 | Opp label coverage: 0.81
Step 3075498/5000000 | Win rate (rollout): 0.69 | Loss: 0.263 | Opp label coverage: 0.88
Step 3076010/5000000 | Win rate (rollout): 0.90 | Loss: 0.188 | Opp label coverage: 0.83
Step 3076522/5000000 | Win rate (rollout): 0.69 | Loss: 0.195 | Opp label coverage: 0.79
Step 3077035/5000000 | Win rate (rollout): 0.64 | Loss: 0.244 | Opp label coverage: 0.90
Step 3077547/5000000 | Win rate (rollout): 0.58 | Loss: 0.208 | Opp label coverage: 0.84
Step 3078063/5000000 | Win rate (rollout): 0.40 | Loss: 0.154 | Opp label coverage: 0.88
Step 3078582/5000000 | Win rate (rollout): 0.50 | Loss: 0.166 | Opp label coverage: 0.90
Step 3079094/5000000 | Win rate (rollout): 0.75 | Loss: 0.193 | Opp label coverage: 0.80
Step 3079608/5000000 | Win rate (rollout): 0.64 | Loss: 0.227 | Opp label coverage: 0.89
Step 3080125/5000000 | Win rate (rollout): 0.31 | Loss: 0.221 | Opp label coverage: 0.91
Step 3080637/5000000 | Win rate (rollout): 0.82 | Loss: 0.188 | Opp label coverage: 0.82
Step 3081150/5000000 | Win rate (rollout): 0.33 | Loss: 0.128 | Opp label coverage: 0.91
Step 3081668/5000000 | Win rate (rollout): 0.62 | Loss: 0.168 | Opp label coverage: 0.90
Step 3082180/5000000 | Win rate (rollout): 0.53 | Loss: 0.207 | Opp label coverage: 0.82
Step 3082692/5000000 | Win rate (rollout): 0.38 | Loss: 0.166 | Opp label coverage: 0.82
Step 3083204/5000000 | Win rate (rollout): 0.64 | Loss: 0.193 | Opp label coverage: 0.86
Step 3083716/5000000 | Win rate (rollout): 0.30 | Loss: 0.176 | Opp label coverage: 0.84
Step 3084232/5000000 | Win rate (rollout): 0.45 | Loss: 0.273 | Opp label coverage: 0.90
Step 3084744/5000000 | Win rate (rollout): 0.31 | Loss: 0.208 | Opp label coverage: 0.84
Step 3085256/5000000 | Win rate (rollout): 0.29 | Loss: 0.202 | Opp label coverage: 0.83
Step 3085768/5000000 | Win rate (rollout): 0.60 | Loss: 0.233 | Opp label coverage: 0.91
Step 3086282/5000000 | Win rate (rollout): 0.60 | Loss: 0.231 | Opp label coverage: 0.89
Step 3086794/5000000 | Win rate (rollout): 0.08 | Loss: 0.174 | Opp label coverage: 0.83
Step 3087306/5000000 | Win rate (rollout): 0.56 | Loss: 0.268 | Opp label coverage: 0.77
Step 3087818/5000000 | Win rate (rollout): 0.38 | Loss: 0.173 | Opp label coverage: 0.84
Step 3088336/5000000 | Win rate (rollout): 0.46 | Loss: 0.192 | Opp label coverage: 0.89
Step 3088848/5000000 | Win rate (rollout): 0.80 | Loss: 0.186 | Opp label coverage: 0.87
Step 3089360/5000000 | Win rate (rollout): 0.27 | Loss: 0.185 | Opp label coverage: 0.82
Step 3089872/5000000 | Win rate (rollout): 0.79 | Loss: 0.181 | Opp label coverage: 0.86
Step 3090385/5000000 | Win rate (rollout): 0.56 | Loss: 0.265 | Opp label coverage: 0.89
Step 3090902/5000000 | Win rate (rollout): 0.53 | Loss: 0.174 | Opp label coverage: 0.90
Step 3091416/5000000 | Win rate (rollout): 0.38 | Loss: 0.177 | Opp label coverage: 0.90
Step 3091928/5000000 | Win rate (rollout): 0.75 | Loss: 0.208 | Opp label coverage: 0.84
Step 3092442/5000000 | Win rate (rollout): 0.73 | Loss: 0.192 | Opp label coverage: 0.89
Step 3092961/5000000 | Win rate (rollout): 0.79 | Loss: 0.186 | Opp label coverage: 0.90
Step 3093473/5000000 | Win rate (rollout): 0.36 | Loss: 0.219 | Opp label coverage: 0.77
Step 3093985/5000000 | Win rate (rollout): 0.67 | Loss: 0.199 | Opp label coverage: 0.89
Step 3094497/5000000 | Win rate (rollout): 0.54 | Loss: 0.192 | Opp label coverage: 0.92
Step 3095009/5000000 | Win rate (rollout): 0.64 | Loss: 0.200 | Opp label coverage: 0.85
Step 3095521/5000000 | Win rate (rollout): 0.31 | Loss: 0.198 | Opp label coverage: 0.81
Step 3096040/5000000 | Win rate (rollout): 0.64 | Loss: 0.177 | Opp label coverage: 0.91
Step 3096557/5000000 | Win rate (rollout): 0.40 | Loss: 0.239 | Opp label coverage: 0.89
Step 3097072/5000000 | Win rate (rollout): 0.50 | Loss: 0.167 | Opp label coverage: 0.89
Step 3097584/5000000 | Win rate (rollout): 0.33 | Loss: 0.183 | Opp label coverage: 0.90
Step 3098096/5000000 | Win rate (rollout): 0.64 | Loss: 0.232 | Opp label coverage: 0.87
Step 3098611/5000000 | Win rate (rollout): 0.40 | Loss: 0.216 | Opp label coverage: 0.90
Step 3099123/5000000 | Win rate (rollout): 0.38 | Loss: 0.164 | Opp label coverage: 0.85
Step 3099635/5000000 | Win rate (rollout): 0.33 | Loss: 0.214 | Opp label coverage: 0.87
Step 3100147/5000000 | Win rate (rollout): 0.44 | Loss: 0.220 | Opp label coverage: 0.75
Step 3100663/5000000 | Win rate (rollout): 0.44 | Loss: 0.196 | Opp label coverage: 0.88
Step 3101177/5000000 | Win rate (rollout): 0.53 | Loss: 0.228 | Opp label coverage: 0.88
Step 3101695/5000000 | Win rate (rollout): 0.31 | Loss: 0.238 | Opp label coverage: 0.88
Step 3102207/5000000 | Win rate (rollout): 0.54 | Loss: 0.175 | Opp label coverage: 0.81
Step 3102719/5000000 | Win rate (rollout): 0.57 | Loss: 0.193 | Opp label coverage: 0.82
Step 3103233/5000000 | Win rate (rollout): 0.73 | Loss: 0.193 | Opp label coverage: 0.90
Step 3103752/5000000 | Win rate (rollout): 0.46 | Loss: 0.207 | Opp label coverage: 0.89
Step 3104270/5000000 | Win rate (rollout): 0.69 | Loss: 0.174 | Opp label coverage: 0.87
Step 3104786/5000000 | Win rate (rollout): 0.21 | Loss: 0.189 | Opp label coverage: 0.88
Step 3105299/5000000 | Win rate (rollout): 0.47 | Loss: 0.287 | Opp label coverage: 0.90
Step 3105811/5000000 | Win rate (rollout): 0.80 | Loss: 0.216 | Opp label coverage: 0.83
Step 3106323/5000000 | Win rate (rollout): 0.73 | Loss: 0.172 | Opp label coverage: 0.79
Step 3106835/5000000 | Win rate (rollout): 0.50 | Loss: 0.170 | Opp label coverage: 0.81
Step 3107349/5000000 | Win rate (rollout): 0.38 | Loss: 0.166 | Opp label coverage: 0.90
Step 3107861/5000000 | Win rate (rollout): 0.88 | Loss: 0.184 | Opp label coverage: 0.89
Step 3108373/5000000 | Win rate (rollout): 0.54 | Loss: 0.228 | Opp label coverage: 0.80
Step 3108885/5000000 | Win rate (rollout): 0.60 | Loss: 0.170 | Opp label coverage: 0.91
Step 3109397/5000000 | Win rate (rollout): 0.78 | Loss: 0.214 | Opp label coverage: 0.84
Step 3109909/5000000 | Win rate (rollout): 0.36 | Loss: 0.177 | Opp label coverage: 0.84
Step 3110427/5000000 | Win rate (rollout): 0.67 | Loss: 0.187 | Opp label coverage: 0.89
Step 3110942/5000000 | Win rate (rollout): 0.57 | Loss: 0.225 | Opp label coverage: 0.92
Step 3111454/5000000 | Win rate (rollout): 0.58 | Loss: 0.182 | Opp label coverage: 0.81
Step 3111969/5000000 | Win rate (rollout): 0.11 | Loss: 0.241 | Opp label coverage: 0.89
Step 3112481/5000000 | Win rate (rollout): 0.50 | Loss: 0.190 | Opp label coverage: 0.81
Step 3112997/5000000 | Win rate (rollout): 0.55 | Loss: 0.294 | Opp label coverage: 0.89
Step 3113512/5000000 | Win rate (rollout): 0.45 | Loss: 0.194 | Opp label coverage: 0.90
Step 3114029/5000000 | Win rate (rollout): 0.58 | Loss: 0.183 | Opp label coverage: 0.91
Step 3114541/5000000 | Win rate (rollout): 0.50 | Loss: 0.180 | Opp label coverage: 0.83
Step 3115053/5000000 | Win rate (rollout): 0.50 | Loss: 0.204 | Opp label coverage: 0.83
Step 3115565/5000000 | Win rate (rollout): 0.56 | Loss: 0.230 | Opp label coverage: 0.82
Step 3116079/5000000 | Win rate (rollout): 0.00 | Loss: 0.179 | Opp label coverage: 0.88
Step 3116593/5000000 | Win rate (rollout): 0.40 | Loss: 0.154 | Opp label coverage: 0.89
Step 3117105/5000000 | Win rate (rollout): 0.46 | Loss: 0.191 | Opp label coverage: 0.85
Step 3117617/5000000 | Win rate (rollout): 0.60 | Loss: 0.170 | Opp label coverage: 0.84
Step 3118135/5000000 | Win rate (rollout): 0.67 | Loss: 0.188 | Opp label coverage: 0.89
Step 3118652/5000000 | Win rate (rollout): 0.53 | Loss: 0.233 | Opp label coverage: 0.89
Step 3119171/5000000 | Win rate (rollout): 0.73 | Loss: 0.182 | Opp label coverage: 0.89
Step 3119685/5000000 | Win rate (rollout): 0.43 | Loss: 0.212 | Opp label coverage: 0.91
Step 3120197/5000000 | Win rate (rollout): 0.20 | Loss: 0.207 | Opp label coverage: 0.84
Step 3120709/5000000 | Win rate (rollout): 0.77 | Loss: 0.219 | Opp label coverage: 0.86
Step 3121221/5000000 | Win rate (rollout): 0.33 | Loss: 0.211 | Opp label coverage: 0.88
Step 3121736/5000000 | Win rate (rollout): 0.53 | Loss: 0.173 | Opp label coverage: 0.88
Step 3122248/5000000 | Win rate (rollout): 0.47 | Loss: 0.216 | Opp label coverage: 0.89
Step 3122764/5000000 | Win rate (rollout): 0.62 | Loss: 0.151 | Opp label coverage: 0.89
Step 3123276/5000000 | Win rate (rollout): 0.90 | Loss: 0.184 | Opp label coverage: 0.82
Step 3123788/5000000 | Win rate (rollout): 0.38 | Loss: 0.212 | Opp label coverage: 0.81
Step 3124300/5000000 | Win rate (rollout): 0.78 | Loss: 0.175 | Opp label coverage: 0.85
Step 3124812/5000000 | Win rate (rollout): 0.33 | Loss: 0.243 | Opp label coverage: 0.82
Step 3125324/5000000 | Win rate (rollout): 0.50 | Loss: 0.161 | Opp label coverage: 0.88
Step 3125836/5000000 | Win rate (rollout): 0.58 | Loss: 0.171 | Opp label coverage: 0.81
Step 3126351/5000000 | Win rate (rollout): 0.75 | Loss: 0.190 | Opp label coverage: 0.89
Step 3126863/5000000 | Win rate (rollout): 0.62 | Loss: 0.243 | Opp label coverage: 0.89
Step 3127378/5000000 | Win rate (rollout): 0.40 | Loss: 0.253 | Opp label coverage: 0.88
Step 3127890/5000000 | Win rate (rollout): 0.71 | Loss: 0.193 | Opp label coverage: 0.85
Step 3128402/5000000 | Win rate (rollout): 0.45 | Loss: 0.206 | Opp label coverage: 0.89
Step 3128914/5000000 | Win rate (rollout): 0.56 | Loss: 0.184 | Opp label coverage: 0.84
Step 3129428/5000000 | Win rate (rollout): 0.50 | Loss: 0.142 | Opp label coverage: 0.90
Step 3129940/5000000 | Win rate (rollout): 0.33 | Loss: 0.219 | Opp label coverage: 0.88
Step 3130452/5000000 | Win rate (rollout): 0.45 | Loss: 0.191 | Opp label coverage: 0.81
Step 3130967/5000000 | Win rate (rollout): 0.50 | Loss: 0.187 | Opp label coverage: 0.90
Step 3131479/5000000 | Win rate (rollout): 0.58 | Loss: 0.217 | Opp label coverage: 0.82
Step 3131991/5000000 | Win rate (rollout): 0.78 | Loss: 0.205 | Opp label coverage: 0.83
Step 3132503/5000000 | Win rate (rollout): 0.38 | Loss: 0.185 | Opp label coverage: 0.78
Step 3133015/5000000 | Win rate (rollout): 0.69 | Loss: 0.189 | Opp label coverage: 0.83
Step 3133527/5000000 | Win rate (rollout): 0.57 | Loss: 0.195 | Opp label coverage: 0.82
Step 3134041/5000000 | Win rate (rollout): 0.33 | Loss: 0.107 | Opp label coverage: 0.88
Step 3134555/5000000 | Win rate (rollout): 0.43 | Loss: 0.191 | Opp label coverage: 0.90
Step 3135067/5000000 | Win rate (rollout): 0.80 | Loss: 0.189 | Opp label coverage: 0.78
Step 3135579/5000000 | Win rate (rollout): 0.62 | Loss: 0.186 | Opp label coverage: 0.84
Step 3136091/5000000 | Win rate (rollout): 0.83 | Loss: 0.203 | Opp label coverage: 0.83
Step 3136607/5000000 | Win rate (rollout): 0.42 | Loss: 0.243 | Opp label coverage: 0.88
Step 3137121/5000000 | Win rate (rollout): 0.79 | Loss: 0.261 | Opp label coverage: 0.91
Step 3137633/5000000 | Win rate (rollout): 0.33 | Loss: 0.224 | Opp label coverage: 0.81
Step 3138145/5000000 | Win rate (rollout): 0.44 | Loss: 0.215 | Opp label coverage: 0.88
Step 3138657/5000000 | Win rate (rollout): 0.67 | Loss: 0.201 | Opp label coverage: 0.88
Step 3139175/5000000 | Win rate (rollout): 0.40 | Loss: 0.190 | Opp label coverage: 0.88
Step 3139690/5000000 | Win rate (rollout): 0.33 | Loss: 0.245 | Opp label coverage: 0.89
Step 3140208/5000000 | Win rate (rollout): 0.75 | Loss: 0.222 | Opp label coverage: 0.92
Step 3140720/5000000 | Win rate (rollout): 0.80 | Loss: 0.179 | Opp label coverage: 0.80
Step 3141232/5000000 | Win rate (rollout): 0.67 | Loss: 0.204 | Opp label coverage: 0.91
Step 3141748/5000000 | Win rate (rollout): 0.62 | Loss: 0.210 | Opp label coverage: 0.92
Step 3142266/5000000 | Win rate (rollout): 0.50 | Loss: 0.226 | Opp label coverage: 0.89
Step 3142778/5000000 | Win rate (rollout): 0.54 | Loss: 0.224 | Opp label coverage: 0.84
Step 3143294/5000000 | Win rate (rollout): 0.36 | Loss: 0.230 | Opp label coverage: 0.90
Step 3143806/5000000 | Win rate (rollout): 0.69 | Loss: 0.188 | Opp label coverage: 0.81
Step 3144318/5000000 | Win rate (rollout): 0.50 | Loss: 0.188 | Opp label coverage: 0.85
Step 3144830/5000000 | Win rate (rollout): 0.75 | Loss: 0.174 | Opp label coverage: 0.84
Step 3145342/5000000 | Win rate (rollout): 0.38 | Loss: 0.193 | Opp label coverage: 0.83
Step 3145860/5000000 | Win rate (rollout): 0.55 | Loss: 0.176 | Opp label coverage: 0.90
Step 3146377/5000000 | Win rate (rollout): 0.75 | Loss: 0.201 | Opp label coverage: 0.91
Step 3146889/5000000 | Win rate (rollout): 0.70 | Loss: 0.189 | Opp label coverage: 0.81
Step 3147402/5000000 | Win rate (rollout): 0.30 | Loss: 0.229 | Opp label coverage: 0.89
Step 3147915/5000000 | Win rate (rollout): 0.20 | Loss: 0.216 | Opp label coverage: 0.88
Step 3148427/5000000 | Win rate (rollout): 0.38 | Loss: 0.195 | Opp label coverage: 0.79
Step 3148939/5000000 | Win rate (rollout): 0.43 | Loss: 0.211 | Opp label coverage: 0.84
Step 3149451/5000000 | Win rate (rollout): 0.78 | Loss: 0.164 | Opp label coverage: 0.84
Step 3149968/5000000 | Win rate (rollout): 0.18 | Loss: 0.165 | Opp label coverage: 0.88
Step 3150480/5000000 | Win rate (rollout): 0.80 | Loss: 0.226 | Opp label coverage: 0.86
Step 3150996/5000000 | Win rate (rollout): 0.57 | Loss: 0.181 | Opp label coverage: 0.91
Step 3151511/5000000 | Win rate (rollout): 0.53 | Loss: 0.206 | Opp label coverage: 0.88
Step 3152029/5000000 | Win rate (rollout): 0.62 | Loss: 0.176 | Opp label coverage: 0.90
Step 3152541/5000000 | Win rate (rollout): 0.33 | Loss: 0.196 | Opp label coverage: 0.80
Step 3153057/5000000 | Win rate (rollout): 0.40 | Loss: 0.194 | Opp label coverage: 0.90
Step 3153575/5000000 | Win rate (rollout): 0.38 | Loss: 0.227 | Opp label coverage: 0.89
Step 3154087/5000000 | Win rate (rollout): 0.50 | Loss: 0.199 | Opp label coverage: 0.84
Step 3154599/5000000 | Win rate (rollout): 0.70 | Loss: 0.225 | Opp label coverage: 0.90
Step 3155111/5000000 | Win rate (rollout): 0.57 | Loss: 0.190 | Opp label coverage: 0.85
Step 3155623/5000000 | Win rate (rollout): 0.53 | Loss: 0.179 | Opp label coverage: 0.80
Step 3156135/5000000 | Win rate (rollout): 0.36 | Loss: 0.175 | Opp label coverage: 0.85
Step 3156647/5000000 | Win rate (rollout): 0.50 | Loss: 0.206 | Opp label coverage: 0.79
Step 3157163/5000000 | Win rate (rollout): 0.75 | Loss: 0.183 | Opp label coverage: 0.89
Step 3157677/5000000 | Win rate (rollout): 0.33 | Loss: 0.162 | Opp label coverage: 0.88
Step 3158189/5000000 | Win rate (rollout): 0.82 | Loss: 0.193 | Opp label coverage: 0.79
Step 3158704/5000000 | Win rate (rollout): 0.78 | Loss: 0.244 | Opp label coverage: 0.89
Step 3159216/5000000 | Win rate (rollout): 0.80 | Loss: 0.194 | Opp label coverage: 0.81
Step 3159728/5000000 | Win rate (rollout): 0.70 | Loss: 0.174 | Opp label coverage: 0.81
Step 3160247/5000000 | Win rate (rollout): 0.50 | Loss: 0.196 | Opp label coverage: 0.91
Step 3160764/5000000 | Win rate (rollout): 0.53 | Loss: 0.254 | Opp label coverage: 0.91
Step 3161276/5000000 | Win rate (rollout): 0.86 | Loss: 0.203 | Opp label coverage: 0.75
Step 3161788/5000000 | Win rate (rollout): 0.46 | Loss: 0.190 | Opp label coverage: 0.84
Step 3162302/5000000 | Win rate (rollout): 0.62 | Loss: 0.203 | Opp label coverage: 0.91
Step 3162814/5000000 | Win rate (rollout): 0.57 | Loss: 0.166 | Opp label coverage: 0.88
Step 3163327/5000000 | Win rate (rollout): 0.70 | Loss: 0.234 | Opp label coverage: 0.88
Step 3163845/5000000 | Win rate (rollout): 0.54 | Loss: 0.230 | Opp label coverage: 0.92
Step 3164361/5000000 | Win rate (rollout): 0.50 | Loss: 0.211 | Opp label coverage: 0.88
Step 3164873/5000000 | Win rate (rollout): 0.29 | Loss: 0.163 | Opp label coverage: 0.79
Step 3165388/5000000 | Win rate (rollout): 0.75 | Loss: 0.203 | Opp label coverage: 0.91
Step 3165901/5000000 | Win rate (rollout): 0.38 | Loss: 0.134 | Opp label coverage: 0.89
Step 3166413/5000000 | Win rate (rollout): 0.50 | Loss: 0.167 | Opp label coverage: 0.79
Step 3166925/5000000 | Win rate (rollout): 0.44 | Loss: 0.239 | Opp label coverage: 0.79
Step 3167437/5000000 | Win rate (rollout): 0.25 | Loss: 0.216 | Opp label coverage: 0.89
Step 3167955/5000000 | Win rate (rollout): 0.67 | Loss: 0.169 | Opp label coverage: 0.90
Step 3168473/5000000 | Win rate (rollout): 0.47 | Loss: 0.253 | Opp label coverage: 0.89
Step 3168985/5000000 | Win rate (rollout): 0.45 | Loss: 0.179 | Opp label coverage: 0.81
Step 3169497/5000000 | Win rate (rollout): 0.44 | Loss: 0.194 | Opp label coverage: 0.82
Step 3170015/5000000 | Win rate (rollout): 0.60 | Loss: 0.202 | Opp label coverage: 0.88
Step 3170527/5000000 | Win rate (rollout): 0.89 | Loss: 0.151 | Opp label coverage: 0.87
Step 3171043/5000000 | Win rate (rollout): 0.40 | Loss: 0.177 | Opp label coverage: 0.89
Step 3171555/5000000 | Win rate (rollout): 0.50 | Loss: 0.200 | Opp label coverage: 0.82
Step 3172070/5000000 | Win rate (rollout): 0.38 | Loss: 0.231 | Opp label coverage: 0.87
Step 3172582/5000000 | Win rate (rollout): 0.50 | Loss: 0.183 | Opp label coverage: 0.82
Step 3173094/5000000 | Win rate (rollout): 0.60 | Loss: 0.194 | Opp label coverage: 0.81
Step 3173606/5000000 | Win rate (rollout): 0.33 | Loss: 0.208 | Opp label coverage: 0.82
Step 3174118/5000000 | Win rate (rollout): 0.67 | Loss: 0.199 | Opp label coverage: 0.82
Step 3174635/5000000 | Win rate (rollout): 0.56 | Loss: 0.224 | Opp label coverage: 0.90
Step 3175147/5000000 | Win rate (rollout): 0.33 | Loss: 0.200 | Opp label coverage: 0.79
Step 3175664/5000000 | Win rate (rollout): 0.36 | Loss: 0.239 | Opp label coverage: 0.88
Step 3176176/5000000 | Win rate (rollout): 0.80 | Loss: 0.182 | Opp label coverage: 0.87
Step 3176690/5000000 | Win rate (rollout): 0.56 | Loss: 0.139 | Opp label coverage: 0.90
Step 3177203/5000000 | Win rate (rollout): 0.29 | Loss: 0.228 | Opp label coverage: 0.89
Step 3177715/5000000 | Win rate (rollout): 0.40 | Loss: 0.195 | Opp label coverage: 0.82
Step 3178227/5000000 | Win rate (rollout): 0.64 | Loss: 0.174 | Opp label coverage: 0.80
Step 3178739/5000000 | Win rate (rollout): 0.44 | Loss: 0.216 | Opp label coverage: 0.79
Step 3179251/5000000 | Win rate (rollout): 0.29 | Loss: 0.173 | Opp label coverage: 0.84
Step 3179763/5000000 | Win rate (rollout): 0.50 | Loss: 0.248 | Opp label coverage: 0.81
Step 3180275/5000000 | Win rate (rollout): 0.36 | Loss: 0.182 | Opp label coverage: 0.82
Step 3180787/5000000 | Win rate (rollout): 0.71 | Loss: 0.209 | Opp label coverage: 0.78
Step 3181302/5000000 | Win rate (rollout): 0.55 | Loss: 0.162 | Opp label coverage: 0.88
Step 3181815/5000000 | Win rate (rollout): 0.24 | Loss: 0.194 | Opp label coverage: 0.88
Step 3182327/5000000 | Win rate (rollout): 0.42 | Loss: 0.206 | Opp label coverage: 0.82
Step 3182845/5000000 | Win rate (rollout): 0.27 | Loss: 0.229 | Opp label coverage: 0.88
Step 3183357/5000000 | Win rate (rollout): 0.79 | Loss: 0.226 | Opp label coverage: 0.91
Step 3183869/5000000 | Win rate (rollout): 0.46 | Loss: 0.174 | Opp label coverage: 0.80
Step 3184381/5000000 | Win rate (rollout): 0.47 | Loss: 0.231 | Opp label coverage: 0.82
Step 3184893/5000000 | Win rate (rollout): 0.56 | Loss: 0.191 | Opp label coverage: 0.83
Step 3185405/5000000 | Win rate (rollout): 0.75 | Loss: 0.160 | Opp label coverage: 0.84
Step 3185923/5000000 | Win rate (rollout): 0.42 | Loss: 0.233 | Opp label coverage: 0.89
Step 3186435/5000000 | Win rate (rollout): 0.50 | Loss: 0.183 | Opp label coverage: 0.85
Step 3186949/5000000 | Win rate (rollout): 0.50 | Loss: 0.190 | Opp label coverage: 0.88
Step 3187461/5000000 | Win rate (rollout): 0.88 | Loss: 0.197 | Opp label coverage: 0.84
Step 3187973/5000000 | Win rate (rollout): 0.73 | Loss: 0.204 | Opp label coverage: 0.83
Step 3188488/5000000 | Win rate (rollout): 0.64 | Loss: 0.186 | Opp label coverage: 0.90
Step 3189000/5000000 | Win rate (rollout): 0.54 | Loss: 0.184 | Opp label coverage: 0.83
Step 3189512/5000000 | Win rate (rollout): 0.40 | Loss: 0.181 | Opp label coverage: 0.80
Step 3190031/5000000 | Win rate (rollout): 0.50 | Loss: 0.198 | Opp label coverage: 0.90
Step 3190549/5000000 | Win rate (rollout): 0.50 | Loss: 0.216 | Opp label coverage: 0.89
Step 3191063/5000000 | Win rate (rollout): 0.60 | Loss: 0.219 | Opp label coverage: 0.89
Step 3191575/5000000 | Win rate (rollout): 0.45 | Loss: 0.190 | Opp label coverage: 0.78
Step 3192087/5000000 | Win rate (rollout): 0.53 | Loss: 0.209 | Opp label coverage: 0.80
Step 3192599/5000000 | Win rate (rollout): 0.71 | Loss: 0.197 | Opp label coverage: 0.84
Step 3193111/5000000 | Win rate (rollout): 0.67 | Loss: 0.212 | Opp label coverage: 0.81
Step 3193623/5000000 | Win rate (rollout): 0.71 | Loss: 0.178 | Opp label coverage: 0.83
Step 3194135/5000000 | Win rate (rollout): 0.53 | Loss: 0.180 | Opp label coverage: 0.79
Step 3194647/5000000 | Win rate (rollout): 0.78 | Loss: 0.160 | Opp label coverage: 0.84
Step 3195160/5000000 | Win rate (rollout): 1.00 | Loss: 0.146 | Opp label coverage: 0.89
Step 3195672/5000000 | Win rate (rollout): 0.73 | Loss: 0.181 | Opp label coverage: 0.77
Step 3196186/5000000 | Win rate (rollout): 0.62 | Loss: 0.192 | Opp label coverage: 0.90
Step 3196704/5000000 | Win rate (rollout): 0.50 | Loss: 0.147 | Opp label coverage: 0.88
Step 3197219/5000000 | Win rate (rollout): 0.40 | Loss: 0.238 | Opp label coverage: 0.89
Step 3197732/5000000 | Win rate (rollout): 0.40 | Loss: 0.187 | Opp label coverage: 0.88
Step 3198249/5000000 | Win rate (rollout): 0.22 | Loss: 0.239 | Opp label coverage: 0.91
Step 3198766/5000000 | Win rate (rollout): 0.64 | Loss: 0.172 | Opp label coverage: 0.94
Step 3199278/5000000 | Win rate (rollout): 0.44 | Loss: 0.178 | Opp label coverage: 0.84
Step 3199793/5000000 | Win rate (rollout): 0.44 | Loss: 0.189 | Opp label coverage: 0.90
Step 3200305/5000000 | Win rate (rollout): 0.60 | Loss: 0.201 | Opp label coverage: 0.80
Step 3200823/5000000 | Win rate (rollout): 0.50 | Loss: 0.211 | Opp label coverage: 0.90
Step 3201340/5000000 | Win rate (rollout): 0.54 | Loss: 0.235 | Opp label coverage: 0.90
Step 3201852/5000000 | Win rate (rollout): 0.43 | Loss: 0.209 | Opp label coverage: 0.82
Step 3202364/5000000 | Win rate (rollout): 0.67 | Loss: 0.222 | Opp label coverage: 0.81
Step 3202876/5000000 | Win rate (rollout): 0.62 | Loss: 0.172 | Opp label coverage: 0.88
Step 3203388/5000000 | Win rate (rollout): 0.45 | Loss: 0.206 | Opp label coverage: 0.78
Step 3203900/5000000 | Win rate (rollout): 0.59 | Loss: 0.184 | Opp label coverage: 0.87
Step 3204412/5000000 | Win rate (rollout): 0.62 | Loss: 0.183 | Opp label coverage: 0.87
Step 3204924/5000000 | Win rate (rollout): 0.77 | Loss: 0.216 | Opp label coverage: 0.82
Step 3205436/5000000 | Win rate (rollout): 0.88 | Loss: 0.174 | Opp label coverage: 0.80
Step 3205948/5000000 | Win rate (rollout): 0.46 | Loss: 0.181 | Opp label coverage: 0.84
Step 3206460/5000000 | Win rate (rollout): 0.61 | Loss: 0.192 | Opp label coverage: 0.81
Step 3206972/5000000 | Win rate (rollout): 0.64 | Loss: 0.174 | Opp label coverage: 0.82
Step 3207491/5000000 | Win rate (rollout): 0.40 | Loss: 0.216 | Opp label coverage: 0.88
Step 3208003/5000000 | Win rate (rollout): 0.71 | Loss: 0.216 | Opp label coverage: 0.79
Step 3208515/5000000 | Win rate (rollout): 0.44 | Loss: 0.226 | Opp label coverage: 0.80
Step 3209032/5000000 | Win rate (rollout): 0.38 | Loss: 0.183 | Opp label coverage: 0.89
Step 3209544/5000000 | Win rate (rollout): 0.58 | Loss: 0.209 | Opp label coverage: 0.85
Step 3210056/5000000 | Win rate (rollout): 0.50 | Loss: 0.189 | Opp label coverage: 0.88
Step 3210568/5000000 | Win rate (rollout): 0.60 | Loss: 0.154 | Opp label coverage: 0.88
Step 3211080/5000000 | Win rate (rollout): 0.77 | Loss: 0.188 | Opp label coverage: 0.77
Step 3211592/5000000 | Win rate (rollout): 0.58 | Loss: 0.185 | Opp label coverage: 0.79
Step 3212104/5000000 | Win rate (rollout): 0.67 | Loss: 0.196 | Opp label coverage: 0.90
Step 3212616/5000000 | Win rate (rollout): 0.78 | Loss: 0.198 | Opp label coverage: 0.89
Step 3213128/5000000 | Win rate (rollout): 0.57 | Loss: 0.201 | Opp label coverage: 0.83
Step 3213644/5000000 | Win rate (rollout): 0.70 | Loss: 0.172 | Opp label coverage: 0.91
Step 3214156/5000000 | Win rate (rollout): 0.44 | Loss: 0.185 | Opp label coverage: 0.89
Step 3214672/5000000 | Win rate (rollout): 0.27 | Loss: 0.201 | Opp label coverage: 0.89
Step 3215184/5000000 | Win rate (rollout): 0.44 | Loss: 0.215 | Opp label coverage: 0.88
Step 3215700/5000000 | Win rate (rollout): 0.22 | Loss: 0.217 | Opp label coverage: 0.91
Step 3216215/5000000 | Win rate (rollout): 0.50 | Loss: 0.103 | Opp label coverage: 0.90
Step 3216732/5000000 | Win rate (rollout): 0.64 | Loss: 0.189 | Opp label coverage: 0.90
Step 3217247/5000000 | Win rate (rollout): 0.36 | Loss: 0.213 | Opp label coverage: 0.89
Step 3217759/5000000 | Win rate (rollout): 0.57 | Loss: 0.159 | Opp label coverage: 0.79
Step 3218271/5000000 | Win rate (rollout): 0.50 | Loss: 0.215 | Opp label coverage: 0.90
Step 3218783/5000000 | Win rate (rollout): 0.60 | Loss: 0.217 | Opp label coverage: 0.88
Step 3219299/5000000 | Win rate (rollout): 0.69 | Loss: 0.252 | Opp label coverage: 0.90
Step 3219812/5000000 | Win rate (rollout): 0.40 | Loss: 0.164 | Opp label coverage: 0.88
Step 3220324/5000000 | Win rate (rollout): 0.36 | Loss: 0.222 | Opp label coverage: 0.91
Step 3220836/5000000 | Win rate (rollout): 0.57 | Loss: 0.192 | Opp label coverage: 0.80
Step 3221349/5000000 | Win rate (rollout): 0.64 | Loss: 0.199 | Opp label coverage: 0.90
Step 3221861/5000000 | Win rate (rollout): 0.42 | Loss: 0.185 | Opp label coverage: 0.82
Step 3222377/5000000 | Win rate (rollout): 0.58 | Loss: 0.216 | Opp label coverage: 0.89
Step 3222889/5000000 | Win rate (rollout): 0.36 | Loss: 0.175 | Opp label coverage: 0.90
Step 3223406/5000000 | Win rate (rollout): 0.40 | Loss: 0.153 | Opp label coverage: 0.91
Step 3223918/5000000 | Win rate (rollout): 0.64 | Loss: 0.226 | Opp label coverage: 0.84
Step 3224430/5000000 | Win rate (rollout): 0.67 | Loss: 0.177 | Opp label coverage: 0.83
Step 3224947/5000000 | Win rate (rollout): 0.36 | Loss: 0.255 | Opp label coverage: 0.88
Step 3225459/5000000 | Win rate (rollout): 0.57 | Loss: 0.167 | Opp label coverage: 0.89
Step 3225971/5000000 | Win rate (rollout): 0.50 | Loss: 0.167 | Opp label coverage: 0.88
Step 3226483/5000000 | Win rate (rollout): 0.73 | Loss: 0.173 | Opp label coverage: 0.85
Step 3227001/5000000 | Win rate (rollout): 0.44 | Loss: 0.227 | Opp label coverage: 0.88
Step 3227516/5000000 | Win rate (rollout): 0.36 | Loss: 0.166 | Opp label coverage: 0.93
Step 3228028/5000000 | Win rate (rollout): 0.60 | Loss: 0.209 | Opp label coverage: 0.81
Step 3228540/5000000 | Win rate (rollout): 0.50 | Loss: 0.168 | Opp label coverage: 0.82
Step 3229052/5000000 | Win rate (rollout): 0.60 | Loss: 0.198 | Opp label coverage: 0.81
Step 3229570/5000000 | Win rate (rollout): 0.78 | Loss: 0.203 | Opp label coverage: 0.90
Step 3230088/5000000 | Win rate (rollout): 0.33 | Loss: 0.176 | Opp label coverage: 0.89
Step 3230606/5000000 | Win rate (rollout): 0.67 | Loss: 0.191 | Opp label coverage: 0.91
Step 3231118/5000000 | Win rate (rollout): 0.71 | Loss: 0.222 | Opp label coverage: 0.84
Step 3231633/5000000 | Win rate (rollout): 0.33 | Loss: 0.178 | Opp label coverage: 0.89
Step 3232146/5000000 | Win rate (rollout): 0.40 | Loss: 0.249 | Opp label coverage: 0.90
Step 3232658/5000000 | Win rate (rollout): 0.57 | Loss: 0.182 | Opp label coverage: 0.81
Step 3233170/5000000 | Win rate (rollout): 0.56 | Loss: 0.199 | Opp label coverage: 0.81
Step 3233682/5000000 | Win rate (rollout): 0.50 | Loss: 0.229 | Opp label coverage: 0.81
Step 3234194/5000000 | Win rate (rollout): 0.73 | Loss: 0.192 | Opp label coverage: 0.83
Step 3234708/5000000 | Win rate (rollout): 0.50 | Loss: 0.227 | Opp label coverage: 0.89
Step 3235220/5000000 | Win rate (rollout): 0.80 | Loss: 0.192 | Opp label coverage: 0.83
Step 3235732/5000000 | Win rate (rollout): 0.64 | Loss: 0.190 | Opp label coverage: 0.84
Step 3236244/5000000 | Win rate (rollout): 0.67 | Loss: 0.172 | Opp label coverage: 0.82
Step 3236760/5000000 | Win rate (rollout): 0.50 | Loss: 0.225 | Opp label coverage: 0.90
Step 3237272/5000000 | Win rate (rollout): 0.58 | Loss: 0.199 | Opp label coverage: 0.83
Step 3237784/5000000 | Win rate (rollout): 0.50 | Loss: 0.209 | Opp label coverage: 0.88
Step 3238296/5000000 | Win rate (rollout): 0.64 | Loss: 0.210 | Opp label coverage: 0.80
Step 3238810/5000000 | Win rate (rollout): 0.45 | Loss: 0.148 | Opp label coverage: 0.88
Step 3239325/5000000 | Win rate (rollout): 0.62 | Loss: 0.261 | Opp label coverage: 0.91
Step 3239839/5000000 | Win rate (rollout): 0.64 | Loss: 0.213 | Opp label coverage: 0.89
Step 3240355/5000000 | Win rate (rollout): 0.40 | Loss: 0.234 | Opp label coverage: 0.89
Step 3240867/5000000 | Win rate (rollout): 0.30 | Loss: 0.197 | Opp label coverage: 0.83
Step 3241379/5000000 | Win rate (rollout): 0.75 | Loss: 0.192 | Opp label coverage: 0.90
Step 3241893/5000000 | Win rate (rollout): 0.76 | Loss: 0.161 | Opp label coverage: 0.91
Step 3242405/5000000 | Win rate (rollout): 0.62 | Loss: 0.187 | Opp label coverage: 0.81
Step 3242922/5000000 | Win rate (rollout): 0.45 | Loss: 0.237 | Opp label coverage: 0.87
Step 3243435/5000000 | Win rate (rollout): 0.50 | Loss: 0.154 | Opp label coverage: 0.88
Step 3243950/5000000 | Win rate (rollout): 0.64 | Loss: 0.218 | Opp label coverage: 0.90
Step 3244462/5000000 | Win rate (rollout): 0.92 | Loss: 0.169 | Opp label coverage: 0.79
Step 3244974/5000000 | Win rate (rollout): 0.62 | Loss: 0.214 | Opp label coverage: 0.81
Step 3245486/5000000 | Win rate (rollout): 0.64 | Loss: 0.185 | Opp label coverage: 0.86
Step 3245998/5000000 | Win rate (rollout): 0.40 | Loss: 0.219 | Opp label coverage: 0.90
Step 3246510/5000000 | Win rate (rollout): 0.36 | Loss: 0.212 | Opp label coverage: 0.83
Step 3247025/5000000 | Win rate (rollout): 0.73 | Loss: 0.208 | Opp label coverage: 0.89
Step 3247537/5000000 | Win rate (rollout): 0.78 | Loss: 0.177 | Opp label coverage: 0.84
Step 3248049/5000000 | Win rate (rollout): 0.50 | Loss: 0.185 | Opp label coverage: 0.82
Step 3248561/5000000 | Win rate (rollout): 1.00 | Loss: 0.190 | Opp label coverage: 0.92
Step 3249073/5000000 | Win rate (rollout): 0.50 | Loss: 0.207 | Opp label coverage: 0.81
Step 3249585/5000000 | Win rate (rollout): 0.90 | Loss: 0.155 | Opp label coverage: 0.86
[checkpoint] Saved models/ppo/checkpoints/m9p2c/ppo_step_3250046.pt
Step 3250100/5000000 | Win rate (rollout): 0.62 | Loss: 0.246 | Opp label coverage: 0.90
Step 3250612/5000000 | Win rate (rollout): 0.75 | Loss: 0.179 | Opp label coverage: 0.83
Step 3251127/5000000 | Win rate (rollout): 0.40 | Loss: 0.234 | Opp label coverage: 0.90
Step 3251639/5000000 | Win rate (rollout): 0.36 | Loss: 0.191 | Opp label coverage: 0.84
Step 3252151/5000000 | Win rate (rollout): 0.67 | Loss: 0.175 | Opp label coverage: 0.83
Step 3252663/5000000 | Win rate (rollout): 0.64 | Loss: 0.201 | Opp label coverage: 0.79
Step 3253175/5000000 | Win rate (rollout): 0.50 | Loss: 0.205 | Opp label coverage: 0.82
Step 3253687/5000000 | Win rate (rollout): 0.44 | Loss: 0.214 | Opp label coverage: 0.76
Step 3254199/5000000 | Win rate (rollout): 0.75 | Loss: 0.196 | Opp label coverage: 0.77
Step 3254711/5000000 | Win rate (rollout): 0.83 | Loss: 0.158 | Opp label coverage: 0.80
Step 3255226/5000000 | Win rate (rollout): 0.33 | Loss: 0.166 | Opp label coverage: 0.89
Step 3255738/5000000 | Win rate (rollout): 0.57 | Loss: 0.214 | Opp label coverage: 0.80
Step 3256250/5000000 | Win rate (rollout): 0.47 | Loss: 0.196 | Opp label coverage: 0.80
Step 3256762/5000000 | Win rate (rollout): 0.50 | Loss: 0.200 | Opp label coverage: 0.83
Step 3257280/5000000 | Win rate (rollout): 0.18 | Loss: 0.180 | Opp label coverage: 0.89
Step 3257792/5000000 | Win rate (rollout): 0.29 | Loss: 0.199 | Opp label coverage: 0.85
Step 3258305/5000000 | Win rate (rollout): 0.64 | Loss: 0.206 | Opp label coverage: 0.89
Step 3258817/5000000 | Win rate (rollout): 0.70 | Loss: 0.210 | Opp label coverage: 0.76
Step 3259335/5000000 | Win rate (rollout): 0.64 | Loss: 0.214 | Opp label coverage: 0.90
Step 3259850/5000000 | Win rate (rollout): 0.89 | Loss: 0.191 | Opp label coverage: 0.93
Step 3260362/5000000 | Win rate (rollout): 0.36 | Loss: 0.206 | Opp label coverage: 0.83
Step 3260879/5000000 | Win rate (rollout): 0.25 | Loss: 0.142 | Opp label coverage: 0.88
Step 3261391/5000000 | Win rate (rollout): 0.50 | Loss: 0.168 | Opp label coverage: 0.81
Step 3261903/5000000 | Win rate (rollout): 0.64 | Loss: 0.179 | Opp label coverage: 0.82
Step 3262422/5000000 | Win rate (rollout): 0.40 | Loss: 0.263 | Opp label coverage: 0.88
Step 3262934/5000000 | Win rate (rollout): 0.45 | Loss: 0.187 | Opp label coverage: 0.79
Step 3263452/5000000 | Win rate (rollout): 0.50 | Loss: 0.225 | Opp label coverage: 0.89
Step 3263964/5000000 | Win rate (rollout): 0.60 | Loss: 0.195 | Opp label coverage: 0.82
Step 3264476/5000000 | Win rate (rollout): 0.36 | Loss: 0.225 | Opp label coverage: 0.84
Step 3264988/5000000 | Win rate (rollout): 0.53 | Loss: 0.228 | Opp label coverage: 0.85
Step 3265500/5000000 | Win rate (rollout): 0.55 | Loss: 0.189 | Opp label coverage: 0.82
Step 3266014/5000000 | Win rate (rollout): 0.62 | Loss: 0.177 | Opp label coverage: 0.91
Step 3266526/5000000 | Win rate (rollout): 1.00 | Loss: 0.171 | Opp label coverage: 0.84
Step 3267038/5000000 | Win rate (rollout): 0.42 | Loss: 0.215 | Opp label coverage: 0.80
Step 3267550/5000000 | Win rate (rollout): 0.56 | Loss: 0.200 | Opp label coverage: 0.85
Step 3268063/5000000 | Win rate (rollout): 0.38 | Loss: 0.219 | Opp label coverage: 0.90
Step 3268575/5000000 | Win rate (rollout): 0.29 | Loss: 0.190 | Opp label coverage: 0.81
Step 3269091/5000000 | Win rate (rollout): 0.82 | Loss: 0.195 | Opp label coverage: 0.90
Step 3269605/5000000 | Win rate (rollout): 0.31 | Loss: 0.208 | Opp label coverage: 0.88
Step 3270117/5000000 | Win rate (rollout): 0.70 | Loss: 0.202 | Opp label coverage: 0.78
Step 3270629/5000000 | Win rate (rollout): 0.69 | Loss: 0.182 | Opp label coverage: 0.84
Step 3271141/5000000 | Win rate (rollout): 0.41 | Loss: 0.190 | Opp label coverage: 0.82
Step 3271655/5000000 | Win rate (rollout): 0.67 | Loss: 0.174 | Opp label coverage: 0.91
Step 3272168/5000000 | Win rate (rollout): 0.67 | Loss: 0.175 | Opp label coverage: 0.89
Step 3272680/5000000 | Win rate (rollout): 0.36 | Loss: 0.203 | Opp label coverage: 0.81
Step 3273198/5000000 | Win rate (rollout): 0.57 | Loss: 0.201 | Opp label coverage: 0.91
Step 3273711/5000000 | Win rate (rollout): 0.53 | Loss: 0.237 | Opp label coverage: 0.90
Step 3274223/5000000 | Win rate (rollout): 0.36 | Loss: 0.187 | Opp label coverage: 0.84
Step 3274735/5000000 | Win rate (rollout): 0.31 | Loss: 0.201 | Opp label coverage: 0.79
Step 3275247/5000000 | Win rate (rollout): 0.59 | Loss: 0.220 | Opp label coverage: 0.83
Step 3275759/5000000 | Win rate (rollout): 0.42 | Loss: 0.212 | Opp label coverage: 0.80
Step 3276273/5000000 | Win rate (rollout): 0.50 | Loss: 0.208 | Opp label coverage: 0.89
Step 3276787/5000000 | Win rate (rollout): 0.45 | Loss: 0.247 | Opp label coverage: 0.90
Step 3277304/5000000 | Win rate (rollout): 0.50 | Loss: 0.213 | Opp label coverage: 0.90
Step 3277816/5000000 | Win rate (rollout): 0.69 | Loss: 0.194 | Opp label coverage: 0.90
Step 3278328/5000000 | Win rate (rollout): 0.57 | Loss: 0.181 | Opp label coverage: 0.85
Step 3278845/5000000 | Win rate (rollout): 0.55 | Loss: 0.221 | Opp label coverage: 0.89
Step 3279357/5000000 | Win rate (rollout): 0.69 | Loss: 0.223 | Opp label coverage: 0.91
Step 3279869/5000000 | Win rate (rollout): 0.50 | Loss: 0.211 | Opp label coverage: 0.79
Step 3280381/5000000 | Win rate (rollout): 0.45 | Loss: 0.188 | Opp label coverage: 0.89
Step 3280897/5000000 | Win rate (rollout): 0.54 | Loss: 0.240 | Opp label coverage: 0.90
Step 3281409/5000000 | Win rate (rollout): 0.73 | Loss: 0.210 | Opp label coverage: 0.87
Step 3281927/5000000 | Win rate (rollout): 0.45 | Loss: 0.178 | Opp label coverage: 0.90
Step 3282439/5000000 | Win rate (rollout): 0.42 | Loss: 0.182 | Opp label coverage: 0.83
Step 3282951/5000000 | Win rate (rollout): 0.47 | Loss: 0.196 | Opp label coverage: 0.84
Step 3283463/5000000 | Win rate (rollout): 0.89 | Loss: 0.176 | Opp label coverage: 0.87
Step 3283975/5000000 | Win rate (rollout): 0.55 | Loss: 0.186 | Opp label coverage: 0.84
Step 3284494/5000000 | Win rate (rollout): 0.50 | Loss: 0.215 | Opp label coverage: 0.90
Step 3285010/5000000 | Win rate (rollout): 0.67 | Loss: 0.204 | Opp label coverage: 0.90
Step 3285526/5000000 | Win rate (rollout): 0.54 | Loss: 0.166 | Opp label coverage: 0.91
Step 3286038/5000000 | Win rate (rollout): 0.55 | Loss: 0.201 | Opp label coverage: 0.79
Step 3286550/5000000 | Win rate (rollout): 0.86 | Loss: 0.196 | Opp label coverage: 0.92
Step 3287062/5000000 | Win rate (rollout): 0.54 | Loss: 0.182 | Opp label coverage: 0.83
Step 3287576/5000000 | Win rate (rollout): 0.27 | Loss: 0.180 | Opp label coverage: 0.88
Step 3288088/5000000 | Win rate (rollout): 0.42 | Loss: 0.176 | Opp label coverage: 0.84
Step 3288601/5000000 | Win rate (rollout): 0.55 | Loss: 0.171 | Opp label coverage: 0.88
Step 3289113/5000000 | Win rate (rollout): 0.62 | Loss: 0.176 | Opp label coverage: 0.78
Step 3289627/5000000 | Win rate (rollout): 0.50 | Loss: 0.234 | Opp label coverage: 0.90
Step 3290142/5000000 | Win rate (rollout): 0.43 | Loss: 0.203 | Opp label coverage: 0.88
Step 3290654/5000000 | Win rate (rollout): 0.80 | Loss: 0.189 | Opp label coverage: 0.86
Step 3291166/5000000 | Win rate (rollout): 0.38 | Loss: 0.180 | Opp label coverage: 0.77
Step 3291682/5000000 | Win rate (rollout): 0.45 | Loss: 0.204 | Opp label coverage: 0.88
Step 3292194/5000000 | Win rate (rollout): 0.67 | Loss: 0.212 | Opp label coverage: 0.78
Step 3292712/5000000 | Win rate (rollout): 0.55 | Loss: 0.209 | Opp label coverage: 0.89
Step 3293224/5000000 | Win rate (rollout): 0.53 | Loss: 0.224 | Opp label coverage: 0.89
Step 3293736/5000000 | Win rate (rollout): 0.80 | Loss: 0.193 | Opp label coverage: 0.81
Step 3294248/5000000 | Win rate (rollout): 0.62 | Loss: 0.178 | Opp label coverage: 0.83
Step 3294760/5000000 | Win rate (rollout): 0.62 | Loss: 0.181 | Opp label coverage: 0.84
Step 3295275/5000000 | Win rate (rollout): 0.80 | Loss: 0.208 | Opp label coverage: 0.91
Step 3295793/5000000 | Win rate (rollout): 0.67 | Loss: 0.252 | Opp label coverage: 0.89
Step 3296305/5000000 | Win rate (rollout): 0.42 | Loss: 0.201 | Opp label coverage: 0.77
Step 3296817/5000000 | Win rate (rollout): 0.47 | Loss: 0.227 | Opp label coverage: 0.83
Step 3297333/5000000 | Win rate (rollout): 0.62 | Loss: 0.228 | Opp label coverage: 0.90
Step 3297846/5000000 | Win rate (rollout): 0.69 | Loss: 0.141 | Opp label coverage: 0.89
Step 3298358/5000000 | Win rate (rollout): 0.36 | Loss: 0.182 | Opp label coverage: 0.85
Step 3298870/5000000 | Win rate (rollout): 0.36 | Loss: 0.195 | Opp label coverage: 0.81
Step 3299382/5000000 | Win rate (rollout): 0.43 | Loss: 0.231 | Opp label coverage: 0.86
Step 3299898/5000000 | Win rate (rollout): 0.88 | Loss: 0.171 | Opp label coverage: 0.88
Step 3300410/5000000 | Win rate (rollout): 0.64 | Loss: 0.175 | Opp label coverage: 0.82
Step 3300924/5000000 | Win rate (rollout): 0.44 | Loss: 0.237 | Opp label coverage: 0.89
Step 3301439/5000000 | Win rate (rollout): 0.47 | Loss: 0.242 | Opp label coverage: 0.88
Step 3301951/5000000 | Win rate (rollout): 0.83 | Loss: 0.198 | Opp label coverage: 0.81
Step 3302464/5000000 | Win rate (rollout): 0.40 | Loss: 0.364 | Opp label coverage: 0.88
Step 3302977/5000000 | Win rate (rollout): 0.38 | Loss: 0.300 | Opp label coverage: 0.87
Step 3303493/5000000 | Win rate (rollout): 0.53 | Loss: 0.238 | Opp label coverage: 0.88
Step 3304006/5000000 | Win rate (rollout): 0.55 | Loss: 0.222 | Opp label coverage: 0.89
Step 3304518/5000000 | Win rate (rollout): 0.89 | Loss: 0.168 | Opp label coverage: 0.88
Step 3305030/5000000 | Win rate (rollout): 0.73 | Loss: 0.173 | Opp label coverage: 0.79
Step 3305546/5000000 | Win rate (rollout): 0.50 | Loss: 0.242 | Opp label coverage: 0.90
Step 3306058/5000000 | Win rate (rollout): 0.33 | Loss: 0.196 | Opp label coverage: 0.86
Step 3306570/5000000 | Win rate (rollout): 0.36 | Loss: 0.205 | Opp label coverage: 0.84
Step 3307082/5000000 | Win rate (rollout): 0.73 | Loss: 0.209 | Opp label coverage: 0.89
Step 3307594/5000000 | Win rate (rollout): 0.60 | Loss: 0.189 | Opp label coverage: 0.79
Step 3308106/5000000 | Win rate (rollout): 0.61 | Loss: 0.188 | Opp label coverage: 0.78
Step 3308618/5000000 | Win rate (rollout): 0.56 | Loss: 0.227 | Opp label coverage: 0.90
Step 3309130/5000000 | Win rate (rollout): 0.57 | Loss: 0.218 | Opp label coverage: 0.89
Step 3309644/5000000 | Win rate (rollout): 0.50 | Loss: 0.175 | Opp label coverage: 0.89
Step 3310158/5000000 | Win rate (rollout): 0.64 | Loss: 0.130 | Opp label coverage: 0.88
Step 3310674/5000000 | Win rate (rollout): 0.62 | Loss: 0.256 | Opp label coverage: 0.90
Step 3311186/5000000 | Win rate (rollout): 0.44 | Loss: 0.200 | Opp label coverage: 0.82
Step 3311698/5000000 | Win rate (rollout): 0.60 | Loss: 0.199 | Opp label coverage: 0.88
Step 3312210/5000000 | Win rate (rollout): 0.50 | Loss: 0.180 | Opp label coverage: 0.80
Step 3312722/5000000 | Win rate (rollout): 0.38 | Loss: 0.167 | Opp label coverage: 0.82
Step 3313234/5000000 | Win rate (rollout): 0.75 | Loss: 0.203 | Opp label coverage: 0.87
Step 3313747/5000000 | Win rate (rollout): 0.73 | Loss: 0.263 | Opp label coverage: 0.91
Step 3314259/5000000 | Win rate (rollout): 0.31 | Loss: 0.201 | Opp label coverage: 0.90
Step 3314773/5000000 | Win rate (rollout): 0.50 | Loss: 0.236 | Opp label coverage: 0.90
Step 3315286/5000000 | Win rate (rollout): 0.31 | Loss: 0.222 | Opp label coverage: 0.88
Step 3315805/5000000 | Win rate (rollout): 0.58 | Loss: 0.233 | Opp label coverage: 0.91
Step 3316317/5000000 | Win rate (rollout): 0.50 | Loss: 0.212 | Opp label coverage: 0.84
Step 3316829/5000000 | Win rate (rollout): 0.71 | Loss: 0.191 | Opp label coverage: 0.85
Step 3317342/5000000 | Win rate (rollout): 0.50 | Loss: 0.121 | Opp label coverage: 0.88
Step 3317854/5000000 | Win rate (rollout): 0.54 | Loss: 0.192 | Opp label coverage: 0.80
Step 3318366/5000000 | Win rate (rollout): 0.60 | Loss: 0.212 | Opp label coverage: 0.87
Step 3318878/5000000 | Win rate (rollout): 0.64 | Loss: 0.222 | Opp label coverage: 0.81
Step 3319390/5000000 | Win rate (rollout): 0.50 | Loss: 0.201 | Opp label coverage: 0.80
Step 3319908/5000000 | Win rate (rollout): 0.56 | Loss: 0.242 | Opp label coverage: 0.92
Step 3320420/5000000 | Win rate (rollout): 0.71 | Loss: 0.191 | Opp label coverage: 0.81
Step 3320932/5000000 | Win rate (rollout): 0.56 | Loss: 0.192 | Opp label coverage: 0.81
Step 3321444/5000000 | Win rate (rollout): 0.31 | Loss: 0.206 | Opp label coverage: 0.85
Step 3321956/5000000 | Win rate (rollout): 0.50 | Loss: 0.188 | Opp label coverage: 0.83
Step 3322468/5000000 | Win rate (rollout): 0.54 | Loss: 0.196 | Opp label coverage: 0.85
Step 3322986/5000000 | Win rate (rollout): 0.55 | Loss: 0.199 | Opp label coverage: 0.91
Step 3323498/5000000 | Win rate (rollout): 0.60 | Loss: 0.183 | Opp label coverage: 0.81
Step 3324011/5000000 | Win rate (rollout): 0.33 | Loss: 0.271 | Opp label coverage: 0.91
Step 3324523/5000000 | Win rate (rollout): 0.89 | Loss: 0.199 | Opp label coverage: 0.86
Step 3325040/5000000 | Win rate (rollout): 0.62 | Loss: 0.197 | Opp label coverage: 0.91
Step 3325552/5000000 | Win rate (rollout): 0.36 | Loss: 0.192 | Opp label coverage: 0.83
Step 3326067/5000000 | Win rate (rollout): 0.42 | Loss: 0.169 | Opp label coverage: 0.88
Step 3326580/5000000 | Win rate (rollout): 0.38 | Loss: 0.229 | Opp label coverage: 0.90
Step 3327096/5000000 | Win rate (rollout): 0.53 | Loss: 0.245 | Opp label coverage: 0.88
Step 3327608/5000000 | Win rate (rollout): 0.78 | Loss: 0.175 | Opp label coverage: 0.85
Step 3328126/5000000 | Win rate (rollout): 0.36 | Loss: 0.215 | Opp label coverage: 0.88
Step 3328645/5000000 | Win rate (rollout): 0.31 | Loss: 0.208 | Opp label coverage: 0.90
Step 3329157/5000000 | Win rate (rollout): 0.45 | Loss: 0.169 | Opp label coverage: 0.82
Step 3329669/5000000 | Win rate (rollout): 0.60 | Loss: 0.208 | Opp label coverage: 0.90
Step 3330183/5000000 | Win rate (rollout): 0.64 | Loss: 0.214 | Opp label coverage: 0.90
Step 3330695/5000000 | Win rate (rollout): 0.25 | Loss: 0.177 | Opp label coverage: 0.78
Step 3331207/5000000 | Win rate (rollout): 0.56 | Loss: 0.201 | Opp label coverage: 0.87
Step 3331719/5000000 | Win rate (rollout): 0.60 | Loss: 0.205 | Opp label coverage: 0.82
Step 3332236/5000000 | Win rate (rollout): 0.80 | Loss: 0.183 | Opp label coverage: 0.89
Step 3332754/5000000 | Win rate (rollout): 0.31 | Loss: 0.217 | Opp label coverage: 0.91
Step 3333269/5000000 | Win rate (rollout): 0.38 | Loss: 0.251 | Opp label coverage: 0.90
Step 3333786/5000000 | Win rate (rollout): 0.60 | Loss: 0.223 | Opp label coverage: 0.87
Step 3334305/5000000 | Win rate (rollout): 0.77 | Loss: 0.249 | Opp label coverage: 0.90
Step 3334817/5000000 | Win rate (rollout): 0.54 | Loss: 0.178 | Opp label coverage: 0.89
Step 3335329/5000000 | Win rate (rollout): 0.33 | Loss: 0.178 | Opp label coverage: 0.85
Step 3335841/5000000 | Win rate (rollout): 0.56 | Loss: 0.168 | Opp label coverage: 0.86
Step 3336354/5000000 | Win rate (rollout): 0.36 | Loss: 0.209 | Opp label coverage: 0.86
Step 3336866/5000000 | Win rate (rollout): 0.57 | Loss: 0.229 | Opp label coverage: 0.84
Step 3337378/5000000 | Win rate (rollout): 0.46 | Loss: 0.220 | Opp label coverage: 0.81
Step 3337896/5000000 | Win rate (rollout): 0.58 | Loss: 0.217 | Opp label coverage: 0.87
Step 3338408/5000000 | Win rate (rollout): 0.42 | Loss: 0.165 | Opp label coverage: 0.83
Step 3338920/5000000 | Win rate (rollout): 0.46 | Loss: 0.202 | Opp label coverage: 0.83
Step 3339432/5000000 | Win rate (rollout): 0.41 | Loss: 0.195 | Opp label coverage: 0.86
Step 3339948/5000000 | Win rate (rollout): 0.55 | Loss: 0.225 | Opp label coverage: 0.89
Step 3340461/5000000 | Win rate (rollout): 0.67 | Loss: 0.135 | Opp label coverage: 0.89
Step 3340978/5000000 | Win rate (rollout): 0.56 | Loss: 0.219 | Opp label coverage: 0.87
Step 3341490/5000000 | Win rate (rollout): 0.86 | Loss: 0.195 | Opp label coverage: 0.84
Step 3342002/5000000 | Win rate (rollout): 0.53 | Loss: 0.196 | Opp label coverage: 0.80
Step 3342514/5000000 | Win rate (rollout): 0.47 | Loss: 0.204 | Opp label coverage: 0.86
Step 3343026/5000000 | Win rate (rollout): 0.50 | Loss: 0.210 | Opp label coverage: 0.77
Step 3343538/5000000 | Win rate (rollout): 0.38 | Loss: 0.217 | Opp label coverage: 0.78
Step 3344056/5000000 | Win rate (rollout): 0.56 | Loss: 0.192 | Opp label coverage: 0.90
Step 3344574/5000000 | Win rate (rollout): 0.71 | Loss: 0.181 | Opp label coverage: 0.91
Step 3345086/5000000 | Win rate (rollout): 0.50 | Loss: 0.180 | Opp label coverage: 0.82
Step 3345599/5000000 | Win rate (rollout): 0.75 | Loss: 0.185 | Opp label coverage: 0.88
Step 3346115/5000000 | Win rate (rollout): 0.64 | Loss: 0.180 | Opp label coverage: 0.89
Step 3346629/5000000 | Win rate (rollout): 0.53 | Loss: 0.276 | Opp label coverage: 0.88
Step 3347143/5000000 | Win rate (rollout): 0.53 | Loss: 0.219 | Opp label coverage: 0.90
Step 3347655/5000000 | Win rate (rollout): 0.89 | Loss: 0.186 | Opp label coverage: 0.78
Step 3348167/5000000 | Win rate (rollout): 0.78 | Loss: 0.176 | Opp label coverage: 0.83
Step 3348682/5000000 | Win rate (rollout): 0.69 | Loss: 0.159 | Opp label coverage: 0.90
Step 3349199/5000000 | Win rate (rollout): 0.67 | Loss: 0.166 | Opp label coverage: 0.90
Step 3349711/5000000 | Win rate (rollout): 0.88 | Loss: 0.189 | Opp label coverage: 0.84
Step 3350228/5000000 | Win rate (rollout): 0.44 | Loss: 0.197 | Opp label coverage: 0.89
Step 3350743/5000000 | Win rate (rollout): 0.44 | Loss: 0.156 | Opp label coverage: 0.89
Step 3351258/5000000 | Win rate (rollout): 0.85 | Loss: 0.213 | Opp label coverage: 0.91
Step 3351770/5000000 | Win rate (rollout): 0.67 | Loss: 0.211 | Opp label coverage: 0.83
Step 3352285/5000000 | Win rate (rollout): 0.44 | Loss: 0.142 | Opp label coverage: 0.88
Step 3352797/5000000 | Win rate (rollout): 0.64 | Loss: 0.224 | Opp label coverage: 0.84
Step 3353309/5000000 | Win rate (rollout): 0.30 | Loss: 0.233 | Opp label coverage: 0.84
Step 3353826/5000000 | Win rate (rollout): 0.40 | Loss: 0.241 | Opp label coverage: 0.88
Step 3354344/5000000 | Win rate (rollout): 0.53 | Loss: 0.194 | Opp label coverage: 0.88
Step 3354856/5000000 | Win rate (rollout): 0.60 | Loss: 0.201 | Opp label coverage: 0.83
Step 3355373/5000000 | Win rate (rollout): 0.20 | Loss: 0.199 | Opp label coverage: 0.89
Step 3355885/5000000 | Win rate (rollout): 0.33 | Loss: 0.175 | Opp label coverage: 0.87
Step 3356403/5000000 | Win rate (rollout): 0.58 | Loss: 0.225 | Opp label coverage: 0.88
Step 3356915/5000000 | Win rate (rollout): 0.67 | Loss: 0.221 | Opp label coverage: 0.89
Step 3357427/5000000 | Win rate (rollout): 0.60 | Loss: 0.197 | Opp label coverage: 0.80
Step 3357939/5000000 | Win rate (rollout): 0.60 | Loss: 0.176 | Opp label coverage: 0.81
Step 3358451/5000000 | Win rate (rollout): 0.29 | Loss: 0.217 | Opp label coverage: 0.82
Step 3358966/5000000 | Win rate (rollout): 0.38 | Loss: 0.226 | Opp label coverage: 0.89
Step 3359480/5000000 | Win rate (rollout): 0.44 | Loss: 0.168 | Opp label coverage: 0.88
Step 3359992/5000000 | Win rate (rollout): 0.40 | Loss: 0.188 | Opp label coverage: 0.81
Step 3360504/5000000 | Win rate (rollout): 0.60 | Loss: 0.193 | Opp label coverage: 0.81
Step 3361016/5000000 | Win rate (rollout): 0.64 | Loss: 0.173 | Opp label coverage: 0.81
Step 3361528/5000000 | Win rate (rollout): 0.50 | Loss: 0.234 | Opp label coverage: 0.89
Step 3362044/5000000 | Win rate (rollout): 0.67 | Loss: 0.275 | Opp label coverage: 0.90
Step 3362560/5000000 | Win rate (rollout): 0.36 | Loss: 0.285 | Opp label coverage: 0.90
Step 3363072/5000000 | Win rate (rollout): 0.40 | Loss: 0.190 | Opp label coverage: 0.84
Step 3363584/5000000 | Win rate (rollout): 0.38 | Loss: 0.172 | Opp label coverage: 0.86
Step 3364098/5000000 | Win rate (rollout): 0.56 | Loss: 0.212 | Opp label coverage: 0.91
Step 3364610/5000000 | Win rate (rollout): 0.82 | Loss: 0.196 | Opp label coverage: 0.81
Step 3365122/5000000 | Win rate (rollout): 0.42 | Loss: 0.188 | Opp label coverage: 0.82
Step 3365634/5000000 | Win rate (rollout): 0.50 | Loss: 0.235 | Opp label coverage: 0.80
Step 3366153/5000000 | Win rate (rollout): 0.64 | Loss: 0.203 | Opp label coverage: 0.89
Step 3366666/5000000 | Win rate (rollout): 0.36 | Loss: 0.214 | Opp label coverage: 0.89
Step 3367178/5000000 | Win rate (rollout): 0.18 | Loss: 0.174 | Opp label coverage: 0.80
Step 3367691/5000000 | Win rate (rollout): 0.50 | Loss: 0.239 | Opp label coverage: 0.88
Step 3368203/5000000 | Win rate (rollout): 0.71 | Loss: 0.189 | Opp label coverage: 0.81
Step 3368716/5000000 | Win rate (rollout): 0.44 | Loss: 0.272 | Opp label coverage: 0.91
Step 3369228/5000000 | Win rate (rollout): 0.69 | Loss: 0.224 | Opp label coverage: 0.91
Step 3369745/5000000 | Win rate (rollout): 0.64 | Loss: 0.165 | Opp label coverage: 0.91
Step 3370257/5000000 | Win rate (rollout): 0.77 | Loss: 0.163 | Opp label coverage: 0.76
Step 3370772/5000000 | Win rate (rollout): 0.67 | Loss: 0.175 | Opp label coverage: 0.91
Step 3371284/5000000 | Win rate (rollout): 0.60 | Loss: 0.171 | Opp label coverage: 0.81
Step 3371796/5000000 | Win rate (rollout): 0.56 | Loss: 0.202 | Opp label coverage: 0.82
Step 3372313/5000000 | Win rate (rollout): 0.64 | Loss: 0.246 | Opp label coverage: 0.90
Step 3372830/5000000 | Win rate (rollout): 0.38 | Loss: 0.197 | Opp label coverage: 0.88
Step 3373342/5000000 | Win rate (rollout): 0.46 | Loss: 0.203 | Opp label coverage: 0.82
Step 3373854/5000000 | Win rate (rollout): 0.50 | Loss: 0.191 | Opp label coverage: 0.86
Step 3374369/5000000 | Win rate (rollout): 0.58 | Loss: 0.219 | Opp label coverage: 0.88
Step 3374881/5000000 | Win rate (rollout): 0.50 | Loss: 0.206 | Opp label coverage: 0.91
Step 3375393/5000000 | Win rate (rollout): 0.71 | Loss: 0.237 | Opp label coverage: 0.81
Step 3375907/5000000 | Win rate (rollout): 0.50 | Loss: 0.148 | Opp label coverage: 0.89
Step 3376425/5000000 | Win rate (rollout): 0.53 | Loss: 0.202 | Opp label coverage: 0.91
Step 3376943/5000000 | Win rate (rollout): 0.57 | Loss: 0.263 | Opp label coverage: 0.89
Step 3377455/5000000 | Win rate (rollout): 1.00 | Loss: 0.171 | Opp label coverage: 0.77
Step 3377967/5000000 | Win rate (rollout): 0.62 | Loss: 0.181 | Opp label coverage: 0.77
Step 3378479/5000000 | Win rate (rollout): 0.36 | Loss: 0.231 | Opp label coverage: 0.80
Step 3378991/5000000 | Win rate (rollout): 0.47 | Loss: 0.207 | Opp label coverage: 0.84
Step 3379508/5000000 | Win rate (rollout): 0.50 | Loss: 0.194 | Opp label coverage: 0.90
Step 3380020/5000000 | Win rate (rollout): 0.31 | Loss: 0.226 | Opp label coverage: 0.89
Step 3380532/5000000 | Win rate (rollout): 0.43 | Loss: 0.193 | Opp label coverage: 0.85
Step 3381044/5000000 | Win rate (rollout): 0.38 | Loss: 0.185 | Opp label coverage: 0.82
Step 3381556/5000000 | Win rate (rollout): 0.56 | Loss: 0.254 | Opp label coverage: 0.80
Step 3382068/5000000 | Win rate (rollout): 0.88 | Loss: 0.177 | Opp label coverage: 0.86
Step 3382581/5000000 | Win rate (rollout): 0.60 | Loss: 0.195 | Opp label coverage: 0.89
Step 3383093/5000000 | Win rate (rollout): 0.82 | Loss: 0.193 | Opp label coverage: 0.81
Step 3383605/5000000 | Win rate (rollout): 0.64 | Loss: 0.177 | Opp label coverage: 0.80
Step 3384123/5000000 | Win rate (rollout): 0.50 | Loss: 0.240 | Opp label coverage: 0.89
Step 3384635/5000000 | Win rate (rollout): 0.64 | Loss: 0.189 | Opp label coverage: 0.84
Step 3385147/5000000 | Win rate (rollout): 0.77 | Loss: 0.217 | Opp label coverage: 0.82
Step 3385664/5000000 | Win rate (rollout): 0.27 | Loss: 0.185 | Opp label coverage: 0.88
Step 3386176/5000000 | Win rate (rollout): 0.55 | Loss: 0.222 | Opp label coverage: 0.91
Step 3386688/5000000 | Win rate (rollout): 0.40 | Loss: 0.214 | Opp label coverage: 0.79
Step 3387205/5000000 | Win rate (rollout): 0.50 | Loss: 0.201 | Opp label coverage: 0.90
Step 3387724/5000000 | Win rate (rollout): 0.50 | Loss: 0.209 | Opp label coverage: 0.88
Step 3388236/5000000 | Win rate (rollout): 0.46 | Loss: 0.226 | Opp label coverage: 0.88
Step 3388748/5000000 | Win rate (rollout): 0.67 | Loss: 0.201 | Opp label coverage: 0.82
Step 3389260/5000000 | Win rate (rollout): 0.77 | Loss: 0.186 | Opp label coverage: 0.77
Step 3389772/5000000 | Win rate (rollout): 0.67 | Loss: 0.201 | Opp label coverage: 0.82
Step 3390284/5000000 | Win rate (rollout): 0.44 | Loss: 0.204 | Opp label coverage: 0.89
Step 3390796/5000000 | Win rate (rollout): 0.33 | Loss: 0.202 | Opp label coverage: 0.82
Step 3391310/5000000 | Win rate (rollout): 0.50 | Loss: 0.197 | Opp label coverage: 0.88
Step 3391822/5000000 | Win rate (rollout): 0.44 | Loss: 0.173 | Opp label coverage: 0.80
Step 3392334/5000000 | Win rate (rollout): 0.67 | Loss: 0.181 | Opp label coverage: 0.85
Step 3392849/5000000 | Win rate (rollout): 0.38 | Loss: 0.286 | Opp label coverage: 0.88
Step 3393365/5000000 | Win rate (rollout): 0.33 | Loss: 0.221 | Opp label coverage: 0.91
Step 3393877/5000000 | Win rate (rollout): 0.38 | Loss: 0.181 | Opp label coverage: 0.74
Step 3394389/5000000 | Win rate (rollout): 0.64 | Loss: 0.201 | Opp label coverage: 0.89
Step 3394901/5000000 | Win rate (rollout): 0.42 | Loss: 0.227 | Opp label coverage: 0.82
Step 3395417/5000000 | Win rate (rollout): 0.42 | Loss: 0.252 | Opp label coverage: 0.88
Step 3395929/5000000 | Win rate (rollout): 0.25 | Loss: 0.185 | Opp label coverage: 0.82
Step 3396441/5000000 | Win rate (rollout): 0.33 | Loss: 0.166 | Opp label coverage: 0.81
Step 3396954/5000000 | Win rate (rollout): 0.36 | Loss: 0.176 | Opp label coverage: 0.87
Step 3397466/5000000 | Win rate (rollout): 0.80 | Loss: 0.204 | Opp label coverage: 0.84
Step 3397978/5000000 | Win rate (rollout): 0.33 | Loss: 0.206 | Opp label coverage: 0.79
Step 3398495/5000000 | Win rate (rollout): 0.50 | Loss: 0.175 | Opp label coverage: 0.89
Step 3399007/5000000 | Win rate (rollout): 0.58 | Loss: 0.181 | Opp label coverage: 0.84
Step 3399519/5000000 | Win rate (rollout): 0.41 | Loss: 0.215 | Opp label coverage: 0.82
Step 3400036/5000000 | Win rate (rollout): 0.60 | Loss: 0.235 | Opp label coverage: 0.92
Step 3400548/5000000 | Win rate (rollout): 0.43 | Loss: 0.217 | Opp label coverage: 0.78
Step 3401065/5000000 | Win rate (rollout): 0.50 | Loss: 0.235 | Opp label coverage: 0.89
Step 3401577/5000000 | Win rate (rollout): 0.89 | Loss: 0.183 | Opp label coverage: 0.84
Step 3402089/5000000 | Win rate (rollout): 0.50 | Loss: 0.186 | Opp label coverage: 0.81
Step 3402601/5000000 | Win rate (rollout): 0.69 | Loss: 0.210 | Opp label coverage: 0.86
Step 3403113/5000000 | Win rate (rollout): 0.62 | Loss: 0.191 | Opp label coverage: 0.80
Step 3403629/5000000 | Win rate (rollout): 0.50 | Loss: 0.273 | Opp label coverage: 0.89
Step 3404141/5000000 | Win rate (rollout): 0.46 | Loss: 0.217 | Opp label coverage: 0.83
Step 3404659/5000000 | Win rate (rollout): 0.27 | Loss: 0.209 | Opp label coverage: 0.88
Step 3405174/5000000 | Win rate (rollout): 0.65 | Loss: 0.236 | Opp label coverage: 0.88
Step 3405686/5000000 | Win rate (rollout): 0.54 | Loss: 0.199 | Opp label coverage: 0.82
Step 3406198/5000000 | Win rate (rollout): 0.50 | Loss: 0.202 | Opp label coverage: 0.80
Step 3406710/5000000 | Win rate (rollout): 0.73 | Loss: 0.214 | Opp label coverage: 0.88
Step 3407222/5000000 | Win rate (rollout): 0.67 | Loss: 0.194 | Opp label coverage: 0.82
Step 3407741/5000000 | Win rate (rollout): 0.64 | Loss: 0.240 | Opp label coverage: 0.89
Step 3408253/5000000 | Win rate (rollout): 1.00 | Loss: 0.194 | Opp label coverage: 0.86
Step 3408769/5000000 | Win rate (rollout): 0.70 | Loss: 0.193 | Opp label coverage: 0.91
Step 3409281/5000000 | Win rate (rollout): 0.83 | Loss: 0.180 | Opp label coverage: 0.91
Step 3409793/5000000 | Win rate (rollout): 1.00 | Loss: 0.153 | Opp label coverage: 0.82
Step 3410305/5000000 | Win rate (rollout): 0.50 | Loss: 0.228 | Opp label coverage: 0.83
Step 3410817/5000000 | Win rate (rollout): 0.60 | Loss: 0.184 | Opp label coverage: 0.82
Step 3411329/5000000 | Win rate (rollout): 0.56 | Loss: 0.207 | Opp label coverage: 0.79
Step 3411841/5000000 | Win rate (rollout): 0.80 | Loss: 0.187 | Opp label coverage: 0.89
Step 3412353/5000000 | Win rate (rollout): 0.42 | Loss: 0.207 | Opp label coverage: 0.76
Step 3412872/5000000 | Win rate (rollout): 0.67 | Loss: 0.187 | Opp label coverage: 0.90
Step 3413391/5000000 | Win rate (rollout): 0.62 | Loss: 0.231 | Opp label coverage: 0.91
Step 3413903/5000000 | Win rate (rollout): 0.46 | Loss: 0.214 | Opp label coverage: 0.79
Step 3414415/5000000 | Win rate (rollout): 0.89 | Loss: 0.184 | Opp label coverage: 0.80
Step 3414928/5000000 | Win rate (rollout): 0.64 | Loss: 0.232 | Opp label coverage: 0.89
Step 3415440/5000000 | Win rate (rollout): 0.43 | Loss: 0.167 | Opp label coverage: 0.90
Step 3415952/5000000 | Win rate (rollout): 0.38 | Loss: 0.212 | Opp label coverage: 0.84
Step 3416464/5000000 | Win rate (rollout): 0.62 | Loss: 0.204 | Opp label coverage: 0.83
Step 3416976/5000000 | Win rate (rollout): 0.59 | Loss: 0.207 | Opp label coverage: 0.82
Step 3417488/5000000 | Win rate (rollout): 0.57 | Loss: 0.214 | Opp label coverage: 0.85
Step 3418000/5000000 | Win rate (rollout): 0.73 | Loss: 0.185 | Opp label coverage: 0.84
Step 3418512/5000000 | Win rate (rollout): 0.47 | Loss: 0.230 | Opp label coverage: 0.83
Step 3419024/5000000 | Win rate (rollout): 0.50 | Loss: 0.207 | Opp label coverage: 0.78
Step 3419536/5000000 | Win rate (rollout): 0.40 | Loss: 0.208 | Opp label coverage: 0.81
Step 3420048/5000000 | Win rate (rollout): 0.56 | Loss: 0.177 | Opp label coverage: 0.80
Step 3420565/5000000 | Win rate (rollout): 0.67 | Loss: 0.174 | Opp label coverage: 0.92
Step 3421077/5000000 | Win rate (rollout): 0.42 | Loss: 0.224 | Opp label coverage: 0.77
Step 3421589/5000000 | Win rate (rollout): 0.62 | Loss: 0.174 | Opp label coverage: 0.87
Step 3422105/5000000 | Win rate (rollout): 0.55 | Loss: 0.260 | Opp label coverage: 0.91
Step 3422617/5000000 | Win rate (rollout): 0.36 | Loss: 0.228 | Opp label coverage: 0.85
Step 3423129/5000000 | Win rate (rollout): 0.50 | Loss: 0.176 | Opp label coverage: 0.81
Step 3423643/5000000 | Win rate (rollout): 0.69 | Loss: 0.287 | Opp label coverage: 0.88
Step 3424155/5000000 | Win rate (rollout): 0.67 | Loss: 0.163 | Opp label coverage: 0.85
Step 3424667/5000000 | Win rate (rollout): 0.67 | Loss: 0.190 | Opp label coverage: 0.80
Step 3425181/5000000 | Win rate (rollout): 0.33 | Loss: 0.200 | Opp label coverage: 0.89
Step 3425698/5000000 | Win rate (rollout): 0.64 | Loss: 0.173 | Opp label coverage: 0.89
Step 3426210/5000000 | Win rate (rollout): 0.86 | Loss: 0.201 | Opp label coverage: 0.86
Step 3426723/5000000 | Win rate (rollout): 0.60 | Loss: 0.206 | Opp label coverage: 0.88
Step 3427235/5000000 | Win rate (rollout): 0.25 | Loss: 0.175 | Opp label coverage: 0.79
Step 3427747/5000000 | Win rate (rollout): 0.33 | Loss: 0.191 | Opp label coverage: 0.80
Step 3428264/5000000 | Win rate (rollout): 0.50 | Loss: 0.183 | Opp label coverage: 0.88
Step 3428776/5000000 | Win rate (rollout): 0.62 | Loss: 0.186 | Opp label coverage: 0.85
Step 3429288/5000000 | Win rate (rollout): 0.67 | Loss: 0.182 | Opp label coverage: 0.86
Step 3429800/5000000 | Win rate (rollout): 0.33 | Loss: 0.206 | Opp label coverage: 0.80
Step 3430316/5000000 | Win rate (rollout): 0.73 | Loss: 0.204 | Opp label coverage: 0.90
Step 3430828/5000000 | Win rate (rollout): 0.64 | Loss: 0.169 | Opp label coverage: 0.80
Step 3431342/5000000 | Win rate (rollout): 0.67 | Loss: 0.228 | Opp label coverage: 0.91
Step 3431854/5000000 | Win rate (rollout): 0.57 | Loss: 0.221 | Opp label coverage: 0.81
Step 3432368/5000000 | Win rate (rollout): 0.50 | Loss: 0.194 | Opp label coverage: 0.88
Step 3432880/5000000 | Win rate (rollout): 0.80 | Loss: 0.197 | Opp label coverage: 0.82
Step 3433396/5000000 | Win rate (rollout): 0.70 | Loss: 0.208 | Opp label coverage: 0.91
Step 3433910/5000000 | Win rate (rollout): 0.53 | Loss: 0.228 | Opp label coverage: 0.89
Step 3434422/5000000 | Win rate (rollout): 0.67 | Loss: 0.181 | Opp label coverage: 0.82
Step 3434936/5000000 | Win rate (rollout): 0.50 | Loss: 0.184 | Opp label coverage: 0.90
Step 3435448/5000000 | Win rate (rollout): 0.46 | Loss: 0.204 | Opp label coverage: 0.82
Step 3435966/5000000 | Win rate (rollout): 0.40 | Loss: 0.223 | Opp label coverage: 0.89
Step 3436478/5000000 | Win rate (rollout): 0.67 | Loss: 0.221 | Opp label coverage: 0.88
Step 3436990/5000000 | Win rate (rollout): 0.46 | Loss: 0.202 | Opp label coverage: 0.92
Step 3437509/5000000 | Win rate (rollout): 0.56 | Loss: 0.190 | Opp label coverage: 0.89
Step 3438021/5000000 | Win rate (rollout): 0.83 | Loss: 0.219 | Opp label coverage: 0.90
Step 3438540/5000000 | Win rate (rollout): 0.46 | Loss: 0.198 | Opp label coverage: 0.88
Step 3439052/5000000 | Win rate (rollout): 0.45 | Loss: 0.203 | Opp label coverage: 0.79
Step 3439564/5000000 | Win rate (rollout): 0.50 | Loss: 0.172 | Opp label coverage: 0.82
Step 3440076/5000000 | Win rate (rollout): 0.38 | Loss: 0.202 | Opp label coverage: 0.82
Step 3440588/5000000 | Win rate (rollout): 0.86 | Loss: 0.186 | Opp label coverage: 0.79
Step 3441100/5000000 | Win rate (rollout): 0.54 | Loss: 0.209 | Opp label coverage: 0.83
Step 3441612/5000000 | Win rate (rollout): 0.47 | Loss: 0.203 | Opp label coverage: 0.81
Step 3442124/5000000 | Win rate (rollout): 0.29 | Loss: 0.215 | Opp label coverage: 0.80
Step 3442636/5000000 | Win rate (rollout): 0.43 | Loss: 0.196 | Opp label coverage: 0.76
Step 3443154/5000000 | Win rate (rollout): 0.54 | Loss: 0.155 | Opp label coverage: 0.90
Step 3443672/5000000 | Win rate (rollout): 0.54 | Loss: 0.286 | Opp label coverage: 0.89
Step 3444186/5000000 | Win rate (rollout): 0.81 | Loss: 0.172 | Opp label coverage: 0.89
Step 3444698/5000000 | Win rate (rollout): 0.57 | Loss: 0.187 | Opp label coverage: 0.85
Step 3445213/5000000 | Win rate (rollout): 0.36 | Loss: 0.254 | Opp label coverage: 0.89
Step 3445725/5000000 | Win rate (rollout): 0.71 | Loss: 0.158 | Opp label coverage: 0.86
Step 3446237/5000000 | Win rate (rollout): 0.67 | Loss: 0.225 | Opp label coverage: 0.89
Step 3446749/5000000 | Win rate (rollout): 0.71 | Loss: 0.205 | Opp label coverage: 0.87
Step 3447261/5000000 | Win rate (rollout): 0.67 | Loss: 0.173 | Opp label coverage: 0.91
Step 3447777/5000000 | Win rate (rollout): 0.67 | Loss: 0.238 | Opp label coverage: 0.91
Step 3448292/5000000 | Win rate (rollout): 0.42 | Loss: 0.176 | Opp label coverage: 0.90
Step 3448804/5000000 | Win rate (rollout): 1.00 | Loss: 0.184 | Opp label coverage: 0.83
Step 3449316/5000000 | Win rate (rollout): 0.54 | Loss: 0.222 | Opp label coverage: 0.82
Step 3449828/5000000 | Win rate (rollout): 0.46 | Loss: 0.219 | Opp label coverage: 0.83
Step 3450343/5000000 | Win rate (rollout): 0.60 | Loss: 0.212 | Opp label coverage: 0.89
Step 3450859/5000000 | Win rate (rollout): 0.67 | Loss: 0.252 | Opp label coverage: 0.90
Step 3451373/5000000 | Win rate (rollout): 0.42 | Loss: 0.255 | Opp label coverage: 0.89
Step 3451885/5000000 | Win rate (rollout): 0.36 | Loss: 0.180 | Opp label coverage: 0.86
Step 3452401/5000000 | Win rate (rollout): 0.67 | Loss: 0.235 | Opp label coverage: 0.88
Step 3452913/5000000 | Win rate (rollout): 0.30 | Loss: 0.203 | Opp label coverage: 0.85
Step 3453430/5000000 | Win rate (rollout): 0.58 | Loss: 0.206 | Opp label coverage: 0.91
Step 3453942/5000000 | Win rate (rollout): 0.50 | Loss: 0.167 | Opp label coverage: 0.74
Step 3454454/5000000 | Win rate (rollout): 0.62 | Loss: 0.212 | Opp label coverage: 0.83
Step 3454966/5000000 | Win rate (rollout): 0.33 | Loss: 0.200 | Opp label coverage: 0.83
Step 3455478/5000000 | Win rate (rollout): 0.44 | Loss: 0.215 | Opp label coverage: 0.89
Step 3455990/5000000 | Win rate (rollout): 0.25 | Loss: 0.174 | Opp label coverage: 0.79
Step 3456502/5000000 | Win rate (rollout): 0.67 | Loss: 0.190 | Opp label coverage: 0.85
Step 3457015/5000000 | Win rate (rollout): 0.25 | Loss: 0.212 | Opp label coverage: 0.91
Step 3457531/5000000 | Win rate (rollout): 0.85 | Loss: 0.171 | Opp label coverage: 0.93
Step 3458043/5000000 | Win rate (rollout): 0.55 | Loss: 0.176 | Opp label coverage: 0.84
Step 3458556/5000000 | Win rate (rollout): 0.70 | Loss: 0.235 | Opp label coverage: 0.89
Step 3459069/5000000 | Win rate (rollout): 0.46 | Loss: 0.226 | Opp label coverage: 0.91
Step 3459586/5000000 | Win rate (rollout): 0.50 | Loss: 0.212 | Opp label coverage: 0.87
Step 3460098/5000000 | Win rate (rollout): 0.62 | Loss: 0.233 | Opp label coverage: 0.84
Step 3460610/5000000 | Win rate (rollout): 0.50 | Loss: 0.152 | Opp label coverage: 0.85
Step 3461127/5000000 | Win rate (rollout): 0.45 | Loss: 0.171 | Opp label coverage: 0.89
Step 3461639/5000000 | Win rate (rollout): 0.54 | Loss: 0.200 | Opp label coverage: 0.83
Step 3462151/5000000 | Win rate (rollout): 0.60 | Loss: 0.216 | Opp label coverage: 0.82
Step 3462663/5000000 | Win rate (rollout): 0.47 | Loss: 0.222 | Opp label coverage: 0.82
Step 3463175/5000000 | Win rate (rollout): 1.00 | Loss: 0.181 | Opp label coverage: 0.78
Step 3463690/5000000 | Win rate (rollout): 0.44 | Loss: 0.168 | Opp label coverage: 0.90
Step 3464202/5000000 | Win rate (rollout): 0.47 | Loss: 0.207 | Opp label coverage: 0.89
Step 3464714/5000000 | Win rate (rollout): 0.56 | Loss: 0.182 | Opp label coverage: 0.81
Step 3465226/5000000 | Win rate (rollout): 0.36 | Loss: 0.185 | Opp label coverage: 0.81
Step 3465742/5000000 | Win rate (rollout): 0.50 | Loss: 0.200 | Opp label coverage: 0.88
Step 3466260/5000000 | Win rate (rollout): 0.46 | Loss: 0.195 | Opp label coverage: 0.89
Step 3466772/5000000 | Win rate (rollout): 0.50 | Loss: 0.185 | Opp label coverage: 0.86
Step 3467291/5000000 | Win rate (rollout): 0.75 | Loss: 0.211 | Opp label coverage: 0.90
Step 3467803/5000000 | Win rate (rollout): 0.50 | Loss: 0.178 | Opp label coverage: 0.81
Step 3468315/5000000 | Win rate (rollout): 0.75 | Loss: 0.210 | Opp label coverage: 0.79
Step 3468834/5000000 | Win rate (rollout): 0.58 | Loss: 0.206 | Opp label coverage: 0.88
Step 3469346/5000000 | Win rate (rollout): 0.56 | Loss: 0.182 | Opp label coverage: 0.81
Step 3469860/5000000 | Win rate (rollout): 0.44 | Loss: 0.186 | Opp label coverage: 0.89
Step 3470372/5000000 | Win rate (rollout): 0.69 | Loss: 0.199 | Opp label coverage: 0.81
Step 3470888/5000000 | Win rate (rollout): 0.50 | Loss: 0.213 | Opp label coverage: 0.90
Step 3471402/5000000 | Win rate (rollout): 0.75 | Loss: 0.143 | Opp label coverage: 0.90
Step 3471914/5000000 | Win rate (rollout): 0.56 | Loss: 0.185 | Opp label coverage: 0.81
Step 3472426/5000000 | Win rate (rollout): 0.60 | Loss: 0.216 | Opp label coverage: 0.89
Step 3472938/5000000 | Win rate (rollout): 0.50 | Loss: 0.185 | Opp label coverage: 0.83
Step 3473453/5000000 | Win rate (rollout): 0.33 | Loss: 0.134 | Opp label coverage: 0.89
Step 3473965/5000000 | Win rate (rollout): 0.50 | Loss: 0.198 | Opp label coverage: 0.84
Step 3474477/5000000 | Win rate (rollout): 0.53 | Loss: 0.186 | Opp label coverage: 0.83
Step 3474993/5000000 | Win rate (rollout): 0.67 | Loss: 0.222 | Opp label coverage: 0.90
Step 3475507/5000000 | Win rate (rollout): 0.62 | Loss: 0.200 | Opp label coverage: 0.89
Step 3476019/5000000 | Win rate (rollout): 0.56 | Loss: 0.169 | Opp label coverage: 0.83
Step 3476531/5000000 | Win rate (rollout): 0.87 | Loss: 0.180 | Opp label coverage: 0.80
Step 3477043/5000000 | Win rate (rollout): 0.79 | Loss: 0.202 | Opp label coverage: 0.81
Step 3477555/5000000 | Win rate (rollout): 0.59 | Loss: 0.201 | Opp label coverage: 0.82
Step 3478067/5000000 | Win rate (rollout): 0.57 | Loss: 0.178 | Opp label coverage: 0.82
Step 3478579/5000000 | Win rate (rollout): 0.50 | Loss: 0.187 | Opp label coverage: 0.85
Step 3479092/5000000 | Win rate (rollout): 0.60 | Loss: 0.127 | Opp label coverage: 0.90
Step 3479604/5000000 | Win rate (rollout): 0.54 | Loss: 0.191 | Opp label coverage: 0.80
Step 3480116/5000000 | Win rate (rollout): 0.50 | Loss: 0.233 | Opp label coverage: 0.90
Step 3480630/5000000 | Win rate (rollout): 0.50 | Loss: 0.246 | Opp label coverage: 0.89
Step 3481142/5000000 | Win rate (rollout): 0.40 | Loss: 0.185 | Opp label coverage: 0.85
Step 3481658/5000000 | Win rate (rollout): 0.50 | Loss: 0.238 | Opp label coverage: 0.89
Step 3482170/5000000 | Win rate (rollout): 0.58 | Loss: 0.203 | Opp label coverage: 0.79
Step 3482682/5000000 | Win rate (rollout): 0.44 | Loss: 0.211 | Opp label coverage: 0.78
Step 3483198/5000000 | Win rate (rollout): 0.67 | Loss: 0.210 | Opp label coverage: 0.90
Step 3483710/5000000 | Win rate (rollout): 0.44 | Loss: 0.191 | Opp label coverage: 0.90
Step 3484222/5000000 | Win rate (rollout): 0.40 | Loss: 0.212 | Opp label coverage: 0.83
Step 3484734/5000000 | Win rate (rollout): 0.44 | Loss: 0.206 | Opp label coverage: 0.89
Step 3485246/5000000 | Win rate (rollout): 0.89 | Loss: 0.176 | Opp label coverage: 0.84
Step 3485758/5000000 | Win rate (rollout): 0.43 | Loss: 0.206 | Opp label coverage: 0.81
Step 3486270/5000000 | Win rate (rollout): 0.78 | Loss: 0.188 | Opp label coverage: 0.83
Step 3486782/5000000 | Win rate (rollout): 0.58 | Loss: 0.209 | Opp label coverage: 0.83
Step 3487294/5000000 | Win rate (rollout): 0.43 | Loss: 0.211 | Opp label coverage: 0.85
Step 3487806/5000000 | Win rate (rollout): 0.89 | Loss: 0.196 | Opp label coverage: 0.85
Step 3488318/5000000 | Win rate (rollout): 0.58 | Loss: 0.200 | Opp label coverage: 0.79
Step 3488836/5000000 | Win rate (rollout): 0.17 | Loss: 0.172 | Opp label coverage: 0.87
Step 3489348/5000000 | Win rate (rollout): 0.62 | Loss: 0.199 | Opp label coverage: 0.85
Step 3489860/5000000 | Win rate (rollout): 0.43 | Loss: 0.197 | Opp label coverage: 0.83
Step 3490373/5000000 | Win rate (rollout): 0.40 | Loss: 0.194 | Opp label coverage: 0.89
Step 3490885/5000000 | Win rate (rollout): 0.90 | Loss: 0.203 | Opp label coverage: 0.82
Step 3491399/5000000 | Win rate (rollout): 0.60 | Loss: 0.125 | Opp label coverage: 0.88
Step 3491917/5000000 | Win rate (rollout): 0.62 | Loss: 0.211 | Opp label coverage: 0.90
Step 3492432/5000000 | Win rate (rollout): 0.46 | Loss: 0.151 | Opp label coverage: 0.91
Step 3492944/5000000 | Win rate (rollout): 0.92 | Loss: 0.159 | Opp label coverage: 0.85
Step 3493463/5000000 | Win rate (rollout): 0.73 | Loss: 0.193 | Opp label coverage: 0.87
Step 3493975/5000000 | Win rate (rollout): 0.64 | Loss: 0.192 | Opp label coverage: 0.84
Step 3494487/5000000 | Win rate (rollout): 0.50 | Loss: 0.210 | Opp label coverage: 0.76
Step 3494999/5000000 | Win rate (rollout): 0.55 | Loss: 0.196 | Opp label coverage: 0.89
Step 3495511/5000000 | Win rate (rollout): 0.64 | Loss: 0.190 | Opp label coverage: 0.84
Step 3496023/5000000 | Win rate (rollout): 0.78 | Loss: 0.184 | Opp label coverage: 0.88
Step 3496535/5000000 | Win rate (rollout): 0.36 | Loss: 0.229 | Opp label coverage: 0.81
Step 3497049/5000000 | Win rate (rollout): 0.55 | Loss: 0.207 | Opp label coverage: 0.90
Step 3497561/5000000 | Win rate (rollout): 0.57 | Loss: 0.235 | Opp label coverage: 0.88
Step 3498076/5000000 | Win rate (rollout): 0.43 | Loss: 0.175 | Opp label coverage: 0.90
Step 3498592/5000000 | Win rate (rollout): 0.31 | Loss: 0.208 | Opp label coverage: 0.90
Step 3499107/5000000 | Win rate (rollout): 0.42 | Loss: 0.242 | Opp label coverage: 0.89
Step 3499625/5000000 | Win rate (rollout): 0.29 | Loss: 0.173 | Opp label coverage: 0.88
[checkpoint] Saved models/ppo/checkpoints/m9p2c/ppo_step_3500051.pt
Step 3500142/5000000 | Win rate (rollout): 0.77 | Loss: 0.201 | Opp label coverage: 0.90
Step 3500654/5000000 | Win rate (rollout): 0.75 | Loss: 0.205 | Opp label coverage: 0.82
Step 3501166/5000000 | Win rate (rollout): 0.47 | Loss: 0.193 | Opp label coverage: 0.81
Step 3501685/5000000 | Win rate (rollout): 0.44 | Loss: 0.226 | Opp label coverage: 0.88
Step 3502197/5000000 | Win rate (rollout): 0.36 | Loss: 0.216 | Opp label coverage: 0.89
Step 3502709/5000000 | Win rate (rollout): 0.33 | Loss: 0.203 | Opp label coverage: 0.83
Step 3503227/5000000 | Win rate (rollout): 0.70 | Loss: 0.255 | Opp label coverage: 0.88
Step 3503742/5000000 | Win rate (rollout): 0.38 | Loss: 0.173 | Opp label coverage: 0.88
Step 3504260/5000000 | Win rate (rollout): 0.55 | Loss: 0.179 | Opp label coverage: 0.91
Step 3504774/5000000 | Win rate (rollout): 0.58 | Loss: 0.220 | Opp label coverage: 0.88
Step 3505286/5000000 | Win rate (rollout): 0.64 | Loss: 0.179 | Opp label coverage: 0.84
Step 3505802/5000000 | Win rate (rollout): 0.40 | Loss: 0.290 | Opp label coverage: 0.88
Step 3506320/5000000 | Win rate (rollout): 0.36 | Loss: 0.207 | Opp label coverage: 0.89
Step 3506832/5000000 | Win rate (rollout): 0.40 | Loss: 0.193 | Opp label coverage: 0.81
Step 3507344/5000000 | Win rate (rollout): 0.58 | Loss: 0.181 | Opp label coverage: 0.83
Step 3507856/5000000 | Win rate (rollout): 0.69 | Loss: 0.210 | Opp label coverage: 0.81
Step 3508370/5000000 | Win rate (rollout): 0.55 | Loss: 0.186 | Opp label coverage: 0.90
Step 3508888/5000000 | Win rate (rollout): 0.46 | Loss: 0.268 | Opp label coverage: 0.89
Step 3509400/5000000 | Win rate (rollout): 0.54 | Loss: 0.214 | Opp label coverage: 0.90
Step 3509912/5000000 | Win rate (rollout): 0.89 | Loss: 0.205 | Opp label coverage: 0.81
Step 3510425/5000000 | Win rate (rollout): 0.42 | Loss: 0.216 | Opp label coverage: 0.89
Step 3510937/5000000 | Win rate (rollout): 0.75 | Loss: 0.173 | Opp label coverage: 0.78
Step 3511449/5000000 | Win rate (rollout): 0.45 | Loss: 0.198 | Opp label coverage: 0.81
Step 3511961/5000000 | Win rate (rollout): 0.78 | Loss: 0.165 | Opp label coverage: 0.91
Step 3512476/5000000 | Win rate (rollout): 0.64 | Loss: 0.218 | Opp label coverage: 0.90
Step 3512988/5000000 | Win rate (rollout): 0.75 | Loss: 0.192 | Opp label coverage: 0.82
Step 3513503/5000000 | Win rate (rollout): 0.77 | Loss: 0.159 | Opp label coverage: 0.89
Step 3514015/5000000 | Win rate (rollout): 0.60 | Loss: 0.188 | Opp label coverage: 0.83
Step 3514527/5000000 | Win rate (rollout): 0.53 | Loss: 0.221 | Opp label coverage: 0.83
Step 3515045/5000000 | Win rate (rollout): 0.45 | Loss: 0.165 | Opp label coverage: 0.89
Step 3515563/5000000 | Win rate (rollout): 0.38 | Loss: 0.203 | Opp label coverage: 0.88
Step 3516081/5000000 | Win rate (rollout): 0.31 | Loss: 0.193 | Opp label coverage: 0.88
Step 3516599/5000000 | Win rate (rollout): 0.50 | Loss: 0.185 | Opp label coverage: 0.87
Step 3517111/5000000 | Win rate (rollout): 0.40 | Loss: 0.170 | Opp label coverage: 0.82
Step 3517623/5000000 | Win rate (rollout): 0.78 | Loss: 0.179 | Opp label coverage: 0.85
Step 3518137/5000000 | Win rate (rollout): 0.29 | Loss: 0.257 | Opp label coverage: 0.91
Step 3518649/5000000 | Win rate (rollout): 0.42 | Loss: 0.218 | Opp label coverage: 0.79
Step 3519163/5000000 | Win rate (rollout): 0.29 | Loss: 0.173 | Opp label coverage: 0.90
Step 3519675/5000000 | Win rate (rollout): 0.45 | Loss: 0.199 | Opp label coverage: 0.84
Step 3520194/5000000 | Win rate (rollout): 0.29 | Loss: 0.182 | Opp label coverage: 0.90
Step 3520706/5000000 | Win rate (rollout): 0.50 | Loss: 0.174 | Opp label coverage: 0.85
Step 3521219/5000000 | Win rate (rollout): 0.60 | Loss: 0.224 | Opp label coverage: 0.90
Step 3521735/5000000 | Win rate (rollout): 0.79 | Loss: 0.201 | Opp label coverage: 0.90
Step 3522249/5000000 | Win rate (rollout): 0.47 | Loss: 0.117 | Opp label coverage: 0.89
Step 3522765/5000000 | Win rate (rollout): 0.33 | Loss: 0.209 | Opp label coverage: 0.88
Step 3523277/5000000 | Win rate (rollout): 0.57 | Loss: 0.164 | Opp label coverage: 0.84
Step 3523789/5000000 | Win rate (rollout): 0.45 | Loss: 0.168 | Opp label coverage: 0.83
Step 3524301/5000000 | Win rate (rollout): 0.56 | Loss: 0.189 | Opp label coverage: 0.81
Step 3524817/5000000 | Win rate (rollout): 0.17 | Loss: 0.198 | Opp label coverage: 0.88
Step 3525330/5000000 | Win rate (rollout): 0.60 | Loss: 0.236 | Opp label coverage: 0.91
Step 3525842/5000000 | Win rate (rollout): 0.42 | Loss: 0.192 | Opp label coverage: 0.78
Step 3526354/5000000 | Win rate (rollout): 0.73 | Loss: 0.181 | Opp label coverage: 0.83
Step 3526866/5000000 | Win rate (rollout): 0.83 | Loss: 0.170 | Opp label coverage: 0.76
Step 3527378/5000000 | Win rate (rollout): 0.73 | Loss: 0.199 | Opp label coverage: 0.82
Step 3527890/5000000 | Win rate (rollout): 0.60 | Loss: 0.215 | Opp label coverage: 0.84
Step 3528407/5000000 | Win rate (rollout): 0.91 | Loss: 0.225 | Opp label coverage: 0.89
Step 3528920/5000000 | Win rate (rollout): 0.50 | Loss: 0.136 | Opp label coverage: 0.89
Step 3529439/5000000 | Win rate (rollout): 0.33 | Loss: 0.290 | Opp label coverage: 0.89
Step 3529951/5000000 | Win rate (rollout): 0.58 | Loss: 0.202 | Opp label coverage: 0.77
Step 3530465/5000000 | Win rate (rollout): 0.60 | Loss: 0.189 | Opp label coverage: 0.90
Step 3530977/5000000 | Win rate (rollout): 0.56 | Loss: 0.167 | Opp label coverage: 0.86
Step 3531491/5000000 | Win rate (rollout): 0.42 | Loss: 0.311 | Opp label coverage: 0.88
Step 3532003/5000000 | Win rate (rollout): 0.60 | Loss: 0.197 | Opp label coverage: 0.83
Step 3532521/5000000 | Win rate (rollout): 0.22 | Loss: 0.201 | Opp label coverage: 0.88
Step 3533038/5000000 | Win rate (rollout): 0.46 | Loss: 0.211 | Opp label coverage: 0.89
Step 3533550/5000000 | Win rate (rollout): 0.23 | Loss: 0.203 | Opp label coverage: 0.83
Step 3534062/5000000 | Win rate (rollout): 0.22 | Loss: 0.182 | Opp label coverage: 0.91
Step 3534574/5000000 | Win rate (rollout): 0.67 | Loss: 0.203 | Opp label coverage: 0.82
Step 3535088/5000000 | Win rate (rollout): 0.30 | Loss: 0.209 | Opp label coverage: 0.90
Step 3535607/5000000 | Win rate (rollout): 0.33 | Loss: 0.177 | Opp label coverage: 0.88
Step 3536119/5000000 | Win rate (rollout): 0.45 | Loss: 0.170 | Opp label coverage: 0.84
Step 3536631/5000000 | Win rate (rollout): 0.44 | Loss: 0.183 | Opp label coverage: 0.81
Step 3537143/5000000 | Win rate (rollout): 0.67 | Loss: 0.203 | Opp label coverage: 0.87
Step 3537661/5000000 | Win rate (rollout): 0.55 | Loss: 0.226 | Opp label coverage: 0.89
Step 3538178/5000000 | Win rate (rollout): 0.73 | Loss: 0.236 | Opp label coverage: 0.90
Step 3538696/5000000 | Win rate (rollout): 0.58 | Loss: 0.170 | Opp label coverage: 0.92
Step 3539208/5000000 | Win rate (rollout): 0.33 | Loss: 0.189 | Opp label coverage: 0.83
Step 3539722/5000000 | Win rate (rollout): 0.64 | Loss: 0.257 | Opp label coverage: 0.88
Step 3540240/5000000 | Win rate (rollout): 0.71 | Loss: 0.225 | Opp label coverage: 0.92
Step 3540752/5000000 | Win rate (rollout): 0.79 | Loss: 0.178 | Opp label coverage: 0.83
Step 3541268/5000000 | Win rate (rollout): 0.56 | Loss: 0.218 | Opp label coverage: 0.90
Step 3541783/5000000 | Win rate (rollout): 0.60 | Loss: 0.264 | Opp label coverage: 0.90
Step 3542295/5000000 | Win rate (rollout): 0.56 | Loss: 0.188 | Opp label coverage: 0.84
Step 3542807/5000000 | Win rate (rollout): 0.71 | Loss: 0.199 | Opp label coverage: 0.86
Step 3543323/5000000 | Win rate (rollout): 0.50 | Loss: 0.242 | Opp label coverage: 0.89
Step 3543835/5000000 | Win rate (rollout): 0.43 | Loss: 0.202 | Opp label coverage: 0.83
Step 3544354/5000000 | Win rate (rollout): 0.67 | Loss: 0.166 | Opp label coverage: 0.90
Step 3544866/5000000 | Win rate (rollout): 0.42 | Loss: 0.207 | Opp label coverage: 0.80
Step 3545378/5000000 | Win rate (rollout): 0.82 | Loss: 0.189 | Opp label coverage: 0.81
Step 3545890/5000000 | Win rate (rollout): 0.79 | Loss: 0.178 | Opp label coverage: 0.85
Step 3546402/5000000 | Win rate (rollout): 0.54 | Loss: 0.183 | Opp label coverage: 0.84
Step 3546914/5000000 | Win rate (rollout): 0.57 | Loss: 0.197 | Opp label coverage: 0.81
Step 3547426/5000000 | Win rate (rollout): 0.64 | Loss: 0.217 | Opp label coverage: 0.86
Step 3547938/5000000 | Win rate (rollout): 0.33 | Loss: 0.204 | Opp label coverage: 0.80
Step 3548457/5000000 | Win rate (rollout): 0.40 | Loss: 0.199 | Opp label coverage: 0.89
Step 3548969/5000000 | Win rate (rollout): 0.58 | Loss: 0.209 | Opp label coverage: 0.82
Step 3549483/5000000 | Win rate (rollout): 0.54 | Loss: 0.219 | Opp label coverage: 0.87
Step 3550001/5000000 | Win rate (rollout): 0.43 | Loss: 0.245 | Opp label coverage: 0.89
Step 3550518/5000000 | Win rate (rollout): 0.46 | Loss: 0.204 | Opp label coverage: 0.88
Step 3551030/5000000 | Win rate (rollout): 0.47 | Loss: 0.214 | Opp label coverage: 0.80
Step 3551547/5000000 | Win rate (rollout): 0.56 | Loss: 0.150 | Opp label coverage: 0.88
Step 3552059/5000000 | Win rate (rollout): 0.44 | Loss: 0.209 | Opp label coverage: 0.90
Step 3552574/5000000 | Win rate (rollout): 0.36 | Loss: 0.249 | Opp label coverage: 0.87
Step 3553089/5000000 | Win rate (rollout): 0.46 | Loss: 0.215 | Opp label coverage: 0.88
Step 3553606/5000000 | Win rate (rollout): 0.69 | Loss: 0.188 | Opp label coverage: 0.89
Step 3554121/5000000 | Win rate (rollout): 0.60 | Loss: 0.165 | Opp label coverage: 0.88
Step 3554633/5000000 | Win rate (rollout): 0.62 | Loss: 0.176 | Opp label coverage: 0.82
Step 3555149/5000000 | Win rate (rollout): 0.56 | Loss: 0.213 | Opp label coverage: 0.91
Step 3555661/5000000 | Win rate (rollout): 0.50 | Loss: 0.197 | Opp label coverage: 0.83
Step 3556176/5000000 | Win rate (rollout): 0.62 | Loss: 0.220 | Opp label coverage: 0.90
Step 3556693/5000000 | Win rate (rollout): 0.40 | Loss: 0.213 | Opp label coverage: 0.90
Step 3557205/5000000 | Win rate (rollout): 0.62 | Loss: 0.182 | Opp label coverage: 0.77
Step 3557717/5000000 | Win rate (rollout): 0.80 | Loss: 0.202 | Opp label coverage: 0.79
Step 3558233/5000000 | Win rate (rollout): 0.50 | Loss: 0.210 | Opp label coverage: 0.88
Step 3558749/5000000 | Win rate (rollout): 0.81 | Loss: 0.163 | Opp label coverage: 0.88
Step 3559268/5000000 | Win rate (rollout): 0.53 | Loss: 0.217 | Opp label coverage: 0.89
Step 3559787/5000000 | Win rate (rollout): 0.40 | Loss: 0.228 | Opp label coverage: 0.88
Step 3560303/5000000 | Win rate (rollout): 0.79 | Loss: 0.221 | Opp label coverage: 0.90
Step 3560821/5000000 | Win rate (rollout): 0.62 | Loss: 0.234 | Opp label coverage: 0.90
Step 3561337/5000000 | Win rate (rollout): 0.60 | Loss: 0.225 | Opp label coverage: 0.90
Step 3561849/5000000 | Win rate (rollout): 0.33 | Loss: 0.183 | Opp label coverage: 0.85
Step 3562361/5000000 | Win rate (rollout): 0.45 | Loss: 0.174 | Opp label coverage: 0.85
Step 3562874/5000000 | Win rate (rollout): 0.50 | Loss: 0.172 | Opp label coverage: 0.91
Step 3563386/5000000 | Win rate (rollout): 0.33 | Loss: 0.168 | Opp label coverage: 0.81
Step 3563899/5000000 | Win rate (rollout): 0.56 | Loss: 0.152 | Opp label coverage: 0.90
Step 3564411/5000000 | Win rate (rollout): 0.69 | Loss: 0.183 | Opp label coverage: 0.91
Step 3564928/5000000 | Win rate (rollout): 0.54 | Loss: 0.223 | Opp label coverage: 0.91
Step 3565440/5000000 | Win rate (rollout): 0.62 | Loss: 0.175 | Opp label coverage: 0.83
Step 3565952/5000000 | Win rate (rollout): 0.33 | Loss: 0.194 | Opp label coverage: 0.80
Step 3566464/5000000 | Win rate (rollout): 0.45 | Loss: 0.196 | Opp label coverage: 0.88
Step 3566976/5000000 | Win rate (rollout): 0.44 | Loss: 0.197 | Opp label coverage: 0.85
Step 3567491/5000000 | Win rate (rollout): 0.69 | Loss: 0.266 | Opp label coverage: 0.90
Step 3568003/5000000 | Win rate (rollout): 0.43 | Loss: 0.209 | Opp label coverage: 0.80
Step 3568518/5000000 | Win rate (rollout): 0.55 | Loss: 0.287 | Opp label coverage: 0.88
Step 3569030/5000000 | Win rate (rollout): 0.73 | Loss: 0.191 | Opp label coverage: 0.84
Step 3569546/5000000 | Win rate (rollout): 0.45 | Loss: 0.227 | Opp label coverage: 0.88
Step 3570062/5000000 | Win rate (rollout): 0.50 | Loss: 0.183 | Opp label coverage: 0.88
Step 3570574/5000000 | Win rate (rollout): 0.75 | Loss: 0.199 | Opp label coverage: 0.81
Step 3571089/5000000 | Win rate (rollout): 0.33 | Loss: 0.201 | Opp label coverage: 0.89
Step 3571601/5000000 | Win rate (rollout): 0.80 | Loss: 0.190 | Opp label coverage: 0.85
Step 3572116/5000000 | Win rate (rollout): 0.40 | Loss: 0.252 | Opp label coverage: 0.87
Step 3572632/5000000 | Win rate (rollout): 0.67 | Loss: 0.227 | Opp label coverage: 0.90
Step 3573144/5000000 | Win rate (rollout): 0.50 | Loss: 0.202 | Opp label coverage: 0.87
Step 3573656/5000000 | Win rate (rollout): 0.57 | Loss: 0.211 | Opp label coverage: 0.81
Step 3574170/5000000 | Win rate (rollout): 0.91 | Loss: 0.198 | Opp label coverage: 0.90
Step 3574682/5000000 | Win rate (rollout): 0.60 | Loss: 0.181 | Opp label coverage: 0.81
Step 3575198/5000000 | Win rate (rollout): 0.57 | Loss: 0.251 | Opp label coverage: 0.91
Step 3575713/5000000 | Win rate (rollout): 0.41 | Loss: 0.277 | Opp label coverage: 0.89
Step 3576229/5000000 | Win rate (rollout): 0.58 | Loss: 0.201 | Opp label coverage: 0.90
Step 3576746/5000000 | Win rate (rollout): 0.77 | Loss: 0.143 | Opp label coverage: 0.91
Step 3577262/5000000 | Win rate (rollout): 0.69 | Loss: 0.235 | Opp label coverage: 0.90
Step 3577774/5000000 | Win rate (rollout): 0.73 | Loss: 0.204 | Opp label coverage: 0.83
Step 3578286/5000000 | Win rate (rollout): 0.50 | Loss: 0.196 | Opp label coverage: 0.85
Step 3578798/5000000 | Win rate (rollout): 0.80 | Loss: 0.210 | Opp label coverage: 0.90
Step 3579315/5000000 | Win rate (rollout): 0.62 | Loss: 0.191 | Opp label coverage: 0.89
Step 3579829/5000000 | Win rate (rollout): 0.58 | Loss: 0.262 | Opp label coverage: 0.90
Step 3580341/5000000 | Win rate (rollout): 0.38 | Loss: 0.189 | Opp label coverage: 0.83
Step 3580853/5000000 | Win rate (rollout): 0.56 | Loss: 0.179 | Opp label coverage: 0.90
Step 3581370/5000000 | Win rate (rollout): 0.57 | Loss: 0.248 | Opp label coverage: 0.90
Step 3581882/5000000 | Win rate (rollout): 0.75 | Loss: 0.184 | Opp label coverage: 0.84
Step 3582394/5000000 | Win rate (rollout): 0.42 | Loss: 0.195 | Opp label coverage: 0.85
Step 3582911/5000000 | Win rate (rollout): 0.22 | Loss: 0.191 | Opp label coverage: 0.88
Step 3583429/5000000 | Win rate (rollout): 0.24 | Loss: 0.162 | Opp label coverage: 0.88
Step 3583947/5000000 | Win rate (rollout): 0.67 | Loss: 0.239 | Opp label coverage: 0.89
Step 3584459/5000000 | Win rate (rollout): 0.38 | Loss: 0.190 | Opp label coverage: 0.83
Step 3584971/5000000 | Win rate (rollout): 0.56 | Loss: 0.169 | Opp label coverage: 0.85
Step 3585483/5000000 | Win rate (rollout): 0.50 | Loss: 0.185 | Opp label coverage: 0.81
Step 3585998/5000000 | Win rate (rollout): 0.27 | Loss: 0.144 | Opp label coverage: 0.88
Step 3586510/5000000 | Win rate (rollout): 1.00 | Loss: 0.173 | Opp label coverage: 0.88
Step 3587027/5000000 | Win rate (rollout): 0.67 | Loss: 0.185 | Opp label coverage: 0.90
Step 3587544/5000000 | Win rate (rollout): 0.62 | Loss: 0.252 | Opp label coverage: 0.91
Step 3588056/5000000 | Win rate (rollout): 0.75 | Loss: 0.208 | Opp label coverage: 0.81
Step 3588572/5000000 | Win rate (rollout): 0.60 | Loss: 0.247 | Opp label coverage: 0.87
Step 3589084/5000000 | Win rate (rollout): 0.27 | Loss: 0.187 | Opp label coverage: 0.84
Step 3589596/5000000 | Win rate (rollout): 0.42 | Loss: 0.215 | Opp label coverage: 0.83
Step 3590113/5000000 | Win rate (rollout): 0.50 | Loss: 0.197 | Opp label coverage: 0.88
Step 3590625/5000000 | Win rate (rollout): 0.54 | Loss: 0.188 | Opp label coverage: 0.84
Step 3591137/5000000 | Win rate (rollout): 0.50 | Loss: 0.163 | Opp label coverage: 0.88
Step 3591652/5000000 | Win rate (rollout): 0.70 | Loss: 0.243 | Opp label coverage: 0.89
Step 3592164/5000000 | Win rate (rollout): 0.89 | Loss: 0.182 | Opp label coverage: 0.85
Step 3592680/5000000 | Win rate (rollout): 0.33 | Loss: 0.201 | Opp label coverage: 0.89
Step 3593192/5000000 | Win rate (rollout): 0.71 | Loss: 0.185 | Opp label coverage: 0.82
Step 3593708/5000000 | Win rate (rollout): 0.18 | Loss: 0.197 | Opp label coverage: 0.89
Step 3594220/5000000 | Win rate (rollout): 0.67 | Loss: 0.210 | Opp label coverage: 0.79
Step 3594732/5000000 | Win rate (rollout): 0.21 | Loss: 0.191 | Opp label coverage: 0.82
Step 3595244/5000000 | Win rate (rollout): 0.36 | Loss: 0.195 | Opp label coverage: 0.88
Step 3595756/5000000 | Win rate (rollout): 0.46 | Loss: 0.221 | Opp label coverage: 0.84
Step 3596268/5000000 | Win rate (rollout): 0.38 | Loss: 0.165 | Opp label coverage: 0.81
Step 3596780/5000000 | Win rate (rollout): 0.42 | Loss: 0.198 | Opp label coverage: 0.88
Step 3597295/5000000 | Win rate (rollout): 0.50 | Loss: 0.216 | Opp label coverage: 0.89
Step 3597807/5000000 | Win rate (rollout): 0.50 | Loss: 0.178 | Opp label coverage: 0.81
Step 3598325/5000000 | Win rate (rollout): 0.82 | Loss: 0.214 | Opp label coverage: 0.90
Step 3598841/5000000 | Win rate (rollout): 0.71 | Loss: 0.264 | Opp label coverage: 0.89
Step 3599353/5000000 | Win rate (rollout): 0.42 | Loss: 0.176 | Opp label coverage: 0.78
Step 3599865/5000000 | Win rate (rollout): 0.67 | Loss: 0.183 | Opp label coverage: 0.82
Step 3600381/5000000 | Win rate (rollout): 0.55 | Loss: 0.229 | Opp label coverage: 0.90
Step 3600893/5000000 | Win rate (rollout): 0.15 | Loss: 0.204 | Opp label coverage: 0.80
Step 3601412/5000000 | Win rate (rollout): 0.50 | Loss: 0.195 | Opp label coverage: 0.91
Step 3601924/5000000 | Win rate (rollout): 0.64 | Loss: 0.200 | Opp label coverage: 0.83
Step 3602437/5000000 | Win rate (rollout): 0.83 | Loss: 0.121 | Opp label coverage: 0.91
Step 3602952/5000000 | Win rate (rollout): 0.59 | Loss: 0.316 | Opp label coverage: 0.89
Step 3603471/5000000 | Win rate (rollout): 0.82 | Loss: 0.222 | Opp label coverage: 0.92
Step 3603987/5000000 | Win rate (rollout): 0.50 | Loss: 0.201 | Opp label coverage: 0.88
Step 3604499/5000000 | Win rate (rollout): 0.73 | Loss: 0.169 | Opp label coverage: 0.83
Step 3605013/5000000 | Win rate (rollout): 0.50 | Loss: 0.253 | Opp label coverage: 0.91
Step 3605525/5000000 | Win rate (rollout): 0.55 | Loss: 0.182 | Opp label coverage: 0.80
Step 3606037/5000000 | Win rate (rollout): 0.57 | Loss: 0.167 | Opp label coverage: 0.78
Step 3606549/5000000 | Win rate (rollout): 0.20 | Loss: 0.256 | Opp label coverage: 0.87
Step 3607066/5000000 | Win rate (rollout): 0.62 | Loss: 0.190 | Opp label coverage: 0.89
Step 3607578/5000000 | Win rate (rollout): 0.46 | Loss: 0.170 | Opp label coverage: 0.79
Step 3608090/5000000 | Win rate (rollout): 0.36 | Loss: 0.189 | Opp label coverage: 0.82
Step 3608607/5000000 | Win rate (rollout): 0.33 | Loss: 0.230 | Opp label coverage: 0.88
Step 3609123/5000000 | Win rate (rollout): 0.47 | Loss: 0.204 | Opp label coverage: 0.87
Step 3609639/5000000 | Win rate (rollout): 0.46 | Loss: 0.240 | Opp label coverage: 0.91
Step 3610154/5000000 | Win rate (rollout): 0.53 | Loss: 0.151 | Opp label coverage: 0.89
Step 3610666/5000000 | Win rate (rollout): 0.27 | Loss: 0.202 | Opp label coverage: 0.82
Step 3611178/5000000 | Win rate (rollout): 0.50 | Loss: 0.193 | Opp label coverage: 0.80
Step 3611690/5000000 | Win rate (rollout): 0.59 | Loss: 0.215 | Opp label coverage: 0.84
Step 3612203/5000000 | Win rate (rollout): 0.64 | Loss: 0.188 | Opp label coverage: 0.90
Step 3612717/5000000 | Win rate (rollout): 0.54 | Loss: 0.254 | Opp label coverage: 0.89
Step 3613229/5000000 | Win rate (rollout): 0.38 | Loss: 0.181 | Opp label coverage: 0.79
Step 3613743/5000000 | Win rate (rollout): 0.40 | Loss: 0.200 | Opp label coverage: 0.88
Step 3614255/5000000 | Win rate (rollout): 0.46 | Loss: 0.186 | Opp label coverage: 0.80
Step 3614771/5000000 | Win rate (rollout): 0.55 | Loss: 0.198 | Opp label coverage: 0.88
Step 3615284/5000000 | Win rate (rollout): 0.50 | Loss: 0.197 | Opp label coverage: 0.88
Step 3615800/5000000 | Win rate (rollout): 0.29 | Loss: 0.215 | Opp label coverage: 0.90
Step 3616312/5000000 | Win rate (rollout): 0.47 | Loss: 0.206 | Opp label coverage: 0.90
Step 3616825/5000000 | Win rate (rollout): 0.62 | Loss: 0.216 | Opp label coverage: 0.89
Step 3617343/5000000 | Win rate (rollout): 0.43 | Loss: 0.169 | Opp label coverage: 0.91
Step 3617855/5000000 | Win rate (rollout): 0.50 | Loss: 0.201 | Opp label coverage: 0.80
Step 3618367/5000000 | Win rate (rollout): 0.47 | Loss: 0.220 | Opp label coverage: 0.80
Step 3618886/5000000 | Win rate (rollout): 0.73 | Loss: 0.190 | Opp label coverage: 0.91
Step 3619398/5000000 | Win rate (rollout): 0.64 | Loss: 0.197 | Opp label coverage: 0.86
Step 3619910/5000000 | Win rate (rollout): 0.44 | Loss: 0.235 | Opp label coverage: 0.83
Step 3620423/5000000 | Win rate (rollout): 0.80 | Loss: 0.271 | Opp label coverage: 0.90
Step 3620935/5000000 | Win rate (rollout): 0.23 | Loss: 0.203 | Opp label coverage: 0.80
Step 3621451/5000000 | Win rate (rollout): 0.75 | Loss: 0.197 | Opp label coverage: 0.90
Step 3621963/5000000 | Win rate (rollout): 0.56 | Loss: 0.210 | Opp label coverage: 0.86
Step 3622476/5000000 | Win rate (rollout): 0.60 | Loss: 0.266 | Opp label coverage: 0.91
Step 3622988/5000000 | Win rate (rollout): 0.77 | Loss: 0.177 | Opp label coverage: 0.89
Step 3623507/5000000 | Win rate (rollout): 0.41 | Loss: 0.204 | Opp label coverage: 0.89
Step 3624019/5000000 | Win rate (rollout): 0.62 | Loss: 0.198 | Opp label coverage: 0.90
Step 3624531/5000000 | Win rate (rollout): 0.44 | Loss: 0.169 | Opp label coverage: 0.80
Step 3625043/5000000 | Win rate (rollout): 0.25 | Loss: 0.201 | Opp label coverage: 0.81
Step 3625555/5000000 | Win rate (rollout): 0.50 | Loss: 0.204 | Opp label coverage: 0.81
Step 3626067/5000000 | Win rate (rollout): 0.58 | Loss: 0.208 | Opp label coverage: 0.83
Step 3626579/5000000 | Win rate (rollout): 0.38 | Loss: 0.199 | Opp label coverage: 0.90
Step 3627093/5000000 | Win rate (rollout): 0.60 | Loss: 0.216 | Opp label coverage: 0.89
Step 3627605/5000000 | Win rate (rollout): 0.25 | Loss: 0.188 | Opp label coverage: 0.81
Step 3628123/5000000 | Win rate (rollout): 0.45 | Loss: 0.211 | Opp label coverage: 0.87
Step 3628635/5000000 | Win rate (rollout): 0.55 | Loss: 0.186 | Opp label coverage: 0.85
Step 3629147/5000000 | Win rate (rollout): 0.42 | Loss: 0.180 | Opp label coverage: 0.81
Step 3629665/5000000 | Win rate (rollout): 0.55 | Loss: 0.240 | Opp label coverage: 0.88
Step 3630177/5000000 | Win rate (rollout): 0.46 | Loss: 0.200 | Opp label coverage: 0.82
Step 3630690/5000000 | Win rate (rollout): 0.64 | Loss: 0.226 | Opp label coverage: 0.90
Step 3631202/5000000 | Win rate (rollout): 0.58 | Loss: 0.209 | Opp label coverage: 0.83
Step 3631714/5000000 | Win rate (rollout): 0.31 | Loss: 0.220 | Opp label coverage: 0.76
Step 3632226/5000000 | Win rate (rollout): 0.56 | Loss: 0.196 | Opp label coverage: 0.84
Step 3632738/5000000 | Win rate (rollout): 0.71 | Loss: 0.170 | Opp label coverage: 0.84
Step 3633250/5000000 | Win rate (rollout): 0.67 | Loss: 0.185 | Opp label coverage: 0.82
Step 3633767/5000000 | Win rate (rollout): 0.56 | Loss: 0.157 | Opp label coverage: 0.91
Step 3634286/5000000 | Win rate (rollout): 0.47 | Loss: 0.226 | Opp label coverage: 0.89
Step 3634800/5000000 | Win rate (rollout): 0.42 | Loss: 0.210 | Opp label coverage: 0.89
Step 3635312/5000000 | Win rate (rollout): 0.31 | Loss: 0.207 | Opp label coverage: 0.84
Step 3635831/5000000 | Win rate (rollout): 0.64 | Loss: 0.197 | Opp label coverage: 0.89
Step 3636348/5000000 | Win rate (rollout): 0.62 | Loss: 0.250 | Opp label coverage: 0.89
Step 3636860/5000000 | Win rate (rollout): 0.29 | Loss: 0.211 | Opp label coverage: 0.90
Step 3637373/5000000 | Win rate (rollout): 0.71 | Loss: 0.194 | Opp label coverage: 0.90
Step 3637889/5000000 | Win rate (rollout): 0.43 | Loss: 0.227 | Opp label coverage: 0.89
Step 3638401/5000000 | Win rate (rollout): 0.12 | Loss: 0.180 | Opp label coverage: 0.83
Step 3638913/5000000 | Win rate (rollout): 0.71 | Loss: 0.184 | Opp label coverage: 0.78
Step 3639425/5000000 | Win rate (rollout): 0.75 | Loss: 0.202 | Opp label coverage: 0.81
Step 3639937/5000000 | Win rate (rollout): 0.47 | Loss: 0.219 | Opp label coverage: 0.80
Step 3640455/5000000 | Win rate (rollout): 0.54 | Loss: 0.151 | Opp label coverage: 0.90
Step 3640967/5000000 | Win rate (rollout): 0.31 | Loss: 0.208 | Opp label coverage: 0.77
Step 3641482/5000000 | Win rate (rollout): 1.00 | Loss: 0.224 | Opp label coverage: 0.90
Step 3642000/5000000 | Win rate (rollout): 0.53 | Loss: 0.223 | Opp label coverage: 0.89
Step 3642512/5000000 | Win rate (rollout): 0.50 | Loss: 0.206 | Opp label coverage: 0.80
Step 3643027/5000000 | Win rate (rollout): 0.55 | Loss: 0.207 | Opp label coverage: 0.90
Step 3643540/5000000 | Win rate (rollout): 0.46 | Loss: 0.222 | Opp label coverage: 0.89
Step 3644056/5000000 | Win rate (rollout): 0.36 | Loss: 0.253 | Opp label coverage: 0.90
Step 3644568/5000000 | Win rate (rollout): 0.40 | Loss: 0.256 | Opp label coverage: 0.89
Step 3645080/5000000 | Win rate (rollout): 0.08 | Loss: 0.171 | Opp label coverage: 0.81
Step 3645592/5000000 | Win rate (rollout): 0.41 | Loss: 0.196 | Opp label coverage: 0.79
Step 3646104/5000000 | Win rate (rollout): 0.31 | Loss: 0.204 | Opp label coverage: 0.84
Step 3646616/5000000 | Win rate (rollout): 0.53 | Loss: 0.190 | Opp label coverage: 0.80
Step 3647128/5000000 | Win rate (rollout): 0.75 | Loss: 0.207 | Opp label coverage: 0.80
Step 3647640/5000000 | Win rate (rollout): 0.50 | Loss: 0.177 | Opp label coverage: 0.83
Step 3648153/5000000 | Win rate (rollout): 0.33 | Loss: 0.138 | Opp label coverage: 0.89
Step 3648665/5000000 | Win rate (rollout): 0.62 | Loss: 0.195 | Opp label coverage: 0.84
Step 3649177/5000000 | Win rate (rollout): 0.64 | Loss: 0.211 | Opp label coverage: 0.83
Step 3649690/5000000 | Win rate (rollout): 0.44 | Loss: 0.287 | Opp label coverage: 0.88
Step 3650208/5000000 | Win rate (rollout): 0.15 | Loss: 0.174 | Opp label coverage: 0.91
Step 3650726/5000000 | Win rate (rollout): 0.44 | Loss: 0.175 | Opp label coverage: 0.90
Step 3651244/5000000 | Win rate (rollout): 0.60 | Loss: 0.228 | Opp label coverage: 0.92
Step 3651759/5000000 | Win rate (rollout): 0.67 | Loss: 0.225 | Opp label coverage: 0.90
Step 3652271/5000000 | Win rate (rollout): 0.38 | Loss: 0.171 | Opp label coverage: 0.82
Step 3652786/5000000 | Win rate (rollout): 0.20 | Loss: 0.184 | Opp label coverage: 0.89
Step 3653303/5000000 | Win rate (rollout): 0.55 | Loss: 0.200 | Opp label coverage: 0.92
Step 3653820/5000000 | Win rate (rollout): 0.91 | Loss: 0.194 | Opp label coverage: 0.91
Step 3654332/5000000 | Win rate (rollout): 0.50 | Loss: 0.202 | Opp label coverage: 0.82
Step 3654844/5000000 | Win rate (rollout): 0.67 | Loss: 0.195 | Opp label coverage: 0.82
Step 3655363/5000000 | Win rate (rollout): 0.67 | Loss: 0.184 | Opp label coverage: 0.91
Step 3655875/5000000 | Win rate (rollout): 0.50 | Loss: 0.249 | Opp label coverage: 0.89
Step 3656387/5000000 | Win rate (rollout): 0.75 | Loss: 0.195 | Opp label coverage: 0.84
Step 3656899/5000000 | Win rate (rollout): 0.64 | Loss: 0.199 | Opp label coverage: 0.81
Step 3657411/5000000 | Win rate (rollout): 0.40 | Loss: 0.197 | Opp label coverage: 0.84
Step 3657924/5000000 | Win rate (rollout): 0.40 | Loss: 0.124 | Opp label coverage: 0.88
Step 3658436/5000000 | Win rate (rollout): 0.46 | Loss: 0.188 | Opp label coverage: 0.82
Step 3658948/5000000 | Win rate (rollout): 0.47 | Loss: 0.205 | Opp label coverage: 0.83
Step 3659460/5000000 | Win rate (rollout): 0.12 | Loss: 0.182 | Opp label coverage: 0.84
Step 3659972/5000000 | Win rate (rollout): 0.46 | Loss: 0.235 | Opp label coverage: 0.76
Step 3660484/5000000 | Win rate (rollout): 0.44 | Loss: 0.176 | Opp label coverage: 0.84
Step 3660997/5000000 | Win rate (rollout): 0.36 | Loss: 0.180 | Opp label coverage: 0.88
Step 3661509/5000000 | Win rate (rollout): 0.82 | Loss: 0.208 | Opp label coverage: 0.85
Step 3662021/5000000 | Win rate (rollout): 0.75 | Loss: 0.159 | Opp label coverage: 0.84
Step 3662534/5000000 | Win rate (rollout): 0.00 | Loss: 0.259 | Opp label coverage: 0.89
Step 3663049/5000000 | Win rate (rollout): 0.40 | Loss: 0.202 | Opp label coverage: 0.90
Step 3663567/5000000 | Win rate (rollout): 0.53 | Loss: 0.207 | Opp label coverage: 0.90
Step 3664079/5000000 | Win rate (rollout): 0.77 | Loss: 0.198 | Opp label coverage: 0.82
Step 3664595/5000000 | Win rate (rollout): 0.38 | Loss: 0.193 | Opp label coverage: 0.89
Step 3665107/5000000 | Win rate (rollout): 0.44 | Loss: 0.173 | Opp label coverage: 0.78
Step 3665621/5000000 | Win rate (rollout): 0.67 | Loss: 0.245 | Opp label coverage: 0.89
Step 3666133/5000000 | Win rate (rollout): 0.62 | Loss: 0.177 | Opp label coverage: 0.80
Step 3666645/5000000 | Win rate (rollout): 0.57 | Loss: 0.204 | Opp label coverage: 0.81
Step 3667158/5000000 | Win rate (rollout): 0.38 | Loss: 0.119 | Opp label coverage: 0.90
Step 3667670/5000000 | Win rate (rollout): 0.67 | Loss: 0.180 | Opp label coverage: 0.83
Step 3668182/5000000 | Win rate (rollout): 0.57 | Loss: 0.185 | Opp label coverage: 0.81
Step 3668697/5000000 | Win rate (rollout): 0.67 | Loss: 0.228 | Opp label coverage: 0.89
Step 3669209/5000000 | Win rate (rollout): 0.67 | Loss: 0.176 | Opp label coverage: 0.83
Step 3669721/5000000 | Win rate (rollout): 0.50 | Loss: 0.200 | Opp label coverage: 0.80
Step 3670233/5000000 | Win rate (rollout): 0.42 | Loss: 0.187 | Opp label coverage: 0.86
Step 3670745/5000000 | Win rate (rollout): 0.30 | Loss: 0.194 | Opp label coverage: 0.88
Step 3671257/5000000 | Win rate (rollout): 0.36 | Loss: 0.178 | Opp label coverage: 0.83
Step 3671769/5000000 | Win rate (rollout): 0.50 | Loss: 0.220 | Opp label coverage: 0.87
Step 3672281/5000000 | Win rate (rollout): 0.57 | Loss: 0.182 | Opp label coverage: 0.88
Step 3672793/5000000 | Win rate (rollout): 0.64 | Loss: 0.196 | Opp label coverage: 0.82
Step 3673305/5000000 | Win rate (rollout): 0.73 | Loss: 0.205 | Opp label coverage: 0.79
Step 3673819/5000000 | Win rate (rollout): 0.25 | Loss: 0.228 | Opp label coverage: 0.90
Step 3674331/5000000 | Win rate (rollout): 0.80 | Loss: 0.167 | Opp label coverage: 0.81
Step 3674846/5000000 | Win rate (rollout): 0.50 | Loss: 0.179 | Opp label coverage: 0.90
Step 3675358/5000000 | Win rate (rollout): 0.50 | Loss: 0.174 | Opp label coverage: 0.80
Step 3675870/5000000 | Win rate (rollout): 0.58 | Loss: 0.191 | Opp label coverage: 0.82
Step 3676382/5000000 | Win rate (rollout): 0.54 | Loss: 0.213 | Opp label coverage: 0.82
Step 3676894/5000000 | Win rate (rollout): 0.40 | Loss: 0.196 | Opp label coverage: 0.82
Step 3677410/5000000 | Win rate (rollout): 0.54 | Loss: 0.216 | Opp label coverage: 0.89
Step 3677922/5000000 | Win rate (rollout): 0.71 | Loss: 0.180 | Opp label coverage: 0.82
Step 3678434/5000000 | Win rate (rollout): 0.47 | Loss: 0.232 | Opp label coverage: 0.85
Step 3678947/5000000 | Win rate (rollout): 0.56 | Loss: 0.217 | Opp label coverage: 0.89
Step 3679460/5000000 | Win rate (rollout): 0.35 | Loss: 0.328 | Opp label coverage: 0.89
Step 3679972/5000000 | Win rate (rollout): 0.82 | Loss: 0.190 | Opp label coverage: 0.82
Step 3680484/5000000 | Win rate (rollout): 0.50 | Loss: 0.207 | Opp label coverage: 0.80
Step 3681001/5000000 | Win rate (rollout): 0.79 | Loss: 0.242 | Opp label coverage: 0.89
Step 3681513/5000000 | Win rate (rollout): 0.42 | Loss: 0.181 | Opp label coverage: 0.85
Step 3682025/5000000 | Win rate (rollout): 0.62 | Loss: 0.164 | Opp label coverage: 0.87
Step 3682541/5000000 | Win rate (rollout): 0.38 | Loss: 0.238 | Opp label coverage: 0.90
Step 3683056/5000000 | Win rate (rollout): 0.77 | Loss: 0.209 | Opp label coverage: 0.91
Step 3683568/5000000 | Win rate (rollout): 0.62 | Loss: 0.243 | Opp label coverage: 0.88
Step 3684080/5000000 | Win rate (rollout): 0.73 | Loss: 0.184 | Opp label coverage: 0.77
Step 3684594/5000000 | Win rate (rollout): 0.42 | Loss: 0.245 | Opp label coverage: 0.88
Step 3685106/5000000 | Win rate (rollout): 0.60 | Loss: 0.185 | Opp label coverage: 0.78
Step 3685624/5000000 | Win rate (rollout): 0.45 | Loss: 0.174 | Opp label coverage: 0.90
Step 3686142/5000000 | Win rate (rollout): 0.50 | Loss: 0.224 | Opp label coverage: 0.90
Step 3686661/5000000 | Win rate (rollout): 0.11 | Loss: 0.156 | Opp label coverage: 0.90
Step 3687175/5000000 | Win rate (rollout): 0.54 | Loss: 0.188 | Opp label coverage: 0.91
Step 3687687/5000000 | Win rate (rollout): 0.75 | Loss: 0.210 | Opp label coverage: 0.84
Step 3688199/5000000 | Win rate (rollout): 0.41 | Loss: 0.231 | Opp label coverage: 0.82
Step 3688711/5000000 | Win rate (rollout): 0.50 | Loss: 0.168 | Opp label coverage: 0.81
Step 3689223/5000000 | Win rate (rollout): 0.56 | Loss: 0.182 | Opp label coverage: 0.85
Step 3689738/5000000 | Win rate (rollout): 0.42 | Loss: 0.220 | Opp label coverage: 0.87
Step 3690250/5000000 | Win rate (rollout): 0.64 | Loss: 0.206 | Opp label coverage: 0.91
Step 3690767/5000000 | Win rate (rollout): 0.50 | Loss: 0.217 | Opp label coverage: 0.90
Step 3691279/5000000 | Win rate (rollout): 0.50 | Loss: 0.166 | Opp label coverage: 0.86
Step 3691795/5000000 | Win rate (rollout): 0.67 | Loss: 0.229 | Opp label coverage: 0.90
Step 3692307/5000000 | Win rate (rollout): 0.36 | Loss: 0.199 | Opp label coverage: 0.85
Step 3692825/5000000 | Win rate (rollout): 0.80 | Loss: 0.244 | Opp label coverage: 0.90
Step 3693337/5000000 | Win rate (rollout): 0.50 | Loss: 0.166 | Opp label coverage: 0.81
Step 3693849/5000000 | Win rate (rollout): 0.40 | Loss: 0.231 | Opp label coverage: 0.84
Step 3694361/5000000 | Win rate (rollout): 0.38 | Loss: 0.154 | Opp label coverage: 0.80
Step 3694873/5000000 | Win rate (rollout): 0.69 | Loss: 0.187 | Opp label coverage: 0.83
Step 3695391/5000000 | Win rate (rollout): 0.33 | Loss: 0.211 | Opp label coverage: 0.88
Step 3695904/5000000 | Win rate (rollout): 0.33 | Loss: 0.205 | Opp label coverage: 0.88
Step 3696416/5000000 | Win rate (rollout): 0.43 | Loss: 0.202 | Opp label coverage: 0.83
Step 3696928/5000000 | Win rate (rollout): 0.64 | Loss: 0.188 | Opp label coverage: 0.81
Step 3697440/5000000 | Win rate (rollout): 0.53 | Loss: 0.182 | Opp label coverage: 0.86
Step 3697952/5000000 | Win rate (rollout): 0.71 | Loss: 0.170 | Opp label coverage: 0.81
Step 3698464/5000000 | Win rate (rollout): 0.58 | Loss: 0.201 | Opp label coverage: 0.78
Step 3698976/5000000 | Win rate (rollout): 0.46 | Loss: 0.189 | Opp label coverage: 0.77
Step 3699488/5000000 | Win rate (rollout): 0.18 | Loss: 0.146 | Opp label coverage: 0.82
Step 3700007/5000000 | Win rate (rollout): 0.38 | Loss: 0.178 | Opp label coverage: 0.89
Step 3700519/5000000 | Win rate (rollout): 0.69 | Loss: 0.222 | Opp label coverage: 0.86
Step 3701034/5000000 | Win rate (rollout): 0.67 | Loss: 0.182 | Opp label coverage: 0.90
Step 3701547/5000000 | Win rate (rollout): 0.55 | Loss: 0.175 | Opp label coverage: 0.92
Step 3702061/5000000 | Win rate (rollout): 0.67 | Loss: 0.138 | Opp label coverage: 0.88
Step 3702573/5000000 | Win rate (rollout): 0.62 | Loss: 0.191 | Opp label coverage: 0.79
Step 3703085/5000000 | Win rate (rollout): 0.73 | Loss: 0.157 | Opp label coverage: 0.87
Step 3703597/5000000 | Win rate (rollout): 0.58 | Loss: 0.205 | Opp label coverage: 0.83
Step 3704115/5000000 | Win rate (rollout): 0.70 | Loss: 0.136 | Opp label coverage: 0.88
Step 3704627/5000000 | Win rate (rollout): 0.73 | Loss: 0.190 | Opp label coverage: 0.83
Step 3705139/5000000 | Win rate (rollout): 0.36 | Loss: 0.193 | Opp label coverage: 0.85
Step 3705651/5000000 | Win rate (rollout): 0.57 | Loss: 0.205 | Opp label coverage: 0.83
Step 3706168/5000000 | Win rate (rollout): 0.38 | Loss: 0.117 | Opp label coverage: 0.91
Step 3706680/5000000 | Win rate (rollout): 0.42 | Loss: 0.200 | Opp label coverage: 0.81
Step 3707199/5000000 | Win rate (rollout): 0.40 | Loss: 0.253 | Opp label coverage: 0.90
Step 3707711/5000000 | Win rate (rollout): 0.50 | Loss: 0.202 | Opp label coverage: 0.80
Step 3708227/5000000 | Win rate (rollout): 0.42 | Loss: 0.195 | Opp label coverage: 0.88
Step 3708739/5000000 | Win rate (rollout): 0.64 | Loss: 0.171 | Opp label coverage: 0.86
Step 3709251/5000000 | Win rate (rollout): 0.55 | Loss: 0.190 | Opp label coverage: 0.86
Step 3709763/5000000 | Win rate (rollout): 0.54 | Loss: 0.207 | Opp label coverage: 0.80
Step 3710275/5000000 | Win rate (rollout): 0.62 | Loss: 0.206 | Opp label coverage: 0.85
Step 3710787/5000000 | Win rate (rollout): 0.55 | Loss: 0.164 | Opp label coverage: 0.81
Step 3711302/5000000 | Win rate (rollout): 0.73 | Loss: 0.236 | Opp label coverage: 0.90
Step 3711814/5000000 | Win rate (rollout): 0.50 | Loss: 0.231 | Opp label coverage: 0.85
Step 3712331/5000000 | Win rate (rollout): 0.55 | Loss: 0.188 | Opp label coverage: 0.90
Step 3712843/5000000 | Win rate (rollout): 0.50 | Loss: 0.206 | Opp label coverage: 0.83
Step 3713358/5000000 | Win rate (rollout): 0.42 | Loss: 0.206 | Opp label coverage: 0.88
Step 3713872/5000000 | Win rate (rollout): 0.23 | Loss: 0.206 | Opp label coverage: 0.88
Step 3714385/5000000 | Win rate (rollout): 0.73 | Loss: 0.163 | Opp label coverage: 0.91
Step 3714897/5000000 | Win rate (rollout): 0.80 | Loss: 0.173 | Opp label coverage: 0.81
Step 3715409/5000000 | Win rate (rollout): 0.50 | Loss: 0.200 | Opp label coverage: 0.90
Step 3715922/5000000 | Win rate (rollout): 0.43 | Loss: 0.161 | Opp label coverage: 0.90
Step 3716436/5000000 | Win rate (rollout): 0.40 | Loss: 0.225 | Opp label coverage: 0.90
Step 3716948/5000000 | Win rate (rollout): 0.15 | Loss: 0.226 | Opp label coverage: 0.81
Step 3717464/5000000 | Win rate (rollout): 0.45 | Loss: 0.205 | Opp label coverage: 0.91
Step 3717976/5000000 | Win rate (rollout): 0.50 | Loss: 0.186 | Opp label coverage: 0.85
Step 3718493/5000000 | Win rate (rollout): 0.73 | Loss: 0.294 | Opp label coverage: 0.90
Step 3719008/5000000 | Win rate (rollout): 0.50 | Loss: 0.280 | Opp label coverage: 0.89
Step 3719525/5000000 | Win rate (rollout): 0.69 | Loss: 0.241 | Opp label coverage: 0.89
Step 3720037/5000000 | Win rate (rollout): 0.43 | Loss: 0.203 | Opp label coverage: 0.84
Step 3720549/5000000 | Win rate (rollout): 0.67 | Loss: 0.187 | Opp label coverage: 0.83
Step 3721066/5000000 | Win rate (rollout): 0.75 | Loss: 0.221 | Opp label coverage: 0.91
Step 3721578/5000000 | Win rate (rollout): 0.38 | Loss: 0.178 | Opp label coverage: 0.86
Step 3722090/5000000 | Win rate (rollout): 0.44 | Loss: 0.219 | Opp label coverage: 0.82
Step 3722607/5000000 | Win rate (rollout): 0.55 | Loss: 0.198 | Opp label coverage: 0.89
Step 3723125/5000000 | Win rate (rollout): 0.64 | Loss: 0.183 | Opp label coverage: 0.91
Step 3723637/5000000 | Win rate (rollout): 0.29 | Loss: 0.234 | Opp label coverage: 0.83
Step 3724153/5000000 | Win rate (rollout): 0.91 | Loss: 0.153 | Opp label coverage: 0.90
Step 3724665/5000000 | Win rate (rollout): 0.62 | Loss: 0.183 | Opp label coverage: 0.78
Step 3725177/5000000 | Win rate (rollout): 0.50 | Loss: 0.213 | Opp label coverage: 0.87
Step 3725689/5000000 | Win rate (rollout): 0.50 | Loss: 0.167 | Opp label coverage: 0.86
Step 3726205/5000000 | Win rate (rollout): 0.22 | Loss: 0.178 | Opp label coverage: 0.89
Step 3726722/5000000 | Win rate (rollout): 0.55 | Loss: 0.231 | Opp label coverage: 0.90
Step 3727234/5000000 | Win rate (rollout): 0.88 | Loss: 0.179 | Opp label coverage: 0.82
Step 3727746/5000000 | Win rate (rollout): 0.50 | Loss: 0.219 | Opp label coverage: 0.82
Step 3728262/5000000 | Win rate (rollout): 0.50 | Loss: 0.175 | Opp label coverage: 0.88
Step 3728776/5000000 | Win rate (rollout): 0.33 | Loss: 0.176 | Opp label coverage: 0.88
Step 3729289/5000000 | Win rate (rollout): 0.36 | Loss: 0.194 | Opp label coverage: 0.90
Step 3729801/5000000 | Win rate (rollout): 0.56 | Loss: 0.179 | Opp label coverage: 0.84
Step 3730313/5000000 | Win rate (rollout): 0.67 | Loss: 0.195 | Opp label coverage: 0.83
Step 3730831/5000000 | Win rate (rollout): 0.36 | Loss: 0.225 | Opp label coverage: 0.87
Step 3731348/5000000 | Win rate (rollout): 0.38 | Loss: 0.175 | Opp label coverage: 0.91
Step 3731863/5000000 | Win rate (rollout): 0.40 | Loss: 0.239 | Opp label coverage: 0.91
Step 3732376/5000000 | Win rate (rollout): 0.62 | Loss: 0.132 | Opp label coverage: 0.91
Step 3732893/5000000 | Win rate (rollout): 0.36 | Loss: 0.189 | Opp label coverage: 0.91
Step 3733405/5000000 | Win rate (rollout): 0.31 | Loss: 0.189 | Opp label coverage: 0.81
Step 3733917/5000000 | Win rate (rollout): 0.57 | Loss: 0.175 | Opp label coverage: 0.84
Step 3734429/5000000 | Win rate (rollout): 0.45 | Loss: 0.198 | Opp label coverage: 0.83
Step 3734941/5000000 | Win rate (rollout): 0.40 | Loss: 0.191 | Opp label coverage: 0.83
Step 3735456/5000000 | Win rate (rollout): 0.86 | Loss: 0.186 | Opp label coverage: 0.92
Step 3735968/5000000 | Win rate (rollout): 0.50 | Loss: 0.205 | Opp label coverage: 0.82
Step 3736486/5000000 | Win rate (rollout): 0.62 | Loss: 0.221 | Opp label coverage: 0.92
Step 3736998/5000000 | Win rate (rollout): 0.44 | Loss: 0.185 | Opp label coverage: 0.80
Step 3737510/5000000 | Win rate (rollout): 0.25 | Loss: 0.173 | Opp label coverage: 0.82
Step 3738025/5000000 | Win rate (rollout): 0.55 | Loss: 0.183 | Opp label coverage: 0.90
Step 3738542/5000000 | Win rate (rollout): 0.56 | Loss: 0.206 | Opp label coverage: 0.88
Step 3739054/5000000 | Win rate (rollout): 1.00 | Loss: 0.166 | Opp label coverage: 0.85
Step 3739566/5000000 | Win rate (rollout): 0.20 | Loss: 0.164 | Opp label coverage: 0.83
Step 3740078/5000000 | Win rate (rollout): 0.50 | Loss: 0.170 | Opp label coverage: 0.84
Step 3740592/5000000 | Win rate (rollout): 0.45 | Loss: 0.175 | Opp label coverage: 0.89
Step 3741104/5000000 | Win rate (rollout): 0.54 | Loss: 0.204 | Opp label coverage: 0.89
Step 3741616/5000000 | Win rate (rollout): 0.54 | Loss: 0.197 | Opp label coverage: 0.80
Step 3742129/5000000 | Win rate (rollout): 0.80 | Loss: 0.112 | Opp label coverage: 0.89
Step 3742641/5000000 | Win rate (rollout): 0.54 | Loss: 0.173 | Opp label coverage: 0.82
Step 3743153/5000000 | Win rate (rollout): 1.00 | Loss: 0.187 | Opp label coverage: 0.79
Step 3743665/5000000 | Win rate (rollout): 0.36 | Loss: 0.191 | Opp label coverage: 0.82
Step 3744177/5000000 | Win rate (rollout): 0.73 | Loss: 0.191 | Opp label coverage: 0.86
Step 3744695/5000000 | Win rate (rollout): 0.86 | Loss: 0.174 | Opp label coverage: 0.91
Step 3745207/5000000 | Win rate (rollout): 0.36 | Loss: 0.248 | Opp label coverage: 0.80
Step 3745719/5000000 | Win rate (rollout): 1.00 | Loss: 0.157 | Opp label coverage: 0.82
Step 3746237/5000000 | Win rate (rollout): 0.55 | Loss: 0.188 | Opp label coverage: 0.90
Step 3746749/5000000 | Win rate (rollout): 0.80 | Loss: 0.171 | Opp label coverage: 0.87
Step 3747261/5000000 | Win rate (rollout): 0.56 | Loss: 0.212 | Opp label coverage: 0.85
Step 3747777/5000000 | Win rate (rollout): 0.45 | Loss: 0.191 | Opp label coverage: 0.89
Step 3748293/5000000 | Win rate (rollout): 0.64 | Loss: 0.144 | Opp label coverage: 0.88
Step 3748805/5000000 | Win rate (rollout): 0.64 | Loss: 0.177 | Opp label coverage: 0.82
Step 3749322/5000000 | Win rate (rollout): 0.58 | Loss: 0.231 | Opp label coverage: 0.88
Step 3749834/5000000 | Win rate (rollout): 0.53 | Loss: 0.234 | Opp label coverage: 0.88
[checkpoint] Saved models/ppo/checkpoints/m9p2c/ppo_step_3750058.pt
Step 3750346/5000000 | Win rate (rollout): 0.55 | Loss: 0.215 | Opp label coverage: 0.80
Step 3750858/5000000 | Win rate (rollout): 0.44 | Loss: 0.190 | Opp label coverage: 0.82
Step 3751377/5000000 | Win rate (rollout): 0.67 | Loss: 0.192 | Opp label coverage: 0.92
Step 3751894/5000000 | Win rate (rollout): 0.67 | Loss: 0.178 | Opp label coverage: 0.90
Step 3752406/5000000 | Win rate (rollout): 0.25 | Loss: 0.197 | Opp label coverage: 0.82
Step 3752918/5000000 | Win rate (rollout): 0.92 | Loss: 0.195 | Opp label coverage: 0.80
Step 3753430/5000000 | Win rate (rollout): 0.83 | Loss: 0.201 | Opp label coverage: 0.82
Step 3753942/5000000 | Win rate (rollout): 0.69 | Loss: 0.197 | Opp label coverage: 0.82
Step 3754458/5000000 | Win rate (rollout): 0.45 | Loss: 0.228 | Opp label coverage: 0.90
Step 3754974/5000000 | Win rate (rollout): 0.42 | Loss: 0.228 | Opp label coverage: 0.90
Step 3755486/5000000 | Win rate (rollout): 0.62 | Loss: 0.234 | Opp label coverage: 0.84
Step 3755998/5000000 | Win rate (rollout): 0.67 | Loss: 0.205 | Opp label coverage: 0.83
Step 3756510/5000000 | Win rate (rollout): 0.60 | Loss: 0.205 | Opp label coverage: 0.89
Step 3757022/5000000 | Win rate (rollout): 0.69 | Loss: 0.214 | Opp label coverage: 0.82
Step 3757534/5000000 | Win rate (rollout): 0.44 | Loss: 0.192 | Opp label coverage: 0.88
Step 3758046/5000000 | Win rate (rollout): 0.58 | Loss: 0.215 | Opp label coverage: 0.83
Step 3758558/5000000 | Win rate (rollout): 0.80 | Loss: 0.178 | Opp label coverage: 0.80
Step 3759070/5000000 | Win rate (rollout): 0.53 | Loss: 0.198 | Opp label coverage: 0.80
Step 3759585/5000000 | Win rate (rollout): 0.55 | Loss: 0.247 | Opp label coverage: 0.89
Step 3760097/5000000 | Win rate (rollout): 0.18 | Loss: 0.171 | Opp label coverage: 0.83
Step 3760612/5000000 | Win rate (rollout): 0.56 | Loss: 0.183 | Opp label coverage: 0.90
Step 3761124/5000000 | Win rate (rollout): 0.50 | Loss: 0.214 | Opp label coverage: 0.79
Step 3761640/5000000 | Win rate (rollout): 0.44 | Loss: 0.197 | Opp label coverage: 0.90
Step 3762152/5000000 | Win rate (rollout): 0.54 | Loss: 0.228 | Opp label coverage: 0.89
Step 3762664/5000000 | Win rate (rollout): 0.58 | Loss: 0.200 | Opp label coverage: 0.84
Step 3763176/5000000 | Win rate (rollout): 0.82 | Loss: 0.192 | Opp label coverage: 0.84
Step 3763688/5000000 | Win rate (rollout): 0.75 | Loss: 0.191 | Opp label coverage: 0.80
Step 3764205/5000000 | Win rate (rollout): 0.18 | Loss: 0.186 | Opp label coverage: 0.89
Step 3764719/5000000 | Win rate (rollout): 0.50 | Loss: 0.200 | Opp label coverage: 0.90
Step 3765231/5000000 | Win rate (rollout): 0.45 | Loss: 0.193 | Opp label coverage: 0.90
Step 3765746/5000000 | Win rate (rollout): 0.56 | Loss: 0.258 | Opp label coverage: 0.88
Step 3766258/5000000 | Win rate (rollout): 0.38 | Loss: 0.201 | Opp label coverage: 0.84
Step 3766776/5000000 | Win rate (rollout): 0.70 | Loss: 0.249 | Opp label coverage: 0.90
Step 3767289/5000000 | Win rate (rollout): 0.62 | Loss: 0.067 | Opp label coverage: 0.90
Step 3767807/5000000 | Win rate (rollout): 0.53 | Loss: 0.181 | Opp label coverage: 0.89
Step 3768319/5000000 | Win rate (rollout): 0.56 | Loss: 0.177 | Opp label coverage: 0.86
Step 3768834/5000000 | Win rate (rollout): 0.55 | Loss: 0.204 | Opp label coverage: 0.89
Step 3769346/5000000 | Win rate (rollout): 0.89 | Loss: 0.184 | Opp label coverage: 0.80
Step 3769858/5000000 | Win rate (rollout): 0.60 | Loss: 0.189 | Opp label coverage: 0.83
Step 3770373/5000000 | Win rate (rollout): 0.73 | Loss: 0.186 | Opp label coverage: 0.91
Step 3770885/5000000 | Win rate (rollout): 0.64 | Loss: 0.198 | Opp label coverage: 0.83
Step 3771397/5000000 | Win rate (rollout): 0.75 | Loss: 0.193 | Opp label coverage: 0.85
Step 3771913/5000000 | Win rate (rollout): 0.27 | Loss: 0.176 | Opp label coverage: 0.87
Step 3772430/5000000 | Win rate (rollout): 0.77 | Loss: 0.170 | Opp label coverage: 0.91
Step 3772947/5000000 | Win rate (rollout): 0.67 | Loss: 0.216 | Opp label coverage: 0.90
Step 3773459/5000000 | Win rate (rollout): 0.58 | Loss: 0.228 | Opp label coverage: 0.85
Step 3773971/5000000 | Win rate (rollout): 0.67 | Loss: 0.215 | Opp label coverage: 0.83
Step 3774488/5000000 | Win rate (rollout): 0.64 | Loss: 0.221 | Opp label coverage: 0.91
Step 3775006/5000000 | Win rate (rollout): 0.53 | Loss: 0.187 | Opp label coverage: 0.88
Step 3775518/5000000 | Win rate (rollout): 0.54 | Loss: 0.227 | Opp label coverage: 0.84
Step 3776030/5000000 | Win rate (rollout): 1.00 | Loss: 0.173 | Opp label coverage: 0.84
Step 3776546/5000000 | Win rate (rollout): 0.33 | Loss: 0.240 | Opp label coverage: 0.90
Step 3777058/5000000 | Win rate (rollout): 0.58 | Loss: 0.228 | Opp label coverage: 0.89
Step 3777570/5000000 | Win rate (rollout): 0.60 | Loss: 0.191 | Opp label coverage: 0.84
Step 3778089/5000000 | Win rate (rollout): 0.36 | Loss: 0.190 | Opp label coverage: 0.88
Step 3778601/5000000 | Win rate (rollout): 0.75 | Loss: 0.216 | Opp label coverage: 0.85
Step 3779114/5000000 | Win rate (rollout): 0.55 | Loss: 0.207 | Opp label coverage: 0.91
Step 3779632/5000000 | Win rate (rollout): 0.55 | Loss: 0.196 | Opp label coverage: 0.89
Step 3780144/5000000 | Win rate (rollout): 0.38 | Loss: 0.181 | Opp label coverage: 0.78
Step 3780656/5000000 | Win rate (rollout): 0.62 | Loss: 0.210 | Opp label coverage: 0.91
Step 3781171/5000000 | Win rate (rollout): 0.33 | Loss: 0.174 | Opp label coverage: 0.90
Step 3781683/5000000 | Win rate (rollout): 0.64 | Loss: 0.206 | Opp label coverage: 0.80
Step 3782198/5000000 | Win rate (rollout): 0.58 | Loss: 0.280 | Opp label coverage: 0.89
Step 3782712/5000000 | Win rate (rollout): 0.54 | Loss: 0.176 | Opp label coverage: 0.89
Step 3783226/5000000 | Win rate (rollout): 0.60 | Loss: 0.249 | Opp label coverage: 0.89
Step 3783741/5000000 | Win rate (rollout): 0.23 | Loss: 0.152 | Opp label coverage: 0.88
Step 3784256/5000000 | Win rate (rollout): 0.58 | Loss: 0.217 | Opp label coverage: 0.91
Step 3784771/5000000 | Win rate (rollout): 0.36 | Loss: 0.206 | Opp label coverage: 0.90
Step 3785283/5000000 | Win rate (rollout): 0.83 | Loss: 0.221 | Opp label coverage: 0.80
Step 3785795/5000000 | Win rate (rollout): 0.55 | Loss: 0.202 | Opp label coverage: 0.89
Step 3786307/5000000 | Win rate (rollout): 0.78 | Loss: 0.195 | Opp label coverage: 0.80
Step 3786820/5000000 | Win rate (rollout): 0.45 | Loss: 0.210 | Opp label coverage: 0.90
Step 3787336/5000000 | Win rate (rollout): 0.27 | Loss: 0.184 | Opp label coverage: 0.89
Step 3787848/5000000 | Win rate (rollout): 0.78 | Loss: 0.200 | Opp label coverage: 0.82
Step 3788360/5000000 | Win rate (rollout): 0.36 | Loss: 0.197 | Opp label coverage: 0.80
Step 3788872/5000000 | Win rate (rollout): 0.47 | Loss: 0.187 | Opp label coverage: 0.85
Step 3789385/5000000 | Win rate (rollout): 0.58 | Loss: 0.259 | Opp label coverage: 0.89
Step 3789897/5000000 | Win rate (rollout): 0.60 | Loss: 0.224 | Opp label coverage: 0.86
Step 3790412/5000000 | Win rate (rollout): 0.54 | Loss: 0.261 | Opp label coverage: 0.89
Step 3790924/5000000 | Win rate (rollout): 0.70 | Loss: 0.196 | Opp label coverage: 0.82
Step 3791436/5000000 | Win rate (rollout): 0.47 | Loss: 0.190 | Opp label coverage: 0.83
Step 3791948/5000000 | Win rate (rollout): 0.64 | Loss: 0.217 | Opp label coverage: 0.81
Step 3792460/5000000 | Win rate (rollout): 0.58 | Loss: 0.215 | Opp label coverage: 0.85
Step 3792975/5000000 | Win rate (rollout): 0.30 | Loss: 0.230 | Opp label coverage: 0.88
Step 3793487/5000000 | Win rate (rollout): 0.60 | Loss: 0.193 | Opp label coverage: 0.90
Step 3794004/5000000 | Win rate (rollout): 0.31 | Loss: 0.219 | Opp label coverage: 0.88
Step 3794516/5000000 | Win rate (rollout): 0.43 | Loss: 0.226 | Opp label coverage: 0.87
Step 3795029/5000000 | Win rate (rollout): 0.15 | Loss: 0.188 | Opp label coverage: 0.90
Step 3795541/5000000 | Win rate (rollout): 0.64 | Loss: 0.188 | Opp label coverage: 0.85
Step 3796056/5000000 | Win rate (rollout): 0.31 | Loss: 0.181 | Opp label coverage: 0.87
Step 3796568/5000000 | Win rate (rollout): 0.50 | Loss: 0.212 | Opp label coverage: 0.81
Step 3797083/5000000 | Win rate (rollout): 0.62 | Loss: 0.165 | Opp label coverage: 0.90
Step 3797595/5000000 | Win rate (rollout): 0.54 | Loss: 0.194 | Opp label coverage: 0.82
Step 3798107/5000000 | Win rate (rollout): 0.64 | Loss: 0.207 | Opp label coverage: 0.83
Step 3798619/5000000 | Win rate (rollout): 0.56 | Loss: 0.211 | Opp label coverage: 0.81
Step 3799131/5000000 | Win rate (rollout): 0.36 | Loss: 0.204 | Opp label coverage: 0.79
Step 3799643/5000000 | Win rate (rollout): 0.56 | Loss: 0.193 | Opp label coverage: 0.80
Step 3800155/5000000 | Win rate (rollout): 0.45 | Loss: 0.206 | Opp label coverage: 0.84
Step 3800667/5000000 | Win rate (rollout): 0.33 | Loss: 0.194 | Opp label coverage: 0.81
Step 3801181/5000000 | Win rate (rollout): 0.33 | Loss: 0.197 | Opp label coverage: 0.91
Step 3801695/5000000 | Win rate (rollout): 0.53 | Loss: 0.204 | Opp label coverage: 0.92
Step 3802207/5000000 | Win rate (rollout): 0.55 | Loss: 0.187 | Opp label coverage: 0.83
Step 3802723/5000000 | Win rate (rollout): 0.40 | Loss: 0.157 | Opp label coverage: 0.90
Step 3803240/5000000 | Win rate (rollout): 0.50 | Loss: 0.260 | Opp label coverage: 0.90
Step 3803756/5000000 | Win rate (rollout): 0.38 | Loss: 0.161 | Opp label coverage: 0.90
Step 3804269/5000000 | Win rate (rollout): 0.09 | Loss: 0.172 | Opp label coverage: 0.87
Step 3804781/5000000 | Win rate (rollout): 0.62 | Loss: 0.202 | Opp label coverage: 0.84
Step 3805298/5000000 | Win rate (rollout): 0.33 | Loss: 0.175 | Opp label coverage: 0.90
Step 3805813/5000000 | Win rate (rollout): 0.36 | Loss: 0.184 | Opp label coverage: 0.89
Step 3806330/5000000 | Win rate (rollout): 0.47 | Loss: 0.188 | Opp label coverage: 0.90
Step 3806848/5000000 | Win rate (rollout): 0.38 | Loss: 0.220 | Opp label coverage: 0.89
Step 3807362/5000000 | Win rate (rollout): 0.71 | Loss: 0.156 | Opp label coverage: 0.89
Step 3807880/5000000 | Win rate (rollout): 0.27 | Loss: 0.237 | Opp label coverage: 0.87
Step 3808398/5000000 | Win rate (rollout): 0.31 | Loss: 0.182 | Opp label coverage: 0.89
Step 3808912/5000000 | Win rate (rollout): 0.40 | Loss: 0.308 | Opp label coverage: 0.88
Step 3809430/5000000 | Win rate (rollout): 0.56 | Loss: 0.239 | Opp label coverage: 0.87
Step 3809942/5000000 | Win rate (rollout): 0.60 | Loss: 0.215 | Opp label coverage: 0.81
Step 3810459/5000000 | Win rate (rollout): 0.50 | Loss: 0.222 | Opp label coverage: 0.90
Step 3810971/5000000 | Win rate (rollout): 0.62 | Loss: 0.194 | Opp label coverage: 0.79
Step 3811483/5000000 | Win rate (rollout): 0.53 | Loss: 0.229 | Opp label coverage: 0.83
Step 3811995/5000000 | Win rate (rollout): 0.47 | Loss: 0.205 | Opp label coverage: 0.83
Step 3812507/5000000 | Win rate (rollout): 0.73 | Loss: 0.202 | Opp label coverage: 0.85
Step 3813023/5000000 | Win rate (rollout): 0.67 | Loss: 0.164 | Opp label coverage: 0.90
Step 3813541/5000000 | Win rate (rollout): 0.42 | Loss: 0.157 | Opp label coverage: 0.91
Step 3814053/5000000 | Win rate (rollout): 0.55 | Loss: 0.172 | Opp label coverage: 0.86
Step 3814565/5000000 | Win rate (rollout): 0.62 | Loss: 0.258 | Opp label coverage: 0.89
Step 3815081/5000000 | Win rate (rollout): 0.47 | Loss: 0.183 | Opp label coverage: 0.92
Step 3815593/5000000 | Win rate (rollout): 0.55 | Loss: 0.204 | Opp label coverage: 0.83
Step 3816109/5000000 | Win rate (rollout): 0.27 | Loss: 0.230 | Opp label coverage: 0.90
Step 3816623/5000000 | Win rate (rollout): 0.33 | Loss: 0.227 | Opp label coverage: 0.89
Step 3817135/5000000 | Win rate (rollout): 0.57 | Loss: 0.193 | Opp label coverage: 0.84
Step 3817647/5000000 | Win rate (rollout): 0.30 | Loss: 0.197 | Opp label coverage: 0.88
Step 3818159/5000000 | Win rate (rollout): 0.60 | Loss: 0.204 | Opp label coverage: 0.81
Step 3818671/5000000 | Win rate (rollout): 0.36 | Loss: 0.207 | Opp label coverage: 0.84
Step 3819183/5000000 | Win rate (rollout): 0.50 | Loss: 0.221 | Opp label coverage: 0.81
Step 3819695/5000000 | Win rate (rollout): 0.62 | Loss: 0.196 | Opp label coverage: 0.80
Step 3820207/5000000 | Win rate (rollout): 0.54 | Loss: 0.210 | Opp label coverage: 0.90
Step 3820719/5000000 | Win rate (rollout): 0.73 | Loss: 0.206 | Opp label coverage: 0.83
Step 3821231/5000000 | Win rate (rollout): 0.69 | Loss: 0.198 | Opp label coverage: 0.83
Step 3821745/5000000 | Win rate (rollout): 0.45 | Loss: 0.209 | Opp label coverage: 0.89
Step 3822258/5000000 | Win rate (rollout): 0.50 | Loss: 0.237 | Opp label coverage: 0.89
Step 3822770/5000000 | Win rate (rollout): 0.36 | Loss: 0.193 | Opp label coverage: 0.88
Step 3823282/5000000 | Win rate (rollout): 0.64 | Loss: 0.200 | Opp label coverage: 0.83
Step 3823796/5000000 | Win rate (rollout): 0.60 | Loss: 0.161 | Opp label coverage: 0.91
Step 3824308/5000000 | Win rate (rollout): 0.71 | Loss: 0.193 | Opp label coverage: 0.84
Step 3824822/5000000 | Win rate (rollout): 0.44 | Loss: 0.227 | Opp label coverage: 0.89
Step 3825334/5000000 | Win rate (rollout): 0.58 | Loss: 0.207 | Opp label coverage: 0.82
Step 3825851/5000000 | Win rate (rollout): 0.27 | Loss: 0.195 | Opp label coverage: 0.88
Step 3826363/5000000 | Win rate (rollout): 0.29 | Loss: 0.195 | Opp label coverage: 0.84
Step 3826875/5000000 | Win rate (rollout): 0.37 | Loss: 0.226 | Opp label coverage: 0.82
Step 3827391/5000000 | Win rate (rollout): 0.50 | Loss: 0.284 | Opp label coverage: 0.88
Step 3827906/5000000 | Win rate (rollout): 0.67 | Loss: 0.208 | Opp label coverage: 0.91
Step 3828425/5000000 | Win rate (rollout): 0.64 | Loss: 0.171 | Opp label coverage: 0.92
Step 3828937/5000000 | Win rate (rollout): 0.69 | Loss: 0.227 | Opp label coverage: 0.82
Step 3829449/5000000 | Win rate (rollout): 0.33 | Loss: 0.192 | Opp label coverage: 0.77
Step 3829961/5000000 | Win rate (rollout): 0.82 | Loss: 0.194 | Opp label coverage: 0.88
Step 3830473/5000000 | Win rate (rollout): 0.45 | Loss: 0.174 | Opp label coverage: 0.81
Step 3830985/5000000 | Win rate (rollout): 0.47 | Loss: 0.197 | Opp label coverage: 0.84
Step 3831497/5000000 | Win rate (rollout): 0.56 | Loss: 0.188 | Opp label coverage: 0.88
Step 3832010/5000000 | Win rate (rollout): 0.08 | Loss: 0.219 | Opp label coverage: 0.88
Step 3832522/5000000 | Win rate (rollout): 0.64 | Loss: 0.209 | Opp label coverage: 0.82
Step 3833034/5000000 | Win rate (rollout): 0.43 | Loss: 0.206 | Opp label coverage: 0.85
Step 3833549/5000000 | Win rate (rollout): 0.36 | Loss: 0.250 | Opp label coverage: 0.89
Step 3834061/5000000 | Win rate (rollout): 0.70 | Loss: 0.174 | Opp label coverage: 0.82
Step 3834573/5000000 | Win rate (rollout): 0.33 | Loss: 0.200 | Opp label coverage: 0.84
Step 3835085/5000000 | Win rate (rollout): 0.38 | Loss: 0.185 | Opp label coverage: 0.84
Step 3835601/5000000 | Win rate (rollout): 0.44 | Loss: 0.204 | Opp label coverage: 0.89
Step 3836113/5000000 | Win rate (rollout): 0.42 | Loss: 0.223 | Opp label coverage: 0.83
Step 3836625/5000000 | Win rate (rollout): 0.69 | Loss: 0.192 | Opp label coverage: 0.79
Step 3837141/5000000 | Win rate (rollout): 0.73 | Loss: 0.241 | Opp label coverage: 0.89
Step 3837653/5000000 | Win rate (rollout): 0.64 | Loss: 0.193 | Opp label coverage: 0.89
Step 3838165/5000000 | Win rate (rollout): 0.75 | Loss: 0.196 | Opp label coverage: 0.80
Step 3838677/5000000 | Win rate (rollout): 0.60 | Loss: 0.187 | Opp label coverage: 0.92
Step 3839189/5000000 | Win rate (rollout): 0.64 | Loss: 0.216 | Opp label coverage: 0.82
Step 3839702/5000000 | Win rate (rollout): 0.40 | Loss: 0.171 | Opp label coverage: 0.89
Step 3840214/5000000 | Win rate (rollout): 0.53 | Loss: 0.198 | Opp label coverage: 0.88
Step 3840727/5000000 | Win rate (rollout): 0.47 | Loss: 0.290 | Opp label coverage: 0.88
Step 3841239/5000000 | Win rate (rollout): 0.73 | Loss: 0.200 | Opp label coverage: 0.83
Step 3841752/5000000 | Win rate (rollout): 0.44 | Loss: 0.269 | Opp label coverage: 0.88
Step 3842264/5000000 | Win rate (rollout): 0.67 | Loss: 0.219 | Opp label coverage: 0.90
Step 3842776/5000000 | Win rate (rollout): 0.60 | Loss: 0.201 | Opp label coverage: 0.81
Step 3843291/5000000 | Win rate (rollout): 0.33 | Loss: 0.192 | Opp label coverage: 0.88
Step 3843803/5000000 | Win rate (rollout): 0.67 | Loss: 0.206 | Opp label coverage: 0.82
Step 3844315/5000000 | Win rate (rollout): 0.50 | Loss: 0.215 | Opp label coverage: 0.81
Step 3844827/5000000 | Win rate (rollout): 0.38 | Loss: 0.210 | Opp label coverage: 0.90
Step 3845339/5000000 | Win rate (rollout): 0.50 | Loss: 0.194 | Opp label coverage: 0.85
Step 3845851/5000000 | Win rate (rollout): 0.94 | Loss: 0.166 | Opp label coverage: 0.81
Step 3846363/5000000 | Win rate (rollout): 0.54 | Loss: 0.172 | Opp label coverage: 0.81
Step 3846880/5000000 | Win rate (rollout): 0.33 | Loss: 0.212 | Opp label coverage: 0.88
Step 3847397/5000000 | Win rate (rollout): 0.67 | Loss: 0.248 | Opp label coverage: 0.90
Step 3847916/5000000 | Win rate (rollout): 0.46 | Loss: 0.229 | Opp label coverage: 0.89
Step 3848428/5000000 | Win rate (rollout): 0.58 | Loss: 0.228 | Opp label coverage: 0.82
Step 3848944/5000000 | Win rate (rollout): 0.33 | Loss: 0.174 | Opp label coverage: 0.89
Step 3849456/5000000 | Win rate (rollout): 0.73 | Loss: 0.206 | Opp label coverage: 0.79
Step 3849968/5000000 | Win rate (rollout): 0.55 | Loss: 0.202 | Opp label coverage: 0.85
Step 3850483/5000000 | Win rate (rollout): 0.27 | Loss: 0.307 | Opp label coverage: 0.88
Step 3851000/5000000 | Win rate (rollout): 0.62 | Loss: 0.218 | Opp label coverage: 0.90
Step 3851512/5000000 | Win rate (rollout): 0.50 | Loss: 0.166 | Opp label coverage: 0.84
Step 3852029/5000000 | Win rate (rollout): 0.50 | Loss: 0.193 | Opp label coverage: 0.89
Step 3852544/5000000 | Win rate (rollout): 0.53 | Loss: 0.232 | Opp label coverage: 0.91
Step 3853061/5000000 | Win rate (rollout): 0.53 | Loss: 0.231 | Opp label coverage: 0.89
Step 3853573/5000000 | Win rate (rollout): 0.56 | Loss: 0.188 | Opp label coverage: 0.85
Step 3854088/5000000 | Win rate (rollout): 0.22 | Loss: 0.206 | Opp label coverage: 0.88
Step 3854600/5000000 | Win rate (rollout): 0.56 | Loss: 0.194 | Opp label coverage: 0.80
Step 3855112/5000000 | Win rate (rollout): 0.67 | Loss: 0.191 | Opp label coverage: 0.84
Step 3855624/5000000 | Win rate (rollout): 0.75 | Loss: 0.202 | Opp label coverage: 0.80
Step 3856137/5000000 | Win rate (rollout): 0.78 | Loss: 0.281 | Opp label coverage: 0.89
Step 3856649/5000000 | Win rate (rollout): 0.38 | Loss: 0.217 | Opp label coverage: 0.77
Step 3857165/5000000 | Win rate (rollout): 0.67 | Loss: 0.159 | Opp label coverage: 0.88
Step 3857677/5000000 | Win rate (rollout): 0.29 | Loss: 0.205 | Opp label coverage: 0.83
Step 3858189/5000000 | Win rate (rollout): 0.62 | Loss: 0.222 | Opp label coverage: 0.80
Step 3858701/5000000 | Win rate (rollout): 0.55 | Loss: 0.209 | Opp label coverage: 0.83
Step 3859218/5000000 | Win rate (rollout): 0.64 | Loss: 0.182 | Opp label coverage: 0.90
Step 3859731/5000000 | Win rate (rollout): 0.50 | Loss: 0.135 | Opp label coverage: 0.90
Step 3860243/5000000 | Win rate (rollout): 0.44 | Loss: 0.203 | Opp label coverage: 0.83
Step 3860755/5000000 | Win rate (rollout): 0.36 | Loss: 0.203 | Opp label coverage: 0.80
Step 3861268/5000000 | Win rate (rollout): 0.33 | Loss: 0.216 | Opp label coverage: 0.88
Step 3861784/5000000 | Win rate (rollout): 0.47 | Loss: 0.289 | Opp label coverage: 0.89
Step 3862297/5000000 | Win rate (rollout): 0.47 | Loss: 0.212 | Opp label coverage: 0.88
Step 3862809/5000000 | Win rate (rollout): 0.40 | Loss: 0.182 | Opp label coverage: 0.85
Step 3863321/5000000 | Win rate (rollout): 0.59 | Loss: 0.196 | Opp label coverage: 0.86
Step 3863835/5000000 | Win rate (rollout): 0.73 | Loss: 0.204 | Opp label coverage: 0.89
Step 3864350/5000000 | Win rate (rollout): 0.55 | Loss: 0.214 | Opp label coverage: 0.91
Step 3864862/5000000 | Win rate (rollout): 0.42 | Loss: 0.164 | Opp label coverage: 0.81
Step 3865379/5000000 | Win rate (rollout): 0.50 | Loss: 0.286 | Opp label coverage: 0.89
Step 3865895/5000000 | Win rate (rollout): 0.58 | Loss: 0.172 | Opp label coverage: 0.88
Step 3866408/5000000 | Win rate (rollout): 0.46 | Loss: 0.228 | Opp label coverage: 0.90
Step 3866925/5000000 | Win rate (rollout): 0.23 | Loss: 0.190 | Opp label coverage: 0.88
Step 3867438/5000000 | Win rate (rollout): 0.59 | Loss: 0.233 | Opp label coverage: 0.88
Step 3867950/5000000 | Win rate (rollout): 0.44 | Loss: 0.193 | Opp label coverage: 0.79
Step 3868464/5000000 | Win rate (rollout): 0.79 | Loss: 0.166 | Opp label coverage: 0.89
Step 3868976/5000000 | Win rate (rollout): 0.33 | Loss: 0.197 | Opp label coverage: 0.83
Step 3869490/5000000 | Win rate (rollout): 0.44 | Loss: 0.235 | Opp label coverage: 0.88
Step 3870002/5000000 | Win rate (rollout): 0.80 | Loss: 0.207 | Opp label coverage: 0.80
Step 3870520/5000000 | Win rate (rollout): 0.25 | Loss: 0.163 | Opp label coverage: 0.89
Step 3871035/5000000 | Win rate (rollout): 0.67 | Loss: 0.275 | Opp label coverage: 0.91
Step 3871554/5000000 | Win rate (rollout): 0.62 | Loss: 0.198 | Opp label coverage: 0.90
Step 3872072/5000000 | Win rate (rollout): 0.57 | Loss: 0.235 | Opp label coverage: 0.88
Step 3872584/5000000 | Win rate (rollout): 0.46 | Loss: 0.186 | Opp label coverage: 0.81
Step 3873096/5000000 | Win rate (rollout): 0.62 | Loss: 0.185 | Opp label coverage: 0.82
Step 3873614/5000000 | Win rate (rollout): 0.40 | Loss: 0.198 | Opp label coverage: 0.88
Step 3874126/5000000 | Win rate (rollout): 0.58 | Loss: 0.198 | Opp label coverage: 0.82
Step 3874641/5000000 | Win rate (rollout): 0.67 | Loss: 0.221 | Opp label coverage: 0.91
Step 3875153/5000000 | Win rate (rollout): 0.78 | Loss: 0.192 | Opp label coverage: 0.77
Step 3875668/5000000 | Win rate (rollout): 0.67 | Loss: 0.178 | Opp label coverage: 0.90
Step 3876180/5000000 | Win rate (rollout): 0.33 | Loss: 0.202 | Opp label coverage: 0.79
Step 3876692/5000000 | Win rate (rollout): 0.82 | Loss: 0.190 | Opp label coverage: 0.84
Step 3877205/5000000 | Win rate (rollout): 0.60 | Loss: 0.179 | Opp label coverage: 0.90
Step 3877717/5000000 | Win rate (rollout): 0.33 | Loss: 0.177 | Opp label coverage: 0.80
Step 3878234/5000000 | Win rate (rollout): 0.36 | Loss: 0.197 | Opp label coverage: 0.89
Step 3878746/5000000 | Win rate (rollout): 0.43 | Loss: 0.193 | Opp label coverage: 0.90
Step 3879258/5000000 | Win rate (rollout): 0.40 | Loss: 0.214 | Opp label coverage: 0.88
Step 3879770/5000000 | Win rate (rollout): 0.50 | Loss: 0.196 | Opp label coverage: 0.80
Step 3880283/5000000 | Win rate (rollout): 0.70 | Loss: 0.255 | Opp label coverage: 0.89
Step 3880796/5000000 | Win rate (rollout): 0.50 | Loss: 0.243 | Opp label coverage: 0.88
Step 3881308/5000000 | Win rate (rollout): 0.58 | Loss: 0.210 | Opp label coverage: 0.79
Step 3881824/5000000 | Win rate (rollout): 0.50 | Loss: 0.269 | Opp label coverage: 0.91
Step 3882336/5000000 | Win rate (rollout): 0.73 | Loss: 0.190 | Opp label coverage: 0.80
Step 3882848/5000000 | Win rate (rollout): 0.50 | Loss: 0.201 | Opp label coverage: 0.86
Step 3883360/5000000 | Win rate (rollout): 0.50 | Loss: 0.172 | Opp label coverage: 0.84
Step 3883872/5000000 | Win rate (rollout): 0.50 | Loss: 0.206 | Opp label coverage: 0.90
Step 3884384/5000000 | Win rate (rollout): 0.50 | Loss: 0.180 | Opp label coverage: 0.82
Step 3884901/5000000 | Win rate (rollout): 0.67 | Loss: 0.233 | Opp label coverage: 0.87
Step 3885419/5000000 | Win rate (rollout): 0.44 | Loss: 0.267 | Opp label coverage: 0.89
Step 3885935/5000000 | Win rate (rollout): 0.33 | Loss: 0.184 | Opp label coverage: 0.88
Step 3886447/5000000 | Win rate (rollout): 0.85 | Loss: 0.225 | Opp label coverage: 0.83
Step 3886959/5000000 | Win rate (rollout): 0.67 | Loss: 0.176 | Opp label coverage: 0.88
Step 3887471/5000000 | Win rate (rollout): 0.50 | Loss: 0.184 | Opp label coverage: 0.87
Step 3887983/5000000 | Win rate (rollout): 0.41 | Loss: 0.203 | Opp label coverage: 0.78
Step 3888498/5000000 | Win rate (rollout): 0.45 | Loss: 0.224 | Opp label coverage: 0.90
Step 3889011/5000000 | Win rate (rollout): 0.53 | Loss: 0.155 | Opp label coverage: 0.88
Step 3889523/5000000 | Win rate (rollout): 0.67 | Loss: 0.183 | Opp label coverage: 0.76
Step 3890035/5000000 | Win rate (rollout): 0.56 | Loss: 0.186 | Opp label coverage: 0.80
Step 3890551/5000000 | Win rate (rollout): 0.43 | Loss: 0.189 | Opp label coverage: 0.92
Step 3891063/5000000 | Win rate (rollout): 0.60 | Loss: 0.187 | Opp label coverage: 0.84
Step 3891575/5000000 | Win rate (rollout): 0.76 | Loss: 0.217 | Opp label coverage: 0.79
Step 3892087/5000000 | Win rate (rollout): 0.58 | Loss: 0.179 | Opp label coverage: 0.85
Step 3892604/5000000 | Win rate (rollout): 0.64 | Loss: 0.175 | Opp label coverage: 0.88
Step 3893123/5000000 | Win rate (rollout): 0.53 | Loss: 0.169 | Opp label coverage: 0.89
Step 3893635/5000000 | Win rate (rollout): 0.64 | Loss: 0.230 | Opp label coverage: 0.85
Step 3894147/5000000 | Win rate (rollout): 0.40 | Loss: 0.192 | Opp label coverage: 0.80
Step 3894660/5000000 | Win rate (rollout): 0.36 | Loss: 0.236 | Opp label coverage: 0.88
Step 3895177/5000000 | Win rate (rollout): 0.54 | Loss: 0.186 | Opp label coverage: 0.89
Step 3895689/5000000 | Win rate (rollout): 0.64 | Loss: 0.241 | Opp label coverage: 0.82
Step 3896201/5000000 | Win rate (rollout): 0.08 | Loss: 0.228 | Opp label coverage: 0.87
Step 3896713/5000000 | Win rate (rollout): 0.62 | Loss: 0.203 | Opp label coverage: 0.87
Step 3897228/5000000 | Win rate (rollout): 0.36 | Loss: 0.265 | Opp label coverage: 0.88
Step 3897740/5000000 | Win rate (rollout): 0.50 | Loss: 0.195 | Opp label coverage: 0.83
Step 3898252/5000000 | Win rate (rollout): 0.55 | Loss: 0.175 | Opp label coverage: 0.86
Step 3898764/5000000 | Win rate (rollout): 0.58 | Loss: 0.209 | Opp label coverage: 0.80
Step 3899276/5000000 | Win rate (rollout): 0.50 | Loss: 0.212 | Opp label coverage: 0.77
Step 3899788/5000000 | Win rate (rollout): 0.59 | Loss: 0.203 | Opp label coverage: 0.81
Step 3900300/5000000 | Win rate (rollout): 0.59 | Loss: 0.232 | Opp label coverage: 0.78
Step 3900812/5000000 | Win rate (rollout): 0.50 | Loss: 0.198 | Opp label coverage: 0.81
Step 3901324/5000000 | Win rate (rollout): 0.71 | Loss: 0.215 | Opp label coverage: 0.84
Step 3901836/5000000 | Win rate (rollout): 0.64 | Loss: 0.232 | Opp label coverage: 0.88
Step 3902353/5000000 | Win rate (rollout): 0.54 | Loss: 0.229 | Opp label coverage: 0.91
Step 3902870/5000000 | Win rate (rollout): 0.38 | Loss: 0.224 | Opp label coverage: 0.89
Step 3903385/5000000 | Win rate (rollout): 0.64 | Loss: 0.216 | Opp label coverage: 0.92
Step 3903897/5000000 | Win rate (rollout): 0.36 | Loss: 0.184 | Opp label coverage: 0.84
Step 3904409/5000000 | Win rate (rollout): 0.50 | Loss: 0.173 | Opp label coverage: 0.89
Step 3904926/5000000 | Win rate (rollout): 0.47 | Loss: 0.202 | Opp label coverage: 0.91
Step 3905439/5000000 | Win rate (rollout): 0.81 | Loss: 0.155 | Opp label coverage: 0.89
Step 3905951/5000000 | Win rate (rollout): 0.62 | Loss: 0.166 | Opp label coverage: 0.84
Step 3906467/5000000 | Win rate (rollout): 0.42 | Loss: 0.231 | Opp label coverage: 0.88
Step 3906983/5000000 | Win rate (rollout): 0.65 | Loss: 0.225 | Opp label coverage: 0.88
Step 3907495/5000000 | Win rate (rollout): 0.91 | Loss: 0.197 | Opp label coverage: 0.90
Step 3908007/5000000 | Win rate (rollout): 0.80 | Loss: 0.161 | Opp label coverage: 0.81
Step 3908525/5000000 | Win rate (rollout): 0.44 | Loss: 0.250 | Opp label coverage: 0.89
Step 3909037/5000000 | Win rate (rollout): 0.91 | Loss: 0.168 | Opp label coverage: 0.82
Step 3909549/5000000 | Win rate (rollout): 0.62 | Loss: 0.219 | Opp label coverage: 0.84
Step 3910066/5000000 | Win rate (rollout): 0.50 | Loss: 0.177 | Opp label coverage: 0.87
Step 3910583/5000000 | Win rate (rollout): 0.53 | Loss: 0.195 | Opp label coverage: 0.89
Step 3911099/5000000 | Win rate (rollout): 0.53 | Loss: 0.249 | Opp label coverage: 0.88
Step 3911612/5000000 | Win rate (rollout): 0.79 | Loss: 0.166 | Opp label coverage: 0.91
Step 3912124/5000000 | Win rate (rollout): 0.56 | Loss: 0.178 | Opp label coverage: 0.84
Step 3912636/5000000 | Win rate (rollout): 0.62 | Loss: 0.193 | Opp label coverage: 0.80
Step 3913148/5000000 | Win rate (rollout): 0.55 | Loss: 0.218 | Opp label coverage: 0.80
Step 3913660/5000000 | Win rate (rollout): 0.78 | Loss: 0.183 | Opp label coverage: 0.86
Step 3914175/5000000 | Win rate (rollout): 0.55 | Loss: 0.199 | Opp label coverage: 0.89
Step 3914692/5000000 | Win rate (rollout): 0.54 | Loss: 0.195 | Opp label coverage: 0.91
Step 3915204/5000000 | Win rate (rollout): 0.54 | Loss: 0.233 | Opp label coverage: 0.81
Step 3915721/5000000 | Win rate (rollout): 0.60 | Loss: 0.224 | Opp label coverage: 0.87
Step 3916233/5000000 | Win rate (rollout): 0.40 | Loss: 0.193 | Opp label coverage: 0.79
Step 3916746/5000000 | Win rate (rollout): 0.67 | Loss: 0.213 | Opp label coverage: 0.90
Step 3917259/5000000 | Win rate (rollout): 0.67 | Loss: 0.281 | Opp label coverage: 0.90
Step 3917777/5000000 | Win rate (rollout): 0.50 | Loss: 0.225 | Opp label coverage: 0.90
Step 3918289/5000000 | Win rate (rollout): 0.64 | Loss: 0.187 | Opp label coverage: 0.86
Step 3918801/5000000 | Win rate (rollout): 0.54 | Loss: 0.209 | Opp label coverage: 0.81
Step 3919319/5000000 | Win rate (rollout): 0.83 | Loss: 0.156 | Opp label coverage: 0.88
Step 3919833/5000000 | Win rate (rollout): 0.57 | Loss: 0.136 | Opp label coverage: 0.90
Step 3920348/5000000 | Win rate (rollout): 0.75 | Loss: 0.222 | Opp label coverage: 0.89
Step 3920867/5000000 | Win rate (rollout): 0.43 | Loss: 0.229 | Opp label coverage: 0.89
Step 3921379/5000000 | Win rate (rollout): 0.46 | Loss: 0.220 | Opp label coverage: 0.80
Step 3921891/5000000 | Win rate (rollout): 0.22 | Loss: 0.200 | Opp label coverage: 0.80
Step 3922403/5000000 | Win rate (rollout): 0.50 | Loss: 0.207 | Opp label coverage: 0.82
Step 3922915/5000000 | Win rate (rollout): 0.29 | Loss: 0.173 | Opp label coverage: 0.80
Step 3923427/5000000 | Win rate (rollout): 0.50 | Loss: 0.193 | Opp label coverage: 0.82
Step 3923943/5000000 | Win rate (rollout): 0.56 | Loss: 0.179 | Opp label coverage: 0.91
Step 3924462/5000000 | Win rate (rollout): 0.38 | Loss: 0.232 | Opp label coverage: 0.89
Step 3924976/5000000 | Win rate (rollout): 0.46 | Loss: 0.198 | Opp label coverage: 0.89
Step 3925492/5000000 | Win rate (rollout): 0.64 | Loss: 0.229 | Opp label coverage: 0.90
Step 3926004/5000000 | Win rate (rollout): 0.89 | Loss: 0.165 | Opp label coverage: 0.83
Step 3926516/5000000 | Win rate (rollout): 0.62 | Loss: 0.192 | Opp label coverage: 0.83
Step 3927032/5000000 | Win rate (rollout): 0.40 | Loss: 0.215 | Opp label coverage: 0.88
Step 3927544/5000000 | Win rate (rollout): 0.62 | Loss: 0.205 | Opp label coverage: 0.81
Step 3928058/5000000 | Win rate (rollout): 0.88 | Loss: 0.207 | Opp label coverage: 0.90
Step 3928572/5000000 | Win rate (rollout): 0.41 | Loss: 0.237 | Opp label coverage: 0.87
Step 3929084/5000000 | Win rate (rollout): 0.67 | Loss: 0.190 | Opp label coverage: 0.82
Step 3929602/5000000 | Win rate (rollout): 0.60 | Loss: 0.219 | Opp label coverage: 0.89
Step 3930121/5000000 | Win rate (rollout): 0.44 | Loss: 0.203 | Opp label coverage: 0.91
Step 3930633/5000000 | Win rate (rollout): 0.42 | Loss: 0.192 | Opp label coverage: 0.81
Step 3931145/5000000 | Win rate (rollout): 0.59 | Loss: 0.193 | Opp label coverage: 0.82
Step 3931661/5000000 | Win rate (rollout): 0.25 | Loss: 0.149 | Opp label coverage: 0.88
Step 3932178/5000000 | Win rate (rollout): 0.38 | Loss: 0.174 | Opp label coverage: 0.88
Step 3932690/5000000 | Win rate (rollout): 0.46 | Loss: 0.186 | Opp label coverage: 0.90
Step 3933208/5000000 | Win rate (rollout): 0.67 | Loss: 0.201 | Opp label coverage: 0.89
Step 3933727/5000000 | Win rate (rollout): 0.46 | Loss: 0.159 | Opp label coverage: 0.89
Step 3934239/5000000 | Win rate (rollout): 0.31 | Loss: 0.212 | Opp label coverage: 0.82
Step 3934754/5000000 | Win rate (rollout): 0.64 | Loss: 0.153 | Opp label coverage: 0.90
Step 3935268/5000000 | Win rate (rollout): 0.62 | Loss: 0.158 | Opp label coverage: 0.89
Step 3935780/5000000 | Win rate (rollout): 0.83 | Loss: 0.179 | Opp label coverage: 0.84
Step 3936297/5000000 | Win rate (rollout): 0.64 | Loss: 0.200 | Opp label coverage: 0.89
Step 3936809/5000000 | Win rate (rollout): 0.71 | Loss: 0.172 | Opp label coverage: 0.83
Step 3937321/5000000 | Win rate (rollout): 0.42 | Loss: 0.200 | Opp label coverage: 0.80
Step 3937833/5000000 | Win rate (rollout): 0.53 | Loss: 0.247 | Opp label coverage: 0.81
Step 3938345/5000000 | Win rate (rollout): 0.38 | Loss: 0.197 | Opp label coverage: 0.83
Step 3938857/5000000 | Win rate (rollout): 0.42 | Loss: 0.206 | Opp label coverage: 0.88
Step 3939369/5000000 | Win rate (rollout): 0.50 | Loss: 0.184 | Opp label coverage: 0.88
Step 3939881/5000000 | Win rate (rollout): 0.50 | Loss: 0.206 | Opp label coverage: 0.79
Step 3940397/5000000 | Win rate (rollout): 0.67 | Loss: 0.195 | Opp label coverage: 0.88
Step 3940911/5000000 | Win rate (rollout): 0.47 | Loss: 0.249 | Opp label coverage: 0.89
Step 3941423/5000000 | Win rate (rollout): 0.50 | Loss: 0.194 | Opp label coverage: 0.84
Step 3941935/5000000 | Win rate (rollout): 0.60 | Loss: 0.185 | Opp label coverage: 0.84
Step 3942452/5000000 | Win rate (rollout): 0.71 | Loss: 0.187 | Opp label coverage: 0.89
Step 3942964/5000000 | Win rate (rollout): 0.54 | Loss: 0.216 | Opp label coverage: 0.88
Step 3943476/5000000 | Win rate (rollout): 0.43 | Loss: 0.210 | Opp label coverage: 0.80
Step 3943990/5000000 | Win rate (rollout): 0.70 | Loss: 0.107 | Opp label coverage: 0.89
Step 3944502/5000000 | Win rate (rollout): 0.20 | Loss: 0.215 | Opp label coverage: 0.78
Step 3945014/5000000 | Win rate (rollout): 0.42 | Loss: 0.222 | Opp label coverage: 0.88
Step 3945526/5000000 | Win rate (rollout): 0.44 | Loss: 0.231 | Opp label coverage: 0.87
Step 3946042/5000000 | Win rate (rollout): 0.50 | Loss: 0.191 | Opp label coverage: 0.90
Step 3946554/5000000 | Win rate (rollout): 0.50 | Loss: 0.205 | Opp label coverage: 0.82
Step 3947069/5000000 | Win rate (rollout): 0.64 | Loss: 0.189 | Opp label coverage: 0.89
Step 3947581/5000000 | Win rate (rollout): 0.40 | Loss: 0.207 | Opp label coverage: 0.81
Step 3948098/5000000 | Win rate (rollout): 0.67 | Loss: 0.165 | Opp label coverage: 0.88
Step 3948615/5000000 | Win rate (rollout): 0.47 | Loss: 0.188 | Opp label coverage: 0.87
Step 3949127/5000000 | Win rate (rollout): 0.56 | Loss: 0.222 | Opp label coverage: 0.80
Step 3949639/5000000 | Win rate (rollout): 0.30 | Loss: 0.180 | Opp label coverage: 0.82
Step 3950151/5000000 | Win rate (rollout): 0.40 | Loss: 0.209 | Opp label coverage: 0.80
Step 3950663/5000000 | Win rate (rollout): 0.50 | Loss: 0.202 | Opp label coverage: 0.84
Step 3951182/5000000 | Win rate (rollout): 0.38 | Loss: 0.225 | Opp label coverage: 0.87
Step 3951694/5000000 | Win rate (rollout): 0.57 | Loss: 0.194 | Opp label coverage: 0.82
Step 3952206/5000000 | Win rate (rollout): 0.47 | Loss: 0.247 | Opp label coverage: 0.84
Step 3952720/5000000 | Win rate (rollout): 0.75 | Loss: 0.211 | Opp label coverage: 0.92
Step 3953232/5000000 | Win rate (rollout): 0.73 | Loss: 0.175 | Opp label coverage: 0.78
Step 3953744/5000000 | Win rate (rollout): 0.45 | Loss: 0.190 | Opp label coverage: 0.80
Step 3954256/5000000 | Win rate (rollout): 0.65 | Loss: 0.202 | Opp label coverage: 0.83
Step 3954768/5000000 | Win rate (rollout): 0.76 | Loss: 0.226 | Opp label coverage: 0.80
Step 3955280/5000000 | Win rate (rollout): 0.75 | Loss: 0.176 | Opp label coverage: 0.77
Step 3955792/5000000 | Win rate (rollout): 0.33 | Loss: 0.194 | Opp label coverage: 0.83
Step 3956307/5000000 | Win rate (rollout): 0.33 | Loss: 0.217 | Opp label coverage: 0.87
Step 3956819/5000000 | Win rate (rollout): 0.70 | Loss: 0.194 | Opp label coverage: 0.83
Step 3957331/5000000 | Win rate (rollout): 0.43 | Loss: 0.173 | Opp label coverage: 0.83
Step 3957843/5000000 | Win rate (rollout): 0.53 | Loss: 0.209 | Opp label coverage: 0.77
Step 3958355/5000000 | Win rate (rollout): 0.50 | Loss: 0.231 | Opp label coverage: 0.89
Step 3958870/5000000 | Win rate (rollout): 0.67 | Loss: 0.256 | Opp label coverage: 0.91
Step 3959388/5000000 | Win rate (rollout): 0.57 | Loss: 0.208 | Opp label coverage: 0.90
Step 3959900/5000000 | Win rate (rollout): 0.79 | Loss: 0.182 | Opp label coverage: 0.82
Step 3960414/5000000 | Win rate (rollout): 0.40 | Loss: 0.176 | Opp label coverage: 0.87
Step 3960932/5000000 | Win rate (rollout): 0.43 | Loss: 0.202 | Opp label coverage: 0.87
Step 3961444/5000000 | Win rate (rollout): 0.25 | Loss: 0.210 | Opp label coverage: 0.90
Step 3961956/5000000 | Win rate (rollout): 0.50 | Loss: 0.198 | Opp label coverage: 0.82
Step 3962472/5000000 | Win rate (rollout): 0.43 | Loss: 0.275 | Opp label coverage: 0.86
Step 3962989/5000000 | Win rate (rollout): 0.54 | Loss: 0.211 | Opp label coverage: 0.91
Step 3963504/5000000 | Win rate (rollout): 0.83 | Loss: 0.180 | Opp label coverage: 0.90
Step 3964019/5000000 | Win rate (rollout): 0.36 | Loss: 0.254 | Opp label coverage: 0.91
Step 3964531/5000000 | Win rate (rollout): 0.69 | Loss: 0.189 | Opp label coverage: 0.81
Step 3965043/5000000 | Win rate (rollout): 0.53 | Loss: 0.189 | Opp label coverage: 0.84
Step 3965555/5000000 | Win rate (rollout): 0.56 | Loss: 0.190 | Opp label coverage: 0.78
Step 3966067/5000000 | Win rate (rollout): 0.79 | Loss: 0.188 | Opp label coverage: 0.87
Step 3966582/5000000 | Win rate (rollout): 0.64 | Loss: 0.233 | Opp label coverage: 0.89
Step 3967094/5000000 | Win rate (rollout): 0.64 | Loss: 0.226 | Opp label coverage: 0.77
Step 3967609/5000000 | Win rate (rollout): 0.29 | Loss: 0.193 | Opp label coverage: 0.87
Step 3968121/5000000 | Win rate (rollout): 0.89 | Loss: 0.192 | Opp label coverage: 0.84
Step 3968633/5000000 | Win rate (rollout): 0.22 | Loss: 0.200 | Opp label coverage: 0.89
Step 3969149/5000000 | Win rate (rollout): 0.38 | Loss: 0.192 | Opp label coverage: 0.89
Step 3969662/5000000 | Win rate (rollout): 0.20 | Loss: 0.206 | Opp label coverage: 0.88
Step 3970174/5000000 | Win rate (rollout): 0.36 | Loss: 0.194 | Opp label coverage: 0.82
Step 3970690/5000000 | Win rate (rollout): 0.60 | Loss: 0.219 | Opp label coverage: 0.90
Step 3971202/5000000 | Win rate (rollout): 0.33 | Loss: 0.172 | Opp label coverage: 0.83
Step 3971714/5000000 | Win rate (rollout): 0.50 | Loss: 0.172 | Opp label coverage: 0.79
Step 3972226/5000000 | Win rate (rollout): 0.60 | Loss: 0.179 | Opp label coverage: 0.89
Step 3972743/5000000 | Win rate (rollout): 0.38 | Loss: 0.232 | Opp label coverage: 0.90
Step 3973258/5000000 | Win rate (rollout): 0.29 | Loss: 0.267 | Opp label coverage: 0.88
Step 3973770/5000000 | Win rate (rollout): 0.62 | Loss: 0.205 | Opp label coverage: 0.86
Step 3974282/5000000 | Win rate (rollout): 0.50 | Loss: 0.195 | Opp label coverage: 0.87
Step 3974798/5000000 | Win rate (rollout): 0.31 | Loss: 0.223 | Opp label coverage: 0.88
Step 3975310/5000000 | Win rate (rollout): 0.67 | Loss: 0.182 | Opp label coverage: 0.86
Step 3975822/5000000 | Win rate (rollout): 0.50 | Loss: 0.194 | Opp label coverage: 0.78
Step 3976340/5000000 | Win rate (rollout): 0.50 | Loss: 0.170 | Opp label coverage: 0.90
Step 3976852/5000000 | Win rate (rollout): 0.38 | Loss: 0.235 | Opp label coverage: 0.83
Step 3977364/5000000 | Win rate (rollout): 0.50 | Loss: 0.176 | Opp label coverage: 0.90
Step 3977876/5000000 | Win rate (rollout): 0.82 | Loss: 0.194 | Opp label coverage: 0.82
Step 3978393/5000000 | Win rate (rollout): 0.50 | Loss: 0.217 | Opp label coverage: 0.89
Step 3978907/5000000 | Win rate (rollout): 0.40 | Loss: 0.219 | Opp label coverage: 0.90
Step 3979425/5000000 | Win rate (rollout): 0.59 | Loss: 0.228 | Opp label coverage: 0.89
Step 3979937/5000000 | Win rate (rollout): 0.62 | Loss: 0.179 | Opp label coverage: 0.88
Step 3980449/5000000 | Win rate (rollout): 0.64 | Loss: 0.203 | Opp label coverage: 0.90
Step 3980962/5000000 | Win rate (rollout): 0.50 | Loss: 0.147 | Opp label coverage: 0.90
Step 3981474/5000000 | Win rate (rollout): 0.60 | Loss: 0.194 | Opp label coverage: 0.85
Step 3981989/5000000 | Win rate (rollout): 0.60 | Loss: 0.196 | Opp label coverage: 0.91
Step 3982504/5000000 | Win rate (rollout): 0.53 | Loss: 0.229 | Opp label coverage: 0.89
Step 3983017/5000000 | Win rate (rollout): 0.50 | Loss: 0.247 | Opp label coverage: 0.87
Step 3983529/5000000 | Win rate (rollout): 0.81 | Loss: 0.230 | Opp label coverage: 0.81
Step 3984044/5000000 | Win rate (rollout): 0.50 | Loss: 0.249 | Opp label coverage: 0.88
Step 3984559/5000000 | Win rate (rollout): 0.75 | Loss: 0.248 | Opp label coverage: 0.90
Step 3985071/5000000 | Win rate (rollout): 0.83 | Loss: 0.184 | Opp label coverage: 0.85
Step 3985583/5000000 | Win rate (rollout): 0.82 | Loss: 0.220 | Opp label coverage: 0.90
Step 3986095/5000000 | Win rate (rollout): 0.50 | Loss: 0.205 | Opp label coverage: 0.83
Step 3986611/5000000 | Win rate (rollout): 0.50 | Loss: 0.190 | Opp label coverage: 0.88
Step 3987128/5000000 | Win rate (rollout): 0.59 | Loss: 0.223 | Opp label coverage: 0.89
Step 3987640/5000000 | Win rate (rollout): 0.50 | Loss: 0.233 | Opp label coverage: 0.89
Step 3988152/5000000 | Win rate (rollout): 0.57 | Loss: 0.192 | Opp label coverage: 0.84
Step 3988664/5000000 | Win rate (rollout): 0.50 | Loss: 0.216 | Opp label coverage: 0.82
Step 3989176/5000000 | Win rate (rollout): 0.91 | Loss: 0.205 | Opp label coverage: 0.85
Step 3989691/5000000 | Win rate (rollout): 0.50 | Loss: 0.135 | Opp label coverage: 0.90
Step 3990203/5000000 | Win rate (rollout): 0.57 | Loss: 0.183 | Opp label coverage: 0.82
Step 3990721/5000000 | Win rate (rollout): 0.82 | Loss: 0.223 | Opp label coverage: 0.92
Step 3991240/5000000 | Win rate (rollout): 0.50 | Loss: 0.215 | Opp label coverage: 0.89
Step 3991752/5000000 | Win rate (rollout): 0.80 | Loss: 0.199 | Opp label coverage: 0.84
Step 3992269/5000000 | Win rate (rollout): 0.60 | Loss: 0.208 | Opp label coverage: 0.90
Step 3992783/5000000 | Win rate (rollout): 0.31 | Loss: 0.241 | Opp label coverage: 0.89
Step 3993301/5000000 | Win rate (rollout): 0.55 | Loss: 0.187 | Opp label coverage: 0.91
Step 3993813/5000000 | Win rate (rollout): 0.67 | Loss: 0.197 | Opp label coverage: 0.81
Step 3994332/5000000 | Win rate (rollout): 0.70 | Loss: 0.207 | Opp label coverage: 0.90
Step 3994844/5000000 | Win rate (rollout): 0.90 | Loss: 0.186 | Opp label coverage: 0.83
Step 3995356/5000000 | Win rate (rollout): 0.55 | Loss: 0.181 | Opp label coverage: 0.79
Step 3995874/5000000 | Win rate (rollout): 0.45 | Loss: 0.202 | Opp label coverage: 0.89
Step 3996386/5000000 | Win rate (rollout): 0.75 | Loss: 0.167 | Opp label coverage: 0.83
Step 3996904/5000000 | Win rate (rollout): 0.54 | Loss: 0.236 | Opp label coverage: 0.89
Step 3997421/5000000 | Win rate (rollout): 0.53 | Loss: 0.191 | Opp label coverage: 0.88
Step 3997933/5000000 | Win rate (rollout): 0.50 | Loss: 0.220 | Opp label coverage: 0.84
Step 3998445/5000000 | Win rate (rollout): 0.42 | Loss: 0.218 | Opp label coverage: 0.79
Step 3998959/5000000 | Win rate (rollout): 0.75 | Loss: 0.117 | Opp label coverage: 0.90
Step 3999473/5000000 | Win rate (rollout): 0.64 | Loss: 0.200 | Opp label coverage: 0.91
Step 3999988/5000000 | Win rate (rollout): 0.53 | Loss: 0.207 | Opp label coverage: 0.89
[checkpoint] Saved models/ppo/checkpoints/m9p2c/ppo_step_4000060.pt
Step 4000500/5000000 | Win rate (rollout): 0.31 | Loss: 0.178 | Opp label coverage: 0.82
Step 4001012/5000000 | Win rate (rollout): 0.71 | Loss: 0.172 | Opp label coverage: 0.83
Step 4001524/5000000 | Win rate (rollout): 0.69 | Loss: 0.184 | Opp label coverage: 0.83
Step 4002036/5000000 | Win rate (rollout): 0.79 | Loss: 0.167 | Opp label coverage: 0.84
Step 4002548/5000000 | Win rate (rollout): 0.64 | Loss: 0.177 | Opp label coverage: 0.83
Step 4003061/5000000 | Win rate (rollout): 0.67 | Loss: 0.161 | Opp label coverage: 0.88
Step 4003573/5000000 | Win rate (rollout): 0.71 | Loss: 0.190 | Opp label coverage: 0.86
Step 4004085/5000000 | Win rate (rollout): 0.69 | Loss: 0.203 | Opp label coverage: 0.85
Step 4004600/5000000 | Win rate (rollout): 0.50 | Loss: 0.205 | Opp label coverage: 0.88
Step 4005112/5000000 | Win rate (rollout): 0.75 | Loss: 0.228 | Opp label coverage: 0.81
Step 4005626/5000000 | Win rate (rollout): 0.60 | Loss: 0.157 | Opp label coverage: 0.89
Step 4006138/5000000 | Win rate (rollout): 0.64 | Loss: 0.205 | Opp label coverage: 0.81
Step 4006650/5000000 | Win rate (rollout): 0.33 | Loss: 0.182 | Opp label coverage: 0.79
Step 4007162/5000000 | Win rate (rollout): 0.64 | Loss: 0.216 | Opp label coverage: 0.88
Step 4007674/5000000 | Win rate (rollout): 0.57 | Loss: 0.170 | Opp label coverage: 0.90
Step 4008190/5000000 | Win rate (rollout): 0.46 | Loss: 0.209 | Opp label coverage: 0.89
Step 4008702/5000000 | Win rate (rollout): 0.27 | Loss: 0.199 | Opp label coverage: 0.85
Step 4009220/5000000 | Win rate (rollout): 0.42 | Loss: 0.215 | Opp label coverage: 0.88
Step 4009735/5000000 | Win rate (rollout): 0.54 | Loss: 0.235 | Opp label coverage: 0.90
Step 4010247/5000000 | Win rate (rollout): 0.38 | Loss: 0.210 | Opp label coverage: 0.84
Step 4010763/5000000 | Win rate (rollout): 0.29 | Loss: 0.246 | Opp label coverage: 0.87
Step 4011278/5000000 | Win rate (rollout): 0.43 | Loss: 0.215 | Opp label coverage: 0.90
Step 4011790/5000000 | Win rate (rollout): 0.54 | Loss: 0.212 | Opp label coverage: 0.82
Step 4012302/5000000 | Win rate (rollout): 0.56 | Loss: 0.210 | Opp label coverage: 0.81
Step 4012817/5000000 | Win rate (rollout): 0.22 | Loss: 0.149 | Opp label coverage: 0.87
Step 4013329/5000000 | Win rate (rollout): 0.55 | Loss: 0.242 | Opp label coverage: 0.78
Step 4013844/5000000 | Win rate (rollout): 0.60 | Loss: 0.206 | Opp label coverage: 0.89
Step 4014356/5000000 | Win rate (rollout): 0.31 | Loss: 0.201 | Opp label coverage: 0.89
Step 4014868/5000000 | Win rate (rollout): 0.38 | Loss: 0.191 | Opp label coverage: 0.86
Step 4015380/5000000 | Win rate (rollout): 0.62 | Loss: 0.209 | Opp label coverage: 0.79
Step 4015893/5000000 | Win rate (rollout): 0.33 | Loss: 0.227 | Opp label coverage: 0.88
Step 4016409/5000000 | Win rate (rollout): 0.50 | Loss: 0.158 | Opp label coverage: 0.92
Step 4016922/5000000 | Win rate (rollout): 0.44 | Loss: 0.207 | Opp label coverage: 0.90
Step 4017434/5000000 | Win rate (rollout): 0.46 | Loss: 0.217 | Opp label coverage: 0.82
Step 4017950/5000000 | Win rate (rollout): 0.70 | Loss: 0.177 | Opp label coverage: 0.89
Step 4018462/5000000 | Win rate (rollout): 0.50 | Loss: 0.199 | Opp label coverage: 0.80
Step 4018974/5000000 | Win rate (rollout): 0.45 | Loss: 0.216 | Opp label coverage: 0.84
Step 4019486/5000000 | Win rate (rollout): 0.47 | Loss: 0.198 | Opp label coverage: 0.83
Step 4020003/5000000 | Win rate (rollout): 0.91 | Loss: 0.183 | Opp label coverage: 0.91
Step 4020519/5000000 | Win rate (rollout): 0.33 | Loss: 0.206 | Opp label coverage: 0.88
Step 4021031/5000000 | Win rate (rollout): 0.57 | Loss: 0.179 | Opp label coverage: 0.82
Step 4021543/5000000 | Win rate (rollout): 0.57 | Loss: 0.196 | Opp label coverage: 0.86
Step 4022059/5000000 | Win rate (rollout): 0.55 | Loss: 0.188 | Opp label coverage: 0.90
Step 4022572/5000000 | Win rate (rollout): 0.46 | Loss: 0.096 | Opp label coverage: 0.90
Step 4023085/5000000 | Win rate (rollout): 0.33 | Loss: 0.290 | Opp label coverage: 0.90
Step 4023597/5000000 | Win rate (rollout): 0.33 | Loss: 0.203 | Opp label coverage: 0.81
Step 4024110/5000000 | Win rate (rollout): 0.40 | Loss: 0.217 | Opp label coverage: 0.89
Step 4024627/5000000 | Win rate (rollout): 0.64 | Loss: 0.211 | Opp label coverage: 0.90
Step 4025139/5000000 | Win rate (rollout): 0.46 | Loss: 0.192 | Opp label coverage: 0.80
Step 4025651/5000000 | Win rate (rollout): 0.44 | Loss: 0.187 | Opp label coverage: 0.80
Step 4026164/5000000 | Win rate (rollout): 0.78 | Loss: 0.184 | Opp label coverage: 0.89
Step 4026676/5000000 | Win rate (rollout): 0.55 | Loss: 0.185 | Opp label coverage: 0.79
Step 4027188/5000000 | Win rate (rollout): 0.71 | Loss: 0.164 | Opp label coverage: 0.84
Step 4027700/5000000 | Win rate (rollout): 0.50 | Loss: 0.213 | Opp label coverage: 0.83
Step 4028215/5000000 | Win rate (rollout): 0.33 | Loss: 0.266 | Opp label coverage: 0.92
Step 4028732/5000000 | Win rate (rollout): 0.54 | Loss: 0.187 | Opp label coverage: 0.89
Step 4029249/5000000 | Win rate (rollout): 0.40 | Loss: 0.201 | Opp label coverage: 0.88
Step 4029767/5000000 | Win rate (rollout): 0.64 | Loss: 0.212 | Opp label coverage: 0.89
Step 4030279/5000000 | Win rate (rollout): 0.67 | Loss: 0.227 | Opp label coverage: 0.83
Step 4030791/5000000 | Win rate (rollout): 0.60 | Loss: 0.171 | Opp label coverage: 0.80
Step 4031309/5000000 | Win rate (rollout): 0.73 | Loss: 0.204 | Opp label coverage: 0.90
Step 4031821/5000000 | Win rate (rollout): 0.25 | Loss: 0.183 | Opp label coverage: 0.81
Step 4032333/5000000 | Win rate (rollout): 0.56 | Loss: 0.159 | Opp label coverage: 0.92
Step 4032845/5000000 | Win rate (rollout): 0.55 | Loss: 0.209 | Opp label coverage: 0.86
Step 4033362/5000000 | Win rate (rollout): 0.38 | Loss: 0.241 | Opp label coverage: 0.87
Step 4033874/5000000 | Win rate (rollout): 0.36 | Loss: 0.203 | Opp label coverage: 0.82
Step 4034392/5000000 | Win rate (rollout): 0.60 | Loss: 0.238 | Opp label coverage: 0.90
Step 4034910/5000000 | Win rate (rollout): 0.36 | Loss: 0.179 | Opp label coverage: 0.89
Step 4035423/5000000 | Win rate (rollout): 0.50 | Loss: 0.218 | Opp label coverage: 0.88
Step 4035935/5000000 | Win rate (rollout): 0.88 | Loss: 0.216 | Opp label coverage: 0.83
Step 4036450/5000000 | Win rate (rollout): 0.50 | Loss: 0.202 | Opp label coverage: 0.89
Step 4036962/5000000 | Win rate (rollout): 0.60 | Loss: 0.200 | Opp label coverage: 0.83
Step 4037480/5000000 | Win rate (rollout): 0.45 | Loss: 0.262 | Opp label coverage: 0.89
Step 4037992/5000000 | Win rate (rollout): 0.46 | Loss: 0.225 | Opp label coverage: 0.81
Step 4038505/5000000 | Win rate (rollout): 0.70 | Loss: 0.255 | Opp label coverage: 0.90
Step 4039017/5000000 | Win rate (rollout): 0.58 | Loss: 0.183 | Opp label coverage: 0.76
Step 4039531/5000000 | Win rate (rollout): 0.22 | Loss: 0.266 | Opp label coverage: 0.89
Step 4040045/5000000 | Win rate (rollout): 0.67 | Loss: 0.269 | Opp label coverage: 0.92
Step 4040557/5000000 | Win rate (rollout): 0.69 | Loss: 0.183 | Opp label coverage: 0.82
Step 4041076/5000000 | Win rate (rollout): 0.60 | Loss: 0.244 | Opp label coverage: 0.88
Step 4041594/5000000 | Win rate (rollout): 0.68 | Loss: 0.200 | Opp label coverage: 0.90
Step 4042112/5000000 | Win rate (rollout): 0.36 | Loss: 0.237 | Opp label coverage: 0.87
Step 4042631/5000000 | Win rate (rollout): 0.38 | Loss: 0.183 | Opp label coverage: 0.89
Step 4043144/5000000 | Win rate (rollout): 0.38 | Loss: 0.240 | Opp label coverage: 0.88
Step 4043656/5000000 | Win rate (rollout): 0.67 | Loss: 0.203 | Opp label coverage: 0.83
Step 4044171/5000000 | Win rate (rollout): 0.70 | Loss: 0.222 | Opp label coverage: 0.88
Step 4044687/5000000 | Win rate (rollout): 0.81 | Loss: 0.169 | Opp label coverage: 0.89
Step 4045199/5000000 | Win rate (rollout): 0.80 | Loss: 0.215 | Opp label coverage: 0.83
Step 4045716/5000000 | Win rate (rollout): 0.45 | Loss: 0.235 | Opp label coverage: 0.89
Step 4046228/5000000 | Win rate (rollout): 0.42 | Loss: 0.171 | Opp label coverage: 0.88
Step 4046747/5000000 | Win rate (rollout): 0.36 | Loss: 0.232 | Opp label coverage: 0.88
Step 4047259/5000000 | Win rate (rollout): 0.83 | Loss: 0.195 | Opp label coverage: 0.81
Step 4047773/5000000 | Win rate (rollout): 0.60 | Loss: 0.235 | Opp label coverage: 0.88
Step 4048286/5000000 | Win rate (rollout): 0.38 | Loss: 0.207 | Opp label coverage: 0.88
Step 4048803/5000000 | Win rate (rollout): 0.47 | Loss: 0.175 | Opp label coverage: 0.90
Step 4049315/5000000 | Win rate (rollout): 0.43 | Loss: 0.169 | Opp label coverage: 0.81
Step 4049829/5000000 | Win rate (rollout): 0.75 | Loss: 0.194 | Opp label coverage: 0.90
Step 4050346/5000000 | Win rate (rollout): 0.64 | Loss: 0.199 | Opp label coverage: 0.90
Step 4050859/5000000 | Win rate (rollout): 0.50 | Loss: 0.237 | Opp label coverage: 0.90
Step 4051371/5000000 | Win rate (rollout): 0.47 | Loss: 0.207 | Opp label coverage: 0.81
Step 4051883/5000000 | Win rate (rollout): 0.59 | Loss: 0.242 | Opp label coverage: 0.82
Step 4052400/5000000 | Win rate (rollout): 0.33 | Loss: 0.208 | Opp label coverage: 0.90
Step 4052914/5000000 | Win rate (rollout): 0.33 | Loss: 0.240 | Opp label coverage: 0.87
Step 4053426/5000000 | Win rate (rollout): 0.38 | Loss: 0.194 | Opp label coverage: 0.81
Step 4053938/5000000 | Win rate (rollout): 0.42 | Loss: 0.224 | Opp label coverage: 0.87
Step 4054450/5000000 | Win rate (rollout): 0.80 | Loss: 0.198 | Opp label coverage: 0.87
Step 4054962/5000000 | Win rate (rollout): 0.57 | Loss: 0.196 | Opp label coverage: 0.82
Step 4055474/5000000 | Win rate (rollout): 0.62 | Loss: 0.197 | Opp label coverage: 0.83
Step 4055986/5000000 | Win rate (rollout): 0.90 | Loss: 0.203 | Opp label coverage: 0.90
Step 4056498/5000000 | Win rate (rollout): 0.36 | Loss: 0.196 | Opp label coverage: 0.82
Step 4057010/5000000 | Win rate (rollout): 0.72 | Loss: 0.196 | Opp label coverage: 0.83
Step 4057523/5000000 | Win rate (rollout): 0.50 | Loss: 0.200 | Opp label coverage: 0.89
Step 4058035/5000000 | Win rate (rollout): 0.78 | Loss: 0.182 | Opp label coverage: 0.79
Step 4058547/5000000 | Win rate (rollout): 0.71 | Loss: 0.225 | Opp label coverage: 0.81
Step 4059059/5000000 | Win rate (rollout): 0.75 | Loss: 0.215 | Opp label coverage: 0.89
Step 4059575/5000000 | Win rate (rollout): 0.47 | Loss: 0.180 | Opp label coverage: 0.91
Step 4060087/5000000 | Win rate (rollout): 0.55 | Loss: 0.183 | Opp label coverage: 0.78
Step 4060599/5000000 | Win rate (rollout): 0.56 | Loss: 0.193 | Opp label coverage: 0.83
Step 4061111/5000000 | Win rate (rollout): 0.40 | Loss: 0.217 | Opp label coverage: 0.83
Step 4061629/5000000 | Win rate (rollout): 0.86 | Loss: 0.223 | Opp label coverage: 0.91
Step 4062144/5000000 | Win rate (rollout): 0.64 | Loss: 0.135 | Opp label coverage: 0.92
Step 4062661/5000000 | Win rate (rollout): 0.81 | Loss: 0.170 | Opp label coverage: 0.91
Step 4063176/5000000 | Win rate (rollout): 0.43 | Loss: 0.232 | Opp label coverage: 0.88
Step 4063688/5000000 | Win rate (rollout): 1.00 | Loss: 0.180 | Opp label coverage: 0.87
Step 4064202/5000000 | Win rate (rollout): 0.88 | Loss: 0.236 | Opp label coverage: 0.91
Step 4064714/5000000 | Win rate (rollout): 0.54 | Loss: 0.205 | Opp label coverage: 0.83
Step 4065227/5000000 | Win rate (rollout): 0.45 | Loss: 0.208 | Opp label coverage: 0.88
Step 4065741/5000000 | Win rate (rollout): 0.50 | Loss: 0.266 | Opp label coverage: 0.89
Step 4066253/5000000 | Win rate (rollout): 0.38 | Loss: 0.213 | Opp label coverage: 0.85
Step 4066765/5000000 | Win rate (rollout): 0.13 | Loss: 0.180 | Opp label coverage: 0.85
Step 4067277/5000000 | Win rate (rollout): 0.40 | Loss: 0.179 | Opp label coverage: 0.84
Step 4067789/5000000 | Win rate (rollout): 0.35 | Loss: 0.207 | Opp label coverage: 0.80
Step 4068301/5000000 | Win rate (rollout): 0.43 | Loss: 0.167 | Opp label coverage: 0.82
Step 4068813/5000000 | Win rate (rollout): 0.50 | Loss: 0.211 | Opp label coverage: 0.88
Step 4069331/5000000 | Win rate (rollout): 0.50 | Loss: 0.229 | Opp label coverage: 0.90
Step 4069843/5000000 | Win rate (rollout): 0.50 | Loss: 0.204 | Opp label coverage: 0.79
Step 4070358/5000000 | Win rate (rollout): 0.50 | Loss: 0.181 | Opp label coverage: 0.90
Step 4070870/5000000 | Win rate (rollout): 0.27 | Loss: 0.220 | Opp label coverage: 0.88
Step 4071382/5000000 | Win rate (rollout): 0.36 | Loss: 0.205 | Opp label coverage: 0.84
Step 4071894/5000000 | Win rate (rollout): 0.36 | Loss: 0.218 | Opp label coverage: 0.87
Step 4072408/5000000 | Win rate (rollout): 0.46 | Loss: 0.225 | Opp label coverage: 0.88
Step 4072925/5000000 | Win rate (rollout): 0.50 | Loss: 0.162 | Opp label coverage: 0.88
Step 4073438/5000000 | Win rate (rollout): 0.77 | Loss: 0.300 | Opp label coverage: 0.90
Step 4073950/5000000 | Win rate (rollout): 0.46 | Loss: 0.229 | Opp label coverage: 0.78
Step 4074462/5000000 | Win rate (rollout): 0.64 | Loss: 0.181 | Opp label coverage: 0.79
Step 4074977/5000000 | Win rate (rollout): 0.50 | Loss: 0.215 | Opp label coverage: 0.90
Step 4075492/5000000 | Win rate (rollout): 0.58 | Loss: 0.180 | Opp label coverage: 0.90
Step 4076010/5000000 | Win rate (rollout): 0.43 | Loss: 0.247 | Opp label coverage: 0.89
Step 4076528/5000000 | Win rate (rollout): 0.56 | Loss: 0.162 | Opp label coverage: 0.89
Step 4077041/5000000 | Win rate (rollout): 0.64 | Loss: 0.248 | Opp label coverage: 0.91
Step 4077554/5000000 | Win rate (rollout): 0.56 | Loss: 0.190 | Opp label coverage: 0.87
Step 4078066/5000000 | Win rate (rollout): 0.44 | Loss: 0.218 | Opp label coverage: 0.81
Step 4078578/5000000 | Win rate (rollout): 0.89 | Loss: 0.192 | Opp label coverage: 0.86
Step 4079090/5000000 | Win rate (rollout): 0.54 | Loss: 0.184 | Opp label coverage: 0.79
Step 4079605/5000000 | Win rate (rollout): 0.44 | Loss: 0.243 | Opp label coverage: 0.89
Step 4080117/5000000 | Win rate (rollout): 0.18 | Loss: 0.228 | Opp label coverage: 0.81
Step 4080629/5000000 | Win rate (rollout): 0.57 | Loss: 0.199 | Opp label coverage: 0.83
Step 4081141/5000000 | Win rate (rollout): 0.50 | Loss: 0.209 | Opp label coverage: 0.79
Step 4081657/5000000 | Win rate (rollout): 0.67 | Loss: 0.236 | Opp label coverage: 0.89
Step 4082175/5000000 | Win rate (rollout): 0.58 | Loss: 0.169 | Opp label coverage: 0.91
Step 4082687/5000000 | Win rate (rollout): 0.40 | Loss: 0.197 | Opp label coverage: 0.84
Step 4083206/5000000 | Win rate (rollout): 0.13 | Loss: 0.194 | Opp label coverage: 0.86
Step 4083718/5000000 | Win rate (rollout): 0.67 | Loss: 0.193 | Opp label coverage: 0.76
Step 4084230/5000000 | Win rate (rollout): 0.53 | Loss: 0.198 | Opp label coverage: 0.81
Step 4084742/5000000 | Win rate (rollout): 0.89 | Loss: 0.190 | Opp label coverage: 0.84
Step 4085255/5000000 | Win rate (rollout): 0.30 | Loss: 0.247 | Opp label coverage: 0.89
Step 4085767/5000000 | Win rate (rollout): 0.67 | Loss: 0.229 | Opp label coverage: 0.89
Step 4086279/5000000 | Win rate (rollout): 0.80 | Loss: 0.181 | Opp label coverage: 0.76
Step 4086791/5000000 | Win rate (rollout): 0.75 | Loss: 0.180 | Opp label coverage: 0.85
Step 4087305/5000000 | Win rate (rollout): 0.45 | Loss: 0.143 | Opp label coverage: 0.89
Step 4087824/5000000 | Win rate (rollout): 0.36 | Loss: 0.228 | Opp label coverage: 0.88
Step 4088336/5000000 | Win rate (rollout): 0.46 | Loss: 0.210 | Opp label coverage: 0.82
Step 4088853/5000000 | Win rate (rollout): 0.38 | Loss: 0.177 | Opp label coverage: 0.89
Step 4089365/5000000 | Win rate (rollout): 0.65 | Loss: 0.228 | Opp label coverage: 0.89
Step 4089879/5000000 | Win rate (rollout): 0.50 | Loss: 0.190 | Opp label coverage: 0.88
Step 4090394/5000000 | Win rate (rollout): 0.65 | Loss: 0.125 | Opp label coverage: 0.90
Step 4090906/5000000 | Win rate (rollout): 0.43 | Loss: 0.238 | Opp label coverage: 0.89
Step 4091423/5000000 | Win rate (rollout): 0.60 | Loss: 0.232 | Opp label coverage: 0.88
Step 4091935/5000000 | Win rate (rollout): 0.69 | Loss: 0.203 | Opp label coverage: 0.90
Step 4092449/5000000 | Win rate (rollout): 0.33 | Loss: 0.231 | Opp label coverage: 0.89
Step 4092968/5000000 | Win rate (rollout): 0.33 | Loss: 0.188 | Opp label coverage: 0.89
Step 4093480/5000000 | Win rate (rollout): 0.46 | Loss: 0.209 | Opp label coverage: 0.84
Step 4093999/5000000 | Win rate (rollout): 0.55 | Loss: 0.197 | Opp label coverage: 0.87
Step 4094511/5000000 | Win rate (rollout): 0.30 | Loss: 0.216 | Opp label coverage: 0.82
Step 4095023/5000000 | Win rate (rollout): 0.71 | Loss: 0.188 | Opp label coverage: 0.82
Step 4095535/5000000 | Win rate (rollout): 0.38 | Loss: 0.179 | Opp label coverage: 0.82
Step 4096047/5000000 | Win rate (rollout): 0.78 | Loss: 0.178 | Opp label coverage: 0.77
Step 4096563/5000000 | Win rate (rollout): 0.42 | Loss: 0.172 | Opp label coverage: 0.88
Step 4097078/5000000 | Win rate (rollout): 0.38 | Loss: 0.242 | Opp label coverage: 0.88
Step 4097590/5000000 | Win rate (rollout): 0.40 | Loss: 0.186 | Opp label coverage: 0.84
Step 4098102/5000000 | Win rate (rollout): 0.71 | Loss: 0.199 | Opp label coverage: 0.79
Step 4098616/5000000 | Win rate (rollout): 0.20 | Loss: 0.202 | Opp label coverage: 0.88
Step 4099128/5000000 | Win rate (rollout): 0.73 | Loss: 0.208 | Opp label coverage: 0.76
Step 4099643/5000000 | Win rate (rollout): 0.33 | Loss: 0.248 | Opp label coverage: 0.90
Step 4100155/5000000 | Win rate (rollout): 0.83 | Loss: 0.160 | Opp label coverage: 0.86
Step 4100670/5000000 | Win rate (rollout): 0.42 | Loss: 0.205 | Opp label coverage: 0.88
Step 4101186/5000000 | Win rate (rollout): 0.50 | Loss: 0.209 | Opp label coverage: 0.88
Step 4101699/5000000 | Win rate (rollout): 0.60 | Loss: 0.219 | Opp label coverage: 0.88
Step 4102211/5000000 | Win rate (rollout): 0.60 | Loss: 0.209 | Opp label coverage: 0.83
Step 4102723/5000000 | Win rate (rollout): 0.77 | Loss: 0.174 | Opp label coverage: 0.81
Step 4103240/5000000 | Win rate (rollout): 0.70 | Loss: 0.225 | Opp label coverage: 0.90
Step 4103752/5000000 | Win rate (rollout): 0.36 | Loss: 0.205 | Opp label coverage: 0.86
Step 4104267/5000000 | Win rate (rollout): 0.60 | Loss: 0.196 | Opp label coverage: 0.88
Step 4104782/5000000 | Win rate (rollout): 0.53 | Loss: 0.253 | Opp label coverage: 0.85
Step 4105294/5000000 | Win rate (rollout): 0.15 | Loss: 0.187 | Opp label coverage: 0.83
Step 4105813/5000000 | Win rate (rollout): 0.50 | Loss: 0.185 | Opp label coverage: 0.88
Step 4106325/5000000 | Win rate (rollout): 0.60 | Loss: 0.210 | Opp label coverage: 0.83
Step 4106842/5000000 | Win rate (rollout): 0.46 | Loss: 0.200 | Opp label coverage: 0.89
Step 4107354/5000000 | Win rate (rollout): 0.58 | Loss: 0.194 | Opp label coverage: 0.80
Step 4107869/5000000 | Win rate (rollout): 0.90 | Loss: 0.263 | Opp label coverage: 0.90
Step 4108386/5000000 | Win rate (rollout): 0.50 | Loss: 0.251 | Opp label coverage: 0.89
Step 4108901/5000000 | Win rate (rollout): 0.31 | Loss: 0.221 | Opp label coverage: 0.87
Step 4109413/5000000 | Win rate (rollout): 0.67 | Loss: 0.187 | Opp label coverage: 0.83
Step 4109925/5000000 | Win rate (rollout): 0.40 | Loss: 0.182 | Opp label coverage: 0.88
Step 4110442/5000000 | Win rate (rollout): 0.75 | Loss: 0.191 | Opp label coverage: 0.89
Step 4110954/5000000 | Win rate (rollout): 0.80 | Loss: 0.193 | Opp label coverage: 0.85
Step 4111469/5000000 | Win rate (rollout): 0.56 | Loss: 0.168 | Opp label coverage: 0.88
Step 4111981/5000000 | Win rate (rollout): 0.44 | Loss: 0.214 | Opp label coverage: 0.85
Step 4112493/5000000 | Win rate (rollout): 0.55 | Loss: 0.203 | Opp label coverage: 0.80
Step 4113005/5000000 | Win rate (rollout): 0.50 | Loss: 0.164 | Opp label coverage: 0.83
Step 4113520/5000000 | Win rate (rollout): 0.42 | Loss: 0.214 | Opp label coverage: 0.90
Step 4114032/5000000 | Win rate (rollout): 0.83 | Loss: 0.205 | Opp label coverage: 0.85
Step 4114544/5000000 | Win rate (rollout): 0.44 | Loss: 0.195 | Opp label coverage: 0.88
Step 4115056/5000000 | Win rate (rollout): 0.45 | Loss: 0.187 | Opp label coverage: 0.82
Step 4115568/5000000 | Win rate (rollout): 0.57 | Loss: 0.160 | Opp label coverage: 0.88
Step 4116085/5000000 | Win rate (rollout): 0.58 | Loss: 0.204 | Opp label coverage: 0.88
Step 4116597/5000000 | Win rate (rollout): 0.47 | Loss: 0.222 | Opp label coverage: 0.90
Step 4117109/5000000 | Win rate (rollout): 0.57 | Loss: 0.193 | Opp label coverage: 0.82
Step 4117624/5000000 | Win rate (rollout): 0.40 | Loss: 0.266 | Opp label coverage: 0.89
Step 4118136/5000000 | Win rate (rollout): 0.67 | Loss: 0.184 | Opp label coverage: 0.86
Step 4118648/5000000 | Win rate (rollout): 0.50 | Loss: 0.183 | Opp label coverage: 0.80
Step 4119160/5000000 | Win rate (rollout): 0.29 | Loss: 0.243 | Opp label coverage: 0.82
Step 4119678/5000000 | Win rate (rollout): 0.42 | Loss: 0.223 | Opp label coverage: 0.90
Step 4120190/5000000 | Win rate (rollout): 0.78 | Loss: 0.213 | Opp label coverage: 0.86
Step 4120702/5000000 | Win rate (rollout): 0.77 | Loss: 0.177 | Opp label coverage: 0.82
Step 4121214/5000000 | Win rate (rollout): 0.56 | Loss: 0.236 | Opp label coverage: 0.77
Step 4121726/5000000 | Win rate (rollout): 0.80 | Loss: 0.172 | Opp label coverage: 0.84
Step 4122241/5000000 | Win rate (rollout): 0.30 | Loss: 0.255 | Opp label coverage: 0.90
Step 4122753/5000000 | Win rate (rollout): 0.46 | Loss: 0.200 | Opp label coverage: 0.77
Step 4123266/5000000 | Win rate (rollout): 0.40 | Loss: 0.229 | Opp label coverage: 0.89
Step 4123778/5000000 | Win rate (rollout): 0.45 | Loss: 0.212 | Opp label coverage: 0.85
Step 4124294/5000000 | Win rate (rollout): 0.80 | Loss: 0.170 | Opp label coverage: 0.90
Step 4124806/5000000 | Win rate (rollout): 0.44 | Loss: 0.191 | Opp label coverage: 0.82
Step 4125318/5000000 | Win rate (rollout): 0.50 | Loss: 0.220 | Opp label coverage: 0.86
Step 4125830/5000000 | Win rate (rollout): 0.50 | Loss: 0.209 | Opp label coverage: 0.81
Step 4126342/5000000 | Win rate (rollout): 0.75 | Loss: 0.191 | Opp label coverage: 0.84
Step 4126854/5000000 | Win rate (rollout): 0.50 | Loss: 0.185 | Opp label coverage: 0.82
Step 4127366/5000000 | Win rate (rollout): 0.71 | Loss: 0.190 | Opp label coverage: 0.74
Step 4127878/5000000 | Win rate (rollout): 0.58 | Loss: 0.203 | Opp label coverage: 0.87
Step 4128393/5000000 | Win rate (rollout): 0.20 | Loss: 0.194 | Opp label coverage: 0.89
Step 4128905/5000000 | Win rate (rollout): 0.45 | Loss: 0.204 | Opp label coverage: 0.79
Step 4129417/5000000 | Win rate (rollout): 0.60 | Loss: 0.194 | Opp label coverage: 0.79
Step 4129929/5000000 | Win rate (rollout): 0.42 | Loss: 0.176 | Opp label coverage: 0.78
Step 4130441/5000000 | Win rate (rollout): 0.71 | Loss: 0.205 | Opp label coverage: 0.83
Step 4130956/5000000 | Win rate (rollout): 0.62 | Loss: 0.191 | Opp label coverage: 0.89
Step 4131468/5000000 | Win rate (rollout): 0.57 | Loss: 0.179 | Opp label coverage: 0.81
Step 4131985/5000000 | Win rate (rollout): 0.25 | Loss: 0.224 | Opp label coverage: 0.88
Step 4132497/5000000 | Win rate (rollout): 0.46 | Loss: 0.182 | Opp label coverage: 0.86
Step 4133009/5000000 | Win rate (rollout): 0.67 | Loss: 0.178 | Opp label coverage: 0.82
Step 4133521/5000000 | Win rate (rollout): 0.67 | Loss: 0.235 | Opp label coverage: 0.90
Step 4134033/5000000 | Win rate (rollout): 0.54 | Loss: 0.177 | Opp label coverage: 0.84
Step 4134547/5000000 | Win rate (rollout): 0.75 | Loss: 0.200 | Opp label coverage: 0.91
Step 4135062/5000000 | Win rate (rollout): 0.73 | Loss: 0.200 | Opp label coverage: 0.89
Step 4135577/5000000 | Win rate (rollout): 0.17 | Loss: 0.161 | Opp label coverage: 0.90
Step 4136089/5000000 | Win rate (rollout): 0.50 | Loss: 0.188 | Opp label coverage: 0.83
Step 4136605/5000000 | Win rate (rollout): 0.50 | Loss: 0.200 | Opp label coverage: 0.90
Step 4137119/5000000 | Win rate (rollout): 0.68 | Loss: 0.243 | Opp label coverage: 0.89
Step 4137631/5000000 | Win rate (rollout): 0.50 | Loss: 0.158 | Opp label coverage: 0.87
Step 4138143/5000000 | Win rate (rollout): 0.67 | Loss: 0.191 | Opp label coverage: 0.81
Step 4138655/5000000 | Win rate (rollout): 0.50 | Loss: 0.178 | Opp label coverage: 0.79
Step 4139167/5000000 | Win rate (rollout): 0.50 | Loss: 0.213 | Opp label coverage: 0.82
Step 4139682/5000000 | Win rate (rollout): 0.45 | Loss: 0.215 | Opp label coverage: 0.89
Step 4140198/5000000 | Win rate (rollout): 0.47 | Loss: 0.215 | Opp label coverage: 0.88
Step 4140715/5000000 | Win rate (rollout): 0.58 | Loss: 0.217 | Opp label coverage: 0.91
Step 4141227/5000000 | Win rate (rollout): 0.60 | Loss: 0.193 | Opp label coverage: 0.85
Step 4141745/5000000 | Win rate (rollout): 0.73 | Loss: 0.204 | Opp label coverage: 0.88
Step 4142257/5000000 | Win rate (rollout): 0.40 | Loss: 0.220 | Opp label coverage: 0.79
Step 4142770/5000000 | Win rate (rollout): 0.58 | Loss: 0.199 | Opp label coverage: 0.89
Step 4143282/5000000 | Win rate (rollout): 0.64 | Loss: 0.166 | Opp label coverage: 0.80
Step 4143799/5000000 | Win rate (rollout): 0.62 | Loss: 0.183 | Opp label coverage: 0.89
Step 4144311/5000000 | Win rate (rollout): 0.55 | Loss: 0.196 | Opp label coverage: 0.83
Step 4144827/5000000 | Win rate (rollout): 0.36 | Loss: 0.228 | Opp label coverage: 0.89
Step 4145341/5000000 | Win rate (rollout): 0.60 | Loss: 0.164 | Opp label coverage: 0.91
Step 4145853/5000000 | Win rate (rollout): 0.55 | Loss: 0.202 | Opp label coverage: 0.83
Step 4146365/5000000 | Win rate (rollout): 0.69 | Loss: 0.183 | Opp label coverage: 0.86
Step 4146877/5000000 | Win rate (rollout): 0.50 | Loss: 0.214 | Opp label coverage: 0.87
Step 4147389/5000000 | Win rate (rollout): 0.46 | Loss: 0.200 | Opp label coverage: 0.80
Step 4147901/5000000 | Win rate (rollout): 0.70 | Loss: 0.175 | Opp label coverage: 0.84
Step 4148414/5000000 | Win rate (rollout): 0.82 | Loss: 0.227 | Opp label coverage: 0.89
Step 4148927/5000000 | Win rate (rollout): 0.41 | Loss: 0.186 | Opp label coverage: 0.88
Step 4149439/5000000 | Win rate (rollout): 0.07 | Loss: 0.201 | Opp label coverage: 0.84
Step 4149951/5000000 | Win rate (rollout): 0.69 | Loss: 0.259 | Opp label coverage: 0.76
Step 4150463/5000000 | Win rate (rollout): 0.22 | Loss: 0.185 | Opp label coverage: 0.89
Step 4150975/5000000 | Win rate (rollout): 0.89 | Loss: 0.204 | Opp label coverage: 0.89
Step 4151487/5000000 | Win rate (rollout): 0.58 | Loss: 0.201 | Opp label coverage: 0.82
Step 4151999/5000000 | Win rate (rollout): 0.33 | Loss: 0.171 | Opp label coverage: 0.86
Step 4152511/5000000 | Win rate (rollout): 0.64 | Loss: 0.191 | Opp label coverage: 0.81
Step 4153023/5000000 | Win rate (rollout): 0.45 | Loss: 0.219 | Opp label coverage: 0.83
Step 4153535/5000000 | Win rate (rollout): 0.60 | Loss: 0.212 | Opp label coverage: 0.80
Step 4154047/5000000 | Win rate (rollout): 0.50 | Loss: 0.206 | Opp label coverage: 0.79
Step 4154559/5000000 | Win rate (rollout): 0.53 | Loss: 0.188 | Opp label coverage: 0.81
Step 4155071/5000000 | Win rate (rollout): 0.50 | Loss: 0.243 | Opp label coverage: 0.87
Step 4155583/5000000 | Win rate (rollout): 0.90 | Loss: 0.191 | Opp label coverage: 0.86
Step 4156095/5000000 | Win rate (rollout): 0.30 | Loss: 0.184 | Opp label coverage: 0.78
Step 4156607/5000000 | Win rate (rollout): 0.60 | Loss: 0.183 | Opp label coverage: 0.78
Step 4157119/5000000 | Win rate (rollout): 0.40 | Loss: 0.188 | Opp label coverage: 0.83
Step 4157631/5000000 | Win rate (rollout): 0.40 | Loss: 0.233 | Opp label coverage: 0.81
Step 4158149/5000000 | Win rate (rollout): 0.50 | Loss: 0.203 | Opp label coverage: 0.88
Step 4158661/5000000 | Win rate (rollout): 0.21 | Loss: 0.227 | Opp label coverage: 0.89
Step 4159173/5000000 | Win rate (rollout): 0.70 | Loss: 0.213 | Opp label coverage: 0.86
Step 4159685/5000000 | Win rate (rollout): 0.42 | Loss: 0.180 | Opp label coverage: 0.83
Step 4160201/5000000 | Win rate (rollout): 0.44 | Loss: 0.206 | Opp label coverage: 0.90
Step 4160716/5000000 | Win rate (rollout): 0.53 | Loss: 0.191 | Opp label coverage: 0.89
Step 4161234/5000000 | Win rate (rollout): 0.47 | Loss: 0.206 | Opp label coverage: 0.89
Step 4161753/5000000 | Win rate (rollout): 0.71 | Loss: 0.228 | Opp label coverage: 0.90
Step 4162272/5000000 | Win rate (rollout): 0.50 | Loss: 0.204 | Opp label coverage: 0.92
Step 4162784/5000000 | Win rate (rollout): 0.46 | Loss: 0.190 | Opp label coverage: 0.77
Step 4163296/5000000 | Win rate (rollout): 0.27 | Loss: 0.201 | Opp label coverage: 0.80
Step 4163809/5000000 | Win rate (rollout): 0.44 | Loss: 0.183 | Opp label coverage: 0.89
Step 4164321/5000000 | Win rate (rollout): 0.88 | Loss: 0.180 | Opp label coverage: 0.87
Step 4164833/5000000 | Win rate (rollout): 0.50 | Loss: 0.203 | Opp label coverage: 0.80
Step 4165349/5000000 | Win rate (rollout): 0.60 | Loss: 0.228 | Opp label coverage: 0.87
Step 4165861/5000000 | Win rate (rollout): 0.77 | Loss: 0.178 | Opp label coverage: 0.83
Step 4166375/5000000 | Win rate (rollout): 0.44 | Loss: 0.224 | Opp label coverage: 0.90
Step 4166894/5000000 | Win rate (rollout): 0.57 | Loss: 0.168 | Opp label coverage: 0.89
Step 4167408/5000000 | Win rate (rollout): 0.50 | Loss: 0.160 | Opp label coverage: 0.89
Step 4167924/5000000 | Win rate (rollout): 0.35 | Loss: 0.233 | Opp label coverage: 0.88
Step 4168442/5000000 | Win rate (rollout): 0.53 | Loss: 0.232 | Opp label coverage: 0.89
Step 4168960/5000000 | Win rate (rollout): 0.53 | Loss: 0.239 | Opp label coverage: 0.87
Step 4169472/5000000 | Win rate (rollout): 0.83 | Loss: 0.176 | Opp label coverage: 0.81
Step 4169986/5000000 | Win rate (rollout): 0.62 | Loss: 0.173 | Opp label coverage: 0.91
Step 4170501/5000000 | Win rate (rollout): 0.62 | Loss: 0.220 | Opp label coverage: 0.89
Step 4171013/5000000 | Win rate (rollout): 0.31 | Loss: 0.208 | Opp label coverage: 0.83
Step 4171525/5000000 | Win rate (rollout): 0.70 | Loss: 0.184 | Opp label coverage: 0.84
Step 4172037/5000000 | Win rate (rollout): 0.53 | Loss: 0.223 | Opp label coverage: 0.81
Step 4172549/5000000 | Win rate (rollout): 0.64 | Loss: 0.180 | Opp label coverage: 0.84
Step 4173061/5000000 | Win rate (rollout): 0.62 | Loss: 0.195 | Opp label coverage: 0.83
Step 4173573/5000000 | Win rate (rollout): 0.59 | Loss: 0.255 | Opp label coverage: 0.83
Step 4174085/5000000 | Win rate (rollout): 0.60 | Loss: 0.225 | Opp label coverage: 0.89
Step 4174597/5000000 | Win rate (rollout): 0.70 | Loss: 0.205 | Opp label coverage: 0.87
Step 4175111/5000000 | Win rate (rollout): 0.70 | Loss: 0.239 | Opp label coverage: 0.89
Step 4175623/5000000 | Win rate (rollout): 0.50 | Loss: 0.182 | Opp label coverage: 0.80
Step 4176141/5000000 | Win rate (rollout): 0.75 | Loss: 0.217 | Opp label coverage: 0.88
Step 4176659/5000000 | Win rate (rollout): 0.50 | Loss: 0.204 | Opp label coverage: 0.90
Step 4177171/5000000 | Win rate (rollout): 0.62 | Loss: 0.203 | Opp label coverage: 0.81
Step 4177683/5000000 | Win rate (rollout): 0.67 | Loss: 0.187 | Opp label coverage: 0.78
Step 4178195/5000000 | Win rate (rollout): 0.46 | Loss: 0.201 | Opp label coverage: 0.81
Step 4178712/5000000 | Win rate (rollout): 0.80 | Loss: 0.215 | Opp label coverage: 0.91
Step 4179224/5000000 | Win rate (rollout): 0.40 | Loss: 0.207 | Opp label coverage: 0.82
Step 4179736/5000000 | Win rate (rollout): 0.55 | Loss: 0.218 | Opp label coverage: 0.88
Step 4180253/5000000 | Win rate (rollout): 0.47 | Loss: 0.170 | Opp label coverage: 0.89
Step 4180765/5000000 | Win rate (rollout): 0.75 | Loss: 0.191 | Opp label coverage: 0.86
Step 4181277/5000000 | Win rate (rollout): 0.53 | Loss: 0.179 | Opp label coverage: 0.82
Step 4181793/5000000 | Win rate (rollout): 0.80 | Loss: 0.258 | Opp label coverage: 0.88
Step 4182305/5000000 | Win rate (rollout): 0.77 | Loss: 0.169 | Opp label coverage: 0.82
Step 4182822/5000000 | Win rate (rollout): 0.42 | Loss: 0.220 | Opp label coverage: 0.87
Step 4183336/5000000 | Win rate (rollout): 0.31 | Loss: 0.135 | Opp label coverage: 0.88
Step 4183848/5000000 | Win rate (rollout): 0.42 | Loss: 0.220 | Opp label coverage: 0.85
Step 4184365/5000000 | Win rate (rollout): 0.53 | Loss: 0.242 | Opp label coverage: 0.88
Step 4184877/5000000 | Win rate (rollout): 0.62 | Loss: 0.215 | Opp label coverage: 0.82
Step 4185389/5000000 | Win rate (rollout): 0.59 | Loss: 0.229 | Opp label coverage: 0.82
Step 4185903/5000000 | Win rate (rollout): 0.44 | Loss: 0.203 | Opp label coverage: 0.90
Step 4186415/5000000 | Win rate (rollout): 0.50 | Loss: 0.211 | Opp label coverage: 0.84
Step 4186932/5000000 | Win rate (rollout): 0.44 | Loss: 0.214 | Opp label coverage: 0.90
Step 4187447/5000000 | Win rate (rollout): 0.57 | Loss: 0.172 | Opp label coverage: 0.90
Step 4187965/5000000 | Win rate (rollout): 0.36 | Loss: 0.192 | Opp label coverage: 0.89
Step 4188477/5000000 | Win rate (rollout): 0.73 | Loss: 0.195 | Opp label coverage: 0.78
Step 4188991/5000000 | Win rate (rollout): 0.58 | Loss: 0.202 | Opp label coverage: 0.89
Step 4189503/5000000 | Win rate (rollout): 0.38 | Loss: 0.230 | Opp label coverage: 0.83
Step 4190015/5000000 | Win rate (rollout): 0.67 | Loss: 0.177 | Opp label coverage: 0.83
Step 4190533/5000000 | Win rate (rollout): 0.73 | Loss: 0.187 | Opp label coverage: 0.90
Step 4191045/5000000 | Win rate (rollout): 0.42 | Loss: 0.225 | Opp label coverage: 0.91
Step 4191557/5000000 | Win rate (rollout): 0.43 | Loss: 0.209 | Opp label coverage: 0.80
Step 4192072/5000000 | Win rate (rollout): 0.58 | Loss: 0.217 | Opp label coverage: 0.87
Step 4192584/5000000 | Win rate (rollout): 0.50 | Loss: 0.175 | Opp label coverage: 0.80
Step 4193096/5000000 | Win rate (rollout): 0.67 | Loss: 0.241 | Opp label coverage: 0.92
Step 4193611/5000000 | Win rate (rollout): 0.50 | Loss: 0.213 | Opp label coverage: 0.88
Step 4194123/5000000 | Win rate (rollout): 0.89 | Loss: 0.191 | Opp label coverage: 0.84
Step 4194635/5000000 | Win rate (rollout): 0.47 | Loss: 0.222 | Opp label coverage: 0.82
Step 4195147/5000000 | Win rate (rollout): 0.67 | Loss: 0.221 | Opp label coverage: 0.82
Step 4195659/5000000 | Win rate (rollout): 0.47 | Loss: 0.232 | Opp label coverage: 0.79
Step 4196176/5000000 | Win rate (rollout): 0.79 | Loss: 0.304 | Opp label coverage: 0.87
Step 4196688/5000000 | Win rate (rollout): 0.55 | Loss: 0.204 | Opp label coverage: 0.87
Step 4197206/5000000 | Win rate (rollout): 0.62 | Loss: 0.260 | Opp label coverage: 0.90
Step 4197718/5000000 | Win rate (rollout): 0.62 | Loss: 0.167 | Opp label coverage: 0.85
Step 4198230/5000000 | Win rate (rollout): 0.85 | Loss: 0.214 | Opp label coverage: 0.83
Step 4198742/5000000 | Win rate (rollout): 0.50 | Loss: 0.185 | Opp label coverage: 0.77
Step 4199254/5000000 | Win rate (rollout): 0.56 | Loss: 0.211 | Opp label coverage: 0.80
Step 4199770/5000000 | Win rate (rollout): 0.58 | Loss: 0.243 | Opp label coverage: 0.88
Step 4200282/5000000 | Win rate (rollout): 0.36 | Loss: 0.205 | Opp label coverage: 0.81
Step 4200794/5000000 | Win rate (rollout): 0.79 | Loss: 0.194 | Opp label coverage: 0.79
Step 4201306/5000000 | Win rate (rollout): 0.67 | Loss: 0.157 | Opp label coverage: 0.84
Step 4201818/5000000 | Win rate (rollout): 0.64 | Loss: 0.195 | Opp label coverage: 0.82
Step 4202330/5000000 | Win rate (rollout): 0.57 | Loss: 0.216 | Opp label coverage: 0.79
Step 4202844/5000000 | Win rate (rollout): 0.60 | Loss: 0.240 | Opp label coverage: 0.90
Step 4203356/5000000 | Win rate (rollout): 0.57 | Loss: 0.176 | Opp label coverage: 0.82
Step 4203869/5000000 | Win rate (rollout): 0.33 | Loss: 0.248 | Opp label coverage: 0.88
Step 4204381/5000000 | Win rate (rollout): 0.46 | Loss: 0.186 | Opp label coverage: 0.81
Step 4204893/5000000 | Win rate (rollout): 0.38 | Loss: 0.201 | Opp label coverage: 0.78
Step 4205405/5000000 | Win rate (rollout): 0.60 | Loss: 0.201 | Opp label coverage: 0.84
Step 4205917/5000000 | Win rate (rollout): 1.00 | Loss: 0.171 | Opp label coverage: 0.86
Step 4206432/5000000 | Win rate (rollout): 0.70 | Loss: 0.188 | Opp label coverage: 0.90
Step 4206946/5000000 | Win rate (rollout): 0.50 | Loss: 0.254 | Opp label coverage: 0.90
Step 4207465/5000000 | Win rate (rollout): 0.67 | Loss: 0.226 | Opp label coverage: 0.91
Step 4207978/5000000 | Win rate (rollout): 0.36 | Loss: 0.220 | Opp label coverage: 0.90
Step 4208490/5000000 | Win rate (rollout): 0.53 | Loss: 0.217 | Opp label coverage: 0.84
Step 4209002/5000000 | Win rate (rollout): 0.75 | Loss: 0.166 | Opp label coverage: 0.83
Step 4209519/5000000 | Win rate (rollout): 0.50 | Loss: 0.167 | Opp label coverage: 0.88
Step 4210035/5000000 | Win rate (rollout): 0.47 | Loss: 0.170 | Opp label coverage: 0.91
Step 4210547/5000000 | Win rate (rollout): 0.50 | Loss: 0.246 | Opp label coverage: 0.81
Step 4211059/5000000 | Win rate (rollout): 0.33 | Loss: 0.191 | Opp label coverage: 0.79
Step 4211571/5000000 | Win rate (rollout): 0.44 | Loss: 0.196 | Opp label coverage: 0.80
Step 4212083/5000000 | Win rate (rollout): 0.50 | Loss: 0.208 | Opp label coverage: 0.88
Step 4212597/5000000 | Win rate (rollout): 0.31 | Loss: 0.227 | Opp label coverage: 0.89
Step 4213109/5000000 | Win rate (rollout): 0.71 | Loss: 0.220 | Opp label coverage: 0.89
Step 4213621/5000000 | Win rate (rollout): 0.45 | Loss: 0.196 | Opp label coverage: 0.84
Step 4214135/5000000 | Win rate (rollout): 0.60 | Loss: 0.216 | Opp label coverage: 0.89
Step 4214647/5000000 | Win rate (rollout): 0.71 | Loss: 0.195 | Opp label coverage: 0.91
Step 4215159/5000000 | Win rate (rollout): 0.73 | Loss: 0.171 | Opp label coverage: 0.79
Step 4215672/5000000 | Win rate (rollout): 0.30 | Loss: 0.310 | Opp label coverage: 0.88
Step 4216187/5000000 | Win rate (rollout): 0.44 | Loss: 0.206 | Opp label coverage: 0.88
Step 4216699/5000000 | Win rate (rollout): 0.75 | Loss: 0.171 | Opp label coverage: 0.83
Step 4217211/5000000 | Win rate (rollout): 0.69 | Loss: 0.232 | Opp label coverage: 0.81
Step 4217723/5000000 | Win rate (rollout): 0.60 | Loss: 0.209 | Opp label coverage: 0.82
Step 4218235/5000000 | Win rate (rollout): 0.80 | Loss: 0.199 | Opp label coverage: 0.81
Step 4218747/5000000 | Win rate (rollout): 0.71 | Loss: 0.170 | Opp label coverage: 0.78
Step 4219259/5000000 | Win rate (rollout): 1.00 | Loss: 0.146 | Opp label coverage: 0.79
Step 4219771/5000000 | Win rate (rollout): 0.50 | Loss: 0.215 | Opp label coverage: 0.85
Step 4220285/5000000 | Win rate (rollout): 0.50 | Loss: 0.169 | Opp label coverage: 0.89
Step 4220797/5000000 | Win rate (rollout): 0.89 | Loss: 0.182 | Opp label coverage: 0.81
Step 4221310/5000000 | Win rate (rollout): 0.45 | Loss: 0.320 | Opp label coverage: 0.89
Step 4221823/5000000 | Win rate (rollout): 0.77 | Loss: 0.190 | Opp label coverage: 0.91
Step 4222335/5000000 | Win rate (rollout): 0.55 | Loss: 0.179 | Opp label coverage: 0.87
Step 4222847/5000000 | Win rate (rollout): 0.55 | Loss: 0.217 | Opp label coverage: 0.83
Step 4223359/5000000 | Win rate (rollout): 0.56 | Loss: 0.215 | Opp label coverage: 0.79
Step 4223871/5000000 | Win rate (rollout): 0.53 | Loss: 0.206 | Opp label coverage: 0.80
Step 4224385/5000000 | Win rate (rollout): 0.40 | Loss: 0.217 | Opp label coverage: 0.88
Step 4224901/5000000 | Win rate (rollout): 0.31 | Loss: 0.162 | Opp label coverage: 0.87
Step 4225413/5000000 | Win rate (rollout): 0.57 | Loss: 0.225 | Opp label coverage: 0.89
Step 4225925/5000000 | Win rate (rollout): 0.67 | Loss: 0.206 | Opp label coverage: 0.80
Step 4226443/5000000 | Win rate (rollout): 0.38 | Loss: 0.243 | Opp label coverage: 0.88
Step 4226958/5000000 | Win rate (rollout): 0.46 | Loss: 0.217 | Opp label coverage: 0.89
Step 4227474/5000000 | Win rate (rollout): 0.42 | Loss: 0.175 | Opp label coverage: 0.89
Step 4227986/5000000 | Win rate (rollout): 0.67 | Loss: 0.186 | Opp label coverage: 0.80
Step 4228498/5000000 | Win rate (rollout): 0.33 | Loss: 0.178 | Opp label coverage: 0.84
Step 4229010/5000000 | Win rate (rollout): 0.38 | Loss: 0.226 | Opp label coverage: 0.88
Step 4229522/5000000 | Win rate (rollout): 1.00 | Loss: 0.196 | Opp label coverage: 0.82
Step 4230034/5000000 | Win rate (rollout): 0.43 | Loss: 0.218 | Opp label coverage: 0.85
Step 4230546/5000000 | Win rate (rollout): 0.33 | Loss: 0.182 | Opp label coverage: 0.84
Step 4231059/5000000 | Win rate (rollout): 0.67 | Loss: 0.182 | Opp label coverage: 0.89
Step 4231571/5000000 | Win rate (rollout): 0.50 | Loss: 0.221 | Opp label coverage: 0.79
Step 4232083/5000000 | Win rate (rollout): 0.27 | Loss: 0.193 | Opp label coverage: 0.81
Step 4232600/5000000 | Win rate (rollout): 0.64 | Loss: 0.248 | Opp label coverage: 0.91
Step 4233115/5000000 | Win rate (rollout): 0.71 | Loss: 0.247 | Opp label coverage: 0.89
Step 4233627/5000000 | Win rate (rollout): 0.73 | Loss: 0.201 | Opp label coverage: 0.83
Step 4234139/5000000 | Win rate (rollout): 0.73 | Loss: 0.148 | Opp label coverage: 0.87
Step 4234651/5000000 | Win rate (rollout): 0.38 | Loss: 0.193 | Opp label coverage: 0.78
Step 4235163/5000000 | Win rate (rollout): 0.56 | Loss: 0.192 | Opp label coverage: 0.83
Step 4235675/5000000 | Win rate (rollout): 0.70 | Loss: 0.178 | Opp label coverage: 0.74
Step 4236187/5000000 | Win rate (rollout): 0.40 | Loss: 0.201 | Opp label coverage: 0.78
Step 4236701/5000000 | Win rate (rollout): 0.67 | Loss: 0.180 | Opp label coverage: 0.90
Step 4237213/5000000 | Win rate (rollout): 0.50 | Loss: 0.184 | Opp label coverage: 0.83
Step 4237725/5000000 | Win rate (rollout): 0.62 | Loss: 0.217 | Opp label coverage: 0.82
Step 4238237/5000000 | Win rate (rollout): 0.33 | Loss: 0.193 | Opp label coverage: 0.80
Step 4238749/5000000 | Win rate (rollout): 0.47 | Loss: 0.196 | Opp label coverage: 0.80
Step 4239266/5000000 | Win rate (rollout): 0.45 | Loss: 0.163 | Opp label coverage: 0.88
Step 4239784/5000000 | Win rate (rollout): 0.38 | Loss: 0.212 | Opp label coverage: 0.87
Step 4240296/5000000 | Win rate (rollout): 0.50 | Loss: 0.216 | Opp label coverage: 0.89
Step 4240808/5000000 | Win rate (rollout): 0.50 | Loss: 0.208 | Opp label coverage: 0.83
Step 4241323/5000000 | Win rate (rollout): 0.20 | Loss: 0.256 | Opp label coverage: 0.89
Step 4241835/5000000 | Win rate (rollout): 0.70 | Loss: 0.225 | Opp label coverage: 0.85
Step 4242347/5000000 | Win rate (rollout): 0.46 | Loss: 0.178 | Opp label coverage: 0.84
Step 4242860/5000000 | Win rate (rollout): 0.45 | Loss: 0.218 | Opp label coverage: 0.88
Step 4243372/5000000 | Win rate (rollout): 0.40 | Loss: 0.219 | Opp label coverage: 0.81
Step 4243885/5000000 | Win rate (rollout): 0.62 | Loss: 0.133 | Opp label coverage: 0.88
Step 4244398/5000000 | Win rate (rollout): 0.58 | Loss: 0.086 | Opp label coverage: 0.89
Step 4244910/5000000 | Win rate (rollout): 0.31 | Loss: 0.257 | Opp label coverage: 0.80
Step 4245423/5000000 | Win rate (rollout): 0.70 | Loss: 0.165 | Opp label coverage: 0.89
Step 4245935/5000000 | Win rate (rollout): 0.56 | Loss: 0.182 | Opp label coverage: 0.84
Step 4246453/5000000 | Win rate (rollout): 0.67 | Loss: 0.226 | Opp label coverage: 0.90
Step 4246965/5000000 | Win rate (rollout): 0.36 | Loss: 0.201 | Opp label coverage: 0.80
Step 4247477/5000000 | Win rate (rollout): 0.27 | Loss: 0.172 | Opp label coverage: 0.83
Step 4247989/5000000 | Win rate (rollout): 0.44 | Loss: 0.200 | Opp label coverage: 0.83
Step 4248501/5000000 | Win rate (rollout): 0.60 | Loss: 0.183 | Opp label coverage: 0.79
Step 4249013/5000000 | Win rate (rollout): 0.67 | Loss: 0.192 | Opp label coverage: 0.86
Step 4249527/5000000 | Win rate (rollout): 0.50 | Loss: 0.250 | Opp label coverage: 0.89
Step 4250039/5000000 | Win rate (rollout): 0.29 | Loss: 0.182 | Opp label coverage: 0.85
[checkpoint] Saved models/ppo/checkpoints/m9p2c/ppo_step_4250063.pt
Step 4250555/5000000 | Win rate (rollout): 0.38 | Loss: 0.225 | Opp label coverage: 0.91
Step 4251067/5000000 | Win rate (rollout): 0.50 | Loss: 0.205 | Opp label coverage: 0.83
Step 4251580/5000000 | Win rate (rollout): 0.56 | Loss: 0.175 | Opp label coverage: 0.90
Step 4252092/5000000 | Win rate (rollout): 0.46 | Loss: 0.222 | Opp label coverage: 0.89
Step 4252604/5000000 | Win rate (rollout): 0.62 | Loss: 0.205 | Opp label coverage: 0.84
Step 4253116/5000000 | Win rate (rollout): 0.29 | Loss: 0.209 | Opp label coverage: 0.83
Step 4253628/5000000 | Win rate (rollout): 0.57 | Loss: 0.167 | Opp label coverage: 0.82
Step 4254140/5000000 | Win rate (rollout): 0.60 | Loss: 0.178 | Opp label coverage: 0.81
Step 4254652/5000000 | Win rate (rollout): 0.44 | Loss: 0.194 | Opp label coverage: 0.83
Step 4255164/5000000 | Win rate (rollout): 0.47 | Loss: 0.214 | Opp label coverage: 0.80
Step 4255676/5000000 | Win rate (rollout): 0.33 | Loss: 0.181 | Opp label coverage: 0.84
Step 4256188/5000000 | Win rate (rollout): 0.40 | Loss: 0.205 | Opp label coverage: 0.80
Step 4256700/5000000 | Win rate (rollout): 0.56 | Loss: 0.170 | Opp label coverage: 0.86
Step 4257212/5000000 | Win rate (rollout): 0.45 | Loss: 0.217 | Opp label coverage: 0.90
Step 4257724/5000000 | Win rate (rollout): 0.38 | Loss: 0.159 | Opp label coverage: 0.85
Step 4258236/5000000 | Win rate (rollout): 0.42 | Loss: 0.186 | Opp label coverage: 0.84
Step 4258754/5000000 | Win rate (rollout): 0.56 | Loss: 0.232 | Opp label coverage: 0.89
Step 4259272/5000000 | Win rate (rollout): 0.53 | Loss: 0.271 | Opp label coverage: 0.89
Step 4259784/5000000 | Win rate (rollout): 0.64 | Loss: 0.194 | Opp label coverage: 0.84
Step 4260296/5000000 | Win rate (rollout): 0.17 | Loss: 0.196 | Opp label coverage: 0.81
Step 4260811/5000000 | Win rate (rollout): 0.44 | Loss: 0.125 | Opp label coverage: 0.89
Step 4261327/5000000 | Win rate (rollout): 0.67 | Loss: 0.205 | Opp label coverage: 0.89
Step 4261846/5000000 | Win rate (rollout): 0.42 | Loss: 0.238 | Opp label coverage: 0.88
Step 4262358/5000000 | Win rate (rollout): 0.58 | Loss: 0.196 | Opp label coverage: 0.86
Step 4262871/5000000 | Win rate (rollout): 0.44 | Loss: 0.153 | Opp label coverage: 0.90
Step 4263383/5000000 | Win rate (rollout): 0.50 | Loss: 0.204 | Opp label coverage: 0.84
Step 4263895/5000000 | Win rate (rollout): 0.65 | Loss: 0.224 | Opp label coverage: 0.83
Step 4264407/5000000 | Win rate (rollout): 0.36 | Loss: 0.187 | Opp label coverage: 0.81
Step 4264919/5000000 | Win rate (rollout): 0.29 | Loss: 0.201 | Opp label coverage: 0.81
Step 4265434/5000000 | Win rate (rollout): 0.44 | Loss: 0.199 | Opp label coverage: 0.89
Step 4265946/5000000 | Win rate (rollout): 0.71 | Loss: 0.220 | Opp label coverage: 0.84
Step 4266459/5000000 | Win rate (rollout): 0.60 | Loss: 0.264 | Opp label coverage: 0.89
Step 4266973/5000000 | Win rate (rollout): 0.31 | Loss: 0.265 | Opp label coverage: 0.88
Step 4267485/5000000 | Win rate (rollout): 0.71 | Loss: 0.200 | Opp label coverage: 0.80
Step 4267997/5000000 | Win rate (rollout): 0.43 | Loss: 0.174 | Opp label coverage: 0.80
Step 4268511/5000000 | Win rate (rollout): 0.54 | Loss: 0.176 | Opp label coverage: 0.87
Step 4269023/5000000 | Win rate (rollout): 0.38 | Loss: 0.188 | Opp label coverage: 0.78
Step 4269535/5000000 | Win rate (rollout): 0.61 | Loss: 0.198 | Opp label coverage: 0.81
Step 4270047/5000000 | Win rate (rollout): 0.71 | Loss: 0.200 | Opp label coverage: 0.86
Step 4270562/5000000 | Win rate (rollout): 0.73 | Loss: 0.170 | Opp label coverage: 0.89
Step 4271074/5000000 | Win rate (rollout): 0.46 | Loss: 0.219 | Opp label coverage: 0.85
Step 4271592/5000000 | Win rate (rollout): 0.69 | Loss: 0.234 | Opp label coverage: 0.89
Step 4272104/5000000 | Win rate (rollout): 0.70 | Loss: 0.183 | Opp label coverage: 0.81
Step 4272621/5000000 | Win rate (rollout): 0.60 | Loss: 0.238 | Opp label coverage: 0.90
Step 4273137/5000000 | Win rate (rollout): 0.46 | Loss: 0.267 | Opp label coverage: 0.89
Step 4273649/5000000 | Win rate (rollout): 0.80 | Loss: 0.179 | Opp label coverage: 0.82
Step 4274162/5000000 | Win rate (rollout): 0.56 | Loss: 0.264 | Opp label coverage: 0.90
Step 4274678/5000000 | Win rate (rollout): 0.47 | Loss: 0.261 | Opp label coverage: 0.88
Step 4275190/5000000 | Win rate (rollout): 0.50 | Loss: 0.206 | Opp label coverage: 0.80
Step 4275705/5000000 | Win rate (rollout): 0.45 | Loss: 0.219 | Opp label coverage: 0.88
Step 4276217/5000000 | Win rate (rollout): 0.50 | Loss: 0.192 | Opp label coverage: 0.84
Step 4276736/5000000 | Win rate (rollout): 0.30 | Loss: 0.235 | Opp label coverage: 0.87
Step 4277248/5000000 | Win rate (rollout): 0.47 | Loss: 0.204 | Opp label coverage: 0.81
Step 4277766/5000000 | Win rate (rollout): 0.75 | Loss: 0.248 | Opp label coverage: 0.94
Step 4278278/5000000 | Win rate (rollout): 0.50 | Loss: 0.196 | Opp label coverage: 0.90
Step 4278790/5000000 | Win rate (rollout): 0.50 | Loss: 0.183 | Opp label coverage: 0.83
Step 4279302/5000000 | Win rate (rollout): 0.43 | Loss: 0.224 | Opp label coverage: 0.83
Step 4279818/5000000 | Win rate (rollout): 0.70 | Loss: 0.184 | Opp label coverage: 0.91
Step 4280333/5000000 | Win rate (rollout): 0.50 | Loss: 0.215 | Opp label coverage: 0.90
Step 4280845/5000000 | Win rate (rollout): 0.64 | Loss: 0.213 | Opp label coverage: 0.77
Step 4281357/5000000 | Win rate (rollout): 0.77 | Loss: 0.203 | Opp label coverage: 0.83
Step 4281869/5000000 | Win rate (rollout): 0.58 | Loss: 0.184 | Opp label coverage: 0.81
Step 4282381/5000000 | Win rate (rollout): 0.53 | Loss: 0.223 | Opp label coverage: 0.88
Step 4282898/5000000 | Win rate (rollout): 0.75 | Loss: 0.135 | Opp label coverage: 0.90
Step 4283414/5000000 | Win rate (rollout): 0.53 | Loss: 0.218 | Opp label coverage: 0.88
Step 4283927/5000000 | Win rate (rollout): 0.50 | Loss: 0.209 | Opp label coverage: 0.88
Step 4284442/5000000 | Win rate (rollout): 0.88 | Loss: 0.189 | Opp label coverage: 0.88
Step 4284954/5000000 | Win rate (rollout): 0.86 | Loss: 0.184 | Opp label coverage: 0.81
Step 4285469/5000000 | Win rate (rollout): 0.25 | Loss: 0.254 | Opp label coverage: 0.90
Step 4285981/5000000 | Win rate (rollout): 0.46 | Loss: 0.180 | Opp label coverage: 0.82
Step 4286494/5000000 | Win rate (rollout): 0.43 | Loss: 0.230 | Opp label coverage: 0.89
Step 4287006/5000000 | Win rate (rollout): 0.75 | Loss: 0.176 | Opp label coverage: 0.85
Step 4287520/5000000 | Win rate (rollout): 0.42 | Loss: 0.204 | Opp label coverage: 0.88
Step 4288032/5000000 | Win rate (rollout): 0.76 | Loss: 0.192 | Opp label coverage: 0.90
Step 4288544/5000000 | Win rate (rollout): 0.78 | Loss: 0.177 | Opp label coverage: 0.84
Step 4289056/5000000 | Win rate (rollout): 0.77 | Loss: 0.168 | Opp label coverage: 0.86
Step 4289568/5000000 | Win rate (rollout): 0.36 | Loss: 0.203 | Opp label coverage: 0.84
Step 4290080/5000000 | Win rate (rollout): 0.64 | Loss: 0.214 | Opp label coverage: 0.84
Step 4290592/5000000 | Win rate (rollout): 0.64 | Loss: 0.214 | Opp label coverage: 0.89
Step 4291104/5000000 | Win rate (rollout): 0.23 | Loss: 0.204 | Opp label coverage: 0.81
Step 4291616/5000000 | Win rate (rollout): 0.50 | Loss: 0.196 | Opp label coverage: 0.83
Step 4292130/5000000 | Win rate (rollout): 0.67 | Loss: 0.113 | Opp label coverage: 0.88
Step 4292642/5000000 | Win rate (rollout): 0.38 | Loss: 0.180 | Opp label coverage: 0.87
Step 4293154/5000000 | Win rate (rollout): 0.67 | Loss: 0.200 | Opp label coverage: 0.83
Step 4293666/5000000 | Win rate (rollout): 0.56 | Loss: 0.176 | Opp label coverage: 0.85
Step 4294178/5000000 | Win rate (rollout): 0.65 | Loss: 0.202 | Opp label coverage: 0.81
Step 4294691/5000000 | Win rate (rollout): 0.58 | Loss: 0.281 | Opp label coverage: 0.88
Step 4295203/5000000 | Win rate (rollout): 0.38 | Loss: 0.231 | Opp label coverage: 0.76
Step 4295718/5000000 | Win rate (rollout): 0.55 | Loss: 0.215 | Opp label coverage: 0.89
Step 4296232/5000000 | Win rate (rollout): 0.67 | Loss: 0.164 | Opp label coverage: 0.92
Step 4296744/5000000 | Win rate (rollout): 0.56 | Loss: 0.210 | Opp label coverage: 0.89
Step 4297259/5000000 | Win rate (rollout): 0.53 | Loss: 0.160 | Opp label coverage: 0.89
Step 4297774/5000000 | Win rate (rollout): 0.50 | Loss: 0.243 | Opp label coverage: 0.90
Step 4298286/5000000 | Win rate (rollout): 0.71 | Loss: 0.189 | Opp label coverage: 0.87
Step 4298802/5000000 | Win rate (rollout): 0.40 | Loss: 0.207 | Opp label coverage: 0.87
Step 4299314/5000000 | Win rate (rollout): 0.38 | Loss: 0.210 | Opp label coverage: 0.84
Step 4299826/5000000 | Win rate (rollout): 0.31 | Loss: 0.222 | Opp label coverage: 0.79
Step 4300338/5000000 | Win rate (rollout): 0.42 | Loss: 0.223 | Opp label coverage: 0.80
Step 4300854/5000000 | Win rate (rollout): 0.67 | Loss: 0.228 | Opp label coverage: 0.88
Step 4301366/5000000 | Win rate (rollout): 0.90 | Loss: 0.195 | Opp label coverage: 0.86
Step 4301883/5000000 | Win rate (rollout): 0.38 | Loss: 0.218 | Opp label coverage: 0.87
Step 4302396/5000000 | Win rate (rollout): 0.50 | Loss: 0.136 | Opp label coverage: 0.89
Step 4302908/5000000 | Win rate (rollout): 0.55 | Loss: 0.193 | Opp label coverage: 0.82
Step 4303422/5000000 | Win rate (rollout): 0.60 | Loss: 0.232 | Opp label coverage: 0.89
Step 4303936/5000000 | Win rate (rollout): 0.56 | Loss: 0.199 | Opp label coverage: 0.88
Step 4304448/5000000 | Win rate (rollout): 0.46 | Loss: 0.191 | Opp label coverage: 0.81
Step 4304960/5000000 | Win rate (rollout): 0.50 | Loss: 0.202 | Opp label coverage: 0.82
Step 4305472/5000000 | Win rate (rollout): 0.40 | Loss: 0.198 | Opp label coverage: 0.83
Step 4305984/5000000 | Win rate (rollout): 0.67 | Loss: 0.167 | Opp label coverage: 0.87
Step 4306496/5000000 | Win rate (rollout): 0.57 | Loss: 0.190 | Opp label coverage: 0.82
Step 4307010/5000000 | Win rate (rollout): 0.36 | Loss: 0.179 | Opp label coverage: 0.88
Step 4307522/5000000 | Win rate (rollout): 0.45 | Loss: 0.216 | Opp label coverage: 0.89
Step 4308039/5000000 | Win rate (rollout): 0.33 | Loss: 0.195 | Opp label coverage: 0.88
Step 4308551/5000000 | Win rate (rollout): 0.60 | Loss: 0.186 | Opp label coverage: 0.85
Step 4309063/5000000 | Win rate (rollout): 0.38 | Loss: 0.203 | Opp label coverage: 0.83
Step 4309581/5000000 | Win rate (rollout): 0.46 | Loss: 0.194 | Opp label coverage: 0.88
Step 4310093/5000000 | Win rate (rollout): 0.25 | Loss: 0.190 | Opp label coverage: 0.81
Step 4310608/5000000 | Win rate (rollout): 0.00 | Loss: 0.173 | Opp label coverage: 0.88
Step 4311123/5000000 | Win rate (rollout): 0.80 | Loss: 0.227 | Opp label coverage: 0.90
Step 4311635/5000000 | Win rate (rollout): 0.50 | Loss: 0.181 | Opp label coverage: 0.90
Step 4312147/5000000 | Win rate (rollout): 0.27 | Loss: 0.239 | Opp label coverage: 0.83
Step 4312661/5000000 | Win rate (rollout): 0.36 | Loss: 0.166 | Opp label coverage: 0.88
Step 4313178/5000000 | Win rate (rollout): 0.50 | Loss: 0.209 | Opp label coverage: 0.88
Step 4313697/5000000 | Win rate (rollout): 0.29 | Loss: 0.202 | Opp label coverage: 0.86
Step 4314216/5000000 | Win rate (rollout): 0.62 | Loss: 0.290 | Opp label coverage: 0.88
Step 4314728/5000000 | Win rate (rollout): 0.55 | Loss: 0.186 | Opp label coverage: 0.92
Step 4315240/5000000 | Win rate (rollout): 0.71 | Loss: 0.221 | Opp label coverage: 0.82
Step 4315752/5000000 | Win rate (rollout): 0.29 | Loss: 0.219 | Opp label coverage: 0.83
Step 4316264/5000000 | Win rate (rollout): 0.89 | Loss: 0.188 | Opp label coverage: 0.79
Step 4316776/5000000 | Win rate (rollout): 0.38 | Loss: 0.196 | Opp label coverage: 0.80
Step 4317289/5000000 | Win rate (rollout): 0.67 | Loss: 0.253 | Opp label coverage: 0.90
Step 4317801/5000000 | Win rate (rollout): 0.55 | Loss: 0.187 | Opp label coverage: 0.79
Step 4318315/5000000 | Win rate (rollout): 0.23 | Loss: 0.190 | Opp label coverage: 0.88
Step 4318833/5000000 | Win rate (rollout): 0.54 | Loss: 0.208 | Opp label coverage: 0.89
Step 4319351/5000000 | Win rate (rollout): 0.36 | Loss: 0.174 | Opp label coverage: 0.87
Step 4319864/5000000 | Win rate (rollout): 0.43 | Loss: 0.263 | Opp label coverage: 0.89
Step 4320383/5000000 | Win rate (rollout): 0.41 | Loss: 0.225 | Opp label coverage: 0.88
Step 4320895/5000000 | Win rate (rollout): 0.50 | Loss: 0.245 | Opp label coverage: 0.90
Step 4321407/5000000 | Win rate (rollout): 0.75 | Loss: 0.190 | Opp label coverage: 0.87
Step 4321919/5000000 | Win rate (rollout): 0.60 | Loss: 0.202 | Opp label coverage: 0.87
Step 4322431/5000000 | Win rate (rollout): 0.46 | Loss: 0.234 | Opp label coverage: 0.82
Step 4322943/5000000 | Win rate (rollout): 0.71 | Loss: 0.213 | Opp label coverage: 0.81
Step 4323455/5000000 | Win rate (rollout): 0.56 | Loss: 0.179 | Opp label coverage: 0.82
Step 4323967/5000000 | Win rate (rollout): 0.64 | Loss: 0.186 | Opp label coverage: 0.88
Step 4324485/5000000 | Win rate (rollout): 0.50 | Loss: 0.215 | Opp label coverage: 0.90
Step 4324997/5000000 | Win rate (rollout): 0.43 | Loss: 0.218 | Opp label coverage: 0.80
Step 4325516/5000000 | Win rate (rollout): 0.57 | Loss: 0.207 | Opp label coverage: 0.88
Step 4326029/5000000 | Win rate (rollout): 0.42 | Loss: 0.275 | Opp label coverage: 0.90
Step 4326543/5000000 | Win rate (rollout): 0.47 | Loss: 0.205 | Opp label coverage: 0.88
Step 4327055/5000000 | Win rate (rollout): 0.82 | Loss: 0.216 | Opp label coverage: 0.87
Step 4327567/5000000 | Win rate (rollout): 0.62 | Loss: 0.221 | Opp label coverage: 0.83
Step 4328079/5000000 | Win rate (rollout): 0.80 | Loss: 0.173 | Opp label coverage: 0.80
Step 4328591/5000000 | Win rate (rollout): 0.67 | Loss: 0.207 | Opp label coverage: 0.82
Step 4329103/5000000 | Win rate (rollout): 0.55 | Loss: 0.157 | Opp label coverage: 0.88
Step 4329615/5000000 | Win rate (rollout): 0.17 | Loss: 0.169 | Opp label coverage: 0.87
Step 4330127/5000000 | Win rate (rollout): 0.69 | Loss: 0.181 | Opp label coverage: 0.83
Step 4330639/5000000 | Win rate (rollout): 0.75 | Loss: 0.184 | Opp label coverage: 0.82
Step 4331151/5000000 | Win rate (rollout): 0.79 | Loss: 0.194 | Opp label coverage: 0.82
Step 4331663/5000000 | Win rate (rollout): 0.67 | Loss: 0.188 | Opp label coverage: 0.82
Step 4332175/5000000 | Win rate (rollout): 0.23 | Loss: 0.209 | Opp label coverage: 0.81
Step 4332687/5000000 | Win rate (rollout): 0.58 | Loss: 0.200 | Opp label coverage: 0.80
Step 4333199/5000000 | Win rate (rollout): 0.67 | Loss: 0.174 | Opp label coverage: 0.79
Step 4333711/5000000 | Win rate (rollout): 0.87 | Loss: 0.176 | Opp label coverage: 0.84
Step 4334223/5000000 | Win rate (rollout): 0.67 | Loss: 0.204 | Opp label coverage: 0.81
Step 4334735/5000000 | Win rate (rollout): 0.38 | Loss: 0.222 | Opp label coverage: 0.81
Step 4335248/5000000 | Win rate (rollout): 0.71 | Loss: 0.131 | Opp label coverage: 0.91
Step 4335760/5000000 | Win rate (rollout): 0.55 | Loss: 0.183 | Opp label coverage: 0.82
Step 4336272/5000000 | Win rate (rollout): 0.62 | Loss: 0.205 | Opp label coverage: 0.82
Step 4336787/5000000 | Win rate (rollout): 0.38 | Loss: 0.303 | Opp label coverage: 0.89
Step 4337299/5000000 | Win rate (rollout): 0.55 | Loss: 0.208 | Opp label coverage: 0.80
Step 4337812/5000000 | Win rate (rollout): 0.67 | Loss: 0.156 | Opp label coverage: 0.88
Step 4338324/5000000 | Win rate (rollout): 0.78 | Loss: 0.162 | Opp label coverage: 0.83
Step 4338837/5000000 | Win rate (rollout): 0.80 | Loss: 0.214 | Opp label coverage: 0.89
Step 4339349/5000000 | Win rate (rollout): 0.20 | Loss: 0.172 | Opp label coverage: 0.85
Step 4339868/5000000 | Win rate (rollout): 0.56 | Loss: 0.186 | Opp label coverage: 0.89
Step 4340380/5000000 | Win rate (rollout): 0.89 | Loss: 0.162 | Opp label coverage: 0.86
Step 4340896/5000000 | Win rate (rollout): 0.44 | Loss: 0.231 | Opp label coverage: 0.89
Step 4341408/5000000 | Win rate (rollout): 0.59 | Loss: 0.222 | Opp label coverage: 0.89
Step 4341920/5000000 | Win rate (rollout): 0.46 | Loss: 0.235 | Opp label coverage: 0.83
Step 4342439/5000000 | Win rate (rollout): 0.30 | Loss: 0.218 | Opp label coverage: 0.89
Step 4342951/5000000 | Win rate (rollout): 0.50 | Loss: 0.210 | Opp label coverage: 0.87
Step 4343468/5000000 | Win rate (rollout): 0.54 | Loss: 0.210 | Opp label coverage: 0.88
Step 4343980/5000000 | Win rate (rollout): 0.69 | Loss: 0.204 | Opp label coverage: 0.82
Step 4344494/5000000 | Win rate (rollout): 0.50 | Loss: 0.218 | Opp label coverage: 0.89
Step 4345012/5000000 | Win rate (rollout): 0.56 | Loss: 0.250 | Opp label coverage: 0.88
Step 4345530/5000000 | Win rate (rollout): 0.71 | Loss: 0.245 | Opp label coverage: 0.89
Step 4346042/5000000 | Win rate (rollout): 0.33 | Loss: 0.189 | Opp label coverage: 0.88
Step 4346554/5000000 | Win rate (rollout): 0.67 | Loss: 0.189 | Opp label coverage: 0.82
Step 4347066/5000000 | Win rate (rollout): 0.67 | Loss: 0.205 | Opp label coverage: 0.79
Step 4347578/5000000 | Win rate (rollout): 0.73 | Loss: 0.202 | Opp label coverage: 0.79
Step 4348094/5000000 | Win rate (rollout): 0.44 | Loss: 0.275 | Opp label coverage: 0.89
Step 4348609/5000000 | Win rate (rollout): 0.50 | Loss: 0.183 | Opp label coverage: 0.88
Step 4349121/5000000 | Win rate (rollout): 0.36 | Loss: 0.199 | Opp label coverage: 0.84
Step 4349633/5000000 | Win rate (rollout): 0.44 | Loss: 0.216 | Opp label coverage: 0.84
Step 4350145/5000000 | Win rate (rollout): 0.89 | Loss: 0.182 | Opp label coverage: 0.85
Step 4350657/5000000 | Win rate (rollout): 0.38 | Loss: 0.207 | Opp label coverage: 0.81
Step 4351169/5000000 | Win rate (rollout): 0.50 | Loss: 0.176 | Opp label coverage: 0.83
Step 4351681/5000000 | Win rate (rollout): 0.64 | Loss: 0.215 | Opp label coverage: 0.81
Step 4352193/5000000 | Win rate (rollout): 0.59 | Loss: 0.209 | Opp label coverage: 0.83
Step 4352705/5000000 | Win rate (rollout): 0.53 | Loss: 0.224 | Opp label coverage: 0.81
Step 4353223/5000000 | Win rate (rollout): 0.67 | Loss: 0.232 | Opp label coverage: 0.89
Step 4353735/5000000 | Win rate (rollout): 0.54 | Loss: 0.234 | Opp label coverage: 0.89
Step 4354247/5000000 | Win rate (rollout): 0.56 | Loss: 0.197 | Opp label coverage: 0.89
Step 4354759/5000000 | Win rate (rollout): 0.64 | Loss: 0.229 | Opp label coverage: 0.84
Step 4355271/5000000 | Win rate (rollout): 0.67 | Loss: 0.176 | Opp label coverage: 0.84
Step 4355784/5000000 | Win rate (rollout): 0.12 | Loss: 0.187 | Opp label coverage: 0.89
Step 4356302/5000000 | Win rate (rollout): 0.68 | Loss: 0.221 | Opp label coverage: 0.88
Step 4356816/5000000 | Win rate (rollout): 0.54 | Loss: 0.258 | Opp label coverage: 0.91
Step 4357335/5000000 | Win rate (rollout): 0.54 | Loss: 0.225 | Opp label coverage: 0.89
Step 4357847/5000000 | Win rate (rollout): 0.64 | Loss: 0.236 | Opp label coverage: 0.86
Step 4358359/5000000 | Win rate (rollout): 0.40 | Loss: 0.183 | Opp label coverage: 0.83
Step 4358875/5000000 | Win rate (rollout): 0.40 | Loss: 0.201 | Opp label coverage: 0.89
Step 4359388/5000000 | Win rate (rollout): 0.50 | Loss: 0.220 | Opp label coverage: 0.89
Step 4359900/5000000 | Win rate (rollout): 0.67 | Loss: 0.181 | Opp label coverage: 0.85
Step 4360412/5000000 | Win rate (rollout): 0.67 | Loss: 0.222 | Opp label coverage: 0.79
Step 4360927/5000000 | Win rate (rollout): 0.40 | Loss: 0.192 | Opp label coverage: 0.89
Step 4361439/5000000 | Win rate (rollout): 0.33 | Loss: 0.209 | Opp label coverage: 0.80
Step 4361951/5000000 | Win rate (rollout): 0.86 | Loss: 0.187 | Opp label coverage: 0.81
Step 4362463/5000000 | Win rate (rollout): 0.71 | Loss: 0.214 | Opp label coverage: 0.86
Step 4362977/5000000 | Win rate (rollout): 0.50 | Loss: 0.193 | Opp label coverage: 0.89
Step 4363489/5000000 | Win rate (rollout): 0.55 | Loss: 0.211 | Opp label coverage: 0.78
Step 4364003/5000000 | Win rate (rollout): 0.67 | Loss: 0.141 | Opp label coverage: 0.90
Step 4364520/5000000 | Win rate (rollout): 0.53 | Loss: 0.211 | Opp label coverage: 0.89
Step 4365032/5000000 | Win rate (rollout): 0.82 | Loss: 0.186 | Opp label coverage: 0.85
Step 4365548/5000000 | Win rate (rollout): 0.71 | Loss: 0.177 | Opp label coverage: 0.90
Step 4366061/5000000 | Win rate (rollout): 0.56 | Loss: 0.256 | Opp label coverage: 0.89
Step 4366573/5000000 | Win rate (rollout): 0.50 | Loss: 0.200 | Opp label coverage: 0.86
Step 4367089/5000000 | Win rate (rollout): 0.58 | Loss: 0.225 | Opp label coverage: 0.89
Step 4367603/5000000 | Win rate (rollout): 0.44 | Loss: 0.226 | Opp label coverage: 0.87
Step 4368121/5000000 | Win rate (rollout): 0.46 | Loss: 0.223 | Opp label coverage: 0.89
Step 4368637/5000000 | Win rate (rollout): 0.46 | Loss: 0.236 | Opp label coverage: 0.89
Step 4369149/5000000 | Win rate (rollout): 0.50 | Loss: 0.182 | Opp label coverage: 0.88
Step 4369661/5000000 | Win rate (rollout): 0.45 | Loss: 0.187 | Opp label coverage: 0.89
Step 4370176/5000000 | Win rate (rollout): 0.27 | Loss: 0.223 | Opp label coverage: 0.91
Step 4370693/5000000 | Win rate (rollout): 0.44 | Loss: 0.206 | Opp label coverage: 0.87
Step 4371205/5000000 | Win rate (rollout): 0.46 | Loss: 0.178 | Opp label coverage: 0.82
Step 4371717/5000000 | Win rate (rollout): 0.70 | Loss: 0.197 | Opp label coverage: 0.86
Step 4372229/5000000 | Win rate (rollout): 0.40 | Loss: 0.235 | Opp label coverage: 0.85
Step 4372741/5000000 | Win rate (rollout): 0.67 | Loss: 0.199 | Opp label coverage: 0.78
Step 4373256/5000000 | Win rate (rollout): 0.57 | Loss: 0.157 | Opp label coverage: 0.90
Step 4373768/5000000 | Win rate (rollout): 0.38 | Loss: 0.178 | Opp label coverage: 0.82
Step 4374280/5000000 | Win rate (rollout): 0.57 | Loss: 0.208 | Opp label coverage: 0.82
Step 4374792/5000000 | Win rate (rollout): 0.64 | Loss: 0.218 | Opp label coverage: 0.77
Step 4375304/5000000 | Win rate (rollout): 0.56 | Loss: 0.191 | Opp label coverage: 0.78
Step 4375821/5000000 | Win rate (rollout): 0.62 | Loss: 0.210 | Opp label coverage: 0.90
Step 4376340/5000000 | Win rate (rollout): 0.50 | Loss: 0.196 | Opp label coverage: 0.91
Step 4376858/5000000 | Win rate (rollout): 0.55 | Loss: 0.193 | Opp label coverage: 0.93
Step 4377370/5000000 | Win rate (rollout): 0.62 | Loss: 0.181 | Opp label coverage: 0.77
Step 4377887/5000000 | Win rate (rollout): 0.56 | Loss: 0.187 | Opp label coverage: 0.90
Step 4378399/5000000 | Win rate (rollout): 0.64 | Loss: 0.206 | Opp label coverage: 0.83
Step 4378911/5000000 | Win rate (rollout): 0.77 | Loss: 0.191 | Opp label coverage: 0.91
Step 4379426/5000000 | Win rate (rollout): 0.30 | Loss: 0.218 | Opp label coverage: 0.88
Step 4379942/5000000 | Win rate (rollout): 0.53 | Loss: 0.194 | Opp label coverage: 0.89
Step 4380456/5000000 | Win rate (rollout): 0.69 | Loss: 0.196 | Opp label coverage: 0.90
Step 4380968/5000000 | Win rate (rollout): 0.82 | Loss: 0.209 | Opp label coverage: 0.78
Step 4381481/5000000 | Win rate (rollout): 0.27 | Loss: 0.294 | Opp label coverage: 0.89
Step 4381993/5000000 | Win rate (rollout): 0.47 | Loss: 0.223 | Opp label coverage: 0.80
Step 4382507/5000000 | Win rate (rollout): 0.50 | Loss: 0.260 | Opp label coverage: 0.88
Step 4383019/5000000 | Win rate (rollout): 0.42 | Loss: 0.221 | Opp label coverage: 0.85
Step 4383531/5000000 | Win rate (rollout): 0.50 | Loss: 0.178 | Opp label coverage: 0.83
Step 4384043/5000000 | Win rate (rollout): 0.53 | Loss: 0.199 | Opp label coverage: 0.81
Step 4384555/5000000 | Win rate (rollout): 0.50 | Loss: 0.193 | Opp label coverage: 0.89
Step 4385067/5000000 | Win rate (rollout): 0.60 | Loss: 0.184 | Opp label coverage: 0.83
Step 4385579/5000000 | Win rate (rollout): 0.40 | Loss: 0.174 | Opp label coverage: 0.82
Step 4386096/5000000 | Win rate (rollout): 0.50 | Loss: 0.240 | Opp label coverage: 0.89
Step 4386608/5000000 | Win rate (rollout): 0.73 | Loss: 0.177 | Opp label coverage: 0.84
Step 4387120/5000000 | Win rate (rollout): 0.62 | Loss: 0.202 | Opp label coverage: 0.81
Step 4387632/5000000 | Win rate (rollout): 0.59 | Loss: 0.187 | Opp label coverage: 0.80
Step 4388147/5000000 | Win rate (rollout): 0.40 | Loss: 0.304 | Opp label coverage: 0.89
Step 4388660/5000000 | Win rate (rollout): 0.58 | Loss: 0.217 | Opp label coverage: 0.92
Step 4389173/5000000 | Win rate (rollout): 0.60 | Loss: 0.259 | Opp label coverage: 0.93
Step 4389685/5000000 | Win rate (rollout): 0.50 | Loss: 0.197 | Opp label coverage: 0.80
Step 4390197/5000000 | Win rate (rollout): 0.73 | Loss: 0.191 | Opp label coverage: 0.82
Step 4390709/5000000 | Win rate (rollout): 0.18 | Loss: 0.250 | Opp label coverage: 0.87
Step 4391221/5000000 | Win rate (rollout): 0.67 | Loss: 0.184 | Opp label coverage: 0.82
Step 4391733/5000000 | Win rate (rollout): 0.50 | Loss: 0.191 | Opp label coverage: 0.84
Step 4392245/5000000 | Win rate (rollout): 0.64 | Loss: 0.198 | Opp label coverage: 0.80
Step 4392757/5000000 | Win rate (rollout): 0.43 | Loss: 0.190 | Opp label coverage: 0.88
Step 4393273/5000000 | Win rate (rollout): 0.58 | Loss: 0.205 | Opp label coverage: 0.88
Step 4393791/5000000 | Win rate (rollout): 0.50 | Loss: 0.224 | Opp label coverage: 0.86
Step 4394304/5000000 | Win rate (rollout): 0.57 | Loss: 0.181 | Opp label coverage: 0.89
Step 4394820/5000000 | Win rate (rollout): 0.71 | Loss: 0.205 | Opp label coverage: 0.90
Step 4395332/5000000 | Win rate (rollout): 0.67 | Loss: 0.176 | Opp label coverage: 0.81
Step 4395844/5000000 | Win rate (rollout): 0.36 | Loss: 0.199 | Opp label coverage: 0.80
Step 4396356/5000000 | Win rate (rollout): 0.35 | Loss: 0.220 | Opp label coverage: 0.78
Step 4396868/5000000 | Win rate (rollout): 0.70 | Loss: 0.209 | Opp label coverage: 0.89
Step 4397383/5000000 | Win rate (rollout): 0.75 | Loss: 0.176 | Opp label coverage: 0.89
Step 4397895/5000000 | Win rate (rollout): 0.40 | Loss: 0.238 | Opp label coverage: 0.89
Step 4398409/5000000 | Win rate (rollout): 0.69 | Loss: 0.189 | Opp label coverage: 0.88
Step 4398921/5000000 | Win rate (rollout): 0.86 | Loss: 0.182 | Opp label coverage: 0.83
Step 4399433/5000000 | Win rate (rollout): 0.45 | Loss: 0.183 | Opp label coverage: 0.82
Step 4399945/5000000 | Win rate (rollout): 0.53 | Loss: 0.201 | Opp label coverage: 0.85
Step 4400458/5000000 | Win rate (rollout): 0.50 | Loss: 0.237 | Opp label coverage: 0.88
Step 4400970/5000000 | Win rate (rollout): 0.75 | Loss: 0.204 | Opp label coverage: 0.80
Step 4401484/5000000 | Win rate (rollout): 0.64 | Loss: 0.106 | Opp label coverage: 0.89
Step 4402000/5000000 | Win rate (rollout): 0.57 | Loss: 0.215 | Opp label coverage: 0.90
Step 4402513/5000000 | Win rate (rollout): 0.80 | Loss: 0.187 | Opp label coverage: 0.88
Step 4403028/5000000 | Win rate (rollout): 0.33 | Loss: 0.268 | Opp label coverage: 0.90
Step 4403540/5000000 | Win rate (rollout): 0.80 | Loss: 0.162 | Opp label coverage: 0.89
Step 4404055/5000000 | Win rate (rollout): 0.70 | Loss: 0.186 | Opp label coverage: 0.91
Step 4404567/5000000 | Win rate (rollout): 0.54 | Loss: 0.244 | Opp label coverage: 0.81
Step 4405086/5000000 | Win rate (rollout): 0.42 | Loss: 0.212 | Opp label coverage: 0.90
Step 4405598/5000000 | Win rate (rollout): 0.60 | Loss: 0.181 | Opp label coverage: 0.85
Step 4406110/5000000 | Win rate (rollout): 0.50 | Loss: 0.199 | Opp label coverage: 0.82
Step 4406622/5000000 | Win rate (rollout): 0.53 | Loss: 0.211 | Opp label coverage: 0.82
Step 4407134/5000000 | Win rate (rollout): 0.67 | Loss: 0.196 | Opp label coverage: 0.86
Step 4407647/5000000 | Win rate (rollout): 0.40 | Loss: 0.143 | Opp label coverage: 0.89
Step 4408161/5000000 | Win rate (rollout): 0.61 | Loss: 0.309 | Opp label coverage: 0.90
Step 4408676/5000000 | Win rate (rollout): 0.75 | Loss: 0.213 | Opp label coverage: 0.91
Step 4409188/5000000 | Win rate (rollout): 0.70 | Loss: 0.186 | Opp label coverage: 0.83
Step 4409700/5000000 | Win rate (rollout): 0.57 | Loss: 0.196 | Opp label coverage: 0.84
Step 4410212/5000000 | Win rate (rollout): 0.77 | Loss: 0.178 | Opp label coverage: 0.82
Step 4410724/5000000 | Win rate (rollout): 0.62 | Loss: 0.184 | Opp label coverage: 0.77
Step 4411236/5000000 | Win rate (rollout): 0.36 | Loss: 0.238 | Opp label coverage: 0.88
Step 4411748/5000000 | Win rate (rollout): 0.54 | Loss: 0.231 | Opp label coverage: 0.79
Step 4412262/5000000 | Win rate (rollout): 0.42 | Loss: 0.153 | Opp label coverage: 0.87
Step 4412778/5000000 | Win rate (rollout): 0.71 | Loss: 0.255 | Opp label coverage: 0.89
Step 4413290/5000000 | Win rate (rollout): 0.60 | Loss: 0.215 | Opp label coverage: 0.90
Step 4413802/5000000 | Win rate (rollout): 0.70 | Loss: 0.187 | Opp label coverage: 0.83
Step 4414314/5000000 | Win rate (rollout): 0.62 | Loss: 0.204 | Opp label coverage: 0.84
Step 4414826/5000000 | Win rate (rollout): 0.80 | Loss: 0.185 | Opp label coverage: 0.89
Step 4415340/5000000 | Win rate (rollout): 0.41 | Loss: 0.215 | Opp label coverage: 0.88
Step 4415853/5000000 | Win rate (rollout): 0.33 | Loss: 0.122 | Opp label coverage: 0.88
Step 4416365/5000000 | Win rate (rollout): 0.89 | Loss: 0.230 | Opp label coverage: 0.78
Step 4416877/5000000 | Win rate (rollout): 0.50 | Loss: 0.191 | Opp label coverage: 0.83
Step 4417389/5000000 | Win rate (rollout): 0.43 | Loss: 0.175 | Opp label coverage: 0.87
Step 4417901/5000000 | Win rate (rollout): 0.62 | Loss: 0.181 | Opp label coverage: 0.85
Step 4418417/5000000 | Win rate (rollout): 0.40 | Loss: 0.212 | Opp label coverage: 0.88
Step 4418929/5000000 | Win rate (rollout): 0.78 | Loss: 0.186 | Opp label coverage: 0.81
Step 4419447/5000000 | Win rate (rollout): 0.44 | Loss: 0.201 | Opp label coverage: 0.90
Step 4419959/5000000 | Win rate (rollout): 0.50 | Loss: 0.182 | Opp label coverage: 0.75
Step 4420476/5000000 | Win rate (rollout): 0.45 | Loss: 0.211 | Opp label coverage: 0.88
Step 4420988/5000000 | Win rate (rollout): 0.42 | Loss: 0.214 | Opp label coverage: 0.80
Step 4421502/5000000 | Win rate (rollout): 0.62 | Loss: 0.270 | Opp label coverage: 0.91
Step 4422014/5000000 | Win rate (rollout): 0.60 | Loss: 0.213 | Opp label coverage: 0.80
Step 4422529/5000000 | Win rate (rollout): 0.70 | Loss: 0.150 | Opp label coverage: 0.90
Step 4423041/5000000 | Win rate (rollout): 0.73 | Loss: 0.171 | Opp label coverage: 0.86
Step 4423553/5000000 | Win rate (rollout): 0.38 | Loss: 0.235 | Opp label coverage: 0.80
Step 4424069/5000000 | Win rate (rollout): 0.78 | Loss: 0.213 | Opp label coverage: 0.92
Step 4424581/5000000 | Win rate (rollout): 0.71 | Loss: 0.205 | Opp label coverage: 0.78
Step 4425093/5000000 | Win rate (rollout): 0.36 | Loss: 0.213 | Opp label coverage: 0.78
Step 4425608/5000000 | Win rate (rollout): 0.36 | Loss: 0.206 | Opp label coverage: 0.90
Step 4426125/5000000 | Win rate (rollout): 0.33 | Loss: 0.211 | Opp label coverage: 0.87
Step 4426637/5000000 | Win rate (rollout): 0.40 | Loss: 0.188 | Opp label coverage: 0.83
Step 4427156/5000000 | Win rate (rollout): 0.45 | Loss: 0.203 | Opp label coverage: 0.89
Step 4427669/5000000 | Win rate (rollout): 0.54 | Loss: 0.232 | Opp label coverage: 0.91
Step 4428181/5000000 | Win rate (rollout): 0.73 | Loss: 0.202 | Opp label coverage: 0.81
Step 4428693/5000000 | Win rate (rollout): 0.60 | Loss: 0.186 | Opp label coverage: 0.80
Step 4429207/5000000 | Win rate (rollout): 0.69 | Loss: 0.241 | Opp label coverage: 0.88
Step 4429719/5000000 | Win rate (rollout): 0.75 | Loss: 0.190 | Opp label coverage: 0.79
Step 4430231/5000000 | Win rate (rollout): 0.42 | Loss: 0.206 | Opp label coverage: 0.79
Step 4430746/5000000 | Win rate (rollout): 0.33 | Loss: 0.240 | Opp label coverage: 0.88
Step 4431258/5000000 | Win rate (rollout): 0.36 | Loss: 0.197 | Opp label coverage: 0.79
Step 4431770/5000000 | Win rate (rollout): 0.27 | Loss: 0.212 | Opp label coverage: 0.89
Step 4432282/5000000 | Win rate (rollout): 0.77 | Loss: 0.226 | Opp label coverage: 0.86
Step 4432796/5000000 | Win rate (rollout): 0.67 | Loss: 0.178 | Opp label coverage: 0.89
Step 4433308/5000000 | Win rate (rollout): 0.38 | Loss: 0.172 | Opp label coverage: 0.81
Step 4433826/5000000 | Win rate (rollout): 0.58 | Loss: 0.212 | Opp label coverage: 0.88
Step 4434341/5000000 | Win rate (rollout): 0.54 | Loss: 0.228 | Opp label coverage: 0.90
Step 4434857/5000000 | Win rate (rollout): 0.43 | Loss: 0.248 | Opp label coverage: 0.89
Step 4435369/5000000 | Win rate (rollout): 0.78 | Loss: 0.197 | Opp label coverage: 0.84
Step 4435881/5000000 | Win rate (rollout): 0.64 | Loss: 0.185 | Opp label coverage: 0.80
Step 4436397/5000000 | Win rate (rollout): 0.56 | Loss: 0.202 | Opp label coverage: 0.89
Step 4436909/5000000 | Win rate (rollout): 0.69 | Loss: 0.203 | Opp label coverage: 0.81
Step 4437421/5000000 | Win rate (rollout): 0.91 | Loss: 0.171 | Opp label coverage: 0.83
Step 4437934/5000000 | Win rate (rollout): 0.56 | Loss: 0.211 | Opp label coverage: 0.90
Step 4438450/5000000 | Win rate (rollout): 0.67 | Loss: 0.140 | Opp label coverage: 0.91
Step 4438963/5000000 | Win rate (rollout): 0.73 | Loss: 0.162 | Opp label coverage: 0.93
Step 4439480/5000000 | Win rate (rollout): 0.69 | Loss: 0.200 | Opp label coverage: 0.90
Step 4439996/5000000 | Win rate (rollout): 0.25 | Loss: 0.274 | Opp label coverage: 0.89
Step 4440510/5000000 | Win rate (rollout): 0.46 | Loss: 0.231 | Opp label coverage: 0.90
Step 4441026/5000000 | Win rate (rollout): 0.50 | Loss: 0.242 | Opp label coverage: 0.90
Step 4441543/5000000 | Win rate (rollout): 0.59 | Loss: 0.203 | Opp label coverage: 0.89
Step 4442059/5000000 | Win rate (rollout): 0.60 | Loss: 0.210 | Opp label coverage: 0.90
Step 4442571/5000000 | Win rate (rollout): 0.62 | Loss: 0.208 | Opp label coverage: 0.84
Step 4443083/5000000 | Win rate (rollout): 0.33 | Loss: 0.195 | Opp label coverage: 0.83
Step 4443595/5000000 | Win rate (rollout): 0.60 | Loss: 0.188 | Opp label coverage: 0.88
Step 4444107/5000000 | Win rate (rollout): 0.55 | Loss: 0.190 | Opp label coverage: 0.82
Step 4444619/5000000 | Win rate (rollout): 0.50 | Loss: 0.198 | Opp label coverage: 0.81
Step 4445135/5000000 | Win rate (rollout): 0.67 | Loss: 0.164 | Opp label coverage: 0.90
Step 4445653/5000000 | Win rate (rollout): 0.53 | Loss: 0.210 | Opp label coverage: 0.88
Step 4446165/5000000 | Win rate (rollout): 0.79 | Loss: 0.192 | Opp label coverage: 0.83
Step 4446682/5000000 | Win rate (rollout): 0.55 | Loss: 0.209 | Opp label coverage: 0.90
Step 4447194/5000000 | Win rate (rollout): 0.57 | Loss: 0.200 | Opp label coverage: 0.84
Step 4447706/5000000 | Win rate (rollout): 0.62 | Loss: 0.207 | Opp label coverage: 0.81
Step 4448218/5000000 | Win rate (rollout): 0.80 | Loss: 0.202 | Opp label coverage: 0.90
Step 4448730/5000000 | Win rate (rollout): 0.71 | Loss: 0.157 | Opp label coverage: 0.82
Step 4449242/5000000 | Win rate (rollout): 0.57 | Loss: 0.186 | Opp label coverage: 0.84
Step 4449759/5000000 | Win rate (rollout): 0.36 | Loss: 0.241 | Opp label coverage: 0.87
Step 4450272/5000000 | Win rate (rollout): 0.54 | Loss: 0.201 | Opp label coverage: 0.89
Step 4450789/5000000 | Win rate (rollout): 0.64 | Loss: 0.225 | Opp label coverage: 0.89
Step 4451301/5000000 | Win rate (rollout): 0.70 | Loss: 0.182 | Opp label coverage: 0.86
Step 4451815/5000000 | Win rate (rollout): 0.50 | Loss: 0.168 | Opp label coverage: 0.88
Step 4452331/5000000 | Win rate (rollout): 0.31 | Loss: 0.199 | Opp label coverage: 0.89
Step 4452846/5000000 | Win rate (rollout): 0.69 | Loss: 0.127 | Opp label coverage: 0.90
Step 4453358/5000000 | Win rate (rollout): 0.60 | Loss: 0.200 | Opp label coverage: 0.88
Step 4453874/5000000 | Win rate (rollout): 0.55 | Loss: 0.233 | Opp label coverage: 0.91
Step 4454390/5000000 | Win rate (rollout): 0.40 | Loss: 0.178 | Opp label coverage: 0.87
Step 4454906/5000000 | Win rate (rollout): 0.33 | Loss: 0.235 | Opp label coverage: 0.89
Step 4455418/5000000 | Win rate (rollout): 0.83 | Loss: 0.201 | Opp label coverage: 0.82
Step 4455931/5000000 | Win rate (rollout): 0.30 | Loss: 0.353 | Opp label coverage: 0.88
Step 4456444/5000000 | Win rate (rollout): 0.62 | Loss: 0.258 | Opp label coverage: 0.90
Step 4456962/5000000 | Win rate (rollout): 0.29 | Loss: 0.228 | Opp label coverage: 0.90
Step 4457474/5000000 | Win rate (rollout): 0.60 | Loss: 0.193 | Opp label coverage: 0.83
Step 4457986/5000000 | Win rate (rollout): 0.17 | Loss: 0.205 | Opp label coverage: 0.78
Step 4458498/5000000 | Win rate (rollout): 0.67 | Loss: 0.210 | Opp label coverage: 0.81
Step 4459010/5000000 | Win rate (rollout): 0.53 | Loss: 0.208 | Opp label coverage: 0.78
Step 4459526/5000000 | Win rate (rollout): 0.50 | Loss: 0.194 | Opp label coverage: 0.88
Step 4460038/5000000 | Win rate (rollout): 0.75 | Loss: 0.188 | Opp label coverage: 0.82
Step 4460550/5000000 | Win rate (rollout): 0.57 | Loss: 0.199 | Opp label coverage: 0.83
Step 4461065/5000000 | Win rate (rollout): 0.78 | Loss: 0.111 | Opp label coverage: 0.90
Step 4461582/5000000 | Win rate (rollout): 0.56 | Loss: 0.207 | Opp label coverage: 0.88
Step 4462097/5000000 | Win rate (rollout): 0.53 | Loss: 0.193 | Opp label coverage: 0.87
Step 4462611/5000000 | Win rate (rollout): 0.77 | Loss: 0.210 | Opp label coverage: 0.90
Step 4463123/5000000 | Win rate (rollout): 0.82 | Loss: 0.153 | Opp label coverage: 0.81
Step 4463635/5000000 | Win rate (rollout): 0.67 | Loss: 0.199 | Opp label coverage: 0.89
Step 4464147/5000000 | Win rate (rollout): 0.31 | Loss: 0.237 | Opp label coverage: 0.83
Step 4464659/5000000 | Win rate (rollout): 0.44 | Loss: 0.203 | Opp label coverage: 0.87
Step 4465175/5000000 | Win rate (rollout): 0.67 | Loss: 0.216 | Opp label coverage: 0.89
Step 4465690/5000000 | Win rate (rollout): 0.50 | Loss: 0.231 | Opp label coverage: 0.89
Step 4466202/5000000 | Win rate (rollout): 0.64 | Loss: 0.217 | Opp label coverage: 0.78
Step 4466719/5000000 | Win rate (rollout): 0.56 | Loss: 0.158 | Opp label coverage: 0.89
Step 4467231/5000000 | Win rate (rollout): 0.44 | Loss: 0.178 | Opp label coverage: 0.88
Step 4467744/5000000 | Win rate (rollout): 0.36 | Loss: 0.163 | Opp label coverage: 0.92
Step 4468261/5000000 | Win rate (rollout): 0.38 | Loss: 0.223 | Opp label coverage: 0.87
Step 4468778/5000000 | Win rate (rollout): 0.54 | Loss: 0.281 | Opp label coverage: 0.89
Step 4469295/5000000 | Win rate (rollout): 0.65 | Loss: 0.220 | Opp label coverage: 0.90
Step 4469808/5000000 | Win rate (rollout): 0.57 | Loss: 0.177 | Opp label coverage: 0.88
Step 4470320/5000000 | Win rate (rollout): 0.57 | Loss: 0.226 | Opp label coverage: 0.82
Step 4470834/5000000 | Win rate (rollout): 0.56 | Loss: 0.193 | Opp label coverage: 0.92
Step 4471346/5000000 | Win rate (rollout): 1.00 | Loss: 0.169 | Opp label coverage: 0.85
Step 4471860/5000000 | Win rate (rollout): 0.70 | Loss: 0.202 | Opp label coverage: 0.90
Step 4472372/5000000 | Win rate (rollout): 0.77 | Loss: 0.189 | Opp label coverage: 0.87
Step 4472888/5000000 | Win rate (rollout): 0.67 | Loss: 0.169 | Opp label coverage: 0.89
Step 4473406/5000000 | Win rate (rollout): 0.57 | Loss: 0.239 | Opp label coverage: 0.91
Step 4473918/5000000 | Win rate (rollout): 0.54 | Loss: 0.200 | Opp label coverage: 0.82
Step 4474430/5000000 | Win rate (rollout): 0.56 | Loss: 0.223 | Opp label coverage: 0.80
Step 4474942/5000000 | Win rate (rollout): 0.60 | Loss: 0.211 | Opp label coverage: 0.78
Step 4475457/5000000 | Win rate (rollout): 0.40 | Loss: 0.162 | Opp label coverage: 0.88
Step 4475972/5000000 | Win rate (rollout): 0.57 | Loss: 0.162 | Opp label coverage: 0.90
Step 4476484/5000000 | Win rate (rollout): 0.42 | Loss: 0.228 | Opp label coverage: 0.83
Step 4476999/5000000 | Win rate (rollout): 0.10 | Loss: 0.107 | Opp label coverage: 0.88
Step 4477511/5000000 | Win rate (rollout): 0.60 | Loss: 0.226 | Opp label coverage: 0.82
Step 4478030/5000000 | Win rate (rollout): 0.33 | Loss: 0.174 | Opp label coverage: 0.88
Step 4478542/5000000 | Win rate (rollout): 0.57 | Loss: 0.197 | Opp label coverage: 0.90
Step 4479054/5000000 | Win rate (rollout): 0.69 | Loss: 0.231 | Opp label coverage: 0.90
Step 4479566/5000000 | Win rate (rollout): 0.89 | Loss: 0.212 | Opp label coverage: 0.83
Step 4480078/5000000 | Win rate (rollout): 0.57 | Loss: 0.184 | Opp label coverage: 0.88
Step 4480593/5000000 | Win rate (rollout): 0.50 | Loss: 0.146 | Opp label coverage: 0.89
Step 4481105/5000000 | Win rate (rollout): 0.60 | Loss: 0.211 | Opp label coverage: 0.82
Step 4481617/5000000 | Win rate (rollout): 0.33 | Loss: 0.186 | Opp label coverage: 0.79
Step 4482129/5000000 | Win rate (rollout): 0.57 | Loss: 0.199 | Opp label coverage: 0.85
Step 4482641/5000000 | Win rate (rollout): 0.60 | Loss: 0.211 | Opp label coverage: 0.82
Step 4483156/5000000 | Win rate (rollout): 0.30 | Loss: 0.304 | Opp label coverage: 0.89
Step 4483668/5000000 | Win rate (rollout): 0.33 | Loss: 0.197 | Opp label coverage: 0.76
Step 4484180/5000000 | Win rate (rollout): 0.58 | Loss: 0.211 | Opp label coverage: 0.88
Step 4484692/5000000 | Win rate (rollout): 0.42 | Loss: 0.197 | Opp label coverage: 0.91
Step 4485204/5000000 | Win rate (rollout): 0.38 | Loss: 0.202 | Opp label coverage: 0.82
Step 4485719/5000000 | Win rate (rollout): 0.67 | Loss: 0.192 | Opp label coverage: 0.88
Step 4486235/5000000 | Win rate (rollout): 0.33 | Loss: 0.192 | Opp label coverage: 0.90
Step 4486748/5000000 | Win rate (rollout): 0.40 | Loss: 0.207 | Opp label coverage: 0.89
Step 4487265/5000000 | Win rate (rollout): 0.69 | Loss: 0.228 | Opp label coverage: 0.90
Step 4487777/5000000 | Win rate (rollout): 0.50 | Loss: 0.211 | Opp label coverage: 0.78
Step 4488290/5000000 | Win rate (rollout): 0.22 | Loss: 0.174 | Opp label coverage: 0.88
Step 4488802/5000000 | Win rate (rollout): 0.75 | Loss: 0.213 | Opp label coverage: 0.82
Step 4489314/5000000 | Win rate (rollout): 0.71 | Loss: 0.188 | Opp label coverage: 0.81
Step 4489829/5000000 | Win rate (rollout): 0.80 | Loss: 0.233 | Opp label coverage: 0.91
Step 4490341/5000000 | Win rate (rollout): 0.42 | Loss: 0.230 | Opp label coverage: 0.82
Step 4490853/5000000 | Win rate (rollout): 0.75 | Loss: 0.188 | Opp label coverage: 0.84
Step 4491365/5000000 | Win rate (rollout): 0.54 | Loss: 0.189 | Opp label coverage: 0.84
Step 4491877/5000000 | Win rate (rollout): 0.67 | Loss: 0.189 | Opp label coverage: 0.80
Step 4492394/5000000 | Win rate (rollout): 0.70 | Loss: 0.186 | Opp label coverage: 0.88
Step 4492907/5000000 | Win rate (rollout): 0.27 | Loss: 0.183 | Opp label coverage: 0.89
Step 4493421/5000000 | Win rate (rollout): 0.77 | Loss: 0.175 | Opp label coverage: 0.90
Step 4493933/5000000 | Win rate (rollout): 0.67 | Loss: 0.178 | Opp label coverage: 0.85
Step 4494448/5000000 | Win rate (rollout): 0.27 | Loss: 0.215 | Opp label coverage: 0.88
Step 4494960/5000000 | Win rate (rollout): 0.83 | Loss: 0.222 | Opp label coverage: 0.80
Step 4495472/5000000 | Win rate (rollout): 0.82 | Loss: 0.186 | Opp label coverage: 0.87
Step 4495990/5000000 | Win rate (rollout): 0.38 | Loss: 0.250 | Opp label coverage: 0.88
Step 4496503/5000000 | Win rate (rollout): 0.54 | Loss: 0.196 | Opp label coverage: 0.90
Step 4497015/5000000 | Win rate (rollout): 0.47 | Loss: 0.216 | Opp label coverage: 0.89
Step 4497527/5000000 | Win rate (rollout): 0.80 | Loss: 0.220 | Opp label coverage: 0.84
Step 4498045/5000000 | Win rate (rollout): 0.12 | Loss: 0.207 | Opp label coverage: 0.90
Step 4498557/5000000 | Win rate (rollout): 0.47 | Loss: 0.206 | Opp label coverage: 0.88
Step 4499069/5000000 | Win rate (rollout): 0.25 | Loss: 0.166 | Opp label coverage: 0.79
Step 4499586/5000000 | Win rate (rollout): 0.40 | Loss: 0.190 | Opp label coverage: 0.88
[checkpoint] Saved models/ppo/checkpoints/m9p2c/ppo_step_4500065.pt
Step 4500100/5000000 | Win rate (rollout): 0.50 | Loss: 0.208 | Opp label coverage: 0.89
Step 4500612/5000000 | Win rate (rollout): 0.69 | Loss: 0.214 | Opp label coverage: 0.80
Step 4501127/5000000 | Win rate (rollout): 0.14 | Loss: 0.196 | Opp label coverage: 0.89
Step 4501645/5000000 | Win rate (rollout): 0.53 | Loss: 0.217 | Opp label coverage: 0.90
Step 4502159/5000000 | Win rate (rollout): 0.47 | Loss: 0.223 | Opp label coverage: 0.88
Step 4502674/5000000 | Win rate (rollout): 0.47 | Loss: 0.232 | Opp label coverage: 0.87
Step 4503190/5000000 | Win rate (rollout): 0.60 | Loss: 0.205 | Opp label coverage: 0.89
Step 4503702/5000000 | Win rate (rollout): 0.54 | Loss: 0.213 | Opp label coverage: 0.82
Step 4504214/5000000 | Win rate (rollout): 0.81 | Loss: 0.180 | Opp label coverage: 0.85
Step 4504728/5000000 | Win rate (rollout): 0.73 | Loss: 0.186 | Opp label coverage: 0.90
Step 4505240/5000000 | Win rate (rollout): 0.08 | Loss: 0.194 | Opp label coverage: 0.81
Step 4505752/5000000 | Win rate (rollout): 0.75 | Loss: 0.183 | Opp label coverage: 0.84
Step 4506264/5000000 | Win rate (rollout): 0.42 | Loss: 0.197 | Opp label coverage: 0.82
Step 4506776/5000000 | Win rate (rollout): 0.47 | Loss: 0.196 | Opp label coverage: 0.86
Step 4507288/5000000 | Win rate (rollout): 0.59 | Loss: 0.200 | Opp label coverage: 0.78
Step 4507800/5000000 | Win rate (rollout): 0.50 | Loss: 0.221 | Opp label coverage: 0.76
Step 4508312/5000000 | Win rate (rollout): 0.60 | Loss: 0.197 | Opp label coverage: 0.89
Step 4508824/5000000 | Win rate (rollout): 0.25 | Loss: 0.208 | Opp label coverage: 0.80
Step 4509340/5000000 | Win rate (rollout): 0.88 | Loss: 0.248 | Opp label coverage: 0.91
Step 4509857/5000000 | Win rate (rollout): 0.27 | Loss: 0.173 | Opp label coverage: 0.91
Step 4510369/5000000 | Win rate (rollout): 0.45 | Loss: 0.204 | Opp label coverage: 0.75
Step 4510881/5000000 | Win rate (rollout): 0.70 | Loss: 0.186 | Opp label coverage: 0.84
Step 4511394/5000000 | Win rate (rollout): 0.44 | Loss: 0.310 | Opp label coverage: 0.90
Step 4511906/5000000 | Win rate (rollout): 0.57 | Loss: 0.184 | Opp label coverage: 0.82
Step 4512424/5000000 | Win rate (rollout): 0.18 | Loss: 0.192 | Opp label coverage: 0.88
Step 4512942/5000000 | Win rate (rollout): 0.45 | Loss: 0.147 | Opp label coverage: 0.90
Step 4513456/5000000 | Win rate (rollout): 0.53 | Loss: 0.124 | Opp label coverage: 0.91
Step 4513968/5000000 | Win rate (rollout): 0.81 | Loss: 0.205 | Opp label coverage: 0.84
Step 4514485/5000000 | Win rate (rollout): 0.44 | Loss: 0.216 | Opp label coverage: 0.89
Step 4515003/5000000 | Win rate (rollout): 0.53 | Loss: 0.277 | Opp label coverage: 0.89
Step 4515520/5000000 | Win rate (rollout): 0.53 | Loss: 0.244 | Opp label coverage: 0.89
Step 4516032/5000000 | Win rate (rollout): 0.57 | Loss: 0.199 | Opp label coverage: 0.85
Step 4516549/5000000 | Win rate (rollout): 0.40 | Loss: 0.233 | Opp label coverage: 0.88
Step 4517065/5000000 | Win rate (rollout): 0.13 | Loss: 0.299 | Opp label coverage: 0.89
Step 4517578/5000000 | Win rate (rollout): 0.54 | Loss: 0.178 | Opp label coverage: 0.88
Step 4518092/5000000 | Win rate (rollout): 0.57 | Loss: 0.172 | Opp label coverage: 0.89
Step 4518605/5000000 | Win rate (rollout): 0.53 | Loss: 0.209 | Opp label coverage: 0.89
Step 4519123/5000000 | Win rate (rollout): 0.42 | Loss: 0.196 | Opp label coverage: 0.90
Step 4519639/5000000 | Win rate (rollout): 0.46 | Loss: 0.166 | Opp label coverage: 0.90
Step 4520157/5000000 | Win rate (rollout): 0.33 | Loss: 0.171 | Opp label coverage: 0.88
Step 4520673/5000000 | Win rate (rollout): 0.69 | Loss: 0.165 | Opp label coverage: 0.90
Step 4521185/5000000 | Win rate (rollout): 0.44 | Loss: 0.171 | Opp label coverage: 0.79
Step 4521697/5000000 | Win rate (rollout): 0.77 | Loss: 0.201 | Opp label coverage: 0.84
Step 4522212/5000000 | Win rate (rollout): 0.58 | Loss: 0.248 | Opp label coverage: 0.88
Step 4522724/5000000 | Win rate (rollout): 0.67 | Loss: 0.175 | Opp label coverage: 0.82
Step 4523236/5000000 | Win rate (rollout): 0.45 | Loss: 0.225 | Opp label coverage: 0.87
Step 4523748/5000000 | Win rate (rollout): 0.83 | Loss: 0.172 | Opp label coverage: 0.82
Step 4524260/5000000 | Win rate (rollout): 0.67 | Loss: 0.201 | Opp label coverage: 0.78
Step 4524772/5000000 | Win rate (rollout): 0.53 | Loss: 0.187 | Opp label coverage: 0.82
Step 4525289/5000000 | Win rate (rollout): 0.38 | Loss: 0.198 | Opp label coverage: 0.89
Step 4525805/5000000 | Win rate (rollout): 0.50 | Loss: 0.173 | Opp label coverage: 0.91
Step 4526317/5000000 | Win rate (rollout): 0.56 | Loss: 0.203 | Opp label coverage: 0.81
Step 4526835/5000000 | Win rate (rollout): 0.56 | Loss: 0.191 | Opp label coverage: 0.90
Step 4527348/5000000 | Win rate (rollout): 0.46 | Loss: 0.309 | Opp label coverage: 0.91
Step 4527861/5000000 | Win rate (rollout): 0.45 | Loss: 0.217 | Opp label coverage: 0.93
Step 4528373/5000000 | Win rate (rollout): 0.36 | Loss: 0.192 | Opp label coverage: 0.83
Step 4528885/5000000 | Win rate (rollout): 0.65 | Loss: 0.209 | Opp label coverage: 0.79
Step 4529397/5000000 | Win rate (rollout): 0.62 | Loss: 0.203 | Opp label coverage: 0.82
Step 4529916/5000000 | Win rate (rollout): 0.70 | Loss: 0.195 | Opp label coverage: 0.91
Step 4530430/5000000 | Win rate (rollout): 0.47 | Loss: 0.213 | Opp label coverage: 0.88
Step 4530947/5000000 | Win rate (rollout): 0.58 | Loss: 0.207 | Opp label coverage: 0.91
Step 4531461/5000000 | Win rate (rollout): 0.62 | Loss: 0.229 | Opp label coverage: 0.89
Step 4531976/5000000 | Win rate (rollout): 0.31 | Loss: 0.201 | Opp label coverage: 0.88
Step 4532490/5000000 | Win rate (rollout): 0.53 | Loss: 0.209 | Opp label coverage: 0.90
Step 4533002/5000000 | Win rate (rollout): 0.50 | Loss: 0.184 | Opp label coverage: 0.85
Step 4533514/5000000 | Win rate (rollout): 0.80 | Loss: 0.192 | Opp label coverage: 0.84
Step 4534026/5000000 | Win rate (rollout): 0.62 | Loss: 0.214 | Opp label coverage: 0.79
Step 4534539/5000000 | Win rate (rollout): 0.50 | Loss: 0.242 | Opp label coverage: 0.90
Step 4535054/5000000 | Win rate (rollout): 0.33 | Loss: 0.196 | Opp label coverage: 0.89
Step 4535566/5000000 | Win rate (rollout): 0.92 | Loss: 0.193 | Opp label coverage: 0.85
Step 4536078/5000000 | Win rate (rollout): 0.73 | Loss: 0.204 | Opp label coverage: 0.82
Step 4536590/5000000 | Win rate (rollout): 0.44 | Loss: 0.182 | Opp label coverage: 0.79
Step 4537102/5000000 | Win rate (rollout): 0.72 | Loss: 0.182 | Opp label coverage: 0.82
Step 4537617/5000000 | Win rate (rollout): 0.58 | Loss: 0.203 | Opp label coverage: 0.89
Step 4538133/5000000 | Win rate (rollout): 0.46 | Loss: 0.190 | Opp label coverage: 0.90
Step 4538645/5000000 | Win rate (rollout): 0.69 | Loss: 0.241 | Opp label coverage: 0.90
Step 4539157/5000000 | Win rate (rollout): 0.71 | Loss: 0.223 | Opp label coverage: 0.91
Step 4539669/5000000 | Win rate (rollout): 0.67 | Loss: 0.188 | Opp label coverage: 0.83
Step 4540181/5000000 | Win rate (rollout): 0.40 | Loss: 0.188 | Opp label coverage: 0.89
Step 4540693/5000000 | Win rate (rollout): 0.88 | Loss: 0.169 | Opp label coverage: 0.82
Step 4541205/5000000 | Win rate (rollout): 0.36 | Loss: 0.221 | Opp label coverage: 0.89
Step 4541718/5000000 | Win rate (rollout): 0.71 | Loss: 0.275 | Opp label coverage: 0.89
Step 4542230/5000000 | Win rate (rollout): 0.58 | Loss: 0.217 | Opp label coverage: 0.83
Step 4542742/5000000 | Win rate (rollout): 0.60 | Loss: 0.195 | Opp label coverage: 0.84
Step 4543259/5000000 | Win rate (rollout): 0.57 | Loss: 0.179 | Opp label coverage: 0.89
Step 4543771/5000000 | Win rate (rollout): 0.50 | Loss: 0.199 | Opp label coverage: 0.81
Step 4544283/5000000 | Win rate (rollout): 0.22 | Loss: 0.216 | Opp label coverage: 0.80
Step 4544799/5000000 | Win rate (rollout): 0.75 | Loss: 0.178 | Opp label coverage: 0.88
Step 4545318/5000000 | Win rate (rollout): 0.27 | Loss: 0.211 | Opp label coverage: 0.87
Step 4545835/5000000 | Win rate (rollout): 0.45 | Loss: 0.233 | Opp label coverage: 0.91
Step 4546347/5000000 | Win rate (rollout): 0.58 | Loss: 0.221 | Opp label coverage: 0.81
Step 4546859/5000000 | Win rate (rollout): 0.60 | Loss: 0.198 | Opp label coverage: 0.89
Step 4547372/5000000 | Win rate (rollout): 0.38 | Loss: 0.116 | Opp label coverage: 0.90
Step 4547886/5000000 | Win rate (rollout): 0.79 | Loss: 0.302 | Opp label coverage: 0.90
Step 4548398/5000000 | Win rate (rollout): 0.62 | Loss: 0.181 | Opp label coverage: 0.84
Step 4548910/5000000 | Win rate (rollout): 0.45 | Loss: 0.202 | Opp label coverage: 0.78
Step 4549429/5000000 | Win rate (rollout): 0.75 | Loss: 0.169 | Opp label coverage: 0.90
Step 4549944/5000000 | Win rate (rollout): 0.64 | Loss: 0.155 | Opp label coverage: 0.88
Step 4550456/5000000 | Win rate (rollout): 0.70 | Loss: 0.190 | Opp label coverage: 0.85
Step 4550968/5000000 | Win rate (rollout): 0.46 | Loss: 0.174 | Opp label coverage: 0.80
Step 4551480/5000000 | Win rate (rollout): 0.50 | Loss: 0.228 | Opp label coverage: 0.84
Step 4551992/5000000 | Win rate (rollout): 0.77 | Loss: 0.182 | Opp label coverage: 0.82
Step 4552504/5000000 | Win rate (rollout): 0.42 | Loss: 0.218 | Opp label coverage: 0.79
Step 4553016/5000000 | Win rate (rollout): 0.67 | Loss: 0.180 | Opp label coverage: 0.81
Step 4553528/5000000 | Win rate (rollout): 0.60 | Loss: 0.217 | Opp label coverage: 0.81
Step 4554044/5000000 | Win rate (rollout): 0.33 | Loss: 0.198 | Opp label coverage: 0.90
Step 4554559/5000000 | Win rate (rollout): 0.77 | Loss: 0.159 | Opp label coverage: 0.90
Step 4555078/5000000 | Win rate (rollout): 0.58 | Loss: 0.182 | Opp label coverage: 0.91
Step 4555596/5000000 | Win rate (rollout): 0.43 | Loss: 0.235 | Opp label coverage: 0.89
Step 4556111/5000000 | Win rate (rollout): 0.75 | Loss: 0.148 | Opp label coverage: 0.90
Step 4556623/5000000 | Win rate (rollout): 0.40 | Loss: 0.241 | Opp label coverage: 0.88
Step 4557137/5000000 | Win rate (rollout): 0.36 | Loss: 0.217 | Opp label coverage: 0.89
Step 4557649/5000000 | Win rate (rollout): 0.67 | Loss: 0.230 | Opp label coverage: 0.83
Step 4558161/5000000 | Win rate (rollout): 0.65 | Loss: 0.210 | Opp label coverage: 0.77
Step 4558673/5000000 | Win rate (rollout): 0.64 | Loss: 0.195 | Opp label coverage: 0.75
Step 4559185/5000000 | Win rate (rollout): 0.70 | Loss: 0.188 | Opp label coverage: 0.82
Step 4559697/5000000 | Win rate (rollout): 0.46 | Loss: 0.218 | Opp label coverage: 0.84
Step 4560214/5000000 | Win rate (rollout): 0.33 | Loss: 0.228 | Opp label coverage: 0.87
Step 4560727/5000000 | Win rate (rollout): 0.75 | Loss: 0.153 | Opp label coverage: 0.92
Step 4561239/5000000 | Win rate (rollout): 0.45 | Loss: 0.184 | Opp label coverage: 0.81
Step 4561751/5000000 | Win rate (rollout): 0.44 | Loss: 0.211 | Opp label coverage: 0.82
Step 4562268/5000000 | Win rate (rollout): 0.58 | Loss: 0.163 | Opp label coverage: 0.89
Step 4562781/5000000 | Win rate (rollout): 0.36 | Loss: 0.107 | Opp label coverage: 0.89
Step 4563293/5000000 | Win rate (rollout): 0.64 | Loss: 0.174 | Opp label coverage: 0.86
Step 4563805/5000000 | Win rate (rollout): 0.46 | Loss: 0.209 | Opp label coverage: 0.83
Step 4564317/5000000 | Win rate (rollout): 0.56 | Loss: 0.211 | Opp label coverage: 0.85
Step 4564835/5000000 | Win rate (rollout): 0.40 | Loss: 0.192 | Opp label coverage: 0.89
Step 4565349/5000000 | Win rate (rollout): 0.40 | Loss: 0.176 | Opp label coverage: 0.89
Step 4565861/5000000 | Win rate (rollout): 0.62 | Loss: 0.193 | Opp label coverage: 0.83
Step 4566380/5000000 | Win rate (rollout): 0.40 | Loss: 0.190 | Opp label coverage: 0.89
Step 4566892/5000000 | Win rate (rollout): 0.42 | Loss: 0.193 | Opp label coverage: 0.83
Step 4567409/5000000 | Win rate (rollout): 0.67 | Loss: 0.205 | Opp label coverage: 0.91
Step 4567923/5000000 | Win rate (rollout): 0.43 | Loss: 0.138 | Opp label coverage: 0.89
Step 4568437/5000000 | Win rate (rollout): 0.50 | Loss: 0.245 | Opp label coverage: 0.90
Step 4568949/5000000 | Win rate (rollout): 0.38 | Loss: 0.213 | Opp label coverage: 0.90
Step 4569461/5000000 | Win rate (rollout): 0.57 | Loss: 0.194 | Opp label coverage: 0.86
Step 4569978/5000000 | Win rate (rollout): 0.67 | Loss: 0.231 | Opp label coverage: 0.89
Step 4570490/5000000 | Win rate (rollout): 0.50 | Loss: 0.171 | Opp label coverage: 0.82
Step 4571002/5000000 | Win rate (rollout): 0.44 | Loss: 0.189 | Opp label coverage: 0.85
Step 4571514/5000000 | Win rate (rollout): 0.45 | Loss: 0.201 | Opp label coverage: 0.85
Step 4572026/5000000 | Win rate (rollout): 0.73 | Loss: 0.182 | Opp label coverage: 0.87
Step 4572541/5000000 | Win rate (rollout): 0.60 | Loss: 0.191 | Opp label coverage: 0.90
Step 4573058/5000000 | Win rate (rollout): 0.57 | Loss: 0.153 | Opp label coverage: 0.89
Step 4573570/5000000 | Win rate (rollout): 0.92 | Loss: 0.198 | Opp label coverage: 0.81
Step 4574082/5000000 | Win rate (rollout): 0.89 | Loss: 0.169 | Opp label coverage: 0.84
Step 4574598/5000000 | Win rate (rollout): 0.44 | Loss: 0.199 | Opp label coverage: 0.89
Step 4575110/5000000 | Win rate (rollout): 0.67 | Loss: 0.190 | Opp label coverage: 0.84
Step 4575623/5000000 | Win rate (rollout): 0.62 | Loss: 0.178 | Opp label coverage: 0.92
Step 4576135/5000000 | Win rate (rollout): 0.50 | Loss: 0.207 | Opp label coverage: 0.80
Step 4576647/5000000 | Win rate (rollout): 0.60 | Loss: 0.198 | Opp label coverage: 0.82
Step 4577162/5000000 | Win rate (rollout): 0.56 | Loss: 0.174 | Opp label coverage: 0.91
Step 4577674/5000000 | Win rate (rollout): 0.53 | Loss: 0.248 | Opp label coverage: 0.80
Step 4578186/5000000 | Win rate (rollout): 0.67 | Loss: 0.174 | Opp label coverage: 0.86
Step 4578703/5000000 | Win rate (rollout): 0.44 | Loss: 0.193 | Opp label coverage: 0.89
Step 4579215/5000000 | Win rate (rollout): 0.36 | Loss: 0.166 | Opp label coverage: 0.84
Step 4579727/5000000 | Win rate (rollout): 0.80 | Loss: 0.209 | Opp label coverage: 0.86
Step 4580239/5000000 | Win rate (rollout): 0.67 | Loss: 0.192 | Opp label coverage: 0.80
Step 4580751/5000000 | Win rate (rollout): 0.73 | Loss: 0.209 | Opp label coverage: 0.86
Step 4581263/5000000 | Win rate (rollout): 0.69 | Loss: 0.192 | Opp label coverage: 0.75
Step 4581777/5000000 | Win rate (rollout): 0.60 | Loss: 0.205 | Opp label coverage: 0.88
Step 4582294/5000000 | Win rate (rollout): 0.59 | Loss: 0.139 | Opp label coverage: 0.88
Step 4582806/5000000 | Win rate (rollout): 0.67 | Loss: 0.205 | Opp label coverage: 0.82
Step 4583318/5000000 | Win rate (rollout): 0.45 | Loss: 0.186 | Opp label coverage: 0.84
Step 4583835/5000000 | Win rate (rollout): 0.43 | Loss: 0.188 | Opp label coverage: 0.90
Step 4584347/5000000 | Win rate (rollout): 0.54 | Loss: 0.206 | Opp label coverage: 0.83
Step 4584862/5000000 | Win rate (rollout): 0.75 | Loss: 0.195 | Opp label coverage: 0.92
Step 4585374/5000000 | Win rate (rollout): 0.55 | Loss: 0.187 | Opp label coverage: 0.83
Step 4585888/5000000 | Win rate (rollout): 0.45 | Loss: 0.143 | Opp label coverage: 0.89
Step 4586400/5000000 | Win rate (rollout): 0.50 | Loss: 0.220 | Opp label coverage: 0.81
Step 4586912/5000000 | Win rate (rollout): 0.43 | Loss: 0.172 | Opp label coverage: 0.79
Step 4587427/5000000 | Win rate (rollout): 0.45 | Loss: 0.192 | Opp label coverage: 0.89
Step 4587939/5000000 | Win rate (rollout): 0.54 | Loss: 0.176 | Opp label coverage: 0.91
Step 4588451/5000000 | Win rate (rollout): 0.50 | Loss: 0.204 | Opp label coverage: 0.87
Step 4588963/5000000 | Win rate (rollout): 0.64 | Loss: 0.181 | Opp label coverage: 0.86
Step 4589479/5000000 | Win rate (rollout): 0.50 | Loss: 0.194 | Opp label coverage: 0.88
Step 4589998/5000000 | Win rate (rollout): 0.58 | Loss: 0.228 | Opp label coverage: 0.92
Step 4590511/5000000 | Win rate (rollout): 0.55 | Loss: 0.220 | Opp label coverage: 0.92
Step 4591030/5000000 | Win rate (rollout): 0.50 | Loss: 0.219 | Opp label coverage: 0.88
Step 4591542/5000000 | Win rate (rollout): 1.00 | Loss: 0.181 | Opp label coverage: 0.78
Step 4592054/5000000 | Win rate (rollout): 0.73 | Loss: 0.162 | Opp label coverage: 0.79
Step 4592566/5000000 | Win rate (rollout): 0.78 | Loss: 0.186 | Opp label coverage: 0.88
Step 4593084/5000000 | Win rate (rollout): 0.56 | Loss: 0.234 | Opp label coverage: 0.89
Step 4593596/5000000 | Win rate (rollout): 0.50 | Loss: 0.196 | Opp label coverage: 0.86
Step 4594108/5000000 | Win rate (rollout): 0.62 | Loss: 0.181 | Opp label coverage: 0.85
Step 4594621/5000000 | Win rate (rollout): 0.36 | Loss: 0.254 | Opp label coverage: 0.89
Step 4595133/5000000 | Win rate (rollout): 0.50 | Loss: 0.175 | Opp label coverage: 0.82
Step 4595647/5000000 | Win rate (rollout): 0.40 | Loss: 0.157 | Opp label coverage: 0.89
Step 4596159/5000000 | Win rate (rollout): 0.54 | Loss: 0.212 | Opp label coverage: 0.81
Step 4596671/5000000 | Win rate (rollout): 0.62 | Loss: 0.208 | Opp label coverage: 0.89
Step 4597183/5000000 | Win rate (rollout): 0.50 | Loss: 0.162 | Opp label coverage: 0.82
Step 4597695/5000000 | Win rate (rollout): 0.43 | Loss: 0.206 | Opp label coverage: 0.79
Step 4598211/5000000 | Win rate (rollout): 0.67 | Loss: 0.204 | Opp label coverage: 0.88
Step 4598723/5000000 | Win rate (rollout): 0.56 | Loss: 0.202 | Opp label coverage: 0.80
Step 4599235/5000000 | Win rate (rollout): 0.64 | Loss: 0.242 | Opp label coverage: 0.81
Step 4599752/5000000 | Win rate (rollout): 0.55 | Loss: 0.183 | Opp label coverage: 0.88
Step 4600264/5000000 | Win rate (rollout): 0.80 | Loss: 0.180 | Opp label coverage: 0.85
Step 4600778/5000000 | Win rate (rollout): 0.70 | Loss: 0.192 | Opp label coverage: 0.89
Step 4601295/5000000 | Win rate (rollout): 0.40 | Loss: 0.266 | Opp label coverage: 0.88
Step 4601808/5000000 | Win rate (rollout): 0.33 | Loss: 0.127 | Opp label coverage: 0.89
Step 4602320/5000000 | Win rate (rollout): 0.50 | Loss: 0.190 | Opp label coverage: 0.85
Step 4602832/5000000 | Win rate (rollout): 0.53 | Loss: 0.199 | Opp label coverage: 0.85
Step 4603344/5000000 | Win rate (rollout): 0.45 | Loss: 0.228 | Opp label coverage: 0.90
Step 4603856/5000000 | Win rate (rollout): 0.78 | Loss: 0.226 | Opp label coverage: 0.84
Step 4604373/5000000 | Win rate (rollout): 0.64 | Loss: 0.187 | Opp label coverage: 0.90
Step 4604885/5000000 | Win rate (rollout): 0.44 | Loss: 0.239 | Opp label coverage: 0.88
Step 4605398/5000000 | Win rate (rollout): 0.57 | Loss: 0.188 | Opp label coverage: 0.88
Step 4605910/5000000 | Win rate (rollout): 0.67 | Loss: 0.168 | Opp label coverage: 0.85
Step 4606425/5000000 | Win rate (rollout): 0.33 | Loss: 0.201 | Opp label coverage: 0.89
Step 4606937/5000000 | Win rate (rollout): 0.50 | Loss: 0.219 | Opp label coverage: 0.81
Step 4607453/5000000 | Win rate (rollout): 0.45 | Loss: 0.179 | Opp label coverage: 0.89
Step 4607965/5000000 | Win rate (rollout): 0.60 | Loss: 0.185 | Opp label coverage: 0.85
Step 4608481/5000000 | Win rate (rollout): 0.80 | Loss: 0.192 | Opp label coverage: 0.91
Step 4608993/5000000 | Win rate (rollout): 0.89 | Loss: 0.182 | Opp label coverage: 0.84
Step 4609510/5000000 | Win rate (rollout): 1.00 | Loss: 0.183 | Opp label coverage: 0.92
Step 4610022/5000000 | Win rate (rollout): 0.75 | Loss: 0.154 | Opp label coverage: 0.82
Step 4610535/5000000 | Win rate (rollout): 0.50 | Loss: 0.143 | Opp label coverage: 0.88
Step 4611052/5000000 | Win rate (rollout): 0.44 | Loss: 0.229 | Opp label coverage: 0.89
Step 4611569/5000000 | Win rate (rollout): 0.53 | Loss: 0.215 | Opp label coverage: 0.88
Step 4612083/5000000 | Win rate (rollout): 0.54 | Loss: 0.176 | Opp label coverage: 0.88
Step 4612599/5000000 | Win rate (rollout): 0.44 | Loss: 0.215 | Opp label coverage: 0.90
Step 4613112/5000000 | Win rate (rollout): 0.47 | Loss: 0.217 | Opp label coverage: 0.88
Step 4613624/5000000 | Win rate (rollout): 0.67 | Loss: 0.199 | Opp label coverage: 0.80
Step 4614143/5000000 | Win rate (rollout): 0.60 | Loss: 0.173 | Opp label coverage: 0.90
Step 4614655/5000000 | Win rate (rollout): 0.50 | Loss: 0.235 | Opp label coverage: 0.83
Step 4615167/5000000 | Win rate (rollout): 0.58 | Loss: 0.204 | Opp label coverage: 0.82
Step 4615679/5000000 | Win rate (rollout): 0.83 | Loss: 0.209 | Opp label coverage: 0.81
Step 4616197/5000000 | Win rate (rollout): 0.42 | Loss: 0.230 | Opp label coverage: 0.89
Step 4616709/5000000 | Win rate (rollout): 0.29 | Loss: 0.226 | Opp label coverage: 0.85
Step 4617221/5000000 | Win rate (rollout): 0.50 | Loss: 0.176 | Opp label coverage: 0.81
Step 4617733/5000000 | Win rate (rollout): 0.62 | Loss: 0.204 | Opp label coverage: 0.89
Step 4618249/5000000 | Win rate (rollout): 0.62 | Loss: 0.204 | Opp label coverage: 0.92
Step 4618761/5000000 | Win rate (rollout): 0.53 | Loss: 0.169 | Opp label coverage: 0.84
Step 4619273/5000000 | Win rate (rollout): 0.88 | Loss: 0.178 | Opp label coverage: 0.87
Step 4619785/5000000 | Win rate (rollout): 0.75 | Loss: 0.199 | Opp label coverage: 0.81
Step 4620298/5000000 | Win rate (rollout): 0.90 | Loss: 0.296 | Opp label coverage: 0.91
Step 4620810/5000000 | Win rate (rollout): 0.46 | Loss: 0.233 | Opp label coverage: 0.88
Step 4621322/5000000 | Win rate (rollout): 0.53 | Loss: 0.215 | Opp label coverage: 0.83
Step 4621835/5000000 | Win rate (rollout): 0.56 | Loss: 0.163 | Opp label coverage: 0.89
Step 4622353/5000000 | Win rate (rollout): 0.50 | Loss: 0.180 | Opp label coverage: 0.89
Step 4622869/5000000 | Win rate (rollout): 0.59 | Loss: 0.234 | Opp label coverage: 0.88
Step 4623381/5000000 | Win rate (rollout): 0.31 | Loss: 0.205 | Opp label coverage: 0.82
Step 4623893/5000000 | Win rate (rollout): 0.33 | Loss: 0.222 | Opp label coverage: 0.85
Step 4624405/5000000 | Win rate (rollout): 0.38 | Loss: 0.186 | Opp label coverage: 0.87
Step 4624917/5000000 | Win rate (rollout): 0.50 | Loss: 0.232 | Opp label coverage: 0.88
Step 4625429/5000000 | Win rate (rollout): 0.58 | Loss: 0.196 | Opp label coverage: 0.83
Step 4625945/5000000 | Win rate (rollout): 0.30 | Loss: 0.175 | Opp label coverage: 0.88
Step 4626457/5000000 | Win rate (rollout): 0.89 | Loss: 0.208 | Opp label coverage: 0.84
Step 4626976/5000000 | Win rate (rollout): 0.31 | Loss: 0.214 | Opp label coverage: 0.89
Step 4627488/5000000 | Win rate (rollout): 0.70 | Loss: 0.194 | Opp label coverage: 0.84
Step 4628000/5000000 | Win rate (rollout): 0.57 | Loss: 0.232 | Opp label coverage: 0.83
Step 4628512/5000000 | Win rate (rollout): 0.57 | Loss: 0.184 | Opp label coverage: 0.83
Step 4629025/5000000 | Win rate (rollout): 0.50 | Loss: 0.167 | Opp label coverage: 0.91
Step 4629537/5000000 | Win rate (rollout): 0.29 | Loss: 0.206 | Opp label coverage: 0.88
Step 4630054/5000000 | Win rate (rollout): 0.36 | Loss: 0.223 | Opp label coverage: 0.89
Step 4630566/5000000 | Win rate (rollout): 0.54 | Loss: 0.199 | Opp label coverage: 0.84
Step 4631078/5000000 | Win rate (rollout): 0.18 | Loss: 0.203 | Opp label coverage: 0.89
Step 4631590/5000000 | Win rate (rollout): 0.67 | Loss: 0.211 | Opp label coverage: 0.78
Step 4632102/5000000 | Win rate (rollout): 0.53 | Loss: 0.187 | Opp label coverage: 0.79
Step 4632617/5000000 | Win rate (rollout): 0.70 | Loss: 0.207 | Opp label coverage: 0.89
Step 4633129/5000000 | Win rate (rollout): 0.33 | Loss: 0.206 | Opp label coverage: 0.84
Step 4633641/5000000 | Win rate (rollout): 0.45 | Loss: 0.189 | Opp label coverage: 0.84
Step 4634153/5000000 | Win rate (rollout): 0.50 | Loss: 0.251 | Opp label coverage: 0.86
Step 4634671/5000000 | Win rate (rollout): 0.57 | Loss: 0.205 | Opp label coverage: 0.87
Step 4635187/5000000 | Win rate (rollout): 0.60 | Loss: 0.212 | Opp label coverage: 0.87
Step 4635702/5000000 | Win rate (rollout): 0.50 | Loss: 0.202 | Opp label coverage: 0.88
Step 4636214/5000000 | Win rate (rollout): 0.50 | Loss: 0.168 | Opp label coverage: 0.83
Step 4636726/5000000 | Win rate (rollout): 0.31 | Loss: 0.214 | Opp label coverage: 0.84
Step 4637241/5000000 | Win rate (rollout): 0.27 | Loss: 0.224 | Opp label coverage: 0.88
Step 4637753/5000000 | Win rate (rollout): 0.50 | Loss: 0.189 | Opp label coverage: 0.82
Step 4638268/5000000 | Win rate (rollout): 0.62 | Loss: 0.246 | Opp label coverage: 0.90
Step 4638780/5000000 | Win rate (rollout): 0.50 | Loss: 0.195 | Opp label coverage: 0.85
Step 4639292/5000000 | Win rate (rollout): 0.27 | Loss: 0.209 | Opp label coverage: 0.88
Step 4639804/5000000 | Win rate (rollout): 0.78 | Loss: 0.165 | Opp label coverage: 0.81
Step 4640316/5000000 | Win rate (rollout): 0.64 | Loss: 0.214 | Opp label coverage: 0.83
Step 4640828/5000000 | Win rate (rollout): 0.73 | Loss: 0.198 | Opp label coverage: 0.82
Step 4641342/5000000 | Win rate (rollout): 0.55 | Loss: 0.214 | Opp label coverage: 0.90
Step 4641854/5000000 | Win rate (rollout): 0.50 | Loss: 0.188 | Opp label coverage: 0.86
Step 4642370/5000000 | Win rate (rollout): 0.82 | Loss: 0.233 | Opp label coverage: 0.90
Step 4642885/5000000 | Win rate (rollout): 0.44 | Loss: 0.194 | Opp label coverage: 0.89
Step 4643399/5000000 | Win rate (rollout): 0.73 | Loss: 0.293 | Opp label coverage: 0.88
Step 4643911/5000000 | Win rate (rollout): 0.69 | Loss: 0.200 | Opp label coverage: 0.81
Step 4644423/5000000 | Win rate (rollout): 1.00 | Loss: 0.158 | Opp label coverage: 0.85
Step 4644935/5000000 | Win rate (rollout): 0.46 | Loss: 0.227 | Opp label coverage: 0.82
Step 4645448/5000000 | Win rate (rollout): 0.50 | Loss: 0.213 | Opp label coverage: 0.87
Step 4645962/5000000 | Win rate (rollout): 0.69 | Loss: 0.156 | Opp label coverage: 0.89
Step 4646481/5000000 | Win rate (rollout): 0.64 | Loss: 0.185 | Opp label coverage: 0.90
Step 4646995/5000000 | Win rate (rollout): 0.69 | Loss: 0.231 | Opp label coverage: 0.89
Step 4647509/5000000 | Win rate (rollout): 0.54 | Loss: 0.259 | Opp label coverage: 0.90
Step 4648023/5000000 | Win rate (rollout): 0.75 | Loss: 0.180 | Opp label coverage: 0.91
Step 4648539/5000000 | Win rate (rollout): 0.38 | Loss: 0.164 | Opp label coverage: 0.89
Step 4649057/5000000 | Win rate (rollout): 0.38 | Loss: 0.228 | Opp label coverage: 0.89
Step 4649569/5000000 | Win rate (rollout): 0.30 | Loss: 0.182 | Opp label coverage: 0.82
Step 4650084/5000000 | Win rate (rollout): 0.36 | Loss: 0.194 | Opp label coverage: 0.87
Step 4650596/5000000 | Win rate (rollout): 0.62 | Loss: 0.210 | Opp label coverage: 0.83
Step 4651110/5000000 | Win rate (rollout): 0.17 | Loss: 0.177 | Opp label coverage: 0.89
Step 4651624/5000000 | Win rate (rollout): 0.57 | Loss: 0.197 | Opp label coverage: 0.88
Step 4652136/5000000 | Win rate (rollout): 0.40 | Loss: 0.217 | Opp label coverage: 0.80
Step 4652648/5000000 | Win rate (rollout): 0.47 | Loss: 0.207 | Opp label coverage: 0.80
Step 4653160/5000000 | Win rate (rollout): 0.91 | Loss: 0.186 | Opp label coverage: 0.81
Step 4653672/5000000 | Win rate (rollout): 0.57 | Loss: 0.196 | Opp label coverage: 0.79
Step 4654184/5000000 | Win rate (rollout): 0.62 | Loss: 0.201 | Opp label coverage: 0.82
Step 4654698/5000000 | Win rate (rollout): 0.43 | Loss: 0.189 | Opp label coverage: 0.86
Step 4655210/5000000 | Win rate (rollout): 0.67 | Loss: 0.174 | Opp label coverage: 0.80
Step 4655726/5000000 | Win rate (rollout): 0.88 | Loss: 0.160 | Opp label coverage: 0.90
Step 4656240/5000000 | Win rate (rollout): 0.33 | Loss: 0.176 | Opp label coverage: 0.91
Step 4656752/5000000 | Win rate (rollout): 0.57 | Loss: 0.191 | Opp label coverage: 0.80
Step 4657269/5000000 | Win rate (rollout): 0.47 | Loss: 0.184 | Opp label coverage: 0.88
Step 4657782/5000000 | Win rate (rollout): 0.38 | Loss: 0.171 | Opp label coverage: 0.88
Step 4658294/5000000 | Win rate (rollout): 0.71 | Loss: 0.247 | Opp label coverage: 0.85
Step 4658806/5000000 | Win rate (rollout): 0.50 | Loss: 0.188 | Opp label coverage: 0.89
Step 4659318/5000000 | Win rate (rollout): 0.50 | Loss: 0.205 | Opp label coverage: 0.82
Step 4659834/5000000 | Win rate (rollout): 0.60 | Loss: 0.199 | Opp label coverage: 0.91
Step 4660346/5000000 | Win rate (rollout): 0.50 | Loss: 0.226 | Opp label coverage: 0.88
Step 4660859/5000000 | Win rate (rollout): 0.38 | Loss: 0.112 | Opp label coverage: 0.89
Step 4661371/5000000 | Win rate (rollout): 0.69 | Loss: 0.202 | Opp label coverage: 0.78
Step 4661883/5000000 | Win rate (rollout): 0.54 | Loss: 0.206 | Opp label coverage: 0.79
Step 4662397/5000000 | Win rate (rollout): 0.62 | Loss: 0.165 | Opp label coverage: 0.88
Step 4662911/5000000 | Win rate (rollout): 0.50 | Loss: 0.310 | Opp label coverage: 0.88
Step 4663423/5000000 | Win rate (rollout): 0.42 | Loss: 0.212 | Opp label coverage: 0.78
Step 4663938/5000000 | Win rate (rollout): 0.77 | Loss: 0.222 | Opp label coverage: 0.90
Step 4664450/5000000 | Win rate (rollout): 0.62 | Loss: 0.212 | Opp label coverage: 0.81
Step 4664962/5000000 | Win rate (rollout): 0.50 | Loss: 0.216 | Opp label coverage: 0.84
Step 4665474/5000000 | Win rate (rollout): 0.56 | Loss: 0.211 | Opp label coverage: 0.82
Step 4665990/5000000 | Win rate (rollout): 0.27 | Loss: 0.203 | Opp label coverage: 0.88
Step 4666502/5000000 | Win rate (rollout): 0.46 | Loss: 0.224 | Opp label coverage: 0.84
Step 4667019/5000000 | Win rate (rollout): 0.58 | Loss: 0.196 | Opp label coverage: 0.90
Step 4667538/5000000 | Win rate (rollout): 0.62 | Loss: 0.195 | Opp label coverage: 0.90
Step 4668050/5000000 | Win rate (rollout): 0.38 | Loss: 0.211 | Opp label coverage: 0.83
Step 4668567/5000000 | Win rate (rollout): 0.36 | Loss: 0.180 | Opp label coverage: 0.89
Step 4669084/5000000 | Win rate (rollout): 0.50 | Loss: 0.216 | Opp label coverage: 0.88
Step 4669596/5000000 | Win rate (rollout): 0.67 | Loss: 0.244 | Opp label coverage: 0.85
Step 4670108/5000000 | Win rate (rollout): 0.55 | Loss: 0.210 | Opp label coverage: 0.85
Step 4670620/5000000 | Win rate (rollout): 0.71 | Loss: 0.191 | Opp label coverage: 0.77
Step 4671132/5000000 | Win rate (rollout): 0.58 | Loss: 0.204 | Opp label coverage: 0.89
Step 4671644/5000000 | Win rate (rollout): 0.36 | Loss: 0.203 | Opp label coverage: 0.84
Step 4672156/5000000 | Win rate (rollout): 0.47 | Loss: 0.195 | Opp label coverage: 0.82
Step 4672668/5000000 | Win rate (rollout): 0.62 | Loss: 0.182 | Opp label coverage: 0.81
Step 4673183/5000000 | Win rate (rollout): 0.60 | Loss: 0.210 | Opp label coverage: 0.90
Step 4673695/5000000 | Win rate (rollout): 0.85 | Loss: 0.240 | Opp label coverage: 0.84
Step 4674207/5000000 | Win rate (rollout): 0.47 | Loss: 0.200 | Opp label coverage: 0.81
Step 4674719/5000000 | Win rate (rollout): 0.40 | Loss: 0.228 | Opp label coverage: 0.89
Step 4675231/5000000 | Win rate (rollout): 0.56 | Loss: 0.191 | Opp label coverage: 0.87
Step 4675749/5000000 | Win rate (rollout): 0.44 | Loss: 0.219 | Opp label coverage: 0.89
Step 4676261/5000000 | Win rate (rollout): 0.54 | Loss: 0.193 | Opp label coverage: 0.81
Step 4676777/5000000 | Win rate (rollout): 0.58 | Loss: 0.188 | Opp label coverage: 0.89
Step 4677289/5000000 | Win rate (rollout): 0.50 | Loss: 0.217 | Opp label coverage: 0.83
Step 4677807/5000000 | Win rate (rollout): 0.78 | Loss: 0.230 | Opp label coverage: 0.90
Step 4678319/5000000 | Win rate (rollout): 0.61 | Loss: 0.221 | Opp label coverage: 0.89
Step 4678831/5000000 | Win rate (rollout): 0.78 | Loss: 0.176 | Opp label coverage: 0.84
Step 4679343/5000000 | Win rate (rollout): 0.33 | Loss: 0.200 | Opp label coverage: 0.80
Step 4679857/5000000 | Win rate (rollout): 0.50 | Loss: 0.204 | Opp label coverage: 0.89
Step 4680369/5000000 | Win rate (rollout): 0.50 | Loss: 0.186 | Opp label coverage: 0.83
Step 4680881/5000000 | Win rate (rollout): 0.42 | Loss: 0.220 | Opp label coverage: 0.82
Step 4681393/5000000 | Win rate (rollout): 0.63 | Loss: 0.182 | Opp label coverage: 0.80
Step 4681905/5000000 | Win rate (rollout): 0.47 | Loss: 0.187 | Opp label coverage: 0.84
Step 4682417/5000000 | Win rate (rollout): 0.50 | Loss: 0.190 | Opp label coverage: 0.82
Step 4682929/5000000 | Win rate (rollout): 0.62 | Loss: 0.250 | Opp label coverage: 0.81
Step 4683441/5000000 | Win rate (rollout): 0.69 | Loss: 0.207 | Opp label coverage: 0.89
Step 4683955/5000000 | Win rate (rollout): 0.50 | Loss: 0.203 | Opp label coverage: 0.88
Step 4684468/5000000 | Win rate (rollout): 0.64 | Loss: 0.159 | Opp label coverage: 0.90
Step 4684983/5000000 | Win rate (rollout): 0.50 | Loss: 0.183 | Opp label coverage: 0.92
Step 4685501/5000000 | Win rate (rollout): 0.50 | Loss: 0.203 | Opp label coverage: 0.92
Step 4686014/5000000 | Win rate (rollout): 0.76 | Loss: 0.171 | Opp label coverage: 0.88
Step 4686526/5000000 | Win rate (rollout): 0.92 | Loss: 0.181 | Opp label coverage: 0.82
Step 4687042/5000000 | Win rate (rollout): 0.78 | Loss: 0.183 | Opp label coverage: 0.89
Step 4687554/5000000 | Win rate (rollout): 0.50 | Loss: 0.177 | Opp label coverage: 0.83
Step 4688066/5000000 | Win rate (rollout): 0.33 | Loss: 0.208 | Opp label coverage: 0.89
Step 4688578/5000000 | Win rate (rollout): 0.46 | Loss: 0.203 | Opp label coverage: 0.80
Step 4689090/5000000 | Win rate (rollout): 0.50 | Loss: 0.201 | Opp label coverage: 0.81
Step 4689602/5000000 | Win rate (rollout): 0.50 | Loss: 0.185 | Opp label coverage: 0.84
Step 4690114/5000000 | Win rate (rollout): 0.31 | Loss: 0.231 | Opp label coverage: 0.86
Step 4690626/5000000 | Win rate (rollout): 0.50 | Loss: 0.202 | Opp label coverage: 0.81
Step 4691142/5000000 | Win rate (rollout): 0.62 | Loss: 0.222 | Opp label coverage: 0.91
Step 4691654/5000000 | Win rate (rollout): 0.50 | Loss: 0.193 | Opp label coverage: 0.89
Step 4692166/5000000 | Win rate (rollout): 0.54 | Loss: 0.223 | Opp label coverage: 0.82
Step 4692682/5000000 | Win rate (rollout): 0.12 | Loss: 0.251 | Opp label coverage: 0.90
Step 4693194/5000000 | Win rate (rollout): 0.54 | Loss: 0.187 | Opp label coverage: 0.83
Step 4693707/5000000 | Win rate (rollout): 0.75 | Loss: 0.197 | Opp label coverage: 0.89
Step 4694223/5000000 | Win rate (rollout): 0.38 | Loss: 0.167 | Opp label coverage: 0.89
Step 4694735/5000000 | Win rate (rollout): 0.78 | Loss: 0.184 | Opp label coverage: 0.84
Step 4695247/5000000 | Win rate (rollout): 0.73 | Loss: 0.199 | Opp label coverage: 0.84
Step 4695762/5000000 | Win rate (rollout): 0.70 | Loss: 0.140 | Opp label coverage: 0.90
Step 4696276/5000000 | Win rate (rollout): 0.77 | Loss: 0.169 | Opp label coverage: 0.92
Step 4696791/5000000 | Win rate (rollout): 0.50 | Loss: 0.220 | Opp label coverage: 0.88
Step 4697303/5000000 | Win rate (rollout): 0.64 | Loss: 0.218 | Opp label coverage: 0.83
Step 4697815/5000000 | Win rate (rollout): 0.50 | Loss: 0.188 | Opp label coverage: 0.83
Step 4698327/5000000 | Win rate (rollout): 0.69 | Loss: 0.193 | Opp label coverage: 0.76
Step 4698843/5000000 | Win rate (rollout): 0.50 | Loss: 0.243 | Opp label coverage: 0.88
Step 4699355/5000000 | Win rate (rollout): 0.53 | Loss: 0.220 | Opp label coverage: 0.90
Step 4699867/5000000 | Win rate (rollout): 0.90 | Loss: 0.187 | Opp label coverage: 0.88
Step 4700379/5000000 | Win rate (rollout): 0.60 | Loss: 0.204 | Opp label coverage: 0.89
Step 4700891/5000000 | Win rate (rollout): 0.44 | Loss: 0.215 | Opp label coverage: 0.90
Step 4701405/5000000 | Win rate (rollout): 0.67 | Loss: 0.160 | Opp label coverage: 0.90
Step 4701917/5000000 | Win rate (rollout): 0.70 | Loss: 0.192 | Opp label coverage: 0.85
Step 4702434/5000000 | Win rate (rollout): 0.54 | Loss: 0.224 | Opp label coverage: 0.87
Step 4702951/5000000 | Win rate (rollout): 0.50 | Loss: 0.148 | Opp label coverage: 0.90
Step 4703468/5000000 | Win rate (rollout): 0.47 | Loss: 0.195 | Opp label coverage: 0.88
Step 4703980/5000000 | Win rate (rollout): 0.46 | Loss: 0.175 | Opp label coverage: 0.79
Step 4704492/5000000 | Win rate (rollout): 0.55 | Loss: 0.180 | Opp label coverage: 0.82
Step 4705010/5000000 | Win rate (rollout): 0.62 | Loss: 0.202 | Opp label coverage: 0.91
Step 4705522/5000000 | Win rate (rollout): 0.64 | Loss: 0.228 | Opp label coverage: 0.82
Step 4706034/5000000 | Win rate (rollout): 0.79 | Loss: 0.185 | Opp label coverage: 0.84
Step 4706548/5000000 | Win rate (rollout): 0.50 | Loss: 0.200 | Opp label coverage: 0.89
Step 4707066/5000000 | Win rate (rollout): 0.86 | Loss: 0.225 | Opp label coverage: 0.92
Step 4707585/5000000 | Win rate (rollout): 0.62 | Loss: 0.187 | Opp label coverage: 0.87
Step 4708102/5000000 | Win rate (rollout): 0.67 | Loss: 0.220 | Opp label coverage: 0.88
Step 4708614/5000000 | Win rate (rollout): 0.60 | Loss: 0.216 | Opp label coverage: 0.88
Step 4709126/5000000 | Win rate (rollout): 0.55 | Loss: 0.202 | Opp label coverage: 0.86
Step 4709638/5000000 | Win rate (rollout): 0.20 | Loss: 0.181 | Opp label coverage: 0.89
Step 4710153/5000000 | Win rate (rollout): 0.53 | Loss: 0.176 | Opp label coverage: 0.88
Step 4710665/5000000 | Win rate (rollout): 0.57 | Loss: 0.191 | Opp label coverage: 0.84
Step 4711177/5000000 | Win rate (rollout): 0.50 | Loss: 0.204 | Opp label coverage: 0.85
Step 4711694/5000000 | Win rate (rollout): 0.11 | Loss: 0.211 | Opp label coverage: 0.90
Step 4712206/5000000 | Win rate (rollout): 0.55 | Loss: 0.180 | Opp label coverage: 0.88
Step 4712718/5000000 | Win rate (rollout): 0.82 | Loss: 0.212 | Opp label coverage: 0.83
Step 4713230/5000000 | Win rate (rollout): 0.82 | Loss: 0.179 | Opp label coverage: 0.83
Step 4713742/5000000 | Win rate (rollout): 0.83 | Loss: 0.176 | Opp label coverage: 0.84
Step 4714256/5000000 | Win rate (rollout): 0.62 | Loss: 0.220 | Opp label coverage: 0.88
Step 4714772/5000000 | Win rate (rollout): 0.50 | Loss: 0.245 | Opp label coverage: 0.88
Step 4715286/5000000 | Win rate (rollout): 0.31 | Loss: 0.223 | Opp label coverage: 0.89
Step 4715798/5000000 | Win rate (rollout): 0.88 | Loss: 0.176 | Opp label coverage: 0.86
Step 4716314/5000000 | Win rate (rollout): 0.69 | Loss: 0.181 | Opp label coverage: 0.90
Step 4716826/5000000 | Win rate (rollout): 0.25 | Loss: 0.184 | Opp label coverage: 0.79
Step 4717338/5000000 | Win rate (rollout): 0.56 | Loss: 0.200 | Opp label coverage: 0.87
Step 4717850/5000000 | Win rate (rollout): 0.57 | Loss: 0.206 | Opp label coverage: 0.88
Step 4718368/5000000 | Win rate (rollout): 0.64 | Loss: 0.236 | Opp label coverage: 0.87
Step 4718880/5000000 | Win rate (rollout): 0.64 | Loss: 0.184 | Opp label coverage: 0.83
Step 4719398/5000000 | Win rate (rollout): 0.62 | Loss: 0.221 | Opp label coverage: 0.89
Step 4719910/5000000 | Win rate (rollout): 0.29 | Loss: 0.203 | Opp label coverage: 0.85
Step 4720424/5000000 | Win rate (rollout): 0.78 | Loss: 0.248 | Opp label coverage: 0.91
Step 4720936/5000000 | Win rate (rollout): 0.36 | Loss: 0.170 | Opp label coverage: 0.81
Step 4721448/5000000 | Win rate (rollout): 0.44 | Loss: 0.187 | Opp label coverage: 0.82
Step 4721960/5000000 | Win rate (rollout): 0.75 | Loss: 0.168 | Opp label coverage: 0.85
Step 4722472/5000000 | Win rate (rollout): 0.75 | Loss: 0.201 | Opp label coverage: 0.82
Step 4722986/5000000 | Win rate (rollout): 0.38 | Loss: 0.214 | Opp label coverage: 0.89
Step 4723498/5000000 | Win rate (rollout): 0.56 | Loss: 0.207 | Opp label coverage: 0.87
Step 4724017/5000000 | Win rate (rollout): 0.20 | Loss: 0.206 | Opp label coverage: 0.87
Step 4724535/5000000 | Win rate (rollout): 0.67 | Loss: 0.209 | Opp label coverage: 0.90
Step 4725052/5000000 | Win rate (rollout): 0.47 | Loss: 0.166 | Opp label coverage: 0.88
Step 4725564/5000000 | Win rate (rollout): 0.73 | Loss: 0.185 | Opp label coverage: 0.84
Step 4726076/5000000 | Win rate (rollout): 0.56 | Loss: 0.229 | Opp label coverage: 0.89
Step 4726591/5000000 | Win rate (rollout): 0.42 | Loss: 0.152 | Opp label coverage: 0.90
Step 4727103/5000000 | Win rate (rollout): 0.80 | Loss: 0.186 | Opp label coverage: 0.79
Step 4727618/5000000 | Win rate (rollout): 0.50 | Loss: 0.190 | Opp label coverage: 0.89
Step 4728130/5000000 | Win rate (rollout): 0.54 | Loss: 0.166 | Opp label coverage: 0.80
Step 4728642/5000000 | Win rate (rollout): 0.90 | Loss: 0.184 | Opp label coverage: 0.80
Step 4729155/5000000 | Win rate (rollout): 0.36 | Loss: 0.248 | Opp label coverage: 0.87
Step 4729668/5000000 | Win rate (rollout): 0.57 | Loss: 0.129 | Opp label coverage: 0.90
Step 4730180/5000000 | Win rate (rollout): 0.53 | Loss: 0.188 | Opp label coverage: 0.88
Step 4730692/5000000 | Win rate (rollout): 0.64 | Loss: 0.187 | Opp label coverage: 0.83
Step 4731204/5000000 | Win rate (rollout): 0.42 | Loss: 0.174 | Opp label coverage: 0.84
Step 4731717/5000000 | Win rate (rollout): 0.62 | Loss: 0.258 | Opp label coverage: 0.88
Step 4732229/5000000 | Win rate (rollout): 0.38 | Loss: 0.210 | Opp label coverage: 0.81
Step 4732741/5000000 | Win rate (rollout): 0.56 | Loss: 0.184 | Opp label coverage: 0.81
Step 4733256/5000000 | Win rate (rollout): 0.55 | Loss: 0.186 | Opp label coverage: 0.89
Step 4733772/5000000 | Win rate (rollout): 0.62 | Loss: 0.139 | Opp label coverage: 0.89
Step 4734286/5000000 | Win rate (rollout): 0.50 | Loss: 0.216 | Opp label coverage: 0.91
Step 4734801/5000000 | Win rate (rollout): 0.57 | Loss: 0.201 | Opp label coverage: 0.90
Step 4735314/5000000 | Win rate (rollout): 0.23 | Loss: 0.298 | Opp label coverage: 0.88
Step 4735826/5000000 | Win rate (rollout): 0.43 | Loss: 0.187 | Opp label coverage: 0.80
Step 4736338/5000000 | Win rate (rollout): 0.62 | Loss: 0.178 | Opp label coverage: 0.79
Step 4736850/5000000 | Win rate (rollout): 0.62 | Loss: 0.182 | Opp label coverage: 0.81
Step 4737362/5000000 | Win rate (rollout): 0.33 | Loss: 0.187 | Opp label coverage: 0.80
Step 4737874/5000000 | Win rate (rollout): 0.78 | Loss: 0.197 | Opp label coverage: 0.84
Step 4738386/5000000 | Win rate (rollout): 0.38 | Loss: 0.203 | Opp label coverage: 0.78
Step 4738898/5000000 | Win rate (rollout): 0.47 | Loss: 0.188 | Opp label coverage: 0.81
Step 4739413/5000000 | Win rate (rollout): 0.60 | Loss: 0.239 | Opp label coverage: 0.87
Step 4739925/5000000 | Win rate (rollout): 0.60 | Loss: 0.199 | Opp label coverage: 0.80
Step 4740437/5000000 | Win rate (rollout): 0.29 | Loss: 0.192 | Opp label coverage: 0.90
Step 4740949/5000000 | Win rate (rollout): 0.89 | Loss: 0.172 | Opp label coverage: 0.81
Step 4741463/5000000 | Win rate (rollout): 0.67 | Loss: 0.196 | Opp label coverage: 0.89
Step 4741975/5000000 | Win rate (rollout): 0.56 | Loss: 0.202 | Opp label coverage: 0.84
Step 4742487/5000000 | Win rate (rollout): 0.82 | Loss: 0.185 | Opp label coverage: 0.90
Step 4743004/5000000 | Win rate (rollout): 0.77 | Loss: 0.218 | Opp label coverage: 0.89
Step 4743519/5000000 | Win rate (rollout): 0.57 | Loss: 0.190 | Opp label coverage: 0.88
Step 4744031/5000000 | Win rate (rollout): 0.60 | Loss: 0.199 | Opp label coverage: 0.80
Step 4744543/5000000 | Win rate (rollout): 0.41 | Loss: 0.212 | Opp label coverage: 0.80
Step 4745062/5000000 | Win rate (rollout): 0.67 | Loss: 0.237 | Opp label coverage: 0.92
Step 4745574/5000000 | Win rate (rollout): 0.38 | Loss: 0.194 | Opp label coverage: 0.81
Step 4746088/5000000 | Win rate (rollout): 0.70 | Loss: 0.227 | Opp label coverage: 0.92
Step 4746601/5000000 | Win rate (rollout): 0.50 | Loss: 0.197 | Opp label coverage: 0.88
Step 4747115/5000000 | Win rate (rollout): 0.53 | Loss: 0.184 | Opp label coverage: 0.89
Step 4747629/5000000 | Win rate (rollout): 0.29 | Loss: 0.336 | Opp label coverage: 0.88
Step 4748144/5000000 | Win rate (rollout): 0.53 | Loss: 0.204 | Opp label coverage: 0.90
Step 4748656/5000000 | Win rate (rollout): 0.36 | Loss: 0.199 | Opp label coverage: 0.85
Step 4749172/5000000 | Win rate (rollout): 0.56 | Loss: 0.152 | Opp label coverage: 0.88
Step 4749691/5000000 | Win rate (rollout): 0.40 | Loss: 0.216 | Opp label coverage: 0.89
[checkpoint] Saved models/ppo/checkpoints/m9p2c/ppo_step_4750065.pt
Step 4750205/5000000 | Win rate (rollout): 0.64 | Loss: 0.198 | Opp label coverage: 0.90
Step 4750717/5000000 | Win rate (rollout): 0.50 | Loss: 0.206 | Opp label coverage: 0.88
Step 4751229/5000000 | Win rate (rollout): 0.43 | Loss: 0.222 | Opp label coverage: 0.82
Step 4751747/5000000 | Win rate (rollout): 0.55 | Loss: 0.235 | Opp label coverage: 0.87
Step 4752259/5000000 | Win rate (rollout): 0.62 | Loss: 0.193 | Opp label coverage: 0.79
Step 4752775/5000000 | Win rate (rollout): 0.60 | Loss: 0.163 | Opp label coverage: 0.89
Step 4753288/5000000 | Win rate (rollout): 0.53 | Loss: 0.227 | Opp label coverage: 0.89
Step 4753800/5000000 | Win rate (rollout): 1.00 | Loss: 0.172 | Opp label coverage: 0.82
Step 4754317/5000000 | Win rate (rollout): 0.55 | Loss: 0.231 | Opp label coverage: 0.90
Step 4754829/5000000 | Win rate (rollout): 0.67 | Loss: 0.190 | Opp label coverage: 0.84
Step 4755341/5000000 | Win rate (rollout): 0.64 | Loss: 0.182 | Opp label coverage: 0.84
Step 4755855/5000000 | Win rate (rollout): 0.83 | Loss: 0.206 | Opp label coverage: 0.88
Step 4756371/5000000 | Win rate (rollout): 0.47 | Loss: 0.235 | Opp label coverage: 0.89
Step 4756890/5000000 | Win rate (rollout): 0.50 | Loss: 0.255 | Opp label coverage: 0.88
Step 4757402/5000000 | Win rate (rollout): 0.33 | Loss: 0.213 | Opp label coverage: 0.82
Step 4757914/5000000 | Win rate (rollout): 0.50 | Loss: 0.209 | Opp label coverage: 0.83
Step 4758430/5000000 | Win rate (rollout): 0.50 | Loss: 0.182 | Opp label coverage: 0.90
Step 4758947/5000000 | Win rate (rollout): 0.62 | Loss: 0.176 | Opp label coverage: 0.88
Step 4759465/5000000 | Win rate (rollout): 0.58 | Loss: 0.208 | Opp label coverage: 0.90
Step 4759981/5000000 | Win rate (rollout): 0.47 | Loss: 0.176 | Opp label coverage: 0.89
Step 4760494/5000000 | Win rate (rollout): 0.53 | Loss: 0.124 | Opp label coverage: 0.90
Step 4761013/5000000 | Win rate (rollout): 0.57 | Loss: 0.214 | Opp label coverage: 0.88
Step 4761531/5000000 | Win rate (rollout): 0.38 | Loss: 0.211 | Opp label coverage: 0.89
Step 4762050/5000000 | Win rate (rollout): 0.50 | Loss: 0.241 | Opp label coverage: 0.89
Step 4762562/5000000 | Win rate (rollout): 0.33 | Loss: 0.208 | Opp label coverage: 0.82
Step 4763077/5000000 | Win rate (rollout): 0.36 | Loss: 0.221 | Opp label coverage: 0.88
Step 4763595/5000000 | Win rate (rollout): 0.43 | Loss: 0.197 | Opp label coverage: 0.89
Step 4764109/5000000 | Win rate (rollout): 0.46 | Loss: 0.200 | Opp label coverage: 0.91
Step 4764623/5000000 | Win rate (rollout): 0.36 | Loss: 0.139 | Opp label coverage: 0.91
Step 4765137/5000000 | Win rate (rollout): 0.53 | Loss: 0.305 | Opp label coverage: 0.89
Step 4765652/5000000 | Win rate (rollout): 0.67 | Loss: 0.181 | Opp label coverage: 0.89
Step 4766166/5000000 | Win rate (rollout): 0.33 | Loss: 0.121 | Opp label coverage: 0.88
Step 4766678/5000000 | Win rate (rollout): 0.46 | Loss: 0.212 | Opp label coverage: 0.80
Step 4767192/5000000 | Win rate (rollout): 0.10 | Loss: 0.195 | Opp label coverage: 0.87
Step 4767710/5000000 | Win rate (rollout): 0.60 | Loss: 0.206 | Opp label coverage: 0.89
Step 4768222/5000000 | Win rate (rollout): 0.50 | Loss: 0.222 | Opp label coverage: 0.80
Step 4768735/5000000 | Win rate (rollout): 0.80 | Loss: 0.324 | Opp label coverage: 0.90
Step 4769247/5000000 | Win rate (rollout): 0.56 | Loss: 0.209 | Opp label coverage: 0.89
Step 4769762/5000000 | Win rate (rollout): 0.58 | Loss: 0.180 | Opp label coverage: 0.89
Step 4770274/5000000 | Win rate (rollout): 0.73 | Loss: 0.201 | Opp label coverage: 0.84
Step 4770786/5000000 | Win rate (rollout): 0.58 | Loss: 0.183 | Opp label coverage: 0.88
Step 4771305/5000000 | Win rate (rollout): 0.73 | Loss: 0.197 | Opp label coverage: 0.89
Step 4771822/5000000 | Win rate (rollout): 0.50 | Loss: 0.199 | Opp label coverage: 0.92
Step 4772334/5000000 | Win rate (rollout): 0.50 | Loss: 0.197 | Opp label coverage: 0.83
Step 4772846/5000000 | Win rate (rollout): 0.50 | Loss: 0.166 | Opp label coverage: 0.78
Step 4773363/5000000 | Win rate (rollout): 0.40 | Loss: 0.205 | Opp label coverage: 0.89
Step 4773876/5000000 | Win rate (rollout): 0.40 | Loss: 0.201 | Opp label coverage: 0.89
Step 4774389/5000000 | Win rate (rollout): 0.54 | Loss: 0.167 | Opp label coverage: 0.89
Step 4774901/5000000 | Win rate (rollout): 0.57 | Loss: 0.175 | Opp label coverage: 0.93
Step 4775418/5000000 | Win rate (rollout): 0.58 | Loss: 0.246 | Opp label coverage: 0.90
Step 4775933/5000000 | Win rate (rollout): 0.50 | Loss: 0.232 | Opp label coverage: 0.89
Step 4776445/5000000 | Win rate (rollout): 0.64 | Loss: 0.192 | Opp label coverage: 0.81
Step 4776959/5000000 | Win rate (rollout): 0.45 | Loss: 0.192 | Opp label coverage: 0.90
Step 4777471/5000000 | Win rate (rollout): 0.55 | Loss: 0.253 | Opp label coverage: 0.80
Step 4777984/5000000 | Win rate (rollout): 0.55 | Loss: 0.222 | Opp label coverage: 0.90
Step 4778496/5000000 | Win rate (rollout): 0.50 | Loss: 0.168 | Opp label coverage: 0.83
Step 4779015/5000000 | Win rate (rollout): 0.20 | Loss: 0.175 | Opp label coverage: 0.90
Step 4779527/5000000 | Win rate (rollout): 0.73 | Loss: 0.193 | Opp label coverage: 0.85
Step 4780039/5000000 | Win rate (rollout): 0.44 | Loss: 0.221 | Opp label coverage: 0.83
Step 4780551/5000000 | Win rate (rollout): 0.44 | Loss: 0.197 | Opp label coverage: 0.88
Step 4781063/5000000 | Win rate (rollout): 0.54 | Loss: 0.212 | Opp label coverage: 0.83
Step 4781575/5000000 | Win rate (rollout): 0.80 | Loss: 0.202 | Opp label coverage: 0.82
Step 4782087/5000000 | Win rate (rollout): 0.38 | Loss: 0.199 | Opp label coverage: 0.90
Step 4782602/5000000 | Win rate (rollout): 0.60 | Loss: 0.221 | Opp label coverage: 0.88
Step 4783114/5000000 | Win rate (rollout): 0.44 | Loss: 0.197 | Opp label coverage: 0.80
Step 4783626/5000000 | Win rate (rollout): 0.46 | Loss: 0.187 | Opp label coverage: 0.88
Step 4784138/5000000 | Win rate (rollout): 0.57 | Loss: 0.182 | Opp label coverage: 0.79
Step 4784650/5000000 | Win rate (rollout): 0.53 | Loss: 0.206 | Opp label coverage: 0.82
Step 4785162/5000000 | Win rate (rollout): 0.33 | Loss: 0.170 | Opp label coverage: 0.83
Step 4785674/5000000 | Win rate (rollout): 0.44 | Loss: 0.184 | Opp label coverage: 0.79
Step 4786186/5000000 | Win rate (rollout): 0.69 | Loss: 0.201 | Opp label coverage: 0.86
Step 4786699/5000000 | Win rate (rollout): 0.67 | Loss: 0.097 | Opp label coverage: 0.90
Step 4787217/5000000 | Win rate (rollout): 0.58 | Loss: 0.190 | Opp label coverage: 0.92
Step 4787729/5000000 | Win rate (rollout): 0.67 | Loss: 0.204 | Opp label coverage: 0.87
Step 4788241/5000000 | Win rate (rollout): 0.64 | Loss: 0.166 | Opp label coverage: 0.79
Step 4788753/5000000 | Win rate (rollout): 0.56 | Loss: 0.177 | Opp label coverage: 0.82
Step 4789267/5000000 | Win rate (rollout): 0.67 | Loss: 0.227 | Opp label coverage: 0.88
Step 4789785/5000000 | Win rate (rollout): 0.39 | Loss: 0.222 | Opp label coverage: 0.87
Step 4790300/5000000 | Win rate (rollout): 0.50 | Loss: 0.182 | Opp label coverage: 0.89
Step 4790812/5000000 | Win rate (rollout): 0.77 | Loss: 0.197 | Opp label coverage: 0.82
Step 4791326/5000000 | Win rate (rollout): 0.22 | Loss: 0.241 | Opp label coverage: 0.89
Step 4791841/5000000 | Win rate (rollout): 0.53 | Loss: 0.216 | Opp label coverage: 0.90
Step 4792353/5000000 | Win rate (rollout): 0.57 | Loss: 0.214 | Opp label coverage: 0.80
Step 4792870/5000000 | Win rate (rollout): 0.33 | Loss: 0.188 | Opp label coverage: 0.87
Step 4793386/5000000 | Win rate (rollout): 0.38 | Loss: 0.225 | Opp label coverage: 0.89
Step 4793898/5000000 | Win rate (rollout): 0.88 | Loss: 0.239 | Opp label coverage: 0.82
Step 4794410/5000000 | Win rate (rollout): 0.42 | Loss: 0.205 | Opp label coverage: 0.83
Step 4794922/5000000 | Win rate (rollout): 0.44 | Loss: 0.177 | Opp label coverage: 0.82
Step 4795439/5000000 | Win rate (rollout): 0.58 | Loss: 0.184 | Opp label coverage: 0.88
Step 4795956/5000000 | Win rate (rollout): 0.43 | Loss: 0.221 | Opp label coverage: 0.89
Step 4796471/5000000 | Win rate (rollout): 0.25 | Loss: 0.208 | Opp label coverage: 0.88
Step 4796988/5000000 | Win rate (rollout): 0.64 | Loss: 0.226 | Opp label coverage: 0.89
Step 4797502/5000000 | Win rate (rollout): 0.43 | Loss: 0.280 | Opp label coverage: 0.89
Step 4798014/5000000 | Win rate (rollout): 0.64 | Loss: 0.184 | Opp label coverage: 0.84
Step 4798531/5000000 | Win rate (rollout): 0.22 | Loss: 0.186 | Opp label coverage: 0.88
Step 4799043/5000000 | Win rate (rollout): 0.31 | Loss: 0.195 | Opp label coverage: 0.81
Step 4799558/5000000 | Win rate (rollout): 0.67 | Loss: 0.254 | Opp label coverage: 0.87
Step 4800077/5000000 | Win rate (rollout): 0.60 | Loss: 0.229 | Opp label coverage: 0.87
Step 4800591/5000000 | Win rate (rollout): 0.57 | Loss: 0.163 | Opp label coverage: 0.89
Step 4801106/5000000 | Win rate (rollout): 0.54 | Loss: 0.235 | Opp label coverage: 0.91
Step 4801618/5000000 | Win rate (rollout): 0.42 | Loss: 0.174 | Opp label coverage: 0.79
Step 4802130/5000000 | Win rate (rollout): 0.50 | Loss: 0.205 | Opp label coverage: 0.80
Step 4802642/5000000 | Win rate (rollout): 0.69 | Loss: 0.236 | Opp label coverage: 0.80
Step 4803154/5000000 | Win rate (rollout): 0.71 | Loss: 0.164 | Opp label coverage: 0.82
Step 4803667/5000000 | Win rate (rollout): 0.67 | Loss: 0.162 | Opp label coverage: 0.90
Step 4804180/5000000 | Win rate (rollout): 0.50 | Loss: 0.065 | Opp label coverage: 0.88
Step 4804694/5000000 | Win rate (rollout): 0.58 | Loss: 0.234 | Opp label coverage: 0.91
Step 4805206/5000000 | Win rate (rollout): 0.83 | Loss: 0.164 | Opp label coverage: 0.87
Step 4805718/5000000 | Win rate (rollout): 0.79 | Loss: 0.194 | Opp label coverage: 0.81
Step 4806230/5000000 | Win rate (rollout): 0.44 | Loss: 0.221 | Opp label coverage: 0.83
Step 4806742/5000000 | Win rate (rollout): 0.27 | Loss: 0.220 | Opp label coverage: 0.80
Step 4807261/5000000 | Win rate (rollout): 0.50 | Loss: 0.180 | Opp label coverage: 0.88
Step 4807773/5000000 | Win rate (rollout): 0.38 | Loss: 0.164 | Opp label coverage: 0.83
Step 4808285/5000000 | Win rate (rollout): 0.62 | Loss: 0.205 | Opp label coverage: 0.81
Step 4808797/5000000 | Win rate (rollout): 0.22 | Loss: 0.195 | Opp label coverage: 0.83
Step 4809313/5000000 | Win rate (rollout): 0.67 | Loss: 0.197 | Opp label coverage: 0.89
Step 4809830/5000000 | Win rate (rollout): 0.67 | Loss: 0.218 | Opp label coverage: 0.89
Step 4810347/5000000 | Win rate (rollout): 0.50 | Loss: 0.207 | Opp label coverage: 0.91
Step 4810859/5000000 | Win rate (rollout): 0.67 | Loss: 0.188 | Opp label coverage: 0.84
Step 4811372/5000000 | Win rate (rollout): 0.20 | Loss: 0.192 | Opp label coverage: 0.88
Step 4811888/5000000 | Win rate (rollout): 0.50 | Loss: 0.251 | Opp label coverage: 0.90
Step 4812403/5000000 | Win rate (rollout): 0.47 | Loss: 0.285 | Opp label coverage: 0.89
Step 4812915/5000000 | Win rate (rollout): 0.60 | Loss: 0.198 | Opp label coverage: 0.84
Step 4813427/5000000 | Win rate (rollout): 0.60 | Loss: 0.171 | Opp label coverage: 0.81
Step 4813939/5000000 | Win rate (rollout): 0.58 | Loss: 0.191 | Opp label coverage: 0.76
Step 4814451/5000000 | Win rate (rollout): 0.50 | Loss: 0.201 | Opp label coverage: 0.81
Step 4814963/5000000 | Win rate (rollout): 0.43 | Loss: 0.212 | Opp label coverage: 0.90
Step 4815475/5000000 | Win rate (rollout): 0.56 | Loss: 0.184 | Opp label coverage: 0.84
Step 4815987/5000000 | Win rate (rollout): 0.67 | Loss: 0.180 | Opp label coverage: 0.84
Step 4816500/5000000 | Win rate (rollout): 0.25 | Loss: 0.280 | Opp label coverage: 0.90
Step 4817012/5000000 | Win rate (rollout): 0.50 | Loss: 0.210 | Opp label coverage: 0.80
Step 4817524/5000000 | Win rate (rollout): 0.47 | Loss: 0.228 | Opp label coverage: 0.85
Step 4818036/5000000 | Win rate (rollout): 0.57 | Loss: 0.213 | Opp label coverage: 0.81
Step 4818548/5000000 | Win rate (rollout): 0.55 | Loss: 0.210 | Opp label coverage: 0.89
Step 4819060/5000000 | Win rate (rollout): 0.50 | Loss: 0.175 | Opp label coverage: 0.79
Step 4819572/5000000 | Win rate (rollout): 0.53 | Loss: 0.203 | Opp label coverage: 0.81
Step 4820084/5000000 | Win rate (rollout): 0.50 | Loss: 0.250 | Opp label coverage: 0.81
Step 4820596/5000000 | Win rate (rollout): 0.44 | Loss: 0.207 | Opp label coverage: 0.82
Step 4821108/5000000 | Win rate (rollout): 0.36 | Loss: 0.204 | Opp label coverage: 0.80
Step 4821620/5000000 | Win rate (rollout): 0.67 | Loss: 0.200 | Opp label coverage: 0.83
Step 4822135/5000000 | Win rate (rollout): 0.54 | Loss: 0.300 | Opp label coverage: 0.88
Step 4822647/5000000 | Win rate (rollout): 0.70 | Loss: 0.201 | Opp label coverage: 0.81
Step 4823159/5000000 | Win rate (rollout): 0.47 | Loss: 0.196 | Opp label coverage: 0.82
Step 4823677/5000000 | Win rate (rollout): 0.83 | Loss: 0.164 | Opp label coverage: 0.89
Step 4824190/5000000 | Win rate (rollout): 0.46 | Loss: 0.133 | Opp label coverage: 0.89
Step 4824702/5000000 | Win rate (rollout): 0.29 | Loss: 0.181 | Opp label coverage: 0.85
Step 4825214/5000000 | Win rate (rollout): 0.64 | Loss: 0.190 | Opp label coverage: 0.79
Step 4825726/5000000 | Win rate (rollout): 0.40 | Loss: 0.184 | Opp label coverage: 0.89
Step 4826238/5000000 | Win rate (rollout): 0.67 | Loss: 0.208 | Opp label coverage: 0.79
Step 4826750/5000000 | Win rate (rollout): 0.58 | Loss: 0.185 | Opp label coverage: 0.82
Step 4827262/5000000 | Win rate (rollout): 0.70 | Loss: 0.177 | Opp label coverage: 0.84
Step 4827779/5000000 | Win rate (rollout): 0.80 | Loss: 0.167 | Opp label coverage: 0.91
Step 4828291/5000000 | Win rate (rollout): 0.64 | Loss: 0.199 | Opp label coverage: 0.80
Step 4828809/5000000 | Win rate (rollout): 0.64 | Loss: 0.186 | Opp label coverage: 0.90
Step 4829322/5000000 | Win rate (rollout): 0.33 | Loss: 0.175 | Opp label coverage: 0.89
Step 4829834/5000000 | Win rate (rollout): 0.92 | Loss: 0.186 | Opp label coverage: 0.88
Step 4830346/5000000 | Win rate (rollout): 0.42 | Loss: 0.218 | Opp label coverage: 0.79
Step 4830861/5000000 | Win rate (rollout): 0.20 | Loss: 0.196 | Opp label coverage: 0.88
Step 4831373/5000000 | Win rate (rollout): 0.42 | Loss: 0.208 | Opp label coverage: 0.79
Step 4831885/5000000 | Win rate (rollout): 0.56 | Loss: 0.196 | Opp label coverage: 0.84
Step 4832398/5000000 | Win rate (rollout): 0.12 | Loss: 0.147 | Opp label coverage: 0.88
Step 4832916/5000000 | Win rate (rollout): 0.31 | Loss: 0.220 | Opp label coverage: 0.88
Step 4833428/5000000 | Win rate (rollout): 0.67 | Loss: 0.183 | Opp label coverage: 0.83
Step 4833940/5000000 | Win rate (rollout): 0.53 | Loss: 0.184 | Opp label coverage: 0.86
Step 4834452/5000000 | Win rate (rollout): 0.67 | Loss: 0.223 | Opp label coverage: 0.79
Step 4834964/5000000 | Win rate (rollout): 0.47 | Loss: 0.204 | Opp label coverage: 0.80
Step 4835476/5000000 | Win rate (rollout): 0.47 | Loss: 0.215 | Opp label coverage: 0.79
Step 4835992/5000000 | Win rate (rollout): 0.42 | Loss: 0.174 | Opp label coverage: 0.88
Step 4836504/5000000 | Win rate (rollout): 0.55 | Loss: 0.195 | Opp label coverage: 0.78
Step 4837021/5000000 | Win rate (rollout): 0.60 | Loss: 0.245 | Opp label coverage: 0.89
Step 4837538/5000000 | Win rate (rollout): 0.62 | Loss: 0.217 | Opp label coverage: 0.88
Step 4838050/5000000 | Win rate (rollout): 0.77 | Loss: 0.233 | Opp label coverage: 0.89
Step 4838566/5000000 | Win rate (rollout): 0.38 | Loss: 0.228 | Opp label coverage: 0.89
Step 4839083/5000000 | Win rate (rollout): 0.40 | Loss: 0.216 | Opp label coverage: 0.88
Step 4839595/5000000 | Win rate (rollout): 0.38 | Loss: 0.180 | Opp label coverage: 0.78
Step 4840107/5000000 | Win rate (rollout): 0.67 | Loss: 0.180 | Opp label coverage: 0.82
Step 4840619/5000000 | Win rate (rollout): 0.71 | Loss: 0.198 | Opp label coverage: 0.78
Step 4841132/5000000 | Win rate (rollout): 0.38 | Loss: 0.205 | Opp label coverage: 0.90
Step 4841647/5000000 | Win rate (rollout): 0.69 | Loss: 0.268 | Opp label coverage: 0.90
Step 4842162/5000000 | Win rate (rollout): 0.27 | Loss: 0.121 | Opp label coverage: 0.89
Step 4842679/5000000 | Win rate (rollout): 0.40 | Loss: 0.213 | Opp label coverage: 0.89
Step 4843196/5000000 | Win rate (rollout): 0.31 | Loss: 0.156 | Opp label coverage: 0.89
Step 4843709/5000000 | Win rate (rollout): 0.54 | Loss: 0.176 | Opp label coverage: 0.89
Step 4844221/5000000 | Win rate (rollout): 0.55 | Loss: 0.206 | Opp label coverage: 0.81
Step 4844738/5000000 | Win rate (rollout): 0.30 | Loss: 0.225 | Opp label coverage: 0.88
Step 4845250/5000000 | Win rate (rollout): 0.73 | Loss: 0.197 | Opp label coverage: 0.84
Step 4845762/5000000 | Win rate (rollout): 0.50 | Loss: 0.178 | Opp label coverage: 0.85
Step 4846279/5000000 | Win rate (rollout): 0.27 | Loss: 0.238 | Opp label coverage: 0.90
Step 4846792/5000000 | Win rate (rollout): 0.67 | Loss: 0.189 | Opp label coverage: 0.89
Step 4847304/5000000 | Win rate (rollout): 0.67 | Loss: 0.168 | Opp label coverage: 0.84
Step 4847816/5000000 | Win rate (rollout): 0.64 | Loss: 0.203 | Opp label coverage: 0.82
Step 4848329/5000000 | Win rate (rollout): 0.30 | Loss: 0.105 | Opp label coverage: 0.89
Step 4848841/5000000 | Win rate (rollout): 0.64 | Loss: 0.211 | Opp label coverage: 0.79
Step 4849353/5000000 | Win rate (rollout): 0.67 | Loss: 0.191 | Opp label coverage: 0.82
Step 4849871/5000000 | Win rate (rollout): 0.44 | Loss: 0.197 | Opp label coverage: 0.88
Step 4850383/5000000 | Win rate (rollout): 0.64 | Loss: 0.241 | Opp label coverage: 0.84
Step 4850898/5000000 | Win rate (rollout): 0.22 | Loss: 0.189 | Opp label coverage: 0.90
Step 4851410/5000000 | Win rate (rollout): 0.53 | Loss: 0.255 | Opp label coverage: 0.87
Step 4851924/5000000 | Win rate (rollout): 0.31 | Loss: 0.214 | Opp label coverage: 0.88
Step 4852436/5000000 | Win rate (rollout): 0.56 | Loss: 0.180 | Opp label coverage: 0.82
Step 4852949/5000000 | Win rate (rollout): 0.50 | Loss: 0.315 | Opp label coverage: 0.88
Step 4853461/5000000 | Win rate (rollout): 0.62 | Loss: 0.181 | Opp label coverage: 0.82
Step 4853973/5000000 | Win rate (rollout): 0.56 | Loss: 0.196 | Opp label coverage: 0.84
Step 4854485/5000000 | Win rate (rollout): 0.33 | Loss: 0.180 | Opp label coverage: 0.84
Step 4855003/5000000 | Win rate (rollout): 0.33 | Loss: 0.189 | Opp label coverage: 0.90
Step 4855520/5000000 | Win rate (rollout): 0.62 | Loss: 0.198 | Opp label coverage: 0.90
Step 4856038/5000000 | Win rate (rollout): 0.36 | Loss: 0.210 | Opp label coverage: 0.87
Step 4856550/5000000 | Win rate (rollout): 0.70 | Loss: 0.225 | Opp label coverage: 0.82
Step 4857062/5000000 | Win rate (rollout): 0.67 | Loss: 0.202 | Opp label coverage: 0.83
Step 4857574/5000000 | Win rate (rollout): 0.20 | Loss: 0.212 | Opp label coverage: 0.89
Step 4858086/5000000 | Win rate (rollout): 0.67 | Loss: 0.209 | Opp label coverage: 0.81
Step 4858603/5000000 | Win rate (rollout): 0.36 | Loss: 0.210 | Opp label coverage: 0.88
Step 4859119/5000000 | Win rate (rollout): 0.33 | Loss: 0.204 | Opp label coverage: 0.88
Step 4859637/5000000 | Win rate (rollout): 0.36 | Loss: 0.167 | Opp label coverage: 0.90
Step 4860149/5000000 | Win rate (rollout): 0.69 | Loss: 0.183 | Opp label coverage: 0.82
Step 4860661/5000000 | Win rate (rollout): 0.71 | Loss: 0.208 | Opp label coverage: 0.85
Step 4861173/5000000 | Win rate (rollout): 0.44 | Loss: 0.176 | Opp label coverage: 0.88
Step 4861689/5000000 | Win rate (rollout): 0.78 | Loss: 0.226 | Opp label coverage: 0.90
Step 4862201/5000000 | Win rate (rollout): 0.50 | Loss: 0.186 | Opp label coverage: 0.83
Step 4862720/5000000 | Win rate (rollout): 0.75 | Loss: 0.165 | Opp label coverage: 0.90
Step 4863232/5000000 | Win rate (rollout): 0.57 | Loss: 0.202 | Opp label coverage: 0.88
Step 4863744/5000000 | Win rate (rollout): 0.67 | Loss: 0.209 | Opp label coverage: 0.86
Step 4864256/5000000 | Win rate (rollout): 0.56 | Loss: 0.200 | Opp label coverage: 0.82
Step 4864768/5000000 | Win rate (rollout): 0.35 | Loss: 0.205 | Opp label coverage: 0.82
Step 4865284/5000000 | Win rate (rollout): 0.64 | Loss: 0.179 | Opp label coverage: 0.90
Step 4865796/5000000 | Win rate (rollout): 0.46 | Loss: 0.192 | Opp label coverage: 0.79
Step 4866314/5000000 | Win rate (rollout): 0.70 | Loss: 0.146 | Opp label coverage: 0.89
Step 4866827/5000000 | Win rate (rollout): 0.46 | Loss: 0.192 | Opp label coverage: 0.89
Step 4867339/5000000 | Win rate (rollout): 0.21 | Loss: 0.205 | Opp label coverage: 0.81
Step 4867851/5000000 | Win rate (rollout): 0.43 | Loss: 0.177 | Opp label coverage: 0.83
Step 4868363/5000000 | Win rate (rollout): 0.82 | Loss: 0.210 | Opp label coverage: 0.90
Step 4868875/5000000 | Win rate (rollout): 0.23 | Loss: 0.187 | Opp label coverage: 0.81
Step 4869387/5000000 | Win rate (rollout): 0.38 | Loss: 0.185 | Opp label coverage: 0.79
Step 4869903/5000000 | Win rate (rollout): 0.56 | Loss: 0.217 | Opp label coverage: 0.90
Step 4870415/5000000 | Win rate (rollout): 0.50 | Loss: 0.206 | Opp label coverage: 0.81
Step 4870933/5000000 | Win rate (rollout): 0.36 | Loss: 0.230 | Opp label coverage: 0.87
Step 4871446/5000000 | Win rate (rollout): 0.40 | Loss: 0.160 | Opp label coverage: 0.88
Step 4871958/5000000 | Win rate (rollout): 0.56 | Loss: 0.228 | Opp label coverage: 0.82
Step 4872473/5000000 | Win rate (rollout): 0.62 | Loss: 0.221 | Opp label coverage: 0.89
Step 4872989/5000000 | Win rate (rollout): 0.50 | Loss: 0.227 | Opp label coverage: 0.89
Step 4873501/5000000 | Win rate (rollout): 0.17 | Loss: 0.177 | Opp label coverage: 0.78
Step 4874013/5000000 | Win rate (rollout): 0.50 | Loss: 0.179 | Opp label coverage: 0.81
Step 4874525/5000000 | Win rate (rollout): 0.36 | Loss: 0.215 | Opp label coverage: 0.84
Step 4875040/5000000 | Win rate (rollout): 0.80 | Loss: 0.186 | Opp label coverage: 0.88
Step 4875552/5000000 | Win rate (rollout): 0.71 | Loss: 0.195 | Opp label coverage: 0.82
Step 4876068/5000000 | Win rate (rollout): 0.50 | Loss: 0.195 | Opp label coverage: 0.90
Step 4876586/5000000 | Win rate (rollout): 0.44 | Loss: 0.187 | Opp label coverage: 0.90
Step 4877098/5000000 | Win rate (rollout): 0.40 | Loss: 0.190 | Opp label coverage: 0.80
Step 4877615/5000000 | Win rate (rollout): 0.70 | Loss: 0.212 | Opp label coverage: 0.90
Step 4878130/5000000 | Win rate (rollout): 0.64 | Loss: 0.172 | Opp label coverage: 0.90
Step 4878645/5000000 | Win rate (rollout): 0.42 | Loss: 0.185 | Opp label coverage: 0.90
Step 4879161/5000000 | Win rate (rollout): 0.23 | Loss: 0.170 | Opp label coverage: 0.89
Step 4879675/5000000 | Win rate (rollout): 0.20 | Loss: 0.239 | Opp label coverage: 0.91
Step 4880187/5000000 | Win rate (rollout): 0.88 | Loss: 0.197 | Opp label coverage: 0.81
Step 4880703/5000000 | Win rate (rollout): 0.64 | Loss: 0.151 | Opp label coverage: 0.88
Step 4881217/5000000 | Win rate (rollout): 0.33 | Loss: 0.224 | Opp label coverage: 0.89
Step 4881729/5000000 | Win rate (rollout): 0.56 | Loss: 0.192 | Opp label coverage: 0.79
Step 4882245/5000000 | Win rate (rollout): 0.56 | Loss: 0.192 | Opp label coverage: 0.89
Step 4882757/5000000 | Win rate (rollout): 0.31 | Loss: 0.165 | Opp label coverage: 0.78
Step 4883269/5000000 | Win rate (rollout): 0.42 | Loss: 0.219 | Opp label coverage: 0.88
Step 4883787/5000000 | Win rate (rollout): 0.62 | Loss: 0.232 | Opp label coverage: 0.88
Step 4884299/5000000 | Win rate (rollout): 0.31 | Loss: 0.252 | Opp label coverage: 0.84
Step 4884811/5000000 | Win rate (rollout): 0.71 | Loss: 0.180 | Opp label coverage: 0.80
Step 4885323/5000000 | Win rate (rollout): 0.45 | Loss: 0.178 | Opp label coverage: 0.86
Step 4885835/5000000 | Win rate (rollout): 0.36 | Loss: 0.223 | Opp label coverage: 0.83
Step 4886353/5000000 | Win rate (rollout): 0.36 | Loss: 0.255 | Opp label coverage: 0.88
Step 4886870/5000000 | Win rate (rollout): 0.36 | Loss: 0.137 | Opp label coverage: 0.89
Step 4887383/5000000 | Win rate (rollout): 0.62 | Loss: 0.212 | Opp label coverage: 0.89
Step 4887898/5000000 | Win rate (rollout): 0.46 | Loss: 0.159 | Opp label coverage: 0.90
Step 4888410/5000000 | Win rate (rollout): 0.58 | Loss: 0.213 | Opp label coverage: 0.84
Step 4888928/5000000 | Win rate (rollout): 0.62 | Loss: 0.217 | Opp label coverage: 0.90
Step 4889442/5000000 | Win rate (rollout): 0.33 | Loss: 0.206 | Opp label coverage: 0.88
Step 4889954/5000000 | Win rate (rollout): 0.54 | Loss: 0.194 | Opp label coverage: 0.85
Step 4890470/5000000 | Win rate (rollout): 0.50 | Loss: 0.246 | Opp label coverage: 0.91
Step 4890988/5000000 | Win rate (rollout): 0.60 | Loss: 0.185 | Opp label coverage: 0.90
Step 4891500/5000000 | Win rate (rollout): 0.62 | Loss: 0.233 | Opp label coverage: 0.80
Step 4892012/5000000 | Win rate (rollout): 0.41 | Loss: 0.253 | Opp label coverage: 0.80
Step 4892525/5000000 | Win rate (rollout): 0.29 | Loss: 0.212 | Opp label coverage: 0.89
Step 4893037/5000000 | Win rate (rollout): 0.82 | Loss: 0.186 | Opp label coverage: 0.80
Step 4893551/5000000 | Win rate (rollout): 0.50 | Loss: 0.220 | Opp label coverage: 0.89
Step 4894063/5000000 | Win rate (rollout): 0.60 | Loss: 0.225 | Opp label coverage: 0.88
Step 4894575/5000000 | Win rate (rollout): 0.31 | Loss: 0.193 | Opp label coverage: 0.79
Step 4895087/5000000 | Win rate (rollout): 0.73 | Loss: 0.194 | Opp label coverage: 0.85
Step 4895602/5000000 | Win rate (rollout): 0.55 | Loss: 0.170 | Opp label coverage: 0.89
Step 4896115/5000000 | Win rate (rollout): 0.53 | Loss: 0.182 | Opp label coverage: 0.87
Step 4896627/5000000 | Win rate (rollout): 0.56 | Loss: 0.190 | Opp label coverage: 0.84
Step 4897139/5000000 | Win rate (rollout): 0.50 | Loss: 0.204 | Opp label coverage: 0.85
Step 4897651/5000000 | Win rate (rollout): 0.85 | Loss: 0.213 | Opp label coverage: 0.85
Step 4898163/5000000 | Win rate (rollout): 0.70 | Loss: 0.192 | Opp label coverage: 0.77
Step 4898675/5000000 | Win rate (rollout): 0.08 | Loss: 0.192 | Opp label coverage: 0.84
Step 4899193/5000000 | Win rate (rollout): 0.44 | Loss: 0.213 | Opp label coverage: 0.90
Step 4899710/5000000 | Win rate (rollout): 0.53 | Loss: 0.170 | Opp label coverage: 0.89
Step 4900222/5000000 | Win rate (rollout): 0.71 | Loss: 0.193 | Opp label coverage: 0.85
Step 4900734/5000000 | Win rate (rollout): 0.50 | Loss: 0.194 | Opp label coverage: 0.84
Step 4901246/5000000 | Win rate (rollout): 0.41 | Loss: 0.179 | Opp label coverage: 0.83
Step 4901758/5000000 | Win rate (rollout): 0.40 | Loss: 0.197 | Opp label coverage: 0.82
Step 4902274/5000000 | Win rate (rollout): 0.40 | Loss: 0.189 | Opp label coverage: 0.88
Step 4902786/5000000 | Win rate (rollout): 0.73 | Loss: 0.182 | Opp label coverage: 0.85
Step 4903298/5000000 | Win rate (rollout): 0.64 | Loss: 0.204 | Opp label coverage: 0.83
Step 4903811/5000000 | Win rate (rollout): 0.38 | Loss: 0.214 | Opp label coverage: 0.87
Step 4904324/5000000 | Win rate (rollout): 0.58 | Loss: 0.202 | Opp label coverage: 0.91
Step 4904843/5000000 | Win rate (rollout): 0.47 | Loss: 0.196 | Opp label coverage: 0.89
Step 4905359/5000000 | Win rate (rollout): 0.46 | Loss: 0.186 | Opp label coverage: 0.89
Step 4905872/5000000 | Win rate (rollout): 0.50 | Loss: 0.327 | Opp label coverage: 0.89
Step 4906390/5000000 | Win rate (rollout): 0.69 | Loss: 0.219 | Opp label coverage: 0.89
Step 4906905/5000000 | Win rate (rollout): 0.50 | Loss: 0.210 | Opp label coverage: 0.89
Step 4907422/5000000 | Win rate (rollout): 0.38 | Loss: 0.180 | Opp label coverage: 0.90
Step 4907938/5000000 | Win rate (rollout): 0.67 | Loss: 0.173 | Opp label coverage: 0.89
Step 4908456/5000000 | Win rate (rollout): 0.38 | Loss: 0.174 | Opp label coverage: 0.89
Step 4908972/5000000 | Win rate (rollout): 0.41 | Loss: 0.181 | Opp label coverage: 0.87
Step 4909484/5000000 | Win rate (rollout): 0.89 | Loss: 0.182 | Opp label coverage: 0.87
Step 4909999/5000000 | Win rate (rollout): 0.31 | Loss: 0.160 | Opp label coverage: 0.87
Step 4910511/5000000 | Win rate (rollout): 0.56 | Loss: 0.191 | Opp label coverage: 0.82
Step 4911023/5000000 | Win rate (rollout): 0.55 | Loss: 0.184 | Opp label coverage: 0.83
Step 4911535/5000000 | Win rate (rollout): 0.67 | Loss: 0.198 | Opp label coverage: 0.89
Step 4912048/5000000 | Win rate (rollout): 0.50 | Loss: 0.372 | Opp label coverage: 0.89
Step 4912567/5000000 | Win rate (rollout): 0.62 | Loss: 0.227 | Opp label coverage: 0.87
Step 4913086/5000000 | Win rate (rollout): 0.60 | Loss: 0.206 | Opp label coverage: 0.88
Step 4913598/5000000 | Win rate (rollout): 0.43 | Loss: 0.194 | Opp label coverage: 0.86
Step 4914112/5000000 | Win rate (rollout): 0.50 | Loss: 0.181 | Opp label coverage: 0.89
Step 4914624/5000000 | Win rate (rollout): 0.31 | Loss: 0.186 | Opp label coverage: 0.81
Step 4915141/5000000 | Win rate (rollout): 0.69 | Loss: 0.238 | Opp label coverage: 0.88
Step 4915654/5000000 | Win rate (rollout): 0.38 | Loss: 0.219 | Opp label coverage: 0.87
Step 4916166/5000000 | Win rate (rollout): 0.69 | Loss: 0.201 | Opp label coverage: 0.83
Step 4916684/5000000 | Win rate (rollout): 0.50 | Loss: 0.207 | Opp label coverage: 0.90
Step 4917196/5000000 | Win rate (rollout): 0.45 | Loss: 0.199 | Opp label coverage: 0.85
Step 4917708/5000000 | Win rate (rollout): 0.31 | Loss: 0.190 | Opp label coverage: 0.81
Step 4918223/5000000 | Win rate (rollout): 0.50 | Loss: 0.190 | Opp label coverage: 0.90
Step 4918736/5000000 | Win rate (rollout): 0.87 | Loss: 0.283 | Opp label coverage: 0.88
Step 4919253/5000000 | Win rate (rollout): 0.46 | Loss: 0.170 | Opp label coverage: 0.91
Step 4919771/5000000 | Win rate (rollout): 0.44 | Loss: 0.231 | Opp label coverage: 0.88
Step 4920283/5000000 | Win rate (rollout): 0.44 | Loss: 0.217 | Opp label coverage: 0.84
Step 4920801/5000000 | Win rate (rollout): 0.10 | Loss: 0.215 | Opp label coverage: 0.89
Step 4921313/5000000 | Win rate (rollout): 0.25 | Loss: 0.169 | Opp label coverage: 0.84
Step 4921829/5000000 | Win rate (rollout): 0.60 | Loss: 0.214 | Opp label coverage: 0.88
Step 4922342/5000000 | Win rate (rollout): 0.33 | Loss: 0.270 | Opp label coverage: 0.89
Step 4922854/5000000 | Win rate (rollout): 0.44 | Loss: 0.182 | Opp label coverage: 0.84
Step 4923369/5000000 | Win rate (rollout): 0.67 | Loss: 0.274 | Opp label coverage: 0.88
Step 4923881/5000000 | Win rate (rollout): 0.64 | Loss: 0.212 | Opp label coverage: 0.80
Step 4924398/5000000 | Win rate (rollout): 0.46 | Loss: 0.263 | Opp label coverage: 0.89
Step 4924917/5000000 | Win rate (rollout): 0.58 | Loss: 0.244 | Opp label coverage: 0.89
Step 4925429/5000000 | Win rate (rollout): 0.43 | Loss: 0.193 | Opp label coverage: 0.78
Step 4925946/5000000 | Win rate (rollout): 0.58 | Loss: 0.176 | Opp label coverage: 0.87
Step 4926462/5000000 | Win rate (rollout): 0.56 | Loss: 0.268 | Opp label coverage: 0.90
Step 4926977/5000000 | Win rate (rollout): 0.60 | Loss: 0.248 | Opp label coverage: 0.89
Step 4927489/5000000 | Win rate (rollout): 0.69 | Loss: 0.195 | Opp label coverage: 0.80
Step 4928003/5000000 | Win rate (rollout): 0.56 | Loss: 0.216 | Opp label coverage: 0.88
Step 4928515/5000000 | Win rate (rollout): 0.33 | Loss: 0.196 | Opp label coverage: 0.82
Step 4929027/5000000 | Win rate (rollout): 0.56 | Loss: 0.189 | Opp label coverage: 0.79
Step 4929539/5000000 | Win rate (rollout): 0.60 | Loss: 0.214 | Opp label coverage: 0.83
Step 4930054/5000000 | Win rate (rollout): 0.70 | Loss: 0.189 | Opp label coverage: 0.89
Step 4930570/5000000 | Win rate (rollout): 0.31 | Loss: 0.211 | Opp label coverage: 0.90
Step 4931084/5000000 | Win rate (rollout): 0.43 | Loss: 0.267 | Opp label coverage: 0.88
Step 4931596/5000000 | Win rate (rollout): 0.53 | Loss: 0.192 | Opp label coverage: 0.84
Step 4932113/5000000 | Win rate (rollout): 0.50 | Loss: 0.177 | Opp label coverage: 0.89
Step 4932627/5000000 | Win rate (rollout): 0.50 | Loss: 0.260 | Opp label coverage: 0.89
Step 4933145/5000000 | Win rate (rollout): 0.62 | Loss: 0.213 | Opp label coverage: 0.90
Step 4933658/5000000 | Win rate (rollout): 0.65 | Loss: 0.182 | Opp label coverage: 0.89
Step 4934176/5000000 | Win rate (rollout): 0.33 | Loss: 0.168 | Opp label coverage: 0.89
Step 4934688/5000000 | Win rate (rollout): 0.33 | Loss: 0.202 | Opp label coverage: 0.80
Step 4935203/5000000 | Win rate (rollout): 0.44 | Loss: 0.143 | Opp label coverage: 0.89
Step 4935715/5000000 | Win rate (rollout): 0.70 | Loss: 0.181 | Opp label coverage: 0.84
Step 4936227/5000000 | Win rate (rollout): 0.60 | Loss: 0.187 | Opp label coverage: 0.86
Step 4936744/5000000 | Win rate (rollout): 0.56 | Loss: 0.156 | Opp label coverage: 0.90
Step 4937256/5000000 | Win rate (rollout): 0.46 | Loss: 0.195 | Opp label coverage: 0.80
Step 4937773/5000000 | Win rate (rollout): 0.60 | Loss: 0.232 | Opp label coverage: 0.90
Step 4938286/5000000 | Win rate (rollout): 0.60 | Loss: 0.228 | Opp label coverage: 0.90
Step 4938799/5000000 | Win rate (rollout): 0.50 | Loss: 0.222 | Opp label coverage: 0.90
Step 4939313/5000000 | Win rate (rollout): 0.25 | Loss: 0.208 | Opp label coverage: 0.87
Step 4939825/5000000 | Win rate (rollout): 0.78 | Loss: 0.182 | Opp label coverage: 0.84
Step 4940337/5000000 | Win rate (rollout): 0.38 | Loss: 0.191 | Opp label coverage: 0.82
Step 4940855/5000000 | Win rate (rollout): 0.36 | Loss: 0.196 | Opp label coverage: 0.87
Step 4941367/5000000 | Win rate (rollout): 0.62 | Loss: 0.204 | Opp label coverage: 0.79
Step 4941879/5000000 | Win rate (rollout): 0.67 | Loss: 0.212 | Opp label coverage: 0.87
Step 4942391/5000000 | Win rate (rollout): 0.33 | Loss: 0.222 | Opp label coverage: 0.88
Step 4942908/5000000 | Win rate (rollout): 0.69 | Loss: 0.190 | Opp label coverage: 0.89
Step 4943420/5000000 | Win rate (rollout): 0.38 | Loss: 0.186 | Opp label coverage: 0.88
Step 4943932/5000000 | Win rate (rollout): 0.69 | Loss: 0.223 | Opp label coverage: 0.79
Step 4944444/5000000 | Win rate (rollout): 0.64 | Loss: 0.189 | Opp label coverage: 0.82
Step 4944963/5000000 | Win rate (rollout): 0.20 | Loss: 0.214 | Opp label coverage: 0.89
Step 4945475/5000000 | Win rate (rollout): 0.70 | Loss: 0.181 | Opp label coverage: 0.88
Step 4945987/5000000 | Win rate (rollout): 0.56 | Loss: 0.234 | Opp label coverage: 0.90
Step 4946499/5000000 | Win rate (rollout): 0.80 | Loss: 0.196 | Opp label coverage: 0.82
Step 4947011/5000000 | Win rate (rollout): 0.77 | Loss: 0.182 | Opp label coverage: 0.85
Step 4947530/5000000 | Win rate (rollout): 0.50 | Loss: 0.289 | Opp label coverage: 0.90
Step 4948042/5000000 | Win rate (rollout): 0.80 | Loss: 0.197 | Opp label coverage: 0.88
Step 4948554/5000000 | Win rate (rollout): 0.80 | Loss: 0.161 | Opp label coverage: 0.85
Step 4949066/5000000 | Win rate (rollout): 0.27 | Loss: 0.213 | Opp label coverage: 0.88
Step 4949578/5000000 | Win rate (rollout): 0.67 | Loss: 0.205 | Opp label coverage: 0.80
Step 4950095/5000000 | Win rate (rollout): 0.40 | Loss: 0.242 | Opp label coverage: 0.89
Step 4950607/5000000 | Win rate (rollout): 0.69 | Loss: 0.215 | Opp label coverage: 0.85
Step 4951124/5000000 | Win rate (rollout): 0.43 | Loss: 0.220 | Opp label coverage: 0.90
Step 4951636/5000000 | Win rate (rollout): 0.64 | Loss: 0.182 | Opp label coverage: 0.83
Step 4952148/5000000 | Win rate (rollout): 0.75 | Loss: 0.181 | Opp label coverage: 0.79
Step 4952661/5000000 | Win rate (rollout): 0.40 | Loss: 0.307 | Opp label coverage: 0.90
Step 4953173/5000000 | Win rate (rollout): 0.73 | Loss: 0.200 | Opp label coverage: 0.80
Step 4953685/5000000 | Win rate (rollout): 0.80 | Loss: 0.214 | Opp label coverage: 0.85
Step 4954203/5000000 | Win rate (rollout): 0.40 | Loss: 0.191 | Opp label coverage: 0.90
Step 4954719/5000000 | Win rate (rollout): 0.43 | Loss: 0.216 | Opp label coverage: 0.88
Step 4955231/5000000 | Win rate (rollout): 0.40 | Loss: 0.179 | Opp label coverage: 0.88
Step 4955743/5000000 | Win rate (rollout): 0.12 | Loss: 0.199 | Opp label coverage: 0.89
Step 4956255/5000000 | Win rate (rollout): 0.69 | Loss: 0.219 | Opp label coverage: 0.83
Step 4956767/5000000 | Win rate (rollout): 0.78 | Loss: 0.185 | Opp label coverage: 0.83
Step 4957279/5000000 | Win rate (rollout): 0.83 | Loss: 0.180 | Opp label coverage: 0.86
Step 4957791/5000000 | Win rate (rollout): 0.60 | Loss: 0.215 | Opp label coverage: 0.89
Step 4958303/5000000 | Win rate (rollout): 0.57 | Loss: 0.217 | Opp label coverage: 0.80
Step 4958815/5000000 | Win rate (rollout): 0.41 | Loss: 0.240 | Opp label coverage: 0.85
Step 4959332/5000000 | Win rate (rollout): 0.55 | Loss: 0.188 | Opp label coverage: 0.89
Step 4959844/5000000 | Win rate (rollout): 0.62 | Loss: 0.206 | Opp label coverage: 0.81
Step 4960356/5000000 | Win rate (rollout): 0.56 | Loss: 0.213 | Opp label coverage: 0.84
Step 4960871/5000000 | Win rate (rollout): 0.75 | Loss: 0.209 | Opp label coverage: 0.90
Step 4961386/5000000 | Win rate (rollout): 0.42 | Loss: 0.236 | Opp label coverage: 0.90
Step 4961898/5000000 | Win rate (rollout): 0.57 | Loss: 0.191 | Opp label coverage: 0.80
Step 4962410/5000000 | Win rate (rollout): 0.76 | Loss: 0.195 | Opp label coverage: 0.84
Step 4962922/5000000 | Win rate (rollout): 0.71 | Loss: 0.187 | Opp label coverage: 0.88
Step 4963439/5000000 | Win rate (rollout): 0.45 | Loss: 0.206 | Opp label coverage: 0.89
Step 4963955/5000000 | Win rate (rollout): 0.47 | Loss: 0.172 | Opp label coverage: 0.88
Step 4964470/5000000 | Win rate (rollout): 0.25 | Loss: 0.200 | Opp label coverage: 0.89
Step 4964982/5000000 | Win rate (rollout): 0.50 | Loss: 0.189 | Opp label coverage: 0.80
Step 4965499/5000000 | Win rate (rollout): 0.45 | Loss: 0.177 | Opp label coverage: 0.88
Step 4966015/5000000 | Win rate (rollout): 0.59 | Loss: 0.237 | Opp label coverage: 0.89
Step 4966531/5000000 | Win rate (rollout): 0.69 | Loss: 0.225 | Opp label coverage: 0.90
Step 4967044/5000000 | Win rate (rollout): 0.42 | Loss: 0.209 | Opp label coverage: 0.89
Step 4967562/5000000 | Win rate (rollout): 0.57 | Loss: 0.233 | Opp label coverage: 0.89
Step 4968074/5000000 | Win rate (rollout): 0.54 | Loss: 0.197 | Opp label coverage: 0.82
Step 4968589/5000000 | Win rate (rollout): 0.55 | Loss: 0.152 | Opp label coverage: 0.90
Step 4969101/5000000 | Win rate (rollout): 0.82 | Loss: 0.177 | Opp label coverage: 0.79
Step 4969618/5000000 | Win rate (rollout): 0.42 | Loss: 0.214 | Opp label coverage: 0.88
Step 4970130/5000000 | Win rate (rollout): 0.50 | Loss: 0.198 | Opp label coverage: 0.86
Step 4970642/5000000 | Win rate (rollout): 0.29 | Loss: 0.204 | Opp label coverage: 0.79
Step 4971157/5000000 | Win rate (rollout): 0.22 | Loss: 0.189 | Opp label coverage: 0.90
Step 4971676/5000000 | Win rate (rollout): 0.29 | Loss: 0.252 | Opp label coverage: 0.90
Step 4972188/5000000 | Win rate (rollout): 0.88 | Loss: 0.196 | Opp label coverage: 0.85
Step 4972700/5000000 | Win rate (rollout): 0.80 | Loss: 0.214 | Opp label coverage: 0.81
Step 4973218/5000000 | Win rate (rollout): 0.60 | Loss: 0.138 | Opp label coverage: 0.89
Step 4973737/5000000 | Win rate (rollout): 0.38 | Loss: 0.216 | Opp label coverage: 0.88
Step 4974255/5000000 | Win rate (rollout): 0.47 | Loss: 0.192 | Opp label coverage: 0.89
Step 4974768/5000000 | Win rate (rollout): 0.60 | Loss: 0.262 | Opp label coverage: 0.88
Step 4975285/5000000 | Win rate (rollout): 0.38 | Loss: 0.173 | Opp label coverage: 0.89
Step 4975799/5000000 | Win rate (rollout): 0.77 | Loss: 0.216 | Opp label coverage: 0.90
Step 4976315/5000000 | Win rate (rollout): 0.71 | Loss: 0.177 | Opp label coverage: 0.89
Step 4976832/5000000 | Win rate (rollout): 0.67 | Loss: 0.141 | Opp label coverage: 0.90
Step 4977345/5000000 | Win rate (rollout): 0.56 | Loss: 0.293 | Opp label coverage: 0.89
Step 4977863/5000000 | Win rate (rollout): 0.36 | Loss: 0.202 | Opp label coverage: 0.88
Step 4978375/5000000 | Win rate (rollout): 0.67 | Loss: 0.230 | Opp label coverage: 0.83
Step 4978887/5000000 | Win rate (rollout): 0.38 | Loss: 0.170 | Opp label coverage: 0.82
Step 4979399/5000000 | Win rate (rollout): 0.56 | Loss: 0.224 | Opp label coverage: 0.82
Step 4979915/5000000 | Win rate (rollout): 0.44 | Loss: 0.212 | Opp label coverage: 0.89
Step 4980429/5000000 | Win rate (rollout): 0.73 | Loss: 0.223 | Opp label coverage: 0.89
Step 4980941/5000000 | Win rate (rollout): 0.50 | Loss: 0.194 | Opp label coverage: 0.83
Step 4981459/5000000 | Win rate (rollout): 0.43 | Loss: 0.188 | Opp label coverage: 0.89
Step 4981978/5000000 | Win rate (rollout): 0.09 | Loss: 0.242 | Opp label coverage: 0.89
Step 4982495/5000000 | Win rate (rollout): 0.33 | Loss: 0.207 | Opp label coverage: 0.89
Step 4983007/5000000 | Win rate (rollout): 0.56 | Loss: 0.204 | Opp label coverage: 0.86
Step 4983519/5000000 | Win rate (rollout): 0.69 | Loss: 0.194 | Opp label coverage: 0.78
Step 4984036/5000000 | Win rate (rollout): 0.55 | Loss: 0.235 | Opp label coverage: 0.88
Step 4984548/5000000 | Win rate (rollout): 0.50 | Loss: 0.235 | Opp label coverage: 0.85
Step 4985062/5000000 | Win rate (rollout): 0.88 | Loss: 0.204 | Opp label coverage: 0.89
Step 4985574/5000000 | Win rate (rollout): 0.70 | Loss: 0.167 | Opp label coverage: 0.79
Step 4986086/5000000 | Win rate (rollout): 0.50 | Loss: 0.229 | Opp label coverage: 0.90
Step 4986599/5000000 | Win rate (rollout): 0.33 | Loss: 0.258 | Opp label coverage: 0.90
Step 4987113/5000000 | Win rate (rollout): 0.56 | Loss: 0.317 | Opp label coverage: 0.89
Step 4987625/5000000 | Win rate (rollout): 0.67 | Loss: 0.179 | Opp label coverage: 0.86
Step 4988139/5000000 | Win rate (rollout): 0.58 | Loss: 0.180 | Opp label coverage: 0.89
Step 4988657/5000000 | Win rate (rollout): 0.71 | Loss: 0.196 | Opp label coverage: 0.92
Step 4989169/5000000 | Win rate (rollout): 0.60 | Loss: 0.198 | Opp label coverage: 0.81
Step 4989681/5000000 | Win rate (rollout): 0.58 | Loss: 0.196 | Opp label coverage: 0.81
Step 4990193/5000000 | Win rate (rollout): 0.56 | Loss: 0.204 | Opp label coverage: 0.80
Step 4990705/5000000 | Win rate (rollout): 0.25 | Loss: 0.191 | Opp label coverage: 0.89
Step 4991217/5000000 | Win rate (rollout): 0.57 | Loss: 0.192 | Opp label coverage: 0.84
Step 4991735/5000000 | Win rate (rollout): 0.44 | Loss: 0.224 | Opp label coverage: 0.89
Step 4992250/5000000 | Win rate (rollout): 0.56 | Loss: 0.199 | Opp label coverage: 0.88
Step 4992762/5000000 | Win rate (rollout): 0.60 | Loss: 0.210 | Opp label coverage: 0.78
Step 4993274/5000000 | Win rate (rollout): 0.44 | Loss: 0.185 | Opp label coverage: 0.83
Step 4993792/5000000 | Win rate (rollout): 0.33 | Loss: 0.223 | Opp label coverage: 0.89
Step 4994304/5000000 | Win rate (rollout): 0.50 | Loss: 0.226 | Opp label coverage: 0.91
Step 4994822/5000000 | Win rate (rollout): 0.62 | Loss: 0.203 | Opp label coverage: 0.90
Step 4995334/5000000 | Win rate (rollout): 0.50 | Loss: 0.180 | Opp label coverage: 0.80
Step 4995847/5000000 | Win rate (rollout): 0.62 | Loss: 0.205 | Opp label coverage: 0.88
Step 4996359/5000000 | Win rate (rollout): 0.62 | Loss: 0.193 | Opp label coverage: 0.79
Step 4996871/5000000 | Win rate (rollout): 0.91 | Loss: 0.181 | Opp label coverage: 0.86
Step 4997383/5000000 | Win rate (rollout): 0.60 | Loss: 0.179 | Opp label coverage: 0.80
Step 4997899/5000000 | Win rate (rollout): 0.55 | Loss: 0.233 | Opp label coverage: 0.89
Step 4998411/5000000 | Win rate (rollout): 0.79 | Loss: 0.230 | Opp label coverage: 0.80
Step 4998923/5000000 | Win rate (rollout): 0.75 | Loss: 0.188 | Opp label coverage: 0.81
Step 4999435/5000000 | Win rate (rollout): 0.77 | Loss: 0.175 | Opp label coverage: 0.81
Step 4999947/5000000 | Win rate (rollout): 0.30 | Loss: 0.221 | Opp label coverage: 0.88
Step 5000004/5000000 | Win rate (rollout): 0.50 | Loss: 0.174 | Opp label coverage: 0.88

Training complete. Final model saved to models/ppo/checkpoints/m9p2c/ppo_step_5000004_final.pt
Total steps: 5000004
