Starting PPO training: 5000000 steps | obs_mode=v2 (obs_size=924) | rollout=512 steps | num_envs=8 | device=mps | opponent=selfplay=0.5,damagefirst=0.3,random=0.2 (pool: /Users/laithassaf/Documents/Programs/Archived/pokemon-showdown/models/ppo/checkpoints/opp) | checkpoint every 25000 steps | opp_coef=0.1
/Users/laithassaf/Documents/Programs/Archived/pokemon-showdown/models/ppo/train.py:197: UserWarning: checkpoint has no 'opp_head'; using a freshly initialized opponent-prediction head (expected for pre-M5 checkpoints)
  opponent = PPOAgent.load(str(path), device=device)
/Users/laithassaf/Documents/Programs/Archived/pokemon-showdown/models/ppo/train.py:197: UserWarning: could not restore optimizer state (loaded state dict contains a parameter group that doesn't match the size of optimizer's group); using a fresh optimizer (expected when loading a pre-M5 checkpoint into the headed agent)
  opponent = PPOAgent.load(str(path), device=device)
Step 512/5000000 | Win rate (rollout): 0.00 | Loss: 0.223 | Opp label coverage: 0.89
Step 1024/5000000 | Win rate (rollout): 0.00 | Loss: 0.180 | Opp label coverage: 0.86
Step 1539/5000000 | Win rate (rollout): 0.15 | Loss: 0.196 | Opp label coverage: 0.87
Step 2051/5000000 | Win rate (rollout): 0.09 | Loss: 0.146 | Opp label coverage: 0.79
Step 2563/5000000 | Win rate (rollout): 0.00 | Loss: 0.122 | Opp label coverage: 0.83
Step 3078/5000000 | Win rate (rollout): 0.00 | Loss: 0.092 | Opp label coverage: 0.88
Step 3592/5000000 | Win rate (rollout): 0.08 | Loss: 0.162 | Opp label coverage: 0.88
Step 4104/5000000 | Win rate (rollout): 0.00 | Loss: 0.111 | Opp label coverage: 0.83
Step 4616/5000000 | Win rate (rollout): 0.06 | Loss: 0.112 | Opp label coverage: 0.83
Step 5134/5000000 | Win rate (rollout): 0.00 | Loss: 0.118 | Opp label coverage: 0.89
Step 5646/5000000 | Win rate (rollout): 0.00 | Loss: 0.112 | Opp label coverage: 0.80
Step 6158/5000000 | Win rate (rollout): 0.09 | Loss: 0.150 | Opp label coverage: 0.88
Step 6670/5000000 | Win rate (rollout): 0.00 | Loss: 0.107 | Opp label coverage: 0.81
Step 7186/5000000 | Win rate (rollout): 0.11 | Loss: 0.167 | Opp label coverage: 0.87
Step 7698/5000000 | Win rate (rollout): 0.12 | Loss: 0.142 | Opp label coverage: 0.82
Step 8210/5000000 | Win rate (rollout): 0.00 | Loss: 0.116 | Opp label coverage: 0.81
Step 8722/5000000 | Win rate (rollout): 0.00 | Loss: 0.122 | Opp label coverage: 0.84
Step 9234/5000000 | Win rate (rollout): 0.07 | Loss: 0.144 | Opp label coverage: 0.79
Step 9753/5000000 | Win rate (rollout): 0.00 | Loss: 0.168 | Opp label coverage: 0.85
Step 10271/5000000 | Win rate (rollout): 0.08 | Loss: 0.180 | Opp label coverage: 0.91
Step 10784/5000000 | Win rate (rollout): 0.57 | Loss: 0.152 | Opp label coverage: 0.90
Step 11296/5000000 | Win rate (rollout): 0.08 | Loss: 0.149 | Opp label coverage: 0.82
Step 11810/5000000 | Win rate (rollout): 0.36 | Loss: 0.233 | Opp label coverage: 0.87
Step 12322/5000000 | Win rate (rollout): 0.45 | Loss: 0.175 | Opp label coverage: 0.81
Step 12834/5000000 | Win rate (rollout): 0.13 | Loss: 0.171 | Opp label coverage: 0.77
Step 13346/5000000 | Win rate (rollout): 0.29 | Loss: 0.152 | Opp label coverage: 0.82
Step 13861/5000000 | Win rate (rollout): 0.10 | Loss: 0.135 | Opp label coverage: 0.88
Step 14373/5000000 | Win rate (rollout): 0.23 | Loss: 0.190 | Opp label coverage: 0.78
Step 14891/5000000 | Win rate (rollout): 0.33 | Loss: 0.143 | Opp label coverage: 0.88
Step 15404/5000000 | Win rate (rollout): 0.08 | Loss: 0.160 | Opp label coverage: 0.88
Step 15916/5000000 | Win rate (rollout): 0.71 | Loss: 0.170 | Opp label coverage: 0.84
Step 16428/5000000 | Win rate (rollout): 0.20 | Loss: 0.162 | Opp label coverage: 0.80
Step 16944/5000000 | Win rate (rollout): 0.25 | Loss: 0.163 | Opp label coverage: 0.89
Step 17456/5000000 | Win rate (rollout): 0.50 | Loss: 0.157 | Opp label coverage: 0.82
Step 17968/5000000 | Win rate (rollout): 0.33 | Loss: 0.156 | Opp label coverage: 0.81
Step 18484/5000000 | Win rate (rollout): 0.00 | Loss: 0.167 | Opp label coverage: 0.90
Step 19002/5000000 | Win rate (rollout): 0.38 | Loss: 0.205 | Opp label coverage: 0.88
Step 19517/5000000 | Win rate (rollout): 0.15 | Loss: 0.125 | Opp label coverage: 0.88
Step 20029/5000000 | Win rate (rollout): 0.00 | Loss: 0.142 | Opp label coverage: 0.82
Step 20548/5000000 | Win rate (rollout): 0.57 | Loss: 0.140 | Opp label coverage: 0.90
Step 21060/5000000 | Win rate (rollout): 0.23 | Loss: 0.163 | Opp label coverage: 0.83
Step 21577/5000000 | Win rate (rollout): 0.12 | Loss: 0.136 | Opp label coverage: 0.91
Step 22089/5000000 | Win rate (rollout): 0.20 | Loss: 0.167 | Opp label coverage: 0.82
Step 22603/5000000 | Win rate (rollout): 0.43 | Loss: 0.090 | Opp label coverage: 0.90
Step 23115/5000000 | Win rate (rollout): 0.11 | Loss: 0.130 | Opp label coverage: 0.90
Step 23627/5000000 | Win rate (rollout): 0.40 | Loss: 0.140 | Opp label coverage: 0.79
Step 24142/5000000 | Win rate (rollout): 0.40 | Loss: 0.148 | Opp label coverage: 0.90
Step 24659/5000000 | Win rate (rollout): 0.25 | Loss: 0.186 | Opp label coverage: 0.88
[checkpoint] Saved /Users/laithassaf/Documents/Programs/Archived/pokemon-showdown/models/ppo/checkpoints/opp/ppo_step_25003.pt
Step 25171/5000000 | Win rate (rollout): 0.40 | Loss: 0.167 | Opp label coverage: 0.86
Step 25688/5000000 | Win rate (rollout): 0.71 | Loss: 0.135 | Opp label coverage: 0.92
Step 26205/5000000 | Win rate (rollout): 0.36 | Loss: 0.089 | Opp label coverage: 0.90
Step 26717/5000000 | Win rate (rollout): 0.53 | Loss: 0.193 | Opp label coverage: 0.90
Step 27231/5000000 | Win rate (rollout): 0.44 | Loss: 0.124 | Opp label coverage: 0.94
Step 27744/5000000 | Win rate (rollout): 0.70 | Loss: 0.233 | Opp label coverage: 0.91
Step 28257/5000000 | Win rate (rollout): 0.33 | Loss: 0.181 | Opp label coverage: 0.90
Step 28769/5000000 | Win rate (rollout): 0.50 | Loss: 0.188 | Opp label coverage: 0.82
Step 29281/5000000 | Win rate (rollout): 0.33 | Loss: 0.171 | Opp label coverage: 0.77
Step 29793/5000000 | Win rate (rollout): 0.45 | Loss: 0.178 | Opp label coverage: 0.80
Step 30308/5000000 | Win rate (rollout): 0.62 | Loss: 0.134 | Opp label coverage: 0.90
Step 30820/5000000 | Win rate (rollout): 0.67 | Loss: 0.180 | Opp label coverage: 0.84
Step 31332/5000000 | Win rate (rollout): 0.27 | Loss: 0.155 | Opp label coverage: 0.85
Step 31850/5000000 | Win rate (rollout): 0.36 | Loss: 0.171 | Opp label coverage: 0.90
Step 32362/5000000 | Win rate (rollout): 0.64 | Loss: 0.178 | Opp label coverage: 0.89
Step 32875/5000000 | Win rate (rollout): 0.31 | Loss: 0.046 | Opp label coverage: 0.91
Step 33387/5000000 | Win rate (rollout): 0.33 | Loss: 0.174 | Opp label coverage: 0.87
Step 33899/5000000 | Win rate (rollout): 0.20 | Loss: 0.189 | Opp label coverage: 0.80
Step 34411/5000000 | Win rate (rollout): 0.56 | Loss: 0.165 | Opp label coverage: 0.81
Step 34923/5000000 | Win rate (rollout): 0.30 | Loss: 0.164 | Opp label coverage: 0.87
Step 35435/5000000 | Win rate (rollout): 0.30 | Loss: 0.149 | Opp label coverage: 0.90
Step 35947/5000000 | Win rate (rollout): 0.18 | Loss: 0.155 | Opp label coverage: 0.80
Step 36462/5000000 | Win rate (rollout): 0.56 | Loss: 0.171 | Opp label coverage: 0.91
Step 36978/5000000 | Win rate (rollout): 0.31 | Loss: 0.214 | Opp label coverage: 0.87
Step 37493/5000000 | Win rate (rollout): 0.23 | Loss: 0.146 | Opp label coverage: 0.88
Step 38005/5000000 | Win rate (rollout): 0.18 | Loss: 0.146 | Opp label coverage: 0.82
Step 38517/5000000 | Win rate (rollout): 0.25 | Loss: 0.171 | Opp label coverage: 0.82
Step 39033/5000000 | Win rate (rollout): 0.67 | Loss: 0.133 | Opp label coverage: 0.91
Step 39545/5000000 | Win rate (rollout): 0.18 | Loss: 0.164 | Opp label coverage: 0.75
Step 40057/5000000 | Win rate (rollout): 0.50 | Loss: 0.165 | Opp label coverage: 0.83
Step 40569/5000000 | Win rate (rollout): 0.30 | Loss: 0.165 | Opp label coverage: 0.80
Step 41085/5000000 | Win rate (rollout): 0.40 | Loss: 0.193 | Opp label coverage: 0.91
Step 41597/5000000 | Win rate (rollout): 0.23 | Loss: 0.194 | Opp label coverage: 0.84
Step 42109/5000000 | Win rate (rollout): 0.15 | Loss: 0.151 | Opp label coverage: 0.78
Step 42626/5000000 | Win rate (rollout): 0.75 | Loss: 0.171 | Opp label coverage: 0.91
Step 43145/5000000 | Win rate (rollout): 0.38 | Loss: 0.113 | Opp label coverage: 0.91
Step 43657/5000000 | Win rate (rollout): 0.50 | Loss: 0.128 | Opp label coverage: 0.91
Step 44171/5000000 | Win rate (rollout): 0.38 | Loss: 0.188 | Opp label coverage: 0.88
Step 44685/5000000 | Win rate (rollout): 0.60 | Loss: 0.206 | Opp label coverage: 0.88
Step 45197/5000000 | Win rate (rollout): 0.36 | Loss: 0.192 | Opp label coverage: 0.82
Step 45711/5000000 | Win rate (rollout): 0.56 | Loss: 0.059 | Opp label coverage: 0.90
Step 46223/5000000 | Win rate (rollout): 0.08 | Loss: 0.174 | Opp label coverage: 0.74
Step 46739/5000000 | Win rate (rollout): 0.38 | Loss: 0.175 | Opp label coverage: 0.91
Step 47254/5000000 | Win rate (rollout): 0.36 | Loss: 0.155 | Opp label coverage: 0.88
Step 47771/5000000 | Win rate (rollout): 0.43 | Loss: 0.198 | Opp label coverage: 0.90
Step 48283/5000000 | Win rate (rollout): 0.38 | Loss: 0.158 | Opp label coverage: 0.83
Step 48795/5000000 | Win rate (rollout): 0.40 | Loss: 0.161 | Opp label coverage: 0.77
Step 49313/5000000 | Win rate (rollout): 0.50 | Loss: 0.100 | Opp label coverage: 0.92
Step 49831/5000000 | Win rate (rollout): 0.78 | Loss: 0.152 | Opp label coverage: 0.93
[checkpoint] Saved /Users/laithassaf/Documents/Programs/Archived/pokemon-showdown/models/ppo/checkpoints/opp/ppo_step_50008.pt
Step 50345/5000000 | Win rate (rollout): 0.25 | Loss: 0.150 | Opp label coverage: 0.89
Step 50857/5000000 | Win rate (rollout): 0.45 | Loss: 0.147 | Opp label coverage: 0.92
Step 51369/5000000 | Win rate (rollout): 0.60 | Loss: 0.133 | Opp label coverage: 0.95
Step 51887/5000000 | Win rate (rollout): 0.36 | Loss: 0.166 | Opp label coverage: 0.90
Step 52399/5000000 | Win rate (rollout): 0.20 | Loss: 0.146 | Opp label coverage: 0.86
Step 52911/5000000 | Win rate (rollout): 0.50 | Loss: 0.186 | Opp label coverage: 0.89
Step 53423/5000000 | Win rate (rollout): 0.00 | Loss: 0.136 | Opp label coverage: 0.82
Step 53935/5000000 | Win rate (rollout): 0.21 | Loss: 0.158 | Opp label coverage: 0.86
Step 54451/5000000 | Win rate (rollout): 0.70 | Loss: 0.179 | Opp label coverage: 0.90
Step 54969/5000000 | Win rate (rollout): 0.60 | Loss: 0.116 | Opp label coverage: 0.94
Step 55481/5000000 | Win rate (rollout): 0.27 | Loss: 0.176 | Opp label coverage: 0.85
Step 55993/5000000 | Win rate (rollout): 0.50 | Loss: 0.184 | Opp label coverage: 0.85
Step 56509/5000000 | Win rate (rollout): 0.57 | Loss: 0.163 | Opp label coverage: 0.92
Step 57021/5000000 | Win rate (rollout): 0.38 | Loss: 0.155 | Opp label coverage: 0.83
Step 57533/5000000 | Win rate (rollout): 0.33 | Loss: 0.157 | Opp label coverage: 0.83
Step 58045/5000000 | Win rate (rollout): 0.33 | Loss: 0.159 | Opp label coverage: 0.85
Step 58564/5000000 | Win rate (rollout): 0.62 | Loss: 0.154 | Opp label coverage: 0.91
Step 59076/5000000 | Win rate (rollout): 0.25 | Loss: 0.161 | Opp label coverage: 0.86
Step 59588/5000000 | Win rate (rollout): 0.25 | Loss: 0.156 | Opp label coverage: 0.85
Step 60105/5000000 | Win rate (rollout): 0.38 | Loss: 0.126 | Opp label coverage: 0.90
Step 60617/5000000 | Win rate (rollout): 0.62 | Loss: 0.174 | Opp label coverage: 0.84
Step 61129/5000000 | Win rate (rollout): 0.22 | Loss: 0.152 | Opp label coverage: 0.80
Step 61641/5000000 | Win rate (rollout): 0.13 | Loss: 0.152 | Opp label coverage: 0.79
Step 62159/5000000 | Win rate (rollout): 0.50 | Loss: 0.195 | Opp label coverage: 0.90
Step 62671/5000000 | Win rate (rollout): 0.20 | Loss: 0.152 | Opp label coverage: 0.82
Step 63183/5000000 | Win rate (rollout): 0.43 | Loss: 0.151 | Opp label coverage: 0.82
Step 63697/5000000 | Win rate (rollout): 0.33 | Loss: 0.099 | Opp label coverage: 0.89
Step 64213/5000000 | Win rate (rollout): 0.56 | Loss: 0.182 | Opp label coverage: 0.93
Step 64728/5000000 | Win rate (rollout): 0.50 | Loss: 0.121 | Opp label coverage: 0.92
Step 65240/5000000 | Win rate (rollout): 0.69 | Loss: 0.178 | Opp label coverage: 0.90
Step 65753/5000000 | Win rate (rollout): 0.25 | Loss: 0.270 | Opp label coverage: 0.92
Step 66266/5000000 | Win rate (rollout): 0.20 | Loss: 0.211 | Opp label coverage: 0.88
Step 66778/5000000 | Win rate (rollout): 0.50 | Loss: 0.161 | Opp label coverage: 0.88
Step 67291/5000000 | Win rate (rollout): 0.50 | Loss: 0.316 | Opp label coverage: 0.91
Step 67803/5000000 | Win rate (rollout): 0.33 | Loss: 0.186 | Opp label coverage: 0.84
Step 68322/5000000 | Win rate (rollout): 0.57 | Loss: 0.179 | Opp label coverage: 0.91
Step 68834/5000000 | Win rate (rollout): 0.33 | Loss: 0.177 | Opp label coverage: 0.83
Step 69346/5000000 | Win rate (rollout): 0.18 | Loss: 0.162 | Opp label coverage: 0.81
Step 69858/5000000 | Win rate (rollout): 0.12 | Loss: 0.149 | Opp label coverage: 0.83
Step 70370/5000000 | Win rate (rollout): 0.67 | Loss: 0.170 | Opp label coverage: 0.79
Step 70887/5000000 | Win rate (rollout): 0.67 | Loss: 0.148 | Opp label coverage: 0.90
Step 71399/5000000 | Win rate (rollout): 0.50 | Loss: 0.170 | Opp label coverage: 0.81
Step 71918/5000000 | Win rate (rollout): 0.50 | Loss: 0.199 | Opp label coverage: 0.88
Step 72435/5000000 | Win rate (rollout): 0.46 | Loss: 0.185 | Opp label coverage: 0.91
Step 72951/5000000 | Win rate (rollout): 0.45 | Loss: 0.145 | Opp label coverage: 0.91
Step 73463/5000000 | Win rate (rollout): 0.25 | Loss: 0.170 | Opp label coverage: 0.79
Step 73976/5000000 | Win rate (rollout): 0.89 | Loss: 0.155 | Opp label coverage: 0.93
Step 74488/5000000 | Win rate (rollout): 0.80 | Loss: 0.116 | Opp label coverage: 0.90
Step 75000/5000000 | Win rate (rollout): 0.33 | Loss: 0.183 | Opp label coverage: 0.80
[checkpoint] Saved /Users/laithassaf/Documents/Programs/Archived/pokemon-showdown/models/ppo/checkpoints/opp/ppo_step_75008.pt
Step 75512/5000000 | Win rate (rollout): 0.29 | Loss: 0.187 | Opp label coverage: 0.84
Step 76024/5000000 | Win rate (rollout): 0.47 | Loss: 0.156 | Opp label coverage: 0.82
Step 76536/5000000 | Win rate (rollout): 0.30 | Loss: 0.137 | Opp label coverage: 0.80
Step 77051/5000000 | Win rate (rollout): 0.62 | Loss: 0.238 | Opp label coverage: 0.89
Step 77567/5000000 | Win rate (rollout): 0.15 | Loss: 0.212 | Opp label coverage: 0.91
Step 78079/5000000 | Win rate (rollout): 0.45 | Loss: 0.169 | Opp label coverage: 0.80
Step 78591/5000000 | Win rate (rollout): 0.40 | Loss: 0.151 | Opp label coverage: 0.81
Step 79107/5000000 | Win rate (rollout): 0.25 | Loss: 0.158 | Opp label coverage: 0.88
Step 79619/5000000 | Win rate (rollout): 0.64 | Loss: 0.181 | Opp label coverage: 0.89
Step 80131/5000000 | Win rate (rollout): 0.17 | Loss: 0.142 | Opp label coverage: 0.86
Step 80643/5000000 | Win rate (rollout): 0.71 | Loss: 0.177 | Opp label coverage: 0.78
Step 81155/5000000 | Win rate (rollout): 0.00 | Loss: 0.138 | Opp label coverage: 0.81
Step 81672/5000000 | Win rate (rollout): 0.44 | Loss: 0.162 | Opp label coverage: 0.89
Step 82185/5000000 | Win rate (rollout): 0.53 | Loss: 0.206 | Opp label coverage: 0.91
Step 82702/5000000 | Win rate (rollout): 0.50 | Loss: 0.172 | Opp label coverage: 0.91
Step 83219/5000000 | Win rate (rollout): 0.36 | Loss: 0.176 | Opp label coverage: 0.87
Step 83731/5000000 | Win rate (rollout): 0.25 | Loss: 0.147 | Opp label coverage: 0.79
Step 84243/5000000 | Win rate (rollout): 0.45 | Loss: 0.183 | Opp label coverage: 0.81
Step 84755/5000000 | Win rate (rollout): 0.38 | Loss: 0.158 | Opp label coverage: 0.78
Step 85267/5000000 | Win rate (rollout): 0.25 | Loss: 0.168 | Opp label coverage: 0.82
Step 85779/5000000 | Win rate (rollout): 0.40 | Loss: 0.187 | Opp label coverage: 0.85
Step 86291/5000000 | Win rate (rollout): 0.07 | Loss: 0.167 | Opp label coverage: 0.86
Step 86803/5000000 | Win rate (rollout): 0.56 | Loss: 0.185 | Opp label coverage: 0.86
Step 87320/5000000 | Win rate (rollout): 0.38 | Loss: 0.160 | Opp label coverage: 0.91
Step 87832/5000000 | Win rate (rollout): 0.50 | Loss: 0.177 | Opp label coverage: 0.87
Step 88344/5000000 | Win rate (rollout): 0.29 | Loss: 0.149 | Opp label coverage: 0.77
Step 88856/5000000 | Win rate (rollout): 0.21 | Loss: 0.173 | Opp label coverage: 0.85
Step 89369/5000000 | Win rate (rollout): 0.30 | Loss: -0.001 | Opp label coverage: 0.88
Step 89885/5000000 | Win rate (rollout): 0.33 | Loss: 0.177 | Opp label coverage: 0.88
Step 90397/5000000 | Win rate (rollout): 0.50 | Loss: 0.171 | Opp label coverage: 0.87
Step 90909/5000000 | Win rate (rollout): 0.27 | Loss: 0.139 | Opp label coverage: 0.80
Step 91423/5000000 | Win rate (rollout): 0.40 | Loss: 0.164 | Opp label coverage: 0.90
Step 91935/5000000 | Win rate (rollout): 0.62 | Loss: 0.162 | Opp label coverage: 0.84
Step 92450/5000000 | Win rate (rollout): 0.88 | Loss: 0.119 | Opp label coverage: 0.91
Step 92965/5000000 | Win rate (rollout): 0.57 | Loss: 0.234 | Opp label coverage: 0.90
Step 93477/5000000 | Win rate (rollout): 0.60 | Loss: 0.162 | Opp label coverage: 0.92
Step 93990/5000000 | Win rate (rollout): 0.55 | Loss: 0.244 | Opp label coverage: 0.91
Step 94502/5000000 | Win rate (rollout): 0.30 | Loss: 0.172 | Opp label coverage: 0.87
Step 95016/5000000 | Win rate (rollout): 0.22 | Loss: 0.092 | Opp label coverage: 0.90
Step 95528/5000000 | Win rate (rollout): 0.62 | Loss: 0.189 | Opp label coverage: 0.80
Step 96040/5000000 | Win rate (rollout): 0.38 | Loss: 0.182 | Opp label coverage: 0.86
Step 96552/5000000 | Win rate (rollout): 0.14 | Loss: 0.185 | Opp label coverage: 0.77
Step 97064/5000000 | Win rate (rollout): 0.67 | Loss: 0.151 | Opp label coverage: 0.83
Step 97581/5000000 | Win rate (rollout): 0.38 | Loss: 0.134 | Opp label coverage: 0.90
Step 98098/5000000 | Win rate (rollout): 0.36 | Loss: 0.125 | Opp label coverage: 0.92
Step 98616/5000000 | Win rate (rollout): 0.27 | Loss: 0.145 | Opp label coverage: 0.91
Step 99133/5000000 | Win rate (rollout): 0.50 | Loss: 0.154 | Opp label coverage: 0.89
Step 99645/5000000 | Win rate (rollout): 0.00 | Loss: 0.133 | Opp label coverage: 0.88
[checkpoint] Saved /Users/laithassaf/Documents/Programs/Archived/pokemon-showdown/models/ppo/checkpoints/opp/ppo_step_100009.pt
Step 100163/5000000 | Win rate (rollout): 0.17 | Loss: 0.107 | Opp label coverage: 0.91
Step 100675/5000000 | Win rate (rollout): 0.25 | Loss: 0.162 | Opp label coverage: 0.81
Step 101187/5000000 | Win rate (rollout): 0.56 | Loss: 0.190 | Opp label coverage: 0.90
Step 101699/5000000 | Win rate (rollout): 0.67 | Loss: 0.187 | Opp label coverage: 0.86
Step 102218/5000000 | Win rate (rollout): 0.38 | Loss: 0.154 | Opp label coverage: 0.92
Step 102735/5000000 | Win rate (rollout): 0.70 | Loss: 0.176 | Opp label coverage: 0.93
Step 103249/5000000 | Win rate (rollout): 0.70 | Loss: 0.157 | Opp label coverage: 0.92
Step 103761/5000000 | Win rate (rollout): 0.50 | Loss: 0.139 | Opp label coverage: 0.79
Step 104280/5000000 | Win rate (rollout): 0.38 | Loss: 0.165 | Opp label coverage: 0.91
Step 104799/5000000 | Win rate (rollout): 0.38 | Loss: 0.202 | Opp label coverage: 0.90
Step 105311/5000000 | Win rate (rollout): 0.38 | Loss: 0.180 | Opp label coverage: 0.80
Step 105823/5000000 | Win rate (rollout): 0.62 | Loss: 0.160 | Opp label coverage: 0.89
Step 106335/5000000 | Win rate (rollout): 0.50 | Loss: 0.180 | Opp label coverage: 0.85
Step 106847/5000000 | Win rate (rollout): 0.50 | Loss: 0.172 | Opp label coverage: 0.91
Step 107359/5000000 | Win rate (rollout): 0.62 | Loss: 0.170 | Opp label coverage: 0.82
Step 107871/5000000 | Win rate (rollout): 0.42 | Loss: 0.177 | Opp label coverage: 0.88
Step 108383/5000000 | Win rate (rollout): 0.14 | Loss: 0.139 | Opp label coverage: 0.83
Step 108898/5000000 | Win rate (rollout): 0.33 | Loss: 0.185 | Opp label coverage: 0.91
Step 109410/5000000 | Win rate (rollout): 0.45 | Loss: 0.157 | Opp label coverage: 0.91
Step 109923/5000000 | Win rate (rollout): 0.47 | Loss: 0.126 | Opp label coverage: 0.89
Step 110435/5000000 | Win rate (rollout): 0.70 | Loss: 0.175 | Opp label coverage: 0.91
Step 110947/5000000 | Win rate (rollout): 0.12 | Loss: 0.157 | Opp label coverage: 0.83
Step 111459/5000000 | Win rate (rollout): 0.44 | Loss: 0.160 | Opp label coverage: 0.82
Step 111976/5000000 | Win rate (rollout): 0.50 | Loss: 0.165 | Opp label coverage: 0.93
Step 112495/5000000 | Win rate (rollout): 0.60 | Loss: 0.151 | Opp label coverage: 0.92
Step 113010/5000000 | Win rate (rollout): 0.08 | Loss: 0.141 | Opp label coverage: 0.89
Step 113527/5000000 | Win rate (rollout): 0.30 | Loss: 0.133 | Opp label coverage: 0.91
Step 114043/5000000 | Win rate (rollout): 0.50 | Loss: 0.178 | Opp label coverage: 0.90
Step 114555/5000000 | Win rate (rollout): 0.38 | Loss: 0.142 | Opp label coverage: 0.81
Step 115067/5000000 | Win rate (rollout): 0.44 | Loss: 0.158 | Opp label coverage: 0.91
Step 115579/5000000 | Win rate (rollout): 0.62 | Loss: 0.177 | Opp label coverage: 0.91
Step 116091/5000000 | Win rate (rollout): 0.50 | Loss: 0.146 | Opp label coverage: 0.92
Step 116603/5000000 | Win rate (rollout): 0.22 | Loss: 0.171 | Opp label coverage: 0.84
Step 117115/5000000 | Win rate (rollout): 0.11 | Loss: 0.158 | Opp label coverage: 0.79
Step 117633/5000000 | Win rate (rollout): 0.30 | Loss: 0.158 | Opp label coverage: 0.89
Step 118145/5000000 | Win rate (rollout): 0.58 | Loss: 0.188 | Opp label coverage: 0.84
Step 118661/5000000 | Win rate (rollout): 0.86 | Loss: 0.204 | Opp label coverage: 0.93
Step 119173/5000000 | Win rate (rollout): 0.25 | Loss: 0.157 | Opp label coverage: 0.80
Step 119685/5000000 | Win rate (rollout): 0.31 | Loss: 0.179 | Opp label coverage: 0.85
Step 120197/5000000 | Win rate (rollout): 0.12 | Loss: 0.147 | Opp label coverage: 0.86
Step 120713/5000000 | Win rate (rollout): 0.43 | Loss: 0.113 | Opp label coverage: 0.92
Step 121225/5000000 | Win rate (rollout): 0.29 | Loss: 0.164 | Opp label coverage: 0.81
Step 121739/5000000 | Win rate (rollout): 0.57 | Loss: 0.236 | Opp label coverage: 0.92
Step 122251/5000000 | Win rate (rollout): 0.40 | Loss: 0.166 | Opp label coverage: 0.92
Step 122768/5000000 | Win rate (rollout): 0.25 | Loss: 0.154 | Opp label coverage: 0.91
Step 123280/5000000 | Win rate (rollout): 0.18 | Loss: 0.142 | Opp label coverage: 0.84
Step 123792/5000000 | Win rate (rollout): 0.38 | Loss: 0.163 | Opp label coverage: 0.84
Step 124304/5000000 | Win rate (rollout): 0.38 | Loss: 0.179 | Opp label coverage: 0.86
Step 124819/5000000 | Win rate (rollout): 0.38 | Loss: 0.159 | Opp label coverage: 0.90
[checkpoint] Saved /Users/laithassaf/Documents/Programs/Archived/pokemon-showdown/models/ppo/checkpoints/opp/ppo_step_125016.pt
Step 125333/5000000 | Win rate (rollout): 0.30 | Loss: 0.136 | Opp label coverage: 0.92
Step 125850/5000000 | Win rate (rollout): 0.50 | Loss: 0.191 | Opp label coverage: 0.89
Step 126362/5000000 | Win rate (rollout): 0.70 | Loss: 0.182 | Opp label coverage: 0.85
Step 126874/5000000 | Win rate (rollout): 0.11 | Loss: 0.140 | Opp label coverage: 0.84
Step 127386/5000000 | Win rate (rollout): 0.71 | Loss: 0.162 | Opp label coverage: 0.92
Step 127898/5000000 | Win rate (rollout): 0.36 | Loss: 0.193 | Opp label coverage: 0.83
Step 128410/5000000 | Win rate (rollout): 0.40 | Loss: 0.201 | Opp label coverage: 0.90
Step 128922/5000000 | Win rate (rollout): 0.44 | Loss: 0.165 | Opp label coverage: 0.80
Step 129437/5000000 | Win rate (rollout): 0.57 | Loss: 0.212 | Opp label coverage: 0.91
Step 129949/5000000 | Win rate (rollout): 0.33 | Loss: 0.174 | Opp label coverage: 0.77
Step 130461/5000000 | Win rate (rollout): 0.33 | Loss: 0.189 | Opp label coverage: 0.80
Step 130973/5000000 | Win rate (rollout): 0.41 | Loss: 0.174 | Opp label coverage: 0.84
Step 131485/5000000 | Win rate (rollout): 0.62 | Loss: 0.160 | Opp label coverage: 0.78
Step 131997/5000000 | Win rate (rollout): 0.42 | Loss: 0.175 | Opp label coverage: 0.81
Step 132516/5000000 | Win rate (rollout): 0.50 | Loss: 0.171 | Opp label coverage: 0.91
Step 133035/5000000 | Win rate (rollout): 0.57 | Loss: 0.162 | Opp label coverage: 0.89
Step 133550/5000000 | Win rate (rollout): 0.45 | Loss: 0.140 | Opp label coverage: 0.90
Step 134065/5000000 | Win rate (rollout): 0.57 | Loss: 0.135 | Opp label coverage: 0.88
Step 134577/5000000 | Win rate (rollout): 0.29 | Loss: 0.151 | Opp label coverage: 0.83
Step 135091/5000000 | Win rate (rollout): 0.71 | Loss: 0.208 | Opp label coverage: 0.91
Step 135608/5000000 | Win rate (rollout): 0.80 | Loss: 0.146 | Opp label coverage: 0.91
Step 136120/5000000 | Win rate (rollout): 0.46 | Loss: 0.179 | Opp label coverage: 0.90
Step 136635/5000000 | Win rate (rollout): 0.38 | Loss: 0.163 | Opp label coverage: 0.90
Step 137147/5000000 | Win rate (rollout): 0.50 | Loss: 0.190 | Opp label coverage: 0.84
Step 137663/5000000 | Win rate (rollout): 0.67 | Loss: 0.179 | Opp label coverage: 0.89
Step 138180/5000000 | Win rate (rollout): 0.08 | Loss: 0.136 | Opp label coverage: 0.89
Step 138692/5000000 | Win rate (rollout): 0.15 | Loss: 0.174 | Opp label coverage: 0.83
Step 139206/5000000 | Win rate (rollout): 0.38 | Loss: 0.108 | Opp label coverage: 0.90
Step 139718/5000000 | Win rate (rollout): 0.18 | Loss: 0.154 | Opp label coverage: 0.83
Step 140233/5000000 | Win rate (rollout): 0.57 | Loss: 0.122 | Opp label coverage: 0.89
Step 140747/5000000 | Win rate (rollout): 0.62 | Loss: 0.185 | Opp label coverage: 0.90
Step 141261/5000000 | Win rate (rollout): 0.56 | Loss: 0.165 | Opp label coverage: 0.90
Step 141780/5000000 | Win rate (rollout): 0.58 | Loss: 0.184 | Opp label coverage: 0.92
Step 142292/5000000 | Win rate (rollout): 0.55 | Loss: 0.186 | Opp label coverage: 0.91
Step 142807/5000000 | Win rate (rollout): 0.33 | Loss: 0.188 | Opp label coverage: 0.90
Step 143319/5000000 | Win rate (rollout): 0.22 | Loss: 0.147 | Opp label coverage: 0.78
Step 143831/5000000 | Win rate (rollout): 0.25 | Loss: 0.196 | Opp label coverage: 0.80
Step 144343/5000000 | Win rate (rollout): 0.57 | Loss: 0.159 | Opp label coverage: 0.92
Step 144855/5000000 | Win rate (rollout): 0.64 | Loss: 0.198 | Opp label coverage: 0.84
Step 145372/5000000 | Win rate (rollout): 0.50 | Loss: 0.181 | Opp label coverage: 0.90
Step 145888/5000000 | Win rate (rollout): 0.75 | Loss: 0.180 | Opp label coverage: 0.93
Step 146400/5000000 | Win rate (rollout): 0.44 | Loss: 0.146 | Opp label coverage: 0.83
Step 146916/5000000 | Win rate (rollout): 0.57 | Loss: 0.101 | Opp label coverage: 0.92
Step 147428/5000000 | Win rate (rollout): 0.57 | Loss: 0.154 | Opp label coverage: 0.81
Step 147940/5000000 | Win rate (rollout): 0.25 | Loss: 0.170 | Opp label coverage: 0.81
Step 148457/5000000 | Win rate (rollout): 0.90 | Loss: 0.148 | Opp label coverage: 0.91
Step 148972/5000000 | Win rate (rollout): 0.58 | Loss: 0.190 | Opp label coverage: 0.88
Step 149485/5000000 | Win rate (rollout): 0.50 | Loss: 0.172 | Opp label coverage: 0.93
Step 149997/5000000 | Win rate (rollout): 0.43 | Loss: 0.187 | Opp label coverage: 0.81
[checkpoint] Saved /Users/laithassaf/Documents/Programs/Archived/pokemon-showdown/models/ppo/checkpoints/opp/ppo_step_150021.pt
Step 150515/5000000 | Win rate (rollout): 0.56 | Loss: 0.165 | Opp label coverage: 0.91
Step 151027/5000000 | Win rate (rollout): 0.29 | Loss: 0.182 | Opp label coverage: 0.84
Step 151539/5000000 | Win rate (rollout): 0.56 | Loss: 0.128 | Opp label coverage: 0.91
Step 152051/5000000 | Win rate (rollout): 0.18 | Loss: 0.191 | Opp label coverage: 0.85
Step 152568/5000000 | Win rate (rollout): 0.89 | Loss: 0.118 | Opp label coverage: 0.91
Step 153080/5000000 | Win rate (rollout): 0.27 | Loss: 0.167 | Opp label coverage: 0.83
Step 153596/5000000 | Win rate (rollout): 0.38 | Loss: 0.203 | Opp label coverage: 0.91
Step 154108/5000000 | Win rate (rollout): 0.36 | Loss: 0.159 | Opp label coverage: 0.83
Step 154620/5000000 | Win rate (rollout): 0.47 | Loss: 0.180 | Opp label coverage: 0.86
Step 155132/5000000 | Win rate (rollout): 0.35 | Loss: 0.175 | Opp label coverage: 0.82
Step 155644/5000000 | Win rate (rollout): 0.42 | Loss: 0.166 | Opp label coverage: 0.82
Step 156160/5000000 | Win rate (rollout): 0.62 | Loss: 0.209 | Opp label coverage: 0.91
Step 156678/5000000 | Win rate (rollout): 1.00 | Loss: 0.166 | Opp label coverage: 0.94
Step 157190/5000000 | Win rate (rollout): 0.45 | Loss: 0.173 | Opp label coverage: 0.80
Step 157708/5000000 | Win rate (rollout): 0.45 | Loss: 0.195 | Opp label coverage: 0.89
Step 158226/5000000 | Win rate (rollout): 0.83 | Loss: 0.148 | Opp label coverage: 0.90
Step 158738/5000000 | Win rate (rollout): 0.33 | Loss: 0.182 | Opp label coverage: 0.79
Step 159250/5000000 | Win rate (rollout): 0.22 | Loss: 0.162 | Opp label coverage: 0.85
Step 159767/5000000 | Win rate (rollout): 0.50 | Loss: 0.170 | Opp label coverage: 0.88
Step 160284/5000000 | Win rate (rollout): 0.58 | Loss: 0.140 | Opp label coverage: 0.90
Step 160800/5000000 | Win rate (rollout): 0.43 | Loss: 0.176 | Opp label coverage: 0.90
Step 161312/5000000 | Win rate (rollout): 0.22 | Loss: 0.153 | Opp label coverage: 0.80
Step 161830/5000000 | Win rate (rollout): 0.36 | Loss: 0.172 | Opp label coverage: 0.89
Step 162347/5000000 | Win rate (rollout): 0.50 | Loss: 0.176 | Opp label coverage: 0.91
Step 162859/5000000 | Win rate (rollout): 0.25 | Loss: 0.157 | Opp label coverage: 0.85
Step 163377/5000000 | Win rate (rollout): 0.30 | Loss: 0.163 | Opp label coverage: 0.89
Step 163889/5000000 | Win rate (rollout): 0.31 | Loss: 0.176 | Opp label coverage: 0.84
Step 164407/5000000 | Win rate (rollout): 0.67 | Loss: 0.137 | Opp label coverage: 0.92
Step 164920/5000000 | Win rate (rollout): 0.71 | Loss: 0.208 | Opp label coverage: 0.90
Step 165432/5000000 | Win rate (rollout): 0.44 | Loss: 0.170 | Opp label coverage: 0.86
Step 165947/5000000 | Win rate (rollout): 0.36 | Loss: 0.202 | Opp label coverage: 0.87
Step 166464/5000000 | Win rate (rollout): 0.62 | Loss: 0.156 | Opp label coverage: 0.91
Step 166980/5000000 | Win rate (rollout): 0.67 | Loss: 0.155 | Opp label coverage: 0.91
Step 167495/5000000 | Win rate (rollout): 0.44 | Loss: 0.193 | Opp label coverage: 0.89
Step 168007/5000000 | Win rate (rollout): 0.29 | Loss: 0.191 | Opp label coverage: 0.84
Step 168519/5000000 | Win rate (rollout): 0.23 | Loss: 0.154 | Opp label coverage: 0.87
Step 169036/5000000 | Win rate (rollout): 0.50 | Loss: 0.119 | Opp label coverage: 0.90
Step 169554/5000000 | Win rate (rollout): 0.50 | Loss: 0.167 | Opp label coverage: 0.89
Step 170066/5000000 | Win rate (rollout): 0.31 | Loss: 0.155 | Opp label coverage: 0.78
Step 170578/5000000 | Win rate (rollout): 0.31 | Loss: 0.160 | Opp label coverage: 0.79
Step 171090/5000000 | Win rate (rollout): 0.31 | Loss: 0.175 | Opp label coverage: 0.84
Step 171607/5000000 | Win rate (rollout): 0.40 | Loss: 0.215 | Opp label coverage: 0.90
Step 172119/5000000 | Win rate (rollout): 0.75 | Loss: 0.187 | Opp label coverage: 0.83
Step 172631/5000000 | Win rate (rollout): 0.50 | Loss: 0.160 | Opp label coverage: 0.84
Step 173143/5000000 | Win rate (rollout): 0.29 | Loss: 0.187 | Opp label coverage: 0.84
Step 173655/5000000 | Win rate (rollout): 0.20 | Loss: 0.165 | Opp label coverage: 0.86
Step 174168/5000000 | Win rate (rollout): 0.44 | Loss: 0.252 | Opp label coverage: 0.90
Step 174681/5000000 | Win rate (rollout): 0.80 | Loss: 0.125 | Opp label coverage: 0.92
[checkpoint] Saved /Users/laithassaf/Documents/Programs/Archived/pokemon-showdown/models/ppo/checkpoints/opp/ppo_step_175027.pt
Step 175196/5000000 | Win rate (rollout): 0.33 | Loss: 0.127 | Opp label coverage: 0.92
Step 175712/5000000 | Win rate (rollout): 0.21 | Loss: 0.140 | Opp label coverage: 0.90
Step 176224/5000000 | Win rate (rollout): 0.31 | Loss: 0.178 | Opp label coverage: 0.83
Step 176736/5000000 | Win rate (rollout): 0.50 | Loss: 0.206 | Opp label coverage: 0.79
Step 177248/5000000 | Win rate (rollout): 0.38 | Loss: 0.164 | Opp label coverage: 0.86
Step 177765/5000000 | Win rate (rollout): 0.33 | Loss: 0.182 | Opp label coverage: 0.90
Step 178277/5000000 | Win rate (rollout): 0.80 | Loss: 0.160 | Opp label coverage: 0.85
Step 178789/5000000 | Win rate (rollout): 0.44 | Loss: 0.161 | Opp label coverage: 0.76
Step 179301/5000000 | Win rate (rollout): 0.35 | Loss: 0.164 | Opp label coverage: 0.80
Step 179813/5000000 | Win rate (rollout): 0.38 | Loss: 0.189 | Opp label coverage: 0.87
Step 180328/5000000 | Win rate (rollout): 0.40 | Loss: 0.134 | Opp label coverage: 0.89
Step 180840/5000000 | Win rate (rollout): 0.17 | Loss: 0.164 | Opp label coverage: 0.84
Step 181355/5000000 | Win rate (rollout): 0.29 | Loss: 0.117 | Opp label coverage: 0.90
Step 181867/5000000 | Win rate (rollout): 0.38 | Loss: 0.170 | Opp label coverage: 0.80
Step 182385/5000000 | Win rate (rollout): 0.50 | Loss: 0.142 | Opp label coverage: 0.91
Step 182904/5000000 | Win rate (rollout): 0.50 | Loss: 0.157 | Opp label coverage: 0.91
Step 183416/5000000 | Win rate (rollout): 0.33 | Loss: 0.169 | Opp label coverage: 0.81
Step 183928/5000000 | Win rate (rollout): 0.50 | Loss: 0.152 | Opp label coverage: 0.79
Step 184440/5000000 | Win rate (rollout): 0.28 | Loss: 0.204 | Opp label coverage: 0.81
Step 184956/5000000 | Win rate (rollout): 0.60 | Loss: 0.092 | Opp label coverage: 0.90
Step 185468/5000000 | Win rate (rollout): 0.38 | Loss: 0.159 | Opp label coverage: 0.87
Step 185980/5000000 | Win rate (rollout): 0.31 | Loss: 0.177 | Opp label coverage: 0.83
Step 186494/5000000 | Win rate (rollout): 0.22 | Loss: 0.154 | Opp label coverage: 0.89
Step 187007/5000000 | Win rate (rollout): 0.31 | Loss: 0.159 | Opp label coverage: 0.89
Step 187519/5000000 | Win rate (rollout): 0.56 | Loss: 0.161 | Opp label coverage: 0.84
Step 188035/5000000 | Win rate (rollout): 0.25 | Loss: 0.137 | Opp label coverage: 0.88
Step 188548/5000000 | Win rate (rollout): 0.64 | Loss: 0.145 | Opp label coverage: 0.90
Step 189060/5000000 | Win rate (rollout): 0.42 | Loss: 0.155 | Opp label coverage: 0.79
Step 189578/5000000 | Win rate (rollout): 0.67 | Loss: 0.152 | Opp label coverage: 0.89
Step 190090/5000000 | Win rate (rollout): 0.00 | Loss: 0.137 | Opp label coverage: 0.84
Step 190603/5000000 | Win rate (rollout): 0.45 | Loss: 0.224 | Opp label coverage: 0.89
Step 191115/5000000 | Win rate (rollout): 0.23 | Loss: 0.166 | Opp label coverage: 0.82
Step 191627/5000000 | Win rate (rollout): 0.43 | Loss: 0.131 | Opp label coverage: 0.81
Step 192139/5000000 | Win rate (rollout): 0.46 | Loss: 0.172 | Opp label coverage: 0.81
Step 192655/5000000 | Win rate (rollout): 0.43 | Loss: 0.172 | Opp label coverage: 0.92
Step 193167/5000000 | Win rate (rollout): 0.17 | Loss: 0.181 | Opp label coverage: 0.82
Step 193679/5000000 | Win rate (rollout): 0.44 | Loss: 0.175 | Opp label coverage: 0.81
Step 194191/5000000 | Win rate (rollout): 0.22 | Loss: 0.180 | Opp label coverage: 0.84
Step 194703/5000000 | Win rate (rollout): 0.23 | Loss: 0.172 | Opp label coverage: 0.84
Step 195215/5000000 | Win rate (rollout): 0.27 | Loss: 0.175 | Opp label coverage: 0.83
Step 195727/5000000 | Win rate (rollout): 0.58 | Loss: 0.175 | Opp label coverage: 0.90
Step 196243/5000000 | Win rate (rollout): 0.33 | Loss: 0.168 | Opp label coverage: 0.89
Step 196755/5000000 | Win rate (rollout): 0.50 | Loss: 0.154 | Opp label coverage: 0.80
Step 197267/5000000 | Win rate (rollout): 0.56 | Loss: 0.161 | Opp label coverage: 0.89
Step 197779/5000000 | Win rate (rollout): 0.89 | Loss: 0.173 | Opp label coverage: 0.81
Step 198291/5000000 | Win rate (rollout): 0.08 | Loss: 0.178 | Opp label coverage: 0.85
Step 198803/5000000 | Win rate (rollout): 0.22 | Loss: 0.151 | Opp label coverage: 0.80
Step 199322/5000000 | Win rate (rollout): 0.83 | Loss: 0.151 | Opp label coverage: 0.92
Step 199834/5000000 | Win rate (rollout): 0.43 | Loss: 0.172 | Opp label coverage: 0.82
[checkpoint] Saved /Users/laithassaf/Documents/Programs/Archived/pokemon-showdown/models/ppo/checkpoints/opp/ppo_step_200034.pt
Step 200346/5000000 | Win rate (rollout): 0.08 | Loss: 0.132 | Opp label coverage: 0.85
Step 200862/5000000 | Win rate (rollout): 0.62 | Loss: 0.161 | Opp label coverage: 0.91
Step 201378/5000000 | Win rate (rollout): 0.62 | Loss: 0.226 | Opp label coverage: 0.91
Step 201893/5000000 | Win rate (rollout): 0.15 | Loss: 0.142 | Opp label coverage: 0.87
Step 202411/5000000 | Win rate (rollout): 0.45 | Loss: 0.183 | Opp label coverage: 0.90
Step 202923/5000000 | Win rate (rollout): 0.44 | Loss: 0.142 | Opp label coverage: 0.83
Step 203438/5000000 | Win rate (rollout): 0.57 | Loss: 0.156 | Opp label coverage: 0.90
Step 203950/5000000 | Win rate (rollout): 0.25 | Loss: 0.169 | Opp label coverage: 0.92
Step 204463/5000000 | Win rate (rollout): 0.33 | Loss: 0.173 | Opp label coverage: 0.92
Step 204975/5000000 | Win rate (rollout): 0.36 | Loss: 0.178 | Opp label coverage: 0.83
Step 205487/5000000 | Win rate (rollout): 0.12 | Loss: 0.181 | Opp label coverage: 0.83
Step 205999/5000000 | Win rate (rollout): 0.33 | Loss: 0.175 | Opp label coverage: 0.87
Step 206511/5000000 | Win rate (rollout): 0.45 | Loss: 0.175 | Opp label coverage: 0.78
Step 207026/5000000 | Win rate (rollout): 0.78 | Loss: 0.166 | Opp label coverage: 0.90
Step 207538/5000000 | Win rate (rollout): 0.38 | Loss: 0.165 | Opp label coverage: 0.83
Step 208056/5000000 | Win rate (rollout): 0.71 | Loss: 0.167 | Opp label coverage: 0.89
Step 208574/5000000 | Win rate (rollout): 0.47 | Loss: 0.155 | Opp label coverage: 0.89
Step 209086/5000000 | Win rate (rollout): 0.30 | Loss: 0.190 | Opp label coverage: 0.89
Step 209598/5000000 | Win rate (rollout): 0.22 | Loss: 0.153 | Opp label coverage: 0.82
Step 210110/5000000 | Win rate (rollout): 0.21 | Loss: 0.152 | Opp label coverage: 0.79
Step 210622/5000000 | Win rate (rollout): 0.64 | Loss: 0.183 | Opp label coverage: 0.83
Step 211139/5000000 | Win rate (rollout): 0.67 | Loss: 0.097 | Opp label coverage: 0.93
Step 211651/5000000 | Win rate (rollout): 0.20 | Loss: 0.205 | Opp label coverage: 0.79
Step 212170/5000000 | Win rate (rollout): 0.75 | Loss: 0.192 | Opp label coverage: 0.92
Step 212684/5000000 | Win rate (rollout): 0.67 | Loss: 0.095 | Opp label coverage: 0.92
Step 213196/5000000 | Win rate (rollout): 0.38 | Loss: 0.201 | Opp label coverage: 0.84
Step 213708/5000000 | Win rate (rollout): 0.36 | Loss: 0.136 | Opp label coverage: 0.82
Step 214220/5000000 | Win rate (rollout): 0.62 | Loss: 0.199 | Opp label coverage: 0.82
Step 214732/5000000 | Win rate (rollout): 0.45 | Loss: 0.182 | Opp label coverage: 0.88
Step 215244/5000000 | Win rate (rollout): 0.29 | Loss: 0.166 | Opp label coverage: 0.83
Step 215760/5000000 | Win rate (rollout): 0.44 | Loss: 0.174 | Opp label coverage: 0.88
Step 216276/5000000 | Win rate (rollout): 0.57 | Loss: 0.076 | Opp label coverage: 0.90
Step 216789/5000000 | Win rate (rollout): 0.67 | Loss: 0.064 | Opp label coverage: 0.90
Step 217307/5000000 | Win rate (rollout): 0.43 | Loss: 0.109 | Opp label coverage: 0.91
Step 217824/5000000 | Win rate (rollout): 0.55 | Loss: 0.115 | Opp label coverage: 0.91
Step 218336/5000000 | Win rate (rollout): 0.27 | Loss: 0.188 | Opp label coverage: 0.84
Step 218848/5000000 | Win rate (rollout): 0.21 | Loss: 0.192 | Opp label coverage: 0.84
Step 219360/5000000 | Win rate (rollout): 0.50 | Loss: 0.182 | Opp label coverage: 0.82
Step 219878/5000000 | Win rate (rollout): 0.75 | Loss: 0.178 | Opp label coverage: 0.91
Step 220396/5000000 | Win rate (rollout): 0.73 | Loss: 0.172 | Opp label coverage: 0.91
Step 220908/5000000 | Win rate (rollout): 0.12 | Loss: 0.187 | Opp label coverage: 0.86
Step 221424/5000000 | Win rate (rollout): 0.50 | Loss: 0.146 | Opp label coverage: 0.89
Step 221936/5000000 | Win rate (rollout): 0.56 | Loss: 0.170 | Opp label coverage: 0.82
Step 222449/5000000 | Win rate (rollout): 0.50 | Loss: 0.133 | Opp label coverage: 0.90
Step 222963/5000000 | Win rate (rollout): 0.54 | Loss: 0.148 | Opp label coverage: 0.89
Step 223475/5000000 | Win rate (rollout): 0.45 | Loss: 0.173 | Opp label coverage: 0.81
Step 223989/5000000 | Win rate (rollout): 0.70 | Loss: 0.196 | Opp label coverage: 0.92
Step 224503/5000000 | Win rate (rollout): 0.45 | Loss: 0.172 | Opp label coverage: 0.89
Step 225015/5000000 | Win rate (rollout): 0.67 | Loss: 0.177 | Opp label coverage: 0.88
[checkpoint] Saved /Users/laithassaf/Documents/Programs/Archived/pokemon-showdown/models/ppo/checkpoints/opp/ppo_step_225039.pt
Step 225531/5000000 | Win rate (rollout): 0.44 | Loss: 0.140 | Opp label coverage: 0.89
Step 226048/5000000 | Win rate (rollout): 0.44 | Loss: 0.166 | Opp label coverage: 0.89
Step 226560/5000000 | Win rate (rollout): 0.57 | Loss: 0.146 | Opp label coverage: 0.83
Step 227072/5000000 | Win rate (rollout): 0.30 | Loss: 0.156 | Opp label coverage: 0.81
Step 227584/5000000 | Win rate (rollout): 0.47 | Loss: 0.204 | Opp label coverage: 0.83
Step 228096/5000000 | Win rate (rollout): 0.62 | Loss: 0.180 | Opp label coverage: 0.81
Step 228608/5000000 | Win rate (rollout): 0.12 | Loss: 0.128 | Opp label coverage: 0.77
Step 229122/5000000 | Win rate (rollout): 0.88 | Loss: 0.145 | Opp label coverage: 0.90
Step 229641/5000000 | Win rate (rollout): 0.64 | Loss: 0.157 | Opp label coverage: 0.91
Step 230153/5000000 | Win rate (rollout): 0.38 | Loss: 0.153 | Opp label coverage: 0.80
Step 230665/5000000 | Win rate (rollout): 0.15 | Loss: 0.159 | Opp label coverage: 0.83
Step 231182/5000000 | Win rate (rollout): 0.88 | Loss: 0.198 | Opp label coverage: 0.91
Step 231694/5000000 | Win rate (rollout): 0.10 | Loss: 0.155 | Opp label coverage: 0.85
Step 232206/5000000 | Win rate (rollout): 0.59 | Loss: 0.217 | Opp label coverage: 0.84
Step 232724/5000000 | Win rate (rollout): 0.33 | Loss: 0.151 | Opp label coverage: 0.88
Step 233236/5000000 | Win rate (rollout): 0.33 | Loss: 0.159 | Opp label coverage: 0.91
Step 233750/5000000 | Win rate (rollout): 0.54 | Loss: 0.159 | Opp label coverage: 0.92
Step 234262/5000000 | Win rate (rollout): 0.46 | Loss: 0.173 | Opp label coverage: 0.85
Step 234774/5000000 | Win rate (rollout): 0.21 | Loss: 0.197 | Opp label coverage: 0.87
Step 235286/5000000 | Win rate (rollout): 0.30 | Loss: 0.148 | Opp label coverage: 0.85
Step 235798/5000000 | Win rate (rollout): 0.33 | Loss: 0.191 | Opp label coverage: 0.85
Step 236310/5000000 | Win rate (rollout): 0.42 | Loss: 0.168 | Opp label coverage: 0.81
Step 236822/5000000 | Win rate (rollout): 0.44 | Loss: 0.171 | Opp label coverage: 0.86
Step 237335/5000000 | Win rate (rollout): 0.67 | Loss: 0.199 | Opp label coverage: 0.89
Step 237851/5000000 | Win rate (rollout): 0.31 | Loss: 0.156 | Opp label coverage: 0.90
Step 238363/5000000 | Win rate (rollout): 0.50 | Loss: 0.179 | Opp label coverage: 0.82
Step 238875/5000000 | Win rate (rollout): 0.35 | Loss: 0.178 | Opp label coverage: 0.85
Step 239387/5000000 | Win rate (rollout): 0.62 | Loss: 0.162 | Opp label coverage: 0.78
Step 239900/5000000 | Win rate (rollout): 0.44 | Loss: 0.175 | Opp label coverage: 0.90
Step 240418/5000000 | Win rate (rollout): 0.57 | Loss: 0.148 | Opp label coverage: 0.91
Step 240931/5000000 | Win rate (rollout): 0.62 | Loss: 0.167 | Opp label coverage: 0.89
Step 241443/5000000 | Win rate (rollout): 0.20 | Loss: 0.170 | Opp label coverage: 0.84
Step 241955/5000000 | Win rate (rollout): 0.50 | Loss: 0.144 | Opp label coverage: 0.83
Step 242473/5000000 | Win rate (rollout): 0.70 | Loss: 0.168 | Opp label coverage: 0.91
Step 242985/5000000 | Win rate (rollout): 0.43 | Loss: 0.173 | Opp label coverage: 0.80
Step 243497/5000000 | Win rate (rollout): 0.40 | Loss: 0.176 | Opp label coverage: 0.87
Step 244010/5000000 | Win rate (rollout): 0.45 | Loss: 0.154 | Opp label coverage: 0.89
Step 244522/5000000 | Win rate (rollout): 0.55 | Loss: 0.219 | Opp label coverage: 0.79
Step 245034/5000000 | Win rate (rollout): 0.21 | Loss: 0.211 | Opp label coverage: 0.86
Step 245546/5000000 | Win rate (rollout): 0.33 | Loss: 0.168 | Opp label coverage: 0.82
Step 246058/5000000 | Win rate (rollout): 0.31 | Loss: 0.175 | Opp label coverage: 0.81
Step 246575/5000000 | Win rate (rollout): 0.25 | Loss: 0.137 | Opp label coverage: 0.89
Step 247087/5000000 | Win rate (rollout): 0.50 | Loss: 0.180 | Opp label coverage: 0.79
Step 247602/5000000 | Win rate (rollout): 0.50 | Loss: 0.153 | Opp label coverage: 0.90
Step 248117/5000000 | Win rate (rollout): 0.33 | Loss: 0.185 | Opp label coverage: 0.89
Step 248630/5000000 | Win rate (rollout): 0.38 | Loss: 0.151 | Opp label coverage: 0.88
Step 249143/5000000 | Win rate (rollout): 0.40 | Loss: 0.237 | Opp label coverage: 0.90
Step 249656/5000000 | Win rate (rollout): 0.60 | Loss: 0.157 | Opp label coverage: 0.90
[checkpoint] Saved /Users/laithassaf/Documents/Programs/Archived/pokemon-showdown/models/ppo/checkpoints/opp/ppo_step_250040.pt
Step 250168/5000000 | Win rate (rollout): 0.67 | Loss: 0.156 | Opp label coverage: 0.86
Step 250680/5000000 | Win rate (rollout): 0.40 | Loss: 0.174 | Opp label coverage: 0.88
Step 251192/5000000 | Win rate (rollout): 0.57 | Loss: 0.190 | Opp label coverage: 0.84
Step 251704/5000000 | Win rate (rollout): 0.57 | Loss: 0.175 | Opp label coverage: 0.85
Step 252219/5000000 | Win rate (rollout): 0.50 | Loss: 0.182 | Opp label coverage: 0.90
Step 252731/5000000 | Win rate (rollout): 0.47 | Loss: 0.179 | Opp label coverage: 0.88
Step 253243/5000000 | Win rate (rollout): 0.45 | Loss: 0.171 | Opp label coverage: 0.85
Step 253755/5000000 | Win rate (rollout): 0.33 | Loss: 0.182 | Opp label coverage: 0.84
Step 254267/5000000 | Win rate (rollout): 0.21 | Loss: 0.175 | Opp label coverage: 0.81
Step 254785/5000000 | Win rate (rollout): 0.45 | Loss: 0.164 | Opp label coverage: 0.89
Step 255297/5000000 | Win rate (rollout): 0.17 | Loss: 0.147 | Opp label coverage: 0.81
Step 255813/5000000 | Win rate (rollout): 0.55 | Loss: 0.152 | Opp label coverage: 0.90
Step 256325/5000000 | Win rate (rollout): 0.33 | Loss: 0.180 | Opp label coverage: 0.73
Step 256837/5000000 | Win rate (rollout): 0.31 | Loss: 0.160 | Opp label coverage: 0.82
Step 257353/5000000 | Win rate (rollout): 0.33 | Loss: 0.165 | Opp label coverage: 0.88
Step 257865/5000000 | Win rate (rollout): 0.07 | Loss: 0.152 | Opp label coverage: 0.78
Step 258377/5000000 | Win rate (rollout): 0.50 | Loss: 0.142 | Opp label coverage: 0.91
Step 258889/5000000 | Win rate (rollout): 0.27 | Loss: 0.182 | Opp label coverage: 0.80
Step 259403/5000000 | Win rate (rollout): 0.44 | Loss: 0.115 | Opp label coverage: 0.88
Step 259921/5000000 | Win rate (rollout): 0.36 | Loss: 0.210 | Opp label coverage: 0.89
Step 260434/5000000 | Win rate (rollout): 0.50 | Loss: 0.179 | Opp label coverage: 0.89
Step 260948/5000000 | Win rate (rollout): 0.36 | Loss: 0.141 | Opp label coverage: 0.89
Step 261460/5000000 | Win rate (rollout): 0.20 | Loss: 0.176 | Opp label coverage: 0.85
Step 261973/5000000 | Win rate (rollout): 0.38 | Loss: 0.203 | Opp label coverage: 0.89
Step 262487/5000000 | Win rate (rollout): 0.43 | Loss: 0.192 | Opp label coverage: 0.90
Step 263004/5000000 | Win rate (rollout): 0.69 | Loss: 0.175 | Opp label coverage: 0.91
Step 263521/5000000 | Win rate (rollout): 0.40 | Loss: 0.173 | Opp label coverage: 0.90
Step 264033/5000000 | Win rate (rollout): 0.50 | Loss: 0.167 | Opp label coverage: 0.83
Step 264546/5000000 | Win rate (rollout): 0.56 | Loss: 0.230 | Opp label coverage: 0.89
Step 265058/5000000 | Win rate (rollout): 0.50 | Loss: 0.194 | Opp label coverage: 0.90
Step 265576/5000000 | Win rate (rollout): 0.27 | Loss: 0.166 | Opp label coverage: 0.91
Step 266088/5000000 | Win rate (rollout): 0.67 | Loss: 0.144 | Opp label coverage: 0.88
Step 266600/5000000 | Win rate (rollout): 0.38 | Loss: 0.154 | Opp label coverage: 0.87
Step 267112/5000000 | Win rate (rollout): 0.58 | Loss: 0.186 | Opp label coverage: 0.80
Step 267624/5000000 | Win rate (rollout): 0.58 | Loss: 0.144 | Opp label coverage: 0.80
Step 268136/5000000 | Win rate (rollout): 0.33 | Loss: 0.159 | Opp label coverage: 0.80
Step 268648/5000000 | Win rate (rollout): 0.39 | Loss: 0.179 | Opp label coverage: 0.83
Step 269165/5000000 | Win rate (rollout): 0.82 | Loss: 0.212 | Opp label coverage: 0.88
Step 269684/5000000 | Win rate (rollout): 0.50 | Loss: 0.205 | Opp label coverage: 0.89
Step 270196/5000000 | Win rate (rollout): 0.36 | Loss: 0.182 | Opp label coverage: 0.88
Step 270708/5000000 | Win rate (rollout): 0.42 | Loss: 0.182 | Opp label coverage: 0.83
Step 271220/5000000 | Win rate (rollout): 0.19 | Loss: 0.173 | Opp label coverage: 0.82
Step 271732/5000000 | Win rate (rollout): 0.25 | Loss: 0.179 | Opp label coverage: 0.82
Step 272244/5000000 | Win rate (rollout): 0.64 | Loss: 0.170 | Opp label coverage: 0.85
Step 272756/5000000 | Win rate (rollout): 0.70 | Loss: 0.170 | Opp label coverage: 0.91
Step 273268/5000000 | Win rate (rollout): 0.60 | Loss: 0.146 | Opp label coverage: 0.75
Step 273780/5000000 | Win rate (rollout): 0.54 | Loss: 0.215 | Opp label coverage: 0.84
Step 274292/5000000 | Win rate (rollout): 0.19 | Loss: 0.168 | Opp label coverage: 0.79
Step 274804/5000000 | Win rate (rollout): 0.27 | Loss: 0.170 | Opp label coverage: 0.80
[checkpoint] Saved /Users/laithassaf/Documents/Programs/Archived/pokemon-showdown/models/ppo/checkpoints/opp/ppo_step_275044.pt
Step 275316/5000000 | Win rate (rollout): 0.38 | Loss: 0.184 | Opp label coverage: 0.84
Step 275831/5000000 | Win rate (rollout): 0.64 | Loss: 0.142 | Opp label coverage: 0.89
Step 276343/5000000 | Win rate (rollout): 0.40 | Loss: 0.171 | Opp label coverage: 0.83
Step 276857/5000000 | Win rate (rollout): 0.67 | Loss: 0.183 | Opp label coverage: 0.89
Step 277369/5000000 | Win rate (rollout): 0.17 | Loss: 0.169 | Opp label coverage: 0.82
Step 277881/5000000 | Win rate (rollout): 0.60 | Loss: 0.175 | Opp label coverage: 0.84
Step 278393/5000000 | Win rate (rollout): 0.60 | Loss: 0.162 | Opp label coverage: 0.77
Step 278905/5000000 | Win rate (rollout): 0.18 | Loss: 0.158 | Opp label coverage: 0.82
Step 279417/5000000 | Win rate (rollout): 0.30 | Loss: 0.195 | Opp label coverage: 0.88
Step 279935/5000000 | Win rate (rollout): 0.54 | Loss: 0.155 | Opp label coverage: 0.90
Step 280450/5000000 | Win rate (rollout): 0.45 | Loss: 0.184 | Opp label coverage: 0.90
Step 280962/5000000 | Win rate (rollout): 0.38 | Loss: 0.155 | Opp label coverage: 0.90
Step 281474/5000000 | Win rate (rollout): 0.73 | Loss: 0.170 | Opp label coverage: 0.90
Step 281990/5000000 | Win rate (rollout): 0.67 | Loss: 0.199 | Opp label coverage: 0.88
Step 282502/5000000 | Win rate (rollout): 0.36 | Loss: 0.182 | Opp label coverage: 0.81
Step 283017/5000000 | Win rate (rollout): 0.33 | Loss: 0.154 | Opp label coverage: 0.89
Step 283529/5000000 | Win rate (rollout): 0.71 | Loss: 0.160 | Opp label coverage: 0.85
Step 284041/5000000 | Win rate (rollout): 0.57 | Loss: 0.180 | Opp label coverage: 0.85
Step 284555/5000000 | Win rate (rollout): 0.44 | Loss: 0.219 | Opp label coverage: 0.90
Step 285071/5000000 | Win rate (rollout): 0.83 | Loss: 0.142 | Opp label coverage: 0.90
Step 285587/5000000 | Win rate (rollout): 0.57 | Loss: 0.177 | Opp label coverage: 0.91
Step 286099/5000000 | Win rate (rollout): 0.29 | Loss: 0.181 | Opp label coverage: 0.85
Step 286615/5000000 | Win rate (rollout): 0.62 | Loss: 0.130 | Opp label coverage: 0.90
Step 287131/5000000 | Win rate (rollout): 0.60 | Loss: 0.111 | Opp label coverage: 0.87
Step 287643/5000000 | Win rate (rollout): 0.54 | Loss: 0.174 | Opp label coverage: 0.79
Step 288160/5000000 | Win rate (rollout): 0.56 | Loss: 0.194 | Opp label coverage: 0.89
Step 288676/5000000 | Win rate (rollout): 0.33 | Loss: 0.180 | Opp label coverage: 0.90
Step 289189/5000000 | Win rate (rollout): 0.33 | Loss: 0.197 | Opp label coverage: 0.88
Step 289701/5000000 | Win rate (rollout): 0.57 | Loss: 0.186 | Opp label coverage: 0.81
Step 290218/5000000 | Win rate (rollout): 0.44 | Loss: 0.158 | Opp label coverage: 0.90
Step 290732/5000000 | Win rate (rollout): 0.71 | Loss: 0.210 | Opp label coverage: 0.88
Step 291248/5000000 | Win rate (rollout): 0.57 | Loss: 0.180 | Opp label coverage: 0.89
Step 291760/5000000 | Win rate (rollout): 0.33 | Loss: 0.154 | Opp label coverage: 0.86
Step 292272/5000000 | Win rate (rollout): 0.50 | Loss: 0.198 | Opp label coverage: 0.82
Step 292784/5000000 | Win rate (rollout): 0.31 | Loss: 0.167 | Opp label coverage: 0.83
Step 293296/5000000 | Win rate (rollout): 0.39 | Loss: 0.183 | Opp label coverage: 0.80
Step 293812/5000000 | Win rate (rollout): 0.29 | Loss: 0.204 | Opp label coverage: 0.88
Step 294324/5000000 | Win rate (rollout): 0.50 | Loss: 0.167 | Opp label coverage: 0.83
Step 294839/5000000 | Win rate (rollout): 0.50 | Loss: 0.137 | Opp label coverage: 0.89
Step 295353/5000000 | Win rate (rollout): 0.36 | Loss: 0.129 | Opp label coverage: 0.90
Step 295869/5000000 | Win rate (rollout): 0.80 | Loss: 0.113 | Opp label coverage: 0.94
Step 296381/5000000 | Win rate (rollout): 0.33 | Loss: 0.206 | Opp label coverage: 0.85
Step 296893/5000000 | Win rate (rollout): 0.56 | Loss: 0.190 | Opp label coverage: 0.79
Step 297406/5000000 | Win rate (rollout): 0.30 | Loss: 0.180 | Opp label coverage: 0.89
Step 297918/5000000 | Win rate (rollout): 0.78 | Loss: 0.141 | Opp label coverage: 0.85
Step 298434/5000000 | Win rate (rollout): 0.38 | Loss: 0.128 | Opp label coverage: 0.91
Step 298947/5000000 | Win rate (rollout): 0.46 | Loss: 0.113 | Opp label coverage: 0.89
Step 299459/5000000 | Win rate (rollout): 0.75 | Loss: 0.143 | Opp label coverage: 0.82
Step 299974/5000000 | Win rate (rollout): 0.00 | Loss: 0.182 | Opp label coverage: 0.90
[checkpoint] Saved /Users/laithassaf/Documents/Programs/Archived/pokemon-showdown/models/ppo/checkpoints/opp/ppo_step_300046.pt
Step 300491/5000000 | Win rate (rollout): 0.62 | Loss: 0.178 | Opp label coverage: 0.91
Step 301007/5000000 | Win rate (rollout): 0.58 | Loss: 0.129 | Opp label coverage: 0.90
Step 301526/5000000 | Win rate (rollout): 0.40 | Loss: 0.140 | Opp label coverage: 0.90
Step 302042/5000000 | Win rate (rollout): 0.38 | Loss: 0.119 | Opp label coverage: 0.89
Step 302554/5000000 | Win rate (rollout): 0.12 | Loss: 0.141 | Opp label coverage: 0.83
Step 303066/5000000 | Win rate (rollout): 0.23 | Loss: 0.167 | Opp label coverage: 0.86
Step 303578/5000000 | Win rate (rollout): 0.71 | Loss: 0.162 | Opp label coverage: 0.84
Step 304094/5000000 | Win rate (rollout): 0.50 | Loss: 0.198 | Opp label coverage: 0.89
Step 304606/5000000 | Win rate (rollout): 0.58 | Loss: 0.169 | Opp label coverage: 0.87
Step 305118/5000000 | Win rate (rollout): 0.55 | Loss: 0.159 | Opp label coverage: 0.85
Step 305637/5000000 | Win rate (rollout): 0.56 | Loss: 0.186 | Opp label coverage: 0.91
Step 306153/5000000 | Win rate (rollout): 0.71 | Loss: 0.081 | Opp label coverage: 0.92
Step 306665/5000000 | Win rate (rollout): 0.46 | Loss: 0.160 | Opp label coverage: 0.92
Step 307180/5000000 | Win rate (rollout): 0.62 | Loss: 0.175 | Opp label coverage: 0.91
Step 307694/5000000 | Win rate (rollout): 0.47 | Loss: 0.118 | Opp label coverage: 0.88
Step 308206/5000000 | Win rate (rollout): 0.71 | Loss: 0.155 | Opp label coverage: 0.82
Step 308718/5000000 | Win rate (rollout): 0.27 | Loss: 0.203 | Opp label coverage: 0.84
Step 309230/5000000 | Win rate (rollout): 0.33 | Loss: 0.176 | Opp label coverage: 0.74
Step 309742/5000000 | Win rate (rollout): 0.35 | Loss: 0.187 | Opp label coverage: 0.81
Step 310254/5000000 | Win rate (rollout): 0.57 | Loss: 0.180 | Opp label coverage: 0.77
Step 310766/5000000 | Win rate (rollout): 0.40 | Loss: 0.145 | Opp label coverage: 0.89
Step 311278/5000000 | Win rate (rollout): 0.43 | Loss: 0.160 | Opp label coverage: 0.85
Step 311790/5000000 | Win rate (rollout): 0.70 | Loss: 0.153 | Opp label coverage: 0.77
Step 312306/5000000 | Win rate (rollout): 0.89 | Loss: 0.102 | Opp label coverage: 0.90
Step 312820/5000000 | Win rate (rollout): 0.50 | Loss: 0.134 | Opp label coverage: 0.90
Step 313337/5000000 | Win rate (rollout): 0.50 | Loss: 0.200 | Opp label coverage: 0.87
Step 313849/5000000 | Win rate (rollout): 0.50 | Loss: 0.175 | Opp label coverage: 0.85
Step 314362/5000000 | Win rate (rollout): 0.70 | Loss: 0.147 | Opp label coverage: 0.88
Step 314880/5000000 | Win rate (rollout): 0.43 | Loss: 0.197 | Opp label coverage: 0.90
Step 315398/5000000 | Win rate (rollout): 0.33 | Loss: 0.127 | Opp label coverage: 0.92
Step 315910/5000000 | Win rate (rollout): 0.25 | Loss: 0.154 | Opp label coverage: 0.91
Step 316423/5000000 | Win rate (rollout): 0.70 | Loss: 0.093 | Opp label coverage: 0.90
Step 316935/5000000 | Win rate (rollout): 0.17 | Loss: 0.151 | Opp label coverage: 0.83
Step 317447/5000000 | Win rate (rollout): 0.50 | Loss: 0.154 | Opp label coverage: 0.90
Step 317959/5000000 | Win rate (rollout): 0.50 | Loss: 0.142 | Opp label coverage: 0.81
Step 318473/5000000 | Win rate (rollout): 0.88 | Loss: 0.215 | Opp label coverage: 0.89
Step 318985/5000000 | Win rate (rollout): 0.50 | Loss: 0.190 | Opp label coverage: 0.85
Step 319497/5000000 | Win rate (rollout): 0.46 | Loss: 0.160 | Opp label coverage: 0.81
Step 320009/5000000 | Win rate (rollout): 0.41 | Loss: 0.190 | Opp label coverage: 0.84
Step 320524/5000000 | Win rate (rollout): 0.60 | Loss: 0.171 | Opp label coverage: 0.91
Step 321036/5000000 | Win rate (rollout): 0.36 | Loss: 0.163 | Opp label coverage: 0.81
Step 321549/5000000 | Win rate (rollout): 0.67 | Loss: 0.136 | Opp label coverage: 0.90
Step 322063/5000000 | Win rate (rollout): 0.50 | Loss: 0.212 | Opp label coverage: 0.90
Step 322575/5000000 | Win rate (rollout): 0.50 | Loss: 0.151 | Opp label coverage: 0.87
Step 323087/5000000 | Win rate (rollout): 0.43 | Loss: 0.143 | Opp label coverage: 0.83
Step 323599/5000000 | Win rate (rollout): 0.33 | Loss: 0.159 | Opp label coverage: 0.80
Step 324114/5000000 | Win rate (rollout): 0.56 | Loss: 0.163 | Opp label coverage: 0.88
Step 324631/5000000 | Win rate (rollout): 0.33 | Loss: 0.144 | Opp label coverage: 0.92
[checkpoint] Saved /Users/laithassaf/Documents/Programs/Archived/pokemon-showdown/models/ppo/checkpoints/opp/ppo_step_325047.pt
Step 325143/5000000 | Win rate (rollout): 0.67 | Loss: 0.171 | Opp label coverage: 0.86
Step 325661/5000000 | Win rate (rollout): 0.25 | Loss: 0.158 | Opp label coverage: 0.90
Step 326173/5000000 | Win rate (rollout): 0.56 | Loss: 0.189 | Opp label coverage: 0.87
Step 326685/5000000 | Win rate (rollout): 0.45 | Loss: 0.160 | Opp label coverage: 0.83
Step 327198/5000000 | Win rate (rollout): 0.56 | Loss: 0.202 | Opp label coverage: 0.89
Step 327713/5000000 | Win rate (rollout): 0.40 | Loss: 0.115 | Opp label coverage: 0.88
Step 328225/5000000 | Win rate (rollout): 0.36 | Loss: 0.193 | Opp label coverage: 0.86
Step 328737/5000000 | Win rate (rollout): 0.57 | Loss: 0.143 | Opp label coverage: 0.91
Step 329249/5000000 | Win rate (rollout): 0.36 | Loss: 0.176 | Opp label coverage: 0.81
Step 329767/5000000 | Win rate (rollout): 0.27 | Loss: 0.114 | Opp label coverage: 0.89
Step 330279/5000000 | Win rate (rollout): 0.46 | Loss: 0.189 | Opp label coverage: 0.83
Step 330791/5000000 | Win rate (rollout): 0.29 | Loss: 0.190 | Opp label coverage: 0.80
Step 331303/5000000 | Win rate (rollout): 0.50 | Loss: 0.158 | Opp label coverage: 0.79
Step 331815/5000000 | Win rate (rollout): 1.00 | Loss: 0.156 | Opp label coverage: 0.84
Step 332332/5000000 | Win rate (rollout): 0.45 | Loss: 0.105 | Opp label coverage: 0.88
Step 332844/5000000 | Win rate (rollout): 0.60 | Loss: 0.163 | Opp label coverage: 0.91
Step 333356/5000000 | Win rate (rollout): 0.46 | Loss: 0.180 | Opp label coverage: 0.83
Step 333869/5000000 | Win rate (rollout): 0.33 | Loss: 0.187 | Opp label coverage: 0.89
Step 334382/5000000 | Win rate (rollout): 0.64 | Loss: 0.275 | Opp label coverage: 0.90
Step 334900/5000000 | Win rate (rollout): 0.46 | Loss: 0.162 | Opp label coverage: 0.87
Step 335412/5000000 | Win rate (rollout): 0.67 | Loss: 0.168 | Opp label coverage: 0.89
Step 335924/5000000 | Win rate (rollout): 0.40 | Loss: 0.218 | Opp label coverage: 0.84
Step 336440/5000000 | Win rate (rollout): 0.56 | Loss: 0.210 | Opp label coverage: 0.91
Step 336952/5000000 | Win rate (rollout): 0.30 | Loss: 0.213 | Opp label coverage: 0.84
Step 337464/5000000 | Win rate (rollout): 0.38 | Loss: 0.164 | Opp label coverage: 0.82
Step 337976/5000000 | Win rate (rollout): 0.70 | Loss: 0.175 | Opp label coverage: 0.83
Step 338489/5000000 | Win rate (rollout): 0.36 | Loss: 0.222 | Opp label coverage: 0.90
Step 339001/5000000 | Win rate (rollout): 0.67 | Loss: 0.163 | Opp label coverage: 0.85
Step 339519/5000000 | Win rate (rollout): 0.89 | Loss: 0.206 | Opp label coverage: 0.90
Step 340031/5000000 | Win rate (rollout): 0.70 | Loss: 0.170 | Opp label coverage: 0.85
Step 340543/5000000 | Win rate (rollout): 0.25 | Loss: 0.171 | Opp label coverage: 0.82
Step 341058/5000000 | Win rate (rollout): 0.50 | Loss: 0.195 | Opp label coverage: 0.91
Step 341570/5000000 | Win rate (rollout): 0.40 | Loss: 0.169 | Opp label coverage: 0.82
Step 342083/5000000 | Win rate (rollout): 0.45 | Loss: 0.304 | Opp label coverage: 0.89
Step 342598/5000000 | Win rate (rollout): 0.38 | Loss: 0.187 | Opp label coverage: 0.87
Step 343110/5000000 | Win rate (rollout): 0.36 | Loss: 0.171 | Opp label coverage: 0.85
Step 343622/5000000 | Win rate (rollout): 0.19 | Loss: 0.193 | Opp label coverage: 0.83
Step 344136/5000000 | Win rate (rollout): 0.50 | Loss: 0.136 | Opp label coverage: 0.88
Step 344650/5000000 | Win rate (rollout): 0.54 | Loss: 0.110 | Opp label coverage: 0.89
Step 345166/5000000 | Win rate (rollout): 0.35 | Loss: 0.176 | Opp label coverage: 0.87
Step 345680/5000000 | Win rate (rollout): 0.33 | Loss: 0.206 | Opp label coverage: 0.91
Step 346192/5000000 | Win rate (rollout): 0.44 | Loss: 0.171 | Opp label coverage: 0.82
Step 346708/5000000 | Win rate (rollout): 0.18 | Loss: 0.184 | Opp label coverage: 0.88
Step 347220/5000000 | Win rate (rollout): 0.58 | Loss: 0.204 | Opp label coverage: 0.83
Step 347738/5000000 | Win rate (rollout): 0.30 | Loss: 0.133 | Opp label coverage: 0.89
Step 348250/5000000 | Win rate (rollout): 0.44 | Loss: 0.174 | Opp label coverage: 0.87
Step 348764/5000000 | Win rate (rollout): 0.43 | Loss: 0.177 | Opp label coverage: 0.91
Step 349283/5000000 | Win rate (rollout): 0.73 | Loss: 0.122 | Opp label coverage: 0.90
Step 349799/5000000 | Win rate (rollout): 0.33 | Loss: 0.235 | Opp label coverage: 0.89
[checkpoint] Saved /Users/laithassaf/Documents/Programs/Archived/pokemon-showdown/models/ppo/checkpoints/opp/ppo_step_350048.pt
Step 350312/5000000 | Win rate (rollout): 0.64 | Loss: 0.152 | Opp label coverage: 0.90
Step 350826/5000000 | Win rate (rollout): 0.73 | Loss: 0.188 | Opp label coverage: 0.91
Step 351338/5000000 | Win rate (rollout): 0.23 | Loss: 0.168 | Opp label coverage: 0.82
Step 351853/5000000 | Win rate (rollout): 0.70 | Loss: 0.143 | Opp label coverage: 0.89
Step 352371/5000000 | Win rate (rollout): 0.53 | Loss: 0.164 | Opp label coverage: 0.89
Step 352883/5000000 | Win rate (rollout): 0.18 | Loss: 0.155 | Opp label coverage: 0.84
Step 353395/5000000 | Win rate (rollout): 0.36 | Loss: 0.173 | Opp label coverage: 0.80
Step 353911/5000000 | Win rate (rollout): 0.67 | Loss: 0.150 | Opp label coverage: 0.89
Step 354425/5000000 | Win rate (rollout): 0.54 | Loss: 0.158 | Opp label coverage: 0.91
Step 354937/5000000 | Win rate (rollout): 0.25 | Loss: 0.150 | Opp label coverage: 0.82
Step 355449/5000000 | Win rate (rollout): 0.25 | Loss: 0.175 | Opp label coverage: 0.82
Step 355966/5000000 | Win rate (rollout): 0.70 | Loss: 0.133 | Opp label coverage: 0.90
Step 356478/5000000 | Win rate (rollout): 0.62 | Loss: 0.177 | Opp label coverage: 0.84
Step 356990/5000000 | Win rate (rollout): 0.42 | Loss: 0.163 | Opp label coverage: 0.82
Step 357504/5000000 | Win rate (rollout): 0.55 | Loss: 0.165 | Opp label coverage: 0.87
Step 358019/5000000 | Win rate (rollout): 0.50 | Loss: 0.167 | Opp label coverage: 0.92
Step 358533/5000000 | Win rate (rollout): 0.31 | Loss: 0.207 | Opp label coverage: 0.89
Step 359045/5000000 | Win rate (rollout): 0.27 | Loss: 0.160 | Opp label coverage: 0.80
Step 359557/5000000 | Win rate (rollout): 0.44 | Loss: 0.199 | Opp label coverage: 0.85
Step 360069/5000000 | Win rate (rollout): 0.29 | Loss: 0.157 | Opp label coverage: 0.78
Step 360581/5000000 | Win rate (rollout): 0.33 | Loss: 0.192 | Opp label coverage: 0.83
Step 361093/5000000 | Win rate (rollout): 0.20 | Loss: 0.175 | Opp label coverage: 0.75
Step 361605/5000000 | Win rate (rollout): 0.31 | Loss: 0.187 | Opp label coverage: 0.82
Step 362117/5000000 | Win rate (rollout): 0.60 | Loss: 0.152 | Opp label coverage: 0.90
Step 362629/5000000 | Win rate (rollout): 0.29 | Loss: 0.200 | Opp label coverage: 0.85
Step 363141/5000000 | Win rate (rollout): 0.55 | Loss: 0.177 | Opp label coverage: 0.80
Step 363657/5000000 | Win rate (rollout): 0.56 | Loss: 0.177 | Opp label coverage: 0.89
Step 364169/5000000 | Win rate (rollout): 0.67 | Loss: 0.169 | Opp label coverage: 0.85
Step 364684/5000000 | Win rate (rollout): 0.75 | Loss: 0.141 | Opp label coverage: 0.90
Step 365197/5000000 | Win rate (rollout): 0.44 | Loss: 0.093 | Opp label coverage: 0.87
Step 365712/5000000 | Win rate (rollout): 0.50 | Loss: 0.231 | Opp label coverage: 0.89
Step 366227/5000000 | Win rate (rollout): 0.30 | Loss: 0.175 | Opp label coverage: 0.89
Step 366743/5000000 | Win rate (rollout): 0.60 | Loss: 0.185 | Opp label coverage: 0.92
Step 367260/5000000 | Win rate (rollout): 0.43 | Loss: 0.209 | Opp label coverage: 0.89
Step 367772/5000000 | Win rate (rollout): 0.38 | Loss: 0.193 | Opp label coverage: 0.88
Step 368290/5000000 | Win rate (rollout): 0.73 | Loss: 0.168 | Opp label coverage: 0.91
Step 368806/5000000 | Win rate (rollout): 0.69 | Loss: 0.171 | Opp label coverage: 0.89
Step 369318/5000000 | Win rate (rollout): 0.46 | Loss: 0.181 | Opp label coverage: 0.84
Step 369836/5000000 | Win rate (rollout): 0.62 | Loss: 0.175 | Opp label coverage: 0.90
Step 370354/5000000 | Win rate (rollout): 0.30 | Loss: 0.213 | Opp label coverage: 0.91
Step 370872/5000000 | Win rate (rollout): 0.38 | Loss: 0.135 | Opp label coverage: 0.92
Step 371390/5000000 | Win rate (rollout): 0.36 | Loss: 0.181 | Opp label coverage: 0.90
Step 371902/5000000 | Win rate (rollout): 0.44 | Loss: 0.179 | Opp label coverage: 0.74
Step 372414/5000000 | Win rate (rollout): 0.25 | Loss: 0.142 | Opp label coverage: 0.87
Step 372926/5000000 | Win rate (rollout): 0.20 | Loss: 0.152 | Opp label coverage: 0.86
Step 373438/5000000 | Win rate (rollout): 0.56 | Loss: 0.167 | Opp label coverage: 0.82
Step 373954/5000000 | Win rate (rollout): 0.20 | Loss: 0.165 | Opp label coverage: 0.89
Step 374466/5000000 | Win rate (rollout): 0.60 | Loss: 0.167 | Opp label coverage: 0.83
Step 374978/5000000 | Win rate (rollout): 0.67 | Loss: 0.174 | Opp label coverage: 0.83
[checkpoint] Saved /Users/laithassaf/Documents/Programs/Archived/pokemon-showdown/models/ppo/checkpoints/opp/ppo_step_375050.pt
Step 375490/5000000 | Win rate (rollout): 0.71 | Loss: 0.171 | Opp label coverage: 0.87
Step 376002/5000000 | Win rate (rollout): 0.33 | Loss: 0.206 | Opp label coverage: 0.86
Step 376514/5000000 | Win rate (rollout): 0.36 | Loss: 0.177 | Opp label coverage: 0.81
Step 377026/5000000 | Win rate (rollout): 0.50 | Loss: 0.167 | Opp label coverage: 0.85
Step 377542/5000000 | Win rate (rollout): 0.75 | Loss: 0.178 | Opp label coverage: 0.91
Step 378059/5000000 | Win rate (rollout): 0.85 | Loss: 0.148 | Opp label coverage: 0.92
Step 378571/5000000 | Win rate (rollout): 0.60 | Loss: 0.187 | Opp label coverage: 0.84
Step 379087/5000000 | Win rate (rollout): 0.64 | Loss: 0.158 | Opp label coverage: 0.89
Step 379599/5000000 | Win rate (rollout): 0.40 | Loss: 0.171 | Opp label coverage: 0.85
Step 380111/5000000 | Win rate (rollout): 0.29 | Loss: 0.172 | Opp label coverage: 0.84
Step 380626/5000000 | Win rate (rollout): 0.75 | Loss: 0.198 | Opp label coverage: 0.90
Step 381145/5000000 | Win rate (rollout): 0.54 | Loss: 0.177 | Opp label coverage: 0.89
Step 381657/5000000 | Win rate (rollout): 0.25 | Loss: 0.189 | Opp label coverage: 0.84
Step 382169/5000000 | Win rate (rollout): 0.56 | Loss: 0.185 | Opp label coverage: 0.84
Step 382686/5000000 | Win rate (rollout): 0.55 | Loss: 0.189 | Opp label coverage: 0.89
Step 383198/5000000 | Win rate (rollout): 0.57 | Loss: 0.196 | Opp label coverage: 0.90
Step 383710/5000000 | Win rate (rollout): 0.23 | Loss: 0.218 | Opp label coverage: 0.85
Step 384222/5000000 | Win rate (rollout): 0.33 | Loss: 0.197 | Opp label coverage: 0.82
Step 384734/5000000 | Win rate (rollout): 0.29 | Loss: 0.197 | Opp label coverage: 0.84
Step 385246/5000000 | Win rate (rollout): 0.44 | Loss: 0.155 | Opp label coverage: 0.82
Step 385758/5000000 | Win rate (rollout): 0.46 | Loss: 0.166 | Opp label coverage: 0.72
Step 386270/5000000 | Win rate (rollout): 0.67 | Loss: 0.163 | Opp label coverage: 0.81
Step 386782/5000000 | Win rate (rollout): 0.40 | Loss: 0.201 | Opp label coverage: 0.83
Step 387295/5000000 | Win rate (rollout): 0.60 | Loss: 0.102 | Opp label coverage: 0.89
Step 387807/5000000 | Win rate (rollout): 0.23 | Loss: 0.183 | Opp label coverage: 0.83
Step 388326/5000000 | Win rate (rollout): 0.60 | Loss: 0.151 | Opp label coverage: 0.91
Step 388838/5000000 | Win rate (rollout): 0.43 | Loss: 0.173 | Opp label coverage: 0.83
Step 389350/5000000 | Win rate (rollout): 0.42 | Loss: 0.198 | Opp label coverage: 0.80
Step 389862/5000000 | Win rate (rollout): 0.42 | Loss: 0.194 | Opp label coverage: 0.83
Step 390374/5000000 | Win rate (rollout): 0.67 | Loss: 0.148 | Opp label coverage: 0.90
Step 390886/5000000 | Win rate (rollout): 0.36 | Loss: 0.186 | Opp label coverage: 0.91
Step 391398/5000000 | Win rate (rollout): 0.33 | Loss: 0.162 | Opp label coverage: 0.84
Step 391910/5000000 | Win rate (rollout): 0.33 | Loss: 0.160 | Opp label coverage: 0.89
Step 392422/5000000 | Win rate (rollout): 0.46 | Loss: 0.171 | Opp label coverage: 0.85
Step 392934/5000000 | Win rate (rollout): 0.45 | Loss: 0.207 | Opp label coverage: 0.79
Step 393446/5000000 | Win rate (rollout): 0.24 | Loss: 0.192 | Opp label coverage: 0.81
Step 393959/5000000 | Win rate (rollout): 0.25 | Loss: 0.125 | Opp label coverage: 0.91
Step 394475/5000000 | Win rate (rollout): 0.40 | Loss: 0.172 | Opp label coverage: 0.91
Step 394987/5000000 | Win rate (rollout): 0.50 | Loss: 0.169 | Opp label coverage: 0.83
Step 395499/5000000 | Win rate (rollout): 0.36 | Loss: 0.144 | Opp label coverage: 0.78
Step 396014/5000000 | Win rate (rollout): 0.56 | Loss: 0.172 | Opp label coverage: 0.89
Step 396526/5000000 | Win rate (rollout): 0.38 | Loss: 0.155 | Opp label coverage: 0.84
Step 397038/5000000 | Win rate (rollout): 0.42 | Loss: 0.163 | Opp label coverage: 0.82
Step 397550/5000000 | Win rate (rollout): 0.33 | Loss: 0.178 | Opp label coverage: 0.82
Step 398062/5000000 | Win rate (rollout): 0.47 | Loss: 0.190 | Opp label coverage: 0.83
Step 398576/5000000 | Win rate (rollout): 0.56 | Loss: 0.188 | Opp label coverage: 0.89
Step 399088/5000000 | Win rate (rollout): 0.54 | Loss: 0.164 | Opp label coverage: 0.83
Step 399600/5000000 | Win rate (rollout): 0.21 | Loss: 0.187 | Opp label coverage: 0.80
[checkpoint] Saved /Users/laithassaf/Documents/Programs/Archived/pokemon-showdown/models/ppo/checkpoints/opp/ppo_step_400054.pt
Step 400118/5000000 | Win rate (rollout): 0.60 | Loss: 0.179 | Opp label coverage: 0.89
Step 400630/5000000 | Win rate (rollout): 0.43 | Loss: 0.173 | Opp label coverage: 0.82
Step 401148/5000000 | Win rate (rollout): 0.58 | Loss: 0.122 | Opp label coverage: 0.87
Step 401665/5000000 | Win rate (rollout): 0.38 | Loss: 0.176 | Opp label coverage: 0.88
Step 402180/5000000 | Win rate (rollout): 0.38 | Loss: 0.193 | Opp label coverage: 0.88
Step 402692/5000000 | Win rate (rollout): 0.25 | Loss: 0.198 | Opp label coverage: 0.83
Step 403204/5000000 | Win rate (rollout): 0.62 | Loss: 0.199 | Opp label coverage: 0.85
Step 403718/5000000 | Win rate (rollout): 0.22 | Loss: 0.135 | Opp label coverage: 0.89
Step 404230/5000000 | Win rate (rollout): 0.56 | Loss: 0.181 | Opp label coverage: 0.79
Step 404745/5000000 | Win rate (rollout): 0.38 | Loss: 0.177 | Opp label coverage: 0.91
Step 405257/5000000 | Win rate (rollout): 0.43 | Loss: 0.200 | Opp label coverage: 0.83
Step 405769/5000000 | Win rate (rollout): 0.57 | Loss: 0.151 | Opp label coverage: 0.89
Step 406281/5000000 | Win rate (rollout): 0.89 | Loss: 0.171 | Opp label coverage: 0.82
Step 406793/5000000 | Win rate (rollout): 0.60 | Loss: 0.192 | Opp label coverage: 0.82
Step 407307/5000000 | Win rate (rollout): 0.62 | Loss: 0.131 | Opp label coverage: 0.89
Step 407819/5000000 | Win rate (rollout): 0.62 | Loss: 0.149 | Opp label coverage: 0.83
Step 408334/5000000 | Win rate (rollout): 0.38 | Loss: 0.116 | Opp label coverage: 0.91
Step 408847/5000000 | Win rate (rollout): 0.38 | Loss: 0.091 | Opp label coverage: 0.89
Step 409359/5000000 | Win rate (rollout): 0.36 | Loss: 0.189 | Opp label coverage: 0.80
Step 409872/5000000 | Win rate (rollout): 0.50 | Loss: 0.222 | Opp label coverage: 0.87
Step 410384/5000000 | Win rate (rollout): 0.38 | Loss: 0.195 | Opp label coverage: 0.82
Step 410896/5000000 | Win rate (rollout): 0.44 | Loss: 0.169 | Opp label coverage: 0.77
Step 411408/5000000 | Win rate (rollout): 0.08 | Loss: 0.155 | Opp label coverage: 0.83
Step 411926/5000000 | Win rate (rollout): 0.60 | Loss: 0.156 | Opp label coverage: 0.90
Step 412438/5000000 | Win rate (rollout): 0.45 | Loss: 0.207 | Opp label coverage: 0.83
Step 412950/5000000 | Win rate (rollout): 0.29 | Loss: 0.178 | Opp label coverage: 0.81
Step 413464/5000000 | Win rate (rollout): 0.60 | Loss: 0.186 | Opp label coverage: 0.89
Step 413979/5000000 | Win rate (rollout): 0.57 | Loss: 0.119 | Opp label coverage: 0.90
Step 414495/5000000 | Win rate (rollout): 0.73 | Loss: 0.152 | Opp label coverage: 0.90
Step 415007/5000000 | Win rate (rollout): 0.36 | Loss: 0.193 | Opp label coverage: 0.83
Step 415519/5000000 | Win rate (rollout): 0.44 | Loss: 0.202 | Opp label coverage: 0.81
Step 416033/5000000 | Win rate (rollout): 0.22 | Loss: 0.078 | Opp label coverage: 0.89
Step 416545/5000000 | Win rate (rollout): 0.40 | Loss: 0.166 | Opp label coverage: 0.85
Step 417064/5000000 | Win rate (rollout): 0.25 | Loss: 0.141 | Opp label coverage: 0.89
Step 417579/5000000 | Win rate (rollout): 0.77 | Loss: 0.184 | Opp label coverage: 0.89
Step 418091/5000000 | Win rate (rollout): 0.14 | Loss: 0.158 | Opp label coverage: 0.83
Step 418603/5000000 | Win rate (rollout): 0.53 | Loss: 0.217 | Opp label coverage: 0.86
Step 419119/5000000 | Win rate (rollout): 0.50 | Loss: 0.149 | Opp label coverage: 0.89
Step 419631/5000000 | Win rate (rollout): 0.78 | Loss: 0.202 | Opp label coverage: 0.80
Step 420143/5000000 | Win rate (rollout): 0.50 | Loss: 0.185 | Opp label coverage: 0.78
Step 420656/5000000 | Win rate (rollout): 0.44 | Loss: 0.139 | Opp label coverage: 0.89
Step 421170/5000000 | Win rate (rollout): 0.29 | Loss: 0.191 | Opp label coverage: 0.89
Step 421689/5000000 | Win rate (rollout): 0.50 | Loss: 0.140 | Opp label coverage: 0.90
Step 422203/5000000 | Win rate (rollout): 0.71 | Loss: 0.153 | Opp label coverage: 0.90
Step 422715/5000000 | Win rate (rollout): 0.50 | Loss: 0.156 | Opp label coverage: 0.78
Step 423228/5000000 | Win rate (rollout): 0.50 | Loss: 0.165 | Opp label coverage: 0.88
Step 423746/5000000 | Win rate (rollout): 0.47 | Loss: 0.126 | Opp label coverage: 0.88
Step 424258/5000000 | Win rate (rollout): 0.43 | Loss: 0.172 | Opp label coverage: 0.78
Step 424772/5000000 | Win rate (rollout): 0.75 | Loss: 0.186 | Opp label coverage: 0.90
[checkpoint] Saved /Users/laithassaf/Documents/Programs/Archived/pokemon-showdown/models/ppo/checkpoints/opp/ppo_step_425055.pt
Step 425286/5000000 | Win rate (rollout): 0.50 | Loss: 0.213 | Opp label coverage: 0.89
Step 425798/5000000 | Win rate (rollout): 0.25 | Loss: 0.183 | Opp label coverage: 0.79
Step 426310/5000000 | Win rate (rollout): 0.64 | Loss: 0.190 | Opp label coverage: 0.79
Step 426822/5000000 | Win rate (rollout): 0.40 | Loss: 0.168 | Opp label coverage: 0.86
Step 427337/5000000 | Win rate (rollout): 0.88 | Loss: 0.167 | Opp label coverage: 0.89
Step 427849/5000000 | Win rate (rollout): 0.36 | Loss: 0.173 | Opp label coverage: 0.82
Step 428367/5000000 | Win rate (rollout): 0.50 | Loss: 0.116 | Opp label coverage: 0.89
Step 428879/5000000 | Win rate (rollout): 0.50 | Loss: 0.141 | Opp label coverage: 0.82
Step 429392/5000000 | Win rate (rollout): 0.15 | Loss: 0.209 | Opp label coverage: 0.85
Step 429904/5000000 | Win rate (rollout): 0.50 | Loss: 0.185 | Opp label coverage: 0.80
Step 430420/5000000 | Win rate (rollout): 0.70 | Loss: 0.211 | Opp label coverage: 0.89
Step 430932/5000000 | Win rate (rollout): 0.44 | Loss: 0.202 | Opp label coverage: 0.81
Step 431444/5000000 | Win rate (rollout): 0.44 | Loss: 0.168 | Opp label coverage: 0.89
Step 431958/5000000 | Win rate (rollout): 0.54 | Loss: 0.183 | Opp label coverage: 0.90
Step 432473/5000000 | Win rate (rollout): 0.67 | Loss: 0.240 | Opp label coverage: 0.90
Step 432989/5000000 | Win rate (rollout): 0.33 | Loss: 0.127 | Opp label coverage: 0.89
Step 433505/5000000 | Win rate (rollout): 0.50 | Loss: 0.161 | Opp label coverage: 0.90
Step 434018/5000000 | Win rate (rollout): 0.53 | Loss: 0.106 | Opp label coverage: 0.90
Step 434533/5000000 | Win rate (rollout): 0.47 | Loss: 0.078 | Opp label coverage: 0.88
Step 435045/5000000 | Win rate (rollout): 0.50 | Loss: 0.177 | Opp label coverage: 0.84
Step 435558/5000000 | Win rate (rollout): 0.75 | Loss: 0.172 | Opp label coverage: 0.91
Step 436070/5000000 | Win rate (rollout): 0.14 | Loss: 0.154 | Opp label coverage: 0.82
Step 436583/5000000 | Win rate (rollout): 0.38 | Loss: 0.191 | Opp label coverage: 0.91
Step 437097/5000000 | Win rate (rollout): 0.60 | Loss: 0.187 | Opp label coverage: 0.90
Step 437609/5000000 | Win rate (rollout): 0.20 | Loss: 0.171 | Opp label coverage: 0.82
Step 438121/5000000 | Win rate (rollout): 0.38 | Loss: 0.181 | Opp label coverage: 0.84
Step 438636/5000000 | Win rate (rollout): 0.44 | Loss: 0.146 | Opp label coverage: 0.89
Step 439148/5000000 | Win rate (rollout): 0.60 | Loss: 0.192 | Opp label coverage: 0.84
Step 439660/5000000 | Win rate (rollout): 0.41 | Loss: 0.203 | Opp label coverage: 0.82
Step 440174/5000000 | Win rate (rollout): 0.67 | Loss: 0.115 | Opp label coverage: 0.91
Step 440686/5000000 | Win rate (rollout): 0.08 | Loss: 0.169 | Opp label coverage: 0.83
Step 441198/5000000 | Win rate (rollout): 0.40 | Loss: 0.177 | Opp label coverage: 0.84
Step 441710/5000000 | Win rate (rollout): 0.67 | Loss: 0.173 | Opp label coverage: 0.88
Step 442222/5000000 | Win rate (rollout): 0.42 | Loss: 0.169 | Opp label coverage: 0.79
Step 442734/5000000 | Win rate (rollout): 0.33 | Loss: 0.173 | Opp label coverage: 0.85
Step 443250/5000000 | Win rate (rollout): 0.62 | Loss: 0.137 | Opp label coverage: 0.89
Step 443766/5000000 | Win rate (rollout): 0.64 | Loss: 0.150 | Opp label coverage: 0.90
Step 444278/5000000 | Win rate (rollout): 0.23 | Loss: 0.169 | Opp label coverage: 0.83
Step 444790/5000000 | Win rate (rollout): 0.60 | Loss: 0.177 | Opp label coverage: 0.89
Step 445302/5000000 | Win rate (rollout): 0.33 | Loss: 0.173 | Opp label coverage: 0.84
Step 445819/5000000 | Win rate (rollout): 0.67 | Loss: 0.152 | Opp label coverage: 0.92
Step 446331/5000000 | Win rate (rollout): 0.46 | Loss: 0.220 | Opp label coverage: 0.80
Step 446843/5000000 | Win rate (rollout): 0.38 | Loss: 0.147 | Opp label coverage: 0.84
Step 447355/5000000 | Win rate (rollout): 0.25 | Loss: 0.181 | Opp label coverage: 0.80
Step 447867/5000000 | Win rate (rollout): 0.29 | Loss: 0.156 | Opp label coverage: 0.86
Step 448379/5000000 | Win rate (rollout): 0.43 | Loss: 0.186 | Opp label coverage: 0.82
Step 448891/5000000 | Win rate (rollout): 0.21 | Loss: 0.155 | Opp label coverage: 0.85
Step 449407/5000000 | Win rate (rollout): 0.40 | Loss: 0.159 | Opp label coverage: 0.90
Step 449923/5000000 | Win rate (rollout): 0.64 | Loss: 0.142 | Opp label coverage: 0.89
[checkpoint] Saved /Users/laithassaf/Documents/Programs/Archived/pokemon-showdown/models/ppo/checkpoints/opp/ppo_step_450059.pt
Step 450435/5000000 | Win rate (rollout): 0.42 | Loss: 0.194 | Opp label coverage: 0.83
Step 450947/5000000 | Win rate (rollout): 0.31 | Loss: 0.145 | Opp label coverage: 0.82
Step 451459/5000000 | Win rate (rollout): 0.38 | Loss: 0.180 | Opp label coverage: 0.87
Step 451971/5000000 | Win rate (rollout): 0.29 | Loss: 0.166 | Opp label coverage: 0.81
Step 452490/5000000 | Win rate (rollout): 0.44 | Loss: 0.162 | Opp label coverage: 0.89
Step 453002/5000000 | Win rate (rollout): 0.50 | Loss: 0.172 | Opp label coverage: 0.83
Step 453518/5000000 | Win rate (rollout): 0.44 | Loss: 0.226 | Opp label coverage: 0.89
Step 454030/5000000 | Win rate (rollout): 0.50 | Loss: 0.174 | Opp label coverage: 0.84
Step 454545/5000000 | Win rate (rollout): 0.54 | Loss: 0.222 | Opp label coverage: 0.87
Step 455059/5000000 | Win rate (rollout): 0.18 | Loss: 0.150 | Opp label coverage: 0.89
Step 455571/5000000 | Win rate (rollout): 0.64 | Loss: 0.182 | Opp label coverage: 0.84
Step 456083/5000000 | Win rate (rollout): 0.73 | Loss: 0.152 | Opp label coverage: 0.81
Step 456595/5000000 | Win rate (rollout): 0.21 | Loss: 0.183 | Opp label coverage: 0.83
Step 457112/5000000 | Win rate (rollout): 0.20 | Loss: 0.154 | Opp label coverage: 0.87
Step 457624/5000000 | Win rate (rollout): 0.10 | Loss: 0.146 | Opp label coverage: 0.84
Step 458140/5000000 | Win rate (rollout): 0.44 | Loss: 0.199 | Opp label coverage: 0.91
Step 458653/5000000 | Win rate (rollout): 0.71 | Loss: 0.133 | Opp label coverage: 0.88
Step 459171/5000000 | Win rate (rollout): 0.42 | Loss: 0.159 | Opp label coverage: 0.90
Step 459683/5000000 | Win rate (rollout): 0.53 | Loss: 0.221 | Opp label coverage: 0.77
Step 460195/5000000 | Win rate (rollout): 0.33 | Loss: 0.189 | Opp label coverage: 0.80
Step 460713/5000000 | Win rate (rollout): 0.17 | Loss: 0.155 | Opp label coverage: 0.90
Step 461225/5000000 | Win rate (rollout): 0.57 | Loss: 0.205 | Opp label coverage: 0.84
Step 461738/5000000 | Win rate (rollout): 0.70 | Loss: 0.095 | Opp label coverage: 0.90
Step 462256/5000000 | Win rate (rollout): 0.46 | Loss: 0.159 | Opp label coverage: 0.91
Step 462769/5000000 | Win rate (rollout): 0.60 | Loss: 0.143 | Opp label coverage: 0.90
Step 463285/5000000 | Win rate (rollout): 0.64 | Loss: 0.145 | Opp label coverage: 0.90
Step 463802/5000000 | Win rate (rollout): 0.54 | Loss: 0.181 | Opp label coverage: 0.88
Step 464314/5000000 | Win rate (rollout): 0.46 | Loss: 0.184 | Opp label coverage: 0.81
Step 464826/5000000 | Win rate (rollout): 0.54 | Loss: 0.155 | Opp label coverage: 0.86
Step 465338/5000000 | Win rate (rollout): 0.50 | Loss: 0.175 | Opp label coverage: 0.88
Step 465855/5000000 | Win rate (rollout): 0.69 | Loss: 0.146 | Opp label coverage: 0.90
Step 466368/5000000 | Win rate (rollout): 0.55 | Loss: 0.024 | Opp label coverage: 0.88
Step 466880/5000000 | Win rate (rollout): 0.45 | Loss: 0.169 | Opp label coverage: 0.82
Step 467392/5000000 | Win rate (rollout): 0.75 | Loss: 0.200 | Opp label coverage: 0.85
Step 467904/5000000 | Win rate (rollout): 0.38 | Loss: 0.192 | Opp label coverage: 0.79
Step 468417/5000000 | Win rate (rollout): 0.45 | Loss: 0.110 | Opp label coverage: 0.89
Step 468935/5000000 | Win rate (rollout): 0.57 | Loss: 0.200 | Opp label coverage: 0.90
Step 469450/5000000 | Win rate (rollout): 0.77 | Loss: 0.154 | Opp label coverage: 0.90
Step 469968/5000000 | Win rate (rollout): 0.70 | Loss: 0.168 | Opp label coverage: 0.89
Step 470480/5000000 | Win rate (rollout): 0.67 | Loss: 0.187 | Opp label coverage: 0.79
Step 470995/5000000 | Win rate (rollout): 0.36 | Loss: 0.210 | Opp label coverage: 0.88
Step 471507/5000000 | Win rate (rollout): 0.38 | Loss: 0.210 | Opp label coverage: 0.82
Step 472023/5000000 | Win rate (rollout): 0.70 | Loss: 0.160 | Opp label coverage: 0.90
Step 472539/5000000 | Win rate (rollout): 0.50 | Loss: 0.117 | Opp label coverage: 0.89
Step 473051/5000000 | Win rate (rollout): 0.62 | Loss: 0.221 | Opp label coverage: 0.83
Step 473568/5000000 | Win rate (rollout): 0.42 | Loss: 0.190 | Opp label coverage: 0.88
Step 474080/5000000 | Win rate (rollout): 0.18 | Loss: 0.145 | Opp label coverage: 0.85
Step 474592/5000000 | Win rate (rollout): 0.33 | Loss: 0.169 | Opp label coverage: 0.85
[checkpoint] Saved /Users/laithassaf/Documents/Programs/Archived/pokemon-showdown/models/ppo/checkpoints/opp/ppo_step_475064.pt
Step 475104/5000000 | Win rate (rollout): 0.53 | Loss: 0.224 | Opp label coverage: 0.82
Step 475616/5000000 | Win rate (rollout): 0.21 | Loss: 0.150 | Opp label coverage: 0.78
Step 476128/5000000 | Win rate (rollout): 0.36 | Loss: 0.163 | Opp label coverage: 0.88
Step 476643/5000000 | Win rate (rollout): 0.50 | Loss: 0.176 | Opp label coverage: 0.90
Step 477158/5000000 | Win rate (rollout): 0.45 | Loss: 0.146 | Opp label coverage: 0.89
Step 477672/5000000 | Win rate (rollout): 0.60 | Loss: 0.093 | Opp label coverage: 0.91
Step 478185/5000000 | Win rate (rollout): 0.69 | Loss: 0.196 | Opp label coverage: 0.89
Step 478700/5000000 | Win rate (rollout): 0.86 | Loss: 0.182 | Opp label coverage: 0.90
Step 479212/5000000 | Win rate (rollout): 0.36 | Loss: 0.180 | Opp label coverage: 0.88
Step 479725/5000000 | Win rate (rollout): 0.47 | Loss: 0.155 | Opp label coverage: 0.89
Step 480237/5000000 | Win rate (rollout): 0.60 | Loss: 0.161 | Opp label coverage: 0.85
Step 480751/5000000 | Win rate (rollout): 0.38 | Loss: 0.201 | Opp label coverage: 0.91
Step 481267/5000000 | Win rate (rollout): 0.50 | Loss: 0.115 | Opp label coverage: 0.92
Step 481782/5000000 | Win rate (rollout): 0.43 | Loss: 0.143 | Opp label coverage: 0.90
Step 482298/5000000 | Win rate (rollout): 0.50 | Loss: 0.144 | Opp label coverage: 0.90
Step 482811/5000000 | Win rate (rollout): 0.57 | Loss: 0.154 | Opp label coverage: 0.89
Step 483323/5000000 | Win rate (rollout): 0.25 | Loss: 0.152 | Opp label coverage: 0.82
Step 483837/5000000 | Win rate (rollout): 0.50 | Loss: 0.179 | Opp label coverage: 0.89
Step 484350/5000000 | Win rate (rollout): 0.54 | Loss: 0.171 | Opp label coverage: 0.90
Step 484862/5000000 | Win rate (rollout): 0.88 | Loss: 0.178 | Opp label coverage: 0.83
Step 485381/5000000 | Win rate (rollout): 0.75 | Loss: 0.145 | Opp label coverage: 0.89
Step 485893/5000000 | Win rate (rollout): 0.33 | Loss: 0.163 | Opp label coverage: 0.84
Step 486408/5000000 | Win rate (rollout): 0.33 | Loss: 0.194 | Opp label coverage: 0.90
Step 486920/5000000 | Win rate (rollout): 0.62 | Loss: 0.141 | Opp label coverage: 0.83
Step 487434/5000000 | Win rate (rollout): 0.80 | Loss: 0.144 | Opp label coverage: 0.89
Step 487951/5000000 | Win rate (rollout): 0.62 | Loss: 0.117 | Opp label coverage: 0.88
Step 488466/5000000 | Win rate (rollout): 0.54 | Loss: 0.092 | Opp label coverage: 0.91
Step 488978/5000000 | Win rate (rollout): 0.57 | Loss: 0.166 | Opp label coverage: 0.84
Step 489496/5000000 | Win rate (rollout): 0.55 | Loss: 0.186 | Opp label coverage: 0.90
Step 490008/5000000 | Win rate (rollout): 0.42 | Loss: 0.183 | Opp label coverage: 0.83
Step 490526/5000000 | Win rate (rollout): 0.20 | Loss: 0.167 | Opp label coverage: 0.87
Step 491043/5000000 | Win rate (rollout): 0.33 | Loss: 0.161 | Opp label coverage: 0.90
Step 491555/5000000 | Win rate (rollout): 0.18 | Loss: 0.170 | Opp label coverage: 0.83
Step 492067/5000000 | Win rate (rollout): 0.50 | Loss: 0.157 | Opp label coverage: 0.84
Step 492580/5000000 | Win rate (rollout): 0.33 | Loss: 0.136 | Opp label coverage: 0.91
Step 493092/5000000 | Win rate (rollout): 0.56 | Loss: 0.160 | Opp label coverage: 0.78
Step 493606/5000000 | Win rate (rollout): 0.86 | Loss: 0.137 | Opp label coverage: 0.90
Step 494118/5000000 | Win rate (rollout): 0.09 | Loss: 0.149 | Opp label coverage: 0.78
Step 494630/5000000 | Win rate (rollout): 0.67 | Loss: 0.170 | Opp label coverage: 0.80
Step 495144/5000000 | Win rate (rollout): 0.60 | Loss: 0.134 | Opp label coverage: 0.89
Step 495656/5000000 | Win rate (rollout): 0.50 | Loss: 0.159 | Opp label coverage: 0.83
Step 496173/5000000 | Win rate (rollout): 0.78 | Loss: 0.119 | Opp label coverage: 0.90
Step 496685/5000000 | Win rate (rollout): 0.50 | Loss: 0.179 | Opp label coverage: 0.83
Step 497197/5000000 | Win rate (rollout): 0.20 | Loss: 0.147 | Opp label coverage: 0.88
Step 497710/5000000 | Win rate (rollout): 0.45 | Loss: 0.218 | Opp label coverage: 0.89
Step 498224/5000000 | Win rate (rollout): 0.67 | Loss: 0.127 | Opp label coverage: 0.91
Step 498739/5000000 | Win rate (rollout): 0.31 | Loss: 0.155 | Opp label coverage: 0.91
Step 499251/5000000 | Win rate (rollout): 0.45 | Loss: 0.168 | Opp label coverage: 0.79
Step 499763/5000000 | Win rate (rollout): 0.24 | Loss: 0.184 | Opp label coverage: 0.83
[checkpoint] Saved /Users/laithassaf/Documents/Programs/Archived/pokemon-showdown/models/ppo/checkpoints/opp/ppo_step_500067.pt
Step 500275/5000000 | Win rate (rollout): 0.33 | Loss: 0.182 | Opp label coverage: 0.84
Step 500787/5000000 | Win rate (rollout): 0.46 | Loss: 0.171 | Opp label coverage: 0.84
Step 501299/5000000 | Win rate (rollout): 0.60 | Loss: 0.139 | Opp label coverage: 0.83
Step 501812/5000000 | Win rate (rollout): 0.82 | Loss: 0.202 | Opp label coverage: 0.90
Step 502326/5000000 | Win rate (rollout): 0.80 | Loss: 0.122 | Opp label coverage: 0.92
Step 502843/5000000 | Win rate (rollout): 0.64 | Loss: 0.239 | Opp label coverage: 0.88
Step 503359/5000000 | Win rate (rollout): 0.41 | Loss: 0.144 | Opp label coverage: 0.87
Step 503871/5000000 | Win rate (rollout): 0.43 | Loss: 0.230 | Opp label coverage: 0.84
Step 504383/5000000 | Win rate (rollout): 0.38 | Loss: 0.183 | Opp label coverage: 0.79
Step 504901/5000000 | Win rate (rollout): 0.60 | Loss: 0.182 | Opp label coverage: 0.89
Step 505415/5000000 | Win rate (rollout): 0.54 | Loss: 0.177 | Opp label coverage: 0.90
Step 505932/5000000 | Win rate (rollout): 0.77 | Loss: 0.135 | Opp label coverage: 0.90
Step 506449/5000000 | Win rate (rollout): 0.50 | Loss: 0.179 | Opp label coverage: 0.89
Step 506963/5000000 | Win rate (rollout): 0.36 | Loss: 0.225 | Opp label coverage: 0.89
Step 507478/5000000 | Win rate (rollout): 0.75 | Loss: 0.131 | Opp label coverage: 0.91
Step 507990/5000000 | Win rate (rollout): 0.57 | Loss: 0.156 | Opp label coverage: 0.86
Step 508502/5000000 | Win rate (rollout): 0.23 | Loss: 0.185 | Opp label coverage: 0.83
Step 509014/5000000 | Win rate (rollout): 0.57 | Loss: 0.163 | Opp label coverage: 0.83
Step 509526/5000000 | Win rate (rollout): 0.31 | Loss: 0.179 | Opp label coverage: 0.85
Step 510038/5000000 | Win rate (rollout): 0.62 | Loss: 0.165 | Opp label coverage: 0.79
Step 510552/5000000 | Win rate (rollout): 0.36 | Loss: 0.175 | Opp label coverage: 0.89
Step 511064/5000000 | Win rate (rollout): 0.71 | Loss: 0.162 | Opp label coverage: 0.82
Step 511576/5000000 | Win rate (rollout): 0.55 | Loss: 0.171 | Opp label coverage: 0.76
Step 512095/5000000 | Win rate (rollout): 0.83 | Loss: 0.214 | Opp label coverage: 0.89
Step 512607/5000000 | Win rate (rollout): 0.64 | Loss: 0.196 | Opp label coverage: 0.83
Step 513119/5000000 | Win rate (rollout): 0.29 | Loss: 0.159 | Opp label coverage: 0.83
Step 513634/5000000 | Win rate (rollout): 0.38 | Loss: 0.193 | Opp label coverage: 0.89
Step 514149/5000000 | Win rate (rollout): 0.67 | Loss: 0.144 | Opp label coverage: 0.89
Step 514661/5000000 | Win rate (rollout): 0.25 | Loss: 0.158 | Opp label coverage: 0.84
Step 515176/5000000 | Win rate (rollout): 0.40 | Loss: 0.142 | Opp label coverage: 0.89
Step 515688/5000000 | Win rate (rollout): 0.36 | Loss: 0.160 | Opp label coverage: 0.84
Step 516204/5000000 | Win rate (rollout): 0.67 | Loss: 0.197 | Opp label coverage: 0.90
Step 516716/5000000 | Win rate (rollout): 0.31 | Loss: 0.158 | Opp label coverage: 0.85
Step 517228/5000000 | Win rate (rollout): 0.31 | Loss: 0.156 | Opp label coverage: 0.84
Step 517740/5000000 | Win rate (rollout): 0.19 | Loss: 0.160 | Opp label coverage: 0.81
Step 518252/5000000 | Win rate (rollout): 0.19 | Loss: 0.179 | Opp label coverage: 0.84
Step 518764/5000000 | Win rate (rollout): 0.44 | Loss: 0.201 | Opp label coverage: 0.84
Step 519279/5000000 | Win rate (rollout): 0.60 | Loss: 0.190 | Opp label coverage: 0.89
Step 519796/5000000 | Win rate (rollout): 0.29 | Loss: 0.166 | Opp label coverage: 0.91
Step 520311/5000000 | Win rate (rollout): 0.73 | Loss: 0.204 | Opp label coverage: 0.91
Step 520824/5000000 | Win rate (rollout): 0.50 | Loss: 0.135 | Opp label coverage: 0.93
Step 521336/5000000 | Win rate (rollout): 0.29 | Loss: 0.182 | Opp label coverage: 0.85
Step 521848/5000000 | Win rate (rollout): 0.50 | Loss: 0.199 | Opp label coverage: 0.82
Step 522367/5000000 | Win rate (rollout): 0.55 | Loss: 0.170 | Opp label coverage: 0.89
Step 522879/5000000 | Win rate (rollout): 0.27 | Loss: 0.176 | Opp label coverage: 0.81
Step 523391/5000000 | Win rate (rollout): 0.14 | Loss: 0.162 | Opp label coverage: 0.89
Step 523903/5000000 | Win rate (rollout): 0.33 | Loss: 0.137 | Opp label coverage: 0.81
Step 524416/5000000 | Win rate (rollout): 0.27 | Loss: 0.156 | Opp label coverage: 0.87
Step 524935/5000000 | Win rate (rollout): 0.53 | Loss: 0.129 | Opp label coverage: 0.90
[checkpoint] Saved /Users/laithassaf/Documents/Programs/Archived/pokemon-showdown/models/ppo/checkpoints/opp/ppo_step_525071.pt
Step 525447/5000000 | Win rate (rollout): 0.57 | Loss: 0.193 | Opp label coverage: 0.82
Step 525964/5000000 | Win rate (rollout): 0.78 | Loss: 0.172 | Opp label coverage: 0.89
Step 526481/5000000 | Win rate (rollout): 0.38 | Loss: 0.136 | Opp label coverage: 0.89
Step 526993/5000000 | Win rate (rollout): 0.67 | Loss: 0.190 | Opp label coverage: 0.87
Step 527509/5000000 | Win rate (rollout): 0.50 | Loss: 0.132 | Opp label coverage: 0.90
Step 528024/5000000 | Win rate (rollout): 0.60 | Loss: 0.179 | Opp label coverage: 0.89
Step 528538/5000000 | Win rate (rollout): 0.59 | Loss: 0.184 | Opp label coverage: 0.88
Step 529050/5000000 | Win rate (rollout): 0.43 | Loss: 0.181 | Opp label coverage: 0.81
Step 529564/5000000 | Win rate (rollout): 0.64 | Loss: 0.235 | Opp label coverage: 0.89
Step 530077/5000000 | Win rate (rollout): 0.62 | Loss: 0.153 | Opp label coverage: 0.89
Step 530589/5000000 | Win rate (rollout): 0.43 | Loss: 0.173 | Opp label coverage: 0.87
Step 531101/5000000 | Win rate (rollout): 0.79 | Loss: 0.195 | Opp label coverage: 0.83
Step 531618/5000000 | Win rate (rollout): 0.40 | Loss: 0.168 | Opp label coverage: 0.88
Step 532130/5000000 | Win rate (rollout): 0.50 | Loss: 0.181 | Opp label coverage: 0.83
Step 532642/5000000 | Win rate (rollout): 0.64 | Loss: 0.171 | Opp label coverage: 0.89
Step 533154/5000000 | Win rate (rollout): 0.50 | Loss: 0.203 | Opp label coverage: 0.84
Step 533670/5000000 | Win rate (rollout): 0.60 | Loss: 0.133 | Opp label coverage: 0.90
Step 534188/5000000 | Win rate (rollout): 0.83 | Loss: 0.176 | Opp label coverage: 0.91
Step 534700/5000000 | Win rate (rollout): 0.67 | Loss: 0.164 | Opp label coverage: 0.81
Step 535214/5000000 | Win rate (rollout): 0.40 | Loss: 0.169 | Opp label coverage: 0.89
Step 535729/5000000 | Win rate (rollout): 0.64 | Loss: 0.148 | Opp label coverage: 0.90
Step 536242/5000000 | Win rate (rollout): 0.50 | Loss: 0.214 | Opp label coverage: 0.90
Step 536754/5000000 | Win rate (rollout): 0.43 | Loss: 0.191 | Opp label coverage: 0.87
Step 537266/5000000 | Win rate (rollout): 0.50 | Loss: 0.181 | Opp label coverage: 0.89
Step 537778/5000000 | Win rate (rollout): 0.33 | Loss: 0.184 | Opp label coverage: 0.81
Step 538290/5000000 | Win rate (rollout): 0.38 | Loss: 0.170 | Opp label coverage: 0.84
Step 538807/5000000 | Win rate (rollout): 0.42 | Loss: 0.200 | Opp label coverage: 0.90
Step 539319/5000000 | Win rate (rollout): 0.22 | Loss: 0.147 | Opp label coverage: 0.81
Step 539835/5000000 | Win rate (rollout): 0.75 | Loss: 0.169 | Opp label coverage: 0.89
Step 540349/5000000 | Win rate (rollout): 0.50 | Loss: 0.168 | Opp label coverage: 0.88
Step 540861/5000000 | Win rate (rollout): 0.59 | Loss: 0.195 | Opp label coverage: 0.89
Step 541373/5000000 | Win rate (rollout): 0.23 | Loss: 0.167 | Opp label coverage: 0.83
Step 541885/5000000 | Win rate (rollout): 0.56 | Loss: 0.169 | Opp label coverage: 0.81
Step 542397/5000000 | Win rate (rollout): 0.50 | Loss: 0.184 | Opp label coverage: 0.89
Step 542909/5000000 | Win rate (rollout): 0.57 | Loss: 0.157 | Opp label coverage: 0.81
Step 543421/5000000 | Win rate (rollout): 0.50 | Loss: 0.154 | Opp label coverage: 0.80
Step 543938/5000000 | Win rate (rollout): 0.60 | Loss: 0.205 | Opp label coverage: 0.90
Step 544450/5000000 | Win rate (rollout): 0.31 | Loss: 0.176 | Opp label coverage: 0.83
Step 544962/5000000 | Win rate (rollout): 0.50 | Loss: 0.151 | Opp label coverage: 0.80
Step 545477/5000000 | Win rate (rollout): 0.50 | Loss: 0.180 | Opp label coverage: 0.87
Step 545996/5000000 | Win rate (rollout): 0.67 | Loss: 0.148 | Opp label coverage: 0.90
Step 546512/5000000 | Win rate (rollout): 0.64 | Loss: 0.231 | Opp label coverage: 0.90
Step 547024/5000000 | Win rate (rollout): 0.25 | Loss: 0.155 | Opp label coverage: 0.82
Step 547543/5000000 | Win rate (rollout): 0.64 | Loss: 0.179 | Opp label coverage: 0.89
Step 548055/5000000 | Win rate (rollout): 0.56 | Loss: 0.163 | Opp label coverage: 0.86
Step 548567/5000000 | Win rate (rollout): 0.25 | Loss: 0.181 | Opp label coverage: 0.83
Step 549079/5000000 | Win rate (rollout): 0.50 | Loss: 0.167 | Opp label coverage: 0.90
Step 549596/5000000 | Win rate (rollout): 0.42 | Loss: 0.187 | Opp label coverage: 0.90
[checkpoint] Saved /Users/laithassaf/Documents/Programs/Archived/pokemon-showdown/models/ppo/checkpoints/opp/ppo_step_550076.pt
Step 550108/5000000 | Win rate (rollout): 0.35 | Loss: 0.185 | Opp label coverage: 0.83
Step 550620/5000000 | Win rate (rollout): 0.73 | Loss: 0.189 | Opp label coverage: 0.82
Step 551135/5000000 | Win rate (rollout): 0.50 | Loss: 0.174 | Opp label coverage: 0.91
Step 551652/5000000 | Win rate (rollout): 0.60 | Loss: 0.093 | Opp label coverage: 0.89
Step 552164/5000000 | Win rate (rollout): 0.55 | Loss: 0.157 | Opp label coverage: 0.85
Step 552676/5000000 | Win rate (rollout): 0.47 | Loss: 0.227 | Opp label coverage: 0.88
Step 553188/5000000 | Win rate (rollout): 0.62 | Loss: 0.152 | Opp label coverage: 0.85
Step 553704/5000000 | Win rate (rollout): 0.62 | Loss: 0.119 | Opp label coverage: 0.89
Step 554222/5000000 | Win rate (rollout): 0.38 | Loss: 0.196 | Opp label coverage: 0.89
Step 554741/5000000 | Win rate (rollout): 0.77 | Loss: 0.145 | Opp label coverage: 0.90
Step 555257/5000000 | Win rate (rollout): 0.64 | Loss: 0.179 | Opp label coverage: 0.89
Step 555772/5000000 | Win rate (rollout): 0.53 | Loss: 0.120 | Opp label coverage: 0.88
Step 556284/5000000 | Win rate (rollout): 0.73 | Loss: 0.176 | Opp label coverage: 0.84
Step 556802/5000000 | Win rate (rollout): 0.44 | Loss: 0.164 | Opp label coverage: 0.89
Step 557318/5000000 | Win rate (rollout): 0.50 | Loss: 0.174 | Opp label coverage: 0.88
Step 557831/5000000 | Win rate (rollout): 0.44 | Loss: 0.250 | Opp label coverage: 0.88
Step 558343/5000000 | Win rate (rollout): 0.44 | Loss: 0.199 | Opp label coverage: 0.82
Step 558855/5000000 | Win rate (rollout): 0.56 | Loss: 0.187 | Opp label coverage: 0.86
Step 559367/5000000 | Win rate (rollout): 0.58 | Loss: 0.175 | Opp label coverage: 0.76
Step 559879/5000000 | Win rate (rollout): 0.58 | Loss: 0.164 | Opp label coverage: 0.88
Step 560391/5000000 | Win rate (rollout): 0.33 | Loss: 0.181 | Opp label coverage: 0.84
Step 560908/5000000 | Win rate (rollout): 0.70 | Loss: 0.213 | Opp label coverage: 0.89
Step 561427/5000000 | Win rate (rollout): 0.38 | Loss: 0.143 | Opp label coverage: 0.87
Step 561939/5000000 | Win rate (rollout): 0.33 | Loss: 0.214 | Opp label coverage: 0.82
Step 562451/5000000 | Win rate (rollout): 0.44 | Loss: 0.171 | Opp label coverage: 0.81
Step 562964/5000000 | Win rate (rollout): 0.50 | Loss: 0.225 | Opp label coverage: 0.88
Step 563476/5000000 | Win rate (rollout): 0.62 | Loss: 0.158 | Opp label coverage: 0.88
Step 563989/5000000 | Win rate (rollout): 0.40 | Loss: 0.157 | Opp label coverage: 0.89
Step 564501/5000000 | Win rate (rollout): 0.55 | Loss: 0.168 | Opp label coverage: 0.85
Step 565013/5000000 | Win rate (rollout): 0.58 | Loss: 0.184 | Opp label coverage: 0.89
Step 565525/5000000 | Win rate (rollout): 0.55 | Loss: 0.181 | Opp label coverage: 0.84
Step 566040/5000000 | Win rate (rollout): 0.27 | Loss: 0.155 | Opp label coverage: 0.88
Step 566552/5000000 | Win rate (rollout): 0.25 | Loss: 0.153 | Opp label coverage: 0.85
Step 567064/5000000 | Win rate (rollout): 0.31 | Loss: 0.175 | Opp label coverage: 0.82
Step 567576/5000000 | Win rate (rollout): 0.90 | Loss: 0.185 | Opp label coverage: 0.88
Step 568088/5000000 | Win rate (rollout): 0.23 | Loss: 0.176 | Opp label coverage: 0.78
Step 568600/5000000 | Win rate (rollout): 0.47 | Loss: 0.184 | Opp label coverage: 0.78
Step 569112/5000000 | Win rate (rollout): 0.67 | Loss: 0.195 | Opp label coverage: 0.82
Step 569627/5000000 | Win rate (rollout): 0.58 | Loss: 0.104 | Opp label coverage: 0.87
Step 570139/5000000 | Win rate (rollout): 0.73 | Loss: 0.191 | Opp label coverage: 0.91
Step 570657/5000000 | Win rate (rollout): 0.67 | Loss: 0.209 | Opp label coverage: 0.90
Step 571174/5000000 | Win rate (rollout): 0.25 | Loss: 0.165 | Opp label coverage: 0.86
Step 571686/5000000 | Win rate (rollout): 0.36 | Loss: 0.213 | Opp label coverage: 0.79
Step 572198/5000000 | Win rate (rollout): 0.30 | Loss: 0.191 | Opp label coverage: 0.77
Step 572710/5000000 | Win rate (rollout): 0.21 | Loss: 0.174 | Opp label coverage: 0.76
Step 573223/5000000 | Win rate (rollout): 0.44 | Loss: 0.154 | Opp label coverage: 0.89
Step 573740/5000000 | Win rate (rollout): 0.40 | Loss: 0.157 | Opp label coverage: 0.90
Step 574258/5000000 | Win rate (rollout): 0.33 | Loss: 0.147 | Opp label coverage: 0.88
Step 574770/5000000 | Win rate (rollout): 0.45 | Loss: 0.204 | Opp label coverage: 0.90
[checkpoint] Saved /Users/laithassaf/Documents/Programs/Archived/pokemon-showdown/models/ppo/checkpoints/opp/ppo_step_575082.pt
Step 575282/5000000 | Win rate (rollout): 0.47 | Loss: 0.170 | Opp label coverage: 0.83
Step 575795/5000000 | Win rate (rollout): 0.62 | Loss: 0.136 | Opp label coverage: 0.91
Step 576314/5000000 | Win rate (rollout): 0.62 | Loss: 0.179 | Opp label coverage: 0.91
Step 576826/5000000 | Win rate (rollout): 0.50 | Loss: 0.168 | Opp label coverage: 0.89
Step 577338/5000000 | Win rate (rollout): 0.44 | Loss: 0.181 | Opp label coverage: 0.83
Step 577850/5000000 | Win rate (rollout): 0.20 | Loss: 0.178 | Opp label coverage: 0.90
Step 578362/5000000 | Win rate (rollout): 0.46 | Loss: 0.172 | Opp label coverage: 0.85
Step 578874/5000000 | Win rate (rollout): 0.44 | Loss: 0.164 | Opp label coverage: 0.80
Step 579386/5000000 | Win rate (rollout): 0.38 | Loss: 0.182 | Opp label coverage: 0.82
Step 579898/5000000 | Win rate (rollout): 0.33 | Loss: 0.168 | Opp label coverage: 0.85
Step 580410/5000000 | Win rate (rollout): 0.25 | Loss: 0.179 | Opp label coverage: 0.82
Step 580922/5000000 | Win rate (rollout): 0.60 | Loss: 0.152 | Opp label coverage: 0.84
Step 581436/5000000 | Win rate (rollout): 0.60 | Loss: 0.129 | Opp label coverage: 0.90
Step 581948/5000000 | Win rate (rollout): 0.33 | Loss: 0.171 | Opp label coverage: 0.84
Step 582460/5000000 | Win rate (rollout): 0.29 | Loss: 0.200 | Opp label coverage: 0.84
Step 582972/5000000 | Win rate (rollout): 0.38 | Loss: 0.147 | Opp label coverage: 0.88
Step 583484/5000000 | Win rate (rollout): 0.54 | Loss: 0.207 | Opp label coverage: 0.85
Step 584003/5000000 | Win rate (rollout): 0.36 | Loss: 0.143 | Opp label coverage: 0.90
Step 584515/5000000 | Win rate (rollout): 0.64 | Loss: 0.177 | Opp label coverage: 0.89
Step 585027/5000000 | Win rate (rollout): 0.27 | Loss: 0.148 | Opp label coverage: 0.83
Step 585545/5000000 | Win rate (rollout): 0.62 | Loss: 0.181 | Opp label coverage: 0.90
Step 586061/5000000 | Win rate (rollout): 0.23 | Loss: 0.143 | Opp label coverage: 0.91
Step 586574/5000000 | Win rate (rollout): 0.54 | Loss: 0.162 | Opp label coverage: 0.89
Step 587086/5000000 | Win rate (rollout): 0.73 | Loss: 0.142 | Opp label coverage: 0.85
Step 587604/5000000 | Win rate (rollout): 0.64 | Loss: 0.150 | Opp label coverage: 0.89
Step 588118/5000000 | Win rate (rollout): 0.50 | Loss: 0.196 | Opp label coverage: 0.86
Step 588632/5000000 | Win rate (rollout): 0.62 | Loss: 0.179 | Opp label coverage: 0.88
Step 589144/5000000 | Win rate (rollout): 0.38 | Loss: 0.206 | Opp label coverage: 0.88
Step 589656/5000000 | Win rate (rollout): 0.33 | Loss: 0.188 | Opp label coverage: 0.82
Step 590168/5000000 | Win rate (rollout): 0.50 | Loss: 0.159 | Opp label coverage: 0.85
Step 590680/5000000 | Win rate (rollout): 0.38 | Loss: 0.210 | Opp label coverage: 0.81
Step 591192/5000000 | Win rate (rollout): 0.50 | Loss: 0.187 | Opp label coverage: 0.86
Step 591704/5000000 | Win rate (rollout): 0.60 | Loss: 0.196 | Opp label coverage: 0.83
Step 592216/5000000 | Win rate (rollout): 0.29 | Loss: 0.166 | Opp label coverage: 0.85
Step 592734/5000000 | Win rate (rollout): 0.50 | Loss: 0.183 | Opp label coverage: 0.88
Step 593246/5000000 | Win rate (rollout): 0.54 | Loss: 0.197 | Opp label coverage: 0.86
Step 593762/5000000 | Win rate (rollout): 0.33 | Loss: 0.194 | Opp label coverage: 0.89
Step 594277/5000000 | Win rate (rollout): 0.69 | Loss: 0.145 | Opp label coverage: 0.89
Step 594789/5000000 | Win rate (rollout): 0.38 | Loss: 0.184 | Opp label coverage: 0.84
Step 595301/5000000 | Win rate (rollout): 0.38 | Loss: 0.182 | Opp label coverage: 0.86
Step 595816/5000000 | Win rate (rollout): 0.56 | Loss: 0.184 | Opp label coverage: 0.91
Step 596331/5000000 | Win rate (rollout): 0.38 | Loss: 0.118 | Opp label coverage: 0.89
Step 596843/5000000 | Win rate (rollout): 0.59 | Loss: 0.145 | Opp label coverage: 0.89
Step 597361/5000000 | Win rate (rollout): 0.40 | Loss: 0.191 | Opp label coverage: 0.91
Step 597873/5000000 | Win rate (rollout): 0.44 | Loss: 0.181 | Opp label coverage: 0.84
Step 598385/5000000 | Win rate (rollout): 0.31 | Loss: 0.161 | Opp label coverage: 0.84
Step 598901/5000000 | Win rate (rollout): 0.50 | Loss: 0.190 | Opp label coverage: 0.89
Step 599417/5000000 | Win rate (rollout): 0.50 | Loss: 0.144 | Opp label coverage: 0.89
Step 599933/5000000 | Win rate (rollout): 0.47 | Loss: 0.127 | Opp label coverage: 0.88
[checkpoint] Saved /Users/laithassaf/Documents/Programs/Archived/pokemon-showdown/models/ppo/checkpoints/opp/ppo_step_600084.pt
Step 600452/5000000 | Win rate (rollout): 0.50 | Loss: 0.152 | Opp label coverage: 0.92
Step 600964/5000000 | Win rate (rollout): 0.42 | Loss: 0.231 | Opp label coverage: 0.81
Step 601476/5000000 | Win rate (rollout): 0.42 | Loss: 0.183 | Opp label coverage: 0.81
Step 601992/5000000 | Win rate (rollout): 0.56 | Loss: 0.226 | Opp label coverage: 0.90
Step 602505/5000000 | Win rate (rollout): 0.27 | Loss: 0.069 | Opp label coverage: 0.93
Step 603018/5000000 | Win rate (rollout): 0.60 | Loss: 0.216 | Opp label coverage: 0.91
Step 603533/5000000 | Win rate (rollout): 0.40 | Loss: 0.131 | Opp label coverage: 0.91
Step 604045/5000000 | Win rate (rollout): 0.38 | Loss: 0.186 | Opp label coverage: 0.84
Step 604557/5000000 | Win rate (rollout): 0.75 | Loss: 0.183 | Opp label coverage: 0.84
Step 605076/5000000 | Win rate (rollout): 0.25 | Loss: 0.118 | Opp label coverage: 0.87
Step 605589/5000000 | Win rate (rollout): 0.31 | Loss: 0.290 | Opp label coverage: 0.89
Step 606102/5000000 | Win rate (rollout): 0.58 | Loss: 0.126 | Opp label coverage: 0.90
Step 606615/5000000 | Win rate (rollout): 0.33 | Loss: 0.279 | Opp label coverage: 0.89
Step 607127/5000000 | Win rate (rollout): 0.00 | Loss: 0.157 | Opp label coverage: 0.79
Step 607639/5000000 | Win rate (rollout): 0.50 | Loss: 0.166 | Opp label coverage: 0.83
Step 608152/5000000 | Win rate (rollout): 0.50 | Loss: 0.082 | Opp label coverage: 0.89
Step 608664/5000000 | Win rate (rollout): 0.50 | Loss: 0.182 | Opp label coverage: 0.84
Step 609180/5000000 | Win rate (rollout): 0.44 | Loss: 0.174 | Opp label coverage: 0.89
Step 609696/5000000 | Win rate (rollout): 0.29 | Loss: 0.117 | Opp label coverage: 0.89
Step 610209/5000000 | Win rate (rollout): 0.53 | Loss: 0.201 | Opp label coverage: 0.89
Step 610721/5000000 | Win rate (rollout): 0.21 | Loss: 0.187 | Opp label coverage: 0.85
Step 611233/5000000 | Win rate (rollout): 0.44 | Loss: 0.178 | Opp label coverage: 0.83
Step 611745/5000000 | Win rate (rollout): 0.37 | Loss: 0.197 | Opp label coverage: 0.85
Step 612260/5000000 | Win rate (rollout): 0.36 | Loss: 0.188 | Opp label coverage: 0.89
Step 612772/5000000 | Win rate (rollout): 0.33 | Loss: 0.146 | Opp label coverage: 0.84
Step 613289/5000000 | Win rate (rollout): 0.38 | Loss: 0.167 | Opp label coverage: 0.88
Step 613803/5000000 | Win rate (rollout): 0.27 | Loss: 0.270 | Opp label coverage: 0.88
Step 614321/5000000 | Win rate (rollout): 0.33 | Loss: 0.158 | Opp label coverage: 0.90
Step 614834/5000000 | Win rate (rollout): 0.40 | Loss: 0.115 | Opp label coverage: 0.88
Step 615346/5000000 | Win rate (rollout): 0.27 | Loss: 0.191 | Opp label coverage: 0.81
Step 615858/5000000 | Win rate (rollout): 0.25 | Loss: 0.187 | Opp label coverage: 0.81
Step 616374/5000000 | Win rate (rollout): 0.50 | Loss: 0.196 | Opp label coverage: 0.91
Step 616886/5000000 | Win rate (rollout): 0.73 | Loss: 0.184 | Opp label coverage: 0.87
Step 617404/5000000 | Win rate (rollout): 0.44 | Loss: 0.165 | Opp label coverage: 0.90
Step 617918/5000000 | Win rate (rollout): 0.33 | Loss: 0.103 | Opp label coverage: 0.90
Step 618437/5000000 | Win rate (rollout): 0.73 | Loss: 0.117 | Opp label coverage: 0.91
Step 618952/5000000 | Win rate (rollout): 0.56 | Loss: 0.258 | Opp label coverage: 0.86
Step 619464/5000000 | Win rate (rollout): 0.56 | Loss: 0.151 | Opp label coverage: 0.83
Step 619978/5000000 | Win rate (rollout): 0.10 | Loss: 0.146 | Opp label coverage: 0.88
Step 620493/5000000 | Win rate (rollout): 0.17 | Loss: 0.193 | Opp label coverage: 0.89
Step 621011/5000000 | Win rate (rollout): 0.18 | Loss: 0.098 | Opp label coverage: 0.91
Step 621523/5000000 | Win rate (rollout): 0.30 | Loss: 0.160 | Opp label coverage: 0.81
Step 622035/5000000 | Win rate (rollout): 0.40 | Loss: 0.175 | Opp label coverage: 0.82
Step 622547/5000000 | Win rate (rollout): 0.43 | Loss: 0.190 | Opp label coverage: 0.84
Step 623059/5000000 | Win rate (rollout): 0.43 | Loss: 0.172 | Opp label coverage: 0.75
Step 623571/5000000 | Win rate (rollout): 0.28 | Loss: 0.208 | Opp label coverage: 0.82
Step 624083/5000000 | Win rate (rollout): 0.44 | Loss: 0.157 | Opp label coverage: 0.90
Step 624595/5000000 | Win rate (rollout): 0.58 | Loss: 0.179 | Opp label coverage: 0.85
[checkpoint] Saved /Users/laithassaf/Documents/Programs/Archived/pokemon-showdown/models/ppo/checkpoints/opp/ppo_step_625091.pt
Step 625107/5000000 | Win rate (rollout): 0.60 | Loss: 0.191 | Opp label coverage: 0.86
Step 625619/5000000 | Win rate (rollout): 0.31 | Loss: 0.178 | Opp label coverage: 0.83
Step 626131/5000000 | Win rate (rollout): 0.38 | Loss: 0.171 | Opp label coverage: 0.85
Step 626646/5000000 | Win rate (rollout): 0.62 | Loss: 0.151 | Opp label coverage: 0.89
Step 627160/5000000 | Win rate (rollout): 0.43 | Loss: 0.150 | Opp label coverage: 0.89
Step 627672/5000000 | Win rate (rollout): 0.25 | Loss: 0.159 | Opp label coverage: 0.85
Step 628184/5000000 | Win rate (rollout): 0.30 | Loss: 0.157 | Opp label coverage: 0.87
Step 628701/5000000 | Win rate (rollout): 0.40 | Loss: 0.173 | Opp label coverage: 0.88
Step 629213/5000000 | Win rate (rollout): 0.44 | Loss: 0.180 | Opp label coverage: 0.81
Step 629725/5000000 | Win rate (rollout): 0.40 | Loss: 0.160 | Opp label coverage: 0.83
Step 630241/5000000 | Win rate (rollout): 0.30 | Loss: 0.160 | Opp label coverage: 0.88
Step 630753/5000000 | Win rate (rollout): 0.50 | Loss: 0.191 | Opp label coverage: 0.84
Step 631265/5000000 | Win rate (rollout): 0.36 | Loss: 0.198 | Opp label coverage: 0.79
Step 631781/5000000 | Win rate (rollout): 0.70 | Loss: 0.140 | Opp label coverage: 0.90
Step 632293/5000000 | Win rate (rollout): 0.50 | Loss: 0.177 | Opp label coverage: 0.85
Step 632811/5000000 | Win rate (rollout): 0.56 | Loss: 0.189 | Opp label coverage: 0.89
Step 633327/5000000 | Win rate (rollout): 0.43 | Loss: 0.192 | Opp label coverage: 0.90
Step 633839/5000000 | Win rate (rollout): 0.58 | Loss: 0.198 | Opp label coverage: 0.77
Step 634355/5000000 | Win rate (rollout): 0.20 | Loss: 0.127 | Opp label coverage: 0.89
Step 634867/5000000 | Win rate (rollout): 0.29 | Loss: 0.175 | Opp label coverage: 0.87
Step 635386/5000000 | Win rate (rollout): 0.33 | Loss: 0.154 | Opp label coverage: 0.89
Step 635898/5000000 | Win rate (rollout): 0.40 | Loss: 0.160 | Opp label coverage: 0.83
Step 636415/5000000 | Win rate (rollout): 0.60 | Loss: 0.135 | Opp label coverage: 0.90
Step 636934/5000000 | Win rate (rollout): 0.54 | Loss: 0.151 | Opp label coverage: 0.90
Step 637446/5000000 | Win rate (rollout): 0.40 | Loss: 0.170 | Opp label coverage: 0.84
Step 637958/5000000 | Win rate (rollout): 0.21 | Loss: 0.171 | Opp label coverage: 0.84
Step 638472/5000000 | Win rate (rollout): 0.18 | Loss: 0.144 | Opp label coverage: 0.89
Step 638984/5000000 | Win rate (rollout): 0.10 | Loss: 0.162 | Opp label coverage: 0.80
Step 639496/5000000 | Win rate (rollout): 0.75 | Loss: 0.187 | Opp label coverage: 0.80
Step 640011/5000000 | Win rate (rollout): 0.43 | Loss: 0.132 | Opp label coverage: 0.89
Step 640523/5000000 | Win rate (rollout): 0.33 | Loss: 0.160 | Opp label coverage: 0.84
Step 641035/5000000 | Win rate (rollout): 0.39 | Loss: 0.208 | Opp label coverage: 0.82
Step 641548/5000000 | Win rate (rollout): 0.56 | Loss: 0.188 | Opp label coverage: 0.90
Step 642060/5000000 | Win rate (rollout): 0.70 | Loss: 0.152 | Opp label coverage: 0.82
Step 642574/5000000 | Win rate (rollout): 0.45 | Loss: 0.168 | Opp label coverage: 0.89
Step 643086/5000000 | Win rate (rollout): 0.15 | Loss: 0.164 | Opp label coverage: 0.84
Step 643598/5000000 | Win rate (rollout): 0.25 | Loss: 0.187 | Opp label coverage: 0.84
Step 644110/5000000 | Win rate (rollout): 0.45 | Loss: 0.179 | Opp label coverage: 0.89
Step 644622/5000000 | Win rate (rollout): 0.44 | Loss: 0.171 | Opp label coverage: 0.83
Step 645137/5000000 | Win rate (rollout): 0.38 | Loss: 0.179 | Opp label coverage: 0.91
Step 645649/5000000 | Win rate (rollout): 0.50 | Loss: 0.190 | Opp label coverage: 0.81
Step 646164/5000000 | Win rate (rollout): 0.50 | Loss: 0.068 | Opp label coverage: 0.88
Step 646679/5000000 | Win rate (rollout): 0.25 | Loss: 0.221 | Opp label coverage: 0.87
Step 647191/5000000 | Win rate (rollout): 0.38 | Loss: 0.177 | Opp label coverage: 0.82
Step 647703/5000000 | Win rate (rollout): 0.14 | Loss: 0.161 | Opp label coverage: 0.83
Step 648221/5000000 | Win rate (rollout): 0.30 | Loss: 0.156 | Opp label coverage: 0.89
Step 648733/5000000 | Win rate (rollout): 0.50 | Loss: 0.180 | Opp label coverage: 0.82
Step 649245/5000000 | Win rate (rollout): 0.23 | Loss: 0.168 | Opp label coverage: 0.82
Step 649763/5000000 | Win rate (rollout): 0.88 | Loss: 0.189 | Opp label coverage: 0.91
[checkpoint] Saved /Users/laithassaf/Documents/Programs/Archived/pokemon-showdown/models/ppo/checkpoints/opp/ppo_step_650092.pt
Step 650280/5000000 | Win rate (rollout): 0.54 | Loss: 0.146 | Opp label coverage: 0.88
Step 650792/5000000 | Win rate (rollout): 0.46 | Loss: 0.145 | Opp label coverage: 0.84
Step 651308/5000000 | Win rate (rollout): 0.29 | Loss: 0.240 | Opp label coverage: 0.90
Step 651822/5000000 | Win rate (rollout): 0.46 | Loss: 0.204 | Opp label coverage: 0.89
Step 652334/5000000 | Win rate (rollout): 0.50 | Loss: 0.185 | Opp label coverage: 0.84
Step 652851/5000000 | Win rate (rollout): 0.55 | Loss: 0.201 | Opp label coverage: 0.88
Step 653363/5000000 | Win rate (rollout): 0.56 | Loss: 0.205 | Opp label coverage: 0.86
Step 653875/5000000 | Win rate (rollout): 0.25 | Loss: 0.161 | Opp label coverage: 0.82
Step 654393/5000000 | Win rate (rollout): 0.25 | Loss: 0.163 | Opp label coverage: 0.88
Step 654909/5000000 | Win rate (rollout): 0.20 | Loss: 0.202 | Opp label coverage: 0.88
Step 655426/5000000 | Win rate (rollout): 0.77 | Loss: 0.166 | Opp label coverage: 0.91
Step 655938/5000000 | Win rate (rollout): 0.58 | Loss: 0.163 | Opp label coverage: 0.85
Step 656457/5000000 | Win rate (rollout): 0.57 | Loss: 0.136 | Opp label coverage: 0.91
Step 656969/5000000 | Win rate (rollout): 0.50 | Loss: 0.129 | Opp label coverage: 0.93
Step 657485/5000000 | Win rate (rollout): 0.79 | Loss: 0.179 | Opp label coverage: 0.91
Step 657999/5000000 | Win rate (rollout): 0.71 | Loss: 0.124 | Opp label coverage: 0.88
Step 658514/5000000 | Win rate (rollout): 0.54 | Loss: 0.179 | Opp label coverage: 0.90
Step 659026/5000000 | Win rate (rollout): 0.44 | Loss: 0.186 | Opp label coverage: 0.88
Step 659544/5000000 | Win rate (rollout): 0.67 | Loss: 0.181 | Opp label coverage: 0.89
Step 660056/5000000 | Win rate (rollout): 0.08 | Loss: 0.158 | Opp label coverage: 0.85
Step 660569/5000000 | Win rate (rollout): 0.27 | Loss: 0.101 | Opp label coverage: 0.88
Step 661087/5000000 | Win rate (rollout): 0.50 | Loss: 0.119 | Opp label coverage: 0.92
Step 661601/5000000 | Win rate (rollout): 0.45 | Loss: 0.134 | Opp label coverage: 0.90
Step 662113/5000000 | Win rate (rollout): 0.46 | Loss: 0.199 | Opp label coverage: 0.84
Step 662629/5000000 | Win rate (rollout): 0.62 | Loss: 0.176 | Opp label coverage: 0.90
Step 663141/5000000 | Win rate (rollout): 0.36 | Loss: 0.172 | Opp label coverage: 0.81
Step 663653/5000000 | Win rate (rollout): 0.33 | Loss: 0.158 | Opp label coverage: 0.80
Step 664169/5000000 | Win rate (rollout): 0.60 | Loss: 0.188 | Opp label coverage: 0.90
Step 664686/5000000 | Win rate (rollout): 0.50 | Loss: 0.186 | Opp label coverage: 0.89
Step 665198/5000000 | Win rate (rollout): 0.78 | Loss: 0.174 | Opp label coverage: 0.80
Step 665710/5000000 | Win rate (rollout): 0.71 | Loss: 0.162 | Opp label coverage: 0.82
Step 666222/5000000 | Win rate (rollout): 0.12 | Loss: 0.179 | Opp label coverage: 0.84
Step 666734/5000000 | Win rate (rollout): 0.31 | Loss: 0.189 | Opp label coverage: 0.82
Step 667246/5000000 | Win rate (rollout): 0.44 | Loss: 0.139 | Opp label coverage: 0.85
Step 667761/5000000 | Win rate (rollout): 0.45 | Loss: 0.098 | Opp label coverage: 0.90
Step 668278/5000000 | Win rate (rollout): 0.67 | Loss: 0.158 | Opp label coverage: 0.88
Step 668790/5000000 | Win rate (rollout): 0.43 | Loss: 0.190 | Opp label coverage: 0.83
Step 669302/5000000 | Win rate (rollout): 0.42 | Loss: 0.181 | Opp label coverage: 0.88
Step 669814/5000000 | Win rate (rollout): 0.40 | Loss: 0.165 | Opp label coverage: 0.79
Step 670326/5000000 | Win rate (rollout): 0.33 | Loss: 0.175 | Opp label coverage: 0.85
Step 670840/5000000 | Win rate (rollout): 0.36 | Loss: 0.264 | Opp label coverage: 0.89
Step 671352/5000000 | Win rate (rollout): 0.31 | Loss: 0.205 | Opp label coverage: 0.85
Step 671864/5000000 | Win rate (rollout): 0.67 | Loss: 0.160 | Opp label coverage: 0.82
Step 672376/5000000 | Win rate (rollout): 0.25 | Loss: 0.172 | Opp label coverage: 0.85
Step 672893/5000000 | Win rate (rollout): 0.82 | Loss: 0.152 | Opp label coverage: 0.90
Step 673405/5000000 | Win rate (rollout): 0.33 | Loss: 0.177 | Opp label coverage: 0.83
Step 673917/5000000 | Win rate (rollout): 0.56 | Loss: 0.153 | Opp label coverage: 0.89
Step 674430/5000000 | Win rate (rollout): 0.43 | Loss: 0.139 | Opp label coverage: 0.89
Step 674942/5000000 | Win rate (rollout): 0.47 | Loss: 0.195 | Opp label coverage: 0.85
[checkpoint] Saved /Users/laithassaf/Documents/Programs/Archived/pokemon-showdown/models/ppo/checkpoints/opp/ppo_step_675096.pt
Step 675454/5000000 | Win rate (rollout): 0.20 | Loss: 0.164 | Opp label coverage: 0.86
Step 675971/5000000 | Win rate (rollout): 0.43 | Loss: 0.180 | Opp label coverage: 0.89
Step 676483/5000000 | Win rate (rollout): 0.69 | Loss: 0.159 | Opp label coverage: 0.84
Step 676995/5000000 | Win rate (rollout): 0.61 | Loss: 0.218 | Opp label coverage: 0.83
Step 677507/5000000 | Win rate (rollout): 0.64 | Loss: 0.199 | Opp label coverage: 0.88
Step 678019/5000000 | Win rate (rollout): 0.20 | Loss: 0.159 | Opp label coverage: 0.75
Step 678534/5000000 | Win rate (rollout): 0.73 | Loss: 0.191 | Opp label coverage: 0.90
Step 679048/5000000 | Win rate (rollout): 0.40 | Loss: 0.172 | Opp label coverage: 0.88
Step 679560/5000000 | Win rate (rollout): 0.33 | Loss: 0.162 | Opp label coverage: 0.79
Step 680076/5000000 | Win rate (rollout): 0.50 | Loss: 0.160 | Opp label coverage: 0.91
Step 680588/5000000 | Win rate (rollout): 0.50 | Loss: 0.198 | Opp label coverage: 0.83
Step 681100/5000000 | Win rate (rollout): 0.36 | Loss: 0.169 | Opp label coverage: 0.86
Step 681616/5000000 | Win rate (rollout): 0.73 | Loss: 0.172 | Opp label coverage: 0.90
Step 682133/5000000 | Win rate (rollout): 0.57 | Loss: 0.223 | Opp label coverage: 0.89
Step 682649/5000000 | Win rate (rollout): 0.36 | Loss: 0.245 | Opp label coverage: 0.88
Step 683161/5000000 | Win rate (rollout): 0.31 | Loss: 0.186 | Opp label coverage: 0.82
Step 683673/5000000 | Win rate (rollout): 0.78 | Loss: 0.187 | Opp label coverage: 0.89
Step 684189/5000000 | Win rate (rollout): 0.62 | Loss: 0.215 | Opp label coverage: 0.90
Step 684708/5000000 | Win rate (rollout): 0.46 | Loss: 0.121 | Opp label coverage: 0.88
Step 685220/5000000 | Win rate (rollout): 0.33 | Loss: 0.175 | Opp label coverage: 0.84
Step 685734/5000000 | Win rate (rollout): 0.50 | Loss: 0.189 | Opp label coverage: 0.87
Step 686246/5000000 | Win rate (rollout): 0.50 | Loss: 0.173 | Opp label coverage: 0.81
Step 686758/5000000 | Win rate (rollout): 0.46 | Loss: 0.189 | Opp label coverage: 0.81
Step 687270/5000000 | Win rate (rollout): 0.50 | Loss: 0.192 | Opp label coverage: 0.82
Step 687788/5000000 | Win rate (rollout): 0.60 | Loss: 0.142 | Opp label coverage: 0.89
Step 688300/5000000 | Win rate (rollout): 0.86 | Loss: 0.163 | Opp label coverage: 0.77
Step 688812/5000000 | Win rate (rollout): 0.54 | Loss: 0.170 | Opp label coverage: 0.82
Step 689328/5000000 | Win rate (rollout): 0.42 | Loss: 0.205 | Opp label coverage: 0.89
Step 689840/5000000 | Win rate (rollout): 0.46 | Loss: 0.180 | Opp label coverage: 0.90
Step 690353/5000000 | Win rate (rollout): 0.57 | Loss: 0.143 | Opp label coverage: 0.89
Step 690865/5000000 | Win rate (rollout): 0.33 | Loss: 0.189 | Opp label coverage: 0.84
Step 691378/5000000 | Win rate (rollout): 0.43 | Loss: 0.067 | Opp label coverage: 0.87
Step 691893/5000000 | Win rate (rollout): 0.46 | Loss: 0.223 | Opp label coverage: 0.89
Step 692405/5000000 | Win rate (rollout): 0.67 | Loss: 0.169 | Opp label coverage: 0.88
Step 692917/5000000 | Win rate (rollout): 0.25 | Loss: 0.175 | Opp label coverage: 0.81
Step 693435/5000000 | Win rate (rollout): 0.50 | Loss: 0.118 | Opp label coverage: 0.91
Step 693953/5000000 | Win rate (rollout): 0.57 | Loss: 0.192 | Opp label coverage: 0.88
Step 694470/5000000 | Win rate (rollout): 0.60 | Loss: 0.184 | Opp label coverage: 0.90
Step 694984/5000000 | Win rate (rollout): 0.64 | Loss: 0.196 | Opp label coverage: 0.90
Step 695499/5000000 | Win rate (rollout): 0.53 | Loss: 0.178 | Opp label coverage: 0.89
Step 696011/5000000 | Win rate (rollout): 0.43 | Loss: 0.233 | Opp label coverage: 0.82
Step 696523/5000000 | Win rate (rollout): 0.47 | Loss: 0.180 | Opp label coverage: 0.83
Step 697035/5000000 | Win rate (rollout): 0.57 | Loss: 0.158 | Opp label coverage: 0.84
Step 697547/5000000 | Win rate (rollout): 0.33 | Loss: 0.162 | Opp label coverage: 0.82
Step 698059/5000000 | Win rate (rollout): 0.36 | Loss: 0.155 | Opp label coverage: 0.87
Step 698571/5000000 | Win rate (rollout): 0.90 | Loss: 0.174 | Opp label coverage: 0.83
Step 699089/5000000 | Win rate (rollout): 0.45 | Loss: 0.170 | Opp label coverage: 0.90
Step 699601/5000000 | Win rate (rollout): 0.60 | Loss: 0.183 | Opp label coverage: 0.83
[checkpoint] Saved /Users/laithassaf/Documents/Programs/Archived/pokemon-showdown/models/ppo/checkpoints/opp/ppo_step_700101.pt
Step 700116/5000000 | Win rate (rollout): 0.38 | Loss: 0.206 | Opp label coverage: 0.90
Step 700628/5000000 | Win rate (rollout): 0.60 | Loss: 0.174 | Opp label coverage: 0.85
Step 701143/5000000 | Win rate (rollout): 0.40 | Loss: 0.170 | Opp label coverage: 0.89
Step 701662/5000000 | Win rate (rollout): 0.67 | Loss: 0.163 | Opp label coverage: 0.91
Step 702175/5000000 | Win rate (rollout): 0.58 | Loss: 0.048 | Opp label coverage: 0.91
Step 702693/5000000 | Win rate (rollout): 0.42 | Loss: 0.166 | Opp label coverage: 0.91
Step 703210/5000000 | Win rate (rollout): 0.42 | Loss: 0.167 | Opp label coverage: 0.90
Step 703725/5000000 | Win rate (rollout): 0.67 | Loss: 0.141 | Opp label coverage: 0.89
Step 704238/5000000 | Win rate (rollout): 0.60 | Loss: 0.182 | Opp label coverage: 0.90
Step 704750/5000000 | Win rate (rollout): 0.29 | Loss: 0.202 | Opp label coverage: 0.81
Step 705262/5000000 | Win rate (rollout): 0.56 | Loss: 0.173 | Opp label coverage: 0.88
Step 705774/5000000 | Win rate (rollout): 0.64 | Loss: 0.158 | Opp label coverage: 0.82
Step 706286/5000000 | Win rate (rollout): 0.73 | Loss: 0.190 | Opp label coverage: 0.90
Step 706798/5000000 | Win rate (rollout): 0.62 | Loss: 0.194 | Opp label coverage: 0.84
Step 707310/5000000 | Win rate (rollout): 0.31 | Loss: 0.192 | Opp label coverage: 0.85
Step 707822/5000000 | Win rate (rollout): 0.50 | Loss: 0.165 | Opp label coverage: 0.81
Step 708337/5000000 | Win rate (rollout): 0.70 | Loss: 0.123 | Opp label coverage: 0.89
Step 708849/5000000 | Win rate (rollout): 0.53 | Loss: 0.185 | Opp label coverage: 0.83
Step 709362/5000000 | Win rate (rollout): 0.50 | Loss: 0.207 | Opp label coverage: 0.89
Step 709874/5000000 | Win rate (rollout): 0.25 | Loss: 0.164 | Opp label coverage: 0.83
Step 710387/5000000 | Win rate (rollout): 0.36 | Loss: 0.208 | Opp label coverage: 0.89
Step 710902/5000000 | Win rate (rollout): 0.67 | Loss: 0.164 | Opp label coverage: 0.90
Step 711414/5000000 | Win rate (rollout): 0.33 | Loss: 0.199 | Opp label coverage: 0.84
Step 711930/5000000 | Win rate (rollout): 0.27 | Loss: 0.205 | Opp label coverage: 0.88
Step 712446/5000000 | Win rate (rollout): 0.53 | Loss: 0.083 | Opp label coverage: 0.90
Step 712960/5000000 | Win rate (rollout): 0.31 | Loss: 0.170 | Opp label coverage: 0.88
Step 713472/5000000 | Win rate (rollout): 0.22 | Loss: 0.148 | Opp label coverage: 0.84
Step 713984/5000000 | Win rate (rollout): 0.33 | Loss: 0.154 | Opp label coverage: 0.81
Step 714496/5000000 | Win rate (rollout): 0.60 | Loss: 0.171 | Opp label coverage: 0.86
Step 715008/5000000 | Win rate (rollout): 0.46 | Loss: 0.184 | Opp label coverage: 0.83
Step 715520/5000000 | Win rate (rollout): 0.57 | Loss: 0.186 | Opp label coverage: 0.82
Step 716035/5000000 | Win rate (rollout): 0.50 | Loss: 0.165 | Opp label coverage: 0.89
Step 716547/5000000 | Win rate (rollout): 0.56 | Loss: 0.149 | Opp label coverage: 0.84
Step 717063/5000000 | Win rate (rollout): 0.25 | Loss: 0.148 | Opp label coverage: 0.89
Step 717576/5000000 | Win rate (rollout): 0.44 | Loss: 0.090 | Opp label coverage: 0.88
Step 718088/5000000 | Win rate (rollout): 0.44 | Loss: 0.182 | Opp label coverage: 0.82
Step 718600/5000000 | Win rate (rollout): 0.50 | Loss: 0.174 | Opp label coverage: 0.83
Step 719115/5000000 | Win rate (rollout): 0.82 | Loss: 0.140 | Opp label coverage: 0.89
Step 719627/5000000 | Win rate (rollout): 0.60 | Loss: 0.201 | Opp label coverage: 0.88
Step 720146/5000000 | Win rate (rollout): 0.54 | Loss: 0.203 | Opp label coverage: 0.88
Step 720658/5000000 | Win rate (rollout): 0.45 | Loss: 0.193 | Opp label coverage: 0.85
Step 721170/5000000 | Win rate (rollout): 0.75 | Loss: 0.140 | Opp label coverage: 0.85
Step 721682/5000000 | Win rate (rollout): 0.08 | Loss: 0.168 | Opp label coverage: 0.76
Step 722198/5000000 | Win rate (rollout): 0.60 | Loss: 0.155 | Opp label coverage: 0.88
Step 722710/5000000 | Win rate (rollout): 0.64 | Loss: 0.155 | Opp label coverage: 0.83
Step 723224/5000000 | Win rate (rollout): 0.73 | Loss: 0.153 | Opp label coverage: 0.89
Step 723738/5000000 | Win rate (rollout): 0.50 | Loss: 0.136 | Opp label coverage: 0.89
Step 724257/5000000 | Win rate (rollout): 0.38 | Loss: 0.198 | Opp label coverage: 0.90
Step 724772/5000000 | Win rate (rollout): 0.60 | Loss: 0.123 | Opp label coverage: 0.89
[checkpoint] Saved /Users/laithassaf/Documents/Programs/Archived/pokemon-showdown/models/ppo/checkpoints/opp/ppo_step_725104.pt
Step 725289/5000000 | Win rate (rollout): 0.57 | Loss: 0.175 | Opp label coverage: 0.90
Step 725801/5000000 | Win rate (rollout): 0.38 | Loss: 0.193 | Opp label coverage: 0.82
Step 726318/5000000 | Win rate (rollout): 0.50 | Loss: 0.152 | Opp label coverage: 0.89
Step 726831/5000000 | Win rate (rollout): 0.23 | Loss: 0.150 | Opp label coverage: 0.89
Step 727345/5000000 | Win rate (rollout): 0.42 | Loss: 0.202 | Opp label coverage: 0.90
Step 727861/5000000 | Win rate (rollout): 0.25 | Loss: 0.197 | Opp label coverage: 0.89
Step 728375/5000000 | Win rate (rollout): 0.62 | Loss: 0.183 | Opp label coverage: 0.91
Step 728893/5000000 | Win rate (rollout): 0.38 | Loss: 0.148 | Opp label coverage: 0.90
Step 729405/5000000 | Win rate (rollout): 0.38 | Loss: 0.160 | Opp label coverage: 0.84
Step 729922/5000000 | Win rate (rollout): 0.40 | Loss: 0.155 | Opp label coverage: 0.90
Step 730434/5000000 | Win rate (rollout): 0.64 | Loss: 0.139 | Opp label coverage: 0.90
Step 730946/5000000 | Win rate (rollout): 0.33 | Loss: 0.209 | Opp label coverage: 0.79
Step 731458/5000000 | Win rate (rollout): 0.47 | Loss: 0.180 | Opp label coverage: 0.80
Step 731970/5000000 | Win rate (rollout): 0.64 | Loss: 0.207 | Opp label coverage: 0.89
Step 732482/5000000 | Win rate (rollout): 0.53 | Loss: 0.176 | Opp label coverage: 0.88
Step 732994/5000000 | Win rate (rollout): 0.42 | Loss: 0.197 | Opp label coverage: 0.88
Step 733513/5000000 | Win rate (rollout): 0.53 | Loss: 0.207 | Opp label coverage: 0.88
Step 734025/5000000 | Win rate (rollout): 0.40 | Loss: 0.154 | Opp label coverage: 0.82
Step 734537/5000000 | Win rate (rollout): 0.36 | Loss: 0.168 | Opp label coverage: 0.89
Step 735050/5000000 | Win rate (rollout): 0.33 | Loss: 0.245 | Opp label coverage: 0.89
Step 735562/5000000 | Win rate (rollout): 0.36 | Loss: 0.185 | Opp label coverage: 0.84
Step 736074/5000000 | Win rate (rollout): 0.33 | Loss: 0.178 | Opp label coverage: 0.88
Step 736586/5000000 | Win rate (rollout): 0.36 | Loss: 0.195 | Opp label coverage: 0.84
Step 737098/5000000 | Win rate (rollout): 0.29 | Loss: 0.191 | Opp label coverage: 0.81
Step 737614/5000000 | Win rate (rollout): 0.45 | Loss: 0.160 | Opp label coverage: 0.89
Step 738126/5000000 | Win rate (rollout): 0.54 | Loss: 0.183 | Opp label coverage: 0.84
Step 738644/5000000 | Win rate (rollout): 0.44 | Loss: 0.173 | Opp label coverage: 0.90
Step 739156/5000000 | Win rate (rollout): 0.43 | Loss: 0.197 | Opp label coverage: 0.80
Step 739671/5000000 | Win rate (rollout): 0.73 | Loss: 0.192 | Opp label coverage: 0.89
Step 740183/5000000 | Win rate (rollout): 0.38 | Loss: 0.179 | Opp label coverage: 0.84
Step 740696/5000000 | Win rate (rollout): 0.27 | Loss: 0.218 | Opp label coverage: 0.88
Step 741208/5000000 | Win rate (rollout): 0.36 | Loss: 0.182 | Opp label coverage: 0.85
Step 741720/5000000 | Win rate (rollout): 0.53 | Loss: 0.201 | Opp label coverage: 0.85
Step 742234/5000000 | Win rate (rollout): 0.43 | Loss: 0.198 | Opp label coverage: 0.90
Step 742746/5000000 | Win rate (rollout): 0.62 | Loss: 0.136 | Opp label coverage: 0.92
Step 743260/5000000 | Win rate (rollout): 0.46 | Loss: 0.204 | Opp label coverage: 0.89
Step 743774/5000000 | Win rate (rollout): 0.67 | Loss: 0.103 | Opp label coverage: 0.90
Step 744287/5000000 | Win rate (rollout): 0.60 | Loss: 0.203 | Opp label coverage: 0.91
Step 744799/5000000 | Win rate (rollout): 0.56 | Loss: 0.197 | Opp label coverage: 0.84
Step 745311/5000000 | Win rate (rollout): 0.08 | Loss: 0.167 | Opp label coverage: 0.83
Step 745830/5000000 | Win rate (rollout): 0.30 | Loss: 0.171 | Opp label coverage: 0.87
Step 746347/5000000 | Win rate (rollout): 0.38 | Loss: 0.173 | Opp label coverage: 0.88
Step 746859/5000000 | Win rate (rollout): 0.44 | Loss: 0.176 | Opp label coverage: 0.79
Step 747371/5000000 | Win rate (rollout): 0.50 | Loss: 0.226 | Opp label coverage: 0.83
Step 747888/5000000 | Win rate (rollout): 0.78 | Loss: 0.216 | Opp label coverage: 0.89
Step 748404/5000000 | Win rate (rollout): 0.45 | Loss: 0.146 | Opp label coverage: 0.89
Step 748916/5000000 | Win rate (rollout): 0.69 | Loss: 0.186 | Opp label coverage: 0.88
Step 749428/5000000 | Win rate (rollout): 0.58 | Loss: 0.160 | Opp label coverage: 0.85
Step 749946/5000000 | Win rate (rollout): 0.25 | Loss: 0.164 | Opp label coverage: 0.89
[checkpoint] Saved /Users/laithassaf/Documents/Programs/Archived/pokemon-showdown/models/ppo/checkpoints/opp/ppo_step_750106.pt
Step 750458/5000000 | Win rate (rollout): 0.43 | Loss: 0.176 | Opp label coverage: 0.86
Step 750970/5000000 | Win rate (rollout): 0.36 | Loss: 0.179 | Opp label coverage: 0.88
Step 751487/5000000 | Win rate (rollout): 0.36 | Loss: 0.207 | Opp label coverage: 0.89
Step 752002/5000000 | Win rate (rollout): 0.50 | Loss: 0.201 | Opp label coverage: 0.89
Step 752514/5000000 | Win rate (rollout): 0.33 | Loss: 0.171 | Opp label coverage: 0.84
Step 753027/5000000 | Win rate (rollout): 0.62 | Loss: 0.108 | Opp label coverage: 0.89
Step 753539/5000000 | Win rate (rollout): 0.60 | Loss: 0.205 | Opp label coverage: 0.81
Step 754051/5000000 | Win rate (rollout): 0.27 | Loss: 0.195 | Opp label coverage: 0.82
Step 754569/5000000 | Win rate (rollout): 0.73 | Loss: 0.206 | Opp label coverage: 0.91
Step 755087/5000000 | Win rate (rollout): 0.67 | Loss: 0.144 | Opp label coverage: 0.90
Step 755599/5000000 | Win rate (rollout): 0.78 | Loss: 0.184 | Opp label coverage: 0.83
Step 756114/5000000 | Win rate (rollout): 0.56 | Loss: 0.222 | Opp label coverage: 0.91
Step 756626/5000000 | Win rate (rollout): 0.40 | Loss: 0.144 | Opp label coverage: 0.88
Step 757138/5000000 | Win rate (rollout): 0.60 | Loss: 0.187 | Opp label coverage: 0.89
Step 757650/5000000 | Win rate (rollout): 0.23 | Loss: 0.210 | Opp label coverage: 0.81
Step 758166/5000000 | Win rate (rollout): 0.62 | Loss: 0.148 | Opp label coverage: 0.90
Step 758678/5000000 | Win rate (rollout): 0.60 | Loss: 0.201 | Opp label coverage: 0.80
Step 759190/5000000 | Win rate (rollout): 0.50 | Loss: 0.152 | Opp label coverage: 0.82
Step 759706/5000000 | Win rate (rollout): 0.44 | Loss: 0.195 | Opp label coverage: 0.89
Step 760221/5000000 | Win rate (rollout): 0.46 | Loss: 0.177 | Opp label coverage: 0.91
Step 760733/5000000 | Win rate (rollout): 0.42 | Loss: 0.190 | Opp label coverage: 0.89
Step 761245/5000000 | Win rate (rollout): 0.38 | Loss: 0.229 | Opp label coverage: 0.83
Step 761757/5000000 | Win rate (rollout): 0.29 | Loss: 0.163 | Opp label coverage: 0.83
Step 762275/5000000 | Win rate (rollout): 0.88 | Loss: 0.196 | Opp label coverage: 0.91
Step 762787/5000000 | Win rate (rollout): 0.56 | Loss: 0.173 | Opp label coverage: 0.83
Step 763299/5000000 | Win rate (rollout): 0.50 | Loss: 0.149 | Opp label coverage: 0.91
Step 763815/5000000 | Win rate (rollout): 0.40 | Loss: 0.150 | Opp label coverage: 0.87
Step 764332/5000000 | Win rate (rollout): 0.53 | Loss: 0.164 | Opp label coverage: 0.90
Step 764844/5000000 | Win rate (rollout): 0.36 | Loss: 0.183 | Opp label coverage: 0.82
Step 765356/5000000 | Win rate (rollout): 0.75 | Loss: 0.170 | Opp label coverage: 0.88
Step 765874/5000000 | Win rate (rollout): 0.50 | Loss: 0.119 | Opp label coverage: 0.92
Step 766386/5000000 | Win rate (rollout): 0.55 | Loss: 0.206 | Opp label coverage: 0.84
Step 766898/5000000 | Win rate (rollout): 0.27 | Loss: 0.154 | Opp label coverage: 0.80
Step 767415/5000000 | Win rate (rollout): 0.43 | Loss: 0.179 | Opp label coverage: 0.90
Step 767934/5000000 | Win rate (rollout): 0.36 | Loss: 0.110 | Opp label coverage: 0.91
Step 768450/5000000 | Win rate (rollout): 0.71 | Loss: 0.164 | Opp label coverage: 0.90
Step 768962/5000000 | Win rate (rollout): 0.14 | Loss: 0.186 | Opp label coverage: 0.82
Step 769474/5000000 | Win rate (rollout): 0.57 | Loss: 0.148 | Opp label coverage: 0.82
Step 769987/5000000 | Win rate (rollout): 0.38 | Loss: 0.019 | Opp label coverage: 0.90
Step 770499/5000000 | Win rate (rollout): 0.58 | Loss: 0.188 | Opp label coverage: 0.83
Step 771011/5000000 | Win rate (rollout): 0.56 | Loss: 0.155 | Opp label coverage: 0.85
Step 771526/5000000 | Win rate (rollout): 0.89 | Loss: 0.162 | Opp label coverage: 0.90
Step 772041/5000000 | Win rate (rollout): 0.73 | Loss: 0.125 | Opp label coverage: 0.92
Step 772558/5000000 | Win rate (rollout): 0.75 | Loss: 0.169 | Opp label coverage: 0.91
Step 773072/5000000 | Win rate (rollout): 0.67 | Loss: 0.126 | Opp label coverage: 0.90
Step 773584/5000000 | Win rate (rollout): 1.00 | Loss: 0.153 | Opp label coverage: 0.87
Step 774097/5000000 | Win rate (rollout): 0.78 | Loss: 0.123 | Opp label coverage: 0.91
Step 774609/5000000 | Win rate (rollout): 0.71 | Loss: 0.155 | Opp label coverage: 0.84
[checkpoint] Saved /Users/laithassaf/Documents/Programs/Archived/pokemon-showdown/models/ppo/checkpoints/opp/ppo_step_775113.pt
Step 775121/5000000 | Win rate (rollout): 0.90 | Loss: 0.143 | Opp label coverage: 0.83
Step 775636/5000000 | Win rate (rollout): 0.38 | Loss: 0.119 | Opp label coverage: 0.90
Step 776152/5000000 | Win rate (rollout): 0.50 | Loss: 0.224 | Opp label coverage: 0.89
Step 776664/5000000 | Win rate (rollout): 0.33 | Loss: 0.196 | Opp label coverage: 0.82
Step 777176/5000000 | Win rate (rollout): 0.59 | Loss: 0.179 | Opp label coverage: 0.83
Step 777688/5000000 | Win rate (rollout): 0.62 | Loss: 0.165 | Opp label coverage: 0.87
Step 778200/5000000 | Win rate (rollout): 0.44 | Loss: 0.159 | Opp label coverage: 0.91
Step 778712/5000000 | Win rate (rollout): 0.60 | Loss: 0.195 | Opp label coverage: 0.87
Step 779230/5000000 | Win rate (rollout): 0.45 | Loss: 0.127 | Opp label coverage: 0.91
Step 779742/5000000 | Win rate (rollout): 0.54 | Loss: 0.226 | Opp label coverage: 0.83
Step 780254/5000000 | Win rate (rollout): 0.38 | Loss: 0.153 | Opp label coverage: 0.82
Step 780766/5000000 | Win rate (rollout): 0.19 | Loss: 0.203 | Opp label coverage: 0.85
Step 781278/5000000 | Win rate (rollout): 0.47 | Loss: 0.150 | Opp label coverage: 0.79
Step 781790/5000000 | Win rate (rollout): 0.20 | Loss: 0.192 | Opp label coverage: 0.82
Step 782303/5000000 | Win rate (rollout): 0.36 | Loss: 0.154 | Opp label coverage: 0.88
Step 782815/5000000 | Win rate (rollout): 0.50 | Loss: 0.188 | Opp label coverage: 0.79
Step 783327/5000000 | Win rate (rollout): 0.42 | Loss: 0.159 | Opp label coverage: 0.82
Step 783839/5000000 | Win rate (rollout): 0.36 | Loss: 0.155 | Opp label coverage: 0.81
Step 784351/5000000 | Win rate (rollout): 0.53 | Loss: 0.185 | Opp label coverage: 0.83
Step 784869/5000000 | Win rate (rollout): 0.30 | Loss: 0.155 | Opp label coverage: 0.89
Step 785388/5000000 | Win rate (rollout): 0.46 | Loss: 0.144 | Opp label coverage: 0.89
Step 785904/5000000 | Win rate (rollout): 0.62 | Loss: 0.149 | Opp label coverage: 0.91
Step 786420/5000000 | Win rate (rollout): 0.33 | Loss: 0.189 | Opp label coverage: 0.88
Step 786933/5000000 | Win rate (rollout): 0.57 | Loss: 0.158 | Opp label coverage: 0.88
Step 787445/5000000 | Win rate (rollout): 0.78 | Loss: 0.171 | Opp label coverage: 0.84
Step 787957/5000000 | Win rate (rollout): 0.73 | Loss: 0.192 | Opp label coverage: 0.75
Step 788471/5000000 | Win rate (rollout): 0.67 | Loss: 0.204 | Opp label coverage: 0.88
Step 788988/5000000 | Win rate (rollout): 0.55 | Loss: 0.161 | Opp label coverage: 0.89
Step 789505/5000000 | Win rate (rollout): 0.62 | Loss: 0.208 | Opp label coverage: 0.90
Step 790017/5000000 | Win rate (rollout): 0.14 | Loss: 0.184 | Opp label coverage: 0.84
Step 790529/5000000 | Win rate (rollout): 0.43 | Loss: 0.177 | Opp label coverage: 0.83
Step 791041/5000000 | Win rate (rollout): 0.60 | Loss: 0.204 | Opp label coverage: 0.85
Step 791553/5000000 | Win rate (rollout): 0.62 | Loss: 0.177 | Opp label coverage: 0.85
Step 792065/5000000 | Win rate (rollout): 0.56 | Loss: 0.204 | Opp label coverage: 0.85
Step 792577/5000000 | Win rate (rollout): 0.64 | Loss: 0.201 | Opp label coverage: 0.83
Step 793094/5000000 | Win rate (rollout): 0.91 | Loss: 0.153 | Opp label coverage: 0.90
Step 793606/5000000 | Win rate (rollout): 0.29 | Loss: 0.188 | Opp label coverage: 0.84
Step 794124/5000000 | Win rate (rollout): 0.70 | Loss: 0.110 | Opp label coverage: 0.91
Step 794641/5000000 | Win rate (rollout): 0.57 | Loss: 0.143 | Opp label coverage: 0.88
Step 795153/5000000 | Win rate (rollout): 0.46 | Loss: 0.209 | Opp label coverage: 0.85
Step 795665/5000000 | Win rate (rollout): 0.73 | Loss: 0.175 | Opp label coverage: 0.81
Step 796177/5000000 | Win rate (rollout): 0.69 | Loss: 0.187 | Opp label coverage: 0.89
Step 796689/5000000 | Win rate (rollout): 0.77 | Loss: 0.170 | Opp label coverage: 0.80
Step 797206/5000000 | Win rate (rollout): 0.30 | Loss: 0.189 | Opp label coverage: 0.89
Step 797718/5000000 | Win rate (rollout): 0.80 | Loss: 0.145 | Opp label coverage: 0.82
Step 798234/5000000 | Win rate (rollout): 0.44 | Loss: 0.177 | Opp label coverage: 0.90
Step 798751/5000000 | Win rate (rollout): 0.67 | Loss: 0.147 | Opp label coverage: 0.91
Step 799263/5000000 | Win rate (rollout): 0.44 | Loss: 0.155 | Opp label coverage: 0.87
Step 799775/5000000 | Win rate (rollout): 0.60 | Loss: 0.179 | Opp label coverage: 0.82
[checkpoint] Saved /Users/laithassaf/Documents/Programs/Archived/pokemon-showdown/models/ppo/checkpoints/opp/ppo_step_800119.pt
Step 800287/5000000 | Win rate (rollout): 0.44 | Loss: 0.187 | Opp label coverage: 0.80
Step 800799/5000000 | Win rate (rollout): 0.50 | Loss: 0.187 | Opp label coverage: 0.84
Step 801312/5000000 | Win rate (rollout): 0.60 | Loss: 0.195 | Opp label coverage: 0.88
Step 801824/5000000 | Win rate (rollout): 0.62 | Loss: 0.178 | Opp label coverage: 0.84
Step 802336/5000000 | Win rate (rollout): 0.64 | Loss: 0.175 | Opp label coverage: 0.84
Step 802854/5000000 | Win rate (rollout): 0.64 | Loss: 0.165 | Opp label coverage: 0.89
Step 803366/5000000 | Win rate (rollout): 0.42 | Loss: 0.189 | Opp label coverage: 0.84
Step 803878/5000000 | Win rate (rollout): 0.31 | Loss: 0.173 | Opp label coverage: 0.85
Step 804390/5000000 | Win rate (rollout): 0.86 | Loss: 0.163 | Opp label coverage: 0.81
Step 804902/5000000 | Win rate (rollout): 0.71 | Loss: 0.141 | Opp label coverage: 0.80
Step 805414/5000000 | Win rate (rollout): 0.44 | Loss: 0.132 | Opp label coverage: 0.87
Step 805926/5000000 | Win rate (rollout): 0.64 | Loss: 0.200 | Opp label coverage: 0.83
Step 806438/5000000 | Win rate (rollout): 0.38 | Loss: 0.227 | Opp label coverage: 0.84
Step 806953/5000000 | Win rate (rollout): 0.67 | Loss: 0.158 | Opp label coverage: 0.89
Step 807465/5000000 | Win rate (rollout): 0.50 | Loss: 0.153 | Opp label coverage: 0.82
Step 807977/5000000 | Win rate (rollout): 0.58 | Loss: 0.160 | Opp label coverage: 0.84
Step 808496/5000000 | Win rate (rollout): 0.45 | Loss: 0.129 | Opp label coverage: 0.89
Step 809008/5000000 | Win rate (rollout): 0.14 | Loss: 0.186 | Opp label coverage: 0.80
Step 809520/5000000 | Win rate (rollout): 0.60 | Loss: 0.151 | Opp label coverage: 0.89
Step 810032/5000000 | Win rate (rollout): 0.46 | Loss: 0.180 | Opp label coverage: 0.84
Step 810544/5000000 | Win rate (rollout): 0.54 | Loss: 0.149 | Opp label coverage: 0.85
Step 811056/5000000 | Win rate (rollout): 0.14 | Loss: 0.173 | Opp label coverage: 0.86
Step 811569/5000000 | Win rate (rollout): 1.00 | Loss: 0.180 | Opp label coverage: 0.90
Step 812086/5000000 | Win rate (rollout): 0.29 | Loss: 0.155 | Opp label coverage: 0.88
Step 812603/5000000 | Win rate (rollout): 0.50 | Loss: 0.134 | Opp label coverage: 0.89
Step 813120/5000000 | Win rate (rollout): 0.47 | Loss: 0.188 | Opp label coverage: 0.88
Step 813632/5000000 | Win rate (rollout): 0.64 | Loss: 0.147 | Opp label coverage: 0.88
Step 814144/5000000 | Win rate (rollout): 0.56 | Loss: 0.155 | Opp label coverage: 0.88
Step 814656/5000000 | Win rate (rollout): 0.36 | Loss: 0.160 | Opp label coverage: 0.88
Step 815168/5000000 | Win rate (rollout): 0.50 | Loss: 0.184 | Opp label coverage: 0.87
Step 815680/5000000 | Win rate (rollout): 0.45 | Loss: 0.163 | Opp label coverage: 0.90
Step 816192/5000000 | Win rate (rollout): 0.23 | Loss: 0.175 | Opp label coverage: 0.83
Step 816707/5000000 | Win rate (rollout): 0.36 | Loss: 0.193 | Opp label coverage: 0.89
Step 817220/5000000 | Win rate (rollout): 0.80 | Loss: 0.283 | Opp label coverage: 0.92
Step 817732/5000000 | Win rate (rollout): 0.58 | Loss: 0.172 | Opp label coverage: 0.82
Step 818244/5000000 | Win rate (rollout): 0.67 | Loss: 0.156 | Opp label coverage: 0.79
Step 818756/5000000 | Win rate (rollout): 0.75 | Loss: 0.178 | Opp label coverage: 0.81
Step 819271/5000000 | Win rate (rollout): 0.67 | Loss: 0.118 | Opp label coverage: 0.89
Step 819783/5000000 | Win rate (rollout): 0.56 | Loss: 0.157 | Opp label coverage: 0.77
Step 820295/5000000 | Win rate (rollout): 0.67 | Loss: 0.161 | Opp label coverage: 0.87
Step 820810/5000000 | Win rate (rollout): 0.44 | Loss: 0.107 | Opp label coverage: 0.88
Step 821325/5000000 | Win rate (rollout): 0.29 | Loss: 0.157 | Opp label coverage: 0.88
Step 821841/5000000 | Win rate (rollout): 0.56 | Loss: 0.140 | Opp label coverage: 0.88
Step 822358/5000000 | Win rate (rollout): 0.40 | Loss: 0.158 | Opp label coverage: 0.88
Step 822870/5000000 | Win rate (rollout): 0.50 | Loss: 0.183 | Opp label coverage: 0.83
Step 823382/5000000 | Win rate (rollout): 0.41 | Loss: 0.184 | Opp label coverage: 0.84
Step 823894/5000000 | Win rate (rollout): 0.19 | Loss: 0.175 | Opp label coverage: 0.82
Step 824406/5000000 | Win rate (rollout): 0.56 | Loss: 0.186 | Opp label coverage: 0.84
Step 824918/5000000 | Win rate (rollout): 0.50 | Loss: 0.208 | Opp label coverage: 0.84
[checkpoint] Saved /Users/laithassaf/Documents/Programs/Archived/pokemon-showdown/models/ppo/checkpoints/opp/ppo_step_825126.pt
Step 825430/5000000 | Win rate (rollout): 0.50 | Loss: 0.168 | Opp label coverage: 0.82
Step 825945/5000000 | Win rate (rollout): 0.42 | Loss: 0.181 | Opp label coverage: 0.87
Step 826457/5000000 | Win rate (rollout): 0.67 | Loss: 0.201 | Opp label coverage: 0.83
Step 826969/5000000 | Win rate (rollout): 0.43 | Loss: 0.142 | Opp label coverage: 0.82
Step 827481/5000000 | Win rate (rollout): 0.36 | Loss: 0.170 | Opp label coverage: 0.84
Step 828000/5000000 | Win rate (rollout): 0.64 | Loss: 0.185 | Opp label coverage: 0.88
Step 828515/5000000 | Win rate (rollout): 0.70 | Loss: 0.131 | Opp label coverage: 0.90
Step 829029/5000000 | Win rate (rollout): 0.58 | Loss: 0.174 | Opp label coverage: 0.90
Step 829541/5000000 | Win rate (rollout): 0.62 | Loss: 0.168 | Opp label coverage: 0.85
Step 830053/5000000 | Win rate (rollout): 0.53 | Loss: 0.185 | Opp label coverage: 0.83
Step 830570/5000000 | Win rate (rollout): 0.64 | Loss: 0.227 | Opp label coverage: 0.87
Step 831082/5000000 | Win rate (rollout): 0.54 | Loss: 0.193 | Opp label coverage: 0.83
Step 831596/5000000 | Win rate (rollout): 0.67 | Loss: 0.188 | Opp label coverage: 0.89
Step 832113/5000000 | Win rate (rollout): 0.77 | Loss: 0.139 | Opp label coverage: 0.91
Step 832625/5000000 | Win rate (rollout): 0.27 | Loss: 0.181 | Opp label coverage: 0.82
Step 833140/5000000 | Win rate (rollout): 0.70 | Loss: 0.146 | Opp label coverage: 0.88
Step 833654/5000000 | Win rate (rollout): 0.42 | Loss: 0.269 | Opp label coverage: 0.90
Step 834172/5000000 | Win rate (rollout): 0.44 | Loss: 0.150 | Opp label coverage: 0.87
Step 834684/5000000 | Win rate (rollout): 0.44 | Loss: 0.168 | Opp label coverage: 0.77
Step 835197/5000000 | Win rate (rollout): 0.73 | Loss: 0.265 | Opp label coverage: 0.89
Step 835714/5000000 | Win rate (rollout): 0.40 | Loss: 0.189 | Opp label coverage: 0.87
Step 836226/5000000 | Win rate (rollout): 0.62 | Loss: 0.161 | Opp label coverage: 0.80
Step 836740/5000000 | Win rate (rollout): 0.80 | Loss: 0.210 | Opp label coverage: 0.90
Step 837252/5000000 | Win rate (rollout): 0.50 | Loss: 0.197 | Opp label coverage: 0.81
Step 837770/5000000 | Win rate (rollout): 0.14 | Loss: 0.200 | Opp label coverage: 0.88
Step 838286/5000000 | Win rate (rollout): 0.69 | Loss: 0.180 | Opp label coverage: 0.89
Step 838798/5000000 | Win rate (rollout): 0.38 | Loss: 0.177 | Opp label coverage: 0.78
Step 839311/5000000 | Win rate (rollout): 0.70 | Loss: 0.087 | Opp label coverage: 0.89
Step 839823/5000000 | Win rate (rollout): 0.44 | Loss: 0.220 | Opp label coverage: 0.84
Step 840335/5000000 | Win rate (rollout): 0.69 | Loss: 0.169 | Opp label coverage: 0.85
Step 840847/5000000 | Win rate (rollout): 0.40 | Loss: 0.167 | Opp label coverage: 0.83
Step 841359/5000000 | Win rate (rollout): 0.38 | Loss: 0.169 | Opp label coverage: 0.83
Step 841871/5000000 | Win rate (rollout): 0.31 | Loss: 0.166 | Opp label coverage: 0.86
Step 842383/5000000 | Win rate (rollout): 0.33 | Loss: 0.202 | Opp label coverage: 0.82
Step 842899/5000000 | Win rate (rollout): 0.12 | Loss: 0.153 | Opp label coverage: 0.88
Step 843415/5000000 | Win rate (rollout): 0.22 | Loss: 0.104 | Opp label coverage: 0.91
Step 843932/5000000 | Win rate (rollout): 0.50 | Loss: 0.230 | Opp label coverage: 0.91
Step 844446/5000000 | Win rate (rollout): 0.33 | Loss: 0.123 | Opp label coverage: 0.88
Step 844958/5000000 | Win rate (rollout): 0.53 | Loss: 0.178 | Opp label coverage: 0.88
Step 845470/5000000 | Win rate (rollout): 0.29 | Loss: 0.135 | Opp label coverage: 0.82
Step 845988/5000000 | Win rate (rollout): 0.50 | Loss: 0.129 | Opp label coverage: 0.90
Step 846500/5000000 | Win rate (rollout): 0.23 | Loss: 0.177 | Opp label coverage: 0.82
Step 847012/5000000 | Win rate (rollout): 0.56 | Loss: 0.192 | Opp label coverage: 0.79
Step 847524/5000000 | Win rate (rollout): 0.21 | Loss: 0.155 | Opp label coverage: 0.82
Step 848037/5000000 | Win rate (rollout): 0.44 | Loss: 0.139 | Opp label coverage: 0.90
Step 848555/5000000 | Win rate (rollout): 0.25 | Loss: 0.189 | Opp label coverage: 0.89
Step 849067/5000000 | Win rate (rollout): 0.57 | Loss: 0.164 | Opp label coverage: 0.95
Step 849583/5000000 | Win rate (rollout): 0.67 | Loss: 0.192 | Opp label coverage: 0.88
Step 850098/5000000 | Win rate (rollout): 0.62 | Loss: 0.156 | Opp label coverage: 0.88
[checkpoint] Saved /Users/laithassaf/Documents/Programs/Archived/pokemon-showdown/models/ppo/checkpoints/opp/ppo_step_850130.pt
Step 850610/5000000 | Win rate (rollout): 0.36 | Loss: 0.185 | Opp label coverage: 0.81
Step 851122/5000000 | Win rate (rollout): 0.14 | Loss: 0.181 | Opp label coverage: 0.82
Step 851640/5000000 | Win rate (rollout): 0.67 | Loss: 0.196 | Opp label coverage: 0.88
Step 852155/5000000 | Win rate (rollout): 0.54 | Loss: 0.187 | Opp label coverage: 0.91
Step 852667/5000000 | Win rate (rollout): 0.62 | Loss: 0.168 | Opp label coverage: 0.77
Step 853179/5000000 | Win rate (rollout): 0.44 | Loss: 0.164 | Opp label coverage: 0.85
Step 853691/5000000 | Win rate (rollout): 0.25 | Loss: 0.173 | Opp label coverage: 0.82
Step 854203/5000000 | Win rate (rollout): 0.64 | Loss: 0.183 | Opp label coverage: 0.89
Step 854715/5000000 | Win rate (rollout): 0.23 | Loss: 0.178 | Opp label coverage: 0.82
Step 855227/5000000 | Win rate (rollout): 0.33 | Loss: 0.183 | Opp label coverage: 0.82
Step 855745/5000000 | Win rate (rollout): 0.30 | Loss: 0.143 | Opp label coverage: 0.87
Step 856257/5000000 | Win rate (rollout): 0.46 | Loss: 0.200 | Opp label coverage: 0.78
Step 856769/5000000 | Win rate (rollout): 0.55 | Loss: 0.166 | Opp label coverage: 0.83
Step 857281/5000000 | Win rate (rollout): 0.54 | Loss: 0.212 | Opp label coverage: 0.83
Step 857793/5000000 | Win rate (rollout): 0.58 | Loss: 0.184 | Opp label coverage: 0.82
Step 858305/5000000 | Win rate (rollout): 0.42 | Loss: 0.173 | Opp label coverage: 0.80
Step 858817/5000000 | Win rate (rollout): 0.38 | Loss: 0.155 | Opp label coverage: 0.89
Step 859329/5000000 | Win rate (rollout): 0.45 | Loss: 0.174 | Opp label coverage: 0.85
Step 859841/5000000 | Win rate (rollout): 0.57 | Loss: 0.142 | Opp label coverage: 0.85
Step 860354/5000000 | Win rate (rollout): 0.70 | Loss: 0.218 | Opp label coverage: 0.87
Step 860872/5000000 | Win rate (rollout): 0.29 | Loss: 0.177 | Opp label coverage: 0.89
Step 861389/5000000 | Win rate (rollout): 0.67 | Loss: 0.139 | Opp label coverage: 0.90
Step 861905/5000000 | Win rate (rollout): 0.76 | Loss: 0.194 | Opp label coverage: 0.88
Step 862417/5000000 | Win rate (rollout): 0.38 | Loss: 0.207 | Opp label coverage: 0.84
Step 862935/5000000 | Win rate (rollout): 0.88 | Loss: 0.147 | Opp label coverage: 0.91
Step 863453/5000000 | Win rate (rollout): 0.41 | Loss: 0.178 | Opp label coverage: 0.87
Step 863965/5000000 | Win rate (rollout): 0.33 | Loss: 0.158 | Opp label coverage: 0.89
Step 864477/5000000 | Win rate (rollout): 0.33 | Loss: 0.158 | Opp label coverage: 0.83
Step 864996/5000000 | Win rate (rollout): 0.58 | Loss: 0.174 | Opp label coverage: 0.89
Step 865508/5000000 | Win rate (rollout): 0.44 | Loss: 0.184 | Opp label coverage: 0.84
Step 866020/5000000 | Win rate (rollout): 0.71 | Loss: 0.207 | Opp label coverage: 0.83
Step 866533/5000000 | Win rate (rollout): 0.40 | Loss: 0.158 | Opp label coverage: 0.88
Step 867045/5000000 | Win rate (rollout): 0.62 | Loss: 0.164 | Opp label coverage: 0.85
Step 867557/5000000 | Win rate (rollout): 0.60 | Loss: 0.171 | Opp label coverage: 0.90
Step 868072/5000000 | Win rate (rollout): 0.50 | Loss: 0.144 | Opp label coverage: 0.89
Step 868584/5000000 | Win rate (rollout): 0.30 | Loss: 0.169 | Opp label coverage: 0.82
Step 869096/5000000 | Win rate (rollout): 0.39 | Loss: 0.188 | Opp label coverage: 0.81
Step 869608/5000000 | Win rate (rollout): 0.67 | Loss: 0.146 | Opp label coverage: 0.81
Step 870120/5000000 | Win rate (rollout): 0.67 | Loss: 0.203 | Opp label coverage: 0.83
Step 870635/5000000 | Win rate (rollout): 0.46 | Loss: 0.178 | Opp label coverage: 0.88
Step 871147/5000000 | Win rate (rollout): 0.67 | Loss: 0.167 | Opp label coverage: 0.80
Step 871665/5000000 | Win rate (rollout): 0.60 | Loss: 0.170 | Opp label coverage: 0.89
Step 872177/5000000 | Win rate (rollout): 0.47 | Loss: 0.246 | Opp label coverage: 0.85
Step 872689/5000000 | Win rate (rollout): 0.44 | Loss: 0.163 | Opp label coverage: 0.79
Step 873205/5000000 | Win rate (rollout): 0.55 | Loss: 0.158 | Opp label coverage: 0.90
Step 873720/5000000 | Win rate (rollout): 0.54 | Loss: 0.181 | Opp label coverage: 0.89
Step 874234/5000000 | Win rate (rollout): 0.54 | Loss: 0.205 | Opp label coverage: 0.89
Step 874747/5000000 | Win rate (rollout): 0.56 | Loss: 0.278 | Opp label coverage: 0.92
[checkpoint] Saved /Users/laithassaf/Documents/Programs/Archived/pokemon-showdown/models/ppo/checkpoints/opp/ppo_step_875135.pt
Step 875265/5000000 | Win rate (rollout): 0.46 | Loss: 0.160 | Opp label coverage: 0.89
Step 875779/5000000 | Win rate (rollout): 0.50 | Loss: 0.149 | Opp label coverage: 0.91
Step 876291/5000000 | Win rate (rollout): 0.67 | Loss: 0.170 | Opp label coverage: 0.90
Step 876803/5000000 | Win rate (rollout): 0.31 | Loss: 0.170 | Opp label coverage: 0.78
Step 877315/5000000 | Win rate (rollout): 0.58 | Loss: 0.178 | Opp label coverage: 0.86
Step 877833/5000000 | Win rate (rollout): 0.58 | Loss: 0.207 | Opp label coverage: 0.91
Step 878345/5000000 | Win rate (rollout): 0.27 | Loss: 0.156 | Opp label coverage: 0.84
Step 878857/5000000 | Win rate (rollout): 0.42 | Loss: 0.211 | Opp label coverage: 0.83
Step 879369/5000000 | Win rate (rollout): 0.27 | Loss: 0.154 | Opp label coverage: 0.77
Step 879887/5000000 | Win rate (rollout): 0.30 | Loss: 0.182 | Opp label coverage: 0.86
Step 880399/5000000 | Win rate (rollout): 0.47 | Loss: 0.199 | Opp label coverage: 0.82
Step 880912/5000000 | Win rate (rollout): 0.42 | Loss: 0.201 | Opp label coverage: 0.88
Step 881427/5000000 | Win rate (rollout): 0.58 | Loss: 0.159 | Opp label coverage: 0.91
Step 881941/5000000 | Win rate (rollout): 0.36 | Loss: 0.178 | Opp label coverage: 0.90
Step 882456/5000000 | Win rate (rollout): 0.67 | Loss: 0.211 | Opp label coverage: 0.90
Step 882968/5000000 | Win rate (rollout): 0.18 | Loss: 0.178 | Opp label coverage: 0.80
Step 883484/5000000 | Win rate (rollout): 0.55 | Loss: 0.175 | Opp label coverage: 0.90
Step 883996/5000000 | Win rate (rollout): 0.33 | Loss: 0.196 | Opp label coverage: 0.82
Step 884508/5000000 | Win rate (rollout): 0.64 | Loss: 0.180 | Opp label coverage: 0.86
Step 885020/5000000 | Win rate (rollout): 0.20 | Loss: 0.178 | Opp label coverage: 0.85
Step 885537/5000000 | Win rate (rollout): 0.57 | Loss: 0.197 | Opp label coverage: 0.90
Step 886053/5000000 | Win rate (rollout): 0.33 | Loss: 0.163 | Opp label coverage: 0.90
Step 886566/5000000 | Win rate (rollout): 0.38 | Loss: 0.252 | Opp label coverage: 0.90
Step 887080/5000000 | Win rate (rollout): 0.43 | Loss: 0.249 | Opp label coverage: 0.89
Step 887592/5000000 | Win rate (rollout): 0.33 | Loss: 0.173 | Opp label coverage: 0.85
Step 888108/5000000 | Win rate (rollout): 0.55 | Loss: 0.200 | Opp label coverage: 0.88
Step 888625/5000000 | Win rate (rollout): 0.50 | Loss: 0.184 | Opp label coverage: 0.89
Step 889139/5000000 | Win rate (rollout): 0.73 | Loss: 0.207 | Opp label coverage: 0.90
Step 889656/5000000 | Win rate (rollout): 0.50 | Loss: 0.154 | Opp label coverage: 0.91
Step 890168/5000000 | Win rate (rollout): 0.46 | Loss: 0.217 | Opp label coverage: 0.83
Step 890686/5000000 | Win rate (rollout): 0.25 | Loss: 0.169 | Opp label coverage: 0.90
Step 891203/5000000 | Win rate (rollout): 0.27 | Loss: 0.154 | Opp label coverage: 0.89
Step 891715/5000000 | Win rate (rollout): 0.25 | Loss: 0.187 | Opp label coverage: 0.83
Step 892231/5000000 | Win rate (rollout): 0.70 | Loss: 0.159 | Opp label coverage: 0.89
Step 892743/5000000 | Win rate (rollout): 0.78 | Loss: 0.186 | Opp label coverage: 0.83
Step 893255/5000000 | Win rate (rollout): 0.31 | Loss: 0.171 | Opp label coverage: 0.83
Step 893767/5000000 | Win rate (rollout): 0.47 | Loss: 0.192 | Opp label coverage: 0.80
Step 894279/5000000 | Win rate (rollout): 0.73 | Loss: 0.191 | Opp label coverage: 0.88
Step 894795/5000000 | Win rate (rollout): 0.50 | Loss: 0.162 | Opp label coverage: 0.90
Step 895307/5000000 | Win rate (rollout): 0.50 | Loss: 0.195 | Opp label coverage: 0.80
Step 895824/5000000 | Win rate (rollout): 0.45 | Loss: 0.141 | Opp label coverage: 0.89
Step 896338/5000000 | Win rate (rollout): 0.17 | Loss: 0.066 | Opp label coverage: 0.89
Step 896850/5000000 | Win rate (rollout): 0.43 | Loss: 0.157 | Opp label coverage: 0.79
Step 897362/5000000 | Win rate (rollout): 0.38 | Loss: 0.199 | Opp label coverage: 0.83
Step 897874/5000000 | Win rate (rollout): 0.35 | Loss: 0.184 | Opp label coverage: 0.82
Step 898390/5000000 | Win rate (rollout): 0.08 | Loss: 0.142 | Opp label coverage: 0.87
Step 898902/5000000 | Win rate (rollout): 0.67 | Loss: 0.193 | Opp label coverage: 0.80
Step 899414/5000000 | Win rate (rollout): 0.56 | Loss: 0.167 | Opp label coverage: 0.82
Step 899927/5000000 | Win rate (rollout): 0.50 | Loss: 0.193 | Opp label coverage: 0.88
[checkpoint] Saved /Users/laithassaf/Documents/Programs/Archived/pokemon-showdown/models/ppo/checkpoints/opp/ppo_step_900135.pt
Step 900439/5000000 | Win rate (rollout): 0.38 | Loss: 0.222 | Opp label coverage: 0.84
Step 900955/5000000 | Win rate (rollout): 0.44 | Loss: 0.122 | Opp label coverage: 0.88
Step 901469/5000000 | Win rate (rollout): 0.62 | Loss: 0.179 | Opp label coverage: 0.89
Step 901981/5000000 | Win rate (rollout): 0.38 | Loss: 0.151 | Opp label coverage: 0.83
Step 902495/5000000 | Win rate (rollout): 0.40 | Loss: 0.138 | Opp label coverage: 0.89
Step 903011/5000000 | Win rate (rollout): 0.58 | Loss: 0.187 | Opp label coverage: 0.89
Step 903523/5000000 | Win rate (rollout): 0.62 | Loss: 0.212 | Opp label coverage: 0.85
Step 904035/5000000 | Win rate (rollout): 0.40 | Loss: 0.198 | Opp label coverage: 0.81
Step 904547/5000000 | Win rate (rollout): 0.41 | Loss: 0.166 | Opp label coverage: 0.87
Step 905059/5000000 | Win rate (rollout): 0.45 | Loss: 0.188 | Opp label coverage: 0.87
Step 905574/5000000 | Win rate (rollout): 0.40 | Loss: 0.188 | Opp label coverage: 0.88
Step 906086/5000000 | Win rate (rollout): 0.17 | Loss: 0.157 | Opp label coverage: 0.81
Step 906598/5000000 | Win rate (rollout): 0.36 | Loss: 0.169 | Opp label coverage: 0.84
Step 907110/5000000 | Win rate (rollout): 0.62 | Loss: 0.204 | Opp label coverage: 0.84
Step 907626/5000000 | Win rate (rollout): 0.45 | Loss: 0.145 | Opp label coverage: 0.89
Step 908138/5000000 | Win rate (rollout): 0.53 | Loss: 0.170 | Opp label coverage: 0.84
Step 908650/5000000 | Win rate (rollout): 0.75 | Loss: 0.143 | Opp label coverage: 0.90
Step 909163/5000000 | Win rate (rollout): 0.50 | Loss: 0.219 | Opp label coverage: 0.89
Step 909675/5000000 | Win rate (rollout): 0.27 | Loss: 0.182 | Opp label coverage: 0.78
Step 910187/5000000 | Win rate (rollout): 0.33 | Loss: 0.219 | Opp label coverage: 0.78
Step 910704/5000000 | Win rate (rollout): 0.50 | Loss: 0.165 | Opp label coverage: 0.90
Step 911220/5000000 | Win rate (rollout): 0.91 | Loss: 0.181 | Opp label coverage: 0.92
Step 911732/5000000 | Win rate (rollout): 0.43 | Loss: 0.188 | Opp label coverage: 0.81
Step 912249/5000000 | Win rate (rollout): 0.42 | Loss: 0.175 | Opp label coverage: 0.88
Step 912768/5000000 | Win rate (rollout): 0.25 | Loss: 0.185 | Opp label coverage: 0.92
Step 913280/5000000 | Win rate (rollout): 0.62 | Loss: 0.185 | Opp label coverage: 0.89
Step 913794/5000000 | Win rate (rollout): 0.60 | Loss: 0.307 | Opp label coverage: 0.89
Step 914310/5000000 | Win rate (rollout): 0.43 | Loss: 0.181 | Opp label coverage: 0.88
Step 914822/5000000 | Win rate (rollout): 0.42 | Loss: 0.200 | Opp label coverage: 0.84
Step 915334/5000000 | Win rate (rollout): 0.50 | Loss: 0.218 | Opp label coverage: 0.81
Step 915847/5000000 | Win rate (rollout): 0.45 | Loss: 0.024 | Opp label coverage: 0.89
Step 916360/5000000 | Win rate (rollout): 0.67 | Loss: 0.091 | Opp label coverage: 0.88
Step 916872/5000000 | Win rate (rollout): 0.44 | Loss: 0.153 | Opp label coverage: 0.81
Step 917384/5000000 | Win rate (rollout): 0.60 | Loss: 0.144 | Opp label coverage: 0.88
Step 917898/5000000 | Win rate (rollout): 0.65 | Loss: 0.285 | Opp label coverage: 0.89
Step 918410/5000000 | Win rate (rollout): 0.31 | Loss: 0.187 | Opp label coverage: 0.82
Step 918922/5000000 | Win rate (rollout): 0.36 | Loss: 0.157 | Opp label coverage: 0.85
Step 919434/5000000 | Win rate (rollout): 0.25 | Loss: 0.182 | Opp label coverage: 0.85
Step 919946/5000000 | Win rate (rollout): 0.56 | Loss: 0.189 | Opp label coverage: 0.84
Step 920461/5000000 | Win rate (rollout): 0.57 | Loss: 0.154 | Opp label coverage: 0.88
Step 920973/5000000 | Win rate (rollout): 0.25 | Loss: 0.167 | Opp label coverage: 0.83
Step 921485/5000000 | Win rate (rollout): 0.17 | Loss: 0.143 | Opp label coverage: 0.83
Step 921997/5000000 | Win rate (rollout): 0.80 | Loss: 0.170 | Opp label coverage: 0.89
Step 922515/5000000 | Win rate (rollout): 0.38 | Loss: 0.198 | Opp label coverage: 0.88
Step 923031/5000000 | Win rate (rollout): 0.36 | Loss: 0.142 | Opp label coverage: 0.90
Step 923543/5000000 | Win rate (rollout): 0.50 | Loss: 0.181 | Opp label coverage: 0.87
Step 924055/5000000 | Win rate (rollout): 0.55 | Loss: 0.162 | Opp label coverage: 0.85
Step 924569/5000000 | Win rate (rollout): 0.45 | Loss: 0.150 | Opp label coverage: 0.90
Step 925081/5000000 | Win rate (rollout): 0.55 | Loss: 0.191 | Opp label coverage: 0.84
[checkpoint] Saved /Users/laithassaf/Documents/Programs/Archived/pokemon-showdown/models/ppo/checkpoints/opp/ppo_step_925137.pt
Step 925593/5000000 | Win rate (rollout): 0.56 | Loss: 0.193 | Opp label coverage: 0.84
Step 926109/5000000 | Win rate (rollout): 0.64 | Loss: 0.225 | Opp label coverage: 0.89
Step 926623/5000000 | Win rate (rollout): 0.58 | Loss: 0.090 | Opp label coverage: 0.89
Step 927135/5000000 | Win rate (rollout): 0.75 | Loss: 0.170 | Opp label coverage: 0.84
Step 927647/5000000 | Win rate (rollout): 0.64 | Loss: 0.186 | Opp label coverage: 0.82
Step 928159/5000000 | Win rate (rollout): 0.90 | Loss: 0.138 | Opp label coverage: 0.81
Step 928678/5000000 | Win rate (rollout): 0.64 | Loss: 0.157 | Opp label coverage: 0.87
Step 929190/5000000 | Win rate (rollout): 0.20 | Loss: 0.184 | Opp label coverage: 0.86
Step 929702/5000000 | Win rate (rollout): 0.67 | Loss: 0.152 | Opp label coverage: 0.86
Step 930214/5000000 | Win rate (rollout): 0.47 | Loss: 0.188 | Opp label coverage: 0.84
Step 930732/5000000 | Win rate (rollout): 0.45 | Loss: 0.142 | Opp label coverage: 0.87
Step 931244/5000000 | Win rate (rollout): 0.38 | Loss: 0.217 | Opp label coverage: 0.83
Step 931760/5000000 | Win rate (rollout): 0.50 | Loss: 0.176 | Opp label coverage: 0.88
Step 932272/5000000 | Win rate (rollout): 0.40 | Loss: 0.181 | Opp label coverage: 0.80
Step 932784/5000000 | Win rate (rollout): 0.29 | Loss: 0.162 | Opp label coverage: 0.79
Step 933296/5000000 | Win rate (rollout): 0.36 | Loss: 0.147 | Opp label coverage: 0.88
Step 933812/5000000 | Win rate (rollout): 0.36 | Loss: 0.125 | Opp label coverage: 0.89
Step 934329/5000000 | Win rate (rollout): 0.80 | Loss: 0.160 | Opp label coverage: 0.90
Step 934842/5000000 | Win rate (rollout): 0.58 | Loss: 0.139 | Opp label coverage: 0.90
Step 935354/5000000 | Win rate (rollout): 0.25 | Loss: 0.180 | Opp label coverage: 0.84
Step 935870/5000000 | Win rate (rollout): 0.55 | Loss: 0.212 | Opp label coverage: 0.88
Step 936389/5000000 | Win rate (rollout): 0.50 | Loss: 0.149 | Opp label coverage: 0.87
Step 936901/5000000 | Win rate (rollout): 0.29 | Loss: 0.177 | Opp label coverage: 0.86
Step 937413/5000000 | Win rate (rollout): 0.50 | Loss: 0.155 | Opp label coverage: 0.89
Step 937925/5000000 | Win rate (rollout): 0.45 | Loss: 0.187 | Opp label coverage: 0.86
Step 938438/5000000 | Win rate (rollout): 0.55 | Loss: 0.109 | Opp label coverage: 0.89
Step 938950/5000000 | Win rate (rollout): 0.50 | Loss: 0.180 | Opp label coverage: 0.83
Step 939464/5000000 | Win rate (rollout): 0.50 | Loss: 0.183 | Opp label coverage: 0.88
Step 939976/5000000 | Win rate (rollout): 0.75 | Loss: 0.195 | Opp label coverage: 0.85
Step 940494/5000000 | Win rate (rollout): 0.42 | Loss: 0.136 | Opp label coverage: 0.88
Step 941006/5000000 | Win rate (rollout): 0.31 | Loss: 0.201 | Opp label coverage: 0.83
Step 941520/5000000 | Win rate (rollout): 0.62 | Loss: 0.183 | Opp label coverage: 0.91
Step 942033/5000000 | Win rate (rollout): 0.50 | Loss: 0.170 | Opp label coverage: 0.90
Step 942545/5000000 | Win rate (rollout): 0.46 | Loss: 0.199 | Opp label coverage: 0.83
Step 943057/5000000 | Win rate (rollout): 0.50 | Loss: 0.175 | Opp label coverage: 0.78
Step 943573/5000000 | Win rate (rollout): 0.60 | Loss: 0.112 | Opp label coverage: 0.89
Step 944087/5000000 | Win rate (rollout): 0.62 | Loss: 0.184 | Opp label coverage: 0.89
Step 944599/5000000 | Win rate (rollout): 0.38 | Loss: 0.162 | Opp label coverage: 0.84
Step 945116/5000000 | Win rate (rollout): 0.70 | Loss: 0.181 | Opp label coverage: 0.91
Step 945634/5000000 | Win rate (rollout): 0.60 | Loss: 0.211 | Opp label coverage: 0.89
Step 946147/5000000 | Win rate (rollout): 0.57 | Loss: 0.126 | Opp label coverage: 0.88
Step 946665/5000000 | Win rate (rollout): 0.41 | Loss: 0.179 | Opp label coverage: 0.88
Step 947177/5000000 | Win rate (rollout): 0.17 | Loss: 0.159 | Opp label coverage: 0.82
Step 947689/5000000 | Win rate (rollout): 0.69 | Loss: 0.210 | Opp label coverage: 0.83
Step 948201/5000000 | Win rate (rollout): 0.50 | Loss: 0.162 | Opp label coverage: 0.83
Step 948713/5000000 | Win rate (rollout): 0.64 | Loss: 0.189 | Opp label coverage: 0.84
Step 949225/5000000 | Win rate (rollout): 0.21 | Loss: 0.180 | Opp label coverage: 0.80
Step 949740/5000000 | Win rate (rollout): 0.50 | Loss: 0.131 | Opp label coverage: 0.89
[checkpoint] Saved /Users/laithassaf/Documents/Programs/Archived/pokemon-showdown/models/ppo/checkpoints/opp/ppo_step_950139.pt
Step 950254/5000000 | Win rate (rollout): 0.64 | Loss: 0.174 | Opp label coverage: 0.89
Step 950769/5000000 | Win rate (rollout): 0.60 | Loss: 0.211 | Opp label coverage: 0.90
Step 951281/5000000 | Win rate (rollout): 0.53 | Loss: 0.213 | Opp label coverage: 0.82
Step 951793/5000000 | Win rate (rollout): 0.36 | Loss: 0.181 | Opp label coverage: 0.84
Step 952306/5000000 | Win rate (rollout): 0.62 | Loss: 0.198 | Opp label coverage: 0.90
Step 952821/5000000 | Win rate (rollout): 0.41 | Loss: 0.197 | Opp label coverage: 0.87
Step 953333/5000000 | Win rate (rollout): 0.50 | Loss: 0.155 | Opp label coverage: 0.84
Step 953845/5000000 | Win rate (rollout): 0.50 | Loss: 0.166 | Opp label coverage: 0.90
Step 954360/5000000 | Win rate (rollout): 0.53 | Loss: 0.161 | Opp label coverage: 0.86
Step 954873/5000000 | Win rate (rollout): 0.40 | Loss: 0.148 | Opp label coverage: 0.87
Step 955385/5000000 | Win rate (rollout): 0.50 | Loss: 0.170 | Opp label coverage: 0.81
Step 955897/5000000 | Win rate (rollout): 0.73 | Loss: 0.168 | Opp label coverage: 0.80
Step 956409/5000000 | Win rate (rollout): 0.35 | Loss: 0.214 | Opp label coverage: 0.81
Step 956921/5000000 | Win rate (rollout): 0.83 | Loss: 0.194 | Opp label coverage: 0.86
Step 957433/5000000 | Win rate (rollout): 0.50 | Loss: 0.184 | Opp label coverage: 0.89
Step 957949/5000000 | Win rate (rollout): 0.78 | Loss: 0.115 | Opp label coverage: 0.91
Step 958461/5000000 | Win rate (rollout): 0.50 | Loss: 0.183 | Opp label coverage: 0.86
Step 958979/5000000 | Win rate (rollout): 0.38 | Loss: 0.198 | Opp label coverage: 0.88
Step 959495/5000000 | Win rate (rollout): 0.69 | Loss: 0.145 | Opp label coverage: 0.89
Step 960007/5000000 | Win rate (rollout): 0.53 | Loss: 0.176 | Opp label coverage: 0.81
Step 960525/5000000 | Win rate (rollout): 0.50 | Loss: 0.190 | Opp label coverage: 0.89
Step 961043/5000000 | Win rate (rollout): 0.69 | Loss: 0.196 | Opp label coverage: 0.90
Step 961558/5000000 | Win rate (rollout): 0.47 | Loss: 0.128 | Opp label coverage: 0.90
Step 962075/5000000 | Win rate (rollout): 0.42 | Loss: 0.252 | Opp label coverage: 0.89
Step 962592/5000000 | Win rate (rollout): 0.57 | Loss: 0.194 | Opp label coverage: 0.90
Step 963104/5000000 | Win rate (rollout): 0.38 | Loss: 0.170 | Opp label coverage: 0.79
Step 963621/5000000 | Win rate (rollout): 0.64 | Loss: 0.149 | Opp label coverage: 0.90
Step 964138/5000000 | Win rate (rollout): 0.43 | Loss: 0.138 | Opp label coverage: 0.87
Step 964656/5000000 | Win rate (rollout): 0.38 | Loss: 0.161 | Opp label coverage: 0.88
Step 965168/5000000 | Win rate (rollout): 0.57 | Loss: 0.174 | Opp label coverage: 0.80
Step 965685/5000000 | Win rate (rollout): 0.46 | Loss: 0.220 | Opp label coverage: 0.87
Step 966197/5000000 | Win rate (rollout): 0.46 | Loss: 0.181 | Opp label coverage: 0.78
Step 966713/5000000 | Win rate (rollout): 0.54 | Loss: 0.222 | Opp label coverage: 0.87
Step 967225/5000000 | Win rate (rollout): 0.42 | Loss: 0.186 | Opp label coverage: 0.83
Step 967741/5000000 | Win rate (rollout): 0.70 | Loss: 0.100 | Opp label coverage: 0.90
Step 968253/5000000 | Win rate (rollout): 0.54 | Loss: 0.194 | Opp label coverage: 0.85
Step 968765/5000000 | Win rate (rollout): 0.56 | Loss: 0.198 | Opp label coverage: 0.85
Step 969277/5000000 | Win rate (rollout): 0.44 | Loss: 0.148 | Opp label coverage: 0.80
Step 969789/5000000 | Win rate (rollout): 0.25 | Loss: 0.154 | Opp label coverage: 0.90
Step 970303/5000000 | Win rate (rollout): 0.73 | Loss: 0.142 | Opp label coverage: 0.92
Step 970815/5000000 | Win rate (rollout): 0.50 | Loss: 0.180 | Opp label coverage: 0.80
Step 971332/5000000 | Win rate (rollout): 0.56 | Loss: 0.156 | Opp label coverage: 0.89
Step 971846/5000000 | Win rate (rollout): 0.47 | Loss: 0.195 | Opp label coverage: 0.88
Step 972358/5000000 | Win rate (rollout): 0.44 | Loss: 0.162 | Opp label coverage: 0.82
Step 972872/5000000 | Win rate (rollout): 0.14 | Loss: 0.102 | Opp label coverage: 0.89
Step 973388/5000000 | Win rate (rollout): 0.29 | Loss: 0.154 | Opp label coverage: 0.88
Step 973900/5000000 | Win rate (rollout): 0.38 | Loss: 0.179 | Opp label coverage: 0.82
Step 974417/5000000 | Win rate (rollout): 0.62 | Loss: 0.214 | Opp label coverage: 0.88
Step 974929/5000000 | Win rate (rollout): 0.58 | Loss: 0.163 | Opp label coverage: 0.83
[checkpoint] Saved /Users/laithassaf/Documents/Programs/Archived/pokemon-showdown/models/ppo/checkpoints/opp/ppo_step_975144.pt
Step 975441/5000000 | Win rate (rollout): 0.67 | Loss: 0.174 | Opp label coverage: 0.89
Step 975959/5000000 | Win rate (rollout): 0.29 | Loss: 0.220 | Opp label coverage: 0.89
Step 976473/5000000 | Win rate (rollout): 0.42 | Loss: 0.311 | Opp label coverage: 0.89
Step 976985/5000000 | Win rate (rollout): 0.67 | Loss: 0.157 | Opp label coverage: 0.89
Step 977503/5000000 | Win rate (rollout): 0.36 | Loss: 0.134 | Opp label coverage: 0.87
Step 978015/5000000 | Win rate (rollout): 0.50 | Loss: 0.200 | Opp label coverage: 0.89
Step 978531/5000000 | Win rate (rollout): 0.46 | Loss: 0.165 | Opp label coverage: 0.91
Step 979043/5000000 | Win rate (rollout): 0.40 | Loss: 0.177 | Opp label coverage: 0.84
Step 979555/5000000 | Win rate (rollout): 0.54 | Loss: 0.183 | Opp label coverage: 0.81
Step 980068/5000000 | Win rate (rollout): 0.56 | Loss: 0.089 | Opp label coverage: 0.89
Step 980586/5000000 | Win rate (rollout): 0.60 | Loss: 0.194 | Opp label coverage: 0.93
Step 981098/5000000 | Win rate (rollout): 0.54 | Loss: 0.153 | Opp label coverage: 0.92
Step 981611/5000000 | Win rate (rollout): 0.62 | Loss: 0.131 | Opp label coverage: 0.90
Step 982123/5000000 | Win rate (rollout): 0.67 | Loss: 0.150 | Opp label coverage: 0.85
Step 982636/5000000 | Win rate (rollout): 0.70 | Loss: 0.173 | Opp label coverage: 0.89
Step 983148/5000000 | Win rate (rollout): 0.46 | Loss: 0.172 | Opp label coverage: 0.88
Step 983663/5000000 | Win rate (rollout): 0.75 | Loss: 0.182 | Opp label coverage: 0.90
Step 984182/5000000 | Win rate (rollout): 0.88 | Loss: 0.144 | Opp label coverage: 0.91
Step 984695/5000000 | Win rate (rollout): 0.62 | Loss: 0.192 | Opp label coverage: 0.89
Step 985207/5000000 | Win rate (rollout): 0.64 | Loss: 0.175 | Opp label coverage: 0.79
Step 985719/5000000 | Win rate (rollout): 0.64 | Loss: 0.189 | Opp label coverage: 0.83
Step 986236/5000000 | Win rate (rollout): 0.44 | Loss: 0.196 | Opp label coverage: 0.89
Step 986748/5000000 | Win rate (rollout): 0.53 | Loss: 0.201 | Opp label coverage: 0.86
Step 987260/5000000 | Win rate (rollout): 0.36 | Loss: 0.163 | Opp label coverage: 0.73
Step 987772/5000000 | Win rate (rollout): 0.44 | Loss: 0.191 | Opp label coverage: 0.83
Step 988285/5000000 | Win rate (rollout): 0.58 | Loss: 0.204 | Opp label coverage: 0.89
Step 988797/5000000 | Win rate (rollout): 0.64 | Loss: 0.180 | Opp label coverage: 0.81
Step 989313/5000000 | Win rate (rollout): 0.40 | Loss: 0.186 | Opp label coverage: 0.88
Step 989825/5000000 | Win rate (rollout): 0.38 | Loss: 0.177 | Opp label coverage: 0.84
Step 990341/5000000 | Win rate (rollout): 0.42 | Loss: 0.150 | Opp label coverage: 0.88
Step 990860/5000000 | Win rate (rollout): 0.62 | Loss: 0.162 | Opp label coverage: 0.90
Step 991372/5000000 | Win rate (rollout): 0.33 | Loss: 0.188 | Opp label coverage: 0.82
Step 991887/5000000 | Win rate (rollout): 0.54 | Loss: 0.150 | Opp label coverage: 0.87
Step 992399/5000000 | Win rate (rollout): 0.27 | Loss: 0.196 | Opp label coverage: 0.81
Step 992911/5000000 | Win rate (rollout): 0.46 | Loss: 0.182 | Opp label coverage: 0.81
Step 993429/5000000 | Win rate (rollout): 0.55 | Loss: 0.138 | Opp label coverage: 0.88
Step 993947/5000000 | Win rate (rollout): 0.40 | Loss: 0.167 | Opp label coverage: 0.88
Step 994459/5000000 | Win rate (rollout): 0.46 | Loss: 0.218 | Opp label coverage: 0.82
Step 994971/5000000 | Win rate (rollout): 0.33 | Loss: 0.183 | Opp label coverage: 0.81
Step 995488/5000000 | Win rate (rollout): 0.50 | Loss: 0.217 | Opp label coverage: 0.88
Step 996000/5000000 | Win rate (rollout): 0.25 | Loss: 0.186 | Opp label coverage: 0.84
Step 996519/5000000 | Win rate (rollout): 0.46 | Loss: 0.188 | Opp label coverage: 0.88
Step 997035/5000000 | Win rate (rollout): 0.36 | Loss: 0.122 | Opp label coverage: 0.90
Step 997552/5000000 | Win rate (rollout): 0.64 | Loss: 0.191 | Opp label coverage: 0.89
Step 998064/5000000 | Win rate (rollout): 0.40 | Loss: 0.177 | Opp label coverage: 0.83
Step 998576/5000000 | Win rate (rollout): 0.57 | Loss: 0.172 | Opp label coverage: 0.80
Step 999088/5000000 | Win rate (rollout): 0.50 | Loss: 0.182 | Opp label coverage: 0.83
Step 999600/5000000 | Win rate (rollout): 0.69 | Loss: 0.200 | Opp label coverage: 0.82
Step 1000112/5000000 | Win rate (rollout): 0.62 | Loss: 0.172 | Opp label coverage: 0.81
[checkpoint] Saved /Users/laithassaf/Documents/Programs/Archived/pokemon-showdown/models/ppo/checkpoints/opp/ppo_step_1000144.pt
Step 1000624/5000000 | Win rate (rollout): 0.60 | Loss: 0.180 | Opp label coverage: 0.74
Step 1001139/5000000 | Win rate (rollout): 0.20 | Loss: 0.159 | Opp label coverage: 0.89
Step 1001656/5000000 | Win rate (rollout): 0.42 | Loss: 0.130 | Opp label coverage: 0.89
Step 1002171/5000000 | Win rate (rollout): 0.50 | Loss: 0.171 | Opp label coverage: 0.90
Step 1002683/5000000 | Win rate (rollout): 0.38 | Loss: 0.180 | Opp label coverage: 0.85
Step 1003195/5000000 | Win rate (rollout): 0.25 | Loss: 0.145 | Opp label coverage: 0.82
Step 1003707/5000000 | Win rate (rollout): 0.33 | Loss: 0.193 | Opp label coverage: 0.84
Step 1004222/5000000 | Win rate (rollout): 0.36 | Loss: 0.152 | Opp label coverage: 0.88
Step 1004739/5000000 | Win rate (rollout): 0.53 | Loss: 0.158 | Opp label coverage: 0.88
Step 1005251/5000000 | Win rate (rollout): 0.70 | Loss: 0.205 | Opp label coverage: 0.85
Step 1005767/5000000 | Win rate (rollout): 0.88 | Loss: 0.072 | Opp label coverage: 0.89
Step 1006280/5000000 | Win rate (rollout): 0.46 | Loss: 0.103 | Opp label coverage: 0.90
Step 1006797/5000000 | Win rate (rollout): 0.56 | Loss: 0.146 | Opp label coverage: 0.87
Step 1007309/5000000 | Win rate (rollout): 0.54 | Loss: 0.219 | Opp label coverage: 0.85
Step 1007827/5000000 | Win rate (rollout): 0.67 | Loss: 0.170 | Opp label coverage: 0.89
Step 1008339/5000000 | Win rate (rollout): 0.43 | Loss: 0.200 | Opp label coverage: 0.88
Step 1008851/5000000 | Win rate (rollout): 0.62 | Loss: 0.160 | Opp label coverage: 0.83
Step 1009363/5000000 | Win rate (rollout): 0.54 | Loss: 0.167 | Opp label coverage: 0.81
Step 1009878/5000000 | Win rate (rollout): 0.67 | Loss: 0.138 | Opp label coverage: 0.89
Step 1010390/5000000 | Win rate (rollout): 0.21 | Loss: 0.178 | Opp label coverage: 0.81
Step 1010902/5000000 | Win rate (rollout): 0.38 | Loss: 0.173 | Opp label coverage: 0.84
Step 1011415/5000000 | Win rate (rollout): 0.64 | Loss: 0.223 | Opp label coverage: 0.88
Step 1011927/5000000 | Win rate (rollout): 0.46 | Loss: 0.179 | Opp label coverage: 0.82
Step 1012439/5000000 | Win rate (rollout): 0.62 | Loss: 0.153 | Opp label coverage: 0.83
Step 1012951/5000000 | Win rate (rollout): 0.58 | Loss: 0.166 | Opp label coverage: 0.82
Step 1013466/5000000 | Win rate (rollout): 0.43 | Loss: 0.150 | Opp label coverage: 0.90
Step 1013978/5000000 | Win rate (rollout): 0.56 | Loss: 0.169 | Opp label coverage: 0.87
Step 1014490/5000000 | Win rate (rollout): 0.67 | Loss: 0.198 | Opp label coverage: 0.81
Step 1015003/5000000 | Win rate (rollout): 0.42 | Loss: 0.195 | Opp label coverage: 0.86
Step 1015519/5000000 | Win rate (rollout): 0.38 | Loss: 0.175 | Opp label coverage: 0.90
Step 1016031/5000000 | Win rate (rollout): 0.60 | Loss: 0.182 | Opp label coverage: 0.85
Step 1016549/5000000 | Win rate (rollout): 0.50 | Loss: 0.168 | Opp label coverage: 0.88
Step 1017061/5000000 | Win rate (rollout): 0.40 | Loss: 0.190 | Opp label coverage: 0.80
Step 1017573/5000000 | Win rate (rollout): 0.58 | Loss: 0.180 | Opp label coverage: 0.82
Step 1018085/5000000 | Win rate (rollout): 0.27 | Loss: 0.178 | Opp label coverage: 0.81
Step 1018597/5000000 | Win rate (rollout): 0.38 | Loss: 0.157 | Opp label coverage: 0.85
Step 1019109/5000000 | Win rate (rollout): 0.50 | Loss: 0.171 | Opp label coverage: 0.77
Step 1019621/5000000 | Win rate (rollout): 0.42 | Loss: 0.165 | Opp label coverage: 0.82
Step 1020133/5000000 | Win rate (rollout): 0.77 | Loss: 0.185 | Opp label coverage: 0.83
Step 1020645/5000000 | Win rate (rollout): 0.40 | Loss: 0.159 | Opp label coverage: 0.80
Step 1021160/5000000 | Win rate (rollout): 0.45 | Loss: 0.148 | Opp label coverage: 0.88
Step 1021672/5000000 | Win rate (rollout): 0.50 | Loss: 0.217 | Opp label coverage: 0.84
Step 1022186/5000000 | Win rate (rollout): 0.60 | Loss: 0.163 | Opp label coverage: 0.89
Step 1022698/5000000 | Win rate (rollout): 0.64 | Loss: 0.168 | Opp label coverage: 0.85
Step 1023215/5000000 | Win rate (rollout): 0.70 | Loss: 0.145 | Opp label coverage: 0.89
Step 1023727/5000000 | Win rate (rollout): 0.69 | Loss: 0.175 | Opp label coverage: 0.82
Step 1024239/5000000 | Win rate (rollout): 0.53 | Loss: 0.178 | Opp label coverage: 0.85
Step 1024751/5000000 | Win rate (rollout): 0.67 | Loss: 0.153 | Opp label coverage: 0.84
[checkpoint] Saved /Users/laithassaf/Documents/Programs/Archived/pokemon-showdown/models/ppo/checkpoints/opp/ppo_step_1025147.pt
Step 1025263/5000000 | Win rate (rollout): 0.50 | Loss: 0.186 | Opp label coverage: 0.89
Step 1025775/5000000 | Win rate (rollout): 0.33 | Loss: 0.182 | Opp label coverage: 0.84
Step 1026288/5000000 | Win rate (rollout): 0.60 | Loss: 0.244 | Opp label coverage: 0.90
Step 1026800/5000000 | Win rate (rollout): 0.62 | Loss: 0.185 | Opp label coverage: 0.83
Step 1027316/5000000 | Win rate (rollout): 0.42 | Loss: 0.138 | Opp label coverage: 0.86
Step 1027828/5000000 | Win rate (rollout): 0.44 | Loss: 0.166 | Opp label coverage: 0.81
Step 1028340/5000000 | Win rate (rollout): 0.23 | Loss: 0.170 | Opp label coverage: 0.84
Step 1028859/5000000 | Win rate (rollout): 0.50 | Loss: 0.169 | Opp label coverage: 0.89
Step 1029373/5000000 | Win rate (rollout): 0.46 | Loss: 0.162 | Opp label coverage: 0.87
Step 1029888/5000000 | Win rate (rollout): 0.53 | Loss: 0.131 | Opp label coverage: 0.89
Step 1030405/5000000 | Win rate (rollout): 0.57 | Loss: 0.127 | Opp label coverage: 0.89
Step 1030917/5000000 | Win rate (rollout): 0.38 | Loss: 0.227 | Opp label coverage: 0.84
Step 1031429/5000000 | Win rate (rollout): 0.17 | Loss: 0.174 | Opp label coverage: 0.85
Step 1031941/5000000 | Win rate (rollout): 0.50 | Loss: 0.160 | Opp label coverage: 0.82
Step 1032453/5000000 | Win rate (rollout): 0.55 | Loss: 0.176 | Opp label coverage: 0.89
Step 1032966/5000000 | Win rate (rollout): 0.40 | Loss: 0.166 | Opp label coverage: 0.89
Step 1033478/5000000 | Win rate (rollout): 0.36 | Loss: 0.206 | Opp label coverage: 0.85
Step 1033990/5000000 | Win rate (rollout): 0.44 | Loss: 0.156 | Opp label coverage: 0.84
Step 1034504/5000000 | Win rate (rollout): 0.64 | Loss: 0.162 | Opp label coverage: 0.87
Step 1035022/5000000 | Win rate (rollout): 0.53 | Loss: 0.159 | Opp label coverage: 0.89
Step 1035534/5000000 | Win rate (rollout): 0.55 | Loss: 0.165 | Opp label coverage: 0.83
Step 1036046/5000000 | Win rate (rollout): 0.24 | Loss: 0.175 | Opp label coverage: 0.80
Step 1036558/5000000 | Win rate (rollout): 0.38 | Loss: 0.201 | Opp label coverage: 0.81
Step 1037070/5000000 | Win rate (rollout): 0.56 | Loss: 0.177 | Opp label coverage: 0.88
Step 1037582/5000000 | Win rate (rollout): 0.53 | Loss: 0.196 | Opp label coverage: 0.88
Step 1038094/5000000 | Win rate (rollout): 0.38 | Loss: 0.209 | Opp label coverage: 0.81
Step 1038606/5000000 | Win rate (rollout): 0.50 | Loss: 0.155 | Opp label coverage: 0.80
Step 1039118/5000000 | Win rate (rollout): 0.38 | Loss: 0.192 | Opp label coverage: 0.83
Step 1039630/5000000 | Win rate (rollout): 0.50 | Loss: 0.151 | Opp label coverage: 0.84
Step 1040142/5000000 | Win rate (rollout): 0.50 | Loss: 0.149 | Opp label coverage: 0.83
Step 1040654/5000000 | Win rate (rollout): 0.21 | Loss: 0.177 | Opp label coverage: 0.88
Step 1041166/5000000 | Win rate (rollout): 0.33 | Loss: 0.164 | Opp label coverage: 0.83
Step 1041678/5000000 | Win rate (rollout): 0.57 | Loss: 0.220 | Opp label coverage: 0.84
Step 1042191/5000000 | Win rate (rollout): 0.64 | Loss: 0.222 | Opp label coverage: 0.89
Step 1042703/5000000 | Win rate (rollout): 0.50 | Loss: 0.183 | Opp label coverage: 0.80
Step 1043216/5000000 | Win rate (rollout): 0.60 | Loss: 0.177 | Opp label coverage: 0.88
Step 1043733/5000000 | Win rate (rollout): 0.45 | Loss: 0.174 | Opp label coverage: 0.91
Step 1044245/5000000 | Win rate (rollout): 0.50 | Loss: 0.163 | Opp label coverage: 0.83
Step 1044757/5000000 | Win rate (rollout): 0.70 | Loss: 0.156 | Opp label coverage: 0.86
Step 1045273/5000000 | Win rate (rollout): 0.43 | Loss: 0.210 | Opp label coverage: 0.91
Step 1045786/5000000 | Win rate (rollout): 0.56 | Loss: 0.157 | Opp label coverage: 0.88
Step 1046298/5000000 | Win rate (rollout): 0.60 | Loss: 0.179 | Opp label coverage: 0.81
Step 1046810/5000000 | Win rate (rollout): 0.45 | Loss: 0.168 | Opp label coverage: 0.89
Step 1047322/5000000 | Win rate (rollout): 0.53 | Loss: 0.189 | Opp label coverage: 0.84
Step 1047840/5000000 | Win rate (rollout): 0.31 | Loss: 0.152 | Opp label coverage: 0.86
Step 1048357/5000000 | Win rate (rollout): 0.67 | Loss: 0.144 | Opp label coverage: 0.90
Step 1048870/5000000 | Win rate (rollout): 0.71 | Loss: 0.175 | Opp label coverage: 0.89
Step 1049382/5000000 | Win rate (rollout): 0.11 | Loss: 0.164 | Opp label coverage: 0.84
Step 1049900/5000000 | Win rate (rollout): 0.62 | Loss: 0.176 | Opp label coverage: 0.90
[checkpoint] Saved /Users/laithassaf/Documents/Programs/Archived/pokemon-showdown/models/ppo/checkpoints/opp/ppo_step_1050148.pt
Step 1050412/5000000 | Win rate (rollout): 0.60 | Loss: 0.160 | Opp label coverage: 0.81
Step 1050928/5000000 | Win rate (rollout): 0.33 | Loss: 0.180 | Opp label coverage: 0.86
Step 1051440/5000000 | Win rate (rollout): 0.62 | Loss: 0.138 | Opp label coverage: 0.81
Step 1051952/5000000 | Win rate (rollout): 0.40 | Loss: 0.209 | Opp label coverage: 0.81
Step 1052464/5000000 | Win rate (rollout): 0.56 | Loss: 0.170 | Opp label coverage: 0.77
Step 1052976/5000000 | Win rate (rollout): 0.25 | Loss: 0.171 | Opp label coverage: 0.84
Step 1053488/5000000 | Win rate (rollout): 0.62 | Loss: 0.160 | Opp label coverage: 0.88
Step 1054005/5000000 | Win rate (rollout): 0.30 | Loss: 0.185 | Opp label coverage: 0.88
Step 1054517/5000000 | Win rate (rollout): 0.27 | Loss: 0.191 | Opp label coverage: 0.85
Step 1055029/5000000 | Win rate (rollout): 0.50 | Loss: 0.161 | Opp label coverage: 0.83
Step 1055541/5000000 | Win rate (rollout): 0.54 | Loss: 0.175 | Opp label coverage: 0.82
Step 1056053/5000000 | Win rate (rollout): 0.50 | Loss: 0.155 | Opp label coverage: 0.90
Step 1056565/5000000 | Win rate (rollout): 0.38 | Loss: 0.156 | Opp label coverage: 0.90
Step 1057077/5000000 | Win rate (rollout): 0.25 | Loss: 0.168 | Opp label coverage: 0.80
Step 1057594/5000000 | Win rate (rollout): 0.22 | Loss: 0.134 | Opp label coverage: 0.87
Step 1058106/5000000 | Win rate (rollout): 0.88 | Loss: 0.181 | Opp label coverage: 0.85
Step 1058624/5000000 | Win rate (rollout): 0.60 | Loss: 0.133 | Opp label coverage: 0.90
Step 1059137/5000000 | Win rate (rollout): 0.50 | Loss: 0.142 | Opp label coverage: 0.89
Step 1059654/5000000 | Win rate (rollout): 0.23 | Loss: 0.140 | Opp label coverage: 0.88
Step 1060166/5000000 | Win rate (rollout): 0.42 | Loss: 0.202 | Opp label coverage: 0.86
Step 1060678/5000000 | Win rate (rollout): 0.50 | Loss: 0.209 | Opp label coverage: 0.84
Step 1061190/5000000 | Win rate (rollout): 0.27 | Loss: 0.192 | Opp label coverage: 0.83
Step 1061702/5000000 | Win rate (rollout): 0.47 | Loss: 0.170 | Opp label coverage: 0.82
Step 1062216/5000000 | Win rate (rollout): 0.62 | Loss: 0.180 | Opp label coverage: 0.90
Step 1062729/5000000 | Win rate (rollout): 0.50 | Loss: 0.178 | Opp label coverage: 0.92
Step 1063246/5000000 | Win rate (rollout): 0.85 | Loss: 0.164 | Opp label coverage: 0.89
Step 1063761/5000000 | Win rate (rollout): 0.47 | Loss: 0.233 | Opp label coverage: 0.88
Step 1064273/5000000 | Win rate (rollout): 0.62 | Loss: 0.190 | Opp label coverage: 0.82
Step 1064788/5000000 | Win rate (rollout): 0.44 | Loss: 0.173 | Opp label coverage: 0.88
Step 1065300/5000000 | Win rate (rollout): 0.21 | Loss: 0.192 | Opp label coverage: 0.83
Step 1065812/5000000 | Win rate (rollout): 0.41 | Loss: 0.201 | Opp label coverage: 0.83
Step 1066324/5000000 | Win rate (rollout): 0.17 | Loss: 0.168 | Opp label coverage: 0.87
Step 1066836/5000000 | Win rate (rollout): 0.50 | Loss: 0.177 | Opp label coverage: 0.85
Step 1067354/5000000 | Win rate (rollout): 0.08 | Loss: 0.129 | Opp label coverage: 0.86
Step 1067866/5000000 | Win rate (rollout): 0.53 | Loss: 0.200 | Opp label coverage: 0.86
Step 1068378/5000000 | Win rate (rollout): 0.53 | Loss: 0.198 | Opp label coverage: 0.84
Step 1068890/5000000 | Win rate (rollout): 0.64 | Loss: 0.212 | Opp label coverage: 0.83
Step 1069402/5000000 | Win rate (rollout): 0.29 | Loss: 0.204 | Opp label coverage: 0.80
Step 1069919/5000000 | Win rate (rollout): 0.44 | Loss: 0.118 | Opp label coverage: 0.89
Step 1070431/5000000 | Win rate (rollout): 0.42 | Loss: 0.188 | Opp label coverage: 0.82
Step 1070943/5000000 | Win rate (rollout): 0.50 | Loss: 0.157 | Opp label coverage: 0.81
Step 1071455/5000000 | Win rate (rollout): 0.91 | Loss: 0.185 | Opp label coverage: 0.90
Step 1071967/5000000 | Win rate (rollout): 0.53 | Loss: 0.218 | Opp label coverage: 0.88
Step 1072480/5000000 | Win rate (rollout): 0.44 | Loss: 0.298 | Opp label coverage: 0.87
Step 1072992/5000000 | Win rate (rollout): 0.43 | Loss: 0.199 | Opp label coverage: 0.83
Step 1073509/5000000 | Win rate (rollout): 0.50 | Loss: 0.173 | Opp label coverage: 0.89
Step 1074021/5000000 | Win rate (rollout): 0.64 | Loss: 0.151 | Opp label coverage: 0.84
Step 1074533/5000000 | Win rate (rollout): 0.50 | Loss: 0.184 | Opp label coverage: 0.81
Step 1075045/5000000 | Win rate (rollout): 0.44 | Loss: 0.172 | Opp label coverage: 0.86
[checkpoint] Saved /Users/laithassaf/Documents/Programs/Archived/pokemon-showdown/models/ppo/checkpoints/opp/ppo_step_1075149.pt
Step 1075557/5000000 | Win rate (rollout): 0.50 | Loss: 0.172 | Opp label coverage: 0.88
Step 1076071/5000000 | Win rate (rollout): 0.50 | Loss: 0.123 | Opp label coverage: 0.89
Step 1076588/5000000 | Win rate (rollout): 0.36 | Loss: 0.159 | Opp label coverage: 0.87
Step 1077104/5000000 | Win rate (rollout): 0.46 | Loss: 0.256 | Opp label coverage: 0.90
Step 1077616/5000000 | Win rate (rollout): 0.64 | Loss: 0.188 | Opp label coverage: 0.83
Step 1078128/5000000 | Win rate (rollout): 0.44 | Loss: 0.171 | Opp label coverage: 0.87
Step 1078640/5000000 | Win rate (rollout): 0.42 | Loss: 0.191 | Opp label coverage: 0.82
Step 1079152/5000000 | Win rate (rollout): 0.70 | Loss: 0.172 | Opp label coverage: 0.86
Step 1079669/5000000 | Win rate (rollout): 0.54 | Loss: 0.185 | Opp label coverage: 0.88
Step 1080181/5000000 | Win rate (rollout): 0.71 | Loss: 0.161 | Opp label coverage: 0.81
Step 1080693/5000000 | Win rate (rollout): 0.45 | Loss: 0.184 | Opp label coverage: 0.84
Step 1081205/5000000 | Win rate (rollout): 0.38 | Loss: 0.194 | Opp label coverage: 0.84
Step 1081723/5000000 | Win rate (rollout): 0.43 | Loss: 0.213 | Opp label coverage: 0.86
Step 1082240/5000000 | Win rate (rollout): 0.79 | Loss: 0.216 | Opp label coverage: 0.90
Step 1082752/5000000 | Win rate (rollout): 0.56 | Loss: 0.173 | Opp label coverage: 0.80
Step 1083264/5000000 | Win rate (rollout): 0.33 | Loss: 0.173 | Opp label coverage: 0.85
Step 1083776/5000000 | Win rate (rollout): 0.50 | Loss: 0.160 | Opp label coverage: 0.90
Step 1084288/5000000 | Win rate (rollout): 0.25 | Loss: 0.183 | Opp label coverage: 0.82
Step 1084800/5000000 | Win rate (rollout): 0.43 | Loss: 0.164 | Opp label coverage: 0.86
Step 1085312/5000000 | Win rate (rollout): 0.90 | Loss: 0.165 | Opp label coverage: 0.86
Step 1085830/5000000 | Win rate (rollout): 0.60 | Loss: 0.207 | Opp label coverage: 0.90
Step 1086344/5000000 | Win rate (rollout): 0.58 | Loss: 0.204 | Opp label coverage: 0.90
Step 1086856/5000000 | Win rate (rollout): 0.27 | Loss: 0.203 | Opp label coverage: 0.79
Step 1087370/5000000 | Win rate (rollout): 0.58 | Loss: 0.180 | Opp label coverage: 0.89
Step 1087882/5000000 | Win rate (rollout): 0.33 | Loss: 0.168 | Opp label coverage: 0.81
Step 1088397/5000000 | Win rate (rollout): 0.30 | Loss: 0.152 | Opp label coverage: 0.89
Step 1088909/5000000 | Win rate (rollout): 0.29 | Loss: 0.169 | Opp label coverage: 0.82
Step 1089421/5000000 | Win rate (rollout): 0.47 | Loss: 0.209 | Opp label coverage: 0.83
Step 1089933/5000000 | Win rate (rollout): 0.78 | Loss: 0.163 | Opp label coverage: 0.81
Step 1090451/5000000 | Win rate (rollout): 0.33 | Loss: 0.162 | Opp label coverage: 0.88
Step 1090963/5000000 | Win rate (rollout): 0.45 | Loss: 0.183 | Opp label coverage: 0.84
Step 1091475/5000000 | Win rate (rollout): 0.50 | Loss: 0.160 | Opp label coverage: 0.82
Step 1091987/5000000 | Win rate (rollout): 0.29 | Loss: 0.196 | Opp label coverage: 0.86
Step 1092501/5000000 | Win rate (rollout): 0.67 | Loss: 0.166 | Opp label coverage: 0.90
Step 1093018/5000000 | Win rate (rollout): 0.69 | Loss: 0.128 | Opp label coverage: 0.90
Step 1093530/5000000 | Win rate (rollout): 0.56 | Loss: 0.157 | Opp label coverage: 0.79
Step 1094042/5000000 | Win rate (rollout): 0.50 | Loss: 0.160 | Opp label coverage: 0.89
Step 1094558/5000000 | Win rate (rollout): 0.44 | Loss: 0.137 | Opp label coverage: 0.88
Step 1095076/5000000 | Win rate (rollout): 0.38 | Loss: 0.192 | Opp label coverage: 0.88
Step 1095588/5000000 | Win rate (rollout): 0.22 | Loss: 0.149 | Opp label coverage: 0.84
Step 1096100/5000000 | Win rate (rollout): 0.67 | Loss: 0.179 | Opp label coverage: 0.85
Step 1096615/5000000 | Win rate (rollout): 0.64 | Loss: 0.213 | Opp label coverage: 0.88
Step 1097127/5000000 | Win rate (rollout): 0.62 | Loss: 0.169 | Opp label coverage: 0.83
Step 1097642/5000000 | Win rate (rollout): 0.27 | Loss: 0.166 | Opp label coverage: 0.87
Step 1098156/5000000 | Win rate (rollout): 0.31 | Loss: 0.185 | Opp label coverage: 0.87
Step 1098668/5000000 | Win rate (rollout): 0.90 | Loss: 0.183 | Opp label coverage: 0.80
Step 1099180/5000000 | Win rate (rollout): 0.55 | Loss: 0.165 | Opp label coverage: 0.88
Step 1099698/5000000 | Win rate (rollout): 0.54 | Loss: 0.201 | Opp label coverage: 0.88
[checkpoint] Saved /Users/laithassaf/Documents/Programs/Archived/pokemon-showdown/models/ppo/checkpoints/opp/ppo_step_1100153.pt
Step 1100211/5000000 | Win rate (rollout): 0.33 | Loss: 0.228 | Opp label coverage: 0.88
Step 1100723/5000000 | Win rate (rollout): 0.46 | Loss: 0.178 | Opp label coverage: 0.85
Step 1101238/5000000 | Win rate (rollout): 0.25 | Loss: 0.184 | Opp label coverage: 0.87
Step 1101750/5000000 | Win rate (rollout): 0.56 | Loss: 0.190 | Opp label coverage: 0.85
Step 1102262/5000000 | Win rate (rollout): 0.82 | Loss: 0.152 | Opp label coverage: 0.80
Step 1102774/5000000 | Win rate (rollout): 0.55 | Loss: 0.160 | Opp label coverage: 0.78
Step 1103290/5000000 | Win rate (rollout): 0.45 | Loss: 0.186 | Opp label coverage: 0.88
Step 1103802/5000000 | Win rate (rollout): 0.75 | Loss: 0.160 | Opp label coverage: 0.80
Step 1104319/5000000 | Win rate (rollout): 0.50 | Loss: 0.186 | Opp label coverage: 0.87
Step 1104831/5000000 | Win rate (rollout): 0.50 | Loss: 0.166 | Opp label coverage: 0.90
Step 1105345/5000000 | Win rate (rollout): 0.54 | Loss: 0.121 | Opp label coverage: 0.88
Step 1105857/5000000 | Win rate (rollout): 0.50 | Loss: 0.207 | Opp label coverage: 0.89
Step 1106369/5000000 | Win rate (rollout): 0.57 | Loss: 0.195 | Opp label coverage: 0.84
Step 1106883/5000000 | Win rate (rollout): 0.55 | Loss: 0.130 | Opp label coverage: 0.87
Step 1107396/5000000 | Win rate (rollout): 0.60 | Loss: 0.332 | Opp label coverage: 0.91
Step 1107910/5000000 | Win rate (rollout): 0.25 | Loss: 0.177 | Opp label coverage: 0.88
Step 1108422/5000000 | Win rate (rollout): 0.43 | Loss: 0.181 | Opp label coverage: 0.82
Step 1108934/5000000 | Win rate (rollout): 0.44 | Loss: 0.189 | Opp label coverage: 0.76
Step 1109446/5000000 | Win rate (rollout): 0.36 | Loss: 0.154 | Opp label coverage: 0.83
Step 1109958/5000000 | Win rate (rollout): 0.28 | Loss: 0.207 | Opp label coverage: 0.81
Step 1110475/5000000 | Win rate (rollout): 0.75 | Loss: 0.160 | Opp label coverage: 0.89
Step 1110987/5000000 | Win rate (rollout): 0.50 | Loss: 0.167 | Opp label coverage: 0.81
Step 1111499/5000000 | Win rate (rollout): 0.78 | Loss: 0.153 | Opp label coverage: 0.78
Step 1112011/5000000 | Win rate (rollout): 0.46 | Loss: 0.177 | Opp label coverage: 0.80
Step 1112523/5000000 | Win rate (rollout): 0.44 | Loss: 0.205 | Opp label coverage: 0.85
Step 1113041/5000000 | Win rate (rollout): 0.30 | Loss: 0.178 | Opp label coverage: 0.90
Step 1113555/5000000 | Win rate (rollout): 0.53 | Loss: 0.233 | Opp label coverage: 0.87
Step 1114068/5000000 | Win rate (rollout): 0.43 | Loss: 0.198 | Opp label coverage: 0.90
Step 1114580/5000000 | Win rate (rollout): 0.50 | Loss: 0.169 | Opp label coverage: 0.76
Step 1115092/5000000 | Win rate (rollout): 0.40 | Loss: 0.166 | Opp label coverage: 0.88
Step 1115604/5000000 | Win rate (rollout): 0.57 | Loss: 0.173 | Opp label coverage: 0.88
Step 1116120/5000000 | Win rate (rollout): 0.46 | Loss: 0.155 | Opp label coverage: 0.88
Step 1116633/5000000 | Win rate (rollout): 0.40 | Loss: 0.137 | Opp label coverage: 0.89
Step 1117147/5000000 | Win rate (rollout): 0.78 | Loss: 0.114 | Opp label coverage: 0.92
Step 1117659/5000000 | Win rate (rollout): 0.88 | Loss: 0.163 | Opp label coverage: 0.82
Step 1118172/5000000 | Win rate (rollout): 0.00 | Loss: 0.158 | Opp label coverage: 0.89
Step 1118684/5000000 | Win rate (rollout): 0.40 | Loss: 0.135 | Opp label coverage: 0.92
Step 1119196/5000000 | Win rate (rollout): 0.50 | Loss: 0.193 | Opp label coverage: 0.81
Step 1119714/5000000 | Win rate (rollout): 0.25 | Loss: 0.165 | Opp label coverage: 0.88
Step 1120228/5000000 | Win rate (rollout): 0.40 | Loss: 0.066 | Opp label coverage: 0.87
Step 1120740/5000000 | Win rate (rollout): 0.64 | Loss: 0.181 | Opp label coverage: 0.89
Step 1121252/5000000 | Win rate (rollout): 0.18 | Loss: 0.173 | Opp label coverage: 0.82
Step 1121764/5000000 | Win rate (rollout): 0.67 | Loss: 0.175 | Opp label coverage: 0.86
Step 1122276/5000000 | Win rate (rollout): 0.54 | Loss: 0.160 | Opp label coverage: 0.78
Step 1122793/5000000 | Win rate (rollout): 0.36 | Loss: 0.157 | Opp label coverage: 0.88
Step 1123305/5000000 | Win rate (rollout): 0.80 | Loss: 0.183 | Opp label coverage: 0.81
Step 1123817/5000000 | Win rate (rollout): 0.33 | Loss: 0.186 | Opp label coverage: 0.82
Step 1124330/5000000 | Win rate (rollout): 0.30 | Loss: 0.218 | Opp label coverage: 0.89
Step 1124842/5000000 | Win rate (rollout): 0.33 | Loss: 0.200 | Opp label coverage: 0.79
[checkpoint] Saved /Users/laithassaf/Documents/Programs/Archived/pokemon-showdown/models/ppo/checkpoints/opp/ppo_step_1125154.pt
Step 1125354/5000000 | Win rate (rollout): 0.78 | Loss: 0.172 | Opp label coverage: 0.86
Step 1125873/5000000 | Win rate (rollout): 0.67 | Loss: 0.153 | Opp label coverage: 0.90
Step 1126385/5000000 | Win rate (rollout): 0.55 | Loss: 0.146 | Opp label coverage: 0.91
Step 1126897/5000000 | Win rate (rollout): 0.29 | Loss: 0.184 | Opp label coverage: 0.82
Step 1127414/5000000 | Win rate (rollout): 0.60 | Loss: 0.177 | Opp label coverage: 0.91
Step 1127928/5000000 | Win rate (rollout): 0.50 | Loss: 0.220 | Opp label coverage: 0.90
Step 1128440/5000000 | Win rate (rollout): 0.50 | Loss: 0.188 | Opp label coverage: 0.86
Step 1128955/5000000 | Win rate (rollout): 0.50 | Loss: 0.154 | Opp label coverage: 0.88
Step 1129467/5000000 | Win rate (rollout): 0.31 | Loss: 0.184 | Opp label coverage: 0.82
Step 1129979/5000000 | Win rate (rollout): 0.38 | Loss: 0.182 | Opp label coverage: 0.77
Step 1130491/5000000 | Win rate (rollout): 0.35 | Loss: 0.198 | Opp label coverage: 0.79
Step 1131003/5000000 | Win rate (rollout): 0.36 | Loss: 0.154 | Opp label coverage: 0.89
Step 1131516/5000000 | Win rate (rollout): 0.62 | Loss: 0.128 | Opp label coverage: 0.90
Step 1132028/5000000 | Win rate (rollout): 0.42 | Loss: 0.169 | Opp label coverage: 0.83
Step 1132540/5000000 | Win rate (rollout): 0.50 | Loss: 0.164 | Opp label coverage: 0.90
Step 1133052/5000000 | Win rate (rollout): 0.43 | Loss: 0.176 | Opp label coverage: 0.85
Step 1133564/5000000 | Win rate (rollout): 0.62 | Loss: 0.169 | Opp label coverage: 0.84
Step 1134079/5000000 | Win rate (rollout): 0.38 | Loss: 0.157 | Opp label coverage: 0.90
Step 1134591/5000000 | Win rate (rollout): 0.56 | Loss: 0.168 | Opp label coverage: 0.85
Step 1135103/5000000 | Win rate (rollout): 0.43 | Loss: 0.137 | Opp label coverage: 0.91
Step 1135620/5000000 | Win rate (rollout): 0.35 | Loss: 0.169 | Opp label coverage: 0.85
Step 1136132/5000000 | Win rate (rollout): 0.58 | Loss: 0.165 | Opp label coverage: 0.85
Step 1136644/5000000 | Win rate (rollout): 0.67 | Loss: 0.166 | Opp label coverage: 0.82
Step 1137160/5000000 | Win rate (rollout): 0.62 | Loss: 0.151 | Opp label coverage: 0.90
Step 1137672/5000000 | Win rate (rollout): 0.56 | Loss: 0.157 | Opp label coverage: 0.83
Step 1138185/5000000 | Win rate (rollout): 0.50 | Loss: 0.132 | Opp label coverage: 0.88
Step 1138698/5000000 | Win rate (rollout): 0.54 | Loss: 0.145 | Opp label coverage: 0.90
Step 1139214/5000000 | Win rate (rollout): 0.56 | Loss: 0.121 | Opp label coverage: 0.90
Step 1139726/5000000 | Win rate (rollout): 0.55 | Loss: 0.216 | Opp label coverage: 0.78
Step 1140238/5000000 | Win rate (rollout): 0.67 | Loss: 0.175 | Opp label coverage: 0.82
Step 1140757/5000000 | Win rate (rollout): 0.56 | Loss: 0.172 | Opp label coverage: 0.90
Step 1141269/5000000 | Win rate (rollout): 0.64 | Loss: 0.155 | Opp label coverage: 0.82
Step 1141787/5000000 | Win rate (rollout): 0.90 | Loss: 0.159 | Opp label coverage: 0.88
Step 1142300/5000000 | Win rate (rollout): 0.62 | Loss: 0.185 | Opp label coverage: 0.88
Step 1142812/5000000 | Win rate (rollout): 0.18 | Loss: 0.185 | Opp label coverage: 0.81
Step 1143329/5000000 | Win rate (rollout): 0.56 | Loss: 0.199 | Opp label coverage: 0.89
Step 1143843/5000000 | Win rate (rollout): 0.58 | Loss: 0.187 | Opp label coverage: 0.91
Step 1144355/5000000 | Win rate (rollout): 0.50 | Loss: 0.154 | Opp label coverage: 0.81
Step 1144869/5000000 | Win rate (rollout): 0.50 | Loss: 0.196 | Opp label coverage: 0.88
Step 1145384/5000000 | Win rate (rollout): 0.50 | Loss: 0.168 | Opp label coverage: 0.88
Step 1145896/5000000 | Win rate (rollout): 0.29 | Loss: 0.178 | Opp label coverage: 0.83
Step 1146408/5000000 | Win rate (rollout): 0.08 | Loss: 0.158 | Opp label coverage: 0.78
Step 1146920/5000000 | Win rate (rollout): 0.25 | Loss: 0.144 | Opp label coverage: 0.88
Step 1147432/5000000 | Win rate (rollout): 0.54 | Loss: 0.184 | Opp label coverage: 0.81
Step 1147944/5000000 | Win rate (rollout): 0.50 | Loss: 0.200 | Opp label coverage: 0.83
Step 1148456/5000000 | Win rate (rollout): 0.75 | Loss: 0.163 | Opp label coverage: 0.82
Step 1148971/5000000 | Win rate (rollout): 0.44 | Loss: 0.145 | Opp label coverage: 0.90
Step 1149483/5000000 | Win rate (rollout): 0.38 | Loss: 0.203 | Opp label coverage: 0.83
Step 1149995/5000000 | Win rate (rollout): 0.30 | Loss: 0.153 | Opp label coverage: 0.88
[checkpoint] Saved /Users/laithassaf/Documents/Programs/Archived/pokemon-showdown/models/ppo/checkpoints/opp/ppo_step_1150155.pt
Step 1150507/5000000 | Win rate (rollout): 0.23 | Loss: 0.165 | Opp label coverage: 0.84
Step 1151019/5000000 | Win rate (rollout): 0.33 | Loss: 0.164 | Opp label coverage: 0.84
Step 1151531/5000000 | Win rate (rollout): 0.38 | Loss: 0.199 | Opp label coverage: 0.78
Step 1152043/5000000 | Win rate (rollout): 0.42 | Loss: 0.194 | Opp label coverage: 0.85
Step 1152555/5000000 | Win rate (rollout): 0.35 | Loss: 0.190 | Opp label coverage: 0.75
Step 1153070/5000000 | Win rate (rollout): 0.18 | Loss: 0.223 | Opp label coverage: 0.87
Step 1153585/5000000 | Win rate (rollout): 0.57 | Loss: 0.191 | Opp label coverage: 0.89
Step 1154097/5000000 | Win rate (rollout): 0.73 | Loss: 0.155 | Opp label coverage: 0.84
Step 1154614/5000000 | Win rate (rollout): 0.67 | Loss: 0.170 | Opp label coverage: 0.89
Step 1155126/5000000 | Win rate (rollout): 0.29 | Loss: 0.203 | Opp label coverage: 0.81
Step 1155638/5000000 | Win rate (rollout): 0.53 | Loss: 0.171 | Opp label coverage: 0.85
Step 1156150/5000000 | Win rate (rollout): 0.33 | Loss: 0.187 | Opp label coverage: 0.86
Step 1156667/5000000 | Win rate (rollout): 0.40 | Loss: 0.184 | Opp label coverage: 0.88
Step 1157186/5000000 | Win rate (rollout): 0.50 | Loss: 0.176 | Opp label coverage: 0.87
Step 1157698/5000000 | Win rate (rollout): 0.50 | Loss: 0.213 | Opp label coverage: 0.87
Step 1158212/5000000 | Win rate (rollout): 0.73 | Loss: 0.219 | Opp label coverage: 0.90
Step 1158724/5000000 | Win rate (rollout): 0.44 | Loss: 0.162 | Opp label coverage: 0.85
Step 1159236/5000000 | Win rate (rollout): 0.78 | Loss: 0.183 | Opp label coverage: 0.89
Step 1159748/5000000 | Win rate (rollout): 0.67 | Loss: 0.157 | Opp label coverage: 0.82
Step 1160260/5000000 | Win rate (rollout): 0.46 | Loss: 0.175 | Opp label coverage: 0.78
Step 1160777/5000000 | Win rate (rollout): 0.38 | Loss: 0.155 | Opp label coverage: 0.89
Step 1161289/5000000 | Win rate (rollout): 0.53 | Loss: 0.208 | Opp label coverage: 0.87
Step 1161806/5000000 | Win rate (rollout): 0.38 | Loss: 0.159 | Opp label coverage: 0.91
Step 1162319/5000000 | Win rate (rollout): 0.53 | Loss: 0.169 | Opp label coverage: 0.87
Step 1162831/5000000 | Win rate (rollout): 0.69 | Loss: 0.200 | Opp label coverage: 0.84
Step 1163346/5000000 | Win rate (rollout): 0.64 | Loss: 0.135 | Opp label coverage: 0.89
Step 1163859/5000000 | Win rate (rollout): 0.15 | Loss: 0.199 | Opp label coverage: 0.88
Step 1164371/5000000 | Win rate (rollout): 0.67 | Loss: 0.176 | Opp label coverage: 0.76
Step 1164888/5000000 | Win rate (rollout): 0.56 | Loss: 0.148 | Opp label coverage: 0.88
Step 1165400/5000000 | Win rate (rollout): 0.62 | Loss: 0.171 | Opp label coverage: 0.84
Step 1165912/5000000 | Win rate (rollout): 0.64 | Loss: 0.165 | Opp label coverage: 0.83
Step 1166424/5000000 | Win rate (rollout): 0.30 | Loss: 0.157 | Opp label coverage: 0.82
Step 1166942/5000000 | Win rate (rollout): 0.44 | Loss: 0.110 | Opp label coverage: 0.89
Step 1167454/5000000 | Win rate (rollout): 0.56 | Loss: 0.205 | Opp label coverage: 0.85
Step 1167970/5000000 | Win rate (rollout): 0.50 | Loss: 0.157 | Opp label coverage: 0.90
Step 1168484/5000000 | Win rate (rollout): 0.71 | Loss: 0.120 | Opp label coverage: 0.90
Step 1168996/5000000 | Win rate (rollout): 0.80 | Loss: 0.148 | Opp label coverage: 0.80
Step 1169508/5000000 | Win rate (rollout): 0.54 | Loss: 0.154 | Opp label coverage: 0.83
Step 1170020/5000000 | Win rate (rollout): 0.75 | Loss: 0.211 | Opp label coverage: 0.80
Step 1170532/5000000 | Win rate (rollout): 0.50 | Loss: 0.157 | Opp label coverage: 0.82
Step 1171044/5000000 | Win rate (rollout): 0.62 | Loss: 0.161 | Opp label coverage: 0.84
Step 1171559/5000000 | Win rate (rollout): 0.60 | Loss: 0.172 | Opp label coverage: 0.89
Step 1172075/5000000 | Win rate (rollout): 0.65 | Loss: 0.188 | Opp label coverage: 0.88
Step 1172587/5000000 | Win rate (rollout): 0.45 | Loss: 0.176 | Opp label coverage: 0.81
Step 1173102/5000000 | Win rate (rollout): 0.56 | Loss: 0.141 | Opp label coverage: 0.89
Step 1173615/5000000 | Win rate (rollout): 0.59 | Loss: 0.113 | Opp label coverage: 0.87
Step 1174127/5000000 | Win rate (rollout): 0.38 | Loss: 0.220 | Opp label coverage: 0.81
Step 1174639/5000000 | Win rate (rollout): 0.56 | Loss: 0.199 | Opp label coverage: 0.80
Step 1175151/5000000 | Win rate (rollout): 0.20 | Loss: 0.188 | Opp label coverage: 0.81
[checkpoint] Saved /Users/laithassaf/Documents/Programs/Archived/pokemon-showdown/models/ppo/checkpoints/opp/ppo_step_1175159.pt
Step 1175663/5000000 | Win rate (rollout): 0.60 | Loss: 0.168 | Opp label coverage: 0.81
Step 1176175/5000000 | Win rate (rollout): 0.82 | Loss: 0.177 | Opp label coverage: 0.77
Step 1176687/5000000 | Win rate (rollout): 0.42 | Loss: 0.178 | Opp label coverage: 0.82
Step 1177199/5000000 | Win rate (rollout): 0.38 | Loss: 0.184 | Opp label coverage: 0.81
Step 1177711/5000000 | Win rate (rollout): 0.50 | Loss: 0.153 | Opp label coverage: 0.86
Step 1178223/5000000 | Win rate (rollout): 0.25 | Loss: 0.194 | Opp label coverage: 0.81
Step 1178736/5000000 | Win rate (rollout): 0.33 | Loss: 0.265 | Opp label coverage: 0.88
Step 1179248/5000000 | Win rate (rollout): 0.67 | Loss: 0.176 | Opp label coverage: 0.82
Step 1179760/5000000 | Win rate (rollout): 0.23 | Loss: 0.194 | Opp label coverage: 0.82
Step 1180272/5000000 | Win rate (rollout): 0.58 | Loss: 0.184 | Opp label coverage: 0.75
Step 1180784/5000000 | Win rate (rollout): 0.50 | Loss: 0.188 | Opp label coverage: 0.74
Step 1181296/5000000 | Win rate (rollout): 0.38 | Loss: 0.193 | Opp label coverage: 0.83
Step 1181808/5000000 | Win rate (rollout): 0.40 | Loss: 0.205 | Opp label coverage: 0.84
Step 1182320/5000000 | Win rate (rollout): 0.31 | Loss: 0.182 | Opp label coverage: 0.81
Step 1182833/5000000 | Win rate (rollout): 0.30 | Loss: 0.215 | Opp label coverage: 0.89
Step 1183345/5000000 | Win rate (rollout): 0.14 | Loss: 0.173 | Opp label coverage: 0.82
Step 1183860/5000000 | Win rate (rollout): 0.50 | Loss: 0.146 | Opp label coverage: 0.89
Step 1184375/5000000 | Win rate (rollout): 0.43 | Loss: 0.218 | Opp label coverage: 0.88
Step 1184887/5000000 | Win rate (rollout): 0.29 | Loss: 0.182 | Opp label coverage: 0.85
Step 1185399/5000000 | Win rate (rollout): 0.67 | Loss: 0.177 | Opp label coverage: 0.82
Step 1185911/5000000 | Win rate (rollout): 0.64 | Loss: 0.191 | Opp label coverage: 0.88
Step 1186423/5000000 | Win rate (rollout): 0.38 | Loss: 0.161 | Opp label coverage: 0.76
Step 1186935/5000000 | Win rate (rollout): 0.50 | Loss: 0.168 | Opp label coverage: 0.82
Step 1187447/5000000 | Win rate (rollout): 0.62 | Loss: 0.188 | Opp label coverage: 0.90
Step 1187963/5000000 | Win rate (rollout): 0.58 | Loss: 0.158 | Opp label coverage: 0.91
Step 1188475/5000000 | Win rate (rollout): 0.64 | Loss: 0.169 | Opp label coverage: 0.83
Step 1188988/5000000 | Win rate (rollout): 0.67 | Loss: 0.224 | Opp label coverage: 0.90
Step 1189506/5000000 | Win rate (rollout): 0.54 | Loss: 0.168 | Opp label coverage: 0.90
Step 1190023/5000000 | Win rate (rollout): 0.92 | Loss: 0.172 | Opp label coverage: 0.91
Step 1190539/5000000 | Win rate (rollout): 0.23 | Loss: 0.196 | Opp label coverage: 0.88
Step 1191051/5000000 | Win rate (rollout): 0.33 | Loss: 0.195 | Opp label coverage: 0.84
Step 1191567/5000000 | Win rate (rollout): 0.70 | Loss: 0.106 | Opp label coverage: 0.91
Step 1192084/5000000 | Win rate (rollout): 0.50 | Loss: 0.201 | Opp label coverage: 0.89
Step 1192596/5000000 | Win rate (rollout): 0.36 | Loss: 0.191 | Opp label coverage: 0.85
Step 1193115/5000000 | Win rate (rollout): 0.12 | Loss: 0.142 | Opp label coverage: 0.88
Step 1193627/5000000 | Win rate (rollout): 0.50 | Loss: 0.175 | Opp label coverage: 0.82
Step 1194139/5000000 | Win rate (rollout): 0.50 | Loss: 0.176 | Opp label coverage: 0.87
Step 1194656/5000000 | Win rate (rollout): 0.50 | Loss: 0.144 | Opp label coverage: 0.89
Step 1195168/5000000 | Win rate (rollout): 0.62 | Loss: 0.159 | Opp label coverage: 0.83
Step 1195680/5000000 | Win rate (rollout): 0.62 | Loss: 0.205 | Opp label coverage: 0.84
Step 1196198/5000000 | Win rate (rollout): 0.60 | Loss: 0.169 | Opp label coverage: 0.88
Step 1196710/5000000 | Win rate (rollout): 0.45 | Loss: 0.178 | Opp label coverage: 0.83
Step 1197222/5000000 | Win rate (rollout): 0.23 | Loss: 0.178 | Opp label coverage: 0.79
Step 1197734/5000000 | Win rate (rollout): 0.67 | Loss: 0.183 | Opp label coverage: 0.85
Step 1198246/5000000 | Win rate (rollout): 0.43 | Loss: 0.224 | Opp label coverage: 0.82
Step 1198758/5000000 | Win rate (rollout): 0.42 | Loss: 0.184 | Opp label coverage: 0.80
Step 1199270/5000000 | Win rate (rollout): 0.30 | Loss: 0.163 | Opp label coverage: 0.83
Step 1199782/5000000 | Win rate (rollout): 0.38 | Loss: 0.184 | Opp label coverage: 0.76
[checkpoint] Saved /Users/laithassaf/Documents/Programs/Archived/pokemon-showdown/models/ppo/checkpoints/opp/ppo_step_1200166.pt
Step 1200294/5000000 | Win rate (rollout): 0.43 | Loss: 0.179 | Opp label coverage: 0.80
Step 1200811/5000000 | Win rate (rollout): 0.45 | Loss: 0.240 | Opp label coverage: 0.90
Step 1201325/5000000 | Win rate (rollout): 0.57 | Loss: 0.153 | Opp label coverage: 0.89
Step 1201840/5000000 | Win rate (rollout): 0.42 | Loss: 0.172 | Opp label coverage: 0.90
Step 1202357/5000000 | Win rate (rollout): 0.25 | Loss: 0.146 | Opp label coverage: 0.91
Step 1202869/5000000 | Win rate (rollout): 0.27 | Loss: 0.168 | Opp label coverage: 0.83
Step 1203381/5000000 | Win rate (rollout): 0.19 | Loss: 0.168 | Opp label coverage: 0.86
Step 1203896/5000000 | Win rate (rollout): 0.70 | Loss: 0.175 | Opp label coverage: 0.90
Step 1204415/5000000 | Win rate (rollout): 0.38 | Loss: 0.200 | Opp label coverage: 0.88
Step 1204933/5000000 | Win rate (rollout): 0.31 | Loss: 0.116 | Opp label coverage: 0.88
Step 1205448/5000000 | Win rate (rollout): 0.69 | Loss: 0.163 | Opp label coverage: 0.90
Step 1205960/5000000 | Win rate (rollout): 0.89 | Loss: 0.177 | Opp label coverage: 0.85
Step 1206476/5000000 | Win rate (rollout): 0.50 | Loss: 0.196 | Opp label coverage: 0.89
Step 1206988/5000000 | Win rate (rollout): 0.50 | Loss: 0.161 | Opp label coverage: 0.83
Step 1207500/5000000 | Win rate (rollout): 0.33 | Loss: 0.163 | Opp label coverage: 0.87
Step 1208012/5000000 | Win rate (rollout): 0.56 | Loss: 0.167 | Opp label coverage: 0.81
Step 1208524/5000000 | Win rate (rollout): 0.58 | Loss: 0.178 | Opp label coverage: 0.83
Step 1209036/5000000 | Win rate (rollout): 0.38 | Loss: 0.184 | Opp label coverage: 0.79
Step 1209548/5000000 | Win rate (rollout): 0.32 | Loss: 0.157 | Opp label coverage: 0.78
Step 1210060/5000000 | Win rate (rollout): 0.64 | Loss: 0.166 | Opp label coverage: 0.85
Step 1210575/5000000 | Win rate (rollout): 0.78 | Loss: 0.160 | Opp label coverage: 0.90
Step 1211087/5000000 | Win rate (rollout): 0.60 | Loss: 0.176 | Opp label coverage: 0.84
Step 1211604/5000000 | Win rate (rollout): 0.80 | Loss: 0.221 | Opp label coverage: 0.90
Step 1212116/5000000 | Win rate (rollout): 0.62 | Loss: 0.153 | Opp label coverage: 0.85
Step 1212628/5000000 | Win rate (rollout): 0.54 | Loss: 0.155 | Opp label coverage: 0.78
Step 1213140/5000000 | Win rate (rollout): 0.36 | Loss: 0.137 | Opp label coverage: 0.82
Step 1213652/5000000 | Win rate (rollout): 0.57 | Loss: 0.165 | Opp label coverage: 0.76
Step 1214167/5000000 | Win rate (rollout): 0.42 | Loss: 0.190 | Opp label coverage: 0.87
Step 1214679/5000000 | Win rate (rollout): 0.25 | Loss: 0.162 | Opp label coverage: 0.84
Step 1215191/5000000 | Win rate (rollout): 0.33 | Loss: 0.196 | Opp label coverage: 0.82
Step 1215705/5000000 | Win rate (rollout): 0.36 | Loss: 0.128 | Opp label coverage: 0.86
Step 1216217/5000000 | Win rate (rollout): 0.89 | Loss: 0.178 | Opp label coverage: 0.86
Step 1216733/5000000 | Win rate (rollout): 0.67 | Loss: 0.182 | Opp label coverage: 0.89
Step 1217245/5000000 | Win rate (rollout): 0.50 | Loss: 0.173 | Opp label coverage: 0.88
Step 1217757/5000000 | Win rate (rollout): 0.60 | Loss: 0.174 | Opp label coverage: 0.82
Step 1218269/5000000 | Win rate (rollout): 0.46 | Loss: 0.160 | Opp label coverage: 0.85
Step 1218782/5000000 | Win rate (rollout): 0.50 | Loss: 0.120 | Opp label coverage: 0.88
Step 1219294/5000000 | Win rate (rollout): 0.56 | Loss: 0.165 | Opp label coverage: 0.81
Step 1219806/5000000 | Win rate (rollout): 0.45 | Loss: 0.186 | Opp label coverage: 0.83
Step 1220320/5000000 | Win rate (rollout): 0.09 | Loss: 0.195 | Opp label coverage: 0.87
Step 1220835/5000000 | Win rate (rollout): 0.33 | Loss: 0.181 | Opp label coverage: 0.89
Step 1221347/5000000 | Win rate (rollout): 0.38 | Loss: 0.211 | Opp label coverage: 0.88
Step 1221865/5000000 | Win rate (rollout): 0.57 | Loss: 0.145 | Opp label coverage: 0.88
Step 1222377/5000000 | Win rate (rollout): 0.60 | Loss: 0.167 | Opp label coverage: 0.88
Step 1222889/5000000 | Win rate (rollout): 0.56 | Loss: 0.190 | Opp label coverage: 0.82
Step 1223402/5000000 | Win rate (rollout): 0.33 | Loss: 0.238 | Opp label coverage: 0.89
Step 1223914/5000000 | Win rate (rollout): 0.78 | Loss: 0.145 | Opp label coverage: 0.86
Step 1224426/5000000 | Win rate (rollout): 0.54 | Loss: 0.170 | Opp label coverage: 0.83
Step 1224942/5000000 | Win rate (rollout): 0.36 | Loss: 0.216 | Opp label coverage: 0.87
[checkpoint] Saved /Users/laithassaf/Documents/Programs/Archived/pokemon-showdown/models/ppo/checkpoints/opp/ppo_step_1225170.pt
Step 1225454/5000000 | Win rate (rollout): 0.46 | Loss: 0.191 | Opp label coverage: 0.90
Step 1225966/5000000 | Win rate (rollout): 0.30 | Loss: 0.158 | Opp label coverage: 0.85
Step 1226478/5000000 | Win rate (rollout): 0.58 | Loss: 0.174 | Opp label coverage: 0.76
Step 1226990/5000000 | Win rate (rollout): 0.46 | Loss: 0.176 | Opp label coverage: 0.79
Step 1227502/5000000 | Win rate (rollout): 0.45 | Loss: 0.164 | Opp label coverage: 0.89
Step 1228015/5000000 | Win rate (rollout): 0.54 | Loss: 0.133 | Opp label coverage: 0.87
Step 1228527/5000000 | Win rate (rollout): 0.54 | Loss: 0.218 | Opp label coverage: 0.84
Step 1229039/5000000 | Win rate (rollout): 0.31 | Loss: 0.177 | Opp label coverage: 0.84
Step 1229555/5000000 | Win rate (rollout): 0.45 | Loss: 0.201 | Opp label coverage: 0.87
Step 1230067/5000000 | Win rate (rollout): 0.46 | Loss: 0.199 | Opp label coverage: 0.81
Step 1230579/5000000 | Win rate (rollout): 0.56 | Loss: 0.175 | Opp label coverage: 0.85
Step 1231096/5000000 | Win rate (rollout): 0.38 | Loss: 0.140 | Opp label coverage: 0.91
Step 1231611/5000000 | Win rate (rollout): 0.58 | Loss: 0.205 | Opp label coverage: 0.90
Step 1232129/5000000 | Win rate (rollout): 0.40 | Loss: 0.156 | Opp label coverage: 0.89
Step 1232641/5000000 | Win rate (rollout): 0.38 | Loss: 0.167 | Opp label coverage: 0.86
Step 1233153/5000000 | Win rate (rollout): 0.57 | Loss: 0.141 | Opp label coverage: 0.90
Step 1233665/5000000 | Win rate (rollout): 0.38 | Loss: 0.193 | Opp label coverage: 0.83
Step 1234177/5000000 | Win rate (rollout): 0.44 | Loss: 0.173 | Opp label coverage: 0.82
Step 1234689/5000000 | Win rate (rollout): 0.69 | Loss: 0.175 | Opp label coverage: 0.81
Step 1235201/5000000 | Win rate (rollout): 0.41 | Loss: 0.177 | Opp label coverage: 0.84
Step 1235716/5000000 | Win rate (rollout): 0.36 | Loss: 0.171 | Opp label coverage: 0.89
Step 1236228/5000000 | Win rate (rollout): 0.56 | Loss: 0.170 | Opp label coverage: 0.84
Step 1236740/5000000 | Win rate (rollout): 0.67 | Loss: 0.215 | Opp label coverage: 0.82
Step 1237252/5000000 | Win rate (rollout): 0.36 | Loss: 0.186 | Opp label coverage: 0.83
Step 1237769/5000000 | Win rate (rollout): 0.73 | Loss: 0.142 | Opp label coverage: 0.91
Step 1238281/5000000 | Win rate (rollout): 0.44 | Loss: 0.179 | Opp label coverage: 0.82
Step 1238793/5000000 | Win rate (rollout): 0.40 | Loss: 0.189 | Opp label coverage: 0.87
Step 1239308/5000000 | Win rate (rollout): 0.38 | Loss: 0.181 | Opp label coverage: 0.89
Step 1239820/5000000 | Win rate (rollout): 0.44 | Loss: 0.140 | Opp label coverage: 0.78
Step 1240332/5000000 | Win rate (rollout): 0.50 | Loss: 0.177 | Opp label coverage: 0.78
Step 1240849/5000000 | Win rate (rollout): 0.46 | Loss: 0.141 | Opp label coverage: 0.89
Step 1241365/5000000 | Win rate (rollout): 0.36 | Loss: 0.170 | Opp label coverage: 0.88
Step 1241878/5000000 | Win rate (rollout): 0.71 | Loss: 0.103 | Opp label coverage: 0.88
Step 1242390/5000000 | Win rate (rollout): 0.45 | Loss: 0.192 | Opp label coverage: 0.85
Step 1242902/5000000 | Win rate (rollout): 0.29 | Loss: 0.173 | Opp label coverage: 0.79
Step 1243414/5000000 | Win rate (rollout): 0.56 | Loss: 0.213 | Opp label coverage: 0.82
Step 1243926/5000000 | Win rate (rollout): 0.60 | Loss: 0.162 | Opp label coverage: 0.85
Step 1244443/5000000 | Win rate (rollout): 0.45 | Loss: 0.156 | Opp label coverage: 0.88
Step 1244959/5000000 | Win rate (rollout): 0.36 | Loss: 0.204 | Opp label coverage: 0.89
Step 1245471/5000000 | Win rate (rollout): 0.57 | Loss: 0.155 | Opp label coverage: 0.85
Step 1245988/5000000 | Win rate (rollout): 0.42 | Loss: 0.164 | Opp label coverage: 0.88
Step 1246507/5000000 | Win rate (rollout): 0.57 | Loss: 0.197 | Opp label coverage: 0.89
Step 1247019/5000000 | Win rate (rollout): 0.50 | Loss: 0.156 | Opp label coverage: 0.79
Step 1247531/5000000 | Win rate (rollout): 0.30 | Loss: 0.154 | Opp label coverage: 0.77
Step 1248043/5000000 | Win rate (rollout): 0.55 | Loss: 0.187 | Opp label coverage: 0.87
Step 1248555/5000000 | Win rate (rollout): 0.47 | Loss: 0.179 | Opp label coverage: 0.82
Step 1249069/5000000 | Win rate (rollout): 0.50 | Loss: 0.168 | Opp label coverage: 0.90
Step 1249581/5000000 | Win rate (rollout): 0.40 | Loss: 0.173 | Opp label coverage: 0.78
Step 1250098/5000000 | Win rate (rollout): 0.50 | Loss: 0.123 | Opp label coverage: 0.89
[checkpoint] Saved /Users/laithassaf/Documents/Programs/Archived/pokemon-showdown/models/ppo/checkpoints/opp/ppo_step_1250170.pt
Step 1250610/5000000 | Win rate (rollout): 0.50 | Loss: 0.201 | Opp label coverage: 0.80
Step 1251122/5000000 | Win rate (rollout): 0.25 | Loss: 0.170 | Opp label coverage: 0.84
Step 1251634/5000000 | Win rate (rollout): 0.50 | Loss: 0.165 | Opp label coverage: 0.84
Step 1252148/5000000 | Win rate (rollout): 0.44 | Loss: 0.139 | Opp label coverage: 0.90
Step 1252660/5000000 | Win rate (rollout): 0.29 | Loss: 0.170 | Opp label coverage: 0.86
Step 1253172/5000000 | Win rate (rollout): 0.67 | Loss: 0.167 | Opp label coverage: 0.89
Step 1253684/5000000 | Win rate (rollout): 0.78 | Loss: 0.142 | Opp label coverage: 0.78
Step 1254196/5000000 | Win rate (rollout): 0.75 | Loss: 0.178 | Opp label coverage: 0.81
Step 1254714/5000000 | Win rate (rollout): 0.64 | Loss: 0.153 | Opp label coverage: 0.88
Step 1255226/5000000 | Win rate (rollout): 0.62 | Loss: 0.184 | Opp label coverage: 0.87
Step 1255740/5000000 | Win rate (rollout): 0.40 | Loss: 0.181 | Opp label coverage: 0.89
Step 1256254/5000000 | Win rate (rollout): 0.40 | Loss: 0.167 | Opp label coverage: 0.92
Step 1256766/5000000 | Win rate (rollout): 0.67 | Loss: 0.173 | Opp label coverage: 0.89
Step 1257283/5000000 | Win rate (rollout): 0.62 | Loss: 0.226 | Opp label coverage: 0.87
Step 1257795/5000000 | Win rate (rollout): 0.45 | Loss: 0.164 | Opp label coverage: 0.81
Step 1258309/5000000 | Win rate (rollout): 0.30 | Loss: 0.140 | Opp label coverage: 0.89
Step 1258821/5000000 | Win rate (rollout): 0.60 | Loss: 0.223 | Opp label coverage: 0.79
Step 1259340/5000000 | Win rate (rollout): 0.42 | Loss: 0.146 | Opp label coverage: 0.87
Step 1259852/5000000 | Win rate (rollout): 0.50 | Loss: 0.172 | Opp label coverage: 0.82
Step 1260368/5000000 | Win rate (rollout): 0.45 | Loss: 0.183 | Opp label coverage: 0.88
Step 1260880/5000000 | Win rate (rollout): 0.70 | Loss: 0.171 | Opp label coverage: 0.82
Step 1261392/5000000 | Win rate (rollout): 0.88 | Loss: 0.180 | Opp label coverage: 0.82
Step 1261904/5000000 | Win rate (rollout): 0.45 | Loss: 0.157 | Opp label coverage: 0.82
Step 1262416/5000000 | Win rate (rollout): 0.33 | Loss: 0.168 | Opp label coverage: 0.84
Step 1262930/5000000 | Win rate (rollout): 0.33 | Loss: 0.130 | Opp label coverage: 0.89
Step 1263442/5000000 | Win rate (rollout): 0.50 | Loss: 0.177 | Opp label coverage: 0.85
Step 1263954/5000000 | Win rate (rollout): 0.43 | Loss: 0.189 | Opp label coverage: 0.80
Step 1264466/5000000 | Win rate (rollout): 0.78 | Loss: 0.183 | Opp label coverage: 0.86
Step 1264978/5000000 | Win rate (rollout): 0.75 | Loss: 0.159 | Opp label coverage: 0.89
Step 1265490/5000000 | Win rate (rollout): 0.50 | Loss: 0.170 | Opp label coverage: 0.82
Step 1266003/5000000 | Win rate (rollout): 0.31 | Loss: 0.178 | Opp label coverage: 0.87
Step 1266515/5000000 | Win rate (rollout): 0.73 | Loss: 0.169 | Opp label coverage: 0.87
Step 1267027/5000000 | Win rate (rollout): 0.17 | Loss: 0.193 | Opp label coverage: 0.80
Step 1267544/5000000 | Win rate (rollout): 0.27 | Loss: 0.182 | Opp label coverage: 0.85
Step 1268056/5000000 | Win rate (rollout): 0.70 | Loss: 0.174 | Opp label coverage: 0.84
Step 1268568/5000000 | Win rate (rollout): 0.62 | Loss: 0.197 | Opp label coverage: 0.78
Step 1269084/5000000 | Win rate (rollout): 0.67 | Loss: 0.170 | Opp label coverage: 0.88
Step 1269600/5000000 | Win rate (rollout): 0.50 | Loss: 0.169 | Opp label coverage: 0.91
Step 1270112/5000000 | Win rate (rollout): 0.50 | Loss: 0.154 | Opp label coverage: 0.83
Step 1270631/5000000 | Win rate (rollout): 0.22 | Loss: 0.120 | Opp label coverage: 0.88
Step 1271143/5000000 | Win rate (rollout): 0.56 | Loss: 0.155 | Opp label coverage: 0.84
Step 1271655/5000000 | Win rate (rollout): 0.62 | Loss: 0.214 | Opp label coverage: 0.85
Step 1272167/5000000 | Win rate (rollout): 0.50 | Loss: 0.198 | Opp label coverage: 0.81
Step 1272679/5000000 | Win rate (rollout): 0.25 | Loss: 0.156 | Opp label coverage: 0.81
Step 1273195/5000000 | Win rate (rollout): 0.40 | Loss: 0.203 | Opp label coverage: 0.89
Step 1273707/5000000 | Win rate (rollout): 0.38 | Loss: 0.187 | Opp label coverage: 0.84
Step 1274221/5000000 | Win rate (rollout): 0.43 | Loss: 0.142 | Opp label coverage: 0.89
Step 1274733/5000000 | Win rate (rollout): 0.36 | Loss: 0.204 | Opp label coverage: 0.82
[checkpoint] Saved /Users/laithassaf/Documents/Programs/Archived/pokemon-showdown/models/ppo/checkpoints/opp/ppo_step_1275173.pt
Step 1275245/5000000 | Win rate (rollout): 0.43 | Loss: 0.184 | Opp label coverage: 0.85
Step 1275763/5000000 | Win rate (rollout): 0.42 | Loss: 0.156 | Opp label coverage: 0.87
Step 1276275/5000000 | Win rate (rollout): 0.50 | Loss: 0.192 | Opp label coverage: 0.75
Step 1276789/5000000 | Win rate (rollout): 0.50 | Loss: 0.199 | Opp label coverage: 0.88
Step 1277304/5000000 | Win rate (rollout): 0.18 | Loss: 0.148 | Opp label coverage: 0.90
Step 1277819/5000000 | Win rate (rollout): 0.40 | Loss: 0.133 | Opp label coverage: 0.88
Step 1278331/5000000 | Win rate (rollout): 0.82 | Loss: 0.190 | Opp label coverage: 0.85
Step 1278848/5000000 | Win rate (rollout): 0.73 | Loss: 0.159 | Opp label coverage: 0.88
Step 1279360/5000000 | Win rate (rollout): 0.45 | Loss: 0.153 | Opp label coverage: 0.82
Step 1279872/5000000 | Win rate (rollout): 0.53 | Loss: 0.234 | Opp label coverage: 0.81
Step 1280384/5000000 | Win rate (rollout): 0.44 | Loss: 0.181 | Opp label coverage: 0.76
Step 1280896/5000000 | Win rate (rollout): 0.73 | Loss: 0.186 | Opp label coverage: 0.83
Step 1281413/5000000 | Win rate (rollout): 0.33 | Loss: 0.166 | Opp label coverage: 0.89
Step 1281927/5000000 | Win rate (rollout): 0.60 | Loss: 0.149 | Opp label coverage: 0.89
Step 1282441/5000000 | Win rate (rollout): 0.64 | Loss: 0.199 | Opp label coverage: 0.89
Step 1282958/5000000 | Win rate (rollout): 0.50 | Loss: 0.162 | Opp label coverage: 0.89
Step 1283470/5000000 | Win rate (rollout): 0.25 | Loss: 0.204 | Opp label coverage: 0.83
Step 1283982/5000000 | Win rate (rollout): 0.56 | Loss: 0.156 | Opp label coverage: 0.84
Step 1284494/5000000 | Win rate (rollout): 0.44 | Loss: 0.185 | Opp label coverage: 0.83
Step 1285006/5000000 | Win rate (rollout): 0.08 | Loss: 0.130 | Opp label coverage: 0.80
Step 1285521/5000000 | Win rate (rollout): 0.57 | Loss: 0.160 | Opp label coverage: 0.90
Step 1286033/5000000 | Win rate (rollout): 0.47 | Loss: 0.153 | Opp label coverage: 0.90
Step 1286545/5000000 | Win rate (rollout): 0.54 | Loss: 0.154 | Opp label coverage: 0.90
Step 1287057/5000000 | Win rate (rollout): 0.45 | Loss: 0.182 | Opp label coverage: 0.81
Step 1287569/5000000 | Win rate (rollout): 0.47 | Loss: 0.163 | Opp label coverage: 0.85
Step 1288081/5000000 | Win rate (rollout): 0.59 | Loss: 0.179 | Opp label coverage: 0.82
Step 1288593/5000000 | Win rate (rollout): 0.57 | Loss: 0.205 | Opp label coverage: 0.82
Step 1289105/5000000 | Win rate (rollout): 0.33 | Loss: 0.193 | Opp label coverage: 0.80
Step 1289617/5000000 | Win rate (rollout): 0.15 | Loss: 0.160 | Opp label coverage: 0.84
Step 1290129/5000000 | Win rate (rollout): 0.33 | Loss: 0.209 | Opp label coverage: 0.83
Step 1290641/5000000 | Win rate (rollout): 0.47 | Loss: 0.177 | Opp label coverage: 0.82
Step 1291153/5000000 | Win rate (rollout): 0.47 | Loss: 0.169 | Opp label coverage: 0.82
Step 1291665/5000000 | Win rate (rollout): 0.29 | Loss: 0.171 | Opp label coverage: 0.78
Step 1292181/5000000 | Win rate (rollout): 0.40 | Loss: 0.205 | Opp label coverage: 0.88
Step 1292693/5000000 | Win rate (rollout): 0.33 | Loss: 0.178 | Opp label coverage: 0.82
Step 1293205/5000000 | Win rate (rollout): 0.41 | Loss: 0.188 | Opp label coverage: 0.82
Step 1293717/5000000 | Win rate (rollout): 0.64 | Loss: 0.166 | Opp label coverage: 0.84
Step 1294231/5000000 | Win rate (rollout): 0.56 | Loss: 0.191 | Opp label coverage: 0.88
Step 1294744/5000000 | Win rate (rollout): 0.56 | Loss: 0.133 | Opp label coverage: 0.88
Step 1295256/5000000 | Win rate (rollout): 0.70 | Loss: 0.199 | Opp label coverage: 0.83
Step 1295768/5000000 | Win rate (rollout): 0.57 | Loss: 0.177 | Opp label coverage: 0.80
Step 1296280/5000000 | Win rate (rollout): 0.75 | Loss: 0.149 | Opp label coverage: 0.80
Step 1296792/5000000 | Win rate (rollout): 0.58 | Loss: 0.171 | Opp label coverage: 0.88
Step 1297304/5000000 | Win rate (rollout): 0.69 | Loss: 0.176 | Opp label coverage: 0.86
Step 1297817/5000000 | Win rate (rollout): 0.64 | Loss: 0.138 | Opp label coverage: 0.89
Step 1298329/5000000 | Win rate (rollout): 0.44 | Loss: 0.188 | Opp label coverage: 0.77
Step 1298844/5000000 | Win rate (rollout): 0.67 | Loss: 0.235 | Opp label coverage: 0.89
Step 1299361/5000000 | Win rate (rollout): 0.60 | Loss: 0.198 | Opp label coverage: 0.90
Step 1299873/5000000 | Win rate (rollout): 0.60 | Loss: 0.171 | Opp label coverage: 0.85
[checkpoint] Saved /Users/laithassaf/Documents/Programs/Archived/pokemon-showdown/models/ppo/checkpoints/opp/ppo_step_1300177.pt
Step 1300385/5000000 | Win rate (rollout): 0.73 | Loss: 0.183 | Opp label coverage: 0.81
Step 1300897/5000000 | Win rate (rollout): 0.44 | Loss: 0.169 | Opp label coverage: 0.85
Step 1301409/5000000 | Win rate (rollout): 0.55 | Loss: 0.170 | Opp label coverage: 0.81
Step 1301921/5000000 | Win rate (rollout): 0.44 | Loss: 0.201 | Opp label coverage: 0.82
Step 1302433/5000000 | Win rate (rollout): 0.40 | Loss: 0.150 | Opp label coverage: 0.85
Step 1302947/5000000 | Win rate (rollout): 0.20 | Loss: 0.175 | Opp label coverage: 0.89
Step 1303459/5000000 | Win rate (rollout): 0.42 | Loss: 0.186 | Opp label coverage: 0.82
Step 1303972/5000000 | Win rate (rollout): 0.20 | Loss: 0.101 | Opp label coverage: 0.89
Step 1304484/5000000 | Win rate (rollout): 0.50 | Loss: 0.192 | Opp label coverage: 0.84
Step 1304997/5000000 | Win rate (rollout): 0.50 | Loss: 0.085 | Opp label coverage: 0.87
Step 1305513/5000000 | Win rate (rollout): 0.50 | Loss: 0.221 | Opp label coverage: 0.88
Step 1306025/5000000 | Win rate (rollout): 0.23 | Loss: 0.177 | Opp label coverage: 0.85
Step 1306537/5000000 | Win rate (rollout): 0.44 | Loss: 0.182 | Opp label coverage: 0.84
Step 1307056/5000000 | Win rate (rollout): 0.38 | Loss: 0.162 | Opp label coverage: 0.87
Step 1307568/5000000 | Win rate (rollout): 0.50 | Loss: 0.186 | Opp label coverage: 0.84
Step 1308081/5000000 | Win rate (rollout): 0.40 | Loss: 0.142 | Opp label coverage: 0.89
Step 1308593/5000000 | Win rate (rollout): 0.50 | Loss: 0.176 | Opp label coverage: 0.81
Step 1309107/5000000 | Win rate (rollout): 0.89 | Loss: 0.064 | Opp label coverage: 0.89
Step 1309621/5000000 | Win rate (rollout): 0.25 | Loss: 0.197 | Opp label coverage: 0.89
Step 1310133/5000000 | Win rate (rollout): 0.54 | Loss: 0.174 | Opp label coverage: 0.84
Step 1310645/5000000 | Win rate (rollout): 0.38 | Loss: 0.172 | Opp label coverage: 0.88
Step 1311157/5000000 | Win rate (rollout): 0.60 | Loss: 0.198 | Opp label coverage: 0.85
Step 1311671/5000000 | Win rate (rollout): 0.25 | Loss: 0.173 | Opp label coverage: 0.89
Step 1312189/5000000 | Win rate (rollout): 0.53 | Loss: 0.223 | Opp label coverage: 0.88
Step 1312703/5000000 | Win rate (rollout): 0.45 | Loss: 0.115 | Opp label coverage: 0.90
Step 1313222/5000000 | Win rate (rollout): 0.45 | Loss: 0.115 | Opp label coverage: 0.90
Step 1313737/5000000 | Win rate (rollout): 0.44 | Loss: 0.179 | Opp label coverage: 0.88
Step 1314250/5000000 | Win rate (rollout): 0.58 | Loss: 0.207 | Opp label coverage: 0.89
Step 1314762/5000000 | Win rate (rollout): 0.27 | Loss: 0.152 | Opp label coverage: 0.81
Step 1315274/5000000 | Win rate (rollout): 0.33 | Loss: 0.209 | Opp label coverage: 0.82
Step 1315786/5000000 | Win rate (rollout): 0.14 | Loss: 0.151 | Opp label coverage: 0.83
Step 1316298/5000000 | Win rate (rollout): 0.33 | Loss: 0.148 | Opp label coverage: 0.87
Step 1316814/5000000 | Win rate (rollout): 0.36 | Loss: 0.124 | Opp label coverage: 0.89
Step 1317327/5000000 | Win rate (rollout): 0.57 | Loss: 0.150 | Opp label coverage: 0.88
Step 1317839/5000000 | Win rate (rollout): 0.21 | Loss: 0.152 | Opp label coverage: 0.83
Step 1318352/5000000 | Win rate (rollout): 0.38 | Loss: 0.109 | Opp label coverage: 0.91
Step 1318864/5000000 | Win rate (rollout): 0.57 | Loss: 0.169 | Opp label coverage: 0.83
Step 1319376/5000000 | Win rate (rollout): 0.23 | Loss: 0.152 | Opp label coverage: 0.83
Step 1319888/5000000 | Win rate (rollout): 0.47 | Loss: 0.235 | Opp label coverage: 0.86
Step 1320405/5000000 | Win rate (rollout): 0.33 | Loss: 0.120 | Opp label coverage: 0.88
Step 1320919/5000000 | Win rate (rollout): 0.81 | Loss: 0.160 | Opp label coverage: 0.91
Step 1321431/5000000 | Win rate (rollout): 0.70 | Loss: 0.161 | Opp label coverage: 0.79
Step 1321943/5000000 | Win rate (rollout): 0.23 | Loss: 0.222 | Opp label coverage: 0.81
Step 1322457/5000000 | Win rate (rollout): 0.36 | Loss: 0.137 | Opp label coverage: 0.87
Step 1322971/5000000 | Win rate (rollout): 0.60 | Loss: 0.208 | Opp label coverage: 0.90
Step 1323487/5000000 | Win rate (rollout): 0.46 | Loss: 0.126 | Opp label coverage: 0.90
Step 1324005/5000000 | Win rate (rollout): 0.60 | Loss: 0.171 | Opp label coverage: 0.89
Step 1324521/5000000 | Win rate (rollout): 0.62 | Loss: 0.159 | Opp label coverage: 0.88
Step 1325033/5000000 | Win rate (rollout): 0.57 | Loss: 0.185 | Opp label coverage: 0.83
[checkpoint] Saved /Users/laithassaf/Documents/Programs/Archived/pokemon-showdown/models/ppo/checkpoints/opp/ppo_step_1325184.pt
Step 1325545/5000000 | Win rate (rollout): 0.50 | Loss: 0.159 | Opp label coverage: 0.88
Step 1326057/5000000 | Win rate (rollout): 0.50 | Loss: 0.188 | Opp label coverage: 0.89
Step 1326569/5000000 | Win rate (rollout): 0.31 | Loss: 0.205 | Opp label coverage: 0.84
Step 1327085/5000000 | Win rate (rollout): 0.67 | Loss: 0.144 | Opp label coverage: 0.89
Step 1327602/5000000 | Win rate (rollout): 0.54 | Loss: 0.152 | Opp label coverage: 0.91
Step 1328120/5000000 | Win rate (rollout): 0.60 | Loss: 0.182 | Opp label coverage: 0.89
Step 1328632/5000000 | Win rate (rollout): 0.29 | Loss: 0.158 | Opp label coverage: 0.78
Step 1329144/5000000 | Win rate (rollout): 0.40 | Loss: 0.182 | Opp label coverage: 0.87
Step 1329660/5000000 | Win rate (rollout): 0.60 | Loss: 0.207 | Opp label coverage: 0.88
Step 1330179/5000000 | Win rate (rollout): 0.58 | Loss: 0.206 | Opp label coverage: 0.90
Step 1330692/5000000 | Win rate (rollout): 0.38 | Loss: 0.128 | Opp label coverage: 0.89
Step 1331204/5000000 | Win rate (rollout): 0.67 | Loss: 0.158 | Opp label coverage: 0.84
Step 1331719/5000000 | Win rate (rollout): 0.67 | Loss: 0.205 | Opp label coverage: 0.89
Step 1332233/5000000 | Win rate (rollout): 0.47 | Loss: 0.207 | Opp label coverage: 0.88
Step 1332746/5000000 | Win rate (rollout): 0.65 | Loss: 0.144 | Opp label coverage: 0.89
Step 1333258/5000000 | Win rate (rollout): 0.64 | Loss: 0.207 | Opp label coverage: 0.85
Step 1333771/5000000 | Win rate (rollout): 0.56 | Loss: 0.210 | Opp label coverage: 0.90
Step 1334283/5000000 | Win rate (rollout): 0.33 | Loss: 0.170 | Opp label coverage: 0.81
Step 1334795/5000000 | Win rate (rollout): 0.33 | Loss: 0.205 | Opp label coverage: 0.84
Step 1335307/5000000 | Win rate (rollout): 0.55 | Loss: 0.192 | Opp label coverage: 0.76
Step 1335819/5000000 | Win rate (rollout): 0.80 | Loss: 0.159 | Opp label coverage: 0.78
Step 1336331/5000000 | Win rate (rollout): 0.60 | Loss: 0.184 | Opp label coverage: 0.89
Step 1336845/5000000 | Win rate (rollout): 0.23 | Loss: 0.211 | Opp label coverage: 0.89
Step 1337357/5000000 | Win rate (rollout): 0.58 | Loss: 0.214 | Opp label coverage: 0.80
Step 1337869/5000000 | Win rate (rollout): 0.31 | Loss: 0.173 | Opp label coverage: 0.83
Step 1338381/5000000 | Win rate (rollout): 0.50 | Loss: 0.200 | Opp label coverage: 0.77
Step 1338893/5000000 | Win rate (rollout): 0.57 | Loss: 0.174 | Opp label coverage: 0.83
Step 1339406/5000000 | Win rate (rollout): 0.50 | Loss: 0.074 | Opp label coverage: 0.91
Step 1339922/5000000 | Win rate (rollout): 0.15 | Loss: 0.126 | Opp label coverage: 0.90
Step 1340434/5000000 | Win rate (rollout): 0.50 | Loss: 0.177 | Opp label coverage: 0.83
Step 1340946/5000000 | Win rate (rollout): 0.58 | Loss: 0.189 | Opp label coverage: 0.81
Step 1341459/5000000 | Win rate (rollout): 0.38 | Loss: 0.046 | Opp label coverage: 0.88
Step 1341977/5000000 | Win rate (rollout): 0.43 | Loss: 0.211 | Opp label coverage: 0.88
Step 1342489/5000000 | Win rate (rollout): 0.50 | Loss: 0.156 | Opp label coverage: 0.82
Step 1343001/5000000 | Win rate (rollout): 0.64 | Loss: 0.186 | Opp label coverage: 0.88
Step 1343513/5000000 | Win rate (rollout): 0.50 | Loss: 0.152 | Opp label coverage: 0.88
Step 1344031/5000000 | Win rate (rollout): 0.44 | Loss: 0.211 | Opp label coverage: 0.89
Step 1344544/5000000 | Win rate (rollout): 0.50 | Loss: 0.187 | Opp label coverage: 0.88
Step 1345056/5000000 | Win rate (rollout): 0.33 | Loss: 0.164 | Opp label coverage: 0.84
Step 1345574/5000000 | Win rate (rollout): 0.50 | Loss: 0.143 | Opp label coverage: 0.91
Step 1346086/5000000 | Win rate (rollout): 0.64 | Loss: 0.207 | Opp label coverage: 0.86
Step 1346602/5000000 | Win rate (rollout): 0.33 | Loss: 0.183 | Opp label coverage: 0.88
Step 1347114/5000000 | Win rate (rollout): 0.54 | Loss: 0.198 | Opp label coverage: 0.81
Step 1347631/5000000 | Win rate (rollout): 0.42 | Loss: 0.190 | Opp label coverage: 0.89
Step 1348144/5000000 | Win rate (rollout): 0.73 | Loss: 0.261 | Opp label coverage: 0.88
Step 1348659/5000000 | Win rate (rollout): 0.46 | Loss: 0.236 | Opp label coverage: 0.90
Step 1349178/5000000 | Win rate (rollout): 0.60 | Loss: 0.132 | Opp label coverage: 0.88
Step 1349690/5000000 | Win rate (rollout): 0.23 | Loss: 0.193 | Opp label coverage: 0.84
[checkpoint] Saved /Users/laithassaf/Documents/Programs/Archived/pokemon-showdown/models/ppo/checkpoints/opp/ppo_step_1350185.pt
Step 1350208/5000000 | Win rate (rollout): 0.55 | Loss: 0.167 | Opp label coverage: 0.88
Step 1350722/5000000 | Win rate (rollout): 0.29 | Loss: 0.164 | Opp label coverage: 0.89
Step 1351240/5000000 | Win rate (rollout): 0.33 | Loss: 0.207 | Opp label coverage: 0.89
Step 1351752/5000000 | Win rate (rollout): 0.54 | Loss: 0.183 | Opp label coverage: 0.84
Step 1352264/5000000 | Win rate (rollout): 0.75 | Loss: 0.159 | Opp label coverage: 0.85
Step 1352776/5000000 | Win rate (rollout): 0.64 | Loss: 0.177 | Opp label coverage: 0.82
Step 1353288/5000000 | Win rate (rollout): 0.56 | Loss: 0.180 | Opp label coverage: 0.86
Step 1353800/5000000 | Win rate (rollout): 0.50 | Loss: 0.154 | Opp label coverage: 0.85
Step 1354314/5000000 | Win rate (rollout): 0.36 | Loss: 0.126 | Opp label coverage: 0.88
Step 1354832/5000000 | Win rate (rollout): 0.47 | Loss: 0.188 | Opp label coverage: 0.88
Step 1355346/5000000 | Win rate (rollout): 0.54 | Loss: 0.142 | Opp label coverage: 0.89
Step 1355858/5000000 | Win rate (rollout): 0.29 | Loss: 0.167 | Opp label coverage: 0.82
Step 1356370/5000000 | Win rate (rollout): 0.11 | Loss: 0.190 | Opp label coverage: 0.85
Step 1356882/5000000 | Win rate (rollout): 0.43 | Loss: 0.179 | Opp label coverage: 0.82
Step 1357399/5000000 | Win rate (rollout): 0.56 | Loss: 0.132 | Opp label coverage: 0.88
Step 1357911/5000000 | Win rate (rollout): 0.58 | Loss: 0.185 | Opp label coverage: 0.80
Step 1358424/5000000 | Win rate (rollout): 0.58 | Loss: 0.103 | Opp label coverage: 0.88
Step 1358938/5000000 | Win rate (rollout): 0.54 | Loss: 0.155 | Opp label coverage: 0.88
Step 1359456/5000000 | Win rate (rollout): 0.45 | Loss: 0.127 | Opp label coverage: 0.90
Step 1359968/5000000 | Win rate (rollout): 0.44 | Loss: 0.155 | Opp label coverage: 0.87
Step 1360480/5000000 | Win rate (rollout): 0.36 | Loss: 0.172 | Opp label coverage: 0.83
Step 1360997/5000000 | Win rate (rollout): 0.36 | Loss: 0.174 | Opp label coverage: 0.87
Step 1361509/5000000 | Win rate (rollout): 0.46 | Loss: 0.191 | Opp label coverage: 0.83
Step 1362021/5000000 | Win rate (rollout): 0.71 | Loss: 0.165 | Opp label coverage: 0.83
Step 1362533/5000000 | Win rate (rollout): 0.36 | Loss: 0.181 | Opp label coverage: 0.82
Step 1363045/5000000 | Win rate (rollout): 0.55 | Loss: 0.170 | Opp label coverage: 0.84
Step 1363557/5000000 | Win rate (rollout): 0.83 | Loss: 0.189 | Opp label coverage: 0.85
Step 1364075/5000000 | Win rate (rollout): 0.60 | Loss: 0.156 | Opp label coverage: 0.89
Step 1364588/5000000 | Win rate (rollout): 0.44 | Loss: 0.113 | Opp label coverage: 0.88
Step 1365107/5000000 | Win rate (rollout): 0.50 | Loss: 0.189 | Opp label coverage: 0.88
Step 1365619/5000000 | Win rate (rollout): 0.18 | Loss: 0.203 | Opp label coverage: 0.85
Step 1366131/5000000 | Win rate (rollout): 0.56 | Loss: 0.185 | Opp label coverage: 0.80
Step 1366643/5000000 | Win rate (rollout): 0.50 | Loss: 0.182 | Opp label coverage: 0.82
Step 1367160/5000000 | Win rate (rollout): 0.60 | Loss: 0.139 | Opp label coverage: 0.90
Step 1367672/5000000 | Win rate (rollout): 0.43 | Loss: 0.210 | Opp label coverage: 0.82
Step 1368184/5000000 | Win rate (rollout): 0.50 | Loss: 0.171 | Opp label coverage: 0.80
Step 1368697/5000000 | Win rate (rollout): 0.67 | Loss: 0.165 | Opp label coverage: 0.90
Step 1369209/5000000 | Win rate (rollout): 0.47 | Loss: 0.185 | Opp label coverage: 0.88
Step 1369721/5000000 | Win rate (rollout): 0.56 | Loss: 0.175 | Opp label coverage: 0.85
Step 1370234/5000000 | Win rate (rollout): 0.38 | Loss: 0.082 | Opp label coverage: 0.88
Step 1370746/5000000 | Win rate (rollout): 0.33 | Loss: 0.199 | Opp label coverage: 0.80
Step 1371258/5000000 | Win rate (rollout): 0.45 | Loss: 0.177 | Opp label coverage: 0.83
Step 1371775/5000000 | Win rate (rollout): 0.91 | Loss: 0.207 | Opp label coverage: 0.89
Step 1372287/5000000 | Win rate (rollout): 0.44 | Loss: 0.170 | Opp label coverage: 0.83
Step 1372802/5000000 | Win rate (rollout): 0.38 | Loss: 0.136 | Opp label coverage: 0.87
Step 1373319/5000000 | Win rate (rollout): 0.44 | Loss: 0.174 | Opp label coverage: 0.89
Step 1373831/5000000 | Win rate (rollout): 0.60 | Loss: 0.198 | Opp label coverage: 0.79
Step 1374344/5000000 | Win rate (rollout): 0.67 | Loss: 0.201 | Opp label coverage: 0.90
Step 1374856/5000000 | Win rate (rollout): 0.86 | Loss: 0.156 | Opp label coverage: 0.84
[checkpoint] Saved /Users/laithassaf/Documents/Programs/Archived/pokemon-showdown/models/ppo/checkpoints/opp/ppo_step_1375187.pt
Step 1375373/5000000 | Win rate (rollout): 0.73 | Loss: 0.154 | Opp label coverage: 0.89
Step 1375885/5000000 | Win rate (rollout): 0.76 | Loss: 0.158 | Opp label coverage: 0.88
Step 1376397/5000000 | Win rate (rollout): 0.50 | Loss: 0.170 | Opp label coverage: 0.87
Step 1376909/5000000 | Win rate (rollout): 0.33 | Loss: 0.189 | Opp label coverage: 0.88
Step 1377425/5000000 | Win rate (rollout): 0.42 | Loss: 0.230 | Opp label coverage: 0.89
Step 1377939/5000000 | Win rate (rollout): 0.69 | Loss: 0.161 | Opp label coverage: 0.90
Step 1378451/5000000 | Win rate (rollout): 0.83 | Loss: 0.159 | Opp label coverage: 0.84
Step 1378965/5000000 | Win rate (rollout): 0.92 | Loss: 0.264 | Opp label coverage: 0.90
Step 1379477/5000000 | Win rate (rollout): 0.53 | Loss: 0.179 | Opp label coverage: 0.85
Step 1379989/5000000 | Win rate (rollout): 0.33 | Loss: 0.228 | Opp label coverage: 0.85
Step 1380501/5000000 | Win rate (rollout): 0.50 | Loss: 0.175 | Opp label coverage: 0.85
Step 1381019/5000000 | Win rate (rollout): 0.50 | Loss: 0.176 | Opp label coverage: 0.88
Step 1381531/5000000 | Win rate (rollout): 0.33 | Loss: 0.184 | Opp label coverage: 0.82
Step 1382043/5000000 | Win rate (rollout): 0.50 | Loss: 0.163 | Opp label coverage: 0.89
Step 1382555/5000000 | Win rate (rollout): 0.45 | Loss: 0.193 | Opp label coverage: 0.79
Step 1383069/5000000 | Win rate (rollout): 0.67 | Loss: 0.135 | Opp label coverage: 0.90
Step 1383583/5000000 | Win rate (rollout): 0.54 | Loss: 0.165 | Opp label coverage: 0.89
Step 1384098/5000000 | Win rate (rollout): 0.57 | Loss: 0.211 | Opp label coverage: 0.90
Step 1384610/5000000 | Win rate (rollout): 0.44 | Loss: 0.182 | Opp label coverage: 0.82
Step 1385122/5000000 | Win rate (rollout): 0.67 | Loss: 0.149 | Opp label coverage: 0.85
Step 1385634/5000000 | Win rate (rollout): 0.42 | Loss: 0.185 | Opp label coverage: 0.83
Step 1386147/5000000 | Win rate (rollout): 0.58 | Loss: 0.246 | Opp label coverage: 0.86
Step 1386661/5000000 | Win rate (rollout): 0.31 | Loss: 0.172 | Opp label coverage: 0.86
Step 1387173/5000000 | Win rate (rollout): 0.55 | Loss: 0.168 | Opp label coverage: 0.83
Step 1387685/5000000 | Win rate (rollout): 0.38 | Loss: 0.186 | Opp label coverage: 0.84
Step 1388199/5000000 | Win rate (rollout): 0.67 | Loss: 0.153 | Opp label coverage: 0.89
Step 1388713/5000000 | Win rate (rollout): 0.47 | Loss: 0.138 | Opp label coverage: 0.89
Step 1389225/5000000 | Win rate (rollout): 0.54 | Loss: 0.180 | Opp label coverage: 0.84
Step 1389743/5000000 | Win rate (rollout): 0.58 | Loss: 0.195 | Opp label coverage: 0.88
Step 1390256/5000000 | Win rate (rollout): 0.50 | Loss: 0.036 | Opp label coverage: 0.90
Step 1390775/5000000 | Win rate (rollout): 0.58 | Loss: 0.170 | Opp label coverage: 0.89
Step 1391291/5000000 | Win rate (rollout): 0.42 | Loss: 0.172 | Opp label coverage: 0.89
Step 1391804/5000000 | Win rate (rollout): 0.47 | Loss: 0.183 | Opp label coverage: 0.88
Step 1392320/5000000 | Win rate (rollout): 0.38 | Loss: 0.186 | Opp label coverage: 0.87
Step 1392835/5000000 | Win rate (rollout): 0.67 | Loss: 0.177 | Opp label coverage: 0.90
Step 1393347/5000000 | Win rate (rollout): 0.50 | Loss: 0.176 | Opp label coverage: 0.86
Step 1393862/5000000 | Win rate (rollout): 0.27 | Loss: 0.140 | Opp label coverage: 0.88
Step 1394374/5000000 | Win rate (rollout): 0.50 | Loss: 0.176 | Opp label coverage: 0.85
Step 1394886/5000000 | Win rate (rollout): 0.25 | Loss: 0.186 | Opp label coverage: 0.84
Step 1395400/5000000 | Win rate (rollout): 0.44 | Loss: 0.215 | Opp label coverage: 0.89
Step 1395914/5000000 | Win rate (rollout): 0.69 | Loss: 0.205 | Opp label coverage: 0.88
Step 1396431/5000000 | Win rate (rollout): 0.30 | Loss: 0.181 | Opp label coverage: 0.90
Step 1396943/5000000 | Win rate (rollout): 0.40 | Loss: 0.182 | Opp label coverage: 0.81
Step 1397455/5000000 | Win rate (rollout): 0.29 | Loss: 0.198 | Opp label coverage: 0.84
Step 1397967/5000000 | Win rate (rollout): 0.44 | Loss: 0.179 | Opp label coverage: 0.83
Step 1398481/5000000 | Win rate (rollout): 0.44 | Loss: 0.188 | Opp label coverage: 0.89
Step 1398993/5000000 | Win rate (rollout): 0.64 | Loss: 0.199 | Opp label coverage: 0.81
Step 1399505/5000000 | Win rate (rollout): 0.43 | Loss: 0.147 | Opp label coverage: 0.86
Step 1400022/5000000 | Win rate (rollout): 0.80 | Loss: 0.144 | Opp label coverage: 0.89
[checkpoint] Saved /Users/laithassaf/Documents/Programs/Archived/pokemon-showdown/models/ppo/checkpoints/opp/ppo_step_1400190.pt
Step 1400534/5000000 | Win rate (rollout): 0.45 | Loss: 0.180 | Opp label coverage: 0.80
Step 1401046/5000000 | Win rate (rollout): 0.53 | Loss: 0.210 | Opp label coverage: 0.81
Step 1401562/5000000 | Win rate (rollout): 0.38 | Loss: 0.177 | Opp label coverage: 0.87
Step 1402074/5000000 | Win rate (rollout): 0.38 | Loss: 0.175 | Opp label coverage: 0.83
Step 1402593/5000000 | Win rate (rollout): 0.50 | Loss: 0.145 | Opp label coverage: 0.90
Step 1403108/5000000 | Win rate (rollout): 0.43 | Loss: 0.156 | Opp label coverage: 0.89
Step 1403620/5000000 | Win rate (rollout): 0.33 | Loss: 0.200 | Opp label coverage: 0.84
Step 1404132/5000000 | Win rate (rollout): 0.57 | Loss: 0.178 | Opp label coverage: 0.86
Step 1404648/5000000 | Win rate (rollout): 0.47 | Loss: 0.247 | Opp label coverage: 0.88
Step 1405165/5000000 | Win rate (rollout): 0.58 | Loss: 0.196 | Opp label coverage: 0.89
Step 1405684/5000000 | Win rate (rollout): 0.71 | Loss: 0.168 | Opp label coverage: 0.89
Step 1406196/5000000 | Win rate (rollout): 0.33 | Loss: 0.188 | Opp label coverage: 0.83
Step 1406712/5000000 | Win rate (rollout): 0.36 | Loss: 0.130 | Opp label coverage: 0.87
Step 1407224/5000000 | Win rate (rollout): 0.21 | Loss: 0.182 | Opp label coverage: 0.84
Step 1407736/5000000 | Win rate (rollout): 0.33 | Loss: 0.158 | Opp label coverage: 0.84
Step 1408248/5000000 | Win rate (rollout): 0.50 | Loss: 0.168 | Opp label coverage: 0.84
Step 1408760/5000000 | Win rate (rollout): 0.25 | Loss: 0.144 | Opp label coverage: 0.89
Step 1409272/5000000 | Win rate (rollout): 0.21 | Loss: 0.174 | Opp label coverage: 0.86
Step 1409784/5000000 | Win rate (rollout): 0.30 | Loss: 0.173 | Opp label coverage: 0.83
Step 1410296/5000000 | Win rate (rollout): 0.21 | Loss: 0.166 | Opp label coverage: 0.84
Step 1410813/5000000 | Win rate (rollout): 0.67 | Loss: 0.178 | Opp label coverage: 0.90
Step 1411330/5000000 | Win rate (rollout): 0.64 | Loss: 0.176 | Opp label coverage: 0.91
Step 1411844/5000000 | Win rate (rollout): 0.57 | Loss: 0.160 | Opp label coverage: 0.89
Step 1412356/5000000 | Win rate (rollout): 0.36 | Loss: 0.195 | Opp label coverage: 0.82
Step 1412870/5000000 | Win rate (rollout): 0.38 | Loss: 0.149 | Opp label coverage: 0.89
Step 1413382/5000000 | Win rate (rollout): 0.67 | Loss: 0.172 | Opp label coverage: 0.79
Step 1413894/5000000 | Win rate (rollout): 0.50 | Loss: 0.187 | Opp label coverage: 0.84
Step 1414413/5000000 | Win rate (rollout): 0.45 | Loss: 0.137 | Opp label coverage: 0.88
Step 1414925/5000000 | Win rate (rollout): 0.55 | Loss: 0.194 | Opp label coverage: 0.86
Step 1415441/5000000 | Win rate (rollout): 0.20 | Loss: 0.194 | Opp label coverage: 0.88
Step 1415955/5000000 | Win rate (rollout): 0.47 | Loss: 0.109 | Opp label coverage: 0.87
Step 1416468/5000000 | Win rate (rollout): 0.27 | Loss: 0.193 | Opp label coverage: 0.88
Step 1416980/5000000 | Win rate (rollout): 0.20 | Loss: 0.196 | Opp label coverage: 0.83
Step 1417495/5000000 | Win rate (rollout): 0.55 | Loss: 0.157 | Opp label coverage: 0.88
Step 1418008/5000000 | Win rate (rollout): 0.55 | Loss: 0.212 | Opp label coverage: 0.90
Step 1418520/5000000 | Win rate (rollout): 0.30 | Loss: 0.190 | Opp label coverage: 0.82
Step 1419032/5000000 | Win rate (rollout): 0.62 | Loss: 0.163 | Opp label coverage: 0.84
Step 1419544/5000000 | Win rate (rollout): 0.83 | Loss: 0.179 | Opp label coverage: 0.84
Step 1420058/5000000 | Win rate (rollout): 0.44 | Loss: 0.222 | Opp label coverage: 0.88
Step 1420570/5000000 | Win rate (rollout): 0.71 | Loss: 0.182 | Opp label coverage: 0.82
Step 1421082/5000000 | Win rate (rollout): 0.41 | Loss: 0.187 | Opp label coverage: 0.82
Step 1421600/5000000 | Win rate (rollout): 0.62 | Loss: 0.195 | Opp label coverage: 0.88
Step 1422116/5000000 | Win rate (rollout): 0.45 | Loss: 0.153 | Opp label coverage: 0.90
Step 1422628/5000000 | Win rate (rollout): 0.40 | Loss: 0.204 | Opp label coverage: 0.83
Step 1423140/5000000 | Win rate (rollout): 0.64 | Loss: 0.208 | Opp label coverage: 0.87
Step 1423652/5000000 | Win rate (rollout): 0.46 | Loss: 0.204 | Opp label coverage: 0.81
Step 1424164/5000000 | Win rate (rollout): 0.54 | Loss: 0.163 | Opp label coverage: 0.88
Step 1424679/5000000 | Win rate (rollout): 0.45 | Loss: 0.167 | Opp label coverage: 0.89
[checkpoint] Saved /Users/laithassaf/Documents/Programs/Archived/pokemon-showdown/models/ppo/checkpoints/opp/ppo_step_1425191.pt
Step 1425191/5000000 | Win rate (rollout): 0.47 | Loss: 0.188 | Opp label coverage: 0.89
Step 1425703/5000000 | Win rate (rollout): 0.38 | Loss: 0.164 | Opp label coverage: 0.81
Step 1426217/5000000 | Win rate (rollout): 0.50 | Loss: 0.197 | Opp label coverage: 0.89
Step 1426729/5000000 | Win rate (rollout): 0.29 | Loss: 0.160 | Opp label coverage: 0.84
Step 1427241/5000000 | Win rate (rollout): 0.29 | Loss: 0.178 | Opp label coverage: 0.81
Step 1427753/5000000 | Win rate (rollout): 0.24 | Loss: 0.185 | Opp label coverage: 0.81
Step 1428265/5000000 | Win rate (rollout): 0.50 | Loss: 0.169 | Opp label coverage: 0.82
Step 1428781/5000000 | Win rate (rollout): 0.55 | Loss: 0.146 | Opp label coverage: 0.89
Step 1429296/5000000 | Win rate (rollout): 0.56 | Loss: 0.171 | Opp label coverage: 0.90
Step 1429808/5000000 | Win rate (rollout): 0.07 | Loss: 0.171 | Opp label coverage: 0.83
Step 1430320/5000000 | Win rate (rollout): 0.44 | Loss: 0.172 | Opp label coverage: 0.82
Step 1430838/5000000 | Win rate (rollout): 0.55 | Loss: 0.209 | Opp label coverage: 0.88
Step 1431353/5000000 | Win rate (rollout): 0.53 | Loss: 0.237 | Opp label coverage: 0.89
Step 1431870/5000000 | Win rate (rollout): 0.21 | Loss: 0.160 | Opp label coverage: 0.88
Step 1432382/5000000 | Win rate (rollout): 0.50 | Loss: 0.170 | Opp label coverage: 0.80
Step 1432894/5000000 | Win rate (rollout): 0.80 | Loss: 0.167 | Opp label coverage: 0.83
Step 1433406/5000000 | Win rate (rollout): 0.46 | Loss: 0.169 | Opp label coverage: 0.86
Step 1433918/5000000 | Win rate (rollout): 0.67 | Loss: 0.172 | Opp label coverage: 0.84
Step 1434430/5000000 | Win rate (rollout): 0.29 | Loss: 0.181 | Opp label coverage: 0.82
Step 1434942/5000000 | Win rate (rollout): 0.44 | Loss: 0.164 | Opp label coverage: 0.88
Step 1435454/5000000 | Win rate (rollout): 0.58 | Loss: 0.168 | Opp label coverage: 0.85
Step 1435972/5000000 | Win rate (rollout): 0.50 | Loss: 0.194 | Opp label coverage: 0.89
Step 1436484/5000000 | Win rate (rollout): 0.50 | Loss: 0.169 | Opp label coverage: 0.82
Step 1437003/5000000 | Win rate (rollout): 0.42 | Loss: 0.171 | Opp label coverage: 0.88
Step 1437515/5000000 | Win rate (rollout): 0.36 | Loss: 0.204 | Opp label coverage: 0.85
Step 1438030/5000000 | Win rate (rollout): 0.30 | Loss: 0.219 | Opp label coverage: 0.89
Step 1438542/5000000 | Win rate (rollout): 0.27 | Loss: 0.158 | Opp label coverage: 0.83
Step 1439055/5000000 | Win rate (rollout): 0.73 | Loss: 0.215 | Opp label coverage: 0.90
Step 1439567/5000000 | Win rate (rollout): 0.60 | Loss: 0.176 | Opp label coverage: 0.83
Step 1440081/5000000 | Win rate (rollout): 0.54 | Loss: 0.186 | Opp label coverage: 0.87
Step 1440593/5000000 | Win rate (rollout): 0.50 | Loss: 0.156 | Opp label coverage: 0.89
Step 1441107/5000000 | Win rate (rollout): 0.79 | Loss: 0.195 | Opp label coverage: 0.91
Step 1441620/5000000 | Win rate (rollout): 0.79 | Loss: 0.150 | Opp label coverage: 0.89
Step 1442132/5000000 | Win rate (rollout): 0.60 | Loss: 0.166 | Opp label coverage: 0.85
Step 1442644/5000000 | Win rate (rollout): 0.50 | Loss: 0.171 | Opp label coverage: 0.86
Step 1443156/5000000 | Win rate (rollout): 0.42 | Loss: 0.215 | Opp label coverage: 0.86
Step 1443668/5000000 | Win rate (rollout): 0.33 | Loss: 0.176 | Opp label coverage: 0.86
Step 1444187/5000000 | Win rate (rollout): 0.40 | Loss: 0.170 | Opp label coverage: 0.88
Step 1444699/5000000 | Win rate (rollout): 0.25 | Loss: 0.198 | Opp label coverage: 0.88
Step 1445217/5000000 | Win rate (rollout): 0.47 | Loss: 0.175 | Opp label coverage: 0.90
Step 1445729/5000000 | Win rate (rollout): 0.56 | Loss: 0.191 | Opp label coverage: 0.85
Step 1446245/5000000 | Win rate (rollout): 0.33 | Loss: 0.149 | Opp label coverage: 0.89
Step 1446757/5000000 | Win rate (rollout): 0.64 | Loss: 0.195 | Opp label coverage: 0.83
Step 1447272/5000000 | Win rate (rollout): 0.27 | Loss: 0.184 | Opp label coverage: 0.88
Step 1447790/5000000 | Win rate (rollout): 0.23 | Loss: 0.152 | Opp label coverage: 0.88
Step 1448302/5000000 | Win rate (rollout): 0.47 | Loss: 0.168 | Opp label coverage: 0.89
Step 1448817/5000000 | Win rate (rollout): 0.44 | Loss: 0.206 | Opp label coverage: 0.89
Step 1449333/5000000 | Win rate (rollout): 0.69 | Loss: 0.182 | Opp label coverage: 0.88
Step 1449845/5000000 | Win rate (rollout): 0.25 | Loss: 0.202 | Opp label coverage: 0.85
[checkpoint] Saved /Users/laithassaf/Documents/Programs/Archived/pokemon-showdown/models/ppo/checkpoints/opp/ppo_step_1450197.pt
Step 1450357/5000000 | Win rate (rollout): 0.67 | Loss: 0.194 | Opp label coverage: 0.81
Step 1450873/5000000 | Win rate (rollout): 0.62 | Loss: 0.163 | Opp label coverage: 0.89
Step 1451385/5000000 | Win rate (rollout): 0.29 | Loss: 0.170 | Opp label coverage: 0.86
Step 1451897/5000000 | Win rate (rollout): 0.33 | Loss: 0.238 | Opp label coverage: 0.84
Step 1452409/5000000 | Win rate (rollout): 0.56 | Loss: 0.162 | Opp label coverage: 0.89
Step 1452927/5000000 | Win rate (rollout): 0.50 | Loss: 0.197 | Opp label coverage: 0.89
Step 1453443/5000000 | Win rate (rollout): 0.40 | Loss: 0.149 | Opp label coverage: 0.88
Step 1453957/5000000 | Win rate (rollout): 0.47 | Loss: 0.137 | Opp label coverage: 0.90
Step 1454469/5000000 | Win rate (rollout): 0.30 | Loss: 0.161 | Opp label coverage: 0.89
Step 1454981/5000000 | Win rate (rollout): 0.75 | Loss: 0.196 | Opp label coverage: 0.86
Step 1455494/5000000 | Win rate (rollout): 0.75 | Loss: 0.235 | Opp label coverage: 0.91
Step 1456006/5000000 | Win rate (rollout): 0.25 | Loss: 0.154 | Opp label coverage: 0.78
Step 1456518/5000000 | Win rate (rollout): 0.33 | Loss: 0.203 | Opp label coverage: 0.81
Step 1457030/5000000 | Win rate (rollout): 0.40 | Loss: 0.187 | Opp label coverage: 0.83
Step 1457542/5000000 | Win rate (rollout): 0.78 | Loss: 0.192 | Opp label coverage: 0.82
Step 1458059/5000000 | Win rate (rollout): 0.45 | Loss: 0.183 | Opp label coverage: 0.89
Step 1458571/5000000 | Win rate (rollout): 0.62 | Loss: 0.213 | Opp label coverage: 0.80
Step 1459083/5000000 | Win rate (rollout): 0.47 | Loss: 0.197 | Opp label coverage: 0.80
Step 1459599/5000000 | Win rate (rollout): 0.50 | Loss: 0.152 | Opp label coverage: 0.88
Step 1460112/5000000 | Win rate (rollout): 0.64 | Loss: 0.150 | Opp label coverage: 0.89
Step 1460626/5000000 | Win rate (rollout): 0.45 | Loss: 0.179 | Opp label coverage: 0.90
Step 1461139/5000000 | Win rate (rollout): 0.62 | Loss: 0.086 | Opp label coverage: 0.89
Step 1461654/5000000 | Win rate (rollout): 0.50 | Loss: 0.188 | Opp label coverage: 0.90
Step 1462166/5000000 | Win rate (rollout): 0.50 | Loss: 0.163 | Opp label coverage: 0.88
Step 1462684/5000000 | Win rate (rollout): 0.57 | Loss: 0.199 | Opp label coverage: 0.90
Step 1463196/5000000 | Win rate (rollout): 0.44 | Loss: 0.185 | Opp label coverage: 0.83
Step 1463708/5000000 | Win rate (rollout): 0.11 | Loss: 0.178 | Opp label coverage: 0.88
Step 1464220/5000000 | Win rate (rollout): 0.56 | Loss: 0.175 | Opp label coverage: 0.82
Step 1464735/5000000 | Win rate (rollout): 0.62 | Loss: 0.119 | Opp label coverage: 0.89
Step 1465252/5000000 | Win rate (rollout): 0.44 | Loss: 0.210 | Opp label coverage: 0.87
Step 1465764/5000000 | Win rate (rollout): 0.47 | Loss: 0.221 | Opp label coverage: 0.89
Step 1466278/5000000 | Win rate (rollout): 0.20 | Loss: 0.120 | Opp label coverage: 0.89
Step 1466792/5000000 | Win rate (rollout): 0.57 | Loss: 0.124 | Opp label coverage: 0.89
Step 1467304/5000000 | Win rate (rollout): 0.29 | Loss: 0.185 | Opp label coverage: 0.81
Step 1467822/5000000 | Win rate (rollout): 0.80 | Loss: 0.175 | Opp label coverage: 0.89
Step 1468334/5000000 | Win rate (rollout): 0.38 | Loss: 0.187 | Opp label coverage: 0.78
Step 1468846/5000000 | Win rate (rollout): 0.56 | Loss: 0.193 | Opp label coverage: 0.79
Step 1469362/5000000 | Win rate (rollout): 0.70 | Loss: 0.206 | Opp label coverage: 0.88
Step 1469874/5000000 | Win rate (rollout): 0.50 | Loss: 0.169 | Opp label coverage: 0.81
Step 1470386/5000000 | Win rate (rollout): 0.33 | Loss: 0.171 | Opp label coverage: 0.80
Step 1470900/5000000 | Win rate (rollout): 0.82 | Loss: 0.046 | Opp label coverage: 0.89
Step 1471412/5000000 | Win rate (rollout): 0.50 | Loss: 0.168 | Opp label coverage: 0.89
Step 1471924/5000000 | Win rate (rollout): 0.29 | Loss: 0.211 | Opp label coverage: 0.85
Step 1472440/5000000 | Win rate (rollout): 0.20 | Loss: 0.142 | Opp label coverage: 0.88
Step 1472952/5000000 | Win rate (rollout): 0.08 | Loss: 0.144 | Opp label coverage: 0.78
Step 1473464/5000000 | Win rate (rollout): 0.54 | Loss: 0.180 | Opp label coverage: 0.79
Step 1473976/5000000 | Win rate (rollout): 0.35 | Loss: 0.195 | Opp label coverage: 0.80
Step 1474488/5000000 | Win rate (rollout): 0.62 | Loss: 0.154 | Opp label coverage: 0.87
Step 1475003/5000000 | Win rate (rollout): 0.44 | Loss: 0.194 | Opp label coverage: 0.90
[checkpoint] Saved /Users/laithassaf/Documents/Programs/Archived/pokemon-showdown/models/ppo/checkpoints/opp/ppo_step_1475202.pt
Step 1475518/5000000 | Win rate (rollout): 0.64 | Loss: 0.243 | Opp label coverage: 0.90
Step 1476030/5000000 | Win rate (rollout): 0.60 | Loss: 0.156 | Opp label coverage: 0.85
Step 1476542/5000000 | Win rate (rollout): 0.67 | Loss: 0.168 | Opp label coverage: 0.89
Step 1477054/5000000 | Win rate (rollout): 0.67 | Loss: 0.161 | Opp label coverage: 0.84
Step 1477566/5000000 | Win rate (rollout): 0.67 | Loss: 0.189 | Opp label coverage: 0.82
Step 1478078/5000000 | Win rate (rollout): 0.47 | Loss: 0.189 | Opp label coverage: 0.86
Step 1478590/5000000 | Win rate (rollout): 0.53 | Loss: 0.159 | Opp label coverage: 0.82
Step 1479102/5000000 | Win rate (rollout): 0.33 | Loss: 0.174 | Opp label coverage: 0.83
Step 1479619/5000000 | Win rate (rollout): 0.40 | Loss: 0.115 | Opp label coverage: 0.88
Step 1480135/5000000 | Win rate (rollout): 0.40 | Loss: 0.177 | Opp label coverage: 0.89
Step 1480647/5000000 | Win rate (rollout): 0.54 | Loss: 0.192 | Opp label coverage: 0.89
Step 1481159/5000000 | Win rate (rollout): 0.78 | Loss: 0.162 | Opp label coverage: 0.83
Step 1481671/5000000 | Win rate (rollout): 0.50 | Loss: 0.188 | Opp label coverage: 0.85
Step 1482186/5000000 | Win rate (rollout): 0.55 | Loss: 0.140 | Opp label coverage: 0.89
Step 1482698/5000000 | Win rate (rollout): 0.44 | Loss: 0.174 | Opp label coverage: 0.80
Step 1483212/5000000 | Win rate (rollout): 0.50 | Loss: 0.107 | Opp label coverage: 0.88
Step 1483729/5000000 | Win rate (rollout): 0.54 | Loss: 0.145 | Opp label coverage: 0.89
Step 1484241/5000000 | Win rate (rollout): 0.58 | Loss: 0.220 | Opp label coverage: 0.82
Step 1484753/5000000 | Win rate (rollout): 0.41 | Loss: 0.200 | Opp label coverage: 0.81
Step 1485271/5000000 | Win rate (rollout): 0.42 | Loss: 0.175 | Opp label coverage: 0.87
Step 1485788/5000000 | Win rate (rollout): 0.50 | Loss: 0.112 | Opp label coverage: 0.88
Step 1486300/5000000 | Win rate (rollout): 0.57 | Loss: 0.231 | Opp label coverage: 0.82
Step 1486815/5000000 | Win rate (rollout): 0.45 | Loss: 0.137 | Opp label coverage: 0.89
Step 1487331/5000000 | Win rate (rollout): 0.44 | Loss: 0.129 | Opp label coverage: 0.87
Step 1487843/5000000 | Win rate (rollout): 0.62 | Loss: 0.178 | Opp label coverage: 0.83
Step 1488355/5000000 | Win rate (rollout): 0.67 | Loss: 0.177 | Opp label coverage: 0.82
Step 1488870/5000000 | Win rate (rollout): 0.50 | Loss: 0.205 | Opp label coverage: 0.86
Step 1489382/5000000 | Win rate (rollout): 0.38 | Loss: 0.245 | Opp label coverage: 0.84
Step 1489894/5000000 | Win rate (rollout): 0.82 | Loss: 0.176 | Opp label coverage: 0.89
Step 1490406/5000000 | Win rate (rollout): 0.44 | Loss: 0.153 | Opp label coverage: 0.83
Step 1490918/5000000 | Win rate (rollout): 0.46 | Loss: 0.193 | Opp label coverage: 0.84
Step 1491430/5000000 | Win rate (rollout): 0.50 | Loss: 0.164 | Opp label coverage: 0.80
Step 1491944/5000000 | Win rate (rollout): 0.42 | Loss: 0.193 | Opp label coverage: 0.87
Step 1492458/5000000 | Win rate (rollout): 0.38 | Loss: 0.216 | Opp label coverage: 0.89
Step 1492972/5000000 | Win rate (rollout): 0.62 | Loss: 0.132 | Opp label coverage: 0.88
Step 1493490/5000000 | Win rate (rollout): 0.43 | Loss: 0.169 | Opp label coverage: 0.89
Step 1494006/5000000 | Win rate (rollout): 0.47 | Loss: 0.250 | Opp label coverage: 0.90
Step 1494518/5000000 | Win rate (rollout): 0.56 | Loss: 0.174 | Opp label coverage: 0.83
Step 1495033/5000000 | Win rate (rollout): 0.42 | Loss: 0.160 | Opp label coverage: 0.88
Step 1495551/5000000 | Win rate (rollout): 0.57 | Loss: 0.222 | Opp label coverage: 0.88
Step 1496063/5000000 | Win rate (rollout): 0.33 | Loss: 0.171 | Opp label coverage: 0.82
Step 1496575/5000000 | Win rate (rollout): 0.62 | Loss: 0.174 | Opp label coverage: 0.86
Step 1497087/5000000 | Win rate (rollout): 0.62 | Loss: 0.183 | Opp label coverage: 0.84
Step 1497604/5000000 | Win rate (rollout): 0.22 | Loss: 0.188 | Opp label coverage: 0.88
Step 1498116/5000000 | Win rate (rollout): 0.38 | Loss: 0.178 | Opp label coverage: 0.79
Step 1498628/5000000 | Win rate (rollout): 0.08 | Loss: 0.182 | Opp label coverage: 0.87
Step 1499140/5000000 | Win rate (rollout): 0.71 | Loss: 0.192 | Opp label coverage: 0.89
Step 1499652/5000000 | Win rate (rollout): 0.33 | Loss: 0.198 | Opp label coverage: 0.82
Step 1500164/5000000 | Win rate (rollout): 0.33 | Loss: 0.147 | Opp label coverage: 0.87
[checkpoint] Saved /Users/laithassaf/Documents/Programs/Archived/pokemon-showdown/models/ppo/checkpoints/opp/ppo_step_1500209.pt
Step 1500680/5000000 | Win rate (rollout): 0.50 | Loss: 0.188 | Opp label coverage: 0.87
Step 1501199/5000000 | Win rate (rollout): 0.50 | Loss: 0.178 | Opp label coverage: 0.89
Step 1501711/5000000 | Win rate (rollout): 0.64 | Loss: 0.182 | Opp label coverage: 0.81
Step 1502223/5000000 | Win rate (rollout): 0.41 | Loss: 0.211 | Opp label coverage: 0.84
Step 1502735/5000000 | Win rate (rollout): 0.50 | Loss: 0.166 | Opp label coverage: 0.82
Step 1503247/5000000 | Win rate (rollout): 0.42 | Loss: 0.189 | Opp label coverage: 0.78
Step 1503762/5000000 | Win rate (rollout): 0.33 | Loss: 0.087 | Opp label coverage: 0.87
Step 1504274/5000000 | Win rate (rollout): 0.33 | Loss: 0.183 | Opp label coverage: 0.82
Step 1504786/5000000 | Win rate (rollout): 0.17 | Loss: 0.166 | Opp label coverage: 0.82
Step 1505301/5000000 | Win rate (rollout): 0.42 | Loss: 0.159 | Opp label coverage: 0.88
Step 1505816/5000000 | Win rate (rollout): 0.42 | Loss: 0.202 | Opp label coverage: 0.87
Step 1506333/5000000 | Win rate (rollout): 0.38 | Loss: 0.150 | Opp label coverage: 0.90
Step 1506851/5000000 | Win rate (rollout): 0.43 | Loss: 0.217 | Opp label coverage: 0.90
Step 1507363/5000000 | Win rate (rollout): 0.47 | Loss: 0.171 | Opp label coverage: 0.82
Step 1507879/5000000 | Win rate (rollout): 0.45 | Loss: 0.130 | Opp label coverage: 0.89
Step 1508391/5000000 | Win rate (rollout): 0.50 | Loss: 0.217 | Opp label coverage: 0.87
Step 1508903/5000000 | Win rate (rollout): 0.25 | Loss: 0.174 | Opp label coverage: 0.84
Step 1509421/5000000 | Win rate (rollout): 0.36 | Loss: 0.195 | Opp label coverage: 0.87
Step 1509935/5000000 | Win rate (rollout): 0.14 | Loss: 0.214 | Opp label coverage: 0.89
Step 1510447/5000000 | Win rate (rollout): 0.23 | Loss: 0.202 | Opp label coverage: 0.83
Step 1510961/5000000 | Win rate (rollout): 0.42 | Loss: 0.117 | Opp label coverage: 0.87
Step 1511473/5000000 | Win rate (rollout): 0.43 | Loss: 0.184 | Opp label coverage: 0.85
Step 1511987/5000000 | Win rate (rollout): 0.80 | Loss: 0.164 | Opp label coverage: 0.88
Step 1512505/5000000 | Win rate (rollout): 0.36 | Loss: 0.188 | Opp label coverage: 0.87
Step 1513019/5000000 | Win rate (rollout): 0.46 | Loss: 0.102 | Opp label coverage: 0.89
Step 1513534/5000000 | Win rate (rollout): 0.36 | Loss: 0.165 | Opp label coverage: 0.88
Step 1514046/5000000 | Win rate (rollout): 0.50 | Loss: 0.170 | Opp label coverage: 0.90
Step 1514558/5000000 | Win rate (rollout): 0.75 | Loss: 0.172 | Opp label coverage: 0.80
Step 1515070/5000000 | Win rate (rollout): 0.64 | Loss: 0.141 | Opp label coverage: 0.79
Step 1515582/5000000 | Win rate (rollout): 0.38 | Loss: 0.179 | Opp label coverage: 0.77
Step 1516095/5000000 | Win rate (rollout): 0.40 | Loss: 0.135 | Opp label coverage: 0.89
Step 1516612/5000000 | Win rate (rollout): 0.38 | Loss: 0.129 | Opp label coverage: 0.89
Step 1517124/5000000 | Win rate (rollout): 0.40 | Loss: 0.163 | Opp label coverage: 0.82
Step 1517638/5000000 | Win rate (rollout): 0.60 | Loss: 0.184 | Opp label coverage: 0.88
Step 1518157/5000000 | Win rate (rollout): 0.56 | Loss: 0.197 | Opp label coverage: 0.88
Step 1518672/5000000 | Win rate (rollout): 0.33 | Loss: 0.143 | Opp label coverage: 0.87
Step 1519184/5000000 | Win rate (rollout): 0.44 | Loss: 0.183 | Opp label coverage: 0.86
Step 1519696/5000000 | Win rate (rollout): 0.38 | Loss: 0.185 | Opp label coverage: 0.86
Step 1520208/5000000 | Win rate (rollout): 0.20 | Loss: 0.144 | Opp label coverage: 0.80
Step 1520726/5000000 | Win rate (rollout): 0.50 | Loss: 0.135 | Opp label coverage: 0.89
Step 1521239/5000000 | Win rate (rollout): 0.53 | Loss: 0.194 | Opp label coverage: 0.90
Step 1521751/5000000 | Win rate (rollout): 0.64 | Loss: 0.178 | Opp label coverage: 0.85
Step 1522263/5000000 | Win rate (rollout): 0.30 | Loss: 0.159 | Opp label coverage: 0.82
Step 1522775/5000000 | Win rate (rollout): 0.50 | Loss: 0.181 | Opp label coverage: 0.88
Step 1523287/5000000 | Win rate (rollout): 0.56 | Loss: 0.175 | Opp label coverage: 0.85
Step 1523805/5000000 | Win rate (rollout): 0.60 | Loss: 0.168 | Opp label coverage: 0.89
Step 1524317/5000000 | Win rate (rollout): 0.55 | Loss: 0.208 | Opp label coverage: 0.85
Step 1524829/5000000 | Win rate (rollout): 0.50 | Loss: 0.182 | Opp label coverage: 0.85
[checkpoint] Saved /Users/laithassaf/Documents/Programs/Archived/pokemon-showdown/models/ppo/checkpoints/opp/ppo_step_1525211.pt
Step 1525348/5000000 | Win rate (rollout): 0.20 | Loss: 0.166 | Opp label coverage: 0.88
Step 1525860/5000000 | Win rate (rollout): 0.29 | Loss: 0.188 | Opp label coverage: 0.84
Step 1526372/5000000 | Win rate (rollout): 0.50 | Loss: 0.214 | Opp label coverage: 0.82
Step 1526884/5000000 | Win rate (rollout): 0.47 | Loss: 0.186 | Opp label coverage: 0.83
Step 1527396/5000000 | Win rate (rollout): 0.40 | Loss: 0.185 | Opp label coverage: 0.83
Step 1527908/5000000 | Win rate (rollout): 0.47 | Loss: 0.206 | Opp label coverage: 0.87
Step 1528420/5000000 | Win rate (rollout): 0.43 | Loss: 0.155 | Opp label coverage: 0.82
Step 1528932/5000000 | Win rate (rollout): 0.25 | Loss: 0.154 | Opp label coverage: 0.82
Step 1529446/5000000 | Win rate (rollout): 0.70 | Loss: 0.210 | Opp label coverage: 0.89
Step 1529960/5000000 | Win rate (rollout): 0.07 | Loss: 0.193 | Opp label coverage: 0.88
Step 1530472/5000000 | Win rate (rollout): 0.40 | Loss: 0.182 | Opp label coverage: 0.82
Step 1530984/5000000 | Win rate (rollout): 0.30 | Loss: 0.159 | Opp label coverage: 0.80
Step 1531498/5000000 | Win rate (rollout): 0.50 | Loss: 0.176 | Opp label coverage: 0.88
Step 1532010/5000000 | Win rate (rollout): 0.62 | Loss: 0.170 | Opp label coverage: 0.83
Step 1532522/5000000 | Win rate (rollout): 0.29 | Loss: 0.161 | Opp label coverage: 0.86
Step 1533034/5000000 | Win rate (rollout): 0.44 | Loss: 0.159 | Opp label coverage: 0.87
Step 1533546/5000000 | Win rate (rollout): 0.50 | Loss: 0.230 | Opp label coverage: 0.82
Step 1534058/5000000 | Win rate (rollout): 0.19 | Loss: 0.153 | Opp label coverage: 0.83
Step 1534570/5000000 | Win rate (rollout): 0.38 | Loss: 0.180 | Opp label coverage: 0.82
Step 1535082/5000000 | Win rate (rollout): 0.43 | Loss: 0.170 | Opp label coverage: 0.83
Step 1535594/5000000 | Win rate (rollout): 0.44 | Loss: 0.143 | Opp label coverage: 0.89
Step 1536107/5000000 | Win rate (rollout): 0.53 | Loss: 0.330 | Opp label coverage: 0.88
Step 1536619/5000000 | Win rate (rollout): 0.53 | Loss: 0.165 | Opp label coverage: 0.88
Step 1537132/5000000 | Win rate (rollout): 0.60 | Loss: 0.203 | Opp label coverage: 0.89
Step 1537647/5000000 | Win rate (rollout): 0.38 | Loss: 0.172 | Opp label coverage: 0.89
Step 1538159/5000000 | Win rate (rollout): 0.44 | Loss: 0.188 | Opp label coverage: 0.79
Step 1538672/5000000 | Win rate (rollout): 0.78 | Loss: 0.169 | Opp label coverage: 0.90
Step 1539189/5000000 | Win rate (rollout): 0.62 | Loss: 0.186 | Opp label coverage: 0.88
Step 1539701/5000000 | Win rate (rollout): 0.75 | Loss: 0.173 | Opp label coverage: 0.85
Step 1540213/5000000 | Win rate (rollout): 0.57 | Loss: 0.178 | Opp label coverage: 0.83
Step 1540725/5000000 | Win rate (rollout): 0.28 | Loss: 0.166 | Opp label coverage: 0.80
Step 1541237/5000000 | Win rate (rollout): 0.31 | Loss: 0.201 | Opp label coverage: 0.79
Step 1541751/5000000 | Win rate (rollout): 0.47 | Loss: 0.186 | Opp label coverage: 0.88
Step 1542263/5000000 | Win rate (rollout): 0.54 | Loss: 0.185 | Opp label coverage: 0.83
Step 1542779/5000000 | Win rate (rollout): 0.33 | Loss: 0.147 | Opp label coverage: 0.90
Step 1543291/5000000 | Win rate (rollout): 0.42 | Loss: 0.199 | Opp label coverage: 0.82
Step 1543804/5000000 | Win rate (rollout): 0.50 | Loss: 0.129 | Opp label coverage: 0.87
Step 1544316/5000000 | Win rate (rollout): 0.38 | Loss: 0.199 | Opp label coverage: 0.78
Step 1544834/5000000 | Win rate (rollout): 0.00 | Loss: 0.162 | Opp label coverage: 0.87
Step 1545346/5000000 | Win rate (rollout): 0.56 | Loss: 0.183 | Opp label coverage: 0.81
Step 1545862/5000000 | Win rate (rollout): 0.50 | Loss: 0.155 | Opp label coverage: 0.88
Step 1546379/5000000 | Win rate (rollout): 0.67 | Loss: 0.169 | Opp label coverage: 0.89
Step 1546891/5000000 | Win rate (rollout): 0.33 | Loss: 0.197 | Opp label coverage: 0.78
Step 1547403/5000000 | Win rate (rollout): 0.46 | Loss: 0.200 | Opp label coverage: 0.89
Step 1547915/5000000 | Win rate (rollout): 0.67 | Loss: 0.167 | Opp label coverage: 0.79
Step 1548427/5000000 | Win rate (rollout): 0.38 | Loss: 0.184 | Opp label coverage: 0.79
Step 1548939/5000000 | Win rate (rollout): 0.78 | Loss: 0.150 | Opp label coverage: 0.90
Step 1549451/5000000 | Win rate (rollout): 0.54 | Loss: 0.168 | Opp label coverage: 0.86
Step 1549963/5000000 | Win rate (rollout): 0.50 | Loss: 0.222 | Opp label coverage: 0.83
[checkpoint] Saved /Users/laithassaf/Documents/Programs/Archived/pokemon-showdown/models/ppo/checkpoints/opp/ppo_step_1550211.pt
Step 1550475/5000000 | Win rate (rollout): 0.37 | Loss: 0.180 | Opp label coverage: 0.83
Step 1550992/5000000 | Win rate (rollout): 0.50 | Loss: 0.179 | Opp label coverage: 0.89
Step 1551505/5000000 | Win rate (rollout): 0.75 | Loss: 0.206 | Opp label coverage: 0.91
Step 1552017/5000000 | Win rate (rollout): 0.40 | Loss: 0.218 | Opp label coverage: 0.83
Step 1552535/5000000 | Win rate (rollout): 0.69 | Loss: 0.193 | Opp label coverage: 0.88
Step 1553047/5000000 | Win rate (rollout): 0.69 | Loss: 0.175 | Opp label coverage: 0.84
Step 1553559/5000000 | Win rate (rollout): 0.36 | Loss: 0.189 | Opp label coverage: 0.87
Step 1554071/5000000 | Win rate (rollout): 0.43 | Loss: 0.180 | Opp label coverage: 0.84
Step 1554586/5000000 | Win rate (rollout): 0.42 | Loss: 0.105 | Opp label coverage: 0.88
Step 1555100/5000000 | Win rate (rollout): 0.67 | Loss: 0.105 | Opp label coverage: 0.89
Step 1555612/5000000 | Win rate (rollout): 0.62 | Loss: 0.216 | Opp label coverage: 0.85
Step 1556131/5000000 | Win rate (rollout): 0.30 | Loss: 0.193 | Opp label coverage: 0.88
Step 1556650/5000000 | Win rate (rollout): 0.54 | Loss: 0.186 | Opp label coverage: 0.89
Step 1557167/5000000 | Win rate (rollout): 0.53 | Loss: 0.179 | Opp label coverage: 0.90
Step 1557680/5000000 | Win rate (rollout): 0.42 | Loss: 0.109 | Opp label coverage: 0.90
Step 1558192/5000000 | Win rate (rollout): 0.69 | Loss: 0.211 | Opp label coverage: 0.85
Step 1558704/5000000 | Win rate (rollout): 0.40 | Loss: 0.203 | Opp label coverage: 0.80
Step 1559216/5000000 | Win rate (rollout): 0.31 | Loss: 0.196 | Opp label coverage: 0.85
Step 1559728/5000000 | Win rate (rollout): 0.47 | Loss: 0.220 | Opp label coverage: 0.86
Step 1560242/5000000 | Win rate (rollout): 0.50 | Loss: 0.164 | Opp label coverage: 0.89
Step 1560760/5000000 | Win rate (rollout): 0.79 | Loss: 0.164 | Opp label coverage: 0.90
Step 1561272/5000000 | Win rate (rollout): 0.38 | Loss: 0.171 | Opp label coverage: 0.80
Step 1561785/5000000 | Win rate (rollout): 0.78 | Loss: 0.124 | Opp label coverage: 0.90
Step 1562297/5000000 | Win rate (rollout): 0.43 | Loss: 0.158 | Opp label coverage: 0.80
Step 1562813/5000000 | Win rate (rollout): 0.45 | Loss: 0.156 | Opp label coverage: 0.87
Step 1563325/5000000 | Win rate (rollout): 0.45 | Loss: 0.190 | Opp label coverage: 0.79
Step 1563844/5000000 | Win rate (rollout): 0.45 | Loss: 0.179 | Opp label coverage: 0.87
Step 1564356/5000000 | Win rate (rollout): 0.69 | Loss: 0.175 | Opp label coverage: 0.88
Step 1564870/5000000 | Win rate (rollout): 0.46 | Loss: 0.271 | Opp label coverage: 0.89
Step 1565382/5000000 | Win rate (rollout): 0.23 | Loss: 0.203 | Opp label coverage: 0.81
Step 1565894/5000000 | Win rate (rollout): 0.44 | Loss: 0.187 | Opp label coverage: 0.81
Step 1566412/5000000 | Win rate (rollout): 0.67 | Loss: 0.179 | Opp label coverage: 0.88
Step 1566924/5000000 | Win rate (rollout): 0.54 | Loss: 0.173 | Opp label coverage: 0.84
Step 1567441/5000000 | Win rate (rollout): 0.20 | Loss: 0.100 | Opp label coverage: 0.88
Step 1567954/5000000 | Win rate (rollout): 0.50 | Loss: 0.116 | Opp label coverage: 0.87
Step 1568468/5000000 | Win rate (rollout): 0.59 | Loss: 0.239 | Opp label coverage: 0.89
Step 1568980/5000000 | Win rate (rollout): 0.50 | Loss: 0.195 | Opp label coverage: 0.85
Step 1569492/5000000 | Win rate (rollout): 0.44 | Loss: 0.179 | Opp label coverage: 0.81
Step 1570004/5000000 | Win rate (rollout): 0.44 | Loss: 0.180 | Opp label coverage: 0.83
Step 1570516/5000000 | Win rate (rollout): 0.33 | Loss: 0.185 | Opp label coverage: 0.83
Step 1571030/5000000 | Win rate (rollout): 0.45 | Loss: 0.120 | Opp label coverage: 0.88
Step 1571542/5000000 | Win rate (rollout): 0.67 | Loss: 0.185 | Opp label coverage: 0.76
Step 1572054/5000000 | Win rate (rollout): 0.69 | Loss: 0.178 | Opp label coverage: 0.85
Step 1572568/5000000 | Win rate (rollout): 0.42 | Loss: 0.186 | Opp label coverage: 0.89
Step 1573080/5000000 | Win rate (rollout): 0.22 | Loss: 0.170 | Opp label coverage: 0.76
Step 1573592/5000000 | Win rate (rollout): 0.33 | Loss: 0.187 | Opp label coverage: 0.80
Step 1574104/5000000 | Win rate (rollout): 0.33 | Loss: 0.169 | Opp label coverage: 0.82
Step 1574616/5000000 | Win rate (rollout): 0.33 | Loss: 0.203 | Opp label coverage: 0.84
Step 1575134/5000000 | Win rate (rollout): 0.30 | Loss: 0.132 | Opp label coverage: 0.87
[checkpoint] Saved /Users/laithassaf/Documents/Programs/Archived/pokemon-showdown/models/ppo/checkpoints/opp/ppo_step_1575213.pt
Step 1575648/5000000 | Win rate (rollout): 0.57 | Loss: 0.145 | Opp label coverage: 0.90
Step 1576166/5000000 | Win rate (rollout): 0.71 | Loss: 0.177 | Opp label coverage: 0.90
Step 1576684/5000000 | Win rate (rollout): 0.25 | Loss: 0.161 | Opp label coverage: 0.90
Step 1577201/5000000 | Win rate (rollout): 0.64 | Loss: 0.145 | Opp label coverage: 0.90
Step 1577715/5000000 | Win rate (rollout): 0.57 | Loss: 0.164 | Opp label coverage: 0.87
Step 1578231/5000000 | Win rate (rollout): 0.56 | Loss: 0.166 | Opp label coverage: 0.89
Step 1578744/5000000 | Win rate (rollout): 0.55 | Loss: 0.177 | Opp label coverage: 0.88
Step 1579256/5000000 | Win rate (rollout): 0.27 | Loss: 0.178 | Opp label coverage: 0.81
Step 1579768/5000000 | Win rate (rollout): 0.50 | Loss: 0.187 | Opp label coverage: 0.77
Step 1580280/5000000 | Win rate (rollout): 0.31 | Loss: 0.203 | Opp label coverage: 0.85
Step 1580792/5000000 | Win rate (rollout): 0.33 | Loss: 0.184 | Opp label coverage: 0.81
Step 1581304/5000000 | Win rate (rollout): 0.67 | Loss: 0.164 | Opp label coverage: 0.85
Step 1581816/5000000 | Win rate (rollout): 0.53 | Loss: 0.176 | Opp label coverage: 0.82
Step 1582333/5000000 | Win rate (rollout): 0.22 | Loss: 0.201 | Opp label coverage: 0.88
Step 1582849/5000000 | Win rate (rollout): 0.69 | Loss: 0.191 | Opp label coverage: 0.90
Step 1583364/5000000 | Win rate (rollout): 0.36 | Loss: 0.154 | Opp label coverage: 0.87
Step 1583878/5000000 | Win rate (rollout): 0.62 | Loss: 0.118 | Opp label coverage: 0.88
Step 1584396/5000000 | Win rate (rollout): 0.53 | Loss: 0.208 | Opp label coverage: 0.89
Step 1584908/5000000 | Win rate (rollout): 0.57 | Loss: 0.178 | Opp label coverage: 0.85
Step 1585423/5000000 | Win rate (rollout): 0.25 | Loss: 0.275 | Opp label coverage: 0.87
Step 1585935/5000000 | Win rate (rollout): 0.17 | Loss: 0.153 | Opp label coverage: 0.81
Step 1586452/5000000 | Win rate (rollout): 0.45 | Loss: 0.219 | Opp label coverage: 0.86
Step 1586969/5000000 | Win rate (rollout): 0.64 | Loss: 0.176 | Opp label coverage: 0.89
Step 1587483/5000000 | Win rate (rollout): 0.65 | Loss: 0.197 | Opp label coverage: 0.88
Step 1588001/5000000 | Win rate (rollout): 0.67 | Loss: 0.173 | Opp label coverage: 0.88
Step 1588515/5000000 | Win rate (rollout): 0.62 | Loss: 0.181 | Opp label coverage: 0.88
Step 1589027/5000000 | Win rate (rollout): 0.47 | Loss: 0.153 | Opp label coverage: 0.90
Step 1589539/5000000 | Win rate (rollout): 0.33 | Loss: 0.203 | Opp label coverage: 0.81
Step 1590057/5000000 | Win rate (rollout): 0.60 | Loss: 0.159 | Opp label coverage: 0.89
Step 1590569/5000000 | Win rate (rollout): 0.38 | Loss: 0.201 | Opp label coverage: 0.85
Step 1591083/5000000 | Win rate (rollout): 0.80 | Loss: 0.136 | Opp label coverage: 0.89
Step 1591597/5000000 | Win rate (rollout): 0.75 | Loss: 0.206 | Opp label coverage: 0.90
Step 1592109/5000000 | Win rate (rollout): 0.75 | Loss: 0.159 | Opp label coverage: 0.82
Step 1592621/5000000 | Win rate (rollout): 0.42 | Loss: 0.200 | Opp label coverage: 0.82
Step 1593133/5000000 | Win rate (rollout): 0.45 | Loss: 0.165 | Opp label coverage: 0.88
Step 1593650/5000000 | Win rate (rollout): 0.54 | Loss: 0.151 | Opp label coverage: 0.90
Step 1594162/5000000 | Win rate (rollout): 0.40 | Loss: 0.201 | Opp label coverage: 0.83
Step 1594676/5000000 | Win rate (rollout): 0.27 | Loss: 0.174 | Opp label coverage: 0.87
Step 1595188/5000000 | Win rate (rollout): 0.50 | Loss: 0.198 | Opp label coverage: 0.78
Step 1595702/5000000 | Win rate (rollout): 0.62 | Loss: 0.129 | Opp label coverage: 0.90
Step 1596214/5000000 | Win rate (rollout): 0.25 | Loss: 0.146 | Opp label coverage: 0.83
Step 1596728/5000000 | Win rate (rollout): 0.33 | Loss: 0.090 | Opp label coverage: 0.88
Step 1597240/5000000 | Win rate (rollout): 0.30 | Loss: 0.156 | Opp label coverage: 0.84
Step 1597752/5000000 | Win rate (rollout): 0.60 | Loss: 0.230 | Opp label coverage: 0.83
Step 1598270/5000000 | Win rate (rollout): 0.36 | Loss: 0.154 | Opp label coverage: 0.88
Step 1598782/5000000 | Win rate (rollout): 0.31 | Loss: 0.188 | Opp label coverage: 0.79
Step 1599294/5000000 | Win rate (rollout): 0.12 | Loss: 0.121 | Opp label coverage: 0.88
Step 1599806/5000000 | Win rate (rollout): 0.33 | Loss: 0.163 | Opp label coverage: 0.84
[checkpoint] Saved /Users/laithassaf/Documents/Programs/Archived/pokemon-showdown/models/ppo/checkpoints/opp/ppo_step_1600218.pt
Step 1600322/5000000 | Win rate (rollout): 0.40 | Loss: 0.154 | Opp label coverage: 0.89
Step 1600834/5000000 | Win rate (rollout): 0.25 | Loss: 0.175 | Opp label coverage: 0.82
Step 1601346/5000000 | Win rate (rollout): 0.50 | Loss: 0.205 | Opp label coverage: 0.88
Step 1601858/5000000 | Win rate (rollout): 0.36 | Loss: 0.185 | Opp label coverage: 0.83
Step 1602375/5000000 | Win rate (rollout): 0.42 | Loss: 0.169 | Opp label coverage: 0.87
Step 1602887/5000000 | Win rate (rollout): 0.45 | Loss: 0.183 | Opp label coverage: 0.77
Step 1603399/5000000 | Win rate (rollout): 0.56 | Loss: 0.209 | Opp label coverage: 0.81
Step 1603914/5000000 | Win rate (rollout): 0.78 | Loss: 0.162 | Opp label coverage: 0.90
Step 1604429/5000000 | Win rate (rollout): 0.44 | Loss: 0.140 | Opp label coverage: 0.87
Step 1604948/5000000 | Win rate (rollout): 0.17 | Loss: 0.135 | Opp label coverage: 0.89
Step 1605460/5000000 | Win rate (rollout): 0.53 | Loss: 0.229 | Opp label coverage: 0.86
Step 1605972/5000000 | Win rate (rollout): 0.50 | Loss: 0.178 | Opp label coverage: 0.78
Step 1606489/5000000 | Win rate (rollout): 0.42 | Loss: 0.185 | Opp label coverage: 0.87
Step 1607001/5000000 | Win rate (rollout): 0.29 | Loss: 0.187 | Opp label coverage: 0.80
Step 1607513/5000000 | Win rate (rollout): 0.53 | Loss: 0.219 | Opp label coverage: 0.79
Step 1608025/5000000 | Win rate (rollout): 0.35 | Loss: 0.173 | Opp label coverage: 0.81
Step 1608540/5000000 | Win rate (rollout): 0.46 | Loss: 0.131 | Opp label coverage: 0.89
Step 1609052/5000000 | Win rate (rollout): 0.64 | Loss: 0.201 | Opp label coverage: 0.80
Step 1609571/5000000 | Win rate (rollout): 0.54 | Loss: 0.197 | Opp label coverage: 0.88
Step 1610086/5000000 | Win rate (rollout): 0.75 | Loss: 0.163 | Opp label coverage: 0.89
Step 1610598/5000000 | Win rate (rollout): 0.71 | Loss: 0.136 | Opp label coverage: 0.90
Step 1611112/5000000 | Win rate (rollout): 0.29 | Loss: 0.176 | Opp label coverage: 0.88
Step 1611624/5000000 | Win rate (rollout): 0.50 | Loss: 0.180 | Opp label coverage: 0.82
Step 1612136/5000000 | Win rate (rollout): 0.54 | Loss: 0.202 | Opp label coverage: 0.82
Step 1612654/5000000 | Win rate (rollout): 0.54 | Loss: 0.167 | Opp label coverage: 0.89
Step 1613166/5000000 | Win rate (rollout): 0.78 | Loss: 0.174 | Opp label coverage: 0.82
Step 1613684/5000000 | Win rate (rollout): 0.73 | Loss: 0.193 | Opp label coverage: 0.88
Step 1614202/5000000 | Win rate (rollout): 0.54 | Loss: 0.152 | Opp label coverage: 0.88
Step 1614714/5000000 | Win rate (rollout): 0.78 | Loss: 0.176 | Opp label coverage: 0.78
Step 1615230/5000000 | Win rate (rollout): 0.50 | Loss: 0.151 | Opp label coverage: 0.89
Step 1615742/5000000 | Win rate (rollout): 0.36 | Loss: 0.200 | Opp label coverage: 0.83
Step 1616259/5000000 | Win rate (rollout): 0.42 | Loss: 0.170 | Opp label coverage: 0.89
Step 1616776/5000000 | Win rate (rollout): 0.53 | Loss: 0.210 | Opp label coverage: 0.87
Step 1617288/5000000 | Win rate (rollout): 0.60 | Loss: 0.202 | Opp label coverage: 0.91
Step 1617800/5000000 | Win rate (rollout): 0.60 | Loss: 0.195 | Opp label coverage: 0.84
Step 1618312/5000000 | Win rate (rollout): 0.38 | Loss: 0.200 | Opp label coverage: 0.81
Step 1618824/5000000 | Win rate (rollout): 0.44 | Loss: 0.186 | Opp label coverage: 0.84
Step 1619342/5000000 | Win rate (rollout): 0.70 | Loss: 0.166 | Opp label coverage: 0.90
Step 1619854/5000000 | Win rate (rollout): 0.62 | Loss: 0.169 | Opp label coverage: 0.86
Step 1620366/5000000 | Win rate (rollout): 0.30 | Loss: 0.173 | Opp label coverage: 0.79
Step 1620878/5000000 | Win rate (rollout): 0.35 | Loss: 0.214 | Opp label coverage: 0.83
Step 1621395/5000000 | Win rate (rollout): 0.64 | Loss: 0.158 | Opp label coverage: 0.88
Step 1621911/5000000 | Win rate (rollout): 0.27 | Loss: 0.149 | Opp label coverage: 0.89
Step 1622424/5000000 | Win rate (rollout): 0.42 | Loss: 0.159 | Opp label coverage: 0.90
Step 1622939/5000000 | Win rate (rollout): 0.44 | Loss: 0.156 | Opp label coverage: 0.89
Step 1623451/5000000 | Win rate (rollout): 0.38 | Loss: 0.176 | Opp label coverage: 0.80
Step 1623964/5000000 | Win rate (rollout): 0.60 | Loss: 0.134 | Opp label coverage: 0.90
Step 1624476/5000000 | Win rate (rollout): 0.44 | Loss: 0.179 | Opp label coverage: 0.82
Step 1624988/5000000 | Win rate (rollout): 0.42 | Loss: 0.190 | Opp label coverage: 0.85
[checkpoint] Saved /Users/laithassaf/Documents/Programs/Archived/pokemon-showdown/models/ppo/checkpoints/opp/ppo_step_1625222.pt
Step 1625500/5000000 | Win rate (rollout): 0.36 | Loss: 0.168 | Opp label coverage: 0.88
Step 1626012/5000000 | Win rate (rollout): 0.70 | Loss: 0.184 | Opp label coverage: 0.84
Step 1626527/5000000 | Win rate (rollout): 0.40 | Loss: 0.186 | Opp label coverage: 0.88
Step 1627039/5000000 | Win rate (rollout): 0.43 | Loss: 0.196 | Opp label coverage: 0.80
Step 1627551/5000000 | Win rate (rollout): 0.38 | Loss: 0.189 | Opp label coverage: 0.80
Step 1628063/5000000 | Win rate (rollout): 0.29 | Loss: 0.174 | Opp label coverage: 0.81
Step 1628575/5000000 | Win rate (rollout): 0.44 | Loss: 0.163 | Opp label coverage: 0.76
Step 1629087/5000000 | Win rate (rollout): 0.36 | Loss: 0.176 | Opp label coverage: 0.80
Step 1629599/5000000 | Win rate (rollout): 0.78 | Loss: 0.173 | Opp label coverage: 0.81
Step 1630111/5000000 | Win rate (rollout): 0.54 | Loss: 0.233 | Opp label coverage: 0.86
Step 1630623/5000000 | Win rate (rollout): 0.54 | Loss: 0.172 | Opp label coverage: 0.78
Step 1631135/5000000 | Win rate (rollout): 0.73 | Loss: 0.153 | Opp label coverage: 0.81
Step 1631647/5000000 | Win rate (rollout): 0.69 | Loss: 0.173 | Opp label coverage: 0.84
Step 1632159/5000000 | Win rate (rollout): 0.33 | Loss: 0.194 | Opp label coverage: 0.80
Step 1632676/5000000 | Win rate (rollout): 0.38 | Loss: 0.208 | Opp label coverage: 0.87
Step 1633188/5000000 | Win rate (rollout): 0.46 | Loss: 0.206 | Opp label coverage: 0.86
Step 1633700/5000000 | Win rate (rollout): 0.77 | Loss: 0.168 | Opp label coverage: 0.88
Step 1634212/5000000 | Win rate (rollout): 0.38 | Loss: 0.169 | Opp label coverage: 0.87
Step 1634727/5000000 | Win rate (rollout): 0.47 | Loss: 0.194 | Opp label coverage: 0.87
Step 1635239/5000000 | Win rate (rollout): 0.31 | Loss: 0.184 | Opp label coverage: 0.85
Step 1635751/5000000 | Win rate (rollout): 0.45 | Loss: 0.198 | Opp label coverage: 0.81
Step 1636263/5000000 | Win rate (rollout): 0.29 | Loss: 0.153 | Opp label coverage: 0.80
Step 1636775/5000000 | Win rate (rollout): 0.50 | Loss: 0.181 | Opp label coverage: 0.78
Step 1637287/5000000 | Win rate (rollout): 0.54 | Loss: 0.199 | Opp label coverage: 0.80
Step 1637799/5000000 | Win rate (rollout): 0.64 | Loss: 0.158 | Opp label coverage: 0.82
Step 1638311/5000000 | Win rate (rollout): 0.33 | Loss: 0.160 | Opp label coverage: 0.86
Step 1638823/5000000 | Win rate (rollout): 0.44 | Loss: 0.151 | Opp label coverage: 0.87
Step 1639335/5000000 | Win rate (rollout): 0.67 | Loss: 0.173 | Opp label coverage: 0.83
Step 1639847/5000000 | Win rate (rollout): 0.47 | Loss: 0.171 | Opp label coverage: 0.83
Step 1640359/5000000 | Win rate (rollout): 0.41 | Loss: 0.241 | Opp label coverage: 0.83
Step 1640873/5000000 | Win rate (rollout): 0.15 | Loss: 0.160 | Opp label coverage: 0.86
Step 1641385/5000000 | Win rate (rollout): 0.42 | Loss: 0.166 | Opp label coverage: 0.85
Step 1641897/5000000 | Win rate (rollout): 0.57 | Loss: 0.154 | Opp label coverage: 0.87
Step 1642409/5000000 | Win rate (rollout): 0.57 | Loss: 0.192 | Opp label coverage: 0.87
Step 1642921/5000000 | Win rate (rollout): 0.29 | Loss: 0.179 | Opp label coverage: 0.82
Step 1643433/5000000 | Win rate (rollout): 0.29 | Loss: 0.142 | Opp label coverage: 0.80
Step 1643945/5000000 | Win rate (rollout): 0.29 | Loss: 0.166 | Opp label coverage: 0.85
Step 1644457/5000000 | Win rate (rollout): 0.50 | Loss: 0.174 | Opp label coverage: 0.79
Step 1644969/5000000 | Win rate (rollout): 0.45 | Loss: 0.183 | Opp label coverage: 0.81
Step 1645488/5000000 | Win rate (rollout): 0.78 | Loss: 0.120 | Opp label coverage: 0.90
Step 1646000/5000000 | Win rate (rollout): 0.43 | Loss: 0.184 | Opp label coverage: 0.89
Step 1646515/5000000 | Win rate (rollout): 0.29 | Loss: 0.078 | Opp label coverage: 0.90
Step 1647027/5000000 | Win rate (rollout): 0.29 | Loss: 0.192 | Opp label coverage: 0.84
Step 1647541/5000000 | Win rate (rollout): 0.46 | Loss: 0.196 | Opp label coverage: 0.88
Step 1648053/5000000 | Win rate (rollout): 0.38 | Loss: 0.183 | Opp label coverage: 0.81
Step 1648565/5000000 | Win rate (rollout): 0.60 | Loss: 0.169 | Opp label coverage: 0.89
Step 1649082/5000000 | Win rate (rollout): 0.50 | Loss: 0.182 | Opp label coverage: 0.88
Step 1649599/5000000 | Win rate (rollout): 0.77 | Loss: 0.157 | Opp label coverage: 0.90
Step 1650113/5000000 | Win rate (rollout): 0.60 | Loss: 0.167 | Opp label coverage: 0.88
[checkpoint] Saved /Users/laithassaf/Documents/Programs/Archived/pokemon-showdown/models/ppo/checkpoints/opp/ppo_step_1650228.pt
Step 1650630/5000000 | Win rate (rollout): 0.62 | Loss: 0.237 | Opp label coverage: 0.89
Step 1651142/5000000 | Win rate (rollout): 0.50 | Loss: 0.178 | Opp label coverage: 0.80
Step 1651654/5000000 | Win rate (rollout): 0.55 | Loss: 0.162 | Opp label coverage: 0.88
Step 1652168/5000000 | Win rate (rollout): 0.29 | Loss: 0.168 | Opp label coverage: 0.88
Step 1652680/5000000 | Win rate (rollout): 0.25 | Loss: 0.174 | Opp label coverage: 0.79
Step 1653194/5000000 | Win rate (rollout): 0.33 | Loss: 0.225 | Opp label coverage: 0.87
Step 1653712/5000000 | Win rate (rollout): 0.60 | Loss: 0.189 | Opp label coverage: 0.89
Step 1654226/5000000 | Win rate (rollout): 0.56 | Loss: 0.212 | Opp label coverage: 0.88
Step 1654738/5000000 | Win rate (rollout): 0.40 | Loss: 0.191 | Opp label coverage: 0.81
Step 1655250/5000000 | Win rate (rollout): 0.50 | Loss: 0.150 | Opp label coverage: 0.82
Step 1655767/5000000 | Win rate (rollout): 0.45 | Loss: 0.183 | Opp label coverage: 0.88
Step 1656279/5000000 | Win rate (rollout): 0.62 | Loss: 0.181 | Opp label coverage: 0.80
Step 1656796/5000000 | Win rate (rollout): 0.67 | Loss: 0.174 | Opp label coverage: 0.89
Step 1657311/5000000 | Win rate (rollout): 0.54 | Loss: 0.147 | Opp label coverage: 0.90
Step 1657824/5000000 | Win rate (rollout): 0.58 | Loss: 0.189 | Opp label coverage: 0.89
Step 1658342/5000000 | Win rate (rollout): 0.60 | Loss: 0.224 | Opp label coverage: 0.88
Step 1658854/5000000 | Win rate (rollout): 0.36 | Loss: 0.200 | Opp label coverage: 0.86
Step 1659366/5000000 | Win rate (rollout): 0.62 | Loss: 0.148 | Opp label coverage: 0.83
Step 1659882/5000000 | Win rate (rollout): 0.58 | Loss: 0.196 | Opp label coverage: 0.87
Step 1660394/5000000 | Win rate (rollout): 0.40 | Loss: 0.224 | Opp label coverage: 0.82
Step 1660910/5000000 | Win rate (rollout): 0.80 | Loss: 0.131 | Opp label coverage: 0.89
Step 1661426/5000000 | Win rate (rollout): 0.62 | Loss: 0.221 | Opp label coverage: 0.88
Step 1661941/5000000 | Win rate (rollout): 0.55 | Loss: 0.160 | Opp label coverage: 0.91
Step 1662453/5000000 | Win rate (rollout): 0.40 | Loss: 0.215 | Opp label coverage: 0.84
Step 1662965/5000000 | Win rate (rollout): 0.40 | Loss: 0.185 | Opp label coverage: 0.79
Step 1663484/5000000 | Win rate (rollout): 0.67 | Loss: 0.140 | Opp label coverage: 0.91
Step 1664000/5000000 | Win rate (rollout): 0.69 | Loss: 0.166 | Opp label coverage: 0.89
Step 1664512/5000000 | Win rate (rollout): 0.62 | Loss: 0.176 | Opp label coverage: 0.81
Step 1665024/5000000 | Win rate (rollout): 0.58 | Loss: 0.145 | Opp label coverage: 0.85
Step 1665542/5000000 | Win rate (rollout): 0.33 | Loss: 0.199 | Opp label coverage: 0.86
Step 1666054/5000000 | Win rate (rollout): 0.60 | Loss: 0.168 | Opp label coverage: 0.85
Step 1666566/5000000 | Win rate (rollout): 0.43 | Loss: 0.191 | Opp label coverage: 0.84
Step 1667079/5000000 | Win rate (rollout): 0.58 | Loss: 0.191 | Opp label coverage: 0.87
Step 1667593/5000000 | Win rate (rollout): 0.23 | Loss: 0.103 | Opp label coverage: 0.86
Step 1668105/5000000 | Win rate (rollout): 0.50 | Loss: 0.193 | Opp label coverage: 0.85
Step 1668619/5000000 | Win rate (rollout): 0.67 | Loss: 0.140 | Opp label coverage: 0.87
Step 1669131/5000000 | Win rate (rollout): 0.60 | Loss: 0.172 | Opp label coverage: 0.82
Step 1669643/5000000 | Win rate (rollout): 0.40 | Loss: 0.172 | Opp label coverage: 0.78
Step 1670157/5000000 | Win rate (rollout): 0.27 | Loss: 0.139 | Opp label coverage: 0.88
Step 1670669/5000000 | Win rate (rollout): 0.25 | Loss: 0.156 | Opp label coverage: 0.80
Step 1671186/5000000 | Win rate (rollout): 0.70 | Loss: 0.167 | Opp label coverage: 0.90
Step 1671698/5000000 | Win rate (rollout): 0.56 | Loss: 0.170 | Opp label coverage: 0.83
Step 1672210/5000000 | Win rate (rollout): 0.42 | Loss: 0.173 | Opp label coverage: 0.83
Step 1672725/5000000 | Win rate (rollout): 1.00 | Loss: 0.155 | Opp label coverage: 0.92
Step 1673242/5000000 | Win rate (rollout): 0.56 | Loss: 0.188 | Opp label coverage: 0.89
Step 1673757/5000000 | Win rate (rollout): 0.56 | Loss: 0.172 | Opp label coverage: 0.87
Step 1674269/5000000 | Win rate (rollout): 0.31 | Loss: 0.182 | Opp label coverage: 0.83
Step 1674784/5000000 | Win rate (rollout): 0.54 | Loss: 0.173 | Opp label coverage: 0.89
[checkpoint] Saved /Users/laithassaf/Documents/Programs/Archived/pokemon-showdown/models/ppo/checkpoints/opp/ppo_step_1675234.pt
Step 1675299/5000000 | Win rate (rollout): 0.77 | Loss: 0.133 | Opp label coverage: 0.88
Step 1675817/5000000 | Win rate (rollout): 0.57 | Loss: 0.203 | Opp label coverage: 0.90
Step 1676330/5000000 | Win rate (rollout): 0.56 | Loss: 0.074 | Opp label coverage: 0.88
Step 1676848/5000000 | Win rate (rollout): 0.50 | Loss: 0.170 | Opp label coverage: 0.90
Step 1677360/5000000 | Win rate (rollout): 0.60 | Loss: 0.232 | Opp label coverage: 0.88
Step 1677872/5000000 | Win rate (rollout): 0.54 | Loss: 0.192 | Opp label coverage: 0.83
Step 1678390/5000000 | Win rate (rollout): 0.40 | Loss: 0.176 | Opp label coverage: 0.88
Step 1678902/5000000 | Win rate (rollout): 0.44 | Loss: 0.174 | Opp label coverage: 0.80
Step 1679414/5000000 | Win rate (rollout): 0.50 | Loss: 0.185 | Opp label coverage: 0.83
Step 1679926/5000000 | Win rate (rollout): 0.73 | Loss: 0.169 | Opp label coverage: 0.77
Step 1680438/5000000 | Win rate (rollout): 0.50 | Loss: 0.203 | Opp label coverage: 0.88
Step 1680951/5000000 | Win rate (rollout): 0.50 | Loss: 0.173 | Opp label coverage: 0.91
Step 1681466/5000000 | Win rate (rollout): 0.31 | Loss: 0.158 | Opp label coverage: 0.88
Step 1681978/5000000 | Win rate (rollout): 0.25 | Loss: 0.222 | Opp label coverage: 0.83
Step 1682491/5000000 | Win rate (rollout): 0.44 | Loss: 0.068 | Opp label coverage: 0.89
Step 1683003/5000000 | Win rate (rollout): 0.62 | Loss: 0.169 | Opp label coverage: 0.83
Step 1683515/5000000 | Win rate (rollout): 0.37 | Loss: 0.233 | Opp label coverage: 0.82
Step 1684027/5000000 | Win rate (rollout): 0.31 | Loss: 0.189 | Opp label coverage: 0.85
Step 1684544/5000000 | Win rate (rollout): 0.64 | Loss: 0.180 | Opp label coverage: 0.87
Step 1685063/5000000 | Win rate (rollout): 0.46 | Loss: 0.146 | Opp label coverage: 0.90
Step 1685579/5000000 | Win rate (rollout): 0.43 | Loss: 0.211 | Opp label coverage: 0.91
Step 1686092/5000000 | Win rate (rollout): 0.71 | Loss: 0.068 | Opp label coverage: 0.89
Step 1686604/5000000 | Win rate (rollout): 0.33 | Loss: 0.184 | Opp label coverage: 0.84
Step 1687116/5000000 | Win rate (rollout): 0.18 | Loss: 0.192 | Opp label coverage: 0.85
Step 1687633/5000000 | Win rate (rollout): 0.25 | Loss: 0.176 | Opp label coverage: 0.90
Step 1688145/5000000 | Win rate (rollout): 0.17 | Loss: 0.177 | Opp label coverage: 0.81
Step 1688657/5000000 | Win rate (rollout): 0.86 | Loss: 0.144 | Opp label coverage: 0.92
Step 1689170/5000000 | Win rate (rollout): 0.57 | Loss: 0.156 | Opp label coverage: 0.89
Step 1689688/5000000 | Win rate (rollout): 0.56 | Loss: 0.190 | Opp label coverage: 0.88
Step 1690200/5000000 | Win rate (rollout): 0.75 | Loss: 0.170 | Opp label coverage: 0.81
Step 1690714/5000000 | Win rate (rollout): 0.55 | Loss: 0.216 | Opp label coverage: 0.87
Step 1691226/5000000 | Win rate (rollout): 0.69 | Loss: 0.181 | Opp label coverage: 0.85
Step 1691738/5000000 | Win rate (rollout): 0.78 | Loss: 0.155 | Opp label coverage: 0.87
Step 1692250/5000000 | Win rate (rollout): 0.38 | Loss: 0.163 | Opp label coverage: 0.83
Step 1692762/5000000 | Win rate (rollout): 0.20 | Loss: 0.194 | Opp label coverage: 0.84
Step 1693274/5000000 | Win rate (rollout): 0.27 | Loss: 0.198 | Opp label coverage: 0.86
Step 1693790/5000000 | Win rate (rollout): 0.36 | Loss: 0.203 | Opp label coverage: 0.89
Step 1694304/5000000 | Win rate (rollout): 0.58 | Loss: 0.120 | Opp label coverage: 0.92
Step 1694822/5000000 | Win rate (rollout): 0.56 | Loss: 0.180 | Opp label coverage: 0.89
Step 1695334/5000000 | Win rate (rollout): 0.62 | Loss: 0.157 | Opp label coverage: 0.81
Step 1695848/5000000 | Win rate (rollout): 0.27 | Loss: 0.182 | Opp label coverage: 0.88
Step 1696367/5000000 | Win rate (rollout): 0.50 | Loss: 0.144 | Opp label coverage: 0.87
Step 1696879/5000000 | Win rate (rollout): 0.25 | Loss: 0.161 | Opp label coverage: 0.85
Step 1697391/5000000 | Win rate (rollout): 0.33 | Loss: 0.182 | Opp label coverage: 0.82
Step 1697903/5000000 | Win rate (rollout): 0.33 | Loss: 0.181 | Opp label coverage: 0.83
Step 1698415/5000000 | Win rate (rollout): 0.64 | Loss: 0.172 | Opp label coverage: 0.88
Step 1698927/5000000 | Win rate (rollout): 0.43 | Loss: 0.200 | Opp label coverage: 0.84
Step 1699439/5000000 | Win rate (rollout): 0.33 | Loss: 0.190 | Opp label coverage: 0.86
Step 1699956/5000000 | Win rate (rollout): 0.50 | Loss: 0.155 | Opp label coverage: 0.88
[checkpoint] Saved /Users/laithassaf/Documents/Programs/Archived/pokemon-showdown/models/ppo/checkpoints/opp/ppo_step_1700236.pt
Step 1700468/5000000 | Win rate (rollout): 0.40 | Loss: 0.186 | Opp label coverage: 0.82
Step 1700985/5000000 | Win rate (rollout): 0.55 | Loss: 0.156 | Opp label coverage: 0.89
Step 1701497/5000000 | Win rate (rollout): 0.46 | Loss: 0.173 | Opp label coverage: 0.84
Step 1702009/5000000 | Win rate (rollout): 0.50 | Loss: 0.203 | Opp label coverage: 0.85
Step 1702527/5000000 | Win rate (rollout): 0.55 | Loss: 0.179 | Opp label coverage: 0.89
Step 1703039/5000000 | Win rate (rollout): 0.54 | Loss: 0.154 | Opp label coverage: 0.81
Step 1703551/5000000 | Win rate (rollout): 0.89 | Loss: 0.169 | Opp label coverage: 0.82
Step 1704063/5000000 | Win rate (rollout): 0.73 | Loss: 0.170 | Opp label coverage: 0.90
Step 1704576/5000000 | Win rate (rollout): 0.53 | Loss: 0.174 | Opp label coverage: 0.88
Step 1705089/5000000 | Win rate (rollout): 0.36 | Loss: 0.214 | Opp label coverage: 0.89
Step 1705601/5000000 | Win rate (rollout): 0.50 | Loss: 0.200 | Opp label coverage: 0.84
Step 1706113/5000000 | Win rate (rollout): 0.45 | Loss: 0.187 | Opp label coverage: 0.87
Step 1706625/5000000 | Win rate (rollout): 0.57 | Loss: 0.179 | Opp label coverage: 0.88
Step 1707142/5000000 | Win rate (rollout): 0.47 | Loss: 0.155 | Opp label coverage: 0.90
Step 1707654/5000000 | Win rate (rollout): 0.33 | Loss: 0.195 | Opp label coverage: 0.81
Step 1708167/5000000 | Win rate (rollout): 0.55 | Loss: 0.163 | Opp label coverage: 0.88
Step 1708686/5000000 | Win rate (rollout): 0.44 | Loss: 0.182 | Opp label coverage: 0.88
Step 1709204/5000000 | Win rate (rollout): 0.47 | Loss: 0.201 | Opp label coverage: 0.87
Step 1709721/5000000 | Win rate (rollout): 0.40 | Loss: 0.150 | Opp label coverage: 0.87
Step 1710233/5000000 | Win rate (rollout): 0.60 | Loss: 0.183 | Opp label coverage: 0.78
Step 1710748/5000000 | Win rate (rollout): 0.60 | Loss: 0.194 | Opp label coverage: 0.90
Step 1711260/5000000 | Win rate (rollout): 0.64 | Loss: 0.192 | Opp label coverage: 0.81
Step 1711773/5000000 | Win rate (rollout): 0.67 | Loss: 0.122 | Opp label coverage: 0.89
Step 1712291/5000000 | Win rate (rollout): 0.64 | Loss: 0.153 | Opp label coverage: 0.89
Step 1712803/5000000 | Win rate (rollout): 0.60 | Loss: 0.230 | Opp label coverage: 0.88
Step 1713315/5000000 | Win rate (rollout): 0.60 | Loss: 0.160 | Opp label coverage: 0.75
Step 1713827/5000000 | Win rate (rollout): 0.42 | Loss: 0.173 | Opp label coverage: 0.84
Step 1714339/5000000 | Win rate (rollout): 0.47 | Loss: 0.186 | Opp label coverage: 0.83
Step 1714851/5000000 | Win rate (rollout): 0.38 | Loss: 0.174 | Opp label coverage: 0.89
Step 1715363/5000000 | Win rate (rollout): 0.70 | Loss: 0.173 | Opp label coverage: 0.83
Step 1715875/5000000 | Win rate (rollout): 0.46 | Loss: 0.189 | Opp label coverage: 0.83
Step 1716392/5000000 | Win rate (rollout): 0.42 | Loss: 0.196 | Opp label coverage: 0.88
Step 1716904/5000000 | Win rate (rollout): 0.54 | Loss: 0.182 | Opp label coverage: 0.80
Step 1717419/5000000 | Win rate (rollout): 0.60 | Loss: 0.265 | Opp label coverage: 0.88
Step 1717931/5000000 | Win rate (rollout): 0.23 | Loss: 0.173 | Opp label coverage: 0.82
Step 1718443/5000000 | Win rate (rollout): 0.35 | Loss: 0.180 | Opp label coverage: 0.80
Step 1718955/5000000 | Win rate (rollout): 0.57 | Loss: 0.210 | Opp label coverage: 0.88
Step 1719468/5000000 | Win rate (rollout): 0.29 | Loss: 0.175 | Opp label coverage: 0.87
Step 1719980/5000000 | Win rate (rollout): 0.50 | Loss: 0.199 | Opp label coverage: 0.83
Step 1720492/5000000 | Win rate (rollout): 0.58 | Loss: 0.196 | Opp label coverage: 0.87
Step 1721007/5000000 | Win rate (rollout): 0.45 | Loss: 0.157 | Opp label coverage: 0.88
Step 1721519/5000000 | Win rate (rollout): 0.62 | Loss: 0.174 | Opp label coverage: 0.85
Step 1722031/5000000 | Win rate (rollout): 0.60 | Loss: 0.169 | Opp label coverage: 0.86
Step 1722543/5000000 | Win rate (rollout): 0.33 | Loss: 0.164 | Opp label coverage: 0.81
Step 1723055/5000000 | Win rate (rollout): 0.33 | Loss: 0.173 | Opp label coverage: 0.82
Step 1723569/5000000 | Win rate (rollout): 0.64 | Loss: 0.111 | Opp label coverage: 0.87
Step 1724088/5000000 | Win rate (rollout): 0.79 | Loss: 0.152 | Opp label coverage: 0.91
Step 1724600/5000000 | Win rate (rollout): 0.38 | Loss: 0.187 | Opp label coverage: 0.87
Step 1725113/5000000 | Win rate (rollout): 0.24 | Loss: 0.143 | Opp label coverage: 0.88
[checkpoint] Saved /Users/laithassaf/Documents/Programs/Archived/pokemon-showdown/models/ppo/checkpoints/opp/ppo_step_1725241.pt
Step 1725625/5000000 | Win rate (rollout): 0.55 | Loss: 0.181 | Opp label coverage: 0.84
Step 1726137/5000000 | Win rate (rollout): 0.23 | Loss: 0.172 | Opp label coverage: 0.84
Step 1726651/5000000 | Win rate (rollout): 0.83 | Loss: 0.220 | Opp label coverage: 0.89
Step 1727165/5000000 | Win rate (rollout): 0.20 | Loss: 0.122 | Opp label coverage: 0.89
Step 1727678/5000000 | Win rate (rollout): 0.33 | Loss: 0.122 | Opp label coverage: 0.89
Step 1728190/5000000 | Win rate (rollout): 0.55 | Loss: 0.202 | Opp label coverage: 0.75
Step 1728702/5000000 | Win rate (rollout): 0.57 | Loss: 0.164 | Opp label coverage: 0.76
Step 1729214/5000000 | Win rate (rollout): 0.70 | Loss: 0.165 | Opp label coverage: 0.88
Step 1729729/5000000 | Win rate (rollout): 0.47 | Loss: 0.171 | Opp label coverage: 0.88
Step 1730241/5000000 | Win rate (rollout): 0.53 | Loss: 0.198 | Opp label coverage: 0.89
Step 1730758/5000000 | Win rate (rollout): 0.67 | Loss: 0.199 | Opp label coverage: 0.89
Step 1731271/5000000 | Win rate (rollout): 0.56 | Loss: 0.196 | Opp label coverage: 0.87
Step 1731789/5000000 | Win rate (rollout): 0.56 | Loss: 0.139 | Opp label coverage: 0.89
Step 1732301/5000000 | Win rate (rollout): 0.64 | Loss: 0.194 | Opp label coverage: 0.83
Step 1732813/5000000 | Win rate (rollout): 0.33 | Loss: 0.210 | Opp label coverage: 0.88
Step 1733325/5000000 | Win rate (rollout): 0.23 | Loss: 0.191 | Opp label coverage: 0.84
Step 1733839/5000000 | Win rate (rollout): 0.00 | Loss: 0.176 | Opp label coverage: 0.88
Step 1734351/5000000 | Win rate (rollout): 0.54 | Loss: 0.184 | Opp label coverage: 0.82
Step 1734863/5000000 | Win rate (rollout): 0.41 | Loss: 0.194 | Opp label coverage: 0.82
Step 1735375/5000000 | Win rate (rollout): 0.78 | Loss: 0.198 | Opp label coverage: 0.89
Step 1735887/5000000 | Win rate (rollout): 0.75 | Loss: 0.147 | Opp label coverage: 0.83
Step 1736402/5000000 | Win rate (rollout): 0.44 | Loss: 0.125 | Opp label coverage: 0.89
Step 1736915/5000000 | Win rate (rollout): 0.47 | Loss: 0.142 | Opp label coverage: 0.89
Step 1737427/5000000 | Win rate (rollout): 0.57 | Loss: 0.188 | Opp label coverage: 0.83
Step 1737939/5000000 | Win rate (rollout): 0.38 | Loss: 0.165 | Opp label coverage: 0.80
Step 1738451/5000000 | Win rate (rollout): 0.46 | Loss: 0.178 | Opp label coverage: 0.83
Step 1738966/5000000 | Win rate (rollout): 0.70 | Loss: 0.235 | Opp label coverage: 0.88
Step 1739478/5000000 | Win rate (rollout): 0.36 | Loss: 0.192 | Opp label coverage: 0.82
Step 1739990/5000000 | Win rate (rollout): 0.41 | Loss: 0.184 | Opp label coverage: 0.83
Step 1740502/5000000 | Win rate (rollout): 0.71 | Loss: 0.199 | Opp label coverage: 0.84
Step 1741017/5000000 | Win rate (rollout): 0.45 | Loss: 0.191 | Opp label coverage: 0.89
Step 1741532/5000000 | Win rate (rollout): 0.33 | Loss: 0.176 | Opp label coverage: 0.90
Step 1742045/5000000 | Win rate (rollout): 0.47 | Loss: 0.157 | Opp label coverage: 0.87
Step 1742557/5000000 | Win rate (rollout): 0.31 | Loss: 0.192 | Opp label coverage: 0.83
Step 1743069/5000000 | Win rate (rollout): 0.43 | Loss: 0.165 | Opp label coverage: 0.83
Step 1743582/5000000 | Win rate (rollout): 0.60 | Loss: 0.176 | Opp label coverage: 0.89
Step 1744094/5000000 | Win rate (rollout): 0.20 | Loss: 0.174 | Opp label coverage: 0.91
Step 1744607/5000000 | Win rate (rollout): 0.71 | Loss: 0.195 | Opp label coverage: 0.89
Step 1745119/5000000 | Win rate (rollout): 0.29 | Loss: 0.187 | Opp label coverage: 0.85
Step 1745631/5000000 | Win rate (rollout): 0.73 | Loss: 0.205 | Opp label coverage: 0.82
Step 1746148/5000000 | Win rate (rollout): 0.45 | Loss: 0.161 | Opp label coverage: 0.88
Step 1746666/5000000 | Win rate (rollout): 0.47 | Loss: 0.229 | Opp label coverage: 0.89
Step 1747182/5000000 | Win rate (rollout): 0.60 | Loss: 0.230 | Opp label coverage: 0.88
Step 1747701/5000000 | Win rate (rollout): 0.67 | Loss: 0.177 | Opp label coverage: 0.88
Step 1748213/5000000 | Win rate (rollout): 0.43 | Loss: 0.209 | Opp label coverage: 0.82
Step 1748728/5000000 | Win rate (rollout): 0.73 | Loss: 0.152 | Opp label coverage: 0.89
Step 1749241/5000000 | Win rate (rollout): 0.38 | Loss: 0.078 | Opp label coverage: 0.90
Step 1749753/5000000 | Win rate (rollout): 0.50 | Loss: 0.162 | Opp label coverage: 0.82
[checkpoint] Saved /Users/laithassaf/Documents/Programs/Archived/pokemon-showdown/models/ppo/checkpoints/opp/ppo_step_1750245.pt
Step 1750268/5000000 | Win rate (rollout): 0.50 | Loss: 0.195 | Opp label coverage: 0.88
Step 1750780/5000000 | Win rate (rollout): 0.62 | Loss: 0.217 | Opp label coverage: 0.81
Step 1751292/5000000 | Win rate (rollout): 0.50 | Loss: 0.155 | Opp label coverage: 0.75
Step 1751804/5000000 | Win rate (rollout): 0.60 | Loss: 0.190 | Opp label coverage: 0.82
Step 1752318/5000000 | Win rate (rollout): 0.54 | Loss: 0.136 | Opp label coverage: 0.88
Step 1752837/5000000 | Win rate (rollout): 0.23 | Loss: 0.186 | Opp label coverage: 0.88
Step 1753353/5000000 | Win rate (rollout): 0.43 | Loss: 0.160 | Opp label coverage: 0.90
Step 1753865/5000000 | Win rate (rollout): 0.38 | Loss: 0.192 | Opp label coverage: 0.85
Step 1754377/5000000 | Win rate (rollout): 0.47 | Loss: 0.213 | Opp label coverage: 0.83
Step 1754889/5000000 | Win rate (rollout): 0.50 | Loss: 0.171 | Opp label coverage: 0.81
Step 1755401/5000000 | Win rate (rollout): 0.50 | Loss: 0.189 | Opp label coverage: 0.82
Step 1755913/5000000 | Win rate (rollout): 0.47 | Loss: 0.224 | Opp label coverage: 0.83
Step 1756425/5000000 | Win rate (rollout): 0.47 | Loss: 0.153 | Opp label coverage: 0.87
Step 1756937/5000000 | Win rate (rollout): 0.71 | Loss: 0.152 | Opp label coverage: 0.82
Step 1757455/5000000 | Win rate (rollout): 0.40 | Loss: 0.166 | Opp label coverage: 0.89
Step 1757967/5000000 | Win rate (rollout): 0.58 | Loss: 0.182 | Opp label coverage: 0.80
Step 1758479/5000000 | Win rate (rollout): 0.54 | Loss: 0.204 | Opp label coverage: 0.83
Step 1758994/5000000 | Win rate (rollout): 0.55 | Loss: 0.139 | Opp label coverage: 0.89
Step 1759508/5000000 | Win rate (rollout): 0.56 | Loss: 0.170 | Opp label coverage: 0.87
Step 1760020/5000000 | Win rate (rollout): 0.56 | Loss: 0.194 | Opp label coverage: 0.82
Step 1760532/5000000 | Win rate (rollout): 0.33 | Loss: 0.208 | Opp label coverage: 0.85
Step 1761049/5000000 | Win rate (rollout): 0.64 | Loss: 0.148 | Opp label coverage: 0.87
Step 1761561/5000000 | Win rate (rollout): 0.44 | Loss: 0.187 | Opp label coverage: 0.83
Step 1762073/5000000 | Win rate (rollout): 0.55 | Loss: 0.185 | Opp label coverage: 0.89
Step 1762585/5000000 | Win rate (rollout): 0.54 | Loss: 0.171 | Opp label coverage: 0.82
Step 1763097/5000000 | Win rate (rollout): 0.56 | Loss: 0.186 | Opp label coverage: 0.83
Step 1763613/5000000 | Win rate (rollout): 0.67 | Loss: 0.131 | Opp label coverage: 0.88
Step 1764125/5000000 | Win rate (rollout): 0.36 | Loss: 0.185 | Opp label coverage: 0.81
Step 1764637/5000000 | Win rate (rollout): 0.23 | Loss: 0.199 | Opp label coverage: 0.84
Step 1765149/5000000 | Win rate (rollout): 0.67 | Loss: 0.177 | Opp label coverage: 0.78
Step 1765668/5000000 | Win rate (rollout): 0.62 | Loss: 0.136 | Opp label coverage: 0.88
Step 1766180/5000000 | Win rate (rollout): 0.56 | Loss: 0.192 | Opp label coverage: 0.88
Step 1766696/5000000 | Win rate (rollout): 0.38 | Loss: 0.169 | Opp label coverage: 0.89
Step 1767214/5000000 | Win rate (rollout): 0.31 | Loss: 0.243 | Opp label coverage: 0.89
Step 1767726/5000000 | Win rate (rollout): 0.45 | Loss: 0.190 | Opp label coverage: 0.84
Step 1768238/5000000 | Win rate (rollout): 0.29 | Loss: 0.179 | Opp label coverage: 0.82
Step 1768757/5000000 | Win rate (rollout): 0.70 | Loss: 0.171 | Opp label coverage: 0.87
Step 1769269/5000000 | Win rate (rollout): 0.50 | Loss: 0.218 | Opp label coverage: 0.83
Step 1769781/5000000 | Win rate (rollout): 0.37 | Loss: 0.210 | Opp label coverage: 0.79
Step 1770297/5000000 | Win rate (rollout): 0.42 | Loss: 0.188 | Opp label coverage: 0.87
Step 1770809/5000000 | Win rate (rollout): 0.65 | Loss: 0.169 | Opp label coverage: 0.91
Step 1771327/5000000 | Win rate (rollout): 0.40 | Loss: 0.182 | Opp label coverage: 0.87
Step 1771839/5000000 | Win rate (rollout): 0.75 | Loss: 0.183 | Opp label coverage: 0.85
Step 1772351/5000000 | Win rate (rollout): 0.47 | Loss: 0.213 | Opp label coverage: 0.85
Step 1772866/5000000 | Win rate (rollout): 0.64 | Loss: 0.182 | Opp label coverage: 0.88
Step 1773378/5000000 | Win rate (rollout): 0.36 | Loss: 0.163 | Opp label coverage: 0.83
Step 1773890/5000000 | Win rate (rollout): 0.67 | Loss: 0.176 | Opp label coverage: 0.88
Step 1774402/5000000 | Win rate (rollout): 0.46 | Loss: 0.209 | Opp label coverage: 0.82
Step 1774914/5000000 | Win rate (rollout): 0.50 | Loss: 0.151 | Opp label coverage: 0.81
[checkpoint] Saved /Users/laithassaf/Documents/Programs/Archived/pokemon-showdown/models/ppo/checkpoints/opp/ppo_step_1775249.pt
Step 1775428/5000000 | Win rate (rollout): 0.25 | Loss: 0.139 | Opp label coverage: 0.89
Step 1775940/5000000 | Win rate (rollout): 0.18 | Loss: 0.169 | Opp label coverage: 0.84
Step 1776453/5000000 | Win rate (rollout): 0.50 | Loss: 0.308 | Opp label coverage: 0.88
Step 1776965/5000000 | Win rate (rollout): 0.58 | Loss: 0.168 | Opp label coverage: 0.80
Step 1777477/5000000 | Win rate (rollout): 0.71 | Loss: 0.192 | Opp label coverage: 0.81
Step 1777989/5000000 | Win rate (rollout): 0.40 | Loss: 0.153 | Opp label coverage: 0.78
Step 1778501/5000000 | Win rate (rollout): 0.18 | Loss: 0.187 | Opp label coverage: 0.82
Step 1779013/5000000 | Win rate (rollout): 0.27 | Loss: 0.167 | Opp label coverage: 0.77
Step 1779530/5000000 | Win rate (rollout): 0.36 | Loss: 0.152 | Opp label coverage: 0.87
Step 1780042/5000000 | Win rate (rollout): 0.54 | Loss: 0.166 | Opp label coverage: 0.82
Step 1780560/5000000 | Win rate (rollout): 0.33 | Loss: 0.150 | Opp label coverage: 0.90
Step 1781079/5000000 | Win rate (rollout): 0.64 | Loss: 0.154 | Opp label coverage: 0.89
Step 1781591/5000000 | Win rate (rollout): 0.33 | Loss: 0.190 | Opp label coverage: 0.82
Step 1782108/5000000 | Win rate (rollout): 0.70 | Loss: 0.230 | Opp label coverage: 0.89
Step 1782620/5000000 | Win rate (rollout): 0.46 | Loss: 0.176 | Opp label coverage: 0.79
Step 1783132/5000000 | Win rate (rollout): 0.12 | Loss: 0.151 | Opp label coverage: 0.86
Step 1783644/5000000 | Win rate (rollout): 0.36 | Loss: 0.185 | Opp label coverage: 0.81
Step 1784158/5000000 | Win rate (rollout): 0.33 | Loss: 0.127 | Opp label coverage: 0.88
Step 1784670/5000000 | Win rate (rollout): 0.38 | Loss: 0.137 | Opp label coverage: 0.81
Step 1785183/5000000 | Win rate (rollout): 0.40 | Loss: 0.256 | Opp label coverage: 0.90
Step 1785695/5000000 | Win rate (rollout): 0.44 | Loss: 0.177 | Opp label coverage: 0.86
Step 1786207/5000000 | Win rate (rollout): 0.25 | Loss: 0.184 | Opp label coverage: 0.82
Step 1786719/5000000 | Win rate (rollout): 0.57 | Loss: 0.162 | Opp label coverage: 0.83
Step 1787234/5000000 | Win rate (rollout): 0.50 | Loss: 0.146 | Opp label coverage: 0.88
Step 1787751/5000000 | Win rate (rollout): 0.38 | Loss: 0.146 | Opp label coverage: 0.91
Step 1788267/5000000 | Win rate (rollout): 0.67 | Loss: 0.162 | Opp label coverage: 0.89
Step 1788779/5000000 | Win rate (rollout): 0.47 | Loss: 0.213 | Opp label coverage: 0.83
Step 1789291/5000000 | Win rate (rollout): 0.33 | Loss: 0.187 | Opp label coverage: 0.85
Step 1789803/5000000 | Win rate (rollout): 0.20 | Loss: 0.150 | Opp label coverage: 0.83
Step 1790315/5000000 | Win rate (rollout): 0.31 | Loss: 0.148 | Opp label coverage: 0.84
Step 1790828/5000000 | Win rate (rollout): 0.50 | Loss: 0.227 | Opp label coverage: 0.88
Step 1791340/5000000 | Win rate (rollout): 0.33 | Loss: 0.175 | Opp label coverage: 0.79
Step 1791852/5000000 | Win rate (rollout): 0.45 | Loss: 0.167 | Opp label coverage: 0.89
Step 1792364/5000000 | Win rate (rollout): 0.23 | Loss: 0.170 | Opp label coverage: 0.85
Step 1792876/5000000 | Win rate (rollout): 0.43 | Loss: 0.181 | Opp label coverage: 0.87
Step 1793388/5000000 | Win rate (rollout): 0.31 | Loss: 0.152 | Opp label coverage: 0.80
Step 1793900/5000000 | Win rate (rollout): 0.25 | Loss: 0.187 | Opp label coverage: 0.83
Step 1794416/5000000 | Win rate (rollout): 0.38 | Loss: 0.185 | Opp label coverage: 0.89
Step 1794928/5000000 | Win rate (rollout): 0.36 | Loss: 0.173 | Opp label coverage: 0.92
Step 1795441/5000000 | Win rate (rollout): 0.80 | Loss: 0.226 | Opp label coverage: 0.90
Step 1795953/5000000 | Win rate (rollout): 0.40 | Loss: 0.161 | Opp label coverage: 0.82
Step 1796465/5000000 | Win rate (rollout): 0.39 | Loss: 0.186 | Opp label coverage: 0.86
Step 1796977/5000000 | Win rate (rollout): 0.44 | Loss: 0.195 | Opp label coverage: 0.81
Step 1797489/5000000 | Win rate (rollout): 0.44 | Loss: 0.221 | Opp label coverage: 0.83
Step 1798001/5000000 | Win rate (rollout): 0.90 | Loss: 0.184 | Opp label coverage: 0.83
Step 1798513/5000000 | Win rate (rollout): 0.36 | Loss: 0.175 | Opp label coverage: 0.83
Step 1799025/5000000 | Win rate (rollout): 0.75 | Loss: 0.164 | Opp label coverage: 0.83
Step 1799537/5000000 | Win rate (rollout): 0.54 | Loss: 0.187 | Opp label coverage: 0.85
Step 1800049/5000000 | Win rate (rollout): 0.33 | Loss: 0.209 | Opp label coverage: 0.84
[checkpoint] Saved /Users/laithassaf/Documents/Programs/Archived/pokemon-showdown/models/ppo/checkpoints/opp/ppo_step_1800249.pt
Step 1800561/5000000 | Win rate (rollout): 0.50 | Loss: 0.168 | Opp label coverage: 0.85
Step 1801073/5000000 | Win rate (rollout): 0.18 | Loss: 0.158 | Opp label coverage: 0.80
Step 1801585/5000000 | Win rate (rollout): 0.47 | Loss: 0.193 | Opp label coverage: 0.86
Step 1802102/5000000 | Win rate (rollout): 0.40 | Loss: 0.158 | Opp label coverage: 0.89
Step 1802614/5000000 | Win rate (rollout): 0.47 | Loss: 0.196 | Opp label coverage: 0.83
Step 1803126/5000000 | Win rate (rollout): 0.47 | Loss: 0.173 | Opp label coverage: 0.81
Step 1803642/5000000 | Win rate (rollout): 0.50 | Loss: 0.190 | Opp label coverage: 0.87
Step 1804154/5000000 | Win rate (rollout): 0.53 | Loss: 0.193 | Opp label coverage: 0.84
Step 1804666/5000000 | Win rate (rollout): 0.56 | Loss: 0.218 | Opp label coverage: 0.82
Step 1805179/5000000 | Win rate (rollout): 0.70 | Loss: 0.023 | Opp label coverage: 0.89
Step 1805691/5000000 | Win rate (rollout): 0.45 | Loss: 0.182 | Opp label coverage: 0.86
Step 1806205/5000000 | Win rate (rollout): 0.43 | Loss: 0.154 | Opp label coverage: 0.89
Step 1806717/5000000 | Win rate (rollout): 0.50 | Loss: 0.175 | Opp label coverage: 0.90
Step 1807230/5000000 | Win rate (rollout): 0.67 | Loss: 0.054 | Opp label coverage: 0.90
Step 1807742/5000000 | Win rate (rollout): 0.75 | Loss: 0.157 | Opp label coverage: 0.86
Step 1808254/5000000 | Win rate (rollout): 0.43 | Loss: 0.158 | Opp label coverage: 0.89
Step 1808766/5000000 | Win rate (rollout): 0.67 | Loss: 0.160 | Opp label coverage: 0.85
Step 1809278/5000000 | Win rate (rollout): 0.43 | Loss: 0.164 | Opp label coverage: 0.77
Step 1809790/5000000 | Win rate (rollout): 0.45 | Loss: 0.169 | Opp label coverage: 0.82
Step 1810307/5000000 | Win rate (rollout): 0.57 | Loss: 0.145 | Opp label coverage: 0.90
Step 1810819/5000000 | Win rate (rollout): 0.78 | Loss: 0.186 | Opp label coverage: 0.84
Step 1811331/5000000 | Win rate (rollout): 0.78 | Loss: 0.149 | Opp label coverage: 0.89
Step 1811843/5000000 | Win rate (rollout): 0.42 | Loss: 0.197 | Opp label coverage: 0.82
Step 1812355/5000000 | Win rate (rollout): 0.31 | Loss: 0.216 | Opp label coverage: 0.83
Step 1812867/5000000 | Win rate (rollout): 0.22 | Loss: 0.198 | Opp label coverage: 0.81
Step 1813385/5000000 | Win rate (rollout): 0.80 | Loss: 0.151 | Opp label coverage: 0.89
Step 1813901/5000000 | Win rate (rollout): 0.50 | Loss: 0.174 | Opp label coverage: 0.89
Step 1814413/5000000 | Win rate (rollout): 0.64 | Loss: 0.178 | Opp label coverage: 0.85
Step 1814927/5000000 | Win rate (rollout): 0.50 | Loss: 0.180 | Opp label coverage: 0.89
Step 1815439/5000000 | Win rate (rollout): 0.45 | Loss: 0.150 | Opp label coverage: 0.86
Step 1815954/5000000 | Win rate (rollout): 0.91 | Loss: 0.152 | Opp label coverage: 0.90
Step 1816466/5000000 | Win rate (rollout): 0.57 | Loss: 0.225 | Opp label coverage: 0.84
Step 1816978/5000000 | Win rate (rollout): 0.25 | Loss: 0.165 | Opp label coverage: 0.87
Step 1817492/5000000 | Win rate (rollout): 0.55 | Loss: 0.163 | Opp label coverage: 0.89
Step 1818004/5000000 | Win rate (rollout): 0.38 | Loss: 0.162 | Opp label coverage: 0.90
Step 1818516/5000000 | Win rate (rollout): 0.69 | Loss: 0.210 | Opp label coverage: 0.89
Step 1819033/5000000 | Win rate (rollout): 0.33 | Loss: 0.170 | Opp label coverage: 0.89
Step 1819545/5000000 | Win rate (rollout): 0.54 | Loss: 0.175 | Opp label coverage: 0.89
Step 1820064/5000000 | Win rate (rollout): 0.56 | Loss: 0.173 | Opp label coverage: 0.88
Step 1820576/5000000 | Win rate (rollout): 0.27 | Loss: 0.185 | Opp label coverage: 0.82
Step 1821088/5000000 | Win rate (rollout): 0.67 | Loss: 0.189 | Opp label coverage: 0.76
Step 1821603/5000000 | Win rate (rollout): 0.60 | Loss: 0.224 | Opp label coverage: 0.89
Step 1822115/5000000 | Win rate (rollout): 0.50 | Loss: 0.189 | Opp label coverage: 0.80
Step 1822627/5000000 | Win rate (rollout): 0.20 | Loss: 0.172 | Opp label coverage: 0.81
Step 1823142/5000000 | Win rate (rollout): 0.64 | Loss: 0.149 | Opp label coverage: 0.87
Step 1823654/5000000 | Win rate (rollout): 0.36 | Loss: 0.177 | Opp label coverage: 0.84
Step 1824169/5000000 | Win rate (rollout): 0.33 | Loss: 0.146 | Opp label coverage: 0.88
Step 1824687/5000000 | Win rate (rollout): 0.50 | Loss: 0.167 | Opp label coverage: 0.89
Step 1825204/5000000 | Win rate (rollout): 0.35 | Loss: 0.185 | Opp label coverage: 0.87
[checkpoint] Saved /Users/laithassaf/Documents/Programs/Archived/pokemon-showdown/models/ppo/checkpoints/opp/ppo_step_1825252.pt
Step 1825716/5000000 | Win rate (rollout): 0.70 | Loss: 0.195 | Opp label coverage: 0.85
Step 1826229/5000000 | Win rate (rollout): 0.64 | Loss: 0.111 | Opp label coverage: 0.90
Step 1826748/5000000 | Win rate (rollout): 0.38 | Loss: 0.143 | Opp label coverage: 0.92
Step 1827260/5000000 | Win rate (rollout): 0.46 | Loss: 0.184 | Opp label coverage: 0.82
Step 1827772/5000000 | Win rate (rollout): 0.50 | Loss: 0.172 | Opp label coverage: 0.85
Step 1828287/5000000 | Win rate (rollout): 0.50 | Loss: 0.156 | Opp label coverage: 0.87
Step 1828799/5000000 | Win rate (rollout): 0.23 | Loss: 0.182 | Opp label coverage: 0.83
Step 1829311/5000000 | Win rate (rollout): 0.35 | Loss: 0.169 | Opp label coverage: 0.81
Step 1829826/5000000 | Win rate (rollout): 0.45 | Loss: 0.240 | Opp label coverage: 0.87
Step 1830338/5000000 | Win rate (rollout): 0.64 | Loss: 0.185 | Opp label coverage: 0.83
Step 1830850/5000000 | Win rate (rollout): 0.08 | Loss: 0.178 | Opp label coverage: 0.82
Step 1831362/5000000 | Win rate (rollout): 0.35 | Loss: 0.171 | Opp label coverage: 0.82
Step 1831874/5000000 | Win rate (rollout): 0.41 | Loss: 0.209 | Opp label coverage: 0.81
Step 1832389/5000000 | Win rate (rollout): 0.58 | Loss: 0.184 | Opp label coverage: 0.88
Step 1832901/5000000 | Win rate (rollout): 0.62 | Loss: 0.215 | Opp label coverage: 0.79
Step 1833413/5000000 | Win rate (rollout): 0.53 | Loss: 0.190 | Opp label coverage: 0.82
Step 1833925/5000000 | Win rate (rollout): 0.54 | Loss: 0.160 | Opp label coverage: 0.79
Step 1834439/5000000 | Win rate (rollout): 0.58 | Loss: 0.148 | Opp label coverage: 0.88
Step 1834955/5000000 | Win rate (rollout): 0.62 | Loss: 0.149 | Opp label coverage: 0.91
Step 1835467/5000000 | Win rate (rollout): 0.46 | Loss: 0.169 | Opp label coverage: 0.81
Step 1835984/5000000 | Win rate (rollout): 0.23 | Loss: 0.228 | Opp label coverage: 0.87
Step 1836496/5000000 | Win rate (rollout): 0.57 | Loss: 0.208 | Opp label coverage: 0.84
Step 1837013/5000000 | Win rate (rollout): 0.30 | Loss: 0.167 | Opp label coverage: 0.87
Step 1837530/5000000 | Win rate (rollout): 0.25 | Loss: 0.116 | Opp label coverage: 0.87
Step 1838048/5000000 | Win rate (rollout): 0.67 | Loss: 0.172 | Opp label coverage: 0.87
Step 1838560/5000000 | Win rate (rollout): 0.46 | Loss: 0.178 | Opp label coverage: 0.84
Step 1839073/5000000 | Win rate (rollout): 0.38 | Loss: 0.200 | Opp label coverage: 0.87
Step 1839587/5000000 | Win rate (rollout): 0.53 | Loss: 0.170 | Opp label coverage: 0.88
Step 1840099/5000000 | Win rate (rollout): 0.50 | Loss: 0.198 | Opp label coverage: 0.81
Step 1840616/5000000 | Win rate (rollout): 0.60 | Loss: 0.181 | Opp label coverage: 0.88
Step 1841131/5000000 | Win rate (rollout): 0.50 | Loss: 0.176 | Opp label coverage: 0.87
Step 1841645/5000000 | Win rate (rollout): 0.42 | Loss: 0.114 | Opp label coverage: 0.89
Step 1842157/5000000 | Win rate (rollout): 0.15 | Loss: 0.196 | Opp label coverage: 0.79
Step 1842669/5000000 | Win rate (rollout): 0.80 | Loss: 0.179 | Opp label coverage: 0.78
Step 1843181/5000000 | Win rate (rollout): 0.31 | Loss: 0.171 | Opp label coverage: 0.85
Step 1843693/5000000 | Win rate (rollout): 0.44 | Loss: 0.186 | Opp label coverage: 0.84
Step 1844205/5000000 | Win rate (rollout): 0.80 | Loss: 0.199 | Opp label coverage: 0.82
Step 1844717/5000000 | Win rate (rollout): 0.31 | Loss: 0.201 | Opp label coverage: 0.78
Step 1845229/5000000 | Win rate (rollout): 0.23 | Loss: 0.149 | Opp label coverage: 0.74
Step 1845741/5000000 | Win rate (rollout): 0.53 | Loss: 0.190 | Opp label coverage: 0.84
Step 1846258/5000000 | Win rate (rollout): 0.29 | Loss: 0.160 | Opp label coverage: 0.88
Step 1846773/5000000 | Win rate (rollout): 0.76 | Loss: 0.210 | Opp label coverage: 0.90
Step 1847285/5000000 | Win rate (rollout): 0.30 | Loss: 0.163 | Opp label coverage: 0.86
Step 1847797/5000000 | Win rate (rollout): 0.80 | Loss: 0.158 | Opp label coverage: 0.90
Step 1848310/5000000 | Win rate (rollout): 0.43 | Loss: 0.136 | Opp label coverage: 0.90
Step 1848822/5000000 | Win rate (rollout): 0.71 | Loss: 0.172 | Opp label coverage: 0.81
Step 1849337/5000000 | Win rate (rollout): 0.30 | Loss: 0.208 | Opp label coverage: 0.88
Step 1849849/5000000 | Win rate (rollout): 0.43 | Loss: 0.199 | Opp label coverage: 0.84
[checkpoint] Saved /Users/laithassaf/Documents/Programs/Archived/pokemon-showdown/models/ppo/checkpoints/opp/ppo_step_1850255.pt
Step 1850364/5000000 | Win rate (rollout): 0.60 | Loss: 0.193 | Opp label coverage: 0.88
Step 1850876/5000000 | Win rate (rollout): 0.36 | Loss: 0.200 | Opp label coverage: 0.86
Step 1851391/5000000 | Win rate (rollout): 0.33 | Loss: 0.152 | Opp label coverage: 0.90
Step 1851903/5000000 | Win rate (rollout): 0.38 | Loss: 0.165 | Opp label coverage: 0.82
Step 1852415/5000000 | Win rate (rollout): 0.36 | Loss: 0.180 | Opp label coverage: 0.80
Step 1852927/5000000 | Win rate (rollout): 0.89 | Loss: 0.188 | Opp label coverage: 0.86
Step 1853445/5000000 | Win rate (rollout): 0.60 | Loss: 0.128 | Opp label coverage: 0.88
Step 1853960/5000000 | Win rate (rollout): 0.33 | Loss: 0.199 | Opp label coverage: 0.87
Step 1854473/5000000 | Win rate (rollout): 0.31 | Loss: 0.104 | Opp label coverage: 0.88
Step 1854992/5000000 | Win rate (rollout): 0.57 | Loss: 0.205 | Opp label coverage: 0.88
Step 1855506/5000000 | Win rate (rollout): 0.42 | Loss: 0.220 | Opp label coverage: 0.88
Step 1856018/5000000 | Win rate (rollout): 0.25 | Loss: 0.167 | Opp label coverage: 0.82
Step 1856530/5000000 | Win rate (rollout): 0.67 | Loss: 0.175 | Opp label coverage: 0.90
Step 1857045/5000000 | Win rate (rollout): 0.73 | Loss: 0.217 | Opp label coverage: 0.89
Step 1857557/5000000 | Win rate (rollout): 0.71 | Loss: 0.162 | Opp label coverage: 0.85
Step 1858069/5000000 | Win rate (rollout): 0.50 | Loss: 0.194 | Opp label coverage: 0.80
Step 1858585/5000000 | Win rate (rollout): 0.44 | Loss: 0.212 | Opp label coverage: 0.90
Step 1859097/5000000 | Win rate (rollout): 0.38 | Loss: 0.194 | Opp label coverage: 0.88
Step 1859609/5000000 | Win rate (rollout): 0.56 | Loss: 0.190 | Opp label coverage: 0.86
Step 1860126/5000000 | Win rate (rollout): 0.55 | Loss: 0.143 | Opp label coverage: 0.89
Step 1860643/5000000 | Win rate (rollout): 0.64 | Loss: 0.155 | Opp label coverage: 0.90
Step 1861157/5000000 | Win rate (rollout): 0.67 | Loss: 0.179 | Opp label coverage: 0.89
Step 1861669/5000000 | Win rate (rollout): 0.38 | Loss: 0.186 | Opp label coverage: 0.80
Step 1862184/5000000 | Win rate (rollout): 0.38 | Loss: 0.199 | Opp label coverage: 0.85
Step 1862697/5000000 | Win rate (rollout): 0.67 | Loss: 0.221 | Opp label coverage: 0.87
Step 1863215/5000000 | Win rate (rollout): 0.93 | Loss: 0.160 | Opp label coverage: 0.91
Step 1863727/5000000 | Win rate (rollout): 0.56 | Loss: 0.175 | Opp label coverage: 0.82
Step 1864241/5000000 | Win rate (rollout): 0.44 | Loss: 0.161 | Opp label coverage: 0.90
Step 1864759/5000000 | Win rate (rollout): 0.44 | Loss: 0.180 | Opp label coverage: 0.88
Step 1865275/5000000 | Win rate (rollout): 0.36 | Loss: 0.167 | Opp label coverage: 0.87
Step 1865790/5000000 | Win rate (rollout): 0.44 | Loss: 0.262 | Opp label coverage: 0.88
Step 1866302/5000000 | Win rate (rollout): 0.50 | Loss: 0.184 | Opp label coverage: 0.85
Step 1866814/5000000 | Win rate (rollout): 0.33 | Loss: 0.207 | Opp label coverage: 0.84
Step 1867331/5000000 | Win rate (rollout): 0.44 | Loss: 0.157 | Opp label coverage: 0.88
Step 1867843/5000000 | Win rate (rollout): 0.62 | Loss: 0.193 | Opp label coverage: 0.73
Step 1868355/5000000 | Win rate (rollout): 0.45 | Loss: 0.176 | Opp label coverage: 0.88
Step 1868869/5000000 | Win rate (rollout): 0.57 | Loss: 0.163 | Opp label coverage: 0.89
Step 1869381/5000000 | Win rate (rollout): 0.50 | Loss: 0.160 | Opp label coverage: 0.88
Step 1869897/5000000 | Win rate (rollout): 0.50 | Loss: 0.119 | Opp label coverage: 0.91
Step 1870410/5000000 | Win rate (rollout): 0.54 | Loss: 0.097 | Opp label coverage: 0.89
Step 1870923/5000000 | Win rate (rollout): 0.59 | Loss: 0.122 | Opp label coverage: 0.87
Step 1871435/5000000 | Win rate (rollout): 0.62 | Loss: 0.176 | Opp label coverage: 0.84
Step 1871949/5000000 | Win rate (rollout): 0.60 | Loss: 0.174 | Opp label coverage: 0.88
Step 1872467/5000000 | Win rate (rollout): 0.47 | Loss: 0.176 | Opp label coverage: 0.88
Step 1872979/5000000 | Win rate (rollout): 0.42 | Loss: 0.211 | Opp label coverage: 0.84
Step 1873493/5000000 | Win rate (rollout): 0.14 | Loss: 0.101 | Opp label coverage: 0.90
Step 1874007/5000000 | Win rate (rollout): 0.21 | Loss: 0.155 | Opp label coverage: 0.90
Step 1874519/5000000 | Win rate (rollout): 0.47 | Loss: 0.167 | Opp label coverage: 0.88
Step 1875031/5000000 | Win rate (rollout): 0.57 | Loss: 0.187 | Opp label coverage: 0.81
[checkpoint] Saved /Users/laithassaf/Documents/Programs/Archived/pokemon-showdown/models/ppo/checkpoints/opp/ppo_step_1875255.pt
Step 1875543/5000000 | Win rate (rollout): 0.38 | Loss: 0.211 | Opp label coverage: 0.84
Step 1876058/5000000 | Win rate (rollout): 0.36 | Loss: 0.211 | Opp label coverage: 0.89
Step 1876570/5000000 | Win rate (rollout): 0.78 | Loss: 0.164 | Opp label coverage: 0.86
Step 1877083/5000000 | Win rate (rollout): 0.62 | Loss: 0.157 | Opp label coverage: 0.89
Step 1877598/5000000 | Win rate (rollout): 0.67 | Loss: 0.156 | Opp label coverage: 0.87
Step 1878117/5000000 | Win rate (rollout): 0.57 | Loss: 0.143 | Opp label coverage: 0.89
Step 1878629/5000000 | Win rate (rollout): 0.21 | Loss: 0.205 | Opp label coverage: 0.84
Step 1879141/5000000 | Win rate (rollout): 0.64 | Loss: 0.200 | Opp label coverage: 0.85
Step 1879653/5000000 | Win rate (rollout): 0.39 | Loss: 0.182 | Opp label coverage: 0.78
Step 1880171/5000000 | Win rate (rollout): 0.45 | Loss: 0.148 | Opp label coverage: 0.89
Step 1880683/5000000 | Win rate (rollout): 0.50 | Loss: 0.155 | Opp label coverage: 0.90
Step 1881195/5000000 | Win rate (rollout): 0.67 | Loss: 0.162 | Opp label coverage: 0.84
Step 1881707/5000000 | Win rate (rollout): 0.85 | Loss: 0.155 | Opp label coverage: 0.80
Step 1882219/5000000 | Win rate (rollout): 0.23 | Loss: 0.196 | Opp label coverage: 0.86
Step 1882731/5000000 | Win rate (rollout): 0.18 | Loss: 0.194 | Opp label coverage: 0.82
Step 1883248/5000000 | Win rate (rollout): 0.50 | Loss: 0.165 | Opp label coverage: 0.88
Step 1883760/5000000 | Win rate (rollout): 0.33 | Loss: 0.154 | Opp label coverage: 0.79
Step 1884274/5000000 | Win rate (rollout): 0.33 | Loss: 0.165 | Opp label coverage: 0.89
Step 1884786/5000000 | Win rate (rollout): 0.56 | Loss: 0.161 | Opp label coverage: 0.76
Step 1885301/5000000 | Win rate (rollout): 0.17 | Loss: 0.157 | Opp label coverage: 0.87
Step 1885819/5000000 | Win rate (rollout): 0.36 | Loss: 0.186 | Opp label coverage: 0.90
Step 1886331/5000000 | Win rate (rollout): 0.53 | Loss: 0.205 | Opp label coverage: 0.84
Step 1886843/5000000 | Win rate (rollout): 0.62 | Loss: 0.166 | Opp label coverage: 0.85
Step 1887359/5000000 | Win rate (rollout): 0.54 | Loss: 0.196 | Opp label coverage: 0.87
Step 1887871/5000000 | Win rate (rollout): 0.70 | Loss: 0.167 | Opp label coverage: 0.84
Step 1888388/5000000 | Win rate (rollout): 0.22 | Loss: 0.114 | Opp label coverage: 0.89
Step 1888907/5000000 | Win rate (rollout): 0.38 | Loss: 0.152 | Opp label coverage: 0.86
Step 1889421/5000000 | Win rate (rollout): 0.50 | Loss: 0.143 | Opp label coverage: 0.88
Step 1889936/5000000 | Win rate (rollout): 0.31 | Loss: 0.187 | Opp label coverage: 0.89
Step 1890451/5000000 | Win rate (rollout): 0.23 | Loss: 0.152 | Opp label coverage: 0.89
Step 1890963/5000000 | Win rate (rollout): 0.83 | Loss: 0.188 | Opp label coverage: 0.82
Step 1891475/5000000 | Win rate (rollout): 0.42 | Loss: 0.219 | Opp label coverage: 0.81
Step 1891987/5000000 | Win rate (rollout): 0.44 | Loss: 0.191 | Opp label coverage: 0.82
Step 1892499/5000000 | Win rate (rollout): 0.47 | Loss: 0.162 | Opp label coverage: 0.82
Step 1893011/5000000 | Win rate (rollout): 0.35 | Loss: 0.182 | Opp label coverage: 0.79
Step 1893523/5000000 | Win rate (rollout): 0.67 | Loss: 0.173 | Opp label coverage: 0.81
Step 1894035/5000000 | Win rate (rollout): 0.42 | Loss: 0.193 | Opp label coverage: 0.87
Step 1894547/5000000 | Win rate (rollout): 0.60 | Loss: 0.171 | Opp label coverage: 0.85
Step 1895064/5000000 | Win rate (rollout): 0.29 | Loss: 0.167 | Opp label coverage: 0.87
Step 1895581/5000000 | Win rate (rollout): 0.57 | Loss: 0.177 | Opp label coverage: 0.90
Step 1896098/5000000 | Win rate (rollout): 0.68 | Loss: 0.256 | Opp label coverage: 0.88
Step 1896610/5000000 | Win rate (rollout): 0.43 | Loss: 0.179 | Opp label coverage: 0.81
Step 1897122/5000000 | Win rate (rollout): 0.65 | Loss: 0.176 | Opp label coverage: 0.82
Step 1897634/5000000 | Win rate (rollout): 0.70 | Loss: 0.170 | Opp label coverage: 0.84
Step 1898146/5000000 | Win rate (rollout): 0.31 | Loss: 0.197 | Opp label coverage: 0.84
Step 1898659/5000000 | Win rate (rollout): 0.71 | Loss: 0.140 | Opp label coverage: 0.91
Step 1899171/5000000 | Win rate (rollout): 0.62 | Loss: 0.184 | Opp label coverage: 0.86
Step 1899690/5000000 | Win rate (rollout): 0.50 | Loss: 0.164 | Opp label coverage: 0.89
Step 1900202/5000000 | Win rate (rollout): 0.60 | Loss: 0.163 | Opp label coverage: 0.88
[checkpoint] Saved /Users/laithassaf/Documents/Programs/Archived/pokemon-showdown/models/ppo/checkpoints/opp/ppo_step_1900258.pt
Step 1900714/5000000 | Win rate (rollout): 0.75 | Loss: 0.155 | Opp label coverage: 0.83
Step 1901229/5000000 | Win rate (rollout): 0.42 | Loss: 0.225 | Opp label coverage: 0.88
Step 1901745/5000000 | Win rate (rollout): 0.50 | Loss: 0.210 | Opp label coverage: 0.87
Step 1902257/5000000 | Win rate (rollout): 0.43 | Loss: 0.206 | Opp label coverage: 0.83
Step 1902769/5000000 | Win rate (rollout): 0.54 | Loss: 0.173 | Opp label coverage: 0.88
Step 1903281/5000000 | Win rate (rollout): 0.38 | Loss: 0.194 | Opp label coverage: 0.83
Step 1903797/5000000 | Win rate (rollout): 0.58 | Loss: 0.156 | Opp label coverage: 0.88
Step 1904309/5000000 | Win rate (rollout): 0.46 | Loss: 0.173 | Opp label coverage: 0.88
Step 1904821/5000000 | Win rate (rollout): 0.70 | Loss: 0.202 | Opp label coverage: 0.82
Step 1905337/5000000 | Win rate (rollout): 0.55 | Loss: 0.173 | Opp label coverage: 0.88
Step 1905849/5000000 | Win rate (rollout): 0.25 | Loss: 0.188 | Opp label coverage: 0.82
Step 1906361/5000000 | Win rate (rollout): 0.43 | Loss: 0.188 | Opp label coverage: 0.81
Step 1906877/5000000 | Win rate (rollout): 0.55 | Loss: 0.152 | Opp label coverage: 0.87
Step 1907389/5000000 | Win rate (rollout): 0.71 | Loss: 0.149 | Opp label coverage: 0.88
Step 1907904/5000000 | Win rate (rollout): 0.24 | Loss: 0.303 | Opp label coverage: 0.87
Step 1908421/5000000 | Win rate (rollout): 0.62 | Loss: 0.191 | Opp label coverage: 0.87
Step 1908939/5000000 | Win rate (rollout): 0.35 | Loss: 0.201 | Opp label coverage: 0.88
Step 1909454/5000000 | Win rate (rollout): 0.58 | Loss: 0.201 | Opp label coverage: 0.88
Step 1909966/5000000 | Win rate (rollout): 0.27 | Loss: 0.188 | Opp label coverage: 0.83
Step 1910484/5000000 | Win rate (rollout): 0.43 | Loss: 0.223 | Opp label coverage: 0.88
Step 1911002/5000000 | Win rate (rollout): 0.58 | Loss: 0.166 | Opp label coverage: 0.89
Step 1911519/5000000 | Win rate (rollout): 0.40 | Loss: 0.194 | Opp label coverage: 0.87
Step 1912032/5000000 | Win rate (rollout): 0.50 | Loss: 0.166 | Opp label coverage: 0.89
Step 1912547/5000000 | Win rate (rollout): 0.47 | Loss: 0.194 | Opp label coverage: 0.88
Step 1913059/5000000 | Win rate (rollout): 0.36 | Loss: 0.219 | Opp label coverage: 0.81
Step 1913574/5000000 | Win rate (rollout): 0.71 | Loss: 0.128 | Opp label coverage: 0.87
Step 1914086/5000000 | Win rate (rollout): 0.80 | Loss: 0.183 | Opp label coverage: 0.88
Step 1914598/5000000 | Win rate (rollout): 0.60 | Loss: 0.166 | Opp label coverage: 0.84
Step 1915110/5000000 | Win rate (rollout): 0.62 | Loss: 0.185 | Opp label coverage: 0.82
Step 1915626/5000000 | Win rate (rollout): 0.25 | Loss: 0.151 | Opp label coverage: 0.88
Step 1916140/5000000 | Win rate (rollout): 0.60 | Loss: 0.184 | Opp label coverage: 0.89
Step 1916656/5000000 | Win rate (rollout): 0.35 | Loss: 0.270 | Opp label coverage: 0.87
Step 1917168/5000000 | Win rate (rollout): 0.50 | Loss: 0.176 | Opp label coverage: 0.84
Step 1917680/5000000 | Win rate (rollout): 0.23 | Loss: 0.172 | Opp label coverage: 0.83
Step 1918192/5000000 | Win rate (rollout): 0.88 | Loss: 0.182 | Opp label coverage: 0.90
Step 1918704/5000000 | Win rate (rollout): 0.33 | Loss: 0.201 | Opp label coverage: 0.79
Step 1919222/5000000 | Win rate (rollout): 0.44 | Loss: 0.153 | Opp label coverage: 0.87
Step 1919739/5000000 | Win rate (rollout): 0.62 | Loss: 0.180 | Opp label coverage: 0.88
Step 1920255/5000000 | Win rate (rollout): 0.44 | Loss: 0.168 | Opp label coverage: 0.88
Step 1920767/5000000 | Win rate (rollout): 0.55 | Loss: 0.166 | Opp label coverage: 0.83
Step 1921280/5000000 | Win rate (rollout): 0.20 | Loss: 0.130 | Opp label coverage: 0.88
Step 1921798/5000000 | Win rate (rollout): 0.60 | Loss: 0.170 | Opp label coverage: 0.89
Step 1922310/5000000 | Win rate (rollout): 0.73 | Loss: 0.204 | Opp label coverage: 0.85
Step 1922822/5000000 | Win rate (rollout): 0.75 | Loss: 0.162 | Opp label coverage: 0.88
Step 1923335/5000000 | Win rate (rollout): 0.44 | Loss: 0.162 | Opp label coverage: 0.87
Step 1923850/5000000 | Win rate (rollout): 0.38 | Loss: 0.245 | Opp label coverage: 0.88
Step 1924362/5000000 | Win rate (rollout): 0.23 | Loss: 0.171 | Opp label coverage: 0.83
Step 1924874/5000000 | Win rate (rollout): 0.33 | Loss: 0.190 | Opp label coverage: 0.81
[checkpoint] Saved /Users/laithassaf/Documents/Programs/Archived/pokemon-showdown/models/ppo/checkpoints/opp/ppo_step_1925258.pt
Step 1925386/5000000 | Win rate (rollout): 0.67 | Loss: 0.213 | Opp label coverage: 0.84
Step 1925898/5000000 | Win rate (rollout): 0.44 | Loss: 0.213 | Opp label coverage: 0.80
Step 1926414/5000000 | Win rate (rollout): 0.42 | Loss: 0.186 | Opp label coverage: 0.88
Step 1926927/5000000 | Win rate (rollout): 0.47 | Loss: 0.125 | Opp label coverage: 0.85
Step 1927445/5000000 | Win rate (rollout): 0.50 | Loss: 0.159 | Opp label coverage: 0.91
Step 1927957/5000000 | Win rate (rollout): 0.27 | Loss: 0.151 | Opp label coverage: 0.80
Step 1928471/5000000 | Win rate (rollout): 0.62 | Loss: 0.183 | Opp label coverage: 0.92
Step 1928990/5000000 | Win rate (rollout): 0.46 | Loss: 0.117 | Opp label coverage: 0.89
Step 1929502/5000000 | Win rate (rollout): 0.70 | Loss: 0.164 | Opp label coverage: 0.80
Step 1930014/5000000 | Win rate (rollout): 0.56 | Loss: 0.177 | Opp label coverage: 0.88
Step 1930526/5000000 | Win rate (rollout): 0.69 | Loss: 0.209 | Opp label coverage: 0.84
Step 1931038/5000000 | Win rate (rollout): 0.31 | Loss: 0.195 | Opp label coverage: 0.81
Step 1931550/5000000 | Win rate (rollout): 0.70 | Loss: 0.186 | Opp label coverage: 0.78
Step 1932064/5000000 | Win rate (rollout): 0.18 | Loss: 0.177 | Opp label coverage: 0.87
Step 1932577/5000000 | Win rate (rollout): 0.42 | Loss: 0.213 | Opp label coverage: 0.89
Step 1933089/5000000 | Win rate (rollout): 0.10 | Loss: 0.159 | Opp label coverage: 0.82
Step 1933601/5000000 | Win rate (rollout): 0.55 | Loss: 0.188 | Opp label coverage: 0.88
Step 1934114/5000000 | Win rate (rollout): 0.60 | Loss: 0.154 | Opp label coverage: 0.87
Step 1934626/5000000 | Win rate (rollout): 0.23 | Loss: 0.212 | Opp label coverage: 0.85
Step 1935140/5000000 | Win rate (rollout): 0.45 | Loss: 0.146 | Opp label coverage: 0.88
Step 1935652/5000000 | Win rate (rollout): 0.53 | Loss: 0.199 | Opp label coverage: 0.84
Step 1936164/5000000 | Win rate (rollout): 0.40 | Loss: 0.216 | Opp label coverage: 0.80
Step 1936676/5000000 | Win rate (rollout): 0.36 | Loss: 0.156 | Opp label coverage: 0.86
Step 1937192/5000000 | Win rate (rollout): 0.38 | Loss: 0.232 | Opp label coverage: 0.87
Step 1937704/5000000 | Win rate (rollout): 0.67 | Loss: 0.231 | Opp label coverage: 0.88
Step 1938222/5000000 | Win rate (rollout): 0.47 | Loss: 0.170 | Opp label coverage: 0.89
Step 1938734/5000000 | Win rate (rollout): 0.44 | Loss: 0.168 | Opp label coverage: 0.80
Step 1939251/5000000 | Win rate (rollout): 0.29 | Loss: 0.168 | Opp label coverage: 0.87
Step 1939765/5000000 | Win rate (rollout): 0.50 | Loss: 0.129 | Opp label coverage: 0.86
Step 1940280/5000000 | Win rate (rollout): 0.67 | Loss: 0.224 | Opp label coverage: 0.88
Step 1940792/5000000 | Win rate (rollout): 0.33 | Loss: 0.189 | Opp label coverage: 0.85
Step 1941308/5000000 | Win rate (rollout): 0.56 | Loss: 0.181 | Opp label coverage: 0.88
Step 1941826/5000000 | Win rate (rollout): 0.40 | Loss: 0.180 | Opp label coverage: 0.90
Step 1942338/5000000 | Win rate (rollout): 0.82 | Loss: 0.175 | Opp label coverage: 0.86
Step 1942850/5000000 | Win rate (rollout): 0.40 | Loss: 0.194 | Opp label coverage: 0.82
Step 1943363/5000000 | Win rate (rollout): 0.30 | Loss: 0.149 | Opp label coverage: 0.88
Step 1943875/5000000 | Win rate (rollout): 0.78 | Loss: 0.188 | Opp label coverage: 0.76
Step 1944387/5000000 | Win rate (rollout): 1.00 | Loss: 0.163 | Opp label coverage: 0.84
Step 1944903/5000000 | Win rate (rollout): 0.62 | Loss: 0.186 | Opp label coverage: 0.87
Step 1945415/5000000 | Win rate (rollout): 0.53 | Loss: 0.202 | Opp label coverage: 0.82
Step 1945932/5000000 | Win rate (rollout): 0.77 | Loss: 0.155 | Opp label coverage: 0.89
Step 1946450/5000000 | Win rate (rollout): 0.44 | Loss: 0.192 | Opp label coverage: 0.88
Step 1946962/5000000 | Win rate (rollout): 0.55 | Loss: 0.179 | Opp label coverage: 0.84
Step 1947474/5000000 | Win rate (rollout): 0.33 | Loss: 0.166 | Opp label coverage: 0.83
Step 1947986/5000000 | Win rate (rollout): 0.36 | Loss: 0.187 | Opp label coverage: 0.82
Step 1948498/5000000 | Win rate (rollout): 0.29 | Loss: 0.171 | Opp label coverage: 0.82
Step 1949012/5000000 | Win rate (rollout): 0.58 | Loss: 0.102 | Opp label coverage: 0.88
Step 1949524/5000000 | Win rate (rollout): 0.25 | Loss: 0.170 | Opp label coverage: 0.85
Step 1950039/5000000 | Win rate (rollout): 0.20 | Loss: 0.219 | Opp label coverage: 0.87
[checkpoint] Saved /Users/laithassaf/Documents/Programs/Archived/pokemon-showdown/models/ppo/checkpoints/opp/ppo_step_1950263.pt
Step 1950551/5000000 | Win rate (rollout): 0.31 | Loss: 0.181 | Opp label coverage: 0.85
Step 1951070/5000000 | Win rate (rollout): 0.77 | Loss: 0.203 | Opp label coverage: 0.89
Step 1951582/5000000 | Win rate (rollout): 0.18 | Loss: 0.156 | Opp label coverage: 0.79
Step 1952094/5000000 | Win rate (rollout): 0.50 | Loss: 0.150 | Opp label coverage: 0.86
Step 1952611/5000000 | Win rate (rollout): 0.20 | Loss: 0.145 | Opp label coverage: 0.88
Step 1953123/5000000 | Win rate (rollout): 0.43 | Loss: 0.227 | Opp label coverage: 0.83
Step 1953637/5000000 | Win rate (rollout): 0.30 | Loss: 0.154 | Opp label coverage: 0.88
Step 1954150/5000000 | Win rate (rollout): 0.29 | Loss: 0.179 | Opp label coverage: 0.87
Step 1954663/5000000 | Win rate (rollout): 0.60 | Loss: 0.284 | Opp label coverage: 0.90
Step 1955175/5000000 | Win rate (rollout): 0.50 | Loss: 0.168 | Opp label coverage: 0.81
Step 1955693/5000000 | Win rate (rollout): 0.58 | Loss: 0.206 | Opp label coverage: 0.89
Step 1956205/5000000 | Win rate (rollout): 0.46 | Loss: 0.174 | Opp label coverage: 0.88
Step 1956717/5000000 | Win rate (rollout): 0.25 | Loss: 0.193 | Opp label coverage: 0.81
Step 1957229/5000000 | Win rate (rollout): 0.44 | Loss: 0.212 | Opp label coverage: 0.81
Step 1957741/5000000 | Win rate (rollout): 0.38 | Loss: 0.190 | Opp label coverage: 0.80
Step 1958253/5000000 | Win rate (rollout): 0.27 | Loss: 0.206 | Opp label coverage: 0.85
Step 1958765/5000000 | Win rate (rollout): 0.50 | Loss: 0.183 | Opp label coverage: 0.81
Step 1959284/5000000 | Win rate (rollout): 0.70 | Loss: 0.173 | Opp label coverage: 0.89
Step 1959799/5000000 | Win rate (rollout): 0.53 | Loss: 0.253 | Opp label coverage: 0.89
Step 1960311/5000000 | Win rate (rollout): 0.57 | Loss: 0.178 | Opp label coverage: 0.83
Step 1960823/5000000 | Win rate (rollout): 0.20 | Loss: 0.161 | Opp label coverage: 0.84
Step 1961340/5000000 | Win rate (rollout): 0.60 | Loss: 0.194 | Opp label coverage: 0.88
Step 1961858/5000000 | Win rate (rollout): 0.43 | Loss: 0.172 | Opp label coverage: 0.88
Step 1962377/5000000 | Win rate (rollout): 0.56 | Loss: 0.153 | Opp label coverage: 0.89
Step 1962894/5000000 | Win rate (rollout): 0.67 | Loss: 0.154 | Opp label coverage: 0.90
Step 1963406/5000000 | Win rate (rollout): 0.67 | Loss: 0.198 | Opp label coverage: 0.88
Step 1963918/5000000 | Win rate (rollout): 0.70 | Loss: 0.189 | Opp label coverage: 0.83
Step 1964431/5000000 | Win rate (rollout): 0.45 | Loss: 0.097 | Opp label coverage: 0.89
Step 1964948/5000000 | Win rate (rollout): 0.33 | Loss: 0.157 | Opp label coverage: 0.91
Step 1965460/5000000 | Win rate (rollout): 0.54 | Loss: 0.179 | Opp label coverage: 0.79
Step 1965972/5000000 | Win rate (rollout): 0.44 | Loss: 0.166 | Opp label coverage: 0.85
Step 1966484/5000000 | Win rate (rollout): 0.33 | Loss: 0.191 | Opp label coverage: 0.79
Step 1967000/5000000 | Win rate (rollout): 0.71 | Loss: 0.102 | Opp label coverage: 0.90
Step 1967517/5000000 | Win rate (rollout): 0.50 | Loss: 0.175 | Opp label coverage: 0.91
Step 1968029/5000000 | Win rate (rollout): 0.31 | Loss: 0.173 | Opp label coverage: 0.79
Step 1968541/5000000 | Win rate (rollout): 0.31 | Loss: 0.197 | Opp label coverage: 0.82
Step 1969053/5000000 | Win rate (rollout): 0.69 | Loss: 0.181 | Opp label coverage: 0.88
Step 1969565/5000000 | Win rate (rollout): 0.44 | Loss: 0.153 | Opp label coverage: 0.81
Step 1970077/5000000 | Win rate (rollout): 0.75 | Loss: 0.172 | Opp label coverage: 0.82
Step 1970592/5000000 | Win rate (rollout): 0.50 | Loss: 0.147 | Opp label coverage: 0.88
Step 1971109/5000000 | Win rate (rollout): 0.43 | Loss: 0.195 | Opp label coverage: 0.87
Step 1971621/5000000 | Win rate (rollout): 0.31 | Loss: 0.191 | Opp label coverage: 0.89
Step 1972133/5000000 | Win rate (rollout): 0.57 | Loss: 0.213 | Opp label coverage: 0.80
Step 1972647/5000000 | Win rate (rollout): 0.56 | Loss: 0.074 | Opp label coverage: 0.91
Step 1973159/5000000 | Win rate (rollout): 0.82 | Loss: 0.187 | Opp label coverage: 0.82
Step 1973671/5000000 | Win rate (rollout): 0.67 | Loss: 0.175 | Opp label coverage: 0.83
Step 1974188/5000000 | Win rate (rollout): 0.60 | Loss: 0.204 | Opp label coverage: 0.89
Step 1974703/5000000 | Win rate (rollout): 0.38 | Loss: 0.172 | Opp label coverage: 0.87
Step 1975216/5000000 | Win rate (rollout): 0.57 | Loss: 0.121 | Opp label coverage: 0.88
[checkpoint] Saved /Users/laithassaf/Documents/Programs/Archived/pokemon-showdown/models/ppo/checkpoints/opp/ppo_step_1975264.pt
Step 1975728/5000000 | Win rate (rollout): 0.62 | Loss: 0.193 | Opp label coverage: 0.84
Step 1976240/5000000 | Win rate (rollout): 0.58 | Loss: 0.167 | Opp label coverage: 0.80
Step 1976754/5000000 | Win rate (rollout): 0.40 | Loss: 0.285 | Opp label coverage: 0.86
Step 1977266/5000000 | Win rate (rollout): 0.53 | Loss: 0.217 | Opp label coverage: 0.81
Step 1977782/5000000 | Win rate (rollout): 0.55 | Loss: 0.176 | Opp label coverage: 0.87
Step 1978294/5000000 | Win rate (rollout): 0.44 | Loss: 0.202 | Opp label coverage: 0.84
Step 1978807/5000000 | Win rate (rollout): 0.50 | Loss: 0.194 | Opp label coverage: 0.88
Step 1979322/5000000 | Win rate (rollout): 0.44 | Loss: 0.163 | Opp label coverage: 0.87
Step 1979836/5000000 | Win rate (rollout): 0.56 | Loss: 0.243 | Opp label coverage: 0.87
Step 1980348/5000000 | Win rate (rollout): 0.38 | Loss: 0.209 | Opp label coverage: 0.84
Step 1980860/5000000 | Win rate (rollout): 0.29 | Loss: 0.211 | Opp label coverage: 0.83
Step 1981377/5000000 | Win rate (rollout): 0.73 | Loss: 0.155 | Opp label coverage: 0.89
Step 1981890/5000000 | Win rate (rollout): 0.57 | Loss: 0.175 | Opp label coverage: 0.88
Step 1982405/5000000 | Win rate (rollout): 0.50 | Loss: 0.159 | Opp label coverage: 0.90
Step 1982921/5000000 | Win rate (rollout): 0.21 | Loss: 0.164 | Opp label coverage: 0.88
Step 1983435/5000000 | Win rate (rollout): 0.28 | Loss: 0.180 | Opp label coverage: 0.86
Step 1983947/5000000 | Win rate (rollout): 0.64 | Loss: 0.202 | Opp label coverage: 0.81
Step 1984459/5000000 | Win rate (rollout): 0.46 | Loss: 0.182 | Opp label coverage: 0.82
Step 1984971/5000000 | Win rate (rollout): 0.17 | Loss: 0.137 | Opp label coverage: 0.86
Step 1985483/5000000 | Win rate (rollout): 0.58 | Loss: 0.180 | Opp label coverage: 0.82
Step 1985995/5000000 | Win rate (rollout): 0.40 | Loss: 0.169 | Opp label coverage: 0.81
Step 1986510/5000000 | Win rate (rollout): 0.38 | Loss: 0.209 | Opp label coverage: 0.86
Step 1987022/5000000 | Win rate (rollout): 0.40 | Loss: 0.185 | Opp label coverage: 0.84
Step 1987538/5000000 | Win rate (rollout): 0.60 | Loss: 0.214 | Opp label coverage: 0.87
Step 1988050/5000000 | Win rate (rollout): 0.43 | Loss: 0.212 | Opp label coverage: 0.84
Step 1988564/5000000 | Win rate (rollout): 0.60 | Loss: 0.183 | Opp label coverage: 0.89
Step 1989076/5000000 | Win rate (rollout): 0.33 | Loss: 0.170 | Opp label coverage: 0.82
Step 1989591/5000000 | Win rate (rollout): 0.83 | Loss: 0.167 | Opp label coverage: 0.88
Step 1990104/5000000 | Win rate (rollout): 0.62 | Loss: 0.091 | Opp label coverage: 0.90
Step 1990616/5000000 | Win rate (rollout): 0.58 | Loss: 0.190 | Opp label coverage: 0.81
Step 1991128/5000000 | Win rate (rollout): 0.38 | Loss: 0.174 | Opp label coverage: 0.83
Step 1991643/5000000 | Win rate (rollout): 0.46 | Loss: 0.221 | Opp label coverage: 0.87
Step 1992155/5000000 | Win rate (rollout): 0.33 | Loss: 0.181 | Opp label coverage: 0.83
Step 1992673/5000000 | Win rate (rollout): 0.55 | Loss: 0.188 | Opp label coverage: 0.89
Step 1993185/5000000 | Win rate (rollout): 0.50 | Loss: 0.168 | Opp label coverage: 0.84
Step 1993700/5000000 | Win rate (rollout): 0.56 | Loss: 0.191 | Opp label coverage: 0.88
Step 1994213/5000000 | Win rate (rollout): 0.62 | Loss: 0.106 | Opp label coverage: 0.91
Step 1994725/5000000 | Win rate (rollout): 0.67 | Loss: 0.160 | Opp label coverage: 0.84
Step 1995242/5000000 | Win rate (rollout): 0.55 | Loss: 0.177 | Opp label coverage: 0.88
Step 1995757/5000000 | Win rate (rollout): 0.46 | Loss: 0.200 | Opp label coverage: 0.88
Step 1996269/5000000 | Win rate (rollout): 0.15 | Loss: 0.170 | Opp label coverage: 0.80
Step 1996786/5000000 | Win rate (rollout): 0.64 | Loss: 0.152 | Opp label coverage: 0.88
Step 1997298/5000000 | Win rate (rollout): 0.45 | Loss: 0.156 | Opp label coverage: 0.84
Step 1997815/5000000 | Win rate (rollout): 0.20 | Loss: 0.180 | Opp label coverage: 0.89
Step 1998330/5000000 | Win rate (rollout): 0.40 | Loss: 0.211 | Opp label coverage: 0.89
Step 1998842/5000000 | Win rate (rollout): 0.50 | Loss: 0.199 | Opp label coverage: 0.86
Step 1999354/5000000 | Win rate (rollout): 0.43 | Loss: 0.154 | Opp label coverage: 0.81
Step 1999866/5000000 | Win rate (rollout): 0.50 | Loss: 0.201 | Opp label coverage: 0.84
[checkpoint] Saved /Users/laithassaf/Documents/Programs/Archived/pokemon-showdown/models/ppo/checkpoints/opp/ppo_step_2000270.pt
Step 2000383/5000000 | Win rate (rollout): 0.89 | Loss: 0.152 | Opp label coverage: 0.91
Step 2000900/5000000 | Win rate (rollout): 0.60 | Loss: 0.200 | Opp label coverage: 0.89
Step 2001412/5000000 | Win rate (rollout): 0.29 | Loss: 0.177 | Opp label coverage: 0.85
Step 2001928/5000000 | Win rate (rollout): 0.73 | Loss: 0.182 | Opp label coverage: 0.88
Step 2002440/5000000 | Win rate (rollout): 0.70 | Loss: 0.161 | Opp label coverage: 0.87
Step 2002952/5000000 | Win rate (rollout): 0.46 | Loss: 0.194 | Opp label coverage: 0.86
Step 2003464/5000000 | Win rate (rollout): 0.32 | Loss: 0.214 | Opp label coverage: 0.85
Step 2003976/5000000 | Win rate (rollout): 0.50 | Loss: 0.142 | Opp label coverage: 0.78
Step 2004488/5000000 | Win rate (rollout): 0.60 | Loss: 0.215 | Opp label coverage: 0.85
Step 2005000/5000000 | Win rate (rollout): 0.50 | Loss: 0.201 | Opp label coverage: 0.81
Step 2005512/5000000 | Win rate (rollout): 0.67 | Loss: 0.147 | Opp label coverage: 0.84
Step 2006026/5000000 | Win rate (rollout): 0.55 | Loss: 0.068 | Opp label coverage: 0.87
Step 2006538/5000000 | Win rate (rollout): 0.33 | Loss: 0.153 | Opp label coverage: 0.80
Step 2007054/5000000 | Win rate (rollout): 0.82 | Loss: 0.198 | Opp label coverage: 0.87
Step 2007566/5000000 | Win rate (rollout): 0.33 | Loss: 0.187 | Opp label coverage: 0.87
Step 2008078/5000000 | Win rate (rollout): 0.50 | Loss: 0.178 | Opp label coverage: 0.90
Step 2008591/5000000 | Win rate (rollout): 0.35 | Loss: 0.170 | Opp label coverage: 0.88
Step 2009106/5000000 | Win rate (rollout): 0.71 | Loss: 0.140 | Opp label coverage: 0.89
Step 2009624/5000000 | Win rate (rollout): 0.56 | Loss: 0.225 | Opp label coverage: 0.87
Step 2010136/5000000 | Win rate (rollout): 0.31 | Loss: 0.182 | Opp label coverage: 0.83
Step 2010648/5000000 | Win rate (rollout): 0.58 | Loss: 0.164 | Opp label coverage: 0.85
Step 2011160/5000000 | Win rate (rollout): 0.50 | Loss: 0.156 | Opp label coverage: 0.84
Step 2011672/5000000 | Win rate (rollout): 0.67 | Loss: 0.181 | Opp label coverage: 0.88
Step 2012188/5000000 | Win rate (rollout): 0.50 | Loss: 0.173 | Opp label coverage: 0.88
Step 2012700/5000000 | Win rate (rollout): 0.20 | Loss: 0.153 | Opp label coverage: 0.81
Step 2013212/5000000 | Win rate (rollout): 0.56 | Loss: 0.194 | Opp label coverage: 0.81
Step 2013724/5000000 | Win rate (rollout): 0.29 | Loss: 0.175 | Opp label coverage: 0.80
Step 2014236/5000000 | Win rate (rollout): 0.29 | Loss: 0.175 | Opp label coverage: 0.85
Step 2014748/5000000 | Win rate (rollout): 0.57 | Loss: 0.196 | Opp label coverage: 0.78
Step 2015260/5000000 | Win rate (rollout): 0.12 | Loss: 0.176 | Opp label coverage: 0.85
Step 2015774/5000000 | Win rate (rollout): 0.70 | Loss: 0.207 | Opp label coverage: 0.89
Step 2016289/5000000 | Win rate (rollout): 0.56 | Loss: 0.195 | Opp label coverage: 0.88
Step 2016801/5000000 | Win rate (rollout): 0.38 | Loss: 0.187 | Opp label coverage: 0.84
Step 2017315/5000000 | Win rate (rollout): 0.22 | Loss: 0.182 | Opp label coverage: 0.88
Step 2017827/5000000 | Win rate (rollout): 0.15 | Loss: 0.177 | Opp label coverage: 0.82
Step 2018339/5000000 | Win rate (rollout): 0.56 | Loss: 0.166 | Opp label coverage: 0.80
Step 2018851/5000000 | Win rate (rollout): 0.50 | Loss: 0.157 | Opp label coverage: 0.80
Step 2019366/5000000 | Win rate (rollout): 0.58 | Loss: 0.124 | Opp label coverage: 0.88
Step 2019885/5000000 | Win rate (rollout): 0.40 | Loss: 0.144 | Opp label coverage: 0.89
Step 2020397/5000000 | Win rate (rollout): 0.29 | Loss: 0.169 | Opp label coverage: 0.81
Step 2020911/5000000 | Win rate (rollout): 0.78 | Loss: 0.203 | Opp label coverage: 0.89
Step 2021429/5000000 | Win rate (rollout): 0.56 | Loss: 0.173 | Opp label coverage: 0.88
Step 2021947/5000000 | Win rate (rollout): 0.50 | Loss: 0.176 | Opp label coverage: 0.88
Step 2022459/5000000 | Win rate (rollout): 0.38 | Loss: 0.230 | Opp label coverage: 0.81
Step 2022971/5000000 | Win rate (rollout): 0.90 | Loss: 0.181 | Opp label coverage: 0.82
Step 2023483/5000000 | Win rate (rollout): 0.33 | Loss: 0.217 | Opp label coverage: 0.81
Step 2023995/5000000 | Win rate (rollout): 0.25 | Loss: 0.156 | Opp label coverage: 0.82
Step 2024507/5000000 | Win rate (rollout): 0.31 | Loss: 0.177 | Opp label coverage: 0.75
Step 2025019/5000000 | Win rate (rollout): 0.53 | Loss: 0.197 | Opp label coverage: 0.86
[checkpoint] Saved /Users/laithassaf/Documents/Programs/Archived/pokemon-showdown/models/ppo/checkpoints/opp/ppo_step_2025275.pt
Step 2025531/5000000 | Win rate (rollout): 0.45 | Loss: 0.178 | Opp label coverage: 0.84
Step 2026043/5000000 | Win rate (rollout): 0.21 | Loss: 0.199 | Opp label coverage: 0.81
Step 2026555/5000000 | Win rate (rollout): 0.50 | Loss: 0.192 | Opp label coverage: 0.87
Step 2027067/5000000 | Win rate (rollout): 0.33 | Loss: 0.172 | Opp label coverage: 0.80
Step 2027583/5000000 | Win rate (rollout): 0.50 | Loss: 0.161 | Opp label coverage: 0.90
Step 2028095/5000000 | Win rate (rollout): 0.62 | Loss: 0.170 | Opp label coverage: 0.90
Step 2028609/5000000 | Win rate (rollout): 0.39 | Loss: 0.158 | Opp label coverage: 0.87
Step 2029127/5000000 | Win rate (rollout): 0.50 | Loss: 0.178 | Opp label coverage: 0.90
Step 2029639/5000000 | Win rate (rollout): 0.15 | Loss: 0.158 | Opp label coverage: 0.83
Step 2030151/5000000 | Win rate (rollout): 0.88 | Loss: 0.172 | Opp label coverage: 0.83
Step 2030663/5000000 | Win rate (rollout): 0.75 | Loss: 0.145 | Opp label coverage: 0.88
Step 2031175/5000000 | Win rate (rollout): 0.43 | Loss: 0.234 | Opp label coverage: 0.85
Step 2031694/5000000 | Win rate (rollout): 0.54 | Loss: 0.164 | Opp label coverage: 0.88
Step 2032206/5000000 | Win rate (rollout): 0.58 | Loss: 0.181 | Opp label coverage: 0.84
Step 2032718/5000000 | Win rate (rollout): 0.40 | Loss: 0.164 | Opp label coverage: 0.83
Step 2033232/5000000 | Win rate (rollout): 0.36 | Loss: 0.207 | Opp label coverage: 0.87
Step 2033744/5000000 | Win rate (rollout): 0.31 | Loss: 0.163 | Opp label coverage: 0.80
Step 2034256/5000000 | Win rate (rollout): 0.78 | Loss: 0.148 | Opp label coverage: 0.86
Step 2034768/5000000 | Win rate (rollout): 0.47 | Loss: 0.207 | Opp label coverage: 0.83
Step 2035280/5000000 | Win rate (rollout): 0.67 | Loss: 0.166 | Opp label coverage: 0.84
Step 2035792/5000000 | Win rate (rollout): 0.36 | Loss: 0.177 | Opp label coverage: 0.83
Step 2036311/5000000 | Win rate (rollout): 0.36 | Loss: 0.190 | Opp label coverage: 0.88
Step 2036823/5000000 | Win rate (rollout): 0.60 | Loss: 0.211 | Opp label coverage: 0.82
Step 2037335/5000000 | Win rate (rollout): 0.15 | Loss: 0.165 | Opp label coverage: 0.78
Step 2037847/5000000 | Win rate (rollout): 0.28 | Loss: 0.161 | Opp label coverage: 0.82
Step 2038359/5000000 | Win rate (rollout): 0.38 | Loss: 0.176 | Opp label coverage: 0.81
Step 2038872/5000000 | Win rate (rollout): 0.62 | Loss: 0.049 | Opp label coverage: 0.90
Step 2039384/5000000 | Win rate (rollout): 0.57 | Loss: 0.184 | Opp label coverage: 0.82
Step 2039898/5000000 | Win rate (rollout): 0.36 | Loss: 0.255 | Opp label coverage: 0.88
Step 2040412/5000000 | Win rate (rollout): 0.53 | Loss: 0.203 | Opp label coverage: 0.89
Step 2040924/5000000 | Win rate (rollout): 0.40 | Loss: 0.185 | Opp label coverage: 0.83
Step 2041441/5000000 | Win rate (rollout): 0.70 | Loss: 0.141 | Opp label coverage: 0.89
Step 2041958/5000000 | Win rate (rollout): 0.40 | Loss: 0.212 | Opp label coverage: 0.88
Step 2042470/5000000 | Win rate (rollout): 0.20 | Loss: 0.175 | Opp label coverage: 0.80
Step 2042986/5000000 | Win rate (rollout): 0.50 | Loss: 0.201 | Opp label coverage: 0.88
Step 2043498/5000000 | Win rate (rollout): 0.50 | Loss: 0.191 | Opp label coverage: 0.85
Step 2044014/5000000 | Win rate (rollout): 0.42 | Loss: 0.150 | Opp label coverage: 0.89
Step 2044532/5000000 | Win rate (rollout): 0.31 | Loss: 0.197 | Opp label coverage: 0.89
Step 2045044/5000000 | Win rate (rollout): 0.36 | Loss: 0.172 | Opp label coverage: 0.79
Step 2045556/5000000 | Win rate (rollout): 0.75 | Loss: 0.165 | Opp label coverage: 0.84
Step 2046072/5000000 | Win rate (rollout): 0.50 | Loss: 0.145 | Opp label coverage: 0.88
Step 2046584/5000000 | Win rate (rollout): 0.33 | Loss: 0.203 | Opp label coverage: 0.82
Step 2047096/5000000 | Win rate (rollout): 0.44 | Loss: 0.178 | Opp label coverage: 0.84
Step 2047609/5000000 | Win rate (rollout): 0.43 | Loss: 0.297 | Opp label coverage: 0.88
Step 2048121/5000000 | Win rate (rollout): 0.36 | Loss: 0.185 | Opp label coverage: 0.82
Step 2048640/5000000 | Win rate (rollout): 0.78 | Loss: 0.163 | Opp label coverage: 0.90
Step 2049152/5000000 | Win rate (rollout): 0.62 | Loss: 0.153 | Opp label coverage: 0.84
Step 2049664/5000000 | Win rate (rollout): 0.38 | Loss: 0.179 | Opp label coverage: 0.77
Step 2050176/5000000 | Win rate (rollout): 0.29 | Loss: 0.162 | Opp label coverage: 0.84
[checkpoint] Saved /Users/laithassaf/Documents/Programs/Archived/pokemon-showdown/models/ppo/checkpoints/opp/ppo_step_2050280.pt
Step 2050688/5000000 | Win rate (rollout): 0.56 | Loss: 0.198 | Opp label coverage: 0.80
Step 2051202/5000000 | Win rate (rollout): 0.77 | Loss: 0.110 | Opp label coverage: 0.90
Step 2051715/5000000 | Win rate (rollout): 0.47 | Loss: 0.246 | Opp label coverage: 0.87
Step 2052231/5000000 | Win rate (rollout): 0.83 | Loss: 0.187 | Opp label coverage: 0.91
Step 2052743/5000000 | Win rate (rollout): 0.42 | Loss: 0.198 | Opp label coverage: 0.79
Step 2053255/5000000 | Win rate (rollout): 0.64 | Loss: 0.170 | Opp label coverage: 0.81
Step 2053767/5000000 | Win rate (rollout): 0.46 | Loss: 0.190 | Opp label coverage: 0.82
Step 2054279/5000000 | Win rate (rollout): 0.60 | Loss: 0.171 | Opp label coverage: 0.82
Step 2054797/5000000 | Win rate (rollout): 0.67 | Loss: 0.160 | Opp label coverage: 0.88
Step 2055310/5000000 | Win rate (rollout): 0.44 | Loss: 0.258 | Opp label coverage: 0.88
Step 2055825/5000000 | Win rate (rollout): 0.38 | Loss: 0.177 | Opp label coverage: 0.88
Step 2056337/5000000 | Win rate (rollout): 0.18 | Loss: 0.150 | Opp label coverage: 0.81
Step 2056849/5000000 | Win rate (rollout): 0.67 | Loss: 0.200 | Opp label coverage: 0.84
Step 2057361/5000000 | Win rate (rollout): 0.46 | Loss: 0.172 | Opp label coverage: 0.82
Step 2057876/5000000 | Win rate (rollout): 0.20 | Loss: 0.158 | Opp label coverage: 0.89
Step 2058388/5000000 | Win rate (rollout): 0.71 | Loss: 0.185 | Opp label coverage: 0.81
Step 2058900/5000000 | Win rate (rollout): 0.43 | Loss: 0.208 | Opp label coverage: 0.79
Step 2059413/5000000 | Win rate (rollout): 0.38 | Loss: 0.149 | Opp label coverage: 0.90
Step 2059927/5000000 | Win rate (rollout): 0.43 | Loss: 0.178 | Opp label coverage: 0.88
Step 2060446/5000000 | Win rate (rollout): 0.57 | Loss: 0.199 | Opp label coverage: 0.90
Step 2060958/5000000 | Win rate (rollout): 0.57 | Loss: 0.189 | Opp label coverage: 0.84
Step 2061470/5000000 | Win rate (rollout): 0.56 | Loss: 0.173 | Opp label coverage: 0.87
Step 2061987/5000000 | Win rate (rollout): 0.43 | Loss: 0.203 | Opp label coverage: 0.90
Step 2062500/5000000 | Win rate (rollout): 0.69 | Loss: 0.209 | Opp label coverage: 0.91
Step 2063014/5000000 | Win rate (rollout): 0.44 | Loss: 0.129 | Opp label coverage: 0.87
Step 2063533/5000000 | Win rate (rollout): 0.62 | Loss: 0.194 | Opp label coverage: 0.89
Step 2064045/5000000 | Win rate (rollout): 0.36 | Loss: 0.210 | Opp label coverage: 0.84
Step 2064560/5000000 | Win rate (rollout): 0.31 | Loss: 0.171 | Opp label coverage: 0.87
Step 2065072/5000000 | Win rate (rollout): 0.46 | Loss: 0.154 | Opp label coverage: 0.85
Step 2065588/5000000 | Win rate (rollout): 0.50 | Loss: 0.106 | Opp label coverage: 0.91
Step 2066100/5000000 | Win rate (rollout): 0.57 | Loss: 0.173 | Opp label coverage: 0.85
Step 2066612/5000000 | Win rate (rollout): 0.64 | Loss: 0.167 | Opp label coverage: 0.86
Step 2067128/5000000 | Win rate (rollout): 0.42 | Loss: 0.177 | Opp label coverage: 0.87
Step 2067641/5000000 | Win rate (rollout): 0.67 | Loss: 0.176 | Opp label coverage: 0.87
Step 2068158/5000000 | Win rate (rollout): 0.20 | Loss: 0.197 | Opp label coverage: 0.88
Step 2068670/5000000 | Win rate (rollout): 0.21 | Loss: 0.183 | Opp label coverage: 0.83
Step 2069184/5000000 | Win rate (rollout): 0.50 | Loss: 0.199 | Opp label coverage: 0.88
Step 2069696/5000000 | Win rate (rollout): 0.70 | Loss: 0.170 | Opp label coverage: 0.84
Step 2070209/5000000 | Win rate (rollout): 0.54 | Loss: 0.165 | Opp label coverage: 0.88
Step 2070721/5000000 | Win rate (rollout): 0.71 | Loss: 0.170 | Opp label coverage: 0.83
Step 2071233/5000000 | Win rate (rollout): 0.57 | Loss: 0.185 | Opp label coverage: 0.86
Step 2071749/5000000 | Win rate (rollout): 0.30 | Loss: 0.282 | Opp label coverage: 0.88
Step 2072261/5000000 | Win rate (rollout): 0.33 | Loss: 0.180 | Opp label coverage: 0.82
Step 2072775/5000000 | Win rate (rollout): 0.80 | Loss: 0.163 | Opp label coverage: 0.88
Step 2073290/5000000 | Win rate (rollout): 0.27 | Loss: 0.173 | Opp label coverage: 0.88
Step 2073802/5000000 | Win rate (rollout): 0.50 | Loss: 0.161 | Opp label coverage: 0.83
Step 2074314/5000000 | Win rate (rollout): 0.50 | Loss: 0.164 | Opp label coverage: 0.88
Step 2074826/5000000 | Win rate (rollout): 0.50 | Loss: 0.182 | Opp label coverage: 0.83
[checkpoint] Saved /Users/laithassaf/Documents/Programs/Archived/pokemon-showdown/models/ppo/checkpoints/opp/ppo_step_2075280.pt
Step 2075341/5000000 | Win rate (rollout): 0.45 | Loss: 0.159 | Opp label coverage: 0.87
Step 2075858/5000000 | Win rate (rollout): 0.77 | Loss: 0.159 | Opp label coverage: 0.89
Step 2076371/5000000 | Win rate (rollout): 0.36 | Loss: 0.128 | Opp label coverage: 0.88
Step 2076883/5000000 | Win rate (rollout): 0.62 | Loss: 0.162 | Opp label coverage: 0.85
Step 2077401/5000000 | Win rate (rollout): 0.54 | Loss: 0.202 | Opp label coverage: 0.87
Step 2077918/5000000 | Win rate (rollout): 0.60 | Loss: 0.211 | Opp label coverage: 0.90
Step 2078434/5000000 | Win rate (rollout): 0.75 | Loss: 0.223 | Opp label coverage: 0.88
Step 2078949/5000000 | Win rate (rollout): 0.53 | Loss: 0.171 | Opp label coverage: 0.89
Step 2079464/5000000 | Win rate (rollout): 0.54 | Loss: 0.238 | Opp label coverage: 0.87
Step 2079979/5000000 | Win rate (rollout): 0.35 | Loss: 0.187 | Opp label coverage: 0.86
Step 2080496/5000000 | Win rate (rollout): 0.80 | Loss: 0.213 | Opp label coverage: 0.88
Step 2081008/5000000 | Win rate (rollout): 0.33 | Loss: 0.185 | Opp label coverage: 0.88
Step 2081520/5000000 | Win rate (rollout): 0.50 | Loss: 0.201 | Opp label coverage: 0.85
Step 2082032/5000000 | Win rate (rollout): 0.62 | Loss: 0.147 | Opp label coverage: 0.89
Step 2082544/5000000 | Win rate (rollout): 0.38 | Loss: 0.158 | Opp label coverage: 0.85
Step 2083058/5000000 | Win rate (rollout): 0.55 | Loss: 0.208 | Opp label coverage: 0.88
Step 2083574/5000000 | Win rate (rollout): 0.53 | Loss: 0.163 | Opp label coverage: 0.87
Step 2084086/5000000 | Win rate (rollout): 0.29 | Loss: 0.210 | Opp label coverage: 0.82
Step 2084598/5000000 | Win rate (rollout): 0.71 | Loss: 0.179 | Opp label coverage: 0.78
Step 2085110/5000000 | Win rate (rollout): 0.30 | Loss: 0.175 | Opp label coverage: 0.77
Step 2085622/5000000 | Win rate (rollout): 0.58 | Loss: 0.176 | Opp label coverage: 0.84
Step 2086141/5000000 | Win rate (rollout): 0.64 | Loss: 0.140 | Opp label coverage: 0.88
Step 2086653/5000000 | Win rate (rollout): 0.55 | Loss: 0.203 | Opp label coverage: 0.84
Step 2087165/5000000 | Win rate (rollout): 0.41 | Loss: 0.206 | Opp label coverage: 0.84
Step 2087678/5000000 | Win rate (rollout): 0.67 | Loss: 0.121 | Opp label coverage: 0.88
Step 2088190/5000000 | Win rate (rollout): 0.58 | Loss: 0.225 | Opp label coverage: 0.83
Step 2088702/5000000 | Win rate (rollout): 0.42 | Loss: 0.188 | Opp label coverage: 0.85
Step 2089214/5000000 | Win rate (rollout): 0.40 | Loss: 0.138 | Opp label coverage: 0.86
Step 2089727/5000000 | Win rate (rollout): 0.56 | Loss: 0.177 | Opp label coverage: 0.89
Step 2090242/5000000 | Win rate (rollout): 0.65 | Loss: 0.195 | Opp label coverage: 0.89
Step 2090760/5000000 | Win rate (rollout): 0.57 | Loss: 0.168 | Opp label coverage: 0.88
Step 2091272/5000000 | Win rate (rollout): 0.31 | Loss: 0.173 | Opp label coverage: 0.79
Step 2091784/5000000 | Win rate (rollout): 0.50 | Loss: 0.167 | Opp label coverage: 0.86
Step 2092296/5000000 | Win rate (rollout): 0.31 | Loss: 0.182 | Opp label coverage: 0.80
Step 2092811/5000000 | Win rate (rollout): 0.55 | Loss: 0.203 | Opp label coverage: 0.90
Step 2093323/5000000 | Win rate (rollout): 0.14 | Loss: 0.155 | Opp label coverage: 0.83
Step 2093842/5000000 | Win rate (rollout): 0.44 | Loss: 0.189 | Opp label coverage: 0.90
Step 2094356/5000000 | Win rate (rollout): 0.75 | Loss: 0.186 | Opp label coverage: 0.91
Step 2094872/5000000 | Win rate (rollout): 0.50 | Loss: 0.228 | Opp label coverage: 0.88
Step 2095384/5000000 | Win rate (rollout): 0.44 | Loss: 0.186 | Opp label coverage: 0.84
Step 2095897/5000000 | Win rate (rollout): 0.44 | Loss: 0.095 | Opp label coverage: 0.88
Step 2096409/5000000 | Win rate (rollout): 0.38 | Loss: 0.185 | Opp label coverage: 0.85
Step 2096921/5000000 | Win rate (rollout): 0.73 | Loss: 0.152 | Opp label coverage: 0.88
Step 2097433/5000000 | Win rate (rollout): 0.70 | Loss: 0.168 | Opp label coverage: 0.86
Step 2097945/5000000 | Win rate (rollout): 0.25 | Loss: 0.165 | Opp label coverage: 0.84
Step 2098459/5000000 | Win rate (rollout): 0.42 | Loss: 0.210 | Opp label coverage: 0.88
Step 2098972/5000000 | Win rate (rollout): 0.62 | Loss: 0.219 | Opp label coverage: 0.89
Step 2099484/5000000 | Win rate (rollout): 0.23 | Loss: 0.177 | Opp label coverage: 0.84
Step 2099996/5000000 | Win rate (rollout): 0.31 | Loss: 0.186 | Opp label coverage: 0.80
[checkpoint] Saved /Users/laithassaf/Documents/Programs/Archived/pokemon-showdown/models/ppo/checkpoints/opp/ppo_step_2100284.pt
Step 2100512/5000000 | Win rate (rollout): 0.56 | Loss: 0.192 | Opp label coverage: 0.89
Step 2101024/5000000 | Win rate (rollout): 0.62 | Loss: 0.160 | Opp label coverage: 0.81
Step 2101536/5000000 | Win rate (rollout): 0.75 | Loss: 0.195 | Opp label coverage: 0.85
Step 2102051/5000000 | Win rate (rollout): 0.86 | Loss: 0.114 | Opp label coverage: 0.91
Step 2102563/5000000 | Win rate (rollout): 0.42 | Loss: 0.185 | Opp label coverage: 0.85
Step 2103075/5000000 | Win rate (rollout): 0.44 | Loss: 0.203 | Opp label coverage: 0.81
Step 2103587/5000000 | Win rate (rollout): 0.83 | Loss: 0.181 | Opp label coverage: 0.87
Step 2104102/5000000 | Win rate (rollout): 0.20 | Loss: 0.184 | Opp label coverage: 0.88
Step 2104614/5000000 | Win rate (rollout): 0.54 | Loss: 0.160 | Opp label coverage: 0.89
Step 2105126/5000000 | Win rate (rollout): 0.62 | Loss: 0.202 | Opp label coverage: 0.82
Step 2105644/5000000 | Win rate (rollout): 0.38 | Loss: 0.100 | Opp label coverage: 0.89
Step 2106158/5000000 | Win rate (rollout): 0.53 | Loss: 0.114 | Opp label coverage: 0.89
Step 2106670/5000000 | Win rate (rollout): 0.47 | Loss: 0.192 | Opp label coverage: 0.83
Step 2107182/5000000 | Win rate (rollout): 0.31 | Loss: 0.178 | Opp label coverage: 0.81
Step 2107694/5000000 | Win rate (rollout): 0.62 | Loss: 0.211 | Opp label coverage: 0.78
Step 2108209/5000000 | Win rate (rollout): 0.22 | Loss: 0.203 | Opp label coverage: 0.89
Step 2108725/5000000 | Win rate (rollout): 0.38 | Loss: 0.157 | Opp label coverage: 0.89
Step 2109239/5000000 | Win rate (rollout): 0.67 | Loss: 0.163 | Opp label coverage: 0.90
Step 2109758/5000000 | Win rate (rollout): 0.43 | Loss: 0.167 | Opp label coverage: 0.89
Step 2110273/5000000 | Win rate (rollout): 0.43 | Loss: 0.086 | Opp label coverage: 0.88
Step 2110785/5000000 | Win rate (rollout): 0.36 | Loss: 0.181 | Opp label coverage: 0.80
Step 2111297/5000000 | Win rate (rollout): 0.25 | Loss: 0.182 | Opp label coverage: 0.85
Step 2111811/5000000 | Win rate (rollout): 0.45 | Loss: 0.150 | Opp label coverage: 0.88
Step 2112323/5000000 | Win rate (rollout): 0.44 | Loss: 0.178 | Opp label coverage: 0.86
Step 2112835/5000000 | Win rate (rollout): 0.25 | Loss: 0.177 | Opp label coverage: 0.89
Step 2113349/5000000 | Win rate (rollout): 0.50 | Loss: 0.159 | Opp label coverage: 0.90
Step 2113863/5000000 | Win rate (rollout): 0.45 | Loss: 0.205 | Opp label coverage: 0.90
Step 2114381/5000000 | Win rate (rollout): 0.43 | Loss: 0.183 | Opp label coverage: 0.90
Step 2114893/5000000 | Win rate (rollout): 0.82 | Loss: 0.163 | Opp label coverage: 0.92
Step 2115407/5000000 | Win rate (rollout): 0.57 | Loss: 0.173 | Opp label coverage: 0.90
Step 2115924/5000000 | Win rate (rollout): 0.67 | Loss: 0.141 | Opp label coverage: 0.89
Step 2116436/5000000 | Win rate (rollout): 0.75 | Loss: 0.177 | Opp label coverage: 0.82
Step 2116949/5000000 | Win rate (rollout): 0.64 | Loss: 0.085 | Opp label coverage: 0.88
Step 2117461/5000000 | Win rate (rollout): 0.27 | Loss: 0.173 | Opp label coverage: 0.81
Step 2117973/5000000 | Win rate (rollout): 0.53 | Loss: 0.169 | Opp label coverage: 0.73
Step 2118485/5000000 | Win rate (rollout): 0.50 | Loss: 0.181 | Opp label coverage: 0.83
Step 2118997/5000000 | Win rate (rollout): 0.21 | Loss: 0.206 | Opp label coverage: 0.84
Step 2119509/5000000 | Win rate (rollout): 0.80 | Loss: 0.187 | Opp label coverage: 0.89
Step 2120021/5000000 | Win rate (rollout): 0.57 | Loss: 0.169 | Opp label coverage: 0.80
Step 2120533/5000000 | Win rate (rollout): 0.88 | Loss: 0.177 | Opp label coverage: 0.86
Step 2121046/5000000 | Win rate (rollout): 0.12 | Loss: 0.072 | Opp label coverage: 0.89
Step 2121558/5000000 | Win rate (rollout): 0.67 | Loss: 0.159 | Opp label coverage: 0.80
Step 2122070/5000000 | Win rate (rollout): 0.21 | Loss: 0.170 | Opp label coverage: 0.86
Step 2122582/5000000 | Win rate (rollout): 0.38 | Loss: 0.189 | Opp label coverage: 0.83
Step 2123097/5000000 | Win rate (rollout): 0.55 | Loss: 0.207 | Opp label coverage: 0.88
Step 2123611/5000000 | Win rate (rollout): 0.53 | Loss: 0.191 | Opp label coverage: 0.88
Step 2124129/5000000 | Win rate (rollout): 0.71 | Loss: 0.183 | Opp label coverage: 0.88
Step 2124641/5000000 | Win rate (rollout): 0.57 | Loss: 0.188 | Opp label coverage: 0.85
Step 2125153/5000000 | Win rate (rollout): 0.44 | Loss: 0.212 | Opp label coverage: 0.84
[checkpoint] Saved /Users/laithassaf/Documents/Programs/Archived/pokemon-showdown/models/ppo/checkpoints/opp/ppo_step_2125289.pt
Step 2125665/5000000 | Win rate (rollout): 0.25 | Loss: 0.162 | Opp label coverage: 0.87
Step 2126177/5000000 | Win rate (rollout): 0.58 | Loss: 0.195 | Opp label coverage: 0.84
Step 2126694/5000000 | Win rate (rollout): 0.56 | Loss: 0.246 | Opp label coverage: 0.88
Step 2127206/5000000 | Win rate (rollout): 0.45 | Loss: 0.158 | Opp label coverage: 0.83
Step 2127723/5000000 | Win rate (rollout): 0.67 | Loss: 0.157 | Opp label coverage: 0.91
Step 2128240/5000000 | Win rate (rollout): 0.58 | Loss: 0.153 | Opp label coverage: 0.91
Step 2128756/5000000 | Win rate (rollout): 0.55 | Loss: 0.141 | Opp label coverage: 0.91
Step 2129272/5000000 | Win rate (rollout): 0.77 | Loss: 0.201 | Opp label coverage: 0.91
Step 2129789/5000000 | Win rate (rollout): 0.62 | Loss: 0.169 | Opp label coverage: 0.91
Step 2130301/5000000 | Win rate (rollout): 0.57 | Loss: 0.191 | Opp label coverage: 0.89
Step 2130817/5000000 | Win rate (rollout): 0.50 | Loss: 0.166 | Opp label coverage: 0.89
Step 2131329/5000000 | Win rate (rollout): 0.46 | Loss: 0.172 | Opp label coverage: 0.77
Step 2131843/5000000 | Win rate (rollout): 0.50 | Loss: 0.197 | Opp label coverage: 0.89
Step 2132355/5000000 | Win rate (rollout): 0.33 | Loss: 0.157 | Opp label coverage: 0.82
Step 2132874/5000000 | Win rate (rollout): 0.77 | Loss: 0.173 | Opp label coverage: 0.88
Step 2133389/5000000 | Win rate (rollout): 0.54 | Loss: 0.165 | Opp label coverage: 0.90
Step 2133901/5000000 | Win rate (rollout): 0.43 | Loss: 0.193 | Opp label coverage: 0.85
Step 2134413/5000000 | Win rate (rollout): 0.53 | Loss: 0.180 | Opp label coverage: 0.80
Step 2134929/5000000 | Win rate (rollout): 0.55 | Loss: 0.131 | Opp label coverage: 0.88
Step 2135441/5000000 | Win rate (rollout): 0.22 | Loss: 0.159 | Opp label coverage: 0.82
Step 2135959/5000000 | Win rate (rollout): 0.60 | Loss: 0.180 | Opp label coverage: 0.89
Step 2136472/5000000 | Win rate (rollout): 0.40 | Loss: 0.196 | Opp label coverage: 0.88
Step 2136990/5000000 | Win rate (rollout): 0.47 | Loss: 0.175 | Opp label coverage: 0.87
Step 2137505/5000000 | Win rate (rollout): 0.67 | Loss: 0.189 | Opp label coverage: 0.90
Step 2138017/5000000 | Win rate (rollout): 0.40 | Loss: 0.167 | Opp label coverage: 0.76
Step 2138529/5000000 | Win rate (rollout): 0.78 | Loss: 0.154 | Opp label coverage: 0.83
Step 2139041/5000000 | Win rate (rollout): 0.46 | Loss: 0.176 | Opp label coverage: 0.83
Step 2139553/5000000 | Win rate (rollout): 0.44 | Loss: 0.193 | Opp label coverage: 0.81
Step 2140065/5000000 | Win rate (rollout): 0.65 | Loss: 0.184 | Opp label coverage: 0.84
Step 2140584/5000000 | Win rate (rollout): 0.31 | Loss: 0.163 | Opp label coverage: 0.86
Step 2141096/5000000 | Win rate (rollout): 0.78 | Loss: 0.179 | Opp label coverage: 0.84
Step 2141608/5000000 | Win rate (rollout): 0.36 | Loss: 0.154 | Opp label coverage: 0.83
Step 2142124/5000000 | Win rate (rollout): 0.36 | Loss: 0.116 | Opp label coverage: 0.87
Step 2142637/5000000 | Win rate (rollout): 0.33 | Loss: 0.199 | Opp label coverage: 0.88
Step 2143149/5000000 | Win rate (rollout): 0.38 | Loss: 0.158 | Opp label coverage: 0.82
Step 2143661/5000000 | Win rate (rollout): 0.44 | Loss: 0.187 | Opp label coverage: 0.81
Step 2144176/5000000 | Win rate (rollout): 0.27 | Loss: 0.135 | Opp label coverage: 0.88
Step 2144692/5000000 | Win rate (rollout): 0.56 | Loss: 0.272 | Opp label coverage: 0.90
Step 2145204/5000000 | Win rate (rollout): 0.70 | Loss: 0.178 | Opp label coverage: 0.82
Step 2145716/5000000 | Win rate (rollout): 0.56 | Loss: 0.153 | Opp label coverage: 0.82
Step 2146228/5000000 | Win rate (rollout): 0.36 | Loss: 0.190 | Opp label coverage: 0.83
Step 2146740/5000000 | Win rate (rollout): 0.58 | Loss: 0.151 | Opp label coverage: 0.89
Step 2147252/5000000 | Win rate (rollout): 0.50 | Loss: 0.187 | Opp label coverage: 0.74
Step 2147769/5000000 | Win rate (rollout): 0.45 | Loss: 0.173 | Opp label coverage: 0.87
Step 2148281/5000000 | Win rate (rollout): 0.36 | Loss: 0.129 | Opp label coverage: 0.92
Step 2148795/5000000 | Win rate (rollout): 0.38 | Loss: 0.143 | Opp label coverage: 0.89
Step 2149310/5000000 | Win rate (rollout): 0.62 | Loss: 0.174 | Opp label coverage: 0.88
Step 2149823/5000000 | Win rate (rollout): 0.23 | Loss: 0.176 | Opp label coverage: 0.89
[checkpoint] Saved /Users/laithassaf/Documents/Programs/Archived/pokemon-showdown/models/ppo/checkpoints/opp/ppo_step_2150294.pt
Step 2150338/5000000 | Win rate (rollout): 0.54 | Loss: 0.140 | Opp label coverage: 0.90
Step 2150850/5000000 | Win rate (rollout): 0.50 | Loss: 0.191 | Opp label coverage: 0.80
Step 2151368/5000000 | Win rate (rollout): 0.56 | Loss: 0.207 | Opp label coverage: 0.89
Step 2151880/5000000 | Win rate (rollout): 0.43 | Loss: 0.195 | Opp label coverage: 0.86
Step 2152393/5000000 | Win rate (rollout): 0.70 | Loss: 0.121 | Opp label coverage: 0.92
Step 2152905/5000000 | Win rate (rollout): 0.54 | Loss: 0.163 | Opp label coverage: 0.87
Step 2153418/5000000 | Win rate (rollout): 0.47 | Loss: 0.094 | Opp label coverage: 0.88
Step 2153930/5000000 | Win rate (rollout): 0.08 | Loss: 0.152 | Opp label coverage: 0.82
Step 2154446/5000000 | Win rate (rollout): 0.38 | Loss: 0.138 | Opp label coverage: 0.89
Step 2154963/5000000 | Win rate (rollout): 0.33 | Loss: 0.188 | Opp label coverage: 0.88
Step 2155475/5000000 | Win rate (rollout): 0.33 | Loss: 0.162 | Opp label coverage: 0.80
Step 2155987/5000000 | Win rate (rollout): 0.46 | Loss: 0.229 | Opp label coverage: 0.84
Step 2156499/5000000 | Win rate (rollout): 0.60 | Loss: 0.169 | Opp label coverage: 0.86
Step 2157017/5000000 | Win rate (rollout): 0.44 | Loss: 0.119 | Opp label coverage: 0.90
Step 2157529/5000000 | Win rate (rollout): 0.78 | Loss: 0.171 | Opp label coverage: 0.85
Step 2158047/5000000 | Win rate (rollout): 0.50 | Loss: 0.154 | Opp label coverage: 0.86
Step 2158559/5000000 | Win rate (rollout): 0.50 | Loss: 0.171 | Opp label coverage: 0.88
Step 2159074/5000000 | Win rate (rollout): 0.53 | Loss: 0.178 | Opp label coverage: 0.89
Step 2159588/5000000 | Win rate (rollout): 0.33 | Loss: 0.155 | Opp label coverage: 0.89
Step 2160106/5000000 | Win rate (rollout): 0.50 | Loss: 0.199 | Opp label coverage: 0.89
Step 2160620/5000000 | Win rate (rollout): 0.46 | Loss: 0.258 | Opp label coverage: 0.90
Step 2161132/5000000 | Win rate (rollout): 0.44 | Loss: 0.152 | Opp label coverage: 0.92
Step 2161650/5000000 | Win rate (rollout): 0.33 | Loss: 0.159 | Opp label coverage: 0.92
Step 2162167/5000000 | Win rate (rollout): 0.50 | Loss: 0.174 | Opp label coverage: 0.89
Step 2162684/5000000 | Win rate (rollout): 0.57 | Loss: 0.167 | Opp label coverage: 0.89
Step 2163196/5000000 | Win rate (rollout): 0.21 | Loss: 0.180 | Opp label coverage: 0.78
Step 2163710/5000000 | Win rate (rollout): 0.60 | Loss: 0.166 | Opp label coverage: 0.91
Step 2164223/5000000 | Win rate (rollout): 0.50 | Loss: 0.028 | Opp label coverage: 0.92
Step 2164740/5000000 | Win rate (rollout): 0.69 | Loss: 0.187 | Opp label coverage: 0.90
Step 2165253/5000000 | Win rate (rollout): 0.53 | Loss: 0.218 | Opp label coverage: 0.88
Step 2165772/5000000 | Win rate (rollout): 0.23 | Loss: 0.194 | Opp label coverage: 0.88
Step 2166284/5000000 | Win rate (rollout): 0.69 | Loss: 0.202 | Opp label coverage: 0.81
Step 2166802/5000000 | Win rate (rollout): 0.56 | Loss: 0.106 | Opp label coverage: 0.90
Step 2167317/5000000 | Win rate (rollout): 0.43 | Loss: 0.197 | Opp label coverage: 0.89
Step 2167835/5000000 | Win rate (rollout): 0.62 | Loss: 0.178 | Opp label coverage: 0.88
Step 2168347/5000000 | Win rate (rollout): 0.18 | Loss: 0.166 | Opp label coverage: 0.85
Step 2168859/5000000 | Win rate (rollout): 0.29 | Loss: 0.173 | Opp label coverage: 0.90
Step 2169377/5000000 | Win rate (rollout): 0.58 | Loss: 0.195 | Opp label coverage: 0.89
Step 2169889/5000000 | Win rate (rollout): 0.50 | Loss: 0.176 | Opp label coverage: 0.82
Step 2170401/5000000 | Win rate (rollout): 0.55 | Loss: 0.173 | Opp label coverage: 0.85
Step 2170913/5000000 | Win rate (rollout): 0.62 | Loss: 0.176 | Opp label coverage: 0.81
Step 2171427/5000000 | Win rate (rollout): 0.56 | Loss: 0.193 | Opp label coverage: 0.88
Step 2171939/5000000 | Win rate (rollout): 0.43 | Loss: 0.197 | Opp label coverage: 0.81
Step 2172456/5000000 | Win rate (rollout): 0.44 | Loss: 0.172 | Opp label coverage: 0.89
Step 2172968/5000000 | Win rate (rollout): 0.50 | Loss: 0.179 | Opp label coverage: 0.84
Step 2173486/5000000 | Win rate (rollout): 0.46 | Loss: 0.185 | Opp label coverage: 0.86
Step 2174003/5000000 | Win rate (rollout): 0.38 | Loss: 0.184 | Opp label coverage: 0.88
Step 2174515/5000000 | Win rate (rollout): 0.43 | Loss: 0.180 | Opp label coverage: 0.82
Step 2175027/5000000 | Win rate (rollout): 0.73 | Loss: 0.186 | Opp label coverage: 0.86
[checkpoint] Saved /Users/laithassaf/Documents/Programs/Archived/pokemon-showdown/models/ppo/checkpoints/opp/ppo_step_2175299.pt
Step 2175545/5000000 | Win rate (rollout): 0.67 | Loss: 0.188 | Opp label coverage: 0.87
Step 2176061/5000000 | Win rate (rollout): 0.57 | Loss: 0.221 | Opp label coverage: 0.89
Step 2176573/5000000 | Win rate (rollout): 0.40 | Loss: 0.165 | Opp label coverage: 0.84
Step 2177087/5000000 | Win rate (rollout): 0.55 | Loss: 0.117 | Opp label coverage: 0.88
Step 2177599/5000000 | Win rate (rollout): 0.64 | Loss: 0.226 | Opp label coverage: 0.82
Step 2178113/5000000 | Win rate (rollout): 0.58 | Loss: 0.173 | Opp label coverage: 0.88
Step 2178627/5000000 | Win rate (rollout): 0.58 | Loss: 0.198 | Opp label coverage: 0.89
Step 2179141/5000000 | Win rate (rollout): 0.27 | Loss: 0.184 | Opp label coverage: 0.89
Step 2179657/5000000 | Win rate (rollout): 0.47 | Loss: 0.182 | Opp label coverage: 0.90
Step 2180169/5000000 | Win rate (rollout): 0.50 | Loss: 0.163 | Opp label coverage: 0.81
Step 2180686/5000000 | Win rate (rollout): 0.30 | Loss: 0.140 | Opp label coverage: 0.88
Step 2181198/5000000 | Win rate (rollout): 0.62 | Loss: 0.194 | Opp label coverage: 0.82
Step 2181712/5000000 | Win rate (rollout): 0.62 | Loss: 0.210 | Opp label coverage: 0.87
Step 2182225/5000000 | Win rate (rollout): 0.54 | Loss: 0.251 | Opp label coverage: 0.88
Step 2182737/5000000 | Win rate (rollout): 0.70 | Loss: 0.190 | Opp label coverage: 0.81
Step 2183249/5000000 | Win rate (rollout): 0.50 | Loss: 0.202 | Opp label coverage: 0.85
Step 2183761/5000000 | Win rate (rollout): 0.38 | Loss: 0.174 | Opp label coverage: 0.79
Step 2184275/5000000 | Win rate (rollout): 0.86 | Loss: 0.085 | Opp label coverage: 0.92
Step 2184789/5000000 | Win rate (rollout): 0.53 | Loss: 0.151 | Opp label coverage: 0.89
Step 2185301/5000000 | Win rate (rollout): 0.43 | Loss: 0.210 | Opp label coverage: 0.83
Step 2185813/5000000 | Win rate (rollout): 0.89 | Loss: 0.176 | Opp label coverage: 0.86
Step 2186328/5000000 | Win rate (rollout): 0.45 | Loss: 0.217 | Opp label coverage: 0.87
Step 2186840/5000000 | Win rate (rollout): 0.40 | Loss: 0.181 | Opp label coverage: 0.81
Step 2187352/5000000 | Win rate (rollout): 0.30 | Loss: 0.145 | Opp label coverage: 0.76
Step 2187864/5000000 | Win rate (rollout): 0.46 | Loss: 0.171 | Opp label coverage: 0.85
Step 2188378/5000000 | Win rate (rollout): 0.33 | Loss: 0.291 | Opp label coverage: 0.88
Step 2188891/5000000 | Win rate (rollout): 0.46 | Loss: 0.220 | Opp label coverage: 0.89
Step 2189403/5000000 | Win rate (rollout): 0.60 | Loss: 0.226 | Opp label coverage: 0.86
Step 2189917/5000000 | Win rate (rollout): 0.40 | Loss: 0.202 | Opp label coverage: 0.89
Step 2190429/5000000 | Win rate (rollout): 0.67 | Loss: 0.175 | Opp label coverage: 0.83
Step 2190946/5000000 | Win rate (rollout): 0.69 | Loss: 0.156 | Opp label coverage: 0.88
Step 2191458/5000000 | Win rate (rollout): 0.50 | Loss: 0.233 | Opp label coverage: 0.81
Step 2191970/5000000 | Win rate (rollout): 0.33 | Loss: 0.176 | Opp label coverage: 0.85
Step 2192485/5000000 | Win rate (rollout): 0.44 | Loss: 0.158 | Opp label coverage: 0.90
Step 2193000/5000000 | Win rate (rollout): 0.64 | Loss: 0.217 | Opp label coverage: 0.89
Step 2193512/5000000 | Win rate (rollout): 0.50 | Loss: 0.200 | Opp label coverage: 0.87
Step 2194024/5000000 | Win rate (rollout): 0.69 | Loss: 0.195 | Opp label coverage: 0.86
Step 2194536/5000000 | Win rate (rollout): 0.70 | Loss: 0.158 | Opp label coverage: 0.83
Step 2195048/5000000 | Win rate (rollout): 0.29 | Loss: 0.215 | Opp label coverage: 0.83
Step 2195561/5000000 | Win rate (rollout): 0.42 | Loss: 0.001 | Opp label coverage: 0.87
Step 2196074/5000000 | Win rate (rollout): 0.62 | Loss: 0.263 | Opp label coverage: 0.88
Step 2196593/5000000 | Win rate (rollout): 0.43 | Loss: 0.244 | Opp label coverage: 0.88
Step 2197105/5000000 | Win rate (rollout): 0.60 | Loss: 0.159 | Opp label coverage: 0.84
Step 2197617/5000000 | Win rate (rollout): 0.75 | Loss: 0.160 | Opp label coverage: 0.82
Step 2198129/5000000 | Win rate (rollout): 0.31 | Loss: 0.156 | Opp label coverage: 0.80
Step 2198648/5000000 | Win rate (rollout): 0.40 | Loss: 0.125 | Opp label coverage: 0.89
Step 2199160/5000000 | Win rate (rollout): 0.40 | Loss: 0.177 | Opp label coverage: 0.88
Step 2199672/5000000 | Win rate (rollout): 0.44 | Loss: 0.202 | Opp label coverage: 0.85
Step 2200187/5000000 | Win rate (rollout): 0.47 | Loss: 0.219 | Opp label coverage: 0.87
[checkpoint] Saved /Users/laithassaf/Documents/Programs/Archived/pokemon-showdown/models/ppo/checkpoints/opp/ppo_step_2200299.pt
Step 2200699/5000000 | Win rate (rollout): 0.67 | Loss: 0.145 | Opp label coverage: 0.81
Step 2201215/5000000 | Win rate (rollout): 0.33 | Loss: 0.176 | Opp label coverage: 0.88
Step 2201727/5000000 | Win rate (rollout): 0.78 | Loss: 0.195 | Opp label coverage: 0.82
Step 2202239/5000000 | Win rate (rollout): 0.17 | Loss: 0.169 | Opp label coverage: 0.81
Step 2202751/5000000 | Win rate (rollout): 0.31 | Loss: 0.187 | Opp label coverage: 0.84
Step 2203265/5000000 | Win rate (rollout): 0.10 | Loss: 0.223 | Opp label coverage: 0.88
Step 2203777/5000000 | Win rate (rollout): 0.60 | Loss: 0.195 | Opp label coverage: 0.85
Step 2204292/5000000 | Win rate (rollout): 0.75 | Loss: 0.156 | Opp label coverage: 0.89
Step 2204804/5000000 | Win rate (rollout): 0.21 | Loss: 0.165 | Opp label coverage: 0.83
Step 2205321/5000000 | Win rate (rollout): 0.44 | Loss: 0.137 | Opp label coverage: 0.89
Step 2205833/5000000 | Win rate (rollout): 0.33 | Loss: 0.168 | Opp label coverage: 0.84
Step 2206346/5000000 | Win rate (rollout): 0.60 | Loss: 0.203 | Opp label coverage: 0.89
Step 2206865/5000000 | Win rate (rollout): 0.33 | Loss: 0.145 | Opp label coverage: 0.88
Step 2207377/5000000 | Win rate (rollout): 0.44 | Loss: 0.204 | Opp label coverage: 0.82
Step 2207889/5000000 | Win rate (rollout): 0.50 | Loss: 0.170 | Opp label coverage: 0.84
Step 2208401/5000000 | Win rate (rollout): 0.20 | Loss: 0.158 | Opp label coverage: 0.84
Step 2208913/5000000 | Win rate (rollout): 0.40 | Loss: 0.183 | Opp label coverage: 0.90
Step 2209425/5000000 | Win rate (rollout): 0.21 | Loss: 0.167 | Opp label coverage: 0.83
Step 2209937/5000000 | Win rate (rollout): 0.11 | Loss: 0.161 | Opp label coverage: 0.87
Step 2210449/5000000 | Win rate (rollout): 0.67 | Loss: 0.196 | Opp label coverage: 0.85
Step 2210961/5000000 | Win rate (rollout): 0.38 | Loss: 0.169 | Opp label coverage: 0.78
Step 2211474/5000000 | Win rate (rollout): 0.42 | Loss: 0.192 | Opp label coverage: 0.87
Step 2211986/5000000 | Win rate (rollout): 0.23 | Loss: 0.191 | Opp label coverage: 0.82
Step 2212498/5000000 | Win rate (rollout): 0.70 | Loss: 0.156 | Opp label coverage: 0.85
Step 2213017/5000000 | Win rate (rollout): 0.60 | Loss: 0.201 | Opp label coverage: 0.89
Step 2213529/5000000 | Win rate (rollout): 0.08 | Loss: 0.173 | Opp label coverage: 0.80
Step 2214044/5000000 | Win rate (rollout): 0.56 | Loss: 0.115 | Opp label coverage: 0.87
Step 2214558/5000000 | Win rate (rollout): 0.33 | Loss: 0.108 | Opp label coverage: 0.90
Step 2215075/5000000 | Win rate (rollout): 0.20 | Loss: 0.174 | Opp label coverage: 0.91
Step 2215587/5000000 | Win rate (rollout): 0.44 | Loss: 0.149 | Opp label coverage: 0.81
Step 2216099/5000000 | Win rate (rollout): 0.30 | Loss: 0.168 | Opp label coverage: 0.85
Step 2216611/5000000 | Win rate (rollout): 0.35 | Loss: 0.199 | Opp label coverage: 0.79
Step 2217123/5000000 | Win rate (rollout): 0.31 | Loss: 0.149 | Opp label coverage: 0.83
Step 2217635/5000000 | Win rate (rollout): 0.59 | Loss: 0.153 | Opp label coverage: 0.84
Step 2218152/5000000 | Win rate (rollout): 0.58 | Loss: 0.210 | Opp label coverage: 0.88
Step 2218664/5000000 | Win rate (rollout): 0.09 | Loss: 0.168 | Opp label coverage: 0.86
Step 2219176/5000000 | Win rate (rollout): 0.31 | Loss: 0.200 | Opp label coverage: 0.86
Step 2219695/5000000 | Win rate (rollout): 0.56 | Loss: 0.142 | Opp label coverage: 0.89
Step 2220207/5000000 | Win rate (rollout): 0.43 | Loss: 0.195 | Opp label coverage: 0.84
Step 2220719/5000000 | Win rate (rollout): 1.00 | Loss: 0.151 | Opp label coverage: 0.83
Step 2221231/5000000 | Win rate (rollout): 0.57 | Loss: 0.189 | Opp label coverage: 0.81
Step 2221748/5000000 | Win rate (rollout): 0.38 | Loss: 0.169 | Opp label coverage: 0.89
Step 2222260/5000000 | Win rate (rollout): 0.33 | Loss: 0.177 | Opp label coverage: 0.81
Step 2222779/5000000 | Win rate (rollout): 0.36 | Loss: 0.208 | Opp label coverage: 0.87
Step 2223291/5000000 | Win rate (rollout): 0.46 | Loss: 0.178 | Opp label coverage: 0.83
Step 2223808/5000000 | Win rate (rollout): 0.33 | Loss: 0.205 | Opp label coverage: 0.88
Step 2224324/5000000 | Win rate (rollout): 0.47 | Loss: 0.156 | Opp label coverage: 0.91
Step 2224836/5000000 | Win rate (rollout): 0.27 | Loss: 0.177 | Opp label coverage: 0.81
[checkpoint] Saved /Users/laithassaf/Documents/Programs/Archived/pokemon-showdown/models/ppo/checkpoints/opp/ppo_step_2225302.pt
Step 2225348/5000000 | Win rate (rollout): 0.44 | Loss: 0.178 | Opp label coverage: 0.88
Step 2225864/5000000 | Win rate (rollout): 0.67 | Loss: 0.183 | Opp label coverage: 0.90
Step 2226376/5000000 | Win rate (rollout): 0.33 | Loss: 0.156 | Opp label coverage: 0.85
Step 2226888/5000000 | Win rate (rollout): 0.46 | Loss: 0.205 | Opp label coverage: 0.83
Step 2227400/5000000 | Win rate (rollout): 0.62 | Loss: 0.157 | Opp label coverage: 0.82
Step 2227912/5000000 | Win rate (rollout): 0.40 | Loss: 0.164 | Opp label coverage: 0.85
Step 2228424/5000000 | Win rate (rollout): 0.38 | Loss: 0.175 | Opp label coverage: 0.81
Step 2228936/5000000 | Win rate (rollout): 0.33 | Loss: 0.143 | Opp label coverage: 0.81
Step 2229448/5000000 | Win rate (rollout): 0.27 | Loss: 0.170 | Opp label coverage: 0.86
Step 2229960/5000000 | Win rate (rollout): 0.25 | Loss: 0.168 | Opp label coverage: 0.81
Step 2230472/5000000 | Win rate (rollout): 0.60 | Loss: 0.166 | Opp label coverage: 0.81
Step 2230988/5000000 | Win rate (rollout): 0.44 | Loss: 0.142 | Opp label coverage: 0.89
Step 2231507/5000000 | Win rate (rollout): 0.56 | Loss: 0.165 | Opp label coverage: 0.88
Step 2232019/5000000 | Win rate (rollout): 0.31 | Loss: 0.157 | Opp label coverage: 0.84
Step 2232531/5000000 | Win rate (rollout): 0.53 | Loss: 0.209 | Opp label coverage: 0.81
Step 2233048/5000000 | Win rate (rollout): 0.40 | Loss: 0.235 | Opp label coverage: 0.90
Step 2233560/5000000 | Win rate (rollout): 0.69 | Loss: 0.170 | Opp label coverage: 0.83
Step 2234076/5000000 | Win rate (rollout): 0.20 | Loss: 0.145 | Opp label coverage: 0.88
Step 2234588/5000000 | Win rate (rollout): 0.71 | Loss: 0.159 | Opp label coverage: 0.89
Step 2235100/5000000 | Win rate (rollout): 0.57 | Loss: 0.176 | Opp label coverage: 0.79
Step 2235612/5000000 | Win rate (rollout): 0.73 | Loss: 0.188 | Opp label coverage: 0.89
Step 2236124/5000000 | Win rate (rollout): 0.33 | Loss: 0.184 | Opp label coverage: 0.85
Step 2236638/5000000 | Win rate (rollout): 0.50 | Loss: 0.195 | Opp label coverage: 0.86
Step 2237152/5000000 | Win rate (rollout): 0.31 | Loss: 0.133 | Opp label coverage: 0.89
Step 2237664/5000000 | Win rate (rollout): 0.69 | Loss: 0.209 | Opp label coverage: 0.82
Step 2238181/5000000 | Win rate (rollout): 0.67 | Loss: 0.144 | Opp label coverage: 0.89
Step 2238697/5000000 | Win rate (rollout): 0.23 | Loss: 0.158 | Opp label coverage: 0.88
Step 2239209/5000000 | Win rate (rollout): 0.44 | Loss: 0.161 | Opp label coverage: 0.84
Step 2239724/5000000 | Win rate (rollout): 0.33 | Loss: 0.173 | Opp label coverage: 0.88
Step 2240236/5000000 | Win rate (rollout): 0.50 | Loss: 0.157 | Opp label coverage: 0.86
Step 2240748/5000000 | Win rate (rollout): 0.36 | Loss: 0.183 | Opp label coverage: 0.82
Step 2241260/5000000 | Win rate (rollout): 0.64 | Loss: 0.158 | Opp label coverage: 0.84
Step 2241776/5000000 | Win rate (rollout): 0.57 | Loss: 0.205 | Opp label coverage: 0.88
Step 2242288/5000000 | Win rate (rollout): 0.36 | Loss: 0.232 | Opp label coverage: 0.86
Step 2242805/5000000 | Win rate (rollout): 0.50 | Loss: 0.140 | Opp label coverage: 0.90
Step 2243317/5000000 | Win rate (rollout): 0.42 | Loss: 0.185 | Opp label coverage: 0.82
Step 2243835/5000000 | Win rate (rollout): 0.56 | Loss: 0.176 | Opp label coverage: 0.87
Step 2244352/5000000 | Win rate (rollout): 0.67 | Loss: 0.112 | Opp label coverage: 0.89
Step 2244864/5000000 | Win rate (rollout): 0.45 | Loss: 0.186 | Opp label coverage: 0.84
Step 2245379/5000000 | Win rate (rollout): 0.64 | Loss: 0.197 | Opp label coverage: 0.88
Step 2245898/5000000 | Win rate (rollout): 0.67 | Loss: 0.174 | Opp label coverage: 0.90
Step 2246410/5000000 | Win rate (rollout): 0.57 | Loss: 0.172 | Opp label coverage: 0.88
Step 2246922/5000000 | Win rate (rollout): 0.23 | Loss: 0.216 | Opp label coverage: 0.83
Step 2247435/5000000 | Win rate (rollout): 0.77 | Loss: 0.098 | Opp label coverage: 0.89
Step 2247953/5000000 | Win rate (rollout): 0.31 | Loss: 0.206 | Opp label coverage: 0.87
Step 2248468/5000000 | Win rate (rollout): 0.46 | Loss: 0.112 | Opp label coverage: 0.90
Step 2248981/5000000 | Win rate (rollout): 0.46 | Loss: 0.094 | Opp label coverage: 0.88
Step 2249493/5000000 | Win rate (rollout): 0.75 | Loss: 0.182 | Opp label coverage: 0.85
Step 2250005/5000000 | Win rate (rollout): 0.83 | Loss: 0.175 | Opp label coverage: 0.89
[checkpoint] Saved /Users/laithassaf/Documents/Programs/Archived/pokemon-showdown/models/ppo/checkpoints/opp/ppo_step_2250307.pt
Step 2250520/5000000 | Win rate (rollout): 0.40 | Loss: 0.193 | Opp label coverage: 0.89
Step 2251035/5000000 | Win rate (rollout): 0.77 | Loss: 0.151 | Opp label coverage: 0.91
Step 2251547/5000000 | Win rate (rollout): 0.56 | Loss: 0.162 | Opp label coverage: 0.79
Step 2252059/5000000 | Win rate (rollout): 0.53 | Loss: 0.184 | Opp label coverage: 0.84
Step 2252571/5000000 | Win rate (rollout): 0.31 | Loss: 0.182 | Opp label coverage: 0.79
Step 2253083/5000000 | Win rate (rollout): 0.40 | Loss: 0.155 | Opp label coverage: 0.80
Step 2253595/5000000 | Win rate (rollout): 0.56 | Loss: 0.195 | Opp label coverage: 0.83
Step 2254107/5000000 | Win rate (rollout): 0.44 | Loss: 0.162 | Opp label coverage: 0.82
Step 2254621/5000000 | Win rate (rollout): 0.50 | Loss: 0.186 | Opp label coverage: 0.88
Step 2255133/5000000 | Win rate (rollout): 0.42 | Loss: 0.182 | Opp label coverage: 0.86
Step 2255645/5000000 | Win rate (rollout): 0.25 | Loss: 0.172 | Opp label coverage: 0.81
Step 2256162/5000000 | Win rate (rollout): 0.92 | Loss: 0.181 | Opp label coverage: 0.91
Step 2256678/5000000 | Win rate (rollout): 0.67 | Loss: 0.191 | Opp label coverage: 0.90
Step 2257190/5000000 | Win rate (rollout): 0.60 | Loss: 0.180 | Opp label coverage: 0.82
Step 2257702/5000000 | Win rate (rollout): 0.50 | Loss: 0.184 | Opp label coverage: 0.88
Step 2258214/5000000 | Win rate (rollout): 0.46 | Loss: 0.170 | Opp label coverage: 0.84
Step 2258729/5000000 | Win rate (rollout): 0.31 | Loss: 0.195 | Opp label coverage: 0.85
Step 2259241/5000000 | Win rate (rollout): 0.38 | Loss: 0.157 | Opp label coverage: 0.84
Step 2259754/5000000 | Win rate (rollout): 0.46 | Loss: 0.130 | Opp label coverage: 0.88
Step 2260266/5000000 | Win rate (rollout): 0.43 | Loss: 0.198 | Opp label coverage: 0.80
Step 2260778/5000000 | Win rate (rollout): 0.27 | Loss: 0.191 | Opp label coverage: 0.79
Step 2261290/5000000 | Win rate (rollout): 0.38 | Loss: 0.163 | Opp label coverage: 0.82
Step 2261807/5000000 | Win rate (rollout): 0.71 | Loss: 0.127 | Opp label coverage: 0.90
Step 2262323/5000000 | Win rate (rollout): 0.50 | Loss: 0.204 | Opp label coverage: 0.89
Step 2262835/5000000 | Win rate (rollout): 0.64 | Loss: 0.156 | Opp label coverage: 0.85
Step 2263347/5000000 | Win rate (rollout): 0.71 | Loss: 0.194 | Opp label coverage: 0.86
Step 2263865/5000000 | Win rate (rollout): 0.70 | Loss: 0.178 | Opp label coverage: 0.89
Step 2264377/5000000 | Win rate (rollout): 0.31 | Loss: 0.198 | Opp label coverage: 0.84
Step 2264891/5000000 | Win rate (rollout): 0.56 | Loss: 0.199 | Opp label coverage: 0.88
Step 2265405/5000000 | Win rate (rollout): 0.50 | Loss: 0.132 | Opp label coverage: 0.91
Step 2265917/5000000 | Win rate (rollout): 0.57 | Loss: 0.185 | Opp label coverage: 0.81
Step 2266431/5000000 | Win rate (rollout): 0.45 | Loss: 0.175 | Opp label coverage: 0.88
Step 2266943/5000000 | Win rate (rollout): 0.50 | Loss: 0.190 | Opp label coverage: 0.83
Step 2267462/5000000 | Win rate (rollout): 0.50 | Loss: 0.143 | Opp label coverage: 0.89
Step 2267974/5000000 | Win rate (rollout): 0.43 | Loss: 0.204 | Opp label coverage: 0.81
Step 2268486/5000000 | Win rate (rollout): 0.44 | Loss: 0.198 | Opp label coverage: 0.83
Step 2268998/5000000 | Win rate (rollout): 0.40 | Loss: 0.173 | Opp label coverage: 0.89
Step 2269511/5000000 | Win rate (rollout): 0.62 | Loss: 0.164 | Opp label coverage: 0.89
Step 2270023/5000000 | Win rate (rollout): 0.38 | Loss: 0.211 | Opp label coverage: 0.83
Step 2270538/5000000 | Win rate (rollout): 0.56 | Loss: 0.143 | Opp label coverage: 0.88
Step 2271057/5000000 | Win rate (rollout): 0.54 | Loss: 0.145 | Opp label coverage: 0.90
Step 2271572/5000000 | Win rate (rollout): 0.33 | Loss: 0.107 | Opp label coverage: 0.89
Step 2272084/5000000 | Win rate (rollout): 0.53 | Loss: 0.177 | Opp label coverage: 0.89
Step 2272597/5000000 | Win rate (rollout): 0.67 | Loss: 0.103 | Opp label coverage: 0.89
Step 2273112/5000000 | Win rate (rollout): 0.50 | Loss: 0.141 | Opp label coverage: 0.89
Step 2273626/5000000 | Win rate (rollout): 0.43 | Loss: 0.205 | Opp label coverage: 0.88
Step 2274138/5000000 | Win rate (rollout): 0.78 | Loss: 0.166 | Opp label coverage: 0.79
Step 2274653/5000000 | Win rate (rollout): 0.44 | Loss: 0.116 | Opp label coverage: 0.89
Step 2275165/5000000 | Win rate (rollout): 0.43 | Loss: 0.225 | Opp label coverage: 0.84
[checkpoint] Saved /Users/laithassaf/Documents/Programs/Archived/pokemon-showdown/models/ppo/checkpoints/opp/ppo_step_2275307.pt
Step 2275679/5000000 | Win rate (rollout): 0.27 | Loss: 0.223 | Opp label coverage: 0.89
Step 2276191/5000000 | Win rate (rollout): 0.36 | Loss: 0.214 | Opp label coverage: 0.83
Step 2276703/5000000 | Win rate (rollout): 0.70 | Loss: 0.167 | Opp label coverage: 0.79
Step 2277215/5000000 | Win rate (rollout): 0.50 | Loss: 0.211 | Opp label coverage: 0.86
Step 2277727/5000000 | Win rate (rollout): 0.31 | Loss: 0.199 | Opp label coverage: 0.83
Step 2278241/5000000 | Win rate (rollout): 0.33 | Loss: 0.122 | Opp label coverage: 0.88
Step 2278753/5000000 | Win rate (rollout): 0.55 | Loss: 0.195 | Opp label coverage: 0.82
Step 2279271/5000000 | Win rate (rollout): 0.56 | Loss: 0.127 | Opp label coverage: 0.87
Step 2279783/5000000 | Win rate (rollout): 0.23 | Loss: 0.181 | Opp label coverage: 0.79
Step 2280300/5000000 | Win rate (rollout): 0.73 | Loss: 0.183 | Opp label coverage: 0.89
Step 2280812/5000000 | Win rate (rollout): 0.07 | Loss: 0.192 | Opp label coverage: 0.81
Step 2281324/5000000 | Win rate (rollout): 0.73 | Loss: 0.199 | Opp label coverage: 0.84
Step 2281836/5000000 | Win rate (rollout): 0.58 | Loss: 0.154 | Opp label coverage: 0.86
Step 2282354/5000000 | Win rate (rollout): 0.75 | Loss: 0.164 | Opp label coverage: 0.88
Step 2282866/5000000 | Win rate (rollout): 0.50 | Loss: 0.197 | Opp label coverage: 0.81
Step 2283378/5000000 | Win rate (rollout): 0.45 | Loss: 0.221 | Opp label coverage: 0.86
Step 2283893/5000000 | Win rate (rollout): 0.79 | Loss: 0.113 | Opp label coverage: 0.89
Step 2284406/5000000 | Win rate (rollout): 0.40 | Loss: 0.179 | Opp label coverage: 0.89
Step 2284924/5000000 | Win rate (rollout): 0.64 | Loss: 0.163 | Opp label coverage: 0.89
Step 2285441/5000000 | Win rate (rollout): 0.60 | Loss: 0.185 | Opp label coverage: 0.91
Step 2285953/5000000 | Win rate (rollout): 0.25 | Loss: 0.198 | Opp label coverage: 0.80
Step 2286465/5000000 | Win rate (rollout): 0.67 | Loss: 0.190 | Opp label coverage: 0.82
Step 2286983/5000000 | Win rate (rollout): 0.62 | Loss: 0.232 | Opp label coverage: 0.86
Step 2287495/5000000 | Win rate (rollout): 0.60 | Loss: 0.178 | Opp label coverage: 0.82
Step 2288007/5000000 | Win rate (rollout): 0.50 | Loss: 0.216 | Opp label coverage: 0.80
Step 2288519/5000000 | Win rate (rollout): 0.33 | Loss: 0.169 | Opp label coverage: 0.84
Step 2289031/5000000 | Win rate (rollout): 0.38 | Loss: 0.169 | Opp label coverage: 0.87
Step 2289543/5000000 | Win rate (rollout): 0.60 | Loss: 0.176 | Opp label coverage: 0.84
Step 2290055/5000000 | Win rate (rollout): 0.45 | Loss: 0.159 | Opp label coverage: 0.88
Step 2290568/5000000 | Win rate (rollout): 0.60 | Loss: 0.121 | Opp label coverage: 0.89
Step 2291086/5000000 | Win rate (rollout): 0.38 | Loss: 0.159 | Opp label coverage: 0.88
Step 2291598/5000000 | Win rate (rollout): 0.47 | Loss: 0.152 | Opp label coverage: 0.88
Step 2292111/5000000 | Win rate (rollout): 0.38 | Loss: 0.301 | Opp label coverage: 0.87
Step 2292627/5000000 | Win rate (rollout): 0.64 | Loss: 0.186 | Opp label coverage: 0.89
Step 2293139/5000000 | Win rate (rollout): 0.42 | Loss: 0.176 | Opp label coverage: 0.80
Step 2293657/5000000 | Win rate (rollout): 0.50 | Loss: 0.172 | Opp label coverage: 0.88
Step 2294173/5000000 | Win rate (rollout): 0.42 | Loss: 0.155 | Opp label coverage: 0.91
Step 2294685/5000000 | Win rate (rollout): 0.36 | Loss: 0.182 | Opp label coverage: 0.82
Step 2295201/5000000 | Win rate (rollout): 0.78 | Loss: 0.146 | Opp label coverage: 0.90
Step 2295719/5000000 | Win rate (rollout): 0.57 | Loss: 0.163 | Opp label coverage: 0.89
Step 2296231/5000000 | Win rate (rollout): 0.60 | Loss: 0.172 | Opp label coverage: 0.84
Step 2296743/5000000 | Win rate (rollout): 0.46 | Loss: 0.200 | Opp label coverage: 0.81
Step 2297255/5000000 | Win rate (rollout): 0.50 | Loss: 0.170 | Opp label coverage: 0.83
Step 2297767/5000000 | Win rate (rollout): 0.20 | Loss: 0.212 | Opp label coverage: 0.83
Step 2298282/5000000 | Win rate (rollout): 0.58 | Loss: 0.118 | Opp label coverage: 0.88
Step 2298797/5000000 | Win rate (rollout): 0.46 | Loss: 0.213 | Opp label coverage: 0.89
Step 2299313/5000000 | Win rate (rollout): 0.14 | Loss: 0.145 | Opp label coverage: 0.85
Step 2299830/5000000 | Win rate (rollout): 0.33 | Loss: 0.179 | Opp label coverage: 0.89
[checkpoint] Saved /Users/laithassaf/Documents/Programs/Archived/pokemon-showdown/models/ppo/checkpoints/opp/ppo_step_2300310.pt
Step 2300342/5000000 | Win rate (rollout): 0.38 | Loss: 0.164 | Opp label coverage: 0.85
Step 2300855/5000000 | Win rate (rollout): 0.44 | Loss: 0.176 | Opp label coverage: 0.90
Step 2301370/5000000 | Win rate (rollout): 0.71 | Loss: 0.140 | Opp label coverage: 0.89
Step 2301888/5000000 | Win rate (rollout): 0.44 | Loss: 0.162 | Opp label coverage: 0.89
Step 2302403/5000000 | Win rate (rollout): 0.27 | Loss: 0.150 | Opp label coverage: 0.88
Step 2302918/5000000 | Win rate (rollout): 0.56 | Loss: 0.160 | Opp label coverage: 0.89
Step 2303430/5000000 | Win rate (rollout): 0.33 | Loss: 0.154 | Opp label coverage: 0.84
Step 2303942/5000000 | Win rate (rollout): 0.62 | Loss: 0.201 | Opp label coverage: 0.84
Step 2304454/5000000 | Win rate (rollout): 0.60 | Loss: 0.174 | Opp label coverage: 0.88
Step 2304966/5000000 | Win rate (rollout): 0.27 | Loss: 0.190 | Opp label coverage: 0.79
Step 2305483/5000000 | Win rate (rollout): 0.62 | Loss: 0.147 | Opp label coverage: 0.89
Step 2306000/5000000 | Win rate (rollout): 0.45 | Loss: 0.147 | Opp label coverage: 0.91
Step 2306512/5000000 | Win rate (rollout): 0.64 | Loss: 0.202 | Opp label coverage: 0.91
Step 2307024/5000000 | Win rate (rollout): 0.33 | Loss: 0.187 | Opp label coverage: 0.81
Step 2307543/5000000 | Win rate (rollout): 0.62 | Loss: 0.150 | Opp label coverage: 0.86
Step 2308058/5000000 | Win rate (rollout): 0.53 | Loss: 0.147 | Opp label coverage: 0.88
Step 2308570/5000000 | Win rate (rollout): 0.67 | Loss: 0.211 | Opp label coverage: 0.79
Step 2309083/5000000 | Win rate (rollout): 0.40 | Loss: 0.301 | Opp label coverage: 0.88
Step 2309598/5000000 | Win rate (rollout): 0.33 | Loss: 0.272 | Opp label coverage: 0.89
Step 2310110/5000000 | Win rate (rollout): 0.44 | Loss: 0.178 | Opp label coverage: 0.85
Step 2310628/5000000 | Win rate (rollout): 0.73 | Loss: 0.153 | Opp label coverage: 0.89
Step 2311140/5000000 | Win rate (rollout): 0.25 | Loss: 0.180 | Opp label coverage: 0.85
Step 2311656/5000000 | Win rate (rollout): 0.18 | Loss: 0.199 | Opp label coverage: 0.88
Step 2312168/5000000 | Win rate (rollout): 0.38 | Loss: 0.175 | Opp label coverage: 0.84
Step 2312680/5000000 | Win rate (rollout): 0.36 | Loss: 0.192 | Opp label coverage: 0.83
Step 2313198/5000000 | Win rate (rollout): 0.50 | Loss: 0.179 | Opp label coverage: 0.89
Step 2313710/5000000 | Win rate (rollout): 0.62 | Loss: 0.208 | Opp label coverage: 0.83
Step 2314222/5000000 | Win rate (rollout): 0.43 | Loss: 0.182 | Opp label coverage: 0.79
Step 2314738/5000000 | Win rate (rollout): 0.09 | Loss: 0.104 | Opp label coverage: 0.88
Step 2315250/5000000 | Win rate (rollout): 0.56 | Loss: 0.204 | Opp label coverage: 0.85
Step 2315767/5000000 | Win rate (rollout): 0.31 | Loss: 0.212 | Opp label coverage: 0.88
Step 2316282/5000000 | Win rate (rollout): 0.54 | Loss: 0.107 | Opp label coverage: 0.87
Step 2316794/5000000 | Win rate (rollout): 0.43 | Loss: 0.223 | Opp label coverage: 0.81
Step 2317306/5000000 | Win rate (rollout): 0.47 | Loss: 0.209 | Opp label coverage: 0.86
Step 2317823/5000000 | Win rate (rollout): 0.67 | Loss: 0.173 | Opp label coverage: 0.91
Step 2318338/5000000 | Win rate (rollout): 0.47 | Loss: 0.144 | Opp label coverage: 0.89
Step 2318851/5000000 | Win rate (rollout): 0.36 | Loss: 0.255 | Opp label coverage: 0.89
Step 2319366/5000000 | Win rate (rollout): 0.38 | Loss: 0.156 | Opp label coverage: 0.89
Step 2319878/5000000 | Win rate (rollout): 0.46 | Loss: 0.188 | Opp label coverage: 0.83
Step 2320390/5000000 | Win rate (rollout): 0.29 | Loss: 0.184 | Opp label coverage: 0.83
Step 2320905/5000000 | Win rate (rollout): 0.50 | Loss: 0.168 | Opp label coverage: 0.89
Step 2321417/5000000 | Win rate (rollout): 0.46 | Loss: 0.200 | Opp label coverage: 0.82
Step 2321929/5000000 | Win rate (rollout): 0.53 | Loss: 0.204 | Opp label coverage: 0.80
Step 2322441/5000000 | Win rate (rollout): 0.31 | Loss: 0.178 | Opp label coverage: 0.81
Step 2322953/5000000 | Win rate (rollout): 0.40 | Loss: 0.200 | Opp label coverage: 0.79
Step 2323466/5000000 | Win rate (rollout): 0.42 | Loss: 0.151 | Opp label coverage: 0.88
Step 2323978/5000000 | Win rate (rollout): 0.46 | Loss: 0.201 | Opp label coverage: 0.82
Step 2324490/5000000 | Win rate (rollout): 0.47 | Loss: 0.207 | Opp label coverage: 0.83
Step 2325002/5000000 | Win rate (rollout): 0.40 | Loss: 0.142 | Opp label coverage: 0.81
[checkpoint] Saved /Users/laithassaf/Documents/Programs/Archived/pokemon-showdown/models/ppo/checkpoints/opp/ppo_step_2325314.pt
Step 2325514/5000000 | Win rate (rollout): 0.25 | Loss: 0.152 | Opp label coverage: 0.84
Step 2326032/5000000 | Win rate (rollout): 0.55 | Loss: 0.239 | Opp label coverage: 0.89
Step 2326544/5000000 | Win rate (rollout): 0.56 | Loss: 0.161 | Opp label coverage: 0.83
Step 2327062/5000000 | Win rate (rollout): 0.33 | Loss: 0.128 | Opp label coverage: 0.89
Step 2327577/5000000 | Win rate (rollout): 0.36 | Loss: 0.183 | Opp label coverage: 0.88
Step 2328092/5000000 | Win rate (rollout): 0.38 | Loss: 0.136 | Opp label coverage: 0.90
Step 2328604/5000000 | Win rate (rollout): 0.00 | Loss: 0.143 | Opp label coverage: 0.82
Step 2329121/5000000 | Win rate (rollout): 0.43 | Loss: 0.177 | Opp label coverage: 0.87
Step 2329633/5000000 | Win rate (rollout): 0.57 | Loss: 0.193 | Opp label coverage: 0.80
Step 2330148/5000000 | Win rate (rollout): 0.88 | Loss: 0.199 | Opp label coverage: 0.90
Step 2330660/5000000 | Win rate (rollout): 0.50 | Loss: 0.185 | Opp label coverage: 0.81
Step 2331178/5000000 | Win rate (rollout): 0.50 | Loss: 0.174 | Opp label coverage: 0.88
Step 2331690/5000000 | Win rate (rollout): 0.73 | Loss: 0.187 | Opp label coverage: 0.83
Step 2332202/5000000 | Win rate (rollout): 0.58 | Loss: 0.188 | Opp label coverage: 0.78
Step 2332714/5000000 | Win rate (rollout): 0.55 | Loss: 0.172 | Opp label coverage: 0.79
Step 2333226/5000000 | Win rate (rollout): 0.57 | Loss: 0.162 | Opp label coverage: 0.83
Step 2333738/5000000 | Win rate (rollout): 0.40 | Loss: 0.160 | Opp label coverage: 0.89
Step 2334250/5000000 | Win rate (rollout): 0.25 | Loss: 0.176 | Opp label coverage: 0.84
Step 2334768/5000000 | Win rate (rollout): 0.25 | Loss: 0.131 | Opp label coverage: 0.89
Step 2335284/5000000 | Win rate (rollout): 0.50 | Loss: 0.207 | Opp label coverage: 0.89
Step 2335798/5000000 | Win rate (rollout): 0.53 | Loss: 0.266 | Opp label coverage: 0.88
Step 2336310/5000000 | Win rate (rollout): 0.56 | Loss: 0.185 | Opp label coverage: 0.82
Step 2336826/5000000 | Win rate (rollout): 0.80 | Loss: 0.196 | Opp label coverage: 0.90
Step 2337340/5000000 | Win rate (rollout): 0.50 | Loss: 0.232 | Opp label coverage: 0.89
Step 2337852/5000000 | Win rate (rollout): 0.43 | Loss: 0.156 | Opp label coverage: 0.84
Step 2338364/5000000 | Win rate (rollout): 0.64 | Loss: 0.168 | Opp label coverage: 0.84
Step 2338881/5000000 | Win rate (rollout): 0.25 | Loss: 0.120 | Opp label coverage: 0.91
Step 2339399/5000000 | Win rate (rollout): 0.54 | Loss: 0.153 | Opp label coverage: 0.89
Step 2339913/5000000 | Win rate (rollout): 0.69 | Loss: 0.126 | Opp label coverage: 0.91
Step 2340426/5000000 | Win rate (rollout): 0.47 | Loss: 0.166 | Opp label coverage: 0.89
Step 2340941/5000000 | Win rate (rollout): 0.67 | Loss: 0.157 | Opp label coverage: 0.89
Step 2341453/5000000 | Win rate (rollout): 0.36 | Loss: 0.231 | Opp label coverage: 0.80
Step 2341965/5000000 | Win rate (rollout): 0.41 | Loss: 0.209 | Opp label coverage: 0.85
Step 2342477/5000000 | Win rate (rollout): 0.75 | Loss: 0.151 | Opp label coverage: 0.90
Step 2342989/5000000 | Win rate (rollout): 0.60 | Loss: 0.217 | Opp label coverage: 0.84
Step 2343501/5000000 | Win rate (rollout): 0.33 | Loss: 0.188 | Opp label coverage: 0.78
Step 2344016/5000000 | Win rate (rollout): 0.36 | Loss: 0.197 | Opp label coverage: 0.87
Step 2344528/5000000 | Win rate (rollout): 0.67 | Loss: 0.186 | Opp label coverage: 0.83
Step 2345045/5000000 | Win rate (rollout): 0.70 | Loss: 0.158 | Opp label coverage: 0.86
Step 2345558/5000000 | Win rate (rollout): 0.47 | Loss: 0.042 | Opp label coverage: 0.87
Step 2346070/5000000 | Win rate (rollout): 0.25 | Loss: 0.170 | Opp label coverage: 0.84
Step 2346585/5000000 | Win rate (rollout): 0.62 | Loss: 0.157 | Opp label coverage: 0.88
Step 2347097/5000000 | Win rate (rollout): 0.31 | Loss: 0.178 | Opp label coverage: 0.81
Step 2347609/5000000 | Win rate (rollout): 0.50 | Loss: 0.158 | Opp label coverage: 0.87
Step 2348121/5000000 | Win rate (rollout): 0.46 | Loss: 0.198 | Opp label coverage: 0.85
Step 2348633/5000000 | Win rate (rollout): 0.53 | Loss: 0.187 | Opp label coverage: 0.85
Step 2349151/5000000 | Win rate (rollout): 0.40 | Loss: 0.208 | Opp label coverage: 0.87
Step 2349663/5000000 | Win rate (rollout): 0.46 | Loss: 0.176 | Opp label coverage: 0.84
Step 2350177/5000000 | Win rate (rollout): 0.29 | Loss: 0.148 | Opp label coverage: 0.91
[checkpoint] Saved /Users/laithassaf/Documents/Programs/Archived/pokemon-showdown/models/ppo/checkpoints/opp/ppo_step_2350321.pt
Step 2350689/5000000 | Win rate (rollout): 0.54 | Loss: 0.197 | Opp label coverage: 0.80
Step 2351206/5000000 | Win rate (rollout): 0.70 | Loss: 0.159 | Opp label coverage: 0.90
Step 2351719/5000000 | Win rate (rollout): 0.33 | Loss: 0.159 | Opp label coverage: 0.88
Step 2352236/5000000 | Win rate (rollout): 0.30 | Loss: 0.184 | Opp label coverage: 0.90
Step 2352752/5000000 | Win rate (rollout): 0.60 | Loss: 0.206 | Opp label coverage: 0.90
Step 2353264/5000000 | Win rate (rollout): 0.56 | Loss: 0.187 | Opp label coverage: 0.83
Step 2353781/5000000 | Win rate (rollout): 0.42 | Loss: 0.209 | Opp label coverage: 0.87
Step 2354297/5000000 | Win rate (rollout): 0.43 | Loss: 0.178 | Opp label coverage: 0.87
Step 2354809/5000000 | Win rate (rollout): 0.27 | Loss: 0.175 | Opp label coverage: 0.82
Step 2355326/5000000 | Win rate (rollout): 0.82 | Loss: 0.158 | Opp label coverage: 0.91
Step 2355843/5000000 | Win rate (rollout): 0.54 | Loss: 0.140 | Opp label coverage: 0.88
Step 2356356/5000000 | Win rate (rollout): 0.46 | Loss: 0.149 | Opp label coverage: 0.89
Step 2356869/5000000 | Win rate (rollout): 0.57 | Loss: 0.153 | Opp label coverage: 0.88
Step 2357388/5000000 | Win rate (rollout): 0.31 | Loss: 0.216 | Opp label coverage: 0.88
Step 2357900/5000000 | Win rate (rollout): 0.58 | Loss: 0.199 | Opp label coverage: 0.84
Step 2358415/5000000 | Win rate (rollout): 0.56 | Loss: 0.159 | Opp label coverage: 0.89
Step 2358934/5000000 | Win rate (rollout): 0.50 | Loss: 0.230 | Opp label coverage: 0.90
Step 2359446/5000000 | Win rate (rollout): 0.55 | Loss: 0.156 | Opp label coverage: 0.87
Step 2359963/5000000 | Win rate (rollout): 0.36 | Loss: 0.165 | Opp label coverage: 0.88
Step 2360475/5000000 | Win rate (rollout): 0.38 | Loss: 0.181 | Opp label coverage: 0.82
Step 2360987/5000000 | Win rate (rollout): 0.56 | Loss: 0.193 | Opp label coverage: 0.82
Step 2361501/5000000 | Win rate (rollout): 0.33 | Loss: 0.165 | Opp label coverage: 0.87
Step 2362013/5000000 | Win rate (rollout): 0.67 | Loss: 0.178 | Opp label coverage: 0.79
Step 2362525/5000000 | Win rate (rollout): 0.44 | Loss: 0.160 | Opp label coverage: 0.90
Step 2363037/5000000 | Win rate (rollout): 0.27 | Loss: 0.215 | Opp label coverage: 0.83
Step 2363550/5000000 | Win rate (rollout): 0.62 | Loss: 0.188 | Opp label coverage: 0.90
Step 2364067/5000000 | Win rate (rollout): 0.40 | Loss: 0.170 | Opp label coverage: 0.89
Step 2364579/5000000 | Win rate (rollout): 0.71 | Loss: 0.147 | Opp label coverage: 0.82
Step 2365093/5000000 | Win rate (rollout): 0.38 | Loss: 0.165 | Opp label coverage: 0.87
Step 2365606/5000000 | Win rate (rollout): 0.86 | Loss: 0.175 | Opp label coverage: 0.89
Step 2366124/5000000 | Win rate (rollout): 0.47 | Loss: 0.193 | Opp label coverage: 0.87
Step 2366640/5000000 | Win rate (rollout): 0.50 | Loss: 0.182 | Opp label coverage: 0.90
Step 2367152/5000000 | Win rate (rollout): 0.23 | Loss: 0.159 | Opp label coverage: 0.85
Step 2367666/5000000 | Win rate (rollout): 0.82 | Loss: 0.205 | Opp label coverage: 0.89
Step 2368178/5000000 | Win rate (rollout): 0.40 | Loss: 0.179 | Opp label coverage: 0.83
Step 2368696/5000000 | Win rate (rollout): 0.50 | Loss: 0.136 | Opp label coverage: 0.90
Step 2369209/5000000 | Win rate (rollout): 0.40 | Loss: 0.220 | Opp label coverage: 0.90
Step 2369721/5000000 | Win rate (rollout): 0.50 | Loss: 0.160 | Opp label coverage: 0.85
Step 2370233/5000000 | Win rate (rollout): 0.62 | Loss: 0.182 | Opp label coverage: 0.79
Step 2370745/5000000 | Win rate (rollout): 0.58 | Loss: 0.200 | Opp label coverage: 0.84
Step 2371257/5000000 | Win rate (rollout): 0.50 | Loss: 0.179 | Opp label coverage: 0.83
Step 2371769/5000000 | Win rate (rollout): 0.43 | Loss: 0.193 | Opp label coverage: 0.84
Step 2372287/5000000 | Win rate (rollout): 0.64 | Loss: 0.169 | Opp label coverage: 0.90
Step 2372802/5000000 | Win rate (rollout): 0.47 | Loss: 0.184 | Opp label coverage: 0.87
Step 2373314/5000000 | Win rate (rollout): 0.67 | Loss: 0.179 | Opp label coverage: 0.85
Step 2373826/5000000 | Win rate (rollout): 0.36 | Loss: 0.196 | Opp label coverage: 0.83
Step 2374338/5000000 | Win rate (rollout): 0.64 | Loss: 0.198 | Opp label coverage: 0.86
Step 2374852/5000000 | Win rate (rollout): 0.42 | Loss: 0.122 | Opp label coverage: 0.89
[checkpoint] Saved /Users/laithassaf/Documents/Programs/Archived/pokemon-showdown/models/ppo/checkpoints/opp/ppo_step_2375325.pt
Step 2375369/5000000 | Win rate (rollout): 0.62 | Loss: 0.134 | Opp label coverage: 0.87
Step 2375885/5000000 | Win rate (rollout): 0.54 | Loss: 0.205 | Opp label coverage: 0.88
Step 2376397/5000000 | Win rate (rollout): 0.67 | Loss: 0.185 | Opp label coverage: 0.82
Step 2376909/5000000 | Win rate (rollout): 0.20 | Loss: 0.157 | Opp label coverage: 0.80
Step 2377425/5000000 | Win rate (rollout): 0.60 | Loss: 0.160 | Opp label coverage: 0.88
Step 2377942/5000000 | Win rate (rollout): 0.25 | Loss: 0.144 | Opp label coverage: 0.92
Step 2378455/5000000 | Win rate (rollout): 0.64 | Loss: 0.200 | Opp label coverage: 0.91
Step 2378967/5000000 | Win rate (rollout): 0.62 | Loss: 0.189 | Opp label coverage: 0.83
Step 2379480/5000000 | Win rate (rollout): 0.43 | Loss: 0.177 | Opp label coverage: 0.87
Step 2379997/5000000 | Win rate (rollout): 0.47 | Loss: 0.189 | Opp label coverage: 0.87
Step 2380513/5000000 | Win rate (rollout): 0.38 | Loss: 0.166 | Opp label coverage: 0.91
Step 2381025/5000000 | Win rate (rollout): 0.54 | Loss: 0.216 | Opp label coverage: 0.85
Step 2381542/5000000 | Win rate (rollout): 0.25 | Loss: 0.184 | Opp label coverage: 0.87
Step 2382055/5000000 | Win rate (rollout): 0.42 | Loss: 0.113 | Opp label coverage: 0.89
Step 2382570/5000000 | Win rate (rollout): 0.50 | Loss: 0.162 | Opp label coverage: 0.90
Step 2383085/5000000 | Win rate (rollout): 0.56 | Loss: 0.233 | Opp label coverage: 0.88
Step 2383601/5000000 | Win rate (rollout): 0.44 | Loss: 0.173 | Opp label coverage: 0.91
Step 2384119/5000000 | Win rate (rollout): 0.62 | Loss: 0.192 | Opp label coverage: 0.90
Step 2384631/5000000 | Win rate (rollout): 0.36 | Loss: 0.166 | Opp label coverage: 0.90
Step 2385143/5000000 | Win rate (rollout): 0.54 | Loss: 0.135 | Opp label coverage: 0.90
Step 2385659/5000000 | Win rate (rollout): 0.50 | Loss: 0.165 | Opp label coverage: 0.89
Step 2386171/5000000 | Win rate (rollout): 0.46 | Loss: 0.200 | Opp label coverage: 0.83
Step 2386684/5000000 | Win rate (rollout): 0.60 | Loss: 0.118 | Opp label coverage: 0.88
Step 2387196/5000000 | Win rate (rollout): 0.56 | Loss: 0.202 | Opp label coverage: 0.85
Step 2387708/5000000 | Win rate (rollout): 0.42 | Loss: 0.183 | Opp label coverage: 0.80
Step 2388223/5000000 | Win rate (rollout): 0.67 | Loss: 0.198 | Opp label coverage: 0.92
Step 2388735/5000000 | Win rate (rollout): 0.60 | Loss: 0.155 | Opp label coverage: 0.86
Step 2389247/5000000 | Win rate (rollout): 0.50 | Loss: 0.168 | Opp label coverage: 0.85
Step 2389759/5000000 | Win rate (rollout): 0.36 | Loss: 0.185 | Opp label coverage: 0.83
Step 2390271/5000000 | Win rate (rollout): 0.83 | Loss: 0.171 | Opp label coverage: 0.87
Step 2390785/5000000 | Win rate (rollout): 0.40 | Loss: 0.187 | Opp label coverage: 0.88
Step 2391297/5000000 | Win rate (rollout): 0.40 | Loss: 0.187 | Opp label coverage: 0.79
Step 2391816/5000000 | Win rate (rollout): 0.50 | Loss: 0.162 | Opp label coverage: 0.88
Step 2392328/5000000 | Win rate (rollout): 0.57 | Loss: 0.216 | Opp label coverage: 0.87
Step 2392841/5000000 | Win rate (rollout): 0.67 | Loss: 0.151 | Opp label coverage: 0.91
Step 2393357/5000000 | Win rate (rollout): 0.60 | Loss: 0.206 | Opp label coverage: 0.90
Step 2393869/5000000 | Win rate (rollout): 0.25 | Loss: 0.202 | Opp label coverage: 0.86
Step 2394381/5000000 | Win rate (rollout): 0.43 | Loss: 0.174 | Opp label coverage: 0.81
Step 2394893/5000000 | Win rate (rollout): 0.50 | Loss: 0.167 | Opp label coverage: 0.82
Step 2395405/5000000 | Win rate (rollout): 0.33 | Loss: 0.193 | Opp label coverage: 0.82
Step 2395919/5000000 | Win rate (rollout): 0.45 | Loss: 0.229 | Opp label coverage: 0.89
Step 2396431/5000000 | Win rate (rollout): 0.31 | Loss: 0.199 | Opp label coverage: 0.80
Step 2396944/5000000 | Win rate (rollout): 0.44 | Loss: 0.223 | Opp label coverage: 0.88
Step 2397462/5000000 | Win rate (rollout): 0.56 | Loss: 0.165 | Opp label coverage: 0.88
Step 2397974/5000000 | Win rate (rollout): 0.80 | Loss: 0.193 | Opp label coverage: 0.87
Step 2398486/5000000 | Win rate (rollout): 0.40 | Loss: 0.170 | Opp label coverage: 0.87
Step 2398998/5000000 | Win rate (rollout): 0.55 | Loss: 0.167 | Opp label coverage: 0.84
Step 2399512/5000000 | Win rate (rollout): 0.50 | Loss: 0.155 | Opp label coverage: 0.88
Step 2400024/5000000 | Win rate (rollout): 0.33 | Loss: 0.218 | Opp label coverage: 0.79
[checkpoint] Saved /Users/laithassaf/Documents/Programs/Archived/pokemon-showdown/models/ppo/checkpoints/opp/ppo_step_2400328.pt
Step 2400536/5000000 | Win rate (rollout): 0.29 | Loss: 0.170 | Opp label coverage: 0.82
Step 2401052/5000000 | Win rate (rollout): 0.70 | Loss: 0.156 | Opp label coverage: 0.90
Step 2401564/5000000 | Win rate (rollout): 0.67 | Loss: 0.164 | Opp label coverage: 0.82
Step 2402076/5000000 | Win rate (rollout): 0.40 | Loss: 0.161 | Opp label coverage: 0.77
Step 2402593/5000000 | Win rate (rollout): 0.22 | Loss: 0.146 | Opp label coverage: 0.88
Step 2403109/5000000 | Win rate (rollout): 0.55 | Loss: 0.164 | Opp label coverage: 0.91
Step 2403621/5000000 | Win rate (rollout): 0.62 | Loss: 0.167 | Opp label coverage: 0.89
Step 2404133/5000000 | Win rate (rollout): 0.27 | Loss: 0.188 | Opp label coverage: 0.80
Step 2404646/5000000 | Win rate (rollout): 0.42 | Loss: 0.107 | Opp label coverage: 0.87
Step 2405161/5000000 | Win rate (rollout): 0.50 | Loss: 0.268 | Opp label coverage: 0.89
Step 2405673/5000000 | Win rate (rollout): 0.38 | Loss: 0.173 | Opp label coverage: 0.85
Step 2406185/5000000 | Win rate (rollout): 0.65 | Loss: 0.208 | Opp label coverage: 0.82
Step 2406697/5000000 | Win rate (rollout): 0.35 | Loss: 0.188 | Opp label coverage: 0.83
Step 2407214/5000000 | Win rate (rollout): 0.44 | Loss: 0.164 | Opp label coverage: 0.87
Step 2407727/5000000 | Win rate (rollout): 0.07 | Loss: 0.225 | Opp label coverage: 0.89
Step 2408239/5000000 | Win rate (rollout): 0.47 | Loss: 0.196 | Opp label coverage: 0.83
Step 2408756/5000000 | Win rate (rollout): 0.56 | Loss: 0.138 | Opp label coverage: 0.89
Step 2409271/5000000 | Win rate (rollout): 0.57 | Loss: 0.203 | Opp label coverage: 0.89
Step 2409788/5000000 | Win rate (rollout): 0.62 | Loss: 0.162 | Opp label coverage: 0.87
Step 2410300/5000000 | Win rate (rollout): 0.83 | Loss: 0.175 | Opp label coverage: 0.86
Step 2410812/5000000 | Win rate (rollout): 0.31 | Loss: 0.225 | Opp label coverage: 0.84
Step 2411325/5000000 | Win rate (rollout): 0.44 | Loss: 0.087 | Opp label coverage: 0.88
Step 2411841/5000000 | Win rate (rollout): 0.56 | Loss: 0.196 | Opp label coverage: 0.88
Step 2412353/5000000 | Win rate (rollout): 0.43 | Loss: 0.175 | Opp label coverage: 0.84
Step 2412865/5000000 | Win rate (rollout): 0.53 | Loss: 0.202 | Opp label coverage: 0.84
Step 2413380/5000000 | Win rate (rollout): 0.38 | Loss: 0.266 | Opp label coverage: 0.90
Step 2413894/5000000 | Win rate (rollout): 0.38 | Loss: 0.172 | Opp label coverage: 0.87
Step 2414406/5000000 | Win rate (rollout): 0.29 | Loss: 0.170 | Opp label coverage: 0.82
Step 2414918/5000000 | Win rate (rollout): 0.62 | Loss: 0.226 | Opp label coverage: 0.83
Step 2415430/5000000 | Win rate (rollout): 0.45 | Loss: 0.190 | Opp label coverage: 0.88
Step 2415943/5000000 | Win rate (rollout): 0.42 | Loss: 0.198 | Opp label coverage: 0.91
Step 2416461/5000000 | Win rate (rollout): 0.60 | Loss: 0.138 | Opp label coverage: 0.90
Step 2416978/5000000 | Win rate (rollout): 0.31 | Loss: 0.152 | Opp label coverage: 0.90
Step 2417490/5000000 | Win rate (rollout): 0.86 | Loss: 0.173 | Opp label coverage: 0.79
Step 2418008/5000000 | Win rate (rollout): 0.50 | Loss: 0.146 | Opp label coverage: 0.91
Step 2418526/5000000 | Win rate (rollout): 0.73 | Loss: 0.190 | Opp label coverage: 0.90
Step 2419038/5000000 | Win rate (rollout): 0.55 | Loss: 0.176 | Opp label coverage: 0.84
Step 2419550/5000000 | Win rate (rollout): 0.33 | Loss: 0.177 | Opp label coverage: 0.83
Step 2420062/5000000 | Win rate (rollout): 0.47 | Loss: 0.183 | Opp label coverage: 0.83
Step 2420574/5000000 | Win rate (rollout): 0.56 | Loss: 0.239 | Opp label coverage: 0.85
Step 2421089/5000000 | Win rate (rollout): 0.54 | Loss: 0.129 | Opp label coverage: 0.89
Step 2421606/5000000 | Win rate (rollout): 0.43 | Loss: 0.140 | Opp label coverage: 0.89
Step 2422118/5000000 | Win rate (rollout): 0.42 | Loss: 0.193 | Opp label coverage: 0.83
Step 2422630/5000000 | Win rate (rollout): 0.44 | Loss: 0.220 | Opp label coverage: 0.86
Step 2423143/5000000 | Win rate (rollout): 0.30 | Loss: 0.179 | Opp label coverage: 0.89
Step 2423655/5000000 | Win rate (rollout): 0.46 | Loss: 0.198 | Opp label coverage: 0.80
Step 2424172/5000000 | Win rate (rollout): 0.55 | Loss: 0.133 | Opp label coverage: 0.90
Step 2424684/5000000 | Win rate (rollout): 0.56 | Loss: 0.192 | Opp label coverage: 0.87
Step 2425196/5000000 | Win rate (rollout): 0.46 | Loss: 0.190 | Opp label coverage: 0.85
[checkpoint] Saved /Users/laithassaf/Documents/Programs/Archived/pokemon-showdown/models/ppo/checkpoints/opp/ppo_step_2425332.pt
Step 2425708/5000000 | Win rate (rollout): 0.50 | Loss: 0.167 | Opp label coverage: 0.78
Step 2426220/5000000 | Win rate (rollout): 0.56 | Loss: 0.183 | Opp label coverage: 0.84
Step 2426734/5000000 | Win rate (rollout): 0.40 | Loss: 0.174 | Opp label coverage: 0.88
Step 2427246/5000000 | Win rate (rollout): 0.50 | Loss: 0.178 | Opp label coverage: 0.80
Step 2427764/5000000 | Win rate (rollout): 0.50 | Loss: 0.175 | Opp label coverage: 0.89
Step 2428276/5000000 | Win rate (rollout): 0.50 | Loss: 0.160 | Opp label coverage: 0.76
Step 2428794/5000000 | Win rate (rollout): 0.42 | Loss: 0.151 | Opp label coverage: 0.88
Step 2429313/5000000 | Win rate (rollout): 0.57 | Loss: 0.197 | Opp label coverage: 0.89
Step 2429830/5000000 | Win rate (rollout): 0.47 | Loss: 0.197 | Opp label coverage: 0.87
Step 2430342/5000000 | Win rate (rollout): 0.29 | Loss: 0.182 | Opp label coverage: 0.83
Step 2430854/5000000 | Win rate (rollout): 0.56 | Loss: 0.200 | Opp label coverage: 0.84
Step 2431366/5000000 | Win rate (rollout): 0.50 | Loss: 0.173 | Opp label coverage: 0.89
Step 2431878/5000000 | Win rate (rollout): 0.75 | Loss: 0.176 | Opp label coverage: 0.86
Step 2432390/5000000 | Win rate (rollout): 0.36 | Loss: 0.192 | Opp label coverage: 0.83
Step 2432905/5000000 | Win rate (rollout): 0.50 | Loss: 0.175 | Opp label coverage: 0.86
Step 2433417/5000000 | Win rate (rollout): 0.55 | Loss: 0.160 | Opp label coverage: 0.86
Step 2433931/5000000 | Win rate (rollout): 0.29 | Loss: 0.213 | Opp label coverage: 0.89
Step 2434445/5000000 | Win rate (rollout): 0.38 | Loss: 0.171 | Opp label coverage: 0.90
Step 2434957/5000000 | Win rate (rollout): 0.57 | Loss: 0.216 | Opp label coverage: 0.84
Step 2435469/5000000 | Win rate (rollout): 0.86 | Loss: 0.163 | Opp label coverage: 0.84
Step 2435982/5000000 | Win rate (rollout): 0.17 | Loss: 0.161 | Opp label coverage: 0.86
Step 2436494/5000000 | Win rate (rollout): 0.40 | Loss: 0.172 | Opp label coverage: 0.83
Step 2437006/5000000 | Win rate (rollout): 0.45 | Loss: 0.161 | Opp label coverage: 0.84
Step 2437518/5000000 | Win rate (rollout): 0.29 | Loss: 0.185 | Opp label coverage: 0.81
Step 2438033/5000000 | Win rate (rollout): 0.36 | Loss: 0.175 | Opp label coverage: 0.86
Step 2438548/5000000 | Win rate (rollout): 0.56 | Loss: 0.186 | Opp label coverage: 0.87
Step 2439060/5000000 | Win rate (rollout): 0.21 | Loss: 0.210 | Opp label coverage: 0.85
Step 2439572/5000000 | Win rate (rollout): 0.44 | Loss: 0.188 | Opp label coverage: 0.86
Step 2440085/5000000 | Win rate (rollout): 0.62 | Loss: 0.157 | Opp label coverage: 0.88
Step 2440601/5000000 | Win rate (rollout): 0.36 | Loss: 0.139 | Opp label coverage: 0.88
Step 2441116/5000000 | Win rate (rollout): 0.38 | Loss: 0.185 | Opp label coverage: 0.87
Step 2441628/5000000 | Win rate (rollout): 0.56 | Loss: 0.183 | Opp label coverage: 0.85
Step 2442146/5000000 | Win rate (rollout): 0.58 | Loss: 0.220 | Opp label coverage: 0.88
Step 2442658/5000000 | Win rate (rollout): 0.58 | Loss: 0.168 | Opp label coverage: 0.83
Step 2443170/5000000 | Win rate (rollout): 0.75 | Loss: 0.188 | Opp label coverage: 0.83
Step 2443685/5000000 | Win rate (rollout): 0.22 | Loss: 0.158 | Opp label coverage: 0.89
Step 2444197/5000000 | Win rate (rollout): 0.62 | Loss: 0.151 | Opp label coverage: 0.81
Step 2444712/5000000 | Win rate (rollout): 0.46 | Loss: 0.202 | Opp label coverage: 0.86
Step 2445230/5000000 | Win rate (rollout): 0.50 | Loss: 0.186 | Opp label coverage: 0.88
Step 2445747/5000000 | Win rate (rollout): 0.55 | Loss: 0.152 | Opp label coverage: 0.91
Step 2446259/5000000 | Win rate (rollout): 0.44 | Loss: 0.171 | Opp label coverage: 0.84
Step 2446775/5000000 | Win rate (rollout): 0.50 | Loss: 0.205 | Opp label coverage: 0.88
Step 2447290/5000000 | Win rate (rollout): 0.43 | Loss: 0.158 | Opp label coverage: 0.88
Step 2447802/5000000 | Win rate (rollout): 0.33 | Loss: 0.187 | Opp label coverage: 0.83
Step 2448314/5000000 | Win rate (rollout): 0.59 | Loss: 0.190 | Opp label coverage: 0.80
Step 2448826/5000000 | Win rate (rollout): 0.57 | Loss: 0.199 | Opp label coverage: 0.86
Step 2449338/5000000 | Win rate (rollout): 0.53 | Loss: 0.190 | Opp label coverage: 0.84
Step 2449850/5000000 | Win rate (rollout): 0.70 | Loss: 0.182 | Opp label coverage: 0.84
[checkpoint] Saved /Users/laithassaf/Documents/Programs/Archived/pokemon-showdown/models/ppo/checkpoints/opp/ppo_step_2450337.pt
Step 2450367/5000000 | Win rate (rollout): 0.50 | Loss: 0.143 | Opp label coverage: 0.90
Step 2450879/5000000 | Win rate (rollout): 0.67 | Loss: 0.214 | Opp label coverage: 0.78
Step 2451391/5000000 | Win rate (rollout): 0.58 | Loss: 0.192 | Opp label coverage: 0.80
Step 2451903/5000000 | Win rate (rollout): 0.25 | Loss: 0.174 | Opp label coverage: 0.83
Step 2452415/5000000 | Win rate (rollout): 0.40 | Loss: 0.163 | Opp label coverage: 0.88
Step 2452927/5000000 | Win rate (rollout): 0.12 | Loss: 0.152 | Opp label coverage: 0.86
Step 2453444/5000000 | Win rate (rollout): 0.50 | Loss: 0.158 | Opp label coverage: 0.88
Step 2453956/5000000 | Win rate (rollout): 0.56 | Loss: 0.219 | Opp label coverage: 0.82
Step 2454468/5000000 | Win rate (rollout): 0.56 | Loss: 0.164 | Opp label coverage: 0.83
Step 2454983/5000000 | Win rate (rollout): 0.36 | Loss: 0.166 | Opp label coverage: 0.89
Step 2455500/5000000 | Win rate (rollout): 0.33 | Loss: 0.152 | Opp label coverage: 0.88
Step 2456015/5000000 | Win rate (rollout): 0.31 | Loss: 0.140 | Opp label coverage: 0.89
Step 2456527/5000000 | Win rate (rollout): 0.62 | Loss: 0.179 | Opp label coverage: 0.78
Step 2457046/5000000 | Win rate (rollout): 0.25 | Loss: 0.203 | Opp label coverage: 0.87
Step 2457560/5000000 | Win rate (rollout): 0.67 | Loss: 0.226 | Opp label coverage: 0.89
Step 2458072/5000000 | Win rate (rollout): 0.64 | Loss: 0.160 | Opp label coverage: 0.89
Step 2458586/5000000 | Win rate (rollout): 0.38 | Loss: 0.079 | Opp label coverage: 0.90
Step 2459098/5000000 | Win rate (rollout): 0.62 | Loss: 0.178 | Opp label coverage: 0.84
Step 2459610/5000000 | Win rate (rollout): 0.60 | Loss: 0.200 | Opp label coverage: 0.84
Step 2460122/5000000 | Win rate (rollout): 0.50 | Loss: 0.176 | Opp label coverage: 0.87
Step 2460634/5000000 | Win rate (rollout): 0.53 | Loss: 0.212 | Opp label coverage: 0.84
Step 2461146/5000000 | Win rate (rollout): 0.43 | Loss: 0.222 | Opp label coverage: 0.82
Step 2461661/5000000 | Win rate (rollout): 0.64 | Loss: 0.177 | Opp label coverage: 0.90
Step 2462174/5000000 | Win rate (rollout): 0.50 | Loss: 0.165 | Opp label coverage: 0.86
Step 2462690/5000000 | Win rate (rollout): 0.06 | Loss: 0.139 | Opp label coverage: 0.86
Step 2463202/5000000 | Win rate (rollout): 0.71 | Loss: 0.199 | Opp label coverage: 0.88
Step 2463718/5000000 | Win rate (rollout): 0.75 | Loss: 0.174 | Opp label coverage: 0.91
Step 2464230/5000000 | Win rate (rollout): 0.64 | Loss: 0.168 | Opp label coverage: 0.88
Step 2464742/5000000 | Win rate (rollout): 0.25 | Loss: 0.206 | Opp label coverage: 0.83
Step 2465260/5000000 | Win rate (rollout): 0.47 | Loss: 0.201 | Opp label coverage: 0.87
Step 2465772/5000000 | Win rate (rollout): 0.53 | Loss: 0.197 | Opp label coverage: 0.84
Step 2466284/5000000 | Win rate (rollout): 0.30 | Loss: 0.152 | Opp label coverage: 0.89
Step 2466796/5000000 | Win rate (rollout): 0.54 | Loss: 0.204 | Opp label coverage: 0.80
Step 2467308/5000000 | Win rate (rollout): 0.36 | Loss: 0.187 | Opp label coverage: 0.85
Step 2467820/5000000 | Win rate (rollout): 0.60 | Loss: 0.184 | Opp label coverage: 0.91
Step 2468336/5000000 | Win rate (rollout): 0.62 | Loss: 0.195 | Opp label coverage: 0.87
Step 2468848/5000000 | Win rate (rollout): 0.44 | Loss: 0.172 | Opp label coverage: 0.86
Step 2469365/5000000 | Win rate (rollout): 0.64 | Loss: 0.149 | Opp label coverage: 0.88
Step 2469877/5000000 | Win rate (rollout): 0.45 | Loss: 0.188 | Opp label coverage: 0.83
Step 2470394/5000000 | Win rate (rollout): 0.50 | Loss: 0.187 | Opp label coverage: 0.88
Step 2470908/5000000 | Win rate (rollout): 0.27 | Loss: 0.129 | Opp label coverage: 0.89
Step 2471422/5000000 | Win rate (rollout): 0.33 | Loss: 0.181 | Opp label coverage: 0.88
Step 2471935/5000000 | Win rate (rollout): 0.50 | Loss: 0.178 | Opp label coverage: 0.89
Step 2472448/5000000 | Win rate (rollout): 0.38 | Loss: 0.069 | Opp label coverage: 0.89
Step 2472960/5000000 | Win rate (rollout): 0.78 | Loss: 0.171 | Opp label coverage: 0.82
Step 2473472/5000000 | Win rate (rollout): 0.80 | Loss: 0.172 | Opp label coverage: 0.83
Step 2473984/5000000 | Win rate (rollout): 0.42 | Loss: 0.210 | Opp label coverage: 0.81
Step 2474496/5000000 | Win rate (rollout): 0.50 | Loss: 0.208 | Opp label coverage: 0.85
Step 2475014/5000000 | Win rate (rollout): 0.64 | Loss: 0.118 | Opp label coverage: 0.90
[checkpoint] Saved /Users/laithassaf/Documents/Programs/Archived/pokemon-showdown/models/ppo/checkpoints/opp/ppo_step_2475342.pt
Step 2475526/5000000 | Win rate (rollout): 0.58 | Loss: 0.165 | Opp label coverage: 0.85
Step 2476042/5000000 | Win rate (rollout): 0.38 | Loss: 0.180 | Opp label coverage: 0.89
Step 2476554/5000000 | Win rate (rollout): 0.60 | Loss: 0.168 | Opp label coverage: 0.86
Step 2477066/5000000 | Win rate (rollout): 0.60 | Loss: 0.205 | Opp label coverage: 0.81
Step 2477578/5000000 | Win rate (rollout): 0.29 | Loss: 0.178 | Opp label coverage: 0.85
Step 2478096/5000000 | Win rate (rollout): 0.30 | Loss: 0.173 | Opp label coverage: 0.87
Step 2478615/5000000 | Win rate (rollout): 0.31 | Loss: 0.143 | Opp label coverage: 0.91
Step 2479127/5000000 | Win rate (rollout): 0.58 | Loss: 0.164 | Opp label coverage: 0.87
Step 2479639/5000000 | Win rate (rollout): 0.50 | Loss: 0.172 | Opp label coverage: 0.80
Step 2480151/5000000 | Win rate (rollout): 0.43 | Loss: 0.210 | Opp label coverage: 0.81
Step 2480663/5000000 | Win rate (rollout): 0.57 | Loss: 0.167 | Opp label coverage: 0.83
Step 2481175/5000000 | Win rate (rollout): 0.57 | Loss: 0.153 | Opp label coverage: 0.83
Step 2481694/5000000 | Win rate (rollout): 0.50 | Loss: 0.172 | Opp label coverage: 0.89
Step 2482206/5000000 | Win rate (rollout): 0.38 | Loss: 0.207 | Opp label coverage: 0.83
Step 2482724/5000000 | Win rate (rollout): 0.45 | Loss: 0.165 | Opp label coverage: 0.88
Step 2483236/5000000 | Win rate (rollout): 0.38 | Loss: 0.177 | Opp label coverage: 0.89
Step 2483748/5000000 | Win rate (rollout): 0.50 | Loss: 0.213 | Opp label coverage: 0.83
Step 2484260/5000000 | Win rate (rollout): 0.53 | Loss: 0.172 | Opp label coverage: 0.87
Step 2484772/5000000 | Win rate (rollout): 0.67 | Loss: 0.185 | Opp label coverage: 0.80
Step 2485290/5000000 | Win rate (rollout): 0.58 | Loss: 0.156 | Opp label coverage: 0.89
Step 2485803/5000000 | Win rate (rollout): 0.42 | Loss: 0.114 | Opp label coverage: 0.88
Step 2486320/5000000 | Win rate (rollout): 0.36 | Loss: 0.183 | Opp label coverage: 0.90
Step 2486833/5000000 | Win rate (rollout): 0.38 | Loss: 0.339 | Opp label coverage: 0.87
Step 2487346/5000000 | Win rate (rollout): 0.47 | Loss: 0.305 | Opp label coverage: 0.88
Step 2487858/5000000 | Win rate (rollout): 0.38 | Loss: 0.192 | Opp label coverage: 0.84
Step 2488375/5000000 | Win rate (rollout): 0.38 | Loss: 0.188 | Opp label coverage: 0.87
Step 2488889/5000000 | Win rate (rollout): 0.50 | Loss: 0.267 | Opp label coverage: 0.88
Step 2489407/5000000 | Win rate (rollout): 0.74 | Loss: 0.174 | Opp label coverage: 0.87
Step 2489919/5000000 | Win rate (rollout): 0.60 | Loss: 0.196 | Opp label coverage: 0.83
Step 2490431/5000000 | Win rate (rollout): 0.43 | Loss: 0.176 | Opp label coverage: 0.87
Step 2490948/5000000 | Win rate (rollout): 0.55 | Loss: 0.158 | Opp label coverage: 0.89
Step 2491460/5000000 | Win rate (rollout): 0.55 | Loss: 0.189 | Opp label coverage: 0.84
Step 2491972/5000000 | Win rate (rollout): 0.46 | Loss: 0.196 | Opp label coverage: 0.84
Step 2492484/5000000 | Win rate (rollout): 0.29 | Loss: 0.210 | Opp label coverage: 0.81
Step 2493002/5000000 | Win rate (rollout): 0.58 | Loss: 0.174 | Opp label coverage: 0.89
Step 2493519/5000000 | Win rate (rollout): 0.46 | Loss: 0.165 | Opp label coverage: 0.89
Step 2494031/5000000 | Win rate (rollout): 0.64 | Loss: 0.186 | Opp label coverage: 0.83
Step 2494543/5000000 | Win rate (rollout): 0.31 | Loss: 0.193 | Opp label coverage: 0.83
Step 2495055/5000000 | Win rate (rollout): 0.39 | Loss: 0.204 | Opp label coverage: 0.85
Step 2495568/5000000 | Win rate (rollout): 0.64 | Loss: 0.223 | Opp label coverage: 0.88
Step 2496080/5000000 | Win rate (rollout): 0.44 | Loss: 0.185 | Opp label coverage: 0.79
Step 2496592/5000000 | Win rate (rollout): 0.50 | Loss: 0.183 | Opp label coverage: 0.81
Step 2497104/5000000 | Win rate (rollout): 0.55 | Loss: 0.238 | Opp label coverage: 0.87
Step 2497616/5000000 | Win rate (rollout): 0.39 | Loss: 0.196 | Opp label coverage: 0.88
Step 2498128/5000000 | Win rate (rollout): 0.55 | Loss: 0.177 | Opp label coverage: 0.85
Step 2498640/5000000 | Win rate (rollout): 0.36 | Loss: 0.219 | Opp label coverage: 0.82
Step 2499154/5000000 | Win rate (rollout): 0.50 | Loss: 0.141 | Opp label coverage: 0.88
Step 2499666/5000000 | Win rate (rollout): 0.44 | Loss: 0.188 | Opp label coverage: 0.86
Step 2500178/5000000 | Win rate (rollout): 0.62 | Loss: 0.178 | Opp label coverage: 0.78
[checkpoint] Saved /Users/laithassaf/Documents/Programs/Archived/pokemon-showdown/models/ppo/checkpoints/opp/ppo_step_2500346.pt
Step 2500690/5000000 | Win rate (rollout): 0.64 | Loss: 0.174 | Opp label coverage: 0.84
Step 2501202/5000000 | Win rate (rollout): 0.54 | Loss: 0.197 | Opp label coverage: 0.88
Step 2501718/5000000 | Win rate (rollout): 0.42 | Loss: 0.196 | Opp label coverage: 0.88
Step 2502234/5000000 | Win rate (rollout): 0.57 | Loss: 0.233 | Opp label coverage: 0.88
Step 2502746/5000000 | Win rate (rollout): 0.47 | Loss: 0.197 | Opp label coverage: 0.81
Step 2503259/5000000 | Win rate (rollout): 0.78 | Loss: 0.115 | Opp label coverage: 0.89
Step 2503771/5000000 | Win rate (rollout): 0.86 | Loss: 0.149 | Opp label coverage: 0.87
Step 2504283/5000000 | Win rate (rollout): 0.50 | Loss: 0.179 | Opp label coverage: 0.87
Step 2504795/5000000 | Win rate (rollout): 0.56 | Loss: 0.165 | Opp label coverage: 0.83
Step 2505307/5000000 | Win rate (rollout): 0.33 | Loss: 0.172 | Opp label coverage: 0.86
Step 2505819/5000000 | Win rate (rollout): 0.23 | Loss: 0.174 | Opp label coverage: 0.83
Step 2506338/5000000 | Win rate (rollout): 0.69 | Loss: 0.173 | Opp label coverage: 0.88
Step 2506850/5000000 | Win rate (rollout): 0.65 | Loss: 0.197 | Opp label coverage: 0.86
Step 2507362/5000000 | Win rate (rollout): 0.50 | Loss: 0.159 | Opp label coverage: 0.82
Step 2507880/5000000 | Win rate (rollout): 0.69 | Loss: 0.157 | Opp label coverage: 0.88
Step 2508396/5000000 | Win rate (rollout): 0.64 | Loss: 0.147 | Opp label coverage: 0.90
Step 2508909/5000000 | Win rate (rollout): 0.35 | Loss: 0.179 | Opp label coverage: 0.85
Step 2509421/5000000 | Win rate (rollout): 0.38 | Loss: 0.202 | Opp label coverage: 0.86
Step 2509938/5000000 | Win rate (rollout): 0.60 | Loss: 0.211 | Opp label coverage: 0.88
Step 2510453/5000000 | Win rate (rollout): 0.25 | Loss: 0.126 | Opp label coverage: 0.88
Step 2510965/5000000 | Win rate (rollout): 0.53 | Loss: 0.230 | Opp label coverage: 0.88
Step 2511477/5000000 | Win rate (rollout): 0.46 | Loss: 0.163 | Opp label coverage: 0.83
Step 2511992/5000000 | Win rate (rollout): 0.75 | Loss: 0.143 | Opp label coverage: 0.90
Step 2512504/5000000 | Win rate (rollout): 0.47 | Loss: 0.185 | Opp label coverage: 0.85
Step 2513016/5000000 | Win rate (rollout): 0.62 | Loss: 0.189 | Opp label coverage: 0.84
Step 2513528/5000000 | Win rate (rollout): 0.44 | Loss: 0.152 | Opp label coverage: 0.83
Step 2514042/5000000 | Win rate (rollout): 0.42 | Loss: 0.217 | Opp label coverage: 0.87
Step 2514558/5000000 | Win rate (rollout): 0.43 | Loss: 0.161 | Opp label coverage: 0.90
Step 2515070/5000000 | Win rate (rollout): 0.38 | Loss: 0.177 | Opp label coverage: 0.85
Step 2515586/5000000 | Win rate (rollout): 0.64 | Loss: 0.156 | Opp label coverage: 0.89
Step 2516098/5000000 | Win rate (rollout): 0.80 | Loss: 0.166 | Opp label coverage: 0.81
Step 2516610/5000000 | Win rate (rollout): 0.23 | Loss: 0.192 | Opp label coverage: 0.86
Step 2517122/5000000 | Win rate (rollout): 0.70 | Loss: 0.167 | Opp label coverage: 0.79
Step 2517641/5000000 | Win rate (rollout): 0.33 | Loss: 0.162 | Opp label coverage: 0.87
Step 2518153/5000000 | Win rate (rollout): 0.23 | Loss: 0.165 | Opp label coverage: 0.78
Step 2518666/5000000 | Win rate (rollout): 0.33 | Loss: 0.110 | Opp label coverage: 0.89
Step 2519183/5000000 | Win rate (rollout): 0.50 | Loss: 0.189 | Opp label coverage: 0.90
Step 2519695/5000000 | Win rate (rollout): 0.21 | Loss: 0.163 | Opp label coverage: 0.85
Step 2520207/5000000 | Win rate (rollout): 0.73 | Loss: 0.175 | Opp label coverage: 0.84
Step 2520719/5000000 | Win rate (rollout): 0.57 | Loss: 0.150 | Opp label coverage: 0.84
Step 2521231/5000000 | Win rate (rollout): 0.54 | Loss: 0.184 | Opp label coverage: 0.85
Step 2521743/5000000 | Win rate (rollout): 0.54 | Loss: 0.162 | Opp label coverage: 0.86
Step 2522260/5000000 | Win rate (rollout): 0.30 | Loss: 0.226 | Opp label coverage: 0.88
Step 2522772/5000000 | Win rate (rollout): 0.47 | Loss: 0.169 | Opp label coverage: 0.89
Step 2523284/5000000 | Win rate (rollout): 0.29 | Loss: 0.208 | Opp label coverage: 0.83
Step 2523796/5000000 | Win rate (rollout): 0.29 | Loss: 0.178 | Opp label coverage: 0.84
Step 2524308/5000000 | Win rate (rollout): 0.45 | Loss: 0.174 | Opp label coverage: 0.89
Step 2524820/5000000 | Win rate (rollout): 0.31 | Loss: 0.186 | Opp label coverage: 0.79
Step 2525332/5000000 | Win rate (rollout): 0.90 | Loss: 0.184 | Opp label coverage: 0.84
[checkpoint] Saved /Users/laithassaf/Documents/Programs/Archived/pokemon-showdown/models/ppo/checkpoints/opp/ppo_step_2525348.pt
Step 2525845/5000000 | Win rate (rollout): 0.82 | Loss: 0.146 | Opp label coverage: 0.88
Step 2526357/5000000 | Win rate (rollout): 0.75 | Loss: 0.166 | Opp label coverage: 0.83
Step 2526872/5000000 | Win rate (rollout): 0.25 | Loss: 0.171 | Opp label coverage: 0.88
Step 2527386/5000000 | Win rate (rollout): 0.46 | Loss: 0.208 | Opp label coverage: 0.88
Step 2527898/5000000 | Win rate (rollout): 0.45 | Loss: 0.193 | Opp label coverage: 0.82
Step 2528412/5000000 | Win rate (rollout): 0.40 | Loss: 0.184 | Opp label coverage: 0.89
Step 2528926/5000000 | Win rate (rollout): 0.53 | Loss: 0.234 | Opp label coverage: 0.88
Step 2529441/5000000 | Win rate (rollout): 0.43 | Loss: 0.130 | Opp label coverage: 0.89
Step 2529953/5000000 | Win rate (rollout): 0.25 | Loss: 0.184 | Opp label coverage: 0.84
Step 2530469/5000000 | Win rate (rollout): 0.73 | Loss: 0.191 | Opp label coverage: 0.86
Step 2530981/5000000 | Win rate (rollout): 0.36 | Loss: 0.200 | Opp label coverage: 0.83
Step 2531493/5000000 | Win rate (rollout): 0.38 | Loss: 0.192 | Opp label coverage: 0.80
Step 2532008/5000000 | Win rate (rollout): 0.67 | Loss: 0.144 | Opp label coverage: 0.89
Step 2532527/5000000 | Win rate (rollout): 0.29 | Loss: 0.180 | Opp label coverage: 0.88
Step 2533043/5000000 | Win rate (rollout): 0.36 | Loss: 0.194 | Opp label coverage: 0.89
Step 2533555/5000000 | Win rate (rollout): 0.50 | Loss: 0.251 | Opp label coverage: 0.82
Step 2534067/5000000 | Win rate (rollout): 0.60 | Loss: 0.160 | Opp label coverage: 0.88
Step 2534580/5000000 | Win rate (rollout): 0.53 | Loss: 0.174 | Opp label coverage: 0.88
Step 2535092/5000000 | Win rate (rollout): 0.62 | Loss: 0.206 | Opp label coverage: 0.83
Step 2535607/5000000 | Win rate (rollout): 0.50 | Loss: 0.264 | Opp label coverage: 0.87
Step 2536125/5000000 | Win rate (rollout): 0.43 | Loss: 0.222 | Opp label coverage: 0.89
Step 2536637/5000000 | Win rate (rollout): 0.69 | Loss: 0.193 | Opp label coverage: 0.85
Step 2537152/5000000 | Win rate (rollout): 0.70 | Loss: 0.143 | Opp label coverage: 0.89
Step 2537664/5000000 | Win rate (rollout): 0.33 | Loss: 0.180 | Opp label coverage: 0.87
Step 2538176/5000000 | Win rate (rollout): 0.60 | Loss: 0.159 | Opp label coverage: 0.84
Step 2538688/5000000 | Win rate (rollout): 0.50 | Loss: 0.168 | Opp label coverage: 0.79
Step 2539200/5000000 | Win rate (rollout): 0.50 | Loss: 0.153 | Opp label coverage: 0.88
Step 2539712/5000000 | Win rate (rollout): 0.57 | Loss: 0.183 | Opp label coverage: 0.85
Step 2540229/5000000 | Win rate (rollout): 0.67 | Loss: 0.181 | Opp label coverage: 0.90
Step 2540741/5000000 | Win rate (rollout): 0.46 | Loss: 0.182 | Opp label coverage: 0.78
Step 2541253/5000000 | Win rate (rollout): 0.40 | Loss: 0.185 | Opp label coverage: 0.80
Step 2541765/5000000 | Win rate (rollout): 0.20 | Loss: 0.153 | Opp label coverage: 0.88
Step 2542283/5000000 | Win rate (rollout): 0.44 | Loss: 0.214 | Opp label coverage: 0.88
Step 2542795/5000000 | Win rate (rollout): 0.60 | Loss: 0.154 | Opp label coverage: 0.84
Step 2543313/5000000 | Win rate (rollout): 0.44 | Loss: 0.177 | Opp label coverage: 0.89
Step 2543830/5000000 | Win rate (rollout): 0.62 | Loss: 0.054 | Opp label coverage: 0.90
Step 2544346/5000000 | Win rate (rollout): 0.62 | Loss: 0.158 | Opp label coverage: 0.89
Step 2544862/5000000 | Win rate (rollout): 0.33 | Loss: 0.118 | Opp label coverage: 0.90
Step 2545376/5000000 | Win rate (rollout): 0.69 | Loss: 0.154 | Opp label coverage: 0.90
Step 2545888/5000000 | Win rate (rollout): 0.50 | Loss: 0.222 | Opp label coverage: 0.83
Step 2546400/5000000 | Win rate (rollout): 0.75 | Loss: 0.168 | Opp label coverage: 0.86
Step 2546916/5000000 | Win rate (rollout): 0.56 | Loss: 0.155 | Opp label coverage: 0.90
Step 2547428/5000000 | Win rate (rollout): 0.42 | Loss: 0.166 | Opp label coverage: 0.86
Step 2547945/5000000 | Win rate (rollout): 0.27 | Loss: 0.176 | Opp label coverage: 0.89
Step 2548457/5000000 | Win rate (rollout): 0.64 | Loss: 0.164 | Opp label coverage: 0.82
Step 2548974/5000000 | Win rate (rollout): 0.58 | Loss: 0.181 | Opp label coverage: 0.88
Step 2549486/5000000 | Win rate (rollout): 0.33 | Loss: 0.201 | Opp label coverage: 0.84
Step 2549999/5000000 | Win rate (rollout): 0.60 | Loss: 0.217 | Opp label coverage: 0.88
[checkpoint] Saved /Users/laithassaf/Documents/Programs/Archived/pokemon-showdown/models/ppo/checkpoints/opp/ppo_step_2550351.pt
Step 2550511/5000000 | Win rate (rollout): 0.43 | Loss: 0.208 | Opp label coverage: 0.80
Step 2551023/5000000 | Win rate (rollout): 0.14 | Loss: 0.156 | Opp label coverage: 0.87
Step 2551535/5000000 | Win rate (rollout): 0.53 | Loss: 0.196 | Opp label coverage: 0.83
Step 2552049/5000000 | Win rate (rollout): 0.45 | Loss: 0.173 | Opp label coverage: 0.89
Step 2552567/5000000 | Win rate (rollout): 0.59 | Loss: 0.175 | Opp label coverage: 0.88
Step 2553079/5000000 | Win rate (rollout): 0.46 | Loss: 0.190 | Opp label coverage: 0.83
Step 2553592/5000000 | Win rate (rollout): 0.77 | Loss: 0.197 | Opp label coverage: 0.89
Step 2554104/5000000 | Win rate (rollout): 0.57 | Loss: 0.157 | Opp label coverage: 0.82
Step 2554622/5000000 | Win rate (rollout): 0.67 | Loss: 0.156 | Opp label coverage: 0.88
Step 2555134/5000000 | Win rate (rollout): 0.62 | Loss: 0.228 | Opp label coverage: 0.83
Step 2555648/5000000 | Win rate (rollout): 0.50 | Loss: 0.138 | Opp label coverage: 0.86
Step 2556163/5000000 | Win rate (rollout): 0.44 | Loss: 0.111 | Opp label coverage: 0.88
Step 2556675/5000000 | Win rate (rollout): 0.44 | Loss: 0.209 | Opp label coverage: 0.80
Step 2557187/5000000 | Win rate (rollout): 0.53 | Loss: 0.212 | Opp label coverage: 0.84
Step 2557699/5000000 | Win rate (rollout): 0.44 | Loss: 0.205 | Opp label coverage: 0.81
Step 2558215/5000000 | Win rate (rollout): 0.36 | Loss: 0.171 | Opp label coverage: 0.86
Step 2558727/5000000 | Win rate (rollout): 0.17 | Loss: 0.163 | Opp label coverage: 0.84
Step 2559239/5000000 | Win rate (rollout): 0.31 | Loss: 0.175 | Opp label coverage: 0.83
Step 2559756/5000000 | Win rate (rollout): 0.22 | Loss: 0.150 | Opp label coverage: 0.87
Step 2560269/5000000 | Win rate (rollout): 0.44 | Loss: 0.175 | Opp label coverage: 0.89
Step 2560781/5000000 | Win rate (rollout): 0.56 | Loss: 0.192 | Opp label coverage: 0.80
Step 2561297/5000000 | Win rate (rollout): 0.54 | Loss: 0.183 | Opp label coverage: 0.87
Step 2561809/5000000 | Win rate (rollout): 0.33 | Loss: 0.187 | Opp label coverage: 0.82
Step 2562326/5000000 | Win rate (rollout): 0.62 | Loss: 0.202 | Opp label coverage: 0.91
Step 2562838/5000000 | Win rate (rollout): 0.36 | Loss: 0.206 | Opp label coverage: 0.79
Step 2563357/5000000 | Win rate (rollout): 0.43 | Loss: 0.157 | Opp label coverage: 0.90
Step 2563869/5000000 | Win rate (rollout): 0.77 | Loss: 0.187 | Opp label coverage: 0.83
Step 2564381/5000000 | Win rate (rollout): 0.12 | Loss: 0.146 | Opp label coverage: 0.83
Step 2564893/5000000 | Win rate (rollout): 0.31 | Loss: 0.221 | Opp label coverage: 0.82
Step 2565410/5000000 | Win rate (rollout): 0.64 | Loss: 0.194 | Opp label coverage: 0.88
Step 2565922/5000000 | Win rate (rollout): 0.89 | Loss: 0.171 | Opp label coverage: 0.79
Step 2566434/5000000 | Win rate (rollout): 0.29 | Loss: 0.204 | Opp label coverage: 0.81
Step 2566946/5000000 | Win rate (rollout): 0.43 | Loss: 0.191 | Opp label coverage: 0.83
Step 2567458/5000000 | Win rate (rollout): 0.44 | Loss: 0.176 | Opp label coverage: 0.89
Step 2567971/5000000 | Win rate (rollout): 0.59 | Loss: 0.146 | Opp label coverage: 0.87
Step 2568490/5000000 | Win rate (rollout): 0.64 | Loss: 0.169 | Opp label coverage: 0.88
Step 2569002/5000000 | Win rate (rollout): 0.64 | Loss: 0.186 | Opp label coverage: 0.89
Step 2569514/5000000 | Win rate (rollout): 0.43 | Loss: 0.165 | Opp label coverage: 0.83
Step 2570027/5000000 | Win rate (rollout): 0.80 | Loss: 0.219 | Opp label coverage: 0.90
Step 2570539/5000000 | Win rate (rollout): 0.69 | Loss: 0.201 | Opp label coverage: 0.81
Step 2571056/5000000 | Win rate (rollout): 0.50 | Loss: 0.168 | Opp label coverage: 0.89
Step 2571568/5000000 | Win rate (rollout): 0.60 | Loss: 0.184 | Opp label coverage: 0.75
Step 2572080/5000000 | Win rate (rollout): 0.40 | Loss: 0.222 | Opp label coverage: 0.80
Step 2572592/5000000 | Win rate (rollout): 0.45 | Loss: 0.131 | Opp label coverage: 0.89
Step 2573109/5000000 | Win rate (rollout): 0.45 | Loss: 0.166 | Opp label coverage: 0.90
Step 2573622/5000000 | Win rate (rollout): 0.24 | Loss: 0.061 | Opp label coverage: 0.87
Step 2574135/5000000 | Win rate (rollout): 0.50 | Loss: 0.163 | Opp label coverage: 0.87
Step 2574649/5000000 | Win rate (rollout): 0.47 | Loss: 0.204 | Opp label coverage: 0.87
Step 2575166/5000000 | Win rate (rollout): 0.27 | Loss: 0.151 | Opp label coverage: 0.90
[checkpoint] Saved /Users/laithassaf/Documents/Programs/Archived/pokemon-showdown/models/ppo/checkpoints/opp/ppo_step_2575351.pt
Step 2575678/5000000 | Win rate (rollout): 0.65 | Loss: 0.184 | Opp label coverage: 0.88
Step 2576192/5000000 | Win rate (rollout): 0.46 | Loss: 0.093 | Opp label coverage: 0.89
Step 2576704/5000000 | Win rate (rollout): 0.50 | Loss: 0.193 | Opp label coverage: 0.83
Step 2577216/5000000 | Win rate (rollout): 0.21 | Loss: 0.186 | Opp label coverage: 0.79
Step 2577731/5000000 | Win rate (rollout): 0.38 | Loss: 0.229 | Opp label coverage: 0.86
Step 2578247/5000000 | Win rate (rollout): 0.60 | Loss: 0.168 | Opp label coverage: 0.89
Step 2578759/5000000 | Win rate (rollout): 0.14 | Loss: 0.170 | Opp label coverage: 0.83
Step 2579274/5000000 | Win rate (rollout): 0.40 | Loss: 0.174 | Opp label coverage: 0.87
Step 2579789/5000000 | Win rate (rollout): 0.50 | Loss: 0.180 | Opp label coverage: 0.90
Step 2580303/5000000 | Win rate (rollout): 0.50 | Loss: 0.155 | Opp label coverage: 0.88
Step 2580819/5000000 | Win rate (rollout): 0.35 | Loss: 0.191 | Opp label coverage: 0.85
Step 2581332/5000000 | Win rate (rollout): 0.41 | Loss: 0.212 | Opp label coverage: 0.87
Step 2581844/5000000 | Win rate (rollout): 0.38 | Loss: 0.223 | Opp label coverage: 0.84
Step 2582356/5000000 | Win rate (rollout): 0.62 | Loss: 0.158 | Opp label coverage: 0.83
Step 2582868/5000000 | Win rate (rollout): 0.64 | Loss: 0.144 | Opp label coverage: 0.89
Step 2583380/5000000 | Win rate (rollout): 0.62 | Loss: 0.186 | Opp label coverage: 0.80
Step 2583893/5000000 | Win rate (rollout): 0.50 | Loss: 0.124 | Opp label coverage: 0.90
Step 2584405/5000000 | Win rate (rollout): 0.21 | Loss: 0.201 | Opp label coverage: 0.84
Step 2584922/5000000 | Win rate (rollout): 0.55 | Loss: 0.215 | Opp label coverage: 0.88
Step 2585434/5000000 | Win rate (rollout): 0.43 | Loss: 0.156 | Opp label coverage: 0.82
Step 2585948/5000000 | Win rate (rollout): 0.64 | Loss: 0.181 | Opp label coverage: 0.87
Step 2586460/5000000 | Win rate (rollout): 0.54 | Loss: 0.193 | Opp label coverage: 0.85
Step 2586972/5000000 | Win rate (rollout): 0.55 | Loss: 0.172 | Opp label coverage: 0.88
Step 2587487/5000000 | Win rate (rollout): 0.60 | Loss: 0.241 | Opp label coverage: 0.89
Step 2588000/5000000 | Win rate (rollout): 0.54 | Loss: 0.243 | Opp label coverage: 0.90
Step 2588516/5000000 | Win rate (rollout): 0.46 | Loss: 0.166 | Opp label coverage: 0.91
Step 2589029/5000000 | Win rate (rollout): 0.50 | Loss: 0.140 | Opp label coverage: 0.89
Step 2589541/5000000 | Win rate (rollout): 0.31 | Loss: 0.185 | Opp label coverage: 0.81
Step 2590053/5000000 | Win rate (rollout): 0.44 | Loss: 0.193 | Opp label coverage: 0.83
Step 2590565/5000000 | Win rate (rollout): 0.41 | Loss: 0.216 | Opp label coverage: 0.79
Step 2591077/5000000 | Win rate (rollout): 0.65 | Loss: 0.207 | Opp label coverage: 0.82
Step 2591589/5000000 | Win rate (rollout): 0.75 | Loss: 0.173 | Opp label coverage: 0.81
Step 2592101/5000000 | Win rate (rollout): 0.50 | Loss: 0.188 | Opp label coverage: 0.89
Step 2592613/5000000 | Win rate (rollout): 0.54 | Loss: 0.168 | Opp label coverage: 0.86
Step 2593126/5000000 | Win rate (rollout): 0.64 | Loss: 0.202 | Opp label coverage: 0.89
Step 2593644/5000000 | Win rate (rollout): 0.60 | Loss: 0.194 | Opp label coverage: 0.88
Step 2594156/5000000 | Win rate (rollout): 0.62 | Loss: 0.182 | Opp label coverage: 0.85
Step 2594668/5000000 | Win rate (rollout): 0.60 | Loss: 0.178 | Opp label coverage: 0.90
Step 2595182/5000000 | Win rate (rollout): 0.43 | Loss: 0.164 | Opp label coverage: 0.88
Step 2595696/5000000 | Win rate (rollout): 0.50 | Loss: 0.142 | Opp label coverage: 0.88
Step 2596213/5000000 | Win rate (rollout): 0.53 | Loss: 0.148 | Opp label coverage: 0.89
Step 2596730/5000000 | Win rate (rollout): 0.18 | Loss: 0.158 | Opp label coverage: 0.90
Step 2597249/5000000 | Win rate (rollout): 0.54 | Loss: 0.154 | Opp label coverage: 0.88
Step 2597761/5000000 | Win rate (rollout): 0.23 | Loss: 0.205 | Opp label coverage: 0.85
Step 2598273/5000000 | Win rate (rollout): 0.53 | Loss: 0.170 | Opp label coverage: 0.82
Step 2598791/5000000 | Win rate (rollout): 0.23 | Loss: 0.209 | Opp label coverage: 0.88
Step 2599308/5000000 | Win rate (rollout): 0.75 | Loss: 0.183 | Opp label coverage: 0.88
Step 2599820/5000000 | Win rate (rollout): 0.50 | Loss: 0.171 | Opp label coverage: 0.81
Step 2600332/5000000 | Win rate (rollout): 0.43 | Loss: 0.178 | Opp label coverage: 0.81
[checkpoint] Saved /Users/laithassaf/Documents/Programs/Archived/pokemon-showdown/models/ppo/checkpoints/opp/ppo_step_2600356.pt
Step 2600844/5000000 | Win rate (rollout): 0.38 | Loss: 0.177 | Opp label coverage: 0.85
Step 2601356/5000000 | Win rate (rollout): 0.50 | Loss: 0.183 | Opp label coverage: 0.84
Step 2601868/5000000 | Win rate (rollout): 0.40 | Loss: 0.174 | Opp label coverage: 0.88
Step 2602386/5000000 | Win rate (rollout): 0.38 | Loss: 0.198 | Opp label coverage: 0.89
Step 2602904/5000000 | Win rate (rollout): 0.60 | Loss: 0.144 | Opp label coverage: 0.93
Step 2603417/5000000 | Win rate (rollout): 0.70 | Loss: 0.132 | Opp label coverage: 0.91
Step 2603929/5000000 | Win rate (rollout): 0.25 | Loss: 0.155 | Opp label coverage: 0.84
Step 2604441/5000000 | Win rate (rollout): 0.30 | Loss: 0.151 | Opp label coverage: 0.78
Step 2604953/5000000 | Win rate (rollout): 0.82 | Loss: 0.171 | Opp label coverage: 0.80
Step 2605466/5000000 | Win rate (rollout): 0.50 | Loss: 0.213 | Opp label coverage: 0.89
Step 2605978/5000000 | Win rate (rollout): 0.56 | Loss: 0.184 | Opp label coverage: 0.87
Step 2606490/5000000 | Win rate (rollout): 0.56 | Loss: 0.160 | Opp label coverage: 0.90
Step 2607008/5000000 | Win rate (rollout): 0.82 | Loss: 0.176 | Opp label coverage: 0.90
Step 2607520/5000000 | Win rate (rollout): 0.77 | Loss: 0.170 | Opp label coverage: 0.83
Step 2608032/5000000 | Win rate (rollout): 0.38 | Loss: 0.223 | Opp label coverage: 0.84
Step 2608544/5000000 | Win rate (rollout): 0.36 | Loss: 0.172 | Opp label coverage: 0.83
Step 2609056/5000000 | Win rate (rollout): 0.27 | Loss: 0.158 | Opp label coverage: 0.77
Step 2609573/5000000 | Win rate (rollout): 0.55 | Loss: 0.167 | Opp label coverage: 0.88
Step 2610085/5000000 | Win rate (rollout): 0.38 | Loss: 0.188 | Opp label coverage: 0.88
Step 2610598/5000000 | Win rate (rollout): 0.43 | Loss: 0.096 | Opp label coverage: 0.87
Step 2611116/5000000 | Win rate (rollout): 0.38 | Loss: 0.189 | Opp label coverage: 0.87
Step 2611630/5000000 | Win rate (rollout): 0.54 | Loss: 0.197 | Opp label coverage: 0.90
Step 2612143/5000000 | Win rate (rollout): 0.31 | Loss: 0.194 | Opp label coverage: 0.87
Step 2612662/5000000 | Win rate (rollout): 0.47 | Loss: 0.162 | Opp label coverage: 0.91
Step 2613179/5000000 | Win rate (rollout): 0.50 | Loss: 0.169 | Opp label coverage: 0.88
Step 2613691/5000000 | Win rate (rollout): 0.73 | Loss: 0.186 | Opp label coverage: 0.84
Step 2614203/5000000 | Win rate (rollout): 0.29 | Loss: 0.183 | Opp label coverage: 0.81
Step 2614715/5000000 | Win rate (rollout): 0.56 | Loss: 0.227 | Opp label coverage: 0.86
Step 2615228/5000000 | Win rate (rollout): 0.60 | Loss: 0.165 | Opp label coverage: 0.89
Step 2615742/5000000 | Win rate (rollout): 0.76 | Loss: 0.200 | Opp label coverage: 0.86
Step 2616258/5000000 | Win rate (rollout): 0.60 | Loss: 0.175 | Opp label coverage: 0.87
Step 2616772/5000000 | Win rate (rollout): 0.31 | Loss: 0.219 | Opp label coverage: 0.87
Step 2617284/5000000 | Win rate (rollout): 0.54 | Loss: 0.198 | Opp label coverage: 0.81
Step 2617801/5000000 | Win rate (rollout): 0.56 | Loss: 0.170 | Opp label coverage: 0.91
Step 2618313/5000000 | Win rate (rollout): 0.62 | Loss: 0.189 | Opp label coverage: 0.85
Step 2618827/5000000 | Win rate (rollout): 0.82 | Loss: 0.158 | Opp label coverage: 0.90
Step 2619343/5000000 | Win rate (rollout): 0.57 | Loss: 0.201 | Opp label coverage: 0.89
Step 2619855/5000000 | Win rate (rollout): 0.47 | Loss: 0.217 | Opp label coverage: 0.83
Step 2620372/5000000 | Win rate (rollout): 0.50 | Loss: 0.122 | Opp label coverage: 0.88
Step 2620890/5000000 | Win rate (rollout): 0.29 | Loss: 0.147 | Opp label coverage: 0.88
Step 2621402/5000000 | Win rate (rollout): 0.69 | Loss: 0.240 | Opp label coverage: 0.84
Step 2621914/5000000 | Win rate (rollout): 0.78 | Loss: 0.176 | Opp label coverage: 0.80
Step 2622430/5000000 | Win rate (rollout): 0.73 | Loss: 0.124 | Opp label coverage: 0.88
Step 2622942/5000000 | Win rate (rollout): 0.71 | Loss: 0.159 | Opp label coverage: 0.82
Step 2623457/5000000 | Win rate (rollout): 0.70 | Loss: 0.180 | Opp label coverage: 0.89
Step 2623972/5000000 | Win rate (rollout): 0.67 | Loss: 0.122 | Opp label coverage: 0.89
Step 2624485/5000000 | Win rate (rollout): 0.57 | Loss: 0.113 | Opp label coverage: 0.88
Step 2624999/5000000 | Win rate (rollout): 0.40 | Loss: 0.170 | Opp label coverage: 0.87
[checkpoint] Saved /Users/laithassaf/Documents/Programs/Archived/pokemon-showdown/models/ppo/checkpoints/opp/ppo_step_2625359.pt
Step 2625511/5000000 | Win rate (rollout): 0.62 | Loss: 0.211 | Opp label coverage: 0.84
Step 2626023/5000000 | Win rate (rollout): 0.58 | Loss: 0.189 | Opp label coverage: 0.84
Step 2626536/5000000 | Win rate (rollout): 0.42 | Loss: 0.153 | Opp label coverage: 0.87
Step 2627048/5000000 | Win rate (rollout): 0.36 | Loss: 0.189 | Opp label coverage: 0.85
Step 2627560/5000000 | Win rate (rollout): 0.75 | Loss: 0.183 | Opp label coverage: 0.85
Step 2628072/5000000 | Win rate (rollout): 0.36 | Loss: 0.192 | Opp label coverage: 0.88
Step 2628584/5000000 | Win rate (rollout): 0.50 | Loss: 0.203 | Opp label coverage: 0.82
Step 2629096/5000000 | Win rate (rollout): 0.53 | Loss: 0.193 | Opp label coverage: 0.83
Step 2629613/5000000 | Win rate (rollout): 0.73 | Loss: 0.198 | Opp label coverage: 0.88
Step 2630130/5000000 | Win rate (rollout): 0.62 | Loss: 0.174 | Opp label coverage: 0.89
Step 2630647/5000000 | Win rate (rollout): 0.50 | Loss: 0.226 | Opp label coverage: 0.88
Step 2631159/5000000 | Win rate (rollout): 0.62 | Loss: 0.180 | Opp label coverage: 0.83
Step 2631677/5000000 | Win rate (rollout): 0.54 | Loss: 0.170 | Opp label coverage: 0.86
Step 2632192/5000000 | Win rate (rollout): 0.67 | Loss: 0.210 | Opp label coverage: 0.89
Step 2632704/5000000 | Win rate (rollout): 0.40 | Loss: 0.232 | Opp label coverage: 0.84
Step 2633217/5000000 | Win rate (rollout): 0.42 | Loss: 0.288 | Opp label coverage: 0.88
Step 2633729/5000000 | Win rate (rollout): 0.20 | Loss: 0.170 | Opp label coverage: 0.83
Step 2634242/5000000 | Win rate (rollout): 0.55 | Loss: 0.194 | Opp label coverage: 0.87
Step 2634754/5000000 | Win rate (rollout): 0.21 | Loss: 0.191 | Opp label coverage: 0.83
Step 2635273/5000000 | Win rate (rollout): 0.54 | Loss: 0.214 | Opp label coverage: 0.87
Step 2635785/5000000 | Win rate (rollout): 0.43 | Loss: 0.208 | Opp label coverage: 0.82
Step 2636300/5000000 | Win rate (rollout): 0.27 | Loss: 0.106 | Opp label coverage: 0.90
Step 2636816/5000000 | Win rate (rollout): 0.58 | Loss: 0.136 | Opp label coverage: 0.88
Step 2637328/5000000 | Win rate (rollout): 0.31 | Loss: 0.201 | Opp label coverage: 0.83
Step 2637840/5000000 | Win rate (rollout): 0.33 | Loss: 0.194 | Opp label coverage: 0.81
Step 2638354/5000000 | Win rate (rollout): 0.46 | Loss: 0.213 | Opp label coverage: 0.87
Step 2638868/5000000 | Win rate (rollout): 0.60 | Loss: 0.161 | Opp label coverage: 0.87
Step 2639380/5000000 | Win rate (rollout): 0.50 | Loss: 0.183 | Opp label coverage: 0.83
Step 2639892/5000000 | Win rate (rollout): 0.45 | Loss: 0.199 | Opp label coverage: 0.83
Step 2640409/5000000 | Win rate (rollout): 0.36 | Loss: 0.169 | Opp label coverage: 0.87
Step 2640921/5000000 | Win rate (rollout): 0.62 | Loss: 0.141 | Opp label coverage: 0.89
Step 2641434/5000000 | Win rate (rollout): 0.79 | Loss: 0.234 | Opp label coverage: 0.88
Step 2641946/5000000 | Win rate (rollout): 0.62 | Loss: 0.199 | Opp label coverage: 0.85
Step 2642458/5000000 | Win rate (rollout): 0.56 | Loss: 0.214 | Opp label coverage: 0.84
Step 2642970/5000000 | Win rate (rollout): 0.25 | Loss: 0.170 | Opp label coverage: 0.80
Step 2643482/5000000 | Win rate (rollout): 0.25 | Loss: 0.163 | Opp label coverage: 0.83
Step 2643999/5000000 | Win rate (rollout): 0.44 | Loss: 0.204 | Opp label coverage: 0.89
Step 2644515/5000000 | Win rate (rollout): 0.13 | Loss: 0.183 | Opp label coverage: 0.87
Step 2645027/5000000 | Win rate (rollout): 0.58 | Loss: 0.221 | Opp label coverage: 0.85
Step 2645544/5000000 | Win rate (rollout): 0.43 | Loss: 0.170 | Opp label coverage: 0.85
Step 2646058/5000000 | Win rate (rollout): 0.71 | Loss: 0.156 | Opp label coverage: 0.86
Step 2646574/5000000 | Win rate (rollout): 0.40 | Loss: 0.222 | Opp label coverage: 0.86
Step 2647086/5000000 | Win rate (rollout): 0.50 | Loss: 0.163 | Opp label coverage: 0.84
Step 2647600/5000000 | Win rate (rollout): 0.53 | Loss: 0.152 | Opp label coverage: 0.87
Step 2648112/5000000 | Win rate (rollout): 0.57 | Loss: 0.183 | Opp label coverage: 0.87
Step 2648629/5000000 | Win rate (rollout): 0.59 | Loss: 0.206 | Opp label coverage: 0.87
Step 2649141/5000000 | Win rate (rollout): 0.36 | Loss: 0.234 | Opp label coverage: 0.84
Step 2649659/5000000 | Win rate (rollout): 0.60 | Loss: 0.186 | Opp label coverage: 0.90
Step 2650171/5000000 | Win rate (rollout): 0.44 | Loss: 0.192 | Opp label coverage: 0.83
[checkpoint] Saved /Users/laithassaf/Documents/Programs/Archived/pokemon-showdown/models/ppo/checkpoints/opp/ppo_step_2650363.pt
Step 2650683/5000000 | Win rate (rollout): 0.55 | Loss: 0.171 | Opp label coverage: 0.85
Step 2651195/5000000 | Win rate (rollout): 0.46 | Loss: 0.224 | Opp label coverage: 0.86
Step 2651714/5000000 | Win rate (rollout): 0.36 | Loss: 0.172 | Opp label coverage: 0.87
Step 2652229/5000000 | Win rate (rollout): 0.56 | Loss: 0.210 | Opp label coverage: 0.88
Step 2652743/5000000 | Win rate (rollout): 0.58 | Loss: 0.165 | Opp label coverage: 0.91
Step 2653255/5000000 | Win rate (rollout): 0.44 | Loss: 0.188 | Opp label coverage: 0.85
Step 2653767/5000000 | Win rate (rollout): 0.38 | Loss: 0.171 | Opp label coverage: 0.81
Step 2654279/5000000 | Win rate (rollout): 0.38 | Loss: 0.187 | Opp label coverage: 0.85
Step 2654791/5000000 | Win rate (rollout): 0.44 | Loss: 0.174 | Opp label coverage: 0.84
Step 2655303/5000000 | Win rate (rollout): 0.67 | Loss: 0.182 | Opp label coverage: 0.85
Step 2655821/5000000 | Win rate (rollout): 0.42 | Loss: 0.223 | Opp label coverage: 0.88
Step 2656333/5000000 | Win rate (rollout): 0.60 | Loss: 0.184 | Opp label coverage: 0.83
Step 2656845/5000000 | Win rate (rollout): 0.33 | Loss: 0.176 | Opp label coverage: 0.83
Step 2657357/5000000 | Win rate (rollout): 0.70 | Loss: 0.159 | Opp label coverage: 0.83
Step 2657869/5000000 | Win rate (rollout): 0.21 | Loss: 0.181 | Opp label coverage: 0.82
Step 2658387/5000000 | Win rate (rollout): 0.50 | Loss: 0.218 | Opp label coverage: 0.88
Step 2658903/5000000 | Win rate (rollout): 0.56 | Loss: 0.175 | Opp label coverage: 0.87
Step 2659415/5000000 | Win rate (rollout): 0.38 | Loss: 0.185 | Opp label coverage: 0.85
Step 2659934/5000000 | Win rate (rollout): 0.50 | Loss: 0.168 | Opp label coverage: 0.89
Step 2660446/5000000 | Win rate (rollout): 0.56 | Loss: 0.210 | Opp label coverage: 0.88
Step 2660958/5000000 | Win rate (rollout): 0.62 | Loss: 0.164 | Opp label coverage: 0.81
Step 2661470/5000000 | Win rate (rollout): 0.43 | Loss: 0.176 | Opp label coverage: 0.80
Step 2661982/5000000 | Win rate (rollout): 0.45 | Loss: 0.173 | Opp label coverage: 0.87
Step 2662498/5000000 | Win rate (rollout): 0.47 | Loss: 0.174 | Opp label coverage: 0.86
Step 2663014/5000000 | Win rate (rollout): 0.40 | Loss: 0.212 | Opp label coverage: 0.87
Step 2663529/5000000 | Win rate (rollout): 0.57 | Loss: 0.203 | Opp label coverage: 0.87
Step 2664047/5000000 | Win rate (rollout): 0.38 | Loss: 0.207 | Opp label coverage: 0.90
Step 2664561/5000000 | Win rate (rollout): 0.35 | Loss: 0.182 | Opp label coverage: 0.88
Step 2665073/5000000 | Win rate (rollout): 0.30 | Loss: 0.176 | Opp label coverage: 0.83
Step 2665585/5000000 | Win rate (rollout): 0.42 | Loss: 0.183 | Opp label coverage: 0.81
Step 2666097/5000000 | Win rate (rollout): 0.50 | Loss: 0.201 | Opp label coverage: 0.84
Step 2666615/5000000 | Win rate (rollout): 0.40 | Loss: 0.176 | Opp label coverage: 0.89
Step 2667127/5000000 | Win rate (rollout): 0.62 | Loss: 0.182 | Opp label coverage: 0.85
Step 2667643/5000000 | Win rate (rollout): 0.36 | Loss: 0.186 | Opp label coverage: 0.88
Step 2668161/5000000 | Win rate (rollout): 0.79 | Loss: 0.203 | Opp label coverage: 0.89
Step 2668675/5000000 | Win rate (rollout): 0.57 | Loss: 0.121 | Opp label coverage: 0.89
Step 2669193/5000000 | Win rate (rollout): 0.50 | Loss: 0.163 | Opp label coverage: 0.87
Step 2669705/5000000 | Win rate (rollout): 0.50 | Loss: 0.191 | Opp label coverage: 0.82
Step 2670224/5000000 | Win rate (rollout): 0.60 | Loss: 0.197 | Opp label coverage: 0.88
Step 2670736/5000000 | Win rate (rollout): 0.60 | Loss: 0.186 | Opp label coverage: 0.83
Step 2671248/5000000 | Win rate (rollout): 0.67 | Loss: 0.183 | Opp label coverage: 0.88
Step 2671760/5000000 | Win rate (rollout): 0.38 | Loss: 0.209 | Opp label coverage: 0.83
Step 2672272/5000000 | Win rate (rollout): 0.50 | Loss: 0.223 | Opp label coverage: 0.79
Step 2672784/5000000 | Win rate (rollout): 0.71 | Loss: 0.164 | Opp label coverage: 0.83
Step 2673303/5000000 | Win rate (rollout): 0.33 | Loss: 0.163 | Opp label coverage: 0.87
Step 2673816/5000000 | Win rate (rollout): 0.59 | Loss: 0.172 | Opp label coverage: 0.88
Step 2674328/5000000 | Win rate (rollout): 0.38 | Loss: 0.211 | Opp label coverage: 0.84
Step 2674844/5000000 | Win rate (rollout): 0.60 | Loss: 0.135 | Opp label coverage: 0.90
Step 2675356/5000000 | Win rate (rollout): 0.33 | Loss: 0.185 | Opp label coverage: 0.79
[checkpoint] Saved /Users/laithassaf/Documents/Programs/Archived/pokemon-showdown/models/ppo/checkpoints/opp/ppo_step_2675364.pt
Step 2675868/5000000 | Win rate (rollout): 0.50 | Loss: 0.220 | Opp label coverage: 0.80
Step 2676380/5000000 | Win rate (rollout): 0.62 | Loss: 0.150 | Opp label coverage: 0.81
Step 2676892/5000000 | Win rate (rollout): 0.38 | Loss: 0.180 | Opp label coverage: 0.84
Step 2677405/5000000 | Win rate (rollout): 0.31 | Loss: 0.155 | Opp label coverage: 0.87
Step 2677920/5000000 | Win rate (rollout): 0.43 | Loss: 0.159 | Opp label coverage: 0.88
Step 2678437/5000000 | Win rate (rollout): 0.67 | Loss: 0.176 | Opp label coverage: 0.89
Step 2678950/5000000 | Win rate (rollout): 0.58 | Loss: 0.133 | Opp label coverage: 0.90
Step 2679462/5000000 | Win rate (rollout): 0.73 | Loss: 0.181 | Opp label coverage: 0.93
Step 2679978/5000000 | Win rate (rollout): 0.43 | Loss: 0.201 | Opp label coverage: 0.91
Step 2680490/5000000 | Win rate (rollout): 0.40 | Loss: 0.175 | Opp label coverage: 0.84
Step 2681003/5000000 | Win rate (rollout): 0.08 | Loss: 0.152 | Opp label coverage: 0.87
Step 2681516/5000000 | Win rate (rollout): 0.50 | Loss: 0.205 | Opp label coverage: 0.89
Step 2682031/5000000 | Win rate (rollout): 0.53 | Loss: 0.239 | Opp label coverage: 0.89
Step 2682543/5000000 | Win rate (rollout): 0.46 | Loss: 0.179 | Opp label coverage: 0.83
Step 2683055/5000000 | Win rate (rollout): 0.44 | Loss: 0.180 | Opp label coverage: 0.84
Step 2683572/5000000 | Win rate (rollout): 0.67 | Loss: 0.150 | Opp label coverage: 0.89
Step 2684085/5000000 | Win rate (rollout): 0.50 | Loss: 0.260 | Opp label coverage: 0.87
Step 2684603/5000000 | Win rate (rollout): 0.43 | Loss: 0.172 | Opp label coverage: 0.89
Step 2685121/5000000 | Win rate (rollout): 0.50 | Loss: 0.180 | Opp label coverage: 0.88
Step 2685635/5000000 | Win rate (rollout): 0.57 | Loss: 0.153 | Opp label coverage: 0.90
Step 2686149/5000000 | Win rate (rollout): 0.36 | Loss: 0.227 | Opp label coverage: 0.86
Step 2686667/5000000 | Win rate (rollout): 0.38 | Loss: 0.175 | Opp label coverage: 0.89
Step 2687182/5000000 | Win rate (rollout): 0.54 | Loss: 0.204 | Opp label coverage: 0.90
Step 2687697/5000000 | Win rate (rollout): 0.50 | Loss: 0.147 | Opp label coverage: 0.89
Step 2688213/5000000 | Win rate (rollout): 0.56 | Loss: 0.219 | Opp label coverage: 0.88
Step 2688725/5000000 | Win rate (rollout): 0.56 | Loss: 0.188 | Opp label coverage: 0.83
Step 2689243/5000000 | Win rate (rollout): 0.70 | Loss: 0.192 | Opp label coverage: 0.88
Step 2689761/5000000 | Win rate (rollout): 0.33 | Loss: 0.185 | Opp label coverage: 0.88
Step 2690273/5000000 | Win rate (rollout): 0.57 | Loss: 0.174 | Opp label coverage: 0.81
Step 2690785/5000000 | Win rate (rollout): 0.36 | Loss: 0.176 | Opp label coverage: 0.83
Step 2691301/5000000 | Win rate (rollout): 0.53 | Loss: 0.174 | Opp label coverage: 0.85
Step 2691818/5000000 | Win rate (rollout): 0.38 | Loss: 0.187 | Opp label coverage: 0.86
Step 2692330/5000000 | Win rate (rollout): 0.27 | Loss: 0.199 | Opp label coverage: 0.81
Step 2692848/5000000 | Win rate (rollout): 0.55 | Loss: 0.155 | Opp label coverage: 0.89
Step 2693360/5000000 | Win rate (rollout): 0.57 | Loss: 0.185 | Opp label coverage: 0.83
Step 2693872/5000000 | Win rate (rollout): 0.60 | Loss: 0.161 | Opp label coverage: 0.85
Step 2694390/5000000 | Win rate (rollout): 0.31 | Loss: 0.131 | Opp label coverage: 0.88
Step 2694902/5000000 | Win rate (rollout): 0.50 | Loss: 0.177 | Opp label coverage: 0.82
Step 2695414/5000000 | Win rate (rollout): 0.53 | Loss: 0.215 | Opp label coverage: 0.84
Step 2695929/5000000 | Win rate (rollout): 0.58 | Loss: 0.175 | Opp label coverage: 0.88
Step 2696441/5000000 | Win rate (rollout): 0.44 | Loss: 0.164 | Opp label coverage: 0.84
Step 2696955/5000000 | Win rate (rollout): 0.64 | Loss: 0.188 | Opp label coverage: 0.89
Step 2697467/5000000 | Win rate (rollout): 0.57 | Loss: 0.184 | Opp label coverage: 0.83
Step 2697982/5000000 | Win rate (rollout): 0.54 | Loss: 0.155 | Opp label coverage: 0.87
Step 2698497/5000000 | Win rate (rollout): 0.29 | Loss: 0.122 | Opp label coverage: 0.88
Step 2699009/5000000 | Win rate (rollout): 0.57 | Loss: 0.157 | Opp label coverage: 0.87
Step 2699525/5000000 | Win rate (rollout): 0.54 | Loss: 0.260 | Opp label coverage: 0.88
Step 2700037/5000000 | Win rate (rollout): 0.31 | Loss: 0.177 | Opp label coverage: 0.87
[checkpoint] Saved /Users/laithassaf/Documents/Programs/Archived/pokemon-showdown/models/ppo/checkpoints/opp/ppo_step_2700364.pt
Step 2700550/5000000 | Win rate (rollout): 0.56 | Loss: 0.218 | Opp label coverage: 0.87
Step 2701062/5000000 | Win rate (rollout): 0.36 | Loss: 0.184 | Opp label coverage: 0.85
Step 2701580/5000000 | Win rate (rollout): 0.50 | Loss: 0.194 | Opp label coverage: 0.89
Step 2702096/5000000 | Win rate (rollout): 0.69 | Loss: 0.158 | Opp label coverage: 0.89
Step 2702610/5000000 | Win rate (rollout): 0.43 | Loss: 0.189 | Opp label coverage: 0.89
Step 2703122/5000000 | Win rate (rollout): 0.38 | Loss: 0.202 | Opp label coverage: 0.85
Step 2703634/5000000 | Win rate (rollout): 0.25 | Loss: 0.200 | Opp label coverage: 0.81
Step 2704146/5000000 | Win rate (rollout): 0.60 | Loss: 0.158 | Opp label coverage: 0.82
Step 2704658/5000000 | Win rate (rollout): 0.64 | Loss: 0.194 | Opp label coverage: 0.81
Step 2705172/5000000 | Win rate (rollout): 0.50 | Loss: 0.208 | Opp label coverage: 0.88
Step 2705684/5000000 | Win rate (rollout): 0.42 | Loss: 0.160 | Opp label coverage: 0.81
Step 2706196/5000000 | Win rate (rollout): 0.62 | Loss: 0.173 | Opp label coverage: 0.86
Step 2706708/5000000 | Win rate (rollout): 0.44 | Loss: 0.171 | Opp label coverage: 0.88
Step 2707227/5000000 | Win rate (rollout): 0.46 | Loss: 0.225 | Opp label coverage: 0.90
Step 2707739/5000000 | Win rate (rollout): 0.75 | Loss: 0.169 | Opp label coverage: 0.83
Step 2708251/5000000 | Win rate (rollout): 0.38 | Loss: 0.180 | Opp label coverage: 0.84
Step 2708767/5000000 | Win rate (rollout): 0.67 | Loss: 0.223 | Opp label coverage: 0.90
Step 2709279/5000000 | Win rate (rollout): 0.40 | Loss: 0.178 | Opp label coverage: 0.83
Step 2709794/5000000 | Win rate (rollout): 0.56 | Loss: 0.237 | Opp label coverage: 0.89
Step 2710306/5000000 | Win rate (rollout): 0.33 | Loss: 0.193 | Opp label coverage: 0.86
Step 2710822/5000000 | Win rate (rollout): 0.50 | Loss: 0.153 | Opp label coverage: 0.86
Step 2711334/5000000 | Win rate (rollout): 0.38 | Loss: 0.189 | Opp label coverage: 0.83
Step 2711847/5000000 | Win rate (rollout): 0.75 | Loss: 0.248 | Opp label coverage: 0.89
Step 2712359/5000000 | Win rate (rollout): 0.42 | Loss: 0.177 | Opp label coverage: 0.85
Step 2712871/5000000 | Win rate (rollout): 0.39 | Loss: 0.209 | Opp label coverage: 0.83
Step 2713384/5000000 | Win rate (rollout): 0.27 | Loss: 0.190 | Opp label coverage: 0.88
Step 2713896/5000000 | Win rate (rollout): 0.64 | Loss: 0.184 | Opp label coverage: 0.86
Step 2714408/5000000 | Win rate (rollout): 0.73 | Loss: 0.167 | Opp label coverage: 0.90
Step 2714921/5000000 | Win rate (rollout): 0.83 | Loss: 0.268 | Opp label coverage: 0.89
Step 2715435/5000000 | Win rate (rollout): 0.55 | Loss: 0.176 | Opp label coverage: 0.90
Step 2715947/5000000 | Win rate (rollout): 0.33 | Loss: 0.213 | Opp label coverage: 0.83
Step 2716459/5000000 | Win rate (rollout): 0.44 | Loss: 0.183 | Opp label coverage: 0.85
Step 2716977/5000000 | Win rate (rollout): 0.46 | Loss: 0.200 | Opp label coverage: 0.86
Step 2717489/5000000 | Win rate (rollout): 0.47 | Loss: 0.180 | Opp label coverage: 0.87
Step 2718001/5000000 | Win rate (rollout): 0.33 | Loss: 0.153 | Opp label coverage: 0.89
Step 2718513/5000000 | Win rate (rollout): 0.64 | Loss: 0.190 | Opp label coverage: 0.82
Step 2719025/5000000 | Win rate (rollout): 0.59 | Loss: 0.192 | Opp label coverage: 0.85
Step 2719541/5000000 | Win rate (rollout): 0.50 | Loss: 0.164 | Opp label coverage: 0.89
Step 2720053/5000000 | Win rate (rollout): 0.88 | Loss: 0.176 | Opp label coverage: 0.82
Step 2720566/5000000 | Win rate (rollout): 0.33 | Loss: 0.256 | Opp label coverage: 0.88
Step 2721082/5000000 | Win rate (rollout): 0.33 | Loss: 0.154 | Opp label coverage: 0.89
Step 2721594/5000000 | Win rate (rollout): 0.62 | Loss: 0.172 | Opp label coverage: 0.79
Step 2722110/5000000 | Win rate (rollout): 0.56 | Loss: 0.178 | Opp label coverage: 0.89
Step 2722622/5000000 | Win rate (rollout): 0.57 | Loss: 0.183 | Opp label coverage: 0.82
Step 2723134/5000000 | Win rate (rollout): 0.35 | Loss: 0.198 | Opp label coverage: 0.83
Step 2723649/5000000 | Win rate (rollout): 0.38 | Loss: 0.099 | Opp label coverage: 0.89
Step 2724162/5000000 | Win rate (rollout): 0.53 | Loss: 0.143 | Opp label coverage: 0.87
Step 2724678/5000000 | Win rate (rollout): 0.65 | Loss: 0.201 | Opp label coverage: 0.88
Step 2725190/5000000 | Win rate (rollout): 0.70 | Loss: 0.162 | Opp label coverage: 0.85
[checkpoint] Saved /Users/laithassaf/Documents/Programs/Archived/pokemon-showdown/models/ppo/checkpoints/opp/ppo_step_2725366.pt
Step 2725702/5000000 | Win rate (rollout): 0.36 | Loss: 0.221 | Opp label coverage: 0.86
Step 2726214/5000000 | Win rate (rollout): 0.45 | Loss: 0.182 | Opp label coverage: 0.81
Step 2726726/5000000 | Win rate (rollout): 0.21 | Loss: 0.179 | Opp label coverage: 0.84
Step 2727238/5000000 | Win rate (rollout): 0.82 | Loss: 0.196 | Opp label coverage: 0.87
Step 2727750/5000000 | Win rate (rollout): 0.14 | Loss: 0.196 | Opp label coverage: 0.84
Step 2728263/5000000 | Win rate (rollout): 0.75 | Loss: 0.088 | Opp label coverage: 0.88
Step 2728780/5000000 | Win rate (rollout): 0.70 | Loss: 0.150 | Opp label coverage: 0.91
Step 2729298/5000000 | Win rate (rollout): 0.50 | Loss: 0.172 | Opp label coverage: 0.88
Step 2729810/5000000 | Win rate (rollout): 0.62 | Loss: 0.172 | Opp label coverage: 0.83
Step 2730322/5000000 | Win rate (rollout): 0.57 | Loss: 0.186 | Opp label coverage: 0.84
Step 2730836/5000000 | Win rate (rollout): 0.46 | Loss: 0.221 | Opp label coverage: 0.88
Step 2731354/5000000 | Win rate (rollout): 0.57 | Loss: 0.178 | Opp label coverage: 0.88
Step 2731869/5000000 | Win rate (rollout): 0.69 | Loss: 0.174 | Opp label coverage: 0.89
Step 2732381/5000000 | Win rate (rollout): 0.50 | Loss: 0.217 | Opp label coverage: 0.86
Step 2732893/5000000 | Win rate (rollout): 0.55 | Loss: 0.178 | Opp label coverage: 0.87
Step 2733411/5000000 | Win rate (rollout): 0.31 | Loss: 0.165 | Opp label coverage: 0.92
Step 2733923/5000000 | Win rate (rollout): 0.55 | Loss: 0.193 | Opp label coverage: 0.89
Step 2734435/5000000 | Win rate (rollout): 0.22 | Loss: 0.152 | Opp label coverage: 0.86
Step 2734947/5000000 | Win rate (rollout): 0.75 | Loss: 0.177 | Opp label coverage: 0.85
Step 2735459/5000000 | Win rate (rollout): 0.23 | Loss: 0.168 | Opp label coverage: 0.84
Step 2735971/5000000 | Win rate (rollout): 0.41 | Loss: 0.150 | Opp label coverage: 0.82
Step 2736487/5000000 | Win rate (rollout): 0.64 | Loss: 0.231 | Opp label coverage: 0.89
Step 2736999/5000000 | Win rate (rollout): 0.53 | Loss: 0.203 | Opp label coverage: 0.78
Step 2737511/5000000 | Win rate (rollout): 0.30 | Loss: 0.157 | Opp label coverage: 0.87
Step 2738023/5000000 | Win rate (rollout): 0.50 | Loss: 0.165 | Opp label coverage: 0.81
Step 2738541/5000000 | Win rate (rollout): 0.56 | Loss: 0.205 | Opp label coverage: 0.89
Step 2739053/5000000 | Win rate (rollout): 0.55 | Loss: 0.196 | Opp label coverage: 0.82
Step 2739565/5000000 | Win rate (rollout): 0.56 | Loss: 0.198 | Opp label coverage: 0.84
Step 2740077/5000000 | Win rate (rollout): 0.22 | Loss: 0.156 | Opp label coverage: 0.82
Step 2740589/5000000 | Win rate (rollout): 0.50 | Loss: 0.189 | Opp label coverage: 0.84
Step 2741106/5000000 | Win rate (rollout): 0.40 | Loss: 0.177 | Opp label coverage: 0.87
Step 2741618/5000000 | Win rate (rollout): 0.25 | Loss: 0.169 | Opp label coverage: 0.84
Step 2742136/5000000 | Win rate (rollout): 0.42 | Loss: 0.151 | Opp label coverage: 0.87
Step 2742650/5000000 | Win rate (rollout): 0.57 | Loss: 0.216 | Opp label coverage: 0.87
Step 2743162/5000000 | Win rate (rollout): 0.36 | Loss: 0.211 | Opp label coverage: 0.81
Step 2743674/5000000 | Win rate (rollout): 0.60 | Loss: 0.208 | Opp label coverage: 0.81
Step 2744186/5000000 | Win rate (rollout): 0.33 | Loss: 0.193 | Opp label coverage: 0.80
Step 2744698/5000000 | Win rate (rollout): 0.30 | Loss: 0.140 | Opp label coverage: 0.84
Step 2745210/5000000 | Win rate (rollout): 0.31 | Loss: 0.189 | Opp label coverage: 0.83
Step 2745723/5000000 | Win rate (rollout): 0.62 | Loss: 0.136 | Opp label coverage: 0.91
Step 2746238/5000000 | Win rate (rollout): 0.57 | Loss: 0.170 | Opp label coverage: 0.89
Step 2746750/5000000 | Win rate (rollout): 0.33 | Loss: 0.178 | Opp label coverage: 0.84
Step 2747262/5000000 | Win rate (rollout): 0.40 | Loss: 0.194 | Opp label coverage: 0.81
Step 2747777/5000000 | Win rate (rollout): 0.67 | Loss: 0.164 | Opp label coverage: 0.88
Step 2748289/5000000 | Win rate (rollout): 0.33 | Loss: 0.208 | Opp label coverage: 0.86
Step 2748807/5000000 | Win rate (rollout): 0.60 | Loss: 0.129 | Opp label coverage: 0.89
Step 2749319/5000000 | Win rate (rollout): 0.85 | Loss: 0.200 | Opp label coverage: 0.81
Step 2749831/5000000 | Win rate (rollout): 0.43 | Loss: 0.154 | Opp label coverage: 0.82
Step 2750350/5000000 | Win rate (rollout): 0.45 | Loss: 0.161 | Opp label coverage: 0.88
[checkpoint] Saved /Users/laithassaf/Documents/Programs/Archived/pokemon-showdown/models/ppo/checkpoints/opp/ppo_step_2750369.pt
Step 2750864/5000000 | Win rate (rollout): 0.44 | Loss: 0.221 | Opp label coverage: 0.88
Step 2751376/5000000 | Win rate (rollout): 0.36 | Loss: 0.176 | Opp label coverage: 0.89
Step 2751892/5000000 | Win rate (rollout): 0.62 | Loss: 0.169 | Opp label coverage: 0.89
Step 2752404/5000000 | Win rate (rollout): 0.78 | Loss: 0.152 | Opp label coverage: 0.83
Step 2752916/5000000 | Win rate (rollout): 0.62 | Loss: 0.224 | Opp label coverage: 0.78
Step 2753428/5000000 | Win rate (rollout): 0.62 | Loss: 0.175 | Opp label coverage: 0.89
Step 2753940/5000000 | Win rate (rollout): 0.27 | Loss: 0.168 | Opp label coverage: 0.84
Step 2754452/5000000 | Win rate (rollout): 0.39 | Loss: 0.197 | Opp label coverage: 0.80
Step 2754967/5000000 | Win rate (rollout): 0.50 | Loss: 0.254 | Opp label coverage: 0.88
Step 2755479/5000000 | Win rate (rollout): 0.80 | Loss: 0.166 | Opp label coverage: 0.87
Step 2755992/5000000 | Win rate (rollout): 0.36 | Loss: 0.097 | Opp label coverage: 0.87
Step 2756504/5000000 | Win rate (rollout): 0.42 | Loss: 0.202 | Opp label coverage: 0.78
Step 2757016/5000000 | Win rate (rollout): 0.44 | Loss: 0.163 | Opp label coverage: 0.82
Step 2757528/5000000 | Win rate (rollout): 0.64 | Loss: 0.183 | Opp label coverage: 0.78
Step 2758040/5000000 | Win rate (rollout): 0.25 | Loss: 0.175 | Opp label coverage: 0.82
Step 2758558/5000000 | Win rate (rollout): 0.14 | Loss: 0.138 | Opp label coverage: 0.91
Step 2759070/5000000 | Win rate (rollout): 0.60 | Loss: 0.156 | Opp label coverage: 0.92
Step 2759582/5000000 | Win rate (rollout): 0.69 | Loss: 0.194 | Opp label coverage: 0.78
Step 2760094/5000000 | Win rate (rollout): 0.50 | Loss: 0.179 | Opp label coverage: 0.82
Step 2760612/5000000 | Win rate (rollout): 0.77 | Loss: 0.112 | Opp label coverage: 0.89
Step 2761125/5000000 | Win rate (rollout): 0.23 | Loss: 0.172 | Opp label coverage: 0.87
Step 2761642/5000000 | Win rate (rollout): 0.21 | Loss: 0.142 | Opp label coverage: 0.88
Step 2762154/5000000 | Win rate (rollout): 0.50 | Loss: 0.158 | Opp label coverage: 0.83
Step 2762673/5000000 | Win rate (rollout): 0.55 | Loss: 0.189 | Opp label coverage: 0.89
Step 2763192/5000000 | Win rate (rollout): 0.29 | Loss: 0.173 | Opp label coverage: 0.89
Step 2763704/5000000 | Win rate (rollout): 0.36 | Loss: 0.191 | Opp label coverage: 0.83
Step 2764218/5000000 | Win rate (rollout): 0.67 | Loss: 0.174 | Opp label coverage: 0.89
Step 2764731/5000000 | Win rate (rollout): 0.67 | Loss: 0.175 | Opp label coverage: 0.89
Step 2765248/5000000 | Win rate (rollout): 0.67 | Loss: 0.182 | Opp label coverage: 0.88
Step 2765760/5000000 | Win rate (rollout): 0.43 | Loss: 0.156 | Opp label coverage: 0.85
Step 2766273/5000000 | Win rate (rollout): 0.46 | Loss: 0.243 | Opp label coverage: 0.88
Step 2766786/5000000 | Win rate (rollout): 0.47 | Loss: 0.188 | Opp label coverage: 0.87
Step 2767300/5000000 | Win rate (rollout): 0.38 | Loss: 0.195 | Opp label coverage: 0.90
Step 2767812/5000000 | Win rate (rollout): 0.33 | Loss: 0.160 | Opp label coverage: 0.85
Step 2768324/5000000 | Win rate (rollout): 0.50 | Loss: 0.181 | Opp label coverage: 0.84
Step 2768840/5000000 | Win rate (rollout): 0.36 | Loss: 0.178 | Opp label coverage: 0.88
Step 2769356/5000000 | Win rate (rollout): 0.36 | Loss: 0.139 | Opp label coverage: 0.88
Step 2769868/5000000 | Win rate (rollout): 0.33 | Loss: 0.175 | Opp label coverage: 0.84
Step 2770380/5000000 | Win rate (rollout): 0.50 | Loss: 0.194 | Opp label coverage: 0.82
Step 2770895/5000000 | Win rate (rollout): 0.27 | Loss: 0.193 | Opp label coverage: 0.90
Step 2771413/5000000 | Win rate (rollout): 0.50 | Loss: 0.227 | Opp label coverage: 0.89
Step 2771925/5000000 | Win rate (rollout): 0.60 | Loss: 0.188 | Opp label coverage: 0.83
Step 2772437/5000000 | Win rate (rollout): 0.62 | Loss: 0.137 | Opp label coverage: 0.79
Step 2772955/5000000 | Win rate (rollout): 0.25 | Loss: 0.175 | Opp label coverage: 0.87
Step 2773467/5000000 | Win rate (rollout): 0.43 | Loss: 0.181 | Opp label coverage: 0.86
Step 2773986/5000000 | Win rate (rollout): 0.27 | Loss: 0.174 | Opp label coverage: 0.88
Step 2774499/5000000 | Win rate (rollout): 0.50 | Loss: 0.329 | Opp label coverage: 0.88
Step 2775011/5000000 | Win rate (rollout): 0.29 | Loss: 0.184 | Opp label coverage: 0.85
[checkpoint] Saved /Users/laithassaf/Documents/Programs/Archived/pokemon-showdown/models/ppo/checkpoints/opp/ppo_step_2775371.pt
Step 2775523/5000000 | Win rate (rollout): 0.50 | Loss: 0.213 | Opp label coverage: 0.83
Step 2776041/5000000 | Win rate (rollout): 0.46 | Loss: 0.147 | Opp label coverage: 0.87
Step 2776553/5000000 | Win rate (rollout): 0.50 | Loss: 0.216 | Opp label coverage: 0.82
Step 2777065/5000000 | Win rate (rollout): 0.35 | Loss: 0.169 | Opp label coverage: 0.84
Step 2777577/5000000 | Win rate (rollout): 0.50 | Loss: 0.175 | Opp label coverage: 0.89
Step 2778089/5000000 | Win rate (rollout): 0.71 | Loss: 0.176 | Opp label coverage: 0.88
Step 2778601/5000000 | Win rate (rollout): 0.25 | Loss: 0.162 | Opp label coverage: 0.82
Step 2779113/5000000 | Win rate (rollout): 0.35 | Loss: 0.162 | Opp label coverage: 0.84
Step 2779630/5000000 | Win rate (rollout): 0.60 | Loss: 0.152 | Opp label coverage: 0.88
Step 2780144/5000000 | Win rate (rollout): 0.64 | Loss: 0.199 | Opp label coverage: 0.90
Step 2780656/5000000 | Win rate (rollout): 0.22 | Loss: 0.169 | Opp label coverage: 0.83
Step 2781168/5000000 | Win rate (rollout): 0.77 | Loss: 0.214 | Opp label coverage: 0.83
Step 2781681/5000000 | Win rate (rollout): 0.50 | Loss: 0.205 | Opp label coverage: 0.89
Step 2782199/5000000 | Win rate (rollout): 0.67 | Loss: 0.158 | Opp label coverage: 0.89
Step 2782711/5000000 | Win rate (rollout): 0.33 | Loss: 0.184 | Opp label coverage: 0.85
Step 2783227/5000000 | Win rate (rollout): 0.58 | Loss: 0.212 | Opp label coverage: 0.87
Step 2783739/5000000 | Win rate (rollout): 0.46 | Loss: 0.186 | Opp label coverage: 0.82
Step 2784251/5000000 | Win rate (rollout): 0.35 | Loss: 0.165 | Opp label coverage: 0.82
Step 2784768/5000000 | Win rate (rollout): 0.44 | Loss: 0.183 | Opp label coverage: 0.90
Step 2785280/5000000 | Win rate (rollout): 0.62 | Loss: 0.202 | Opp label coverage: 0.85
Step 2785792/5000000 | Win rate (rollout): 0.35 | Loss: 0.210 | Opp label coverage: 0.80
Step 2786304/5000000 | Win rate (rollout): 0.50 | Loss: 0.175 | Opp label coverage: 0.85
Step 2786816/5000000 | Win rate (rollout): 0.36 | Loss: 0.175 | Opp label coverage: 0.87
Step 2787328/5000000 | Win rate (rollout): 0.44 | Loss: 0.161 | Opp label coverage: 0.84
Step 2787840/5000000 | Win rate (rollout): 0.46 | Loss: 0.177 | Opp label coverage: 0.82
Step 2788352/5000000 | Win rate (rollout): 0.67 | Loss: 0.153 | Opp label coverage: 0.80
Step 2788870/5000000 | Win rate (rollout): 0.42 | Loss: 0.169 | Opp label coverage: 0.88
Step 2789386/5000000 | Win rate (rollout): 0.67 | Loss: 0.199 | Opp label coverage: 0.87
Step 2789901/5000000 | Win rate (rollout): 0.62 | Loss: 0.147 | Opp label coverage: 0.89
Step 2790416/5000000 | Win rate (rollout): 0.31 | Loss: 0.267 | Opp label coverage: 0.90
Step 2790928/5000000 | Win rate (rollout): 0.70 | Loss: 0.194 | Opp label coverage: 0.88
Step 2791440/5000000 | Win rate (rollout): 0.36 | Loss: 0.167 | Opp label coverage: 0.85
Step 2791959/5000000 | Win rate (rollout): 0.54 | Loss: 0.190 | Opp label coverage: 0.89
Step 2792474/5000000 | Win rate (rollout): 0.64 | Loss: 0.170 | Opp label coverage: 0.87
Step 2792986/5000000 | Win rate (rollout): 0.58 | Loss: 0.199 | Opp label coverage: 0.91
Step 2793498/5000000 | Win rate (rollout): 0.14 | Loss: 0.193 | Opp label coverage: 0.83
Step 2794010/5000000 | Win rate (rollout): 0.65 | Loss: 0.201 | Opp label coverage: 0.82
Step 2794526/5000000 | Win rate (rollout): 0.73 | Loss: 0.129 | Opp label coverage: 0.89
Step 2795038/5000000 | Win rate (rollout): 0.60 | Loss: 0.176 | Opp label coverage: 0.84
Step 2795555/5000000 | Win rate (rollout): 0.27 | Loss: 0.141 | Opp label coverage: 0.89
Step 2796067/5000000 | Win rate (rollout): 0.42 | Loss: 0.193 | Opp label coverage: 0.86
Step 2796583/5000000 | Win rate (rollout): 0.70 | Loss: 0.156 | Opp label coverage: 0.88
Step 2797095/5000000 | Win rate (rollout): 0.78 | Loss: 0.183 | Opp label coverage: 0.82
Step 2797608/5000000 | Win rate (rollout): 0.40 | Loss: 0.054 | Opp label coverage: 0.91
Step 2798121/5000000 | Win rate (rollout): 0.65 | Loss: 0.198 | Opp label coverage: 0.88
Step 2798633/5000000 | Win rate (rollout): 0.36 | Loss: 0.152 | Opp label coverage: 0.75
Step 2799151/5000000 | Win rate (rollout): 0.40 | Loss: 0.122 | Opp label coverage: 0.88
Step 2799663/5000000 | Win rate (rollout): 0.54 | Loss: 0.203 | Opp label coverage: 0.84
Step 2800177/5000000 | Win rate (rollout): 0.58 | Loss: 0.251 | Opp label coverage: 0.86
[checkpoint] Saved /Users/laithassaf/Documents/Programs/Archived/pokemon-showdown/models/ppo/checkpoints/opp/ppo_step_2800376.pt
Step 2800695/5000000 | Win rate (rollout): 0.64 | Loss: 0.181 | Opp label coverage: 0.89
Step 2801207/5000000 | Win rate (rollout): 0.46 | Loss: 0.171 | Opp label coverage: 0.83
Step 2801719/5000000 | Win rate (rollout): 0.50 | Loss: 0.175 | Opp label coverage: 0.83
Step 2802235/5000000 | Win rate (rollout): 0.67 | Loss: 0.177 | Opp label coverage: 0.89
Step 2802748/5000000 | Win rate (rollout): 0.71 | Loss: 0.196 | Opp label coverage: 0.88
Step 2803260/5000000 | Win rate (rollout): 0.31 | Loss: 0.156 | Opp label coverage: 0.81
Step 2803772/5000000 | Win rate (rollout): 0.40 | Loss: 0.232 | Opp label coverage: 0.81
Step 2804284/5000000 | Win rate (rollout): 0.53 | Loss: 0.194 | Opp label coverage: 0.79
Step 2804796/5000000 | Win rate (rollout): 0.50 | Loss: 0.215 | Opp label coverage: 0.83
Step 2805308/5000000 | Win rate (rollout): 0.67 | Loss: 0.154 | Opp label coverage: 0.89
Step 2805825/5000000 | Win rate (rollout): 0.47 | Loss: 0.150 | Opp label coverage: 0.88
Step 2806337/5000000 | Win rate (rollout): 0.71 | Loss: 0.164 | Opp label coverage: 0.88
Step 2806849/5000000 | Win rate (rollout): 0.55 | Loss: 0.201 | Opp label coverage: 0.86
Step 2807361/5000000 | Win rate (rollout): 0.50 | Loss: 0.182 | Opp label coverage: 0.82
Step 2807873/5000000 | Win rate (rollout): 0.78 | Loss: 0.193 | Opp label coverage: 0.78
Step 2808392/5000000 | Win rate (rollout): 0.56 | Loss: 0.157 | Opp label coverage: 0.89
Step 2808905/5000000 | Win rate (rollout): 0.59 | Loss: 0.203 | Opp label coverage: 0.88
Step 2809417/5000000 | Win rate (rollout): 0.38 | Loss: 0.179 | Opp label coverage: 0.84
Step 2809934/5000000 | Win rate (rollout): 0.70 | Loss: 0.205 | Opp label coverage: 0.89
Step 2810447/5000000 | Win rate (rollout): 0.60 | Loss: 0.179 | Opp label coverage: 0.89
Step 2810959/5000000 | Win rate (rollout): 0.45 | Loss: 0.189 | Opp label coverage: 0.82
Step 2811476/5000000 | Win rate (rollout): 0.36 | Loss: 0.163 | Opp label coverage: 0.86
Step 2811992/5000000 | Win rate (rollout): 0.50 | Loss: 0.161 | Opp label coverage: 0.88
Step 2812504/5000000 | Win rate (rollout): 0.75 | Loss: 0.173 | Opp label coverage: 0.88
Step 2813016/5000000 | Win rate (rollout): 0.67 | Loss: 0.189 | Opp label coverage: 0.83
Step 2813528/5000000 | Win rate (rollout): 0.77 | Loss: 0.158 | Opp label coverage: 0.81
Step 2814040/5000000 | Win rate (rollout): 0.70 | Loss: 0.188 | Opp label coverage: 0.85
Step 2814552/5000000 | Win rate (rollout): 0.55 | Loss: 0.160 | Opp label coverage: 0.83
Step 2815070/5000000 | Win rate (rollout): 0.62 | Loss: 0.129 | Opp label coverage: 0.91
Step 2815582/5000000 | Win rate (rollout): 0.69 | Loss: 0.204 | Opp label coverage: 0.79
Step 2816097/5000000 | Win rate (rollout): 0.60 | Loss: 0.147 | Opp label coverage: 0.91
Step 2816609/5000000 | Win rate (rollout): 0.27 | Loss: 0.185 | Opp label coverage: 0.82
Step 2817126/5000000 | Win rate (rollout): 0.46 | Loss: 0.185 | Opp label coverage: 0.88
Step 2817638/5000000 | Win rate (rollout): 0.50 | Loss: 0.152 | Opp label coverage: 0.86
Step 2818150/5000000 | Win rate (rollout): 0.62 | Loss: 0.195 | Opp label coverage: 0.83
Step 2818662/5000000 | Win rate (rollout): 0.43 | Loss: 0.195 | Opp label coverage: 0.82
Step 2819174/5000000 | Win rate (rollout): 0.41 | Loss: 0.185 | Opp label coverage: 0.83
Step 2819687/5000000 | Win rate (rollout): 0.50 | Loss: 0.088 | Opp label coverage: 0.89
Step 2820199/5000000 | Win rate (rollout): 0.40 | Loss: 0.188 | Opp label coverage: 0.87
Step 2820714/5000000 | Win rate (rollout): 0.50 | Loss: 0.220 | Opp label coverage: 0.90
Step 2821226/5000000 | Win rate (rollout): 0.29 | Loss: 0.185 | Opp label coverage: 0.85
Step 2821738/5000000 | Win rate (rollout): 0.50 | Loss: 0.183 | Opp label coverage: 0.83
Step 2822252/5000000 | Win rate (rollout): 0.36 | Loss: 0.175 | Opp label coverage: 0.88
Step 2822764/5000000 | Win rate (rollout): 0.56 | Loss: 0.222 | Opp label coverage: 0.88
Step 2823281/5000000 | Win rate (rollout): 0.56 | Loss: 0.168 | Opp label coverage: 0.89
Step 2823793/5000000 | Win rate (rollout): 0.50 | Loss: 0.183 | Opp label coverage: 0.80
Step 2824305/5000000 | Win rate (rollout): 0.25 | Loss: 0.188 | Opp label coverage: 0.85
Step 2824817/5000000 | Win rate (rollout): 0.38 | Loss: 0.171 | Opp label coverage: 0.82
Step 2825329/5000000 | Win rate (rollout): 0.59 | Loss: 0.215 | Opp label coverage: 0.84
[checkpoint] Saved /Users/laithassaf/Documents/Programs/Archived/pokemon-showdown/models/ppo/checkpoints/opp/ppo_step_2825381.pt
Step 2825848/5000000 | Win rate (rollout): 0.27 | Loss: 0.179 | Opp label coverage: 0.86
Step 2826360/5000000 | Win rate (rollout): 0.33 | Loss: 0.196 | Opp label coverage: 0.87
Step 2826872/5000000 | Win rate (rollout): 0.27 | Loss: 0.166 | Opp label coverage: 0.82
Step 2827384/5000000 | Win rate (rollout): 0.22 | Loss: 0.164 | Opp label coverage: 0.83
Step 2827896/5000000 | Win rate (rollout): 0.15 | Loss: 0.144 | Opp label coverage: 0.84
Step 2828410/5000000 | Win rate (rollout): 0.60 | Loss: 0.252 | Opp label coverage: 0.86
Step 2828925/5000000 | Win rate (rollout): 0.21 | Loss: 0.205 | Opp label coverage: 0.88
Step 2829437/5000000 | Win rate (rollout): 0.33 | Loss: 0.208 | Opp label coverage: 0.84
Step 2829949/5000000 | Win rate (rollout): 0.33 | Loss: 0.196 | Opp label coverage: 0.81
Step 2830461/5000000 | Win rate (rollout): 0.54 | Loss: 0.151 | Opp label coverage: 0.83
Step 2830978/5000000 | Win rate (rollout): 0.58 | Loss: 0.173 | Opp label coverage: 0.88
Step 2831490/5000000 | Win rate (rollout): 0.45 | Loss: 0.175 | Opp label coverage: 0.82
Step 2832009/5000000 | Win rate (rollout): 0.42 | Loss: 0.197 | Opp label coverage: 0.87
Step 2832528/5000000 | Win rate (rollout): 0.43 | Loss: 0.166 | Opp label coverage: 0.89
Step 2833040/5000000 | Win rate (rollout): 0.50 | Loss: 0.196 | Opp label coverage: 0.84
Step 2833552/5000000 | Win rate (rollout): 0.57 | Loss: 0.169 | Opp label coverage: 0.84
Step 2834066/5000000 | Win rate (rollout): 0.43 | Loss: 0.206 | Opp label coverage: 0.90
Step 2834583/5000000 | Win rate (rollout): 0.54 | Loss: 0.163 | Opp label coverage: 0.90
Step 2835101/5000000 | Win rate (rollout): 0.23 | Loss: 0.166 | Opp label coverage: 0.89
Step 2835613/5000000 | Win rate (rollout): 0.44 | Loss: 0.179 | Opp label coverage: 0.80
Step 2836125/5000000 | Win rate (rollout): 0.42 | Loss: 0.142 | Opp label coverage: 0.80
Step 2836637/5000000 | Win rate (rollout): 0.45 | Loss: 0.165 | Opp label coverage: 0.78
Step 2837151/5000000 | Win rate (rollout): 0.67 | Loss: 0.090 | Opp label coverage: 0.88
Step 2837663/5000000 | Win rate (rollout): 0.27 | Loss: 0.184 | Opp label coverage: 0.88
Step 2838179/5000000 | Win rate (rollout): 0.60 | Loss: 0.195 | Opp label coverage: 0.87
Step 2838691/5000000 | Win rate (rollout): 0.57 | Loss: 0.212 | Opp label coverage: 0.81
Step 2839204/5000000 | Win rate (rollout): 0.15 | Loss: 0.179 | Opp label coverage: 0.86
Step 2839716/5000000 | Win rate (rollout): 0.40 | Loss: 0.180 | Opp label coverage: 0.82
Step 2840230/5000000 | Win rate (rollout): 0.50 | Loss: 0.126 | Opp label coverage: 0.88
Step 2840742/5000000 | Win rate (rollout): 0.50 | Loss: 0.195 | Opp label coverage: 0.83
Step 2841257/5000000 | Win rate (rollout): 0.45 | Loss: 0.228 | Opp label coverage: 0.87
Step 2841773/5000000 | Win rate (rollout): 0.56 | Loss: 0.180 | Opp label coverage: 0.88
Step 2842290/5000000 | Win rate (rollout): 0.29 | Loss: 0.147 | Opp label coverage: 0.88
Step 2842802/5000000 | Win rate (rollout): 0.57 | Loss: 0.179 | Opp label coverage: 0.83
Step 2843314/5000000 | Win rate (rollout): 0.27 | Loss: 0.160 | Opp label coverage: 0.81
Step 2843826/5000000 | Win rate (rollout): 0.33 | Loss: 0.163 | Opp label coverage: 0.86
Step 2844338/5000000 | Win rate (rollout): 0.73 | Loss: 0.218 | Opp label coverage: 0.85
Step 2844850/5000000 | Win rate (rollout): 0.18 | Loss: 0.171 | Opp label coverage: 0.73
Step 2845364/5000000 | Win rate (rollout): 0.46 | Loss: 0.231 | Opp label coverage: 0.88
Step 2845876/5000000 | Win rate (rollout): 0.64 | Loss: 0.194 | Opp label coverage: 0.88
Step 2846388/5000000 | Win rate (rollout): 0.15 | Loss: 0.171 | Opp label coverage: 0.83
Step 2846902/5000000 | Win rate (rollout): 0.57 | Loss: 0.218 | Opp label coverage: 0.88
Step 2847416/5000000 | Win rate (rollout): 0.53 | Loss: 0.172 | Opp label coverage: 0.86
Step 2847930/5000000 | Win rate (rollout): 0.50 | Loss: 0.155 | Opp label coverage: 0.89
Step 2848443/5000000 | Win rate (rollout): 0.33 | Loss: 0.168 | Opp label coverage: 0.86
Step 2848961/5000000 | Win rate (rollout): 0.44 | Loss: 0.143 | Opp label coverage: 0.87
Step 2849478/5000000 | Win rate (rollout): 0.33 | Loss: 0.152 | Opp label coverage: 0.88
Step 2849990/5000000 | Win rate (rollout): 0.55 | Loss: 0.183 | Opp label coverage: 0.84
[checkpoint] Saved /Users/laithassaf/Documents/Programs/Archived/pokemon-showdown/models/ppo/checkpoints/opp/ppo_step_2850382.pt
Step 2850502/5000000 | Win rate (rollout): 0.40 | Loss: 0.173 | Opp label coverage: 0.83
Step 2851017/5000000 | Win rate (rollout): 0.62 | Loss: 0.170 | Opp label coverage: 0.90
Step 2851529/5000000 | Win rate (rollout): 0.42 | Loss: 0.202 | Opp label coverage: 0.81
Step 2852041/5000000 | Win rate (rollout): 0.59 | Loss: 0.202 | Opp label coverage: 0.78
Step 2852554/5000000 | Win rate (rollout): 0.56 | Loss: 0.219 | Opp label coverage: 0.89
Step 2853066/5000000 | Win rate (rollout): 0.38 | Loss: 0.228 | Opp label coverage: 0.85
Step 2853578/5000000 | Win rate (rollout): 0.80 | Loss: 0.184 | Opp label coverage: 0.82
Step 2854096/5000000 | Win rate (rollout): 0.60 | Loss: 0.134 | Opp label coverage: 0.94
Step 2854609/5000000 | Win rate (rollout): 0.59 | Loss: 0.166 | Opp label coverage: 0.88
Step 2855122/5000000 | Win rate (rollout): 0.42 | Loss: 0.152 | Opp label coverage: 0.89
Step 2855634/5000000 | Win rate (rollout): 0.22 | Loss: 0.193 | Opp label coverage: 0.86
Step 2856151/5000000 | Win rate (rollout): 0.27 | Loss: 0.168 | Opp label coverage: 0.88
Step 2856663/5000000 | Win rate (rollout): 0.64 | Loss: 0.203 | Opp label coverage: 0.83
Step 2857175/5000000 | Win rate (rollout): 0.46 | Loss: 0.157 | Opp label coverage: 0.81
Step 2857687/5000000 | Win rate (rollout): 0.30 | Loss: 0.193 | Opp label coverage: 0.82
Step 2858199/5000000 | Win rate (rollout): 0.50 | Loss: 0.203 | Opp label coverage: 0.79
Step 2858713/5000000 | Win rate (rollout): 0.67 | Loss: 0.176 | Opp label coverage: 0.89
Step 2859225/5000000 | Win rate (rollout): 0.31 | Loss: 0.211 | Opp label coverage: 0.88
Step 2859737/5000000 | Win rate (rollout): 0.33 | Loss: 0.146 | Opp label coverage: 0.84
Step 2860251/5000000 | Win rate (rollout): 0.44 | Loss: 0.210 | Opp label coverage: 0.87
Step 2860766/5000000 | Win rate (rollout): 0.31 | Loss: 0.141 | Opp label coverage: 0.89
Step 2861278/5000000 | Win rate (rollout): 0.54 | Loss: 0.179 | Opp label coverage: 0.79
Step 2861790/5000000 | Win rate (rollout): 0.33 | Loss: 0.172 | Opp label coverage: 0.80
Step 2862302/5000000 | Win rate (rollout): 0.60 | Loss: 0.174 | Opp label coverage: 0.84
Step 2862814/5000000 | Win rate (rollout): 0.36 | Loss: 0.187 | Opp label coverage: 0.83
Step 2863326/5000000 | Win rate (rollout): 0.70 | Loss: 0.204 | Opp label coverage: 0.84
Step 2863838/5000000 | Win rate (rollout): 0.50 | Loss: 0.178 | Opp label coverage: 0.87
Step 2864350/5000000 | Win rate (rollout): 0.70 | Loss: 0.169 | Opp label coverage: 0.86
Step 2864862/5000000 | Win rate (rollout): 0.50 | Loss: 0.193 | Opp label coverage: 0.83
Step 2865381/5000000 | Win rate (rollout): 0.27 | Loss: 0.220 | Opp label coverage: 0.87
Step 2865894/5000000 | Win rate (rollout): 0.28 | Loss: 0.089 | Opp label coverage: 0.87
Step 2866406/5000000 | Win rate (rollout): 0.50 | Loss: 0.189 | Opp label coverage: 0.87
Step 2866925/5000000 | Win rate (rollout): 0.56 | Loss: 0.143 | Opp label coverage: 0.91
Step 2867437/5000000 | Win rate (rollout): 0.54 | Loss: 0.185 | Opp label coverage: 0.82
Step 2867950/5000000 | Win rate (rollout): 0.55 | Loss: 0.229 | Opp label coverage: 0.89
Step 2868462/5000000 | Win rate (rollout): 0.78 | Loss: 0.176 | Opp label coverage: 0.73
Step 2868979/5000000 | Win rate (rollout): 0.82 | Loss: 0.207 | Opp label coverage: 0.89
Step 2869491/5000000 | Win rate (rollout): 0.20 | Loss: 0.168 | Opp label coverage: 0.83
Step 2870003/5000000 | Win rate (rollout): 0.29 | Loss: 0.175 | Opp label coverage: 0.82
Step 2870515/5000000 | Win rate (rollout): 0.25 | Loss: 0.171 | Opp label coverage: 0.83
Step 2871027/5000000 | Win rate (rollout): 0.42 | Loss: 0.173 | Opp label coverage: 0.87
Step 2871545/5000000 | Win rate (rollout): 0.60 | Loss: 0.183 | Opp label coverage: 0.89
Step 2872057/5000000 | Win rate (rollout): 0.56 | Loss: 0.173 | Opp label coverage: 0.82
Step 2872571/5000000 | Win rate (rollout): 0.88 | Loss: 0.175 | Opp label coverage: 0.91
Step 2873086/5000000 | Win rate (rollout): 0.67 | Loss: 0.163 | Opp label coverage: 0.90
Step 2873599/5000000 | Win rate (rollout): 0.40 | Loss: 0.165 | Opp label coverage: 0.90
Step 2874114/5000000 | Win rate (rollout): 0.62 | Loss: 0.182 | Opp label coverage: 0.88
Step 2874626/5000000 | Win rate (rollout): 0.67 | Loss: 0.161 | Opp label coverage: 0.84
Step 2875141/5000000 | Win rate (rollout): 0.25 | Loss: 0.138 | Opp label coverage: 0.89
[checkpoint] Saved /Users/laithassaf/Documents/Programs/Archived/pokemon-showdown/models/ppo/checkpoints/opp/ppo_step_2875389.pt
Step 2875653/5000000 | Win rate (rollout): 0.36 | Loss: 0.181 | Opp label coverage: 0.85
Step 2876165/5000000 | Win rate (rollout): 0.50 | Loss: 0.194 | Opp label coverage: 0.87
Step 2876677/5000000 | Win rate (rollout): 0.89 | Loss: 0.151 | Opp label coverage: 0.83
Step 2877189/5000000 | Win rate (rollout): 0.45 | Loss: 0.164 | Opp label coverage: 0.87
Step 2877701/5000000 | Win rate (rollout): 0.44 | Loss: 0.173 | Opp label coverage: 0.80
Step 2878213/5000000 | Win rate (rollout): 0.64 | Loss: 0.204 | Opp label coverage: 0.86
Step 2878729/5000000 | Win rate (rollout): 0.80 | Loss: 0.135 | Opp label coverage: 0.88
Step 2879241/5000000 | Win rate (rollout): 0.57 | Loss: 0.153 | Opp label coverage: 0.90
Step 2879753/5000000 | Win rate (rollout): 0.42 | Loss: 0.205 | Opp label coverage: 0.83
Step 2880265/5000000 | Win rate (rollout): 0.24 | Loss: 0.169 | Opp label coverage: 0.85
Step 2880780/5000000 | Win rate (rollout): 0.54 | Loss: 0.108 | Opp label coverage: 0.88
Step 2881293/5000000 | Win rate (rollout): 0.36 | Loss: 0.155 | Opp label coverage: 0.88
Step 2881809/5000000 | Win rate (rollout): 0.54 | Loss: 0.195 | Opp label coverage: 0.88
Step 2882321/5000000 | Win rate (rollout): 0.75 | Loss: 0.194 | Opp label coverage: 0.80
Step 2882833/5000000 | Win rate (rollout): 0.38 | Loss: 0.196 | Opp label coverage: 0.82
Step 2883345/5000000 | Win rate (rollout): 0.42 | Loss: 0.179 | Opp label coverage: 0.84
Step 2883857/5000000 | Win rate (rollout): 0.67 | Loss: 0.165 | Opp label coverage: 0.86
Step 2884369/5000000 | Win rate (rollout): 0.62 | Loss: 0.204 | Opp label coverage: 0.83
Step 2884882/5000000 | Win rate (rollout): 0.73 | Loss: 0.289 | Opp label coverage: 0.89
Step 2885399/5000000 | Win rate (rollout): 0.55 | Loss: 0.147 | Opp label coverage: 0.89
Step 2885911/5000000 | Win rate (rollout): 0.27 | Loss: 0.221 | Opp label coverage: 0.88
Step 2886423/5000000 | Win rate (rollout): 0.53 | Loss: 0.232 | Opp label coverage: 0.85
Step 2886935/5000000 | Win rate (rollout): 0.50 | Loss: 0.182 | Opp label coverage: 0.82
Step 2887453/5000000 | Win rate (rollout): 0.75 | Loss: 0.120 | Opp label coverage: 0.91
Step 2887965/5000000 | Win rate (rollout): 0.50 | Loss: 0.172 | Opp label coverage: 0.80
Step 2888477/5000000 | Win rate (rollout): 0.40 | Loss: 0.162 | Opp label coverage: 0.88
Step 2888989/5000000 | Win rate (rollout): 0.31 | Loss: 0.194 | Opp label coverage: 0.81
Step 2889507/5000000 | Win rate (rollout): 0.44 | Loss: 0.136 | Opp label coverage: 0.87
Step 2890019/5000000 | Win rate (rollout): 0.55 | Loss: 0.178 | Opp label coverage: 0.83
Step 2890538/5000000 | Win rate (rollout): 0.64 | Loss: 0.208 | Opp label coverage: 0.89
Step 2891050/5000000 | Win rate (rollout): 0.58 | Loss: 0.162 | Opp label coverage: 0.80
Step 2891563/5000000 | Win rate (rollout): 0.40 | Loss: 0.169 | Opp label coverage: 0.88
Step 2892081/5000000 | Win rate (rollout): 0.44 | Loss: 0.165 | Opp label coverage: 0.89
Step 2892593/5000000 | Win rate (rollout): 0.50 | Loss: 0.202 | Opp label coverage: 0.85
Step 2893111/5000000 | Win rate (rollout): 0.62 | Loss: 0.156 | Opp label coverage: 0.88
Step 2893623/5000000 | Win rate (rollout): 0.53 | Loss: 0.212 | Opp label coverage: 0.90
Step 2894136/5000000 | Win rate (rollout): 0.50 | Loss: 0.147 | Opp label coverage: 0.88
Step 2894650/5000000 | Win rate (rollout): 0.64 | Loss: 0.218 | Opp label coverage: 0.88
Step 2895166/5000000 | Win rate (rollout): 0.67 | Loss: 0.171 | Opp label coverage: 0.87
Step 2895682/5000000 | Win rate (rollout): 0.46 | Loss: 0.202 | Opp label coverage: 0.90
Step 2896195/5000000 | Win rate (rollout): 0.50 | Loss: 0.212 | Opp label coverage: 0.88
Step 2896710/5000000 | Win rate (rollout): 0.18 | Loss: 0.140 | Opp label coverage: 0.90
Step 2897222/5000000 | Win rate (rollout): 0.54 | Loss: 0.190 | Opp label coverage: 0.85
Step 2897741/5000000 | Win rate (rollout): 0.55 | Loss: 0.178 | Opp label coverage: 0.88
Step 2898259/5000000 | Win rate (rollout): 0.33 | Loss: 0.186 | Opp label coverage: 0.87
Step 2898771/5000000 | Win rate (rollout): 0.64 | Loss: 0.172 | Opp label coverage: 0.79
Step 2899283/5000000 | Win rate (rollout): 0.27 | Loss: 0.184 | Opp label coverage: 0.79
Step 2899799/5000000 | Win rate (rollout): 0.22 | Loss: 0.104 | Opp label coverage: 0.88
Step 2900312/5000000 | Win rate (rollout): 0.43 | Loss: 0.082 | Opp label coverage: 0.89
[checkpoint] Saved /Users/laithassaf/Documents/Programs/Archived/pokemon-showdown/models/ppo/checkpoints/opp/ppo_step_2900392.pt
Step 2900824/5000000 | Win rate (rollout): 0.21 | Loss: 0.138 | Opp label coverage: 0.83
Step 2901336/5000000 | Win rate (rollout): 0.62 | Loss: 0.193 | Opp label coverage: 0.85
Step 2901848/5000000 | Win rate (rollout): 0.21 | Loss: 0.211 | Opp label coverage: 0.81
Step 2902360/5000000 | Win rate (rollout): 0.71 | Loss: 0.169 | Opp label coverage: 0.81
Step 2902872/5000000 | Win rate (rollout): 0.20 | Loss: 0.179 | Opp label coverage: 0.80
Step 2903385/5000000 | Win rate (rollout): 0.67 | Loss: 0.155 | Opp label coverage: 0.90
Step 2903899/5000000 | Win rate (rollout): 0.50 | Loss: 0.108 | Opp label coverage: 0.87
Step 2904411/5000000 | Win rate (rollout): 0.36 | Loss: 0.185 | Opp label coverage: 0.77
Step 2904923/5000000 | Win rate (rollout): 0.25 | Loss: 0.201 | Opp label coverage: 0.82
Step 2905435/5000000 | Win rate (rollout): 1.00 | Loss: 0.166 | Opp label coverage: 0.80
Step 2905947/5000000 | Win rate (rollout): 0.36 | Loss: 0.169 | Opp label coverage: 0.82
Step 2906463/5000000 | Win rate (rollout): 0.30 | Loss: 0.185 | Opp label coverage: 0.90
Step 2906977/5000000 | Win rate (rollout): 0.50 | Loss: 0.241 | Opp label coverage: 0.88
Step 2907492/5000000 | Win rate (rollout): 0.47 | Loss: 0.213 | Opp label coverage: 0.87
Step 2908007/5000000 | Win rate (rollout): 0.53 | Loss: 0.193 | Opp label coverage: 0.89
Step 2908519/5000000 | Win rate (rollout): 0.25 | Loss: 0.183 | Opp label coverage: 0.83
Step 2909037/5000000 | Win rate (rollout): 0.50 | Loss: 0.197 | Opp label coverage: 0.87
Step 2909549/5000000 | Win rate (rollout): 0.38 | Loss: 0.178 | Opp label coverage: 0.85
Step 2910064/5000000 | Win rate (rollout): 0.86 | Loss: 0.160 | Opp label coverage: 0.89
Step 2910576/5000000 | Win rate (rollout): 0.40 | Loss: 0.206 | Opp label coverage: 0.88
Step 2911088/5000000 | Win rate (rollout): 0.40 | Loss: 0.184 | Opp label coverage: 0.82
Step 2911600/5000000 | Win rate (rollout): 0.55 | Loss: 0.153 | Opp label coverage: 0.83
Step 2912113/5000000 | Win rate (rollout): 0.43 | Loss: 0.147 | Opp label coverage: 0.87
Step 2912630/5000000 | Win rate (rollout): 0.23 | Loss: 0.128 | Opp label coverage: 0.88
Step 2913142/5000000 | Win rate (rollout): 0.46 | Loss: 0.202 | Opp label coverage: 0.82
Step 2913659/5000000 | Win rate (rollout): 0.50 | Loss: 0.181 | Opp label coverage: 0.87
Step 2914171/5000000 | Win rate (rollout): 0.62 | Loss: 0.191 | Opp label coverage: 0.81
Step 2914688/5000000 | Win rate (rollout): 0.60 | Loss: 0.177 | Opp label coverage: 0.87
Step 2915200/5000000 | Win rate (rollout): 0.29 | Loss: 0.174 | Opp label coverage: 0.84
Step 2915712/5000000 | Win rate (rollout): 0.46 | Loss: 0.188 | Opp label coverage: 0.87
Step 2916225/5000000 | Win rate (rollout): 0.42 | Loss: 0.250 | Opp label coverage: 0.89
Step 2916737/5000000 | Win rate (rollout): 0.71 | Loss: 0.173 | Opp label coverage: 0.83
Step 2917249/5000000 | Win rate (rollout): 0.45 | Loss: 0.195 | Opp label coverage: 0.88
Step 2917764/5000000 | Win rate (rollout): 0.61 | Loss: 0.177 | Opp label coverage: 0.88
Step 2918276/5000000 | Win rate (rollout): 0.58 | Loss: 0.167 | Opp label coverage: 0.88
Step 2918788/5000000 | Win rate (rollout): 0.33 | Loss: 0.179 | Opp label coverage: 0.86
Step 2919301/5000000 | Win rate (rollout): 0.58 | Loss: 0.183 | Opp label coverage: 0.87
Step 2919813/5000000 | Win rate (rollout): 0.23 | Loss: 0.194 | Opp label coverage: 0.87
Step 2920325/5000000 | Win rate (rollout): 0.56 | Loss: 0.171 | Opp label coverage: 0.77
Step 2920837/5000000 | Win rate (rollout): 0.75 | Loss: 0.161 | Opp label coverage: 0.81
Step 2921351/5000000 | Win rate (rollout): 0.91 | Loss: 0.058 | Opp label coverage: 0.89
Step 2921863/5000000 | Win rate (rollout): 0.62 | Loss: 0.188 | Opp label coverage: 0.81
Step 2922375/5000000 | Win rate (rollout): 0.28 | Loss: 0.214 | Opp label coverage: 0.80
Step 2922891/5000000 | Win rate (rollout): 0.46 | Loss: 0.151 | Opp label coverage: 0.87
Step 2923403/5000000 | Win rate (rollout): 0.50 | Loss: 0.173 | Opp label coverage: 0.81
Step 2923915/5000000 | Win rate (rollout): 0.56 | Loss: 0.188 | Opp label coverage: 0.89
Step 2924430/5000000 | Win rate (rollout): 0.56 | Loss: 0.142 | Opp label coverage: 0.88
Step 2924948/5000000 | Win rate (rollout): 0.60 | Loss: 0.245 | Opp label coverage: 0.88
[checkpoint] Saved /Users/laithassaf/Documents/Programs/Archived/pokemon-showdown/models/ppo/checkpoints/opp/ppo_step_2925396.pt
Step 2925460/5000000 | Win rate (rollout): 0.29 | Loss: 0.208 | Opp label coverage: 0.85
Step 2925972/5000000 | Win rate (rollout): 0.60 | Loss: 0.173 | Opp label coverage: 0.83
Step 2926486/5000000 | Win rate (rollout): 0.60 | Loss: 0.164 | Opp label coverage: 0.91
Step 2927001/5000000 | Win rate (rollout): 0.38 | Loss: 0.164 | Opp label coverage: 0.88
Step 2927513/5000000 | Win rate (rollout): 0.27 | Loss: 0.216 | Opp label coverage: 0.84
Step 2928028/5000000 | Win rate (rollout): 0.73 | Loss: 0.187 | Opp label coverage: 0.88
Step 2928540/5000000 | Win rate (rollout): 0.36 | Loss: 0.158 | Opp label coverage: 0.82usage: train.py [-h] [--steps STEPS] [--rollout-steps ROLLOUT_STEPS]
                [--checkpoint-every CHECKPOINT_EVERY] [--structured]
                [--obs-v2] [--num-envs NUM_ENVS] [--device {cpu,mps,cuda}]
                [--checkpoint-dir CHECKPOINT_DIR]
                [--opponent {random,damagefirst,selfplay}]
                [--selfplay-pool SELFPLAY_POOL] [--opp-coef OPP_COEF]
                [--opponent-mix OPPONENT_MIX]
train.py: error: unrecognized arguments: --resume models/ppo/checkpoints/opp/ppo_step_2925396.pt
Starting PPO training: 5000000 steps | obs_mode=v2 (obs_size=924) | rollout=512 steps | num_envs=8 | device=mps | opponent=selfplay=0.5,damagefirst=0.3,random=0.2 (pool: models/ppo/checkpoints/opp) | checkpoint every 25000 steps | opp_coef=0.1
Step 2925909/5000000 | Win rate (rollout): 0.64 | Loss: 0.242 | Opp label coverage: 0.88
Step 2926421/5000000 | Win rate (rollout): 0.31 | Loss: 0.196 | Opp label coverage: 0.84
Step 2926933/5000000 | Win rate (rollout): 0.28 | Loss: 0.178 | Opp label coverage: 0.85
Step 2927446/5000000 | Win rate (rollout): 0.55 | Loss: 0.123 | Opp label coverage: 0.88
Step 2927958/5000000 | Win rate (rollout): 0.46 | Loss: 0.176 | Opp label coverage: 0.84
Step 2928470/5000000 | Win rate (rollout): 0.53 | Loss: 0.209 | Opp label coverage: 0.82
Step 2928982/5000000 | Win rate (rollout): 0.38 | Loss: 0.163 | Opp label coverage: 0.88
Step 2929494/5000000 | Win rate (rollout): 0.62 | Loss: 0.161 | Opp label coverage: 0.84
Step 2930009/5000000 | Win rate (rollout): 0.54 | Loss: 0.195 | Opp label coverage: 0.87
Step 2930521/5000000 | Win rate (rollout): 0.33 | Loss: 0.186 | Opp label coverage: 0.83
Step 2931038/5000000 | Win rate (rollout): 0.56 | Loss: 0.181 | Opp label coverage: 0.88
Step 2931550/5000000 | Win rate (rollout): 0.38 | Loss: 0.154 | Opp label coverage: 0.82
Step 2932062/5000000 | Win rate (rollout): 0.75 | Loss: 0.195 | Opp label coverage: 0.81
Step 2932574/5000000 | Win rate (rollout): 0.50 | Loss: 0.177 | Opp label coverage: 0.83
Step 2933093/5000000 | Win rate (rollout): 0.67 | Loss: 0.162 | Opp label coverage: 0.87
Step 2933608/5000000 | Win rate (rollout): 0.73 | Loss: 0.167 | Opp label coverage: 0.89
Step 2934121/5000000 | Win rate (rollout): 0.47 | Loss: 0.108 | Opp label coverage: 0.87
Step 2934633/5000000 | Win rate (rollout): 0.56 | Loss: 0.178 | Opp label coverage: 0.82
Step 2935145/5000000 | Win rate (rollout): 0.43 | Loss: 0.203 | Opp label coverage: 0.86
Step 2935657/5000000 | Win rate (rollout): 0.56 | Loss: 0.166 | Opp label coverage: 0.87
Step 2936174/5000000 | Win rate (rollout): 0.40 | Loss: 0.159 | Opp label coverage: 0.88
Step 2936686/5000000 | Win rate (rollout): 0.64 | Loss: 0.181 | Opp label coverage: 0.83
Step 2937198/5000000 | Win rate (rollout): 0.44 | Loss: 0.173 | Opp label coverage: 0.80
Step 2937713/5000000 | Win rate (rollout): 0.70 | Loss: 0.123 | Opp label coverage: 0.90
Step 2938225/5000000 | Win rate (rollout): 0.62 | Loss: 0.190 | Opp label coverage: 0.81
Step 2938737/5000000 | Win rate (rollout): 0.38 | Loss: 0.168 | Opp label coverage: 0.84
Step 2939249/5000000 | Win rate (rollout): 0.56 | Loss: 0.202 | Opp label coverage: 0.82
Step 2939764/5000000 | Win rate (rollout): 0.42 | Loss: 0.205 | Opp label coverage: 0.86
Step 2940276/5000000 | Win rate (rollout): 0.43 | Loss: 0.199 | Opp label coverage: 0.84
Step 2940788/5000000 | Win rate (rollout): 0.44 | Loss: 0.239 | Opp label coverage: 0.85
Step 2941304/5000000 | Win rate (rollout): 0.54 | Loss: 0.174 | Opp label coverage: 0.89
Step 2941820/5000000 | Win rate (rollout): 0.57 | Loss: 0.155 | Opp label coverage: 0.88
Step 2942332/5000000 | Win rate (rollout): 0.50 | Loss: 0.205 | Opp label coverage: 0.81
Step 2942844/5000000 | Win rate (rollout): 0.56 | Loss: 0.178 | Opp label coverage: 0.82
Step 2943357/5000000 | Win rate (rollout): 0.62 | Loss: 0.271 | Opp label coverage: 0.88
Step 2943875/5000000 | Win rate (rollout): 0.75 | Loss: 0.174 | Opp label coverage: 0.90
Step 2944391/5000000 | Win rate (rollout): 0.47 | Loss: 0.199 | Opp label coverage: 0.88
Step 2944910/5000000 | Win rate (rollout): 0.53 | Loss: 0.244 | Opp label coverage: 0.88
Step 2945422/5000000 | Win rate (rollout): 0.50 | Loss: 0.198 | Opp label coverage: 0.82
Step 2945939/5000000 | Win rate (rollout): 0.45 | Loss: 0.203 | Opp label coverage: 0.86
Step 2946451/5000000 | Win rate (rollout): 0.36 | Loss: 0.169 | Opp label coverage: 0.85
Step 2946966/5000000 | Win rate (rollout): 0.50 | Loss: 0.163 | Opp label coverage: 0.88
Step 2947478/5000000 | Win rate (rollout): 0.40 | Loss: 0.205 | Opp label coverage: 0.88
Step 2947994/5000000 | Win rate (rollout): 0.69 | Loss: 0.177 | Opp label coverage: 0.91
Step 2948506/5000000 | Win rate (rollout): 0.67 | Loss: 0.180 | Opp label coverage: 0.85
Step 2949018/5000000 | Win rate (rollout): 0.79 | Loss: 0.175 | Opp label coverage: 0.82
Step 2949534/5000000 | Win rate (rollout): 0.83 | Loss: 0.151 | Opp label coverage: 0.87
Step 2950046/5000000 | Win rate (rollout): 0.38 | Loss: 0.232 | Opp label coverage: 0.82
[checkpoint] Saved models/ppo/checkpoints/opp/ppo_step_2950398.pt
Step 2950558/5000000 | Win rate (rollout): 0.31 | Loss: 0.175 | Opp label coverage: 0.83
Step 2951071/5000000 | Win rate (rollout): 0.42 | Loss: 0.242 | Opp label coverage: 0.88
Step 2951583/5000000 | Win rate (rollout): 0.47 | Loss: 0.198 | Opp label coverage: 0.88
Step 2952101/5000000 | Win rate (rollout): 0.54 | Loss: 0.156 | Opp label coverage: 0.88
Step 2952613/5000000 | Win rate (rollout): 0.20 | Loss: 0.147 | Opp label coverage: 0.82
Step 2953125/5000000 | Win rate (rollout): 0.40 | Loss: 0.195 | Opp label coverage: 0.83
Step 2953637/5000000 | Win rate (rollout): 0.33 | Loss: 0.187 | Opp label coverage: 0.87
Step 2954151/5000000 | Win rate (rollout): 0.67 | Loss: 0.205 | Opp label coverage: 0.89
Step 2954663/5000000 | Win rate (rollout): 0.50 | Loss: 0.186 | Opp label coverage: 0.83
Step 2955175/5000000 | Win rate (rollout): 0.47 | Loss: 0.186 | Opp label coverage: 0.83
Step 2955687/5000000 | Win rate (rollout): 0.60 | Loss: 0.175 | Opp label coverage: 0.87
Step 2956199/5000000 | Win rate (rollout): 0.29 | Loss: 0.206 | Opp label coverage: 0.81
Step 2956711/5000000 | Win rate (rollout): 0.56 | Loss: 0.237 | Opp label coverage: 0.81
Step 2957223/5000000 | Win rate (rollout): 0.91 | Loss: 0.175 | Opp label coverage: 0.87
Step 2957735/5000000 | Win rate (rollout): 0.67 | Loss: 0.176 | Opp label coverage: 0.88
Step 2958247/5000000 | Win rate (rollout): 0.67 | Loss: 0.171 | Opp label coverage: 0.81
Step 2958762/5000000 | Win rate (rollout): 0.46 | Loss: 0.254 | Opp label coverage: 0.87
Step 2959274/5000000 | Win rate (rollout): 0.62 | Loss: 0.150 | Opp label coverage: 0.86
Step 2959786/5000000 | Win rate (rollout): 0.58 | Loss: 0.153 | Opp label coverage: 0.85
Step 2960298/5000000 | Win rate (rollout): 0.50 | Loss: 0.224 | Opp label coverage: 0.84
Step 2960812/5000000 | Win rate (rollout): 0.18 | Loss: 0.204 | Opp label coverage: 0.88
Step 2961326/5000000 | Win rate (rollout): 0.50 | Loss: 0.198 | Opp label coverage: 0.88
Step 2961842/5000000 | Win rate (rollout): 0.62 | Loss: 0.168 | Opp label coverage: 0.90
Step 2962354/5000000 | Win rate (rollout): 0.67 | Loss: 0.222 | Opp label coverage: 0.85
Step 2962866/5000000 | Win rate (rollout): 0.40 | Loss: 0.185 | Opp label coverage: 0.83
Step 2963382/5000000 | Win rate (rollout): 0.50 | Loss: 0.177 | Opp label coverage: 0.90
Step 2963894/5000000 | Win rate (rollout): 0.38 | Loss: 0.159 | Opp label coverage: 0.82
Step 2964406/5000000 | Win rate (rollout): 0.64 | Loss: 0.180 | Opp label coverage: 0.83
Step 2964918/5000000 | Win rate (rollout): 0.56 | Loss: 0.194 | Opp label coverage: 0.83
Step 2965430/5000000 | Win rate (rollout): 0.90 | Loss: 0.186 | Opp label coverage: 0.88
Step 2965944/5000000 | Win rate (rollout): 0.44 | Loss: 0.213 | Opp label coverage: 0.87
Step 2966460/5000000 | Win rate (rollout): 0.62 | Loss: 0.162 | Opp label coverage: 0.88
Step 2966972/5000000 | Win rate (rollout): 0.43 | Loss: 0.216 | Opp label coverage: 0.81
Step 2967484/5000000 | Win rate (rollout): 0.39 | Loss: 0.210 | Opp label coverage: 0.82
Step 2967996/5000000 | Win rate (rollout): 0.40 | Loss: 0.212 | Opp label coverage: 0.81
Step 2968508/5000000 | Win rate (rollout): 0.61 | Loss: 0.188 | Opp label coverage: 0.78
Step 2969020/5000000 | Win rate (rollout): 0.62 | Loss: 0.147 | Opp label coverage: 0.81
Step 2969539/5000000 | Win rate (rollout): 0.22 | Loss: 0.195 | Opp label coverage: 0.90
Step 2970058/5000000 | Win rate (rollout): 0.43 | Loss: 0.197 | Opp label coverage: 0.89
Step 2970570/5000000 | Win rate (rollout): 0.73 | Loss: 0.179 | Opp label coverage: 0.84
Step 2971083/5000000 | Win rate (rollout): 0.40 | Loss: 0.113 | Opp label coverage: 0.87
Step 2971595/5000000 | Win rate (rollout): 0.38 | Loss: 0.185 | Opp label coverage: 0.82
Step 2972108/5000000 | Win rate (rollout): 0.38 | Loss: 0.188 | Opp label coverage: 0.88
Step 2972623/5000000 | Win rate (rollout): 0.31 | Loss: 0.177 | Opp label coverage: 0.89
Step 2973135/5000000 | Win rate (rollout): 0.29 | Loss: 0.175 | Opp label coverage: 0.85
Step 2973649/5000000 | Win rate (rollout): 0.30 | Loss: 0.212 | Opp label coverage: 0.89
Step 2974161/5000000 | Win rate (rollout): 0.38 | Loss: 0.194 | Opp label coverage: 0.79
Step 2974677/5000000 | Win rate (rollout): 0.23 | Loss: 0.182 | Opp label coverage: 0.85
Step 2975189/5000000 | Win rate (rollout): 0.55 | Loss: 0.187 | Opp label coverage: 0.88
[checkpoint] Saved models/ppo/checkpoints/opp/ppo_step_2975405.pt
Step 2975701/5000000 | Win rate (rollout): 0.43 | Loss: 0.159 | Opp label coverage: 0.78
Step 2976216/5000000 | Win rate (rollout): 0.60 | Loss: 0.222 | Opp label coverage: 0.88
Step 2976728/5000000 | Win rate (rollout): 0.64 | Loss: 0.164 | Opp label coverage: 0.84
Step 2977245/5000000 | Win rate (rollout): 0.42 | Loss: 0.177 | Opp label coverage: 0.88
Step 2977757/5000000 | Win rate (rollout): 0.40 | Loss: 0.191 | Opp label coverage: 0.84
Step 2978269/5000000 | Win rate (rollout): 0.58 | Loss: 0.188 | Opp label coverage: 0.71
Step 2978785/5000000 | Win rate (rollout): 0.53 | Loss: 0.216 | Opp label coverage: 0.87
Step 2979297/5000000 | Win rate (rollout): 0.73 | Loss: 0.174 | Opp label coverage: 0.85
Step 2979809/5000000 | Win rate (rollout): 0.47 | Loss: 0.228 | Opp label coverage: 0.85
Step 2980321/5000000 | Win rate (rollout): 0.40 | Loss: 0.198 | Opp label coverage: 0.81
Step 2980836/5000000 | Win rate (rollout): 0.64 | Loss: 0.196 | Opp label coverage: 0.88
Step 2981350/5000000 | Win rate (rollout): 0.20 | Loss: 0.215 | Opp label coverage: 0.87
Step 2981868/5000000 | Win rate (rollout): 0.59 | Loss: 0.159 | Opp label coverage: 0.87
Step 2982380/5000000 | Win rate (rollout): 0.50 | Loss: 0.184 | Opp label coverage: 0.89
Step 2982897/5000000 | Win rate (rollout): 0.47 | Loss: 0.201 | Opp label coverage: 0.88
Step 2983409/5000000 | Win rate (rollout): 0.67 | Loss: 0.182 | Opp label coverage: 0.82
Step 2983921/5000000 | Win rate (rollout): 0.67 | Loss: 0.173 | Opp label coverage: 0.89
Step 2984436/5000000 | Win rate (rollout): 0.53 | Loss: 0.244 | Opp label coverage: 0.88
Step 2984950/5000000 | Win rate (rollout): 0.60 | Loss: 0.223 | Opp label coverage: 0.86
Step 2985462/5000000 | Win rate (rollout): 0.21 | Loss: 0.195 | Opp label coverage: 0.83
Step 2985980/5000000 | Win rate (rollout): 0.36 | Loss: 0.120 | Opp label coverage: 0.90
Step 2986494/5000000 | Win rate (rollout): 0.71 | Loss: 0.222 | Opp label coverage: 0.87
Step 2987009/5000000 | Win rate (rollout): 0.69 | Loss: 0.104 | Opp label coverage: 0.89
Step 2987521/5000000 | Win rate (rollout): 0.60 | Loss: 0.165 | Opp label coverage: 0.68
Step 2988035/5000000 | Win rate (rollout): 0.40 | Loss: 0.214 | Opp label coverage: 0.88
Step 2988552/5000000 | Win rate (rollout): 0.29 | Loss: 0.191 | Opp label coverage: 0.88
Step 2989064/5000000 | Win rate (rollout): 0.36 | Loss: 0.214 | Opp label coverage: 0.83
Step 2989576/5000000 | Win rate (rollout): 0.38 | Loss: 0.183 | Opp label coverage: 0.87
Step 2990090/5000000 | Win rate (rollout): 0.89 | Loss: 0.120 | Opp label coverage: 0.89
Step 2990602/5000000 | Win rate (rollout): 0.30 | Loss: 0.173 | Opp label coverage: 0.84
Step 2991117/5000000 | Win rate (rollout): 0.33 | Loss: 0.123 | Opp label coverage: 0.88
Step 2991636/5000000 | Win rate (rollout): 0.20 | Loss: 0.168 | Opp label coverage: 0.86
Step 2992155/5000000 | Win rate (rollout): 0.50 | Loss: 0.153 | Opp label coverage: 0.88
Step 2992667/5000000 | Win rate (rollout): 0.58 | Loss: 0.164 | Opp label coverage: 0.83
Step 2993179/5000000 | Win rate (rollout): 0.36 | Loss: 0.215 | Opp label coverage: 0.81
Step 2993691/5000000 | Win rate (rollout): 0.27 | Loss: 0.162 | Opp label coverage: 0.77
Step 2994203/5000000 | Win rate (rollout): 0.75 | Loss: 0.187 | Opp label coverage: 0.84
Step 2994715/5000000 | Win rate (rollout): 0.62 | Loss: 0.209 | Opp label coverage: 0.79
Step 2995227/5000000 | Win rate (rollout): 0.62 | Loss: 0.181 | Opp label coverage: 0.79
Step 2995739/5000000 | Win rate (rollout): 0.44 | Loss: 0.200 | Opp label coverage: 0.82
Step 2996251/5000000 | Win rate (rollout): 0.57 | Loss: 0.170 | Opp label coverage: 0.83
Step 2996767/5000000 | Win rate (rollout): 0.67 | Loss: 0.136 | Opp label coverage: 0.90
Step 2997279/5000000 | Win rate (rollout): 0.45 | Loss: 0.190 | Opp label coverage: 0.84
Step 2997791/5000000 | Win rate (rollout): 0.70 | Loss: 0.183 | Opp label coverage: 0.83
Step 2998303/5000000 | Win rate (rollout): 0.69 | Loss: 0.177 | Opp label coverage: 0.84
Step 2998815/5000000 | Win rate (rollout): 0.43 | Loss: 0.175 | Opp label coverage: 0.90
Step 2999332/5000000 | Win rate (rollout): 0.33 | Loss: 0.160 | Opp label coverage: 0.91
Step 2999844/5000000 | Win rate (rollout): 0.50 | Loss: 0.140 | Opp label coverage: 0.81
Step 3000358/5000000 | Win rate (rollout): 0.36 | Loss: 0.147 | Opp label coverage: 0.90
[checkpoint] Saved models/ppo/checkpoints/opp/ppo_step_3000407.pt
Step 3000873/5000000 | Win rate (rollout): 0.60 | Loss: 0.174 | Opp label coverage: 0.89
Step 3001389/5000000 | Win rate (rollout): 0.46 | Loss: 0.168 | Opp label coverage: 0.88
Step 3001903/5000000 | Win rate (rollout): 0.60 | Loss: 0.151 | Opp label coverage: 0.88
Step 3002415/5000000 | Win rate (rollout): 0.45 | Loss: 0.203 | Opp label coverage: 0.80
Step 3002928/5000000 | Win rate (rollout): 0.45 | Loss: 0.127 | Opp label coverage: 0.88
Step 3003440/5000000 | Win rate (rollout): 0.46 | Loss: 0.180 | Opp label coverage: 0.79
Step 3003952/5000000 | Win rate (rollout): 0.33 | Loss: 0.160 | Opp label coverage: 0.87
Step 3004464/5000000 | Win rate (rollout): 0.53 | Loss: 0.208 | Opp label coverage: 0.81
Step 3004981/5000000 | Win rate (rollout): 0.50 | Loss: 0.154 | Opp label coverage: 0.87
Step 3005493/5000000 | Win rate (rollout): 0.27 | Loss: 0.183 | Opp label coverage: 0.82
Step 3006006/5000000 | Win rate (rollout): 0.64 | Loss: 0.249 | Opp label coverage: 0.90
Step 3006522/5000000 | Win rate (rollout): 0.31 | Loss: 0.165 | Opp label coverage: 0.89
Step 3007034/5000000 | Win rate (rollout): 0.56 | Loss: 0.165 | Opp label coverage: 0.75
Step 3007550/5000000 | Win rate (rollout): 0.67 | Loss: 0.171 | Opp label coverage: 0.89
Step 3008065/5000000 | Win rate (rollout): 0.62 | Loss: 0.232 | Opp label coverage: 0.89
Step 3008577/5000000 | Win rate (rollout): 0.62 | Loss: 0.165 | Opp label coverage: 0.82
Step 3009089/5000000 | Win rate (rollout): 0.55 | Loss: 0.172 | Opp label coverage: 0.88
Step 3009607/5000000 | Win rate (rollout): 0.33 | Loss: 0.173 | Opp label coverage: 0.88
Step 3010119/5000000 | Win rate (rollout): 0.38 | Loss: 0.176 | Opp label coverage: 0.83
Step 3010636/5000000 | Win rate (rollout): 0.18 | Loss: 0.178 | Opp label coverage: 0.87
Step 3011148/5000000 | Win rate (rollout): 0.60 | Loss: 0.180 | Opp label coverage: 0.80
Step 3011660/5000000 | Win rate (rollout): 0.73 | Loss: 0.185 | Opp label coverage: 0.84
Step 3012176/5000000 | Win rate (rollout): 0.62 | Loss: 0.189 | Opp label coverage: 0.87
Step 3012689/5000000 | Win rate (rollout): 0.70 | Loss: 0.169 | Opp label coverage: 0.90
Step 3013201/5000000 | Win rate (rollout): 0.56 | Loss: 0.188 | Opp label coverage: 0.84
Step 3013716/5000000 | Win rate (rollout): 0.58 | Loss: 0.207 | Opp label coverage: 0.88
Step 3014230/5000000 | Win rate (rollout): 0.40 | Loss: 0.184 | Opp label coverage: 0.87
Step 3014742/5000000 | Win rate (rollout): 0.58 | Loss: 0.181 | Opp label coverage: 0.83
Step 3015254/5000000 | Win rate (rollout): 0.50 | Loss: 0.189 | Opp label coverage: 0.83
Step 3015766/5000000 | Win rate (rollout): 0.54 | Loss: 0.179 | Opp label coverage: 0.87
Step 3016278/5000000 | Win rate (rollout): 0.83 | Loss: 0.158 | Opp label coverage: 0.83
Step 3016790/5000000 | Win rate (rollout): 0.67 | Loss: 0.149 | Opp label coverage: 0.80
Step 3017302/5000000 | Win rate (rollout): 0.50 | Loss: 0.174 | Opp label coverage: 0.88
Step 3017814/5000000 | Win rate (rollout): 0.17 | Loss: 0.205 | Opp label coverage: 0.88
Step 3018326/5000000 | Win rate (rollout): 0.33 | Loss: 0.174 | Opp label coverage: 0.81
Step 3018838/5000000 | Win rate (rollout): 0.45 | Loss: 0.182 | Opp label coverage: 0.84
Step 3019350/5000000 | Win rate (rollout): 0.55 | Loss: 0.179 | Opp label coverage: 0.88
Step 3019862/5000000 | Win rate (rollout): 0.38 | Loss: 0.146 | Opp label coverage: 0.90
Step 3020374/5000000 | Win rate (rollout): 0.50 | Loss: 0.173 | Opp label coverage: 0.85
Step 3020886/5000000 | Win rate (rollout): 0.56 | Loss: 0.183 | Opp label coverage: 0.82
Step 3021398/5000000 | Win rate (rollout): 0.25 | Loss: 0.169 | Opp label coverage: 0.83
Step 3021910/5000000 | Win rate (rollout): 0.43 | Loss: 0.158 | Opp label coverage: 0.82
Step 3022427/5000000 | Win rate (rollout): 0.50 | Loss: 0.133 | Opp label coverage: 0.87
Step 3022939/5000000 | Win rate (rollout): 0.43 | Loss: 0.181 | Opp label coverage: 0.83
Step 3023456/5000000 | Win rate (rollout): 0.42 | Loss: 0.156 | Opp label coverage: 0.87
Step 3023968/5000000 | Win rate (rollout): 0.18 | Loss: 0.153 | Opp label coverage: 0.82
Step 3024480/5000000 | Win rate (rollout): 0.44 | Loss: 0.185 | Opp label coverage: 0.85
Step 3024992/5000000 | Win rate (rollout): 0.59 | Loss: 0.220 | Opp label coverage: 0.80
[checkpoint] Saved models/ppo/checkpoints/opp/ppo_step_3025408.pt
Step 3025504/5000000 | Win rate (rollout): 0.17 | Loss: 0.203 | Opp label coverage: 0.85
Step 3026017/5000000 | Win rate (rollout): 0.44 | Loss: 0.147 | Opp label coverage: 0.89
Step 3026529/5000000 | Win rate (rollout): 0.36 | Loss: 0.168 | Opp label coverage: 0.90
Step 3027045/5000000 | Win rate (rollout): 0.73 | Loss: 0.166 | Opp label coverage: 0.92
Step 3027561/5000000 | Win rate (rollout): 0.57 | Loss: 0.198 | Opp label coverage: 0.91
Step 3028076/5000000 | Win rate (rollout): 0.42 | Loss: 0.190 | Opp label coverage: 0.90
Step 3028593/5000000 | Win rate (rollout): 0.33 | Loss: 0.135 | Opp label coverage: 0.90
Step 3029111/5000000 | Win rate (rollout): 0.20 | Loss: 0.166 | Opp label coverage: 0.89
Step 3029623/5000000 | Win rate (rollout): 0.38 | Loss: 0.193 | Opp label coverage: 0.81
Step 3030138/5000000 | Win rate (rollout): 0.50 | Loss: 0.174 | Opp label coverage: 0.89
Step 3030650/5000000 | Win rate (rollout): 0.33 | Loss: 0.181 | Opp label coverage: 0.78
Step 3031162/5000000 | Win rate (rollout): 0.55 | Loss: 0.169 | Opp label coverage: 0.83
Step 3031675/5000000 | Win rate (rollout): 0.46 | Loss: 0.143 | Opp label coverage: 0.87
Step 3032187/5000000 | Win rate (rollout): 0.78 | Loss: 0.186 | Opp label coverage: 0.83
Step 3032705/5000000 | Win rate (rollout): 0.40 | Loss: 0.183 | Opp label coverage: 0.89
Step 3033217/5000000 | Win rate (rollout): 0.33 | Loss: 0.161 | Opp label coverage: 0.82
Step 3033732/5000000 | Win rate (rollout): 0.69 | Loss: 0.227 | Opp label coverage: 0.89
Step 3034244/5000000 | Win rate (rollout): 0.88 | Loss: 0.181 | Opp label coverage: 0.80
Step 3034758/5000000 | Win rate (rollout): 0.31 | Loss: 0.182 | Opp label coverage: 0.87
Step 3035270/5000000 | Win rate (rollout): 0.54 | Loss: 0.196 | Opp label coverage: 0.89
Step 3035783/5000000 | Win rate (rollout): 0.38 | Loss: 0.177 | Opp label coverage: 0.87
Step 3036301/5000000 | Win rate (rollout): 0.50 | Loss: 0.176 | Opp label coverage: 0.87
Step 3036813/5000000 | Win rate (rollout): 0.23 | Loss: 0.203 | Opp label coverage: 0.83
Step 3037332/5000000 | Win rate (rollout): 0.33 | Loss: 0.149 | Opp label coverage: 0.89
Step 3037844/5000000 | Win rate (rollout): 0.60 | Loss: 0.209 | Opp label coverage: 0.85
Step 3038356/5000000 | Win rate (rollout): 0.61 | Loss: 0.191 | Opp label coverage: 0.79
Step 3038868/5000000 | Win rate (rollout): 0.54 | Loss: 0.179 | Opp label coverage: 0.80
Step 3039383/5000000 | Win rate (rollout): 0.40 | Loss: 0.152 | Opp label coverage: 0.87
Step 3039897/5000000 | Win rate (rollout): 0.53 | Loss: 0.204 | Opp label coverage: 0.89
Step 3040409/5000000 | Win rate (rollout): 0.56 | Loss: 0.207 | Opp label coverage: 0.82
Step 3040922/5000000 | Win rate (rollout): 0.42 | Loss: 0.178 | Opp label coverage: 0.88
Step 3041434/5000000 | Win rate (rollout): 0.70 | Loss: 0.170 | Opp label coverage: 0.84
Step 3041946/5000000 | Win rate (rollout): 0.50 | Loss: 0.169 | Opp label coverage: 0.81
Step 3042458/5000000 | Win rate (rollout): 0.23 | Loss: 0.173 | Opp label coverage: 0.86
Step 3042970/5000000 | Win rate (rollout): 0.38 | Loss: 0.193 | Opp label coverage: 0.82
Step 3043482/5000000 | Win rate (rollout): 0.50 | Loss: 0.163 | Opp label coverage: 0.83
Step 3043994/5000000 | Win rate (rollout): 0.33 | Loss: 0.187 | Opp label coverage: 0.79
Step 3044506/5000000 | Win rate (rollout): 0.62 | Loss: 0.164 | Opp label coverage: 0.87
Step 3045018/5000000 | Win rate (rollout): 0.62 | Loss: 0.151 | Opp label coverage: 0.81
Step 3045530/5000000 | Win rate (rollout): 0.27 | Loss: 0.192 | Opp label coverage: 0.87
Step 3046044/5000000 | Win rate (rollout): 0.36 | Loss: 0.185 | Opp label coverage: 0.88
Step 3046561/5000000 | Win rate (rollout): 0.62 | Loss: 0.155 | Opp label coverage: 0.89
Step 3047078/5000000 | Win rate (rollout): 0.53 | Loss: 0.179 | Opp label coverage: 0.87
Step 3047596/5000000 | Win rate (rollout): 0.61 | Loss: 0.178 | Opp label coverage: 0.87
Step 3048109/5000000 | Win rate (rollout): 0.62 | Loss: 0.106 | Opp label coverage: 0.88
Step 3048621/5000000 | Win rate (rollout): 0.55 | Loss: 0.179 | Opp label coverage: 0.83
Step 3049133/5000000 | Win rate (rollout): 0.64 | Loss: 0.196 | Opp label coverage: 0.81
Step 3049651/5000000 | Win rate (rollout): 0.25 | Loss: 0.150 | Opp label coverage: 0.87
Step 3050163/5000000 | Win rate (rollout): 0.53 | Loss: 0.230 | Opp label coverage: 0.83
[checkpoint] Saved models/ppo/checkpoints/opp/ppo_step_3050409.pt
Step 3050679/5000000 | Win rate (rollout): 0.50 | Loss: 0.161 | Opp label coverage: 0.91
Step 3051194/5000000 | Win rate (rollout): 0.64 | Loss: 0.207 | Opp label coverage: 0.89
Step 3051710/5000000 | Win rate (rollout): 0.42 | Loss: 0.190 | Opp label coverage: 0.88
Step 3052222/5000000 | Win rate (rollout): 0.67 | Loss: 0.147 | Opp label coverage: 0.80
Step 3052734/5000000 | Win rate (rollout): 0.58 | Loss: 0.156 | Opp label coverage: 0.85
Step 3053246/5000000 | Win rate (rollout): 0.31 | Loss: 0.233 | Opp label coverage: 0.83
Step 3053761/5000000 | Win rate (rollout): 0.40 | Loss: 0.161 | Opp label coverage: 0.88
Step 3054273/5000000 | Win rate (rollout): 0.31 | Loss: 0.169 | Opp label coverage: 0.83
Step 3054785/5000000 | Win rate (rollout): 0.17 | Loss: 0.157 | Opp label coverage: 0.84
Step 3055297/5000000 | Win rate (rollout): 0.79 | Loss: 0.170 | Opp label coverage: 0.84
Step 3055809/5000000 | Win rate (rollout): 0.80 | Loss: 0.177 | Opp label coverage: 0.84
Step 3056325/5000000 | Win rate (rollout): 0.46 | Loss: 0.272 | Opp label coverage: 0.88
Step 3056837/5000000 | Win rate (rollout): 0.25 | Loss: 0.161 | Opp label coverage: 0.77
Step 3057349/5000000 | Win rate (rollout): 0.50 | Loss: 0.164 | Opp label coverage: 0.82
Step 3057861/5000000 | Win rate (rollout): 0.50 | Loss: 0.198 | Opp label coverage: 0.82
Step 3058373/5000000 | Win rate (rollout): 0.50 | Loss: 0.194 | Opp label coverage: 0.86
Step 3058885/5000000 | Win rate (rollout): 0.20 | Loss: 0.199 | Opp label coverage: 0.83
Step 3059397/5000000 | Win rate (rollout): 0.31 | Loss: 0.180 | Opp label coverage: 0.82
Step 3059911/5000000 | Win rate (rollout): 0.33 | Loss: 0.102 | Opp label coverage: 0.89
Step 3060429/5000000 | Win rate (rollout): 0.62 | Loss: 0.129 | Opp label coverage: 0.92
Step 3060943/5000000 | Win rate (rollout): 0.38 | Loss: 0.102 | Opp label coverage: 0.90
Step 3061461/5000000 | Win rate (rollout): 0.46 | Loss: 0.143 | Opp label coverage: 0.91
Step 3061974/5000000 | Win rate (rollout): 0.71 | Loss: 0.214 | Opp label coverage: 0.89
Step 3062487/5000000 | Win rate (rollout): 0.43 | Loss: 0.242 | Opp label coverage: 0.90
Step 3063004/5000000 | Win rate (rollout): 0.40 | Loss: 0.148 | Opp label coverage: 0.88
Step 3063517/5000000 | Win rate (rollout): 0.31 | Loss: 0.121 | Opp label coverage: 0.88
Step 3064035/5000000 | Win rate (rollout): 0.79 | Loss: 0.181 | Opp label coverage: 0.89
Step 3064547/5000000 | Win rate (rollout): 0.55 | Loss: 0.190 | Opp label coverage: 0.81
Step 3065059/5000000 | Win rate (rollout): 0.42 | Loss: 0.197 | Opp label coverage: 0.88
Step 3065575/5000000 | Win rate (rollout): 0.45 | Loss: 0.112 | Opp label coverage: 0.90
Step 3066087/5000000 | Win rate (rollout): 0.40 | Loss: 0.154 | Opp label coverage: 0.87
Step 3066599/5000000 | Win rate (rollout): 0.47 | Loss: 0.183 | Opp label coverage: 0.85
Step 3067116/5000000 | Win rate (rollout): 0.54 | Loss: 0.193 | Opp label coverage: 0.87
Step 3067628/5000000 | Win rate (rollout): 0.50 | Loss: 0.210 | Opp label coverage: 0.84
Step 3068140/5000000 | Win rate (rollout): 0.38 | Loss: 0.188 | Opp label coverage: 0.81
Step 3068654/5000000 | Win rate (rollout): 0.50 | Loss: 0.230 | Opp label coverage: 0.86
Step 3069166/5000000 | Win rate (rollout): 0.50 | Loss: 0.186 | Opp label coverage: 0.85
Step 3069685/5000000 | Win rate (rollout): 0.54 | Loss: 0.177 | Opp label coverage: 0.87
Step 3070197/5000000 | Win rate (rollout): 0.75 | Loss: 0.152 | Opp label coverage: 0.90
Step 3070710/5000000 | Win rate (rollout): 0.31 | Loss: 0.125 | Opp label coverage: 0.89
Step 3071225/5000000 | Win rate (rollout): 0.43 | Loss: 0.173 | Opp label coverage: 0.87
Step 3071737/5000000 | Win rate (rollout): 0.47 | Loss: 0.217 | Opp label coverage: 0.84
Step 3072249/5000000 | Win rate (rollout): 0.29 | Loss: 0.192 | Opp label coverage: 0.83
Step 3072764/5000000 | Win rate (rollout): 0.64 | Loss: 0.188 | Opp label coverage: 0.87
Step 3073281/5000000 | Win rate (rollout): 0.38 | Loss: 0.162 | Opp label coverage: 0.87
Step 3073793/5000000 | Win rate (rollout): 0.50 | Loss: 0.213 | Opp label coverage: 0.82
Step 3074305/5000000 | Win rate (rollout): 0.64 | Loss: 0.180 | Opp label coverage: 0.87
Step 3074817/5000000 | Win rate (rollout): 0.25 | Loss: 0.187 | Opp label coverage: 0.80
Step 3075329/5000000 | Win rate (rollout): 0.53 | Loss: 0.182 | Opp label coverage: 0.82
[checkpoint] Saved models/ppo/checkpoints/opp/ppo_step_3075409.pt
Step 3075841/5000000 | Win rate (rollout): 0.50 | Loss: 0.191 | Opp label coverage: 0.86
Step 3076353/5000000 | Win rate (rollout): 0.15 | Loss: 0.167 | Opp label coverage: 0.80
Step 3076866/5000000 | Win rate (rollout): 0.17 | Loss: 0.181 | Opp label coverage: 0.88
Step 3077385/5000000 | Win rate (rollout): 0.53 | Loss: 0.243 | Opp label coverage: 0.88
Step 3077897/5000000 | Win rate (rollout): 0.55 | Loss: 0.204 | Opp label coverage: 0.78
Step 3078414/5000000 | Win rate (rollout): 0.69 | Loss: 0.205 | Opp label coverage: 0.88
Step 3078926/5000000 | Win rate (rollout): 0.43 | Loss: 0.208 | Opp label coverage: 0.85
Step 3079443/5000000 | Win rate (rollout): 0.25 | Loss: 0.133 | Opp label coverage: 0.89
Step 3079959/5000000 | Win rate (rollout): 0.53 | Loss: 0.139 | Opp label coverage: 0.88
Step 3080471/5000000 | Win rate (rollout): 0.67 | Loss: 0.151 | Opp label coverage: 0.81
Step 3080983/5000000 | Win rate (rollout): 0.60 | Loss: 0.188 | Opp label coverage: 0.86
Step 3081501/5000000 | Win rate (rollout): 0.27 | Loss: 0.199 | Opp label coverage: 0.88
Step 3082013/5000000 | Win rate (rollout): 0.46 | Loss: 0.168 | Opp label coverage: 0.83
Step 3082529/5000000 | Win rate (rollout): 0.50 | Loss: 0.135 | Opp label coverage: 0.90
Step 3083041/5000000 | Win rate (rollout): 0.17 | Loss: 0.152 | Opp label coverage: 0.87
Step 3083553/5000000 | Win rate (rollout): 0.29 | Loss: 0.193 | Opp label coverage: 0.85
Step 3084071/5000000 | Win rate (rollout): 0.33 | Loss: 0.171 | Opp label coverage: 0.89
Step 3084583/5000000 | Win rate (rollout): 0.67 | Loss: 0.180 | Opp label coverage: 0.81
Step 3085098/5000000 | Win rate (rollout): 0.50 | Loss: 0.148 | Opp label coverage: 0.89
Step 3085610/5000000 | Win rate (rollout): 0.29 | Loss: 0.189 | Opp label coverage: 0.84
Step 3086127/5000000 | Win rate (rollout): 0.36 | Loss: 0.184 | Opp label coverage: 0.89
Step 3086644/5000000 | Win rate (rollout): 0.64 | Loss: 0.184 | Opp label coverage: 0.88
Step 3087156/5000000 | Win rate (rollout): 0.50 | Loss: 0.152 | Opp label coverage: 0.88
Step 3087668/5000000 | Win rate (rollout): 0.46 | Loss: 0.184 | Opp label coverage: 0.77
Step 3088180/5000000 | Win rate (rollout): 0.64 | Loss: 0.141 | Opp label coverage: 0.83
Step 3088692/5000000 | Win rate (rollout): 0.53 | Loss: 0.234 | Opp label coverage: 0.83
Step 3089204/5000000 | Win rate (rollout): 0.31 | Loss: 0.177 | Opp label coverage: 0.83
Step 3089718/5000000 | Win rate (rollout): 0.38 | Loss: 0.152 | Opp label coverage: 0.88
Step 3090230/5000000 | Win rate (rollout): 0.71 | Loss: 0.222 | Opp label coverage: 0.88
Step 3090742/5000000 | Win rate (rollout): 0.46 | Loss: 0.189 | Opp label coverage: 0.85
Step 3091255/5000000 | Win rate (rollout): 0.56 | Loss: 0.237 | Opp label coverage: 0.90
Step 3091770/5000000 | Win rate (rollout): 0.67 | Loss: 0.154 | Opp label coverage: 0.88
Step 3092282/5000000 | Win rate (rollout): 0.33 | Loss: 0.158 | Opp label coverage: 0.85
Step 3092801/5000000 | Win rate (rollout): 0.20 | Loss: 0.122 | Opp label coverage: 0.88
Step 3093313/5000000 | Win rate (rollout): 0.14 | Loss: 0.160 | Opp label coverage: 0.80
Step 3093828/5000000 | Win rate (rollout): 0.38 | Loss: 0.201 | Opp label coverage: 0.88
Step 3094340/5000000 | Win rate (rollout): 0.67 | Loss: 0.167 | Opp label coverage: 0.85
Step 3094852/5000000 | Win rate (rollout): 0.46 | Loss: 0.191 | Opp label coverage: 0.83
Step 3095367/5000000 | Win rate (rollout): 0.33 | Loss: 0.180 | Opp label coverage: 0.87
Step 3095885/5000000 | Win rate (rollout): 0.36 | Loss: 0.160 | Opp label coverage: 0.88
Step 3096397/5000000 | Win rate (rollout): 0.57 | Loss: 0.168 | Opp label coverage: 0.82
Step 3096914/5000000 | Win rate (rollout): 0.44 | Loss: 0.136 | Opp label coverage: 0.89
Step 3097428/5000000 | Win rate (rollout): 0.50 | Loss: 0.189 | Opp label coverage: 0.88
Step 3097942/5000000 | Win rate (rollout): 0.29 | Loss: 0.070 | Opp label coverage: 0.87
Step 3098454/5000000 | Win rate (rollout): 0.67 | Loss: 0.170 | Opp label coverage: 0.84
Step 3098966/5000000 | Win rate (rollout): 0.50 | Loss: 0.227 | Opp label coverage: 0.82
Step 3099478/5000000 | Win rate (rollout): 0.56 | Loss: 0.229 | Opp label coverage: 0.85
Step 3099990/5000000 | Win rate (rollout): 0.22 | Loss: 0.169 | Opp label coverage: 0.76
[checkpoint] Saved models/ppo/checkpoints/opp/ppo_step_3100414.pt
Step 3100502/5000000 | Win rate (rollout): 0.38 | Loss: 0.211 | Opp label coverage: 0.87
Step 3101019/5000000 | Win rate (rollout): 0.38 | Loss: 0.186 | Opp label coverage: 0.88
Step 3101537/5000000 | Win rate (rollout): 0.60 | Loss: 0.200 | Opp label coverage: 0.91
Step 3102049/5000000 | Win rate (rollout): 0.50 | Loss: 0.156 | Opp label coverage: 0.82
Step 3102562/5000000 | Win rate (rollout): 0.75 | Loss: 0.127 | Opp label coverage: 0.90
Step 3103076/5000000 | Win rate (rollout): 0.54 | Loss: 0.142 | Opp label coverage: 0.90
Step 3103588/5000000 | Win rate (rollout): 0.46 | Loss: 0.196 | Opp label coverage: 0.76
Step 3104105/5000000 | Win rate (rollout): 0.60 | Loss: 0.141 | Opp label coverage: 0.88
Step 3104618/5000000 | Win rate (rollout): 0.53 | Loss: 0.220 | Opp label coverage: 0.88
Step 3105130/5000000 | Win rate (rollout): 0.38 | Loss: 0.195 | Opp label coverage: 0.89
Step 3105642/5000000 | Win rate (rollout): 0.38 | Loss: 0.159 | Opp label coverage: 0.85
Step 3106154/5000000 | Win rate (rollout): 0.18 | Loss: 0.187 | Opp label coverage: 0.82
Step 3106667/5000000 | Win rate (rollout): 0.36 | Loss: 0.194 | Opp label coverage: 0.88
Step 3107179/5000000 | Win rate (rollout): 0.27 | Loss: 0.182 | Opp label coverage: 0.85
Step 3107691/5000000 | Win rate (rollout): 0.42 | Loss: 0.167 | Opp label coverage: 0.82
Step 3108203/5000000 | Win rate (rollout): 0.40 | Loss: 0.217 | Opp label coverage: 0.82
Step 3108720/5000000 | Win rate (rollout): 0.42 | Loss: 0.128 | Opp label coverage: 0.88
Step 3109232/5000000 | Win rate (rollout): 0.38 | Loss: 0.184 | Opp label coverage: 0.79
Step 3109747/5000000 | Win rate (rollout): 0.25 | Loss: 0.134 | Opp label coverage: 0.87
Step 3110264/5000000 | Win rate (rollout): 0.64 | Loss: 0.165 | Opp label coverage: 0.89
Step 3110779/5000000 | Win rate (rollout): 0.64 | Loss: 0.162 | Opp label coverage: 0.88
Step 3111297/5000000 | Win rate (rollout): 0.50 | Loss: 0.175 | Opp label coverage: 0.90
Step 3111810/5000000 | Win rate (rollout): 0.36 | Loss: 0.166 | Opp label coverage: 0.88
Step 3112322/5000000 | Win rate (rollout): 0.21 | Loss: 0.180 | Opp label coverage: 0.84
Step 3112834/5000000 | Win rate (rollout): 0.67 | Loss: 0.141 | Opp label coverage: 0.90
Step 3113349/5000000 | Win rate (rollout): 0.58 | Loss: 0.157 | Opp label coverage: 0.90
Step 3113862/5000000 | Win rate (rollout): 0.73 | Loss: 0.203 | Opp label coverage: 0.90
Step 3114374/5000000 | Win rate (rollout): 0.29 | Loss: 0.190 | Opp label coverage: 0.78
Step 3114886/5000000 | Win rate (rollout): 0.47 | Loss: 0.159 | Opp label coverage: 0.80
Step 3115398/5000000 | Win rate (rollout): 0.67 | Loss: 0.153 | Opp label coverage: 0.85
Step 3115910/5000000 | Win rate (rollout): 0.45 | Loss: 0.174 | Opp label coverage: 0.81
Step 3116422/5000000 | Win rate (rollout): 0.62 | Loss: 0.164 | Opp label coverage: 0.82
Step 3116934/5000000 | Win rate (rollout): 0.42 | Loss: 0.186 | Opp label coverage: 0.82
Step 3117453/5000000 | Win rate (rollout): 0.23 | Loss: 0.173 | Opp label coverage: 0.87
Step 3117965/5000000 | Win rate (rollout): 0.38 | Loss: 0.185 | Opp label coverage: 0.83
Step 3118477/5000000 | Win rate (rollout): 0.36 | Loss: 0.188 | Opp label coverage: 0.84
Step 3118994/5000000 | Win rate (rollout): 0.60 | Loss: 0.175 | Opp label coverage: 0.89
Step 3119509/5000000 | Win rate (rollout): 0.46 | Loss: 0.223 | Opp label coverage: 0.89
Step 3120021/5000000 | Win rate (rollout): 0.27 | Loss: 0.168 | Opp label coverage: 0.81
Step 3120533/5000000 | Win rate (rollout): 0.31 | Loss: 0.184 | Opp label coverage: 0.81
Step 3121045/5000000 | Win rate (rollout): 0.44 | Loss: 0.190 | Opp label coverage: 0.87
Step 3121557/5000000 | Win rate (rollout): 0.41 | Loss: 0.242 | Opp label coverage: 0.84
Step 3122069/5000000 | Win rate (rollout): 0.40 | Loss: 0.156 | Opp label coverage: 0.84
Step 3122587/5000000 | Win rate (rollout): 0.67 | Loss: 0.155 | Opp label coverage: 0.89
Step 3123100/5000000 | Win rate (rollout): 0.46 | Loss: 0.202 | Opp label coverage: 0.90
Step 3123616/5000000 | Win rate (rollout): 0.35 | Loss: 0.167 | Opp label coverage: 0.87
Step 3124128/5000000 | Win rate (rollout): 0.57 | Loss: 0.171 | Opp label coverage: 0.83
Step 3124645/5000000 | Win rate (rollout): 0.42 | Loss: 0.207 | Opp label coverage: 0.87
Step 3125157/5000000 | Win rate (rollout): 0.50 | Loss: 0.143 | Opp label coverage: 0.88
[checkpoint] Saved models/ppo/checkpoints/opp/ppo_step_3125420.pt
Step 3125669/5000000 | Win rate (rollout): 0.45 | Loss: 0.170 | Opp label coverage: 0.88
Step 3126184/5000000 | Win rate (rollout): 0.57 | Loss: 0.186 | Opp label coverage: 0.89
Step 3126696/5000000 | Win rate (rollout): 0.46 | Loss: 0.187 | Opp label coverage: 0.81
Step 3127208/5000000 | Win rate (rollout): 0.38 | Loss: 0.181 | Opp label coverage: 0.84
Step 3127720/5000000 | Win rate (rollout): 0.60 | Loss: 0.200 | Opp label coverage: 0.86
Step 3128236/5000000 | Win rate (rollout): 0.46 | Loss: 0.216 | Opp label coverage: 0.88
Step 3128748/5000000 | Win rate (rollout): 0.67 | Loss: 0.174 | Opp label coverage: 0.83
Step 3129260/5000000 | Win rate (rollout): 0.88 | Loss: 0.148 | Opp label coverage: 0.81
Step 3129772/5000000 | Win rate (rollout): 0.55 | Loss: 0.177 | Opp label coverage: 0.87
Step 3130284/5000000 | Win rate (rollout): 0.20 | Loss: 0.174 | Opp label coverage: 0.88
Step 3130796/5000000 | Win rate (rollout): 0.42 | Loss: 0.230 | Opp label coverage: 0.82
Step 3131308/5000000 | Win rate (rollout): 0.57 | Loss: 0.161 | Opp label coverage: 0.85
Step 3131820/5000000 | Win rate (rollout): 0.33 | Loss: 0.175 | Opp label coverage: 0.80
Step 3132332/5000000 | Win rate (rollout): 0.29 | Loss: 0.153 | Opp label coverage: 0.82
Step 3132844/5000000 | Win rate (rollout): 0.50 | Loss: 0.158 | Opp label coverage: 0.81
Step 3133363/5000000 | Win rate (rollout): 0.36 | Loss: 0.189 | Opp label coverage: 0.86
Step 3133875/5000000 | Win rate (rollout): 0.46 | Loss: 0.184 | Opp label coverage: 0.82
Step 3134387/5000000 | Win rate (rollout): 0.47 | Loss: 0.217 | Opp label coverage: 0.79
Step 3134899/5000000 | Win rate (rollout): 0.53 | Loss: 0.198 | Opp label coverage: 0.84
Step 3135411/5000000 | Win rate (rollout): 0.70 | Loss: 0.157 | Opp label coverage: 0.88
Step 3135924/5000000 | Win rate (rollout): 0.46 | Loss: 0.210 | Opp label coverage: 0.89
Step 3136436/5000000 | Win rate (rollout): 0.46 | Loss: 0.163 | Opp label coverage: 0.78
Step 3136948/5000000 | Win rate (rollout): 0.44 | Loss: 0.178 | Opp label coverage: 0.82
Step 3137460/5000000 | Win rate (rollout): 0.50 | Loss: 0.195 | Opp label coverage: 0.84
Step 3137977/5000000 | Win rate (rollout): 0.50 | Loss: 0.155 | Opp label coverage: 0.89
Step 3138489/5000000 | Win rate (rollout): 0.53 | Loss: 0.182 | Opp label coverage: 0.83
Step 3139005/5000000 | Win rate (rollout): 0.36 | Loss: 0.152 | Opp label coverage: 0.86
Step 3139522/5000000 | Win rate (rollout): 0.07 | Loss: 0.166 | Opp label coverage: 0.88
Step 3140034/5000000 | Win rate (rollout): 0.46 | Loss: 0.183 | Opp label coverage: 0.83
Step 3140546/5000000 | Win rate (rollout): 0.44 | Loss: 0.160 | Opp label coverage: 0.81
Step 3141058/5000000 | Win rate (rollout): 0.58 | Loss: 0.174 | Opp label coverage: 0.84
Step 3141570/5000000 | Win rate (rollout): 0.36 | Loss: 0.163 | Opp label coverage: 0.86
Step 3142087/5000000 | Win rate (rollout): 0.54 | Loss: 0.124 | Opp label coverage: 0.87
Step 3142600/5000000 | Win rate (rollout): 0.57 | Loss: 0.141 | Opp label coverage: 0.88
Step 3143112/5000000 | Win rate (rollout): 0.31 | Loss: 0.145 | Opp label coverage: 0.89
Step 3143628/5000000 | Win rate (rollout): 0.50 | Loss: 0.171 | Opp label coverage: 0.89
Step 3144146/5000000 | Win rate (rollout): 0.60 | Loss: 0.173 | Opp label coverage: 0.89
Step 3144665/5000000 | Win rate (rollout): 0.53 | Loss: 0.227 | Opp label coverage: 0.87
Step 3145179/5000000 | Win rate (rollout): 0.47 | Loss: 0.193 | Opp label coverage: 0.88
Step 3145692/5000000 | Win rate (rollout): 0.27 | Loss: 0.137 | Opp label coverage: 0.89
Step 3146204/5000000 | Win rate (rollout): 0.47 | Loss: 0.193 | Opp label coverage: 0.87
Step 3146716/5000000 | Win rate (rollout): 0.70 | Loss: 0.193 | Opp label coverage: 0.84
Step 3147230/5000000 | Win rate (rollout): 0.45 | Loss: 0.174 | Opp label coverage: 0.88
Step 3147745/5000000 | Win rate (rollout): 0.38 | Loss: 0.207 | Opp label coverage: 0.90
Step 3148257/5000000 | Win rate (rollout): 0.29 | Loss: 0.193 | Opp label coverage: 0.84
Step 3148769/5000000 | Win rate (rollout): 0.47 | Loss: 0.162 | Opp label coverage: 0.84
Step 3149284/5000000 | Win rate (rollout): 0.36 | Loss: 0.146 | Opp label coverage: 0.88
Step 3149803/5000000 | Win rate (rollout): 0.50 | Loss: 0.207 | Opp label coverage: 0.90
Step 3150315/5000000 | Win rate (rollout): 0.43 | Loss: 0.186 | Opp label coverage: 0.86
[checkpoint] Saved models/ppo/checkpoints/opp/ppo_step_3150427.pt
Step 3150827/5000000 | Win rate (rollout): 0.31 | Loss: 0.182 | Opp label coverage: 0.75
Step 3151339/5000000 | Win rate (rollout): 0.30 | Loss: 0.138 | Opp label coverage: 0.81
Step 3151851/5000000 | Win rate (rollout): 0.55 | Loss: 0.163 | Opp label coverage: 0.77
Step 3152366/5000000 | Win rate (rollout): 0.67 | Loss: 0.124 | Opp label coverage: 0.88
Step 3152884/5000000 | Win rate (rollout): 0.40 | Loss: 0.207 | Opp label coverage: 0.88
Step 3153398/5000000 | Win rate (rollout): 0.57 | Loss: 0.187 | Opp label coverage: 0.92
Step 3153915/5000000 | Win rate (rollout): 0.75 | Loss: 0.114 | Opp label coverage: 0.87
Step 3154427/5000000 | Win rate (rollout): 0.64 | Loss: 0.148 | Opp label coverage: 0.80
Step 3154939/5000000 | Win rate (rollout): 0.42 | Loss: 0.189 | Opp label coverage: 0.85
Step 3155451/5000000 | Win rate (rollout): 0.60 | Loss: 0.195 | Opp label coverage: 0.81
Step 3155963/5000000 | Win rate (rollout): 0.53 | Loss: 0.187 | Opp label coverage: 0.83
Step 3156478/5000000 | Win rate (rollout): 0.57 | Loss: 0.217 | Opp label coverage: 0.88
Step 3156990/5000000 | Win rate (rollout): 0.45 | Loss: 0.186 | Opp label coverage: 0.83
Step 3157502/5000000 | Win rate (rollout): 0.47 | Loss: 0.190 | Opp label coverage: 0.78
Step 3158014/5000000 | Win rate (rollout): 0.46 | Loss: 0.193 | Opp label coverage: 0.87
Step 3158532/5000000 | Win rate (rollout): 0.50 | Loss: 0.209 | Opp label coverage: 0.88
Step 3159048/5000000 | Win rate (rollout): 0.71 | Loss: 0.196 | Opp label coverage: 0.87
Step 3159560/5000000 | Win rate (rollout): 0.50 | Loss: 0.186 | Opp label coverage: 0.85
Step 3160072/5000000 | Win rate (rollout): 0.40 | Loss: 0.162 | Opp label coverage: 0.79
Step 3160584/5000000 | Win rate (rollout): 0.56 | Loss: 0.135 | Opp label coverage: 0.90
Step 3161096/5000000 | Win rate (rollout): 0.29 | Loss: 0.208 | Opp label coverage: 0.81
Step 3161608/5000000 | Win rate (rollout): 0.35 | Loss: 0.190 | Opp label coverage: 0.81
Step 3162120/5000000 | Win rate (rollout): 0.56 | Loss: 0.185 | Opp label coverage: 0.82
Step 3162632/5000000 | Win rate (rollout): 0.67 | Loss: 0.209 | Opp label coverage: 0.84
Step 3163149/5000000 | Win rate (rollout): 0.75 | Loss: 0.189 | Opp label coverage: 0.89
Step 3163667/5000000 | Win rate (rollout): 0.57 | Loss: 0.153 | Opp label coverage: 0.90
Step 3164185/5000000 | Win rate (rollout): 0.60 | Loss: 0.198 | Opp label coverage: 0.87
Step 3164697/5000000 | Win rate (rollout): 0.50 | Loss: 0.168 | Opp label coverage: 0.83
Step 3165210/5000000 | Win rate (rollout): 0.44 | Loss: 0.073 | Opp label coverage: 0.88
Step 3165725/5000000 | Win rate (rollout): 0.40 | Loss: 0.204 | Opp label coverage: 0.88
Step 3166242/5000000 | Win rate (rollout): 0.53 | Loss: 0.188 | Opp label coverage: 0.88
Step 3166755/5000000 | Win rate (rollout): 0.44 | Loss: 0.019 | Opp label coverage: 0.90
Step 3167269/5000000 | Win rate (rollout): 0.43 | Loss: 0.133 | Opp label coverage: 0.89
Step 3167781/5000000 | Win rate (rollout): 0.69 | Loss: 0.201 | Opp label coverage: 0.81
Step 3168293/5000000 | Win rate (rollout): 0.67 | Loss: 0.146 | Opp label coverage: 0.84
Step 3168805/5000000 | Win rate (rollout): 0.29 | Loss: 0.193 | Opp label coverage: 0.82
Step 3169318/5000000 | Win rate (rollout): 0.70 | Loss: 0.170 | Opp label coverage: 0.88
Step 3169831/5000000 | Win rate (rollout): 0.43 | Loss: 0.290 | Opp label coverage: 0.88
Step 3170350/5000000 | Win rate (rollout): 0.53 | Loss: 0.183 | Opp label coverage: 0.89
Step 3170862/5000000 | Win rate (rollout): 0.43 | Loss: 0.230 | Opp label coverage: 0.82
Step 3171377/5000000 | Win rate (rollout): 0.40 | Loss: 0.181 | Opp label coverage: 0.87
Step 3171896/5000000 | Win rate (rollout): 0.50 | Loss: 0.135 | Opp label coverage: 0.89
Step 3172413/5000000 | Win rate (rollout): 0.38 | Loss: 0.181 | Opp label coverage: 0.90
Step 3172931/5000000 | Win rate (rollout): 0.53 | Loss: 0.186 | Opp label coverage: 0.88
Step 3173449/5000000 | Win rate (rollout): 0.73 | Loss: 0.219 | Opp label coverage: 0.88
Step 3173961/5000000 | Win rate (rollout): 0.42 | Loss: 0.211 | Opp label coverage: 0.83
Step 3174473/5000000 | Win rate (rollout): 0.72 | Loss: 0.189 | Opp label coverage: 0.85
Step 3174992/5000000 | Win rate (rollout): 0.60 | Loss: 0.166 | Opp label coverage: 0.88
[checkpoint] Saved models/ppo/checkpoints/opp/ppo_step_3175431.pt
Step 3175504/5000000 | Win rate (rollout): 0.33 | Loss: 0.190 | Opp label coverage: 0.88
Step 3176016/5000000 | Win rate (rollout): 0.62 | Loss: 0.217 | Opp label coverage: 0.90
Step 3176528/5000000 | Win rate (rollout): 0.29 | Loss: 0.204 | Opp label coverage: 0.81
Step 3177040/5000000 | Win rate (rollout): 0.67 | Loss: 0.168 | Opp label coverage: 0.84
Step 3177552/5000000 | Win rate (rollout): 0.42 | Loss: 0.184 | Opp label coverage: 0.79
Step 3178064/5000000 | Win rate (rollout): 0.62 | Loss: 0.164 | Opp label coverage: 0.86
Step 3178582/5000000 | Win rate (rollout): 0.60 | Loss: 0.181 | Opp label coverage: 0.88
Step 3179094/5000000 | Win rate (rollout): 0.78 | Loss: 0.160 | Opp label coverage: 0.84
Step 3179606/5000000 | Win rate (rollout): 0.67 | Loss: 0.147 | Opp label coverage: 0.82
Step 3180118/5000000 | Win rate (rollout): 0.29 | Loss: 0.180 | Opp label coverage: 0.82
Step 3180631/5000000 | Win rate (rollout): 0.50 | Loss: 0.059 | Opp label coverage: 0.90
Step 3181144/5000000 | Win rate (rollout): 0.73 | Loss: 0.199 | Opp label coverage: 0.87
Step 3181657/5000000 | Win rate (rollout): 0.47 | Loss: 0.194 | Opp label coverage: 0.89
Step 3182170/5000000 | Win rate (rollout): 0.67 | Loss: 0.056 | Opp label coverage: 0.91
Step 3182689/5000000 | Win rate (rollout): 0.55 | Loss: 0.130 | Opp label coverage: 0.90
Step 3183202/5000000 | Win rate (rollout): 0.54 | Loss: 0.344 | Opp label coverage: 0.91
Step 3183719/5000000 | Win rate (rollout): 0.71 | Loss: 0.206 | Opp label coverage: 0.90
Step 3184231/5000000 | Win rate (rollout): 0.56 | Loss: 0.161 | Opp label coverage: 0.83
Step 3184743/5000000 | Win rate (rollout): 0.36 | Loss: 0.165 | Opp label coverage: 0.88
Step 3185255/5000000 | Win rate (rollout): 0.54 | Loss: 0.197 | Opp label coverage: 0.84
Step 3185767/5000000 | Win rate (rollout): 0.67 | Loss: 0.175 | Opp label coverage: 0.90
Step 3186279/5000000 | Win rate (rollout): 0.46 | Loss: 0.180 | Opp label coverage: 0.82
Step 3186792/5000000 | Win rate (rollout): 0.45 | Loss: 0.187 | Opp label coverage: 0.87
Step 3187309/5000000 | Win rate (rollout): 0.53 | Loss: 0.143 | Opp label coverage: 0.89
Step 3187821/5000000 | Win rate (rollout): 0.50 | Loss: 0.199 | Opp label coverage: 0.82
Step 3188333/5000000 | Win rate (rollout): 0.53 | Loss: 0.226 | Opp label coverage: 0.87
Step 3188847/5000000 | Win rate (rollout): 0.45 | Loss: 0.134 | Opp label coverage: 0.88
Step 3189362/5000000 | Win rate (rollout): 0.69 | Loss: 0.191 | Opp label coverage: 0.87
Step 3189874/5000000 | Win rate (rollout): 0.33 | Loss: 0.184 | Opp label coverage: 0.80
Step 3190388/5000000 | Win rate (rollout): 0.40 | Loss: 0.211 | Opp label coverage: 0.87
Step 3190900/5000000 | Win rate (rollout): 0.38 | Loss: 0.195 | Opp label coverage: 0.82
Step 3191412/5000000 | Win rate (rollout): 0.56 | Loss: 0.180 | Opp label coverage: 0.84
Step 3191926/5000000 | Win rate (rollout): 0.25 | Loss: 0.182 | Opp label coverage: 0.89
Step 3192438/5000000 | Win rate (rollout): 0.27 | Loss: 0.191 | Opp label coverage: 0.81
Step 3192955/5000000 | Win rate (rollout): 0.64 | Loss: 0.152 | Opp label coverage: 0.88
Step 3193467/5000000 | Win rate (rollout): 0.50 | Loss: 0.168 | Opp label coverage: 0.87
Step 3193981/5000000 | Win rate (rollout): 0.42 | Loss: 0.205 | Opp label coverage: 0.90
Step 3194493/5000000 | Win rate (rollout): 0.55 | Loss: 0.207 | Opp label coverage: 0.82
Step 3195005/5000000 | Win rate (rollout): 0.42 | Loss: 0.196 | Opp label coverage: 0.88
Step 3195520/5000000 | Win rate (rollout): 0.54 | Loss: 0.117 | Opp label coverage: 0.89
Step 3196032/5000000 | Win rate (rollout): 0.43 | Loss: 0.188 | Opp label coverage: 0.80
Step 3196544/5000000 | Win rate (rollout): 0.43 | Loss: 0.158 | Opp label coverage: 0.84
Step 3197062/5000000 | Win rate (rollout): 0.45 | Loss: 0.155 | Opp label coverage: 0.89
Step 3197574/5000000 | Win rate (rollout): 0.70 | Loss: 0.179 | Opp label coverage: 0.79
Step 3198086/5000000 | Win rate (rollout): 0.62 | Loss: 0.153 | Opp label coverage: 0.81
Step 3198598/5000000 | Win rate (rollout): 0.42 | Loss: 0.160 | Opp label coverage: 0.85
Step 3199115/5000000 | Win rate (rollout): 0.40 | Loss: 0.189 | Opp label coverage: 0.89
Step 3199627/5000000 | Win rate (rollout): 0.33 | Loss: 0.190 | Opp label coverage: 0.85
Step 3200139/5000000 | Win rate (rollout): 0.82 | Loss: 0.207 | Opp label coverage: 0.82
[checkpoint] Saved models/ppo/checkpoints/opp/ppo_step_3200436.pt
Step 3200652/5000000 | Win rate (rollout): 0.56 | Loss: 0.169 | Opp label coverage: 0.89
Step 3201165/5000000 | Win rate (rollout): 0.58 | Loss: 0.331 | Opp label coverage: 0.92
Step 3201677/5000000 | Win rate (rollout): 0.38 | Loss: 0.156 | Opp label coverage: 0.90
Step 3202189/5000000 | Win rate (rollout): 0.57 | Loss: 0.169 | Opp label coverage: 0.84
Step 3202703/5000000 | Win rate (rollout): 0.42 | Loss: 0.200 | Opp label coverage: 0.90
Step 3203217/5000000 | Win rate (rollout): 0.55 | Loss: 0.122 | Opp label coverage: 0.89
Step 3203729/5000000 | Win rate (rollout): 0.73 | Loss: 0.188 | Opp label coverage: 0.87
Step 3204247/5000000 | Win rate (rollout): 0.62 | Loss: 0.163 | Opp label coverage: 0.91
Step 3204761/5000000 | Win rate (rollout): 0.57 | Loss: 0.154 | Opp label coverage: 0.87
Step 3205274/5000000 | Win rate (rollout): 0.35 | Loss: 0.261 | Opp label coverage: 0.88
Step 3205788/5000000 | Win rate (rollout): 0.53 | Loss: 0.150 | Opp label coverage: 0.89
Step 3206303/5000000 | Win rate (rollout): 0.58 | Loss: 0.192 | Opp label coverage: 0.88/Users/laithassaf/Documents/Programs/Archived/pokemon-showdown/models/ppo/train.py:209: UserWarning: checkpoint has no 'opp_head'; using a freshly initialized opponent-prediction head (expected for pre-M5 checkpoints)
  opponent = PPOAgent.load(str(path), device=device)
/Users/laithassaf/Documents/Programs/Archived/pokemon-showdown/models/ppo/train.py:209: UserWarning: could not restore optimizer state (loaded state dict contains a parameter group that doesn't match the size of optimizer's group); using a fresh optimizer (expected when loading a pre-M5 checkpoint into the headed agent)
  opponent = PPOAgent.load(str(path), device=device)

Step 3206815/5000000 | Win rate (rollout): 0.53 | Loss: 0.182 | Opp label coverage: 0.83
Step 3207334/5000000 | Win rate (rollout): 0.58 | Loss: 0.177 | Opp label coverage: 0.87
Step 3207846/5000000 | Win rate (rollout): 0.36 | Loss: 0.195 | Opp label coverage: 0.83
Step 3208358/5000000 | Win rate (rollout): 0.73 | Loss: 0.168 | Opp label coverage: 0.76
Step 3208870/5000000 | Win rate (rollout): 0.56 | Loss: 0.169 | Opp label coverage: 0.83
Step 3209387/5000000 | Win rate (rollout): 0.64 | Loss: 0.184 | Opp label coverage: 0.89
Step 3209899/5000000 | Win rate (rollout): 0.71 | Loss: 0.174 | Opp label coverage: 0.83
Step 3210411/5000000 | Win rate (rollout): 0.56 | Loss: 0.198 | Opp label coverage: 0.82
Step 3210923/5000000 | Win rate (rollout): 0.12 | Loss: 0.193 | Opp label coverage: 0.85
Step 3211435/5000000 | Win rate (rollout): 0.75 | Loss: 0.150 | Opp label coverage: 0.81
Step 3211949/5000000 | Win rate (rollout): 0.46 | Loss: 0.217 | Opp label coverage: 0.88
Step 3212461/5000000 | Win rate (rollout): 0.64 | Loss: 0.150 | Opp label coverage: 0.83
Step 3212973/5000000 | Win rate (rollout): 0.67 | Loss: 0.176 | Opp label coverage: 0.82
Step 3213490/5000000 | Win rate (rollout): 0.45 | Loss: 0.178 | Opp label coverage: 0.86
Step 3214002/5000000 | Win rate (rollout): 1.00 | Loss: 0.170 | Opp label coverage: 0.83
Step 3214514/5000000 | Win rate (rollout): 0.50 | Loss: 0.194 | Opp label coverage: 0.84
Step 3215026/5000000 | Win rate (rollout): 0.50 | Loss: 0.188 | Opp label coverage: 0.83
Step 3215538/5000000 | Win rate (rollout): 0.43 | Loss: 0.158 | Opp label coverage: 0.85
Step 3216053/5000000 | Win rate (rollout): 0.40 | Loss: 0.186 | Opp label coverage: 0.89
Step 3216565/5000000 | Win rate (rollout): 0.50 | Loss: 0.188 | Opp label coverage: 0.80
Step 3217077/5000000 | Win rate (rollout): 0.80 | Loss: 0.173 | Opp label coverage: 0.88
Step 3217593/5000000 | Win rate (rollout): 0.50 | Loss: 0.197 | Opp label coverage: 0.88
Step 3218111/5000000 | Win rate (rollout): 0.57 | Loss: 0.139 | Opp label coverage: 0.88
Step 3218627/5000000 | Win rate (rollout): 0.46 | Loss: 0.191 | Opp label coverage: 0.89
Step 3219140/5000000 | Win rate (rollout): 0.40 | Loss: 0.133 | Opp label coverage: 0.89
Step 3219652/5000000 | Win rate (rollout): 0.62 | Loss: 0.152 | Opp label coverage: 0.82
Step 3220164/5000000 | Win rate (rollout): 0.53 | Loss: 0.206 | Opp label coverage: 0.83
Step 3220676/5000000 | Win rate (rollout): 0.36 | Loss: 0.197 | Opp label coverage: 0.88
Step 3221193/5000000 | Win rate (rollout): 0.67 | Loss: 0.190 | Opp label coverage: 0.88
Step 3221705/5000000 | Win rate (rollout): 0.55 | Loss: 0.182 | Opp label coverage: 0.80
Step 3222217/5000000 | Win rate (rollout): 0.67 | Loss: 0.204 | Opp label coverage: 0.81
Step 3222729/5000000 | Win rate (rollout): 0.67 | Loss: 0.163 | Opp label coverage: 0.83
Step 3223244/5000000 | Win rate (rollout): 0.33 | Loss: 0.212 | Opp label coverage: 0.88
Step 3223756/5000000 | Win rate (rollout): 0.75 | Loss: 0.187 | Opp label coverage: 0.85
Step 3224268/5000000 | Win rate (rollout): 0.62 | Loss: 0.161 | Opp label coverage: 0.87
Step 3224780/5000000 | Win rate (rollout): 0.31 | Loss: 0.163 | Opp label coverage: 0.81
Step 3225292/5000000 | Win rate (rollout): 0.44 | Loss: 0.187 | Opp label coverage: 0.79
[checkpoint] Saved models/ppo/checkpoints/opp/ppo_step_3225436.pt
Step 3225804/5000000 | Win rate (rollout): 0.70 | Loss: 0.196 | Opp label coverage: 0.84
Step 3226320/5000000 | Win rate (rollout): 0.89 | Loss: 0.158 | Opp label coverage: 0.90
Step 3226837/5000000 | Win rate (rollout): 0.58 | Loss: 0.190 | Opp label coverage: 0.88
Step 3227349/5000000 | Win rate (rollout): 0.73 | Loss: 0.162 | Opp label coverage: 0.84
Step 3227861/5000000 | Win rate (rollout): 0.62 | Loss: 0.174 | Opp label coverage: 0.80
Step 3228374/5000000 | Win rate (rollout): 0.56 | Loss: 0.234 | Opp label coverage: 0.89
Step 3228886/5000000 | Win rate (rollout): 0.58 | Loss: 0.164 | Opp label coverage: 0.91
Step 3229402/5000000 | Win rate (rollout): 0.45 | Loss: 0.209 | Opp label coverage: 0.87
Step 3229914/5000000 | Win rate (rollout): 0.77 | Loss: 0.156 | Opp label coverage: 0.89
Step 3230426/5000000 | Win rate (rollout): 0.64 | Loss: 0.196 | Opp label coverage: 0.87
Step 3230944/5000000 | Win rate (rollout): 0.50 | Loss: 0.109 | Opp label coverage: 0.89
Step 3231462/5000000 | Win rate (rollout): 0.50 | Loss: 0.147 | Opp label coverage: 0.91
Step 3231974/5000000 | Win rate (rollout): 0.64 | Loss: 0.180 | Opp label coverage: 0.76
Step 3232486/5000000 | Win rate (rollout): 0.50 | Loss: 0.212 | Opp label coverage: 0.82
Step 3232998/5000000 | Win rate (rollout): 0.62 | Loss: 0.170 | Opp label coverage: 0.83
Step 3233510/5000000 | Win rate (rollout): 0.40 | Loss: 0.202 | Opp label coverage: 0.82
Step 3234027/5000000 | Win rate (rollout): 0.67 | Loss: 0.195 | Opp label coverage: 0.88
Step 3234539/5000000 | Win rate (rollout): 0.23 | Loss: 0.182 | Opp label coverage: 0.82
Step 3235051/5000000 | Win rate (rollout): 0.39 | Loss: 0.189 | Opp label coverage: 0.83
Step 3235563/5000000 | Win rate (rollout): 0.58 | Loss: 0.169 | Opp label coverage: 0.89
Step 3236078/5000000 | Win rate (rollout): 0.67 | Loss: 0.112 | Opp label coverage: 0.89
Step 3236594/5000000 | Win rate (rollout): 0.47 | Loss: 0.227 | Opp label coverage: 0.89
Step 3237106/5000000 | Win rate (rollout): 0.78 | Loss: 0.203 | Opp label coverage: 0.83
Step 3237618/5000000 | Win rate (rollout): 0.50 | Loss: 0.187 | Opp label coverage: 0.88
Step 3238130/5000000 | Win rate (rollout): 0.47 | Loss: 0.180 | Opp label coverage: 0.88
Step 3238642/5000000 | Win rate (rollout): 0.56 | Loss: 0.167 | Opp label coverage: 0.88
Step 3239156/5000000 | Win rate (rollout): 0.55 | Loss: 0.215 | Opp label coverage: 0.88
Step 3239668/5000000 | Win rate (rollout): 0.57 | Loss: 0.153 | Opp label coverage: 0.89
Step 3240184/5000000 | Win rate (rollout): 0.36 | Loss: 0.150 | Opp label coverage: 0.88
Step 3240696/5000000 | Win rate (rollout): 0.69 | Loss: 0.193 | Opp label coverage: 0.82
Step 3241210/5000000 | Win rate (rollout): 0.33 | Loss: 0.180 | Opp label coverage: 0.89
Step 3241722/5000000 | Win rate (rollout): 0.50 | Loss: 0.215 | Opp label coverage: 0.82
Step 3242237/5000000 | Win rate (rollout): 0.67 | Loss: 0.220 | Opp label coverage: 0.90
Step 3242749/5000000 | Win rate (rollout): 0.44 | Loss: 0.189 | Opp label coverage: 0.86
Step 3243263/5000000 | Win rate (rollout): 0.40 | Loss: 0.184 | Opp label coverage: 0.89
Step 3243775/5000000 | Win rate (rollout): 0.62 | Loss: 0.186 | Opp label coverage: 0.84
Step 3244289/5000000 | Win rate (rollout): 0.83 | Loss: 0.133 | Opp label coverage: 0.91
Step 3244805/5000000 | Win rate (rollout): 0.56 | Loss: 0.175 | Opp label coverage: 0.90
Step 3245317/5000000 | Win rate (rollout): 0.44 | Loss: 0.199 | Opp label coverage: 0.86
Step 3245831/5000000 | Win rate (rollout): 0.29 | Loss: 0.179 | Opp label coverage: 0.88
Step 3246343/5000000 | Win rate (rollout): 0.42 | Loss: 0.147 | Opp label coverage: 0.91
Step 3246855/5000000 | Win rate (rollout): 0.44 | Loss: 0.164 | Opp label coverage: 0.81
Step 3247367/5000000 | Win rate (rollout): 0.45 | Loss: 0.198 | Opp label coverage: 0.76
Step 3247885/5000000 | Win rate (rollout): 0.62 | Loss: 0.162 | Opp label coverage: 0.88
Step 3248397/5000000 | Win rate (rollout): 0.50 | Loss: 0.180 | Opp label coverage: 0.83
Step 3248914/5000000 | Win rate (rollout): 0.60 | Loss: 0.108 | Opp label coverage: 0.87
Step 3249426/5000000 | Win rate (rollout): 0.83 | Loss: 0.178 | Opp label coverage: 0.83
Step 3249938/5000000 | Win rate (rollout): 0.25 | Loss: 0.211 | Opp label coverage: 0.87
[checkpoint] Saved models/ppo/checkpoints/opp/ppo_step_3250439.pt
Step 3250453/5000000 | Win rate (rollout): 0.50 | Loss: 0.116 | Opp label coverage: 0.88
Step 3250969/5000000 | Win rate (rollout): 0.67 | Loss: 0.144 | Opp label coverage: 0.89
Step 3251482/5000000 | Win rate (rollout): 0.33 | Loss: 0.058 | Opp label coverage: 0.88
Step 3252000/5000000 | Win rate (rollout): 0.54 | Loss: 0.160 | Opp label coverage: 0.88
Step 3252512/5000000 | Win rate (rollout): 0.60 | Loss: 0.220 | Opp label coverage: 0.83
Step 3253027/5000000 | Win rate (rollout): 0.45 | Loss: 0.191 | Opp label coverage: 0.88
Step 3253540/5000000 | Win rate (rollout): 0.38 | Loss: 0.145 | Opp label coverage: 0.86
Step 3254059/5000000 | Win rate (rollout): 0.27 | Loss: 0.156 | Opp label coverage: 0.89
Step 3254573/5000000 | Win rate (rollout): 0.50 | Loss: 0.136 | Opp label coverage: 0.85
Step 3255089/5000000 | Win rate (rollout): 0.59 | Loss: 0.113 | Opp label coverage: 0.88
Step 3255605/5000000 | Win rate (rollout): 0.56 | Loss: 0.152 | Opp label coverage: 0.87
Step 3256117/5000000 | Win rate (rollout): 0.42 | Loss: 0.171 | Opp label coverage: 0.82
Step 3256629/5000000 | Win rate (rollout): 0.47 | Loss: 0.142 | Opp label coverage: 0.85
Step 3257141/5000000 | Win rate (rollout): 0.35 | Loss: 0.197 | Opp label coverage: 0.84
Step 3257653/5000000 | Win rate (rollout): 0.53 | Loss: 0.224 | Opp label coverage: 0.80
Step 3258170/5000000 | Win rate (rollout): 0.60 | Loss: 0.167 | Opp label coverage: 0.92
Step 3258686/5000000 | Win rate (rollout): 0.42 | Loss: 0.165 | Opp label coverage: 0.88
Step 3259198/5000000 | Win rate (rollout): 0.80 | Loss: 0.202 | Opp label coverage: 0.86
Step 3259714/5000000 | Win rate (rollout): 0.46 | Loss: 0.183 | Opp label coverage: 0.88
Step 3260230/5000000 | Win rate (rollout): 0.64 | Loss: 0.161 | Opp label coverage: 0.89
Step 3260742/5000000 | Win rate (rollout): 0.33 | Loss: 0.168 | Opp label coverage: 0.81
Step 3261254/5000000 | Win rate (rollout): 0.42 | Loss: 0.184 | Opp label coverage: 0.87
Step 3261767/5000000 | Win rate (rollout): 0.75 | Loss: 0.178 | Opp label coverage: 0.90
Step 3262279/5000000 | Win rate (rollout): 0.50 | Loss: 0.191 | Opp label coverage: 0.85
Step 3262793/5000000 | Win rate (rollout): 0.56 | Loss: 0.125 | Opp label coverage: 0.89
Step 3263312/5000000 | Win rate (rollout): 0.67 | Loss: 0.154 | Opp label coverage: 0.90
Step 3263828/5000000 | Win rate (rollout): 0.59 | Loss: 0.177 | Opp label coverage: 0.87
Step 3264346/5000000 | Win rate (rollout): 0.43 | Loss: 0.177 | Opp label coverage: 0.89
Step 3264862/5000000 | Win rate (rollout): 0.42 | Loss: 0.116 | Opp label coverage: 0.89
Step 3265381/5000000 | Win rate (rollout): 0.69 | Loss: 0.165 | Opp label coverage: 0.89
Step 3265893/5000000 | Win rate (rollout): 0.33 | Loss: 0.170 | Opp label coverage: 0.85
Step 3266405/5000000 | Win rate (rollout): 0.50 | Loss: 0.185 | Opp label coverage: 0.81
Step 3266920/5000000 | Win rate (rollout): 0.45 | Loss: 0.207 | Opp label coverage: 0.87
Step 3267432/5000000 | Win rate (rollout): 0.54 | Loss: 0.206 | Opp label coverage: 0.84
Step 3267944/5000000 | Win rate (rollout): 0.62 | Loss: 0.190 | Opp label coverage: 0.83
Step 3268456/5000000 | Win rate (rollout): 0.25 | Loss: 0.173 | Opp label coverage: 0.84
Step 3268969/5000000 | Win rate (rollout): 0.33 | Loss: 0.246 | Opp label coverage: 0.87
Step 3269481/5000000 | Win rate (rollout): 0.44 | Loss: 0.166 | Opp label coverage: 0.81
Step 3269998/5000000 | Win rate (rollout): 0.15 | Loss: 0.103 | Opp label coverage: 0.87
Step 3270510/5000000 | Win rate (rollout): 0.38 | Loss: 0.188 | Opp label coverage: 0.82
Step 3271027/5000000 | Win rate (rollout): 0.33 | Loss: 0.173 | Opp label coverage: 0.88
Step 3271539/5000000 | Win rate (rollout): 0.67 | Loss: 0.166 | Opp label coverage: 0.85
Step 3272051/5000000 | Win rate (rollout): 0.64 | Loss: 0.156 | Opp label coverage: 0.80
Step 3272563/5000000 | Win rate (rollout): 0.31 | Loss: 0.215 | Opp label coverage: 0.82
Step 3273075/5000000 | Win rate (rollout): 0.36 | Loss: 0.164 | Opp label coverage: 0.83
Step 3273587/5000000 | Win rate (rollout): 0.40 | Loss: 0.150 | Opp label coverage: 0.88
Step 3274104/5000000 | Win rate (rollout): 0.36 | Loss: 0.172 | Opp label coverage: 0.89
Step 3274620/5000000 | Win rate (rollout): 0.46 | Loss: 0.162 | Opp label coverage: 0.90
Step 3275132/5000000 | Win rate (rollout): 0.50 | Loss: 0.190 | Opp label coverage: 0.85
[checkpoint] Saved models/ppo/checkpoints/opp/ppo_step_3275441.pt
Step 3275649/5000000 | Win rate (rollout): 0.44 | Loss: 0.134 | Opp label coverage: 0.89
Step 3276168/5000000 | Win rate (rollout): 0.54 | Loss: 0.204 | Opp label coverage: 0.89
Step 3276684/5000000 | Win rate (rollout): 0.69 | Loss: 0.192 | Opp label coverage: 0.89
Step 3277196/5000000 | Win rate (rollout): 0.57 | Loss: 0.198 | Opp label coverage: 0.84
Step 3277708/5000000 | Win rate (rollout): 0.60 | Loss: 0.163 | Opp label coverage: 0.89
Step 3278220/5000000 | Win rate (rollout): 0.38 | Loss: 0.160 | Opp label coverage: 0.81
Step 3278732/5000000 | Win rate (rollout): 0.67 | Loss: 0.164 | Opp label coverage: 0.80
Step 3279244/5000000 | Win rate (rollout): 0.27 | Loss: 0.177 | Opp label coverage: 0.78
Step 3279756/5000000 | Win rate (rollout): 0.64 | Loss: 0.196 | Opp label coverage: 0.87
Step 3280268/5000000 | Win rate (rollout): 0.50 | Loss: 0.168 | Opp label coverage: 0.81
Step 3280783/5000000 | Win rate (rollout): 0.64 | Loss: 0.183 | Opp label coverage: 0.88
Step 3281295/5000000 | Win rate (rollout): 0.53 | Loss: 0.197 | Opp label coverage: 0.89
Step 3281807/5000000 | Win rate (rollout): 0.60 | Loss: 0.169 | Opp label coverage: 0.81
Step 3282319/5000000 | Win rate (rollout): 0.35 | Loss: 0.224 | Opp label coverage: 0.86
Step 3282832/5000000 | Win rate (rollout): 0.78 | Loss: 0.138 | Opp label coverage: 0.89
Step 3283349/5000000 | Win rate (rollout): 0.71 | Loss: 0.171 | Opp label coverage: 0.91
Step 3283865/5000000 | Win rate (rollout): 0.71 | Loss: 0.157 | Opp label coverage: 0.89
Step 3284377/5000000 | Win rate (rollout): 0.64 | Loss: 0.165 | Opp label coverage: 0.82
Step 3284896/5000000 | Win rate (rollout): 0.36 | Loss: 0.171 | Opp label coverage: 0.87
Step 3285408/5000000 | Win rate (rollout): 0.46 | Loss: 0.220 | Opp label coverage: 0.82
Step 3285925/5000000 | Win rate (rollout): 0.55 | Loss: 0.176 | Opp label coverage: 0.88
Step 3286437/5000000 | Win rate (rollout): 0.64 | Loss: 0.213 | Opp label coverage: 0.84
Step 3286949/5000000 | Win rate (rollout): 0.67 | Loss: 0.178 | Opp label coverage: 0.82
Step 3287461/5000000 | Win rate (rollout): 0.80 | Loss: 0.165 | Opp label coverage: 0.80
Step 3287973/5000000 | Win rate (rollout): 0.42 | Loss: 0.201 | Opp label coverage: 0.81
Step 3288487/5000000 | Win rate (rollout): 0.25 | Loss: 0.100 | Opp label coverage: 0.88
Step 3288999/5000000 | Win rate (rollout): 0.55 | Loss: 0.161 | Opp label coverage: 0.82
Step 3289518/5000000 | Win rate (rollout): 0.62 | Loss: 0.201 | Opp label coverage: 0.88
Step 3290036/5000000 | Win rate (rollout): 0.73 | Loss: 0.171 | Opp label coverage: 0.90
Step 3290551/5000000 | Win rate (rollout): 0.58 | Loss: 0.217 | Opp label coverage: 0.89
Step 3291063/5000000 | Win rate (rollout): 0.75 | Loss: 0.164 | Opp label coverage: 0.85
Step 3291578/5000000 | Win rate (rollout): 0.20 | Loss: 0.150 | Opp label coverage: 0.88
Step 3292090/5000000 | Win rate (rollout): 0.58 | Loss: 0.157 | Opp label coverage: 0.80
Step 3292607/5000000 | Win rate (rollout): 0.38 | Loss: 0.208 | Opp label coverage: 0.90
Step 3293119/5000000 | Win rate (rollout): 0.36 | Loss: 0.185 | Opp label coverage: 0.87
Step 3293633/5000000 | Win rate (rollout): 0.80 | Loss: 0.185 | Opp label coverage: 0.89
Step 3294145/5000000 | Win rate (rollout): 0.33 | Loss: 0.156 | Opp label coverage: 0.80
Step 3294660/5000000 | Win rate (rollout): 0.58 | Loss: 0.189 | Opp label coverage: 0.88
Step 3295172/5000000 | Win rate (rollout): 0.36 | Loss: 0.171 | Opp label coverage: 0.82
Step 3295684/5000000 | Win rate (rollout): 0.44 | Loss: 0.181 | Opp label coverage: 0.81
Step 3296196/5000000 | Win rate (rollout): 0.31 | Loss: 0.189 | Opp label coverage: 0.81
Step 3296708/5000000 | Win rate (rollout): 0.38 | Loss: 0.159 | Opp label coverage: 0.86
Step 3297222/5000000 | Win rate (rollout): 0.56 | Loss: 0.165 | Opp label coverage: 0.89
Step 3297734/5000000 | Win rate (rollout): 0.18 | Loss: 0.162 | Opp label coverage: 0.80
Step 3298247/5000000 | Win rate (rollout): 0.60 | Loss: 0.167 | Opp label coverage: 0.89
Step 3298759/5000000 | Win rate (rollout): 0.50 | Loss: 0.177 | Opp label coverage: 0.85
Step 3299273/5000000 | Win rate (rollout): 0.46 | Loss: 0.188 | Opp label coverage: 0.88
Step 3299785/5000000 | Win rate (rollout): 0.50 | Loss: 0.150 | Opp label coverage: 0.88
Step 3300297/5000000 | Win rate (rollout): 0.60 | Loss: 0.203 | Opp label coverage: 0.87
[checkpoint] Saved models/ppo/checkpoints/opp/ppo_step_3300446.pt
Step 3300811/5000000 | Win rate (rollout): 0.70 | Loss: 0.184 | Opp label coverage: 0.89
Step 3301324/5000000 | Win rate (rollout): 0.71 | Loss: 0.201 | Opp label coverage: 0.88
Step 3301836/5000000 | Win rate (rollout): 0.55 | Loss: 0.194 | Opp label coverage: 0.82
Step 3302348/5000000 | Win rate (rollout): 0.35 | Loss: 0.157 | Opp label coverage: 0.83
Step 3302863/5000000 | Win rate (rollout): 0.40 | Loss: 0.197 | Opp label coverage: 0.89
Step 3303376/5000000 | Win rate (rollout): 0.55 | Loss: 0.200 | Opp label coverage: 0.89
Step 3303888/5000000 | Win rate (rollout): 0.36 | Loss: 0.193 | Opp label coverage: 0.84
Step 3304407/5000000 | Win rate (rollout): 0.75 | Loss: 0.114 | Opp label coverage: 0.91
Step 3304925/5000000 | Win rate (rollout): 0.53 | Loss: 0.176 | Opp label coverage: 0.88
Step 3305439/5000000 | Win rate (rollout): 0.30 | Loss: 0.085 | Opp label coverage: 0.90
Step 3305956/5000000 | Win rate (rollout): 0.58 | Loss: 0.160 | Opp label coverage: 0.91
Step 3306473/5000000 | Win rate (rollout): 0.46 | Loss: 0.184 | Opp label coverage: 0.90
Step 3306985/5000000 | Win rate (rollout): 0.22 | Loss: 0.191 | Opp label coverage: 0.83
Step 3307497/5000000 | Win rate (rollout): 0.58 | Loss: 0.167 | Opp label coverage: 0.86
Step 3308009/5000000 | Win rate (rollout): 0.50 | Loss: 0.154 | Opp label coverage: 0.89
Step 3308521/5000000 | Win rate (rollout): 0.58 | Loss: 0.159 | Opp label coverage: 0.81
Step 3309033/5000000 | Win rate (rollout): 0.35 | Loss: 0.210 | Opp label coverage: 0.82
Step 3309551/5000000 | Win rate (rollout): 0.55 | Loss: 0.182 | Opp label coverage: 0.89
Step 3310070/5000000 | Win rate (rollout): 0.73 | Loss: 0.166 | Opp label coverage: 0.89
Step 3310582/5000000 | Win rate (rollout): 0.64 | Loss: 0.175 | Opp label coverage: 0.84
Step 3311096/5000000 | Win rate (rollout): 0.40 | Loss: 0.133 | Opp label coverage: 0.87
Step 3311608/5000000 | Win rate (rollout): 0.46 | Loss: 0.177 | Opp label coverage: 0.81
Step 3312120/5000000 | Win rate (rollout): 0.38 | Loss: 0.188 | Opp label coverage: 0.78
Step 3312632/5000000 | Win rate (rollout): 0.46 | Loss: 0.165 | Opp label coverage: 0.77
Step 3313144/5000000 | Win rate (rollout): 0.36 | Loss: 0.190 | Opp label coverage: 0.80
Step 3313656/5000000 | Win rate (rollout): 0.25 | Loss: 0.169 | Opp label coverage: 0.86
Step 3314173/5000000 | Win rate (rollout): 0.62 | Loss: 0.108 | Opp label coverage: 0.90
Step 3314685/5000000 | Win rate (rollout): 0.54 | Loss: 0.140 | Opp label coverage: 0.90
Step 3315201/5000000 | Win rate (rollout): 0.55 | Loss: 0.192 | Opp label coverage: 0.89
Step 3315713/5000000 | Win rate (rollout): 0.64 | Loss: 0.225 | Opp label coverage: 0.84
Step 3316225/5000000 | Win rate (rollout): 0.50 | Loss: 0.161 | Opp label coverage: 0.82
Step 3316738/5000000 | Win rate (rollout): 0.80 | Loss: 0.239 | Opp label coverage: 0.89
Step 3317250/5000000 | Win rate (rollout): 0.42 | Loss: 0.185 | Opp label coverage: 0.80
Step 3317763/5000000 | Win rate (rollout): 0.78 | Loss: 0.174 | Opp label coverage: 0.89
Step 3318278/5000000 | Win rate (rollout): 0.43 | Loss: 0.175 | Opp label coverage: 0.88
Step 3318790/5000000 | Win rate (rollout): 0.75 | Loss: 0.188 | Opp label coverage: 0.79
Step 3319302/5000000 | Win rate (rollout): 0.46 | Loss: 0.158 | Opp label coverage: 0.83
Step 3319814/5000000 | Win rate (rollout): 0.36 | Loss: 0.186 | Opp label coverage: 0.81
Step 3320328/5000000 | Win rate (rollout): 0.11 | Loss: 0.191 | Opp label coverage: 0.88
Step 3320841/5000000 | Win rate (rollout): 0.43 | Loss: 0.034 | Opp label coverage: 0.89
Step 3321353/5000000 | Win rate (rollout): 0.67 | Loss: 0.202 | Opp label coverage: 0.83
Step 3321865/5000000 | Win rate (rollout): 0.40 | Loss: 0.170 | Opp label coverage: 0.81
Step 3322378/5000000 | Win rate (rollout): 0.42 | Loss: 0.135 | Opp label coverage: 0.88
Step 3322890/5000000 | Win rate (rollout): 0.40 | Loss: 0.182 | Opp label coverage: 0.81
Step 3323402/5000000 | Win rate (rollout): 0.30 | Loss: 0.147 | Opp label coverage: 0.88
Step 3323914/5000000 | Win rate (rollout): 0.67 | Loss: 0.188 | Opp label coverage: 0.88
Step 3324426/5000000 | Win rate (rollout): 0.25 | Loss: 0.160 | Opp label coverage: 0.85
Step 3324939/5000000 | Win rate (rollout): 0.33 | Loss: 0.104 | Opp label coverage: 0.89
[checkpoint] Saved models/ppo/checkpoints/opp/ppo_step_3325450.pt
Step 3325455/5000000 | Win rate (rollout): 0.50 | Loss: 0.227 | Opp label coverage: 0.86
Step 3325969/5000000 | Win rate (rollout): 0.53 | Loss: 0.129 | Opp label coverage: 0.88
Step 3326482/5000000 | Win rate (rollout): 0.62 | Loss: 0.209 | Opp label coverage: 0.89
Step 3326994/5000000 | Win rate (rollout): 0.54 | Loss: 0.193 | Opp label coverage: 0.85
Step 3327510/5000000 | Win rate (rollout): 0.57 | Loss: 0.135 | Opp label coverage: 0.91
Step 3328022/5000000 | Win rate (rollout): 0.69 | Loss: 0.171 | Opp label coverage: 0.81
Step 3328537/5000000 | Win rate (rollout): 0.64 | Loss: 0.221 | Opp label coverage: 0.90
Step 3329049/5000000 | Win rate (rollout): 0.38 | Loss: 0.174 | Opp label coverage: 0.82
Step 3329564/5000000 | Win rate (rollout): 0.50 | Loss: 0.147 | Opp label coverage: 0.88
Step 3330080/5000000 | Win rate (rollout): 0.62 | Loss: 0.190 | Opp label coverage: 0.91
Step 3330592/5000000 | Win rate (rollout): 0.21 | Loss: 0.173 | Opp label coverage: 0.83
Step 3331108/5000000 | Win rate (rollout): 0.44 | Loss: 0.128 | Opp label coverage: 0.88
Step 3331620/5000000 | Win rate (rollout): 0.46 | Loss: 0.238 | Opp label coverage: 0.83
Step 3332132/5000000 | Win rate (rollout): 0.56 | Loss: 0.156 | Opp label coverage: 0.89
Step 3332645/5000000 | Win rate (rollout): 0.75 | Loss: 0.068 | Opp label coverage: 0.88
Step 3333158/5000000 | Win rate (rollout): 0.64 | Loss: 0.162 | Opp label coverage: 0.89
Step 3333670/5000000 | Win rate (rollout): 0.38 | Loss: 0.184 | Opp label coverage: 0.83
Step 3334182/5000000 | Win rate (rollout): 0.27 | Loss: 0.203 | Opp label coverage: 0.74
Step 3334700/5000000 | Win rate (rollout): 0.33 | Loss: 0.117 | Opp label coverage: 0.88
Step 3335212/5000000 | Win rate (rollout): 0.44 | Loss: 0.172 | Opp label coverage: 0.87
Step 3335728/5000000 | Win rate (rollout): 0.60 | Loss: 0.125 | Opp label coverage: 0.90
Step 3336242/5000000 | Win rate (rollout): 0.64 | Loss: 0.253 | Opp label coverage: 0.89
Step 3336759/5000000 | Win rate (rollout): 0.41 | Loss: 0.118 | Opp label coverage: 0.87
Step 3337271/5000000 | Win rate (rollout): 0.50 | Loss: 0.189 | Opp label coverage: 0.86
Step 3337783/5000000 | Win rate (rollout): 0.27 | Loss: 0.186 | Opp label coverage: 0.80
Step 3338297/5000000 | Win rate (rollout): 0.60 | Loss: 0.205 | Opp label coverage: 0.89
Step 3338809/5000000 | Win rate (rollout): 0.82 | Loss: 0.176 | Opp label coverage: 0.87
Step 3339321/5000000 | Win rate (rollout): 0.30 | Loss: 0.180 | Opp label coverage: 0.87
Step 3339833/5000000 | Win rate (rollout): 0.36 | Loss: 0.191 | Opp label coverage: 0.83
Step 3340346/5000000 | Win rate (rollout): 0.29 | Loss: 0.138 | Opp label coverage: 0.89
Step 3340858/5000000 | Win rate (rollout): 0.38 | Loss: 0.192 | Opp label coverage: 0.83
Step 3341370/5000000 | Win rate (rollout): 0.42 | Loss: 0.135 | Opp label coverage: 0.88
Step 3341882/5000000 | Win rate (rollout): 0.64 | Loss: 0.180 | Opp label coverage: 0.83
Step 3342397/5000000 | Win rate (rollout): 0.71 | Loss: 0.161 | Opp label coverage: 0.92
Step 3342911/5000000 | Win rate (rollout): 0.46 | Loss: 0.180 | Opp label coverage: 0.89
Step 3343427/5000000 | Win rate (rollout): 0.42 | Loss: 0.227 | Opp label coverage: 0.89
Step 3343939/5000000 | Win rate (rollout): 0.14 | Loss: 0.174 | Opp label coverage: 0.81
Step 3344451/5000000 | Win rate (rollout): 0.71 | Loss: 0.191 | Opp label coverage: 0.87
Step 3344967/5000000 | Win rate (rollout): 0.25 | Loss: 0.159 | Opp label coverage: 0.86
Step 3345479/5000000 | Win rate (rollout): 0.86 | Loss: 0.166 | Opp label coverage: 0.85
Step 3345991/5000000 | Win rate (rollout): 0.62 | Loss: 0.186 | Opp label coverage: 0.86
Step 3346503/5000000 | Win rate (rollout): 0.38 | Loss: 0.148 | Opp label coverage: 0.79
Step 3347016/5000000 | Win rate (rollout): 0.64 | Loss: 0.194 | Opp label coverage: 0.88
Step 3347528/5000000 | Win rate (rollout): 0.62 | Loss: 0.170 | Opp label coverage: 0.78
Step 3348040/5000000 | Win rate (rollout): 0.54 | Loss: 0.185 | Opp label coverage: 0.85
Step 3348552/5000000 | Win rate (rollout): 0.56 | Loss: 0.155 | Opp label coverage: 0.85
Step 3349064/5000000 | Win rate (rollout): 0.50 | Loss: 0.188 | Opp label coverage: 0.83
Step 3349580/5000000 | Win rate (rollout): 0.44 | Loss: 0.169 | Opp label coverage: 0.89
Step 3350095/5000000 | Win rate (rollout): 0.59 | Loss: 0.153 | Opp label coverage: 0.89
[checkpoint] Saved models/ppo/checkpoints/opp/ppo_step_3350456.pt
Step 3350607/5000000 | Win rate (rollout): 0.54 | Loss: 0.222 | Opp label coverage: 0.88
Step 3351119/5000000 | Win rate (rollout): 0.60 | Loss: 0.184 | Opp label coverage: 0.88
Step 3351633/5000000 | Win rate (rollout): 0.71 | Loss: 0.218 | Opp label coverage: 0.88
Step 3352145/5000000 | Win rate (rollout): 0.56 | Loss: 0.167 | Opp label coverage: 0.84
Step 3352662/5000000 | Win rate (rollout): 0.50 | Loss: 0.153 | Opp label coverage: 0.89
Step 3353174/5000000 | Win rate (rollout): 0.44 | Loss: 0.169 | Opp label coverage: 0.75
Step 3353686/5000000 | Win rate (rollout): 0.23 | Loss: 0.157 | Opp label coverage: 0.84
Step 3354203/5000000 | Win rate (rollout): 0.70 | Loss: 0.159 | Opp label coverage: 0.89
Step 3354715/5000000 | Win rate (rollout): 0.47 | Loss: 0.217 | Opp label coverage: 0.83
Step 3355228/5000000 | Win rate (rollout): 0.50 | Loss: 0.220 | Opp label coverage: 0.89
Step 3355740/5000000 | Win rate (rollout): 0.56 | Loss: 0.178 | Opp label coverage: 0.84
Step 3356256/5000000 | Win rate (rollout): 0.56 | Loss: 0.166 | Opp label coverage: 0.88
Step 3356768/5000000 | Win rate (rollout): 0.50 | Loss: 0.190 | Opp label coverage: 0.83
Step 3357280/5000000 | Win rate (rollout): 0.83 | Loss: 0.207 | Opp label coverage: 0.77
Step 3357792/5000000 | Win rate (rollout): 0.50 | Loss: 0.203 | Opp label coverage: 0.84
Step 3358309/5000000 | Win rate (rollout): 0.70 | Loss: 0.124 | Opp label coverage: 0.89
Step 3358824/5000000 | Win rate (rollout): 0.60 | Loss: 0.172 | Opp label coverage: 0.90
Step 3359336/5000000 | Win rate (rollout): 0.60 | Loss: 0.166 | Opp label coverage: 0.83
Step 3359852/5000000 | Win rate (rollout): 0.50 | Loss: 0.241 | Opp label coverage: 0.88
Step 3360365/5000000 | Win rate (rollout): 0.50 | Loss: 0.234 | Opp label coverage: 0.87
Step 3360880/5000000 | Win rate (rollout): 0.64 | Loss: 0.225 | Opp label coverage: 0.88
Step 3361392/5000000 | Win rate (rollout): 0.17 | Loss: 0.161 | Opp label coverage: 0.84
Step 3361904/5000000 | Win rate (rollout): 0.47 | Loss: 0.176 | Opp label coverage: 0.86
Step 3362416/5000000 | Win rate (rollout): 0.50 | Loss: 0.186 | Opp label coverage: 0.87
Step 3362928/5000000 | Win rate (rollout): 0.50 | Loss: 0.171 | Opp label coverage: 0.73
Step 3363446/5000000 | Win rate (rollout): 0.33 | Loss: 0.141 | Opp label coverage: 0.89
Step 3363964/5000000 | Win rate (rollout): 0.44 | Loss: 0.251 | Opp label coverage: 0.87
Step 3364476/5000000 | Win rate (rollout): 0.19 | Loss: 0.188 | Opp label coverage: 0.82
Step 3364988/5000000 | Win rate (rollout): 0.29 | Loss: 0.194 | Opp label coverage: 0.83
Step 3365500/5000000 | Win rate (rollout): 0.56 | Loss: 0.176 | Opp label coverage: 0.77
Step 3366016/5000000 | Win rate (rollout): 0.67 | Loss: 0.162 | Opp label coverage: 0.90
Step 3366528/5000000 | Win rate (rollout): 0.50 | Loss: 0.197 | Opp label coverage: 0.82
Step 3367045/5000000 | Win rate (rollout): 0.60 | Loss: 0.162 | Opp label coverage: 0.87
Step 3367557/5000000 | Win rate (rollout): 0.46 | Loss: 0.155 | Opp label coverage: 0.81
Step 3368069/5000000 | Win rate (rollout): 0.56 | Loss: 0.178 | Opp label coverage: 0.82
Step 3368581/5000000 | Win rate (rollout): 0.45 | Loss: 0.219 | Opp label coverage: 0.83
Step 3369093/5000000 | Win rate (rollout): 0.42 | Loss: 0.177 | Opp label coverage: 0.82
Step 3369605/5000000 | Win rate (rollout): 0.75 | Loss: 0.172 | Opp label coverage: 0.84
Step 3370117/5000000 | Win rate (rollout): 0.78 | Loss: 0.167 | Opp label coverage: 0.90
Step 3370632/5000000 | Win rate (rollout): 0.50 | Loss: 0.189 | Opp label coverage: 0.90
Step 3371151/5000000 | Win rate (rollout): 0.57 | Loss: 0.182 | Opp label coverage: 0.89
Step 3371666/5000000 | Win rate (rollout): 0.67 | Loss: 0.194 | Opp label coverage: 0.90
Step 3372178/5000000 | Win rate (rollout): 0.42 | Loss: 0.175 | Opp label coverage: 0.84
Step 3372693/5000000 | Win rate (rollout): 0.44 | Loss: 0.164 | Opp label coverage: 0.88
Step 3373205/5000000 | Win rate (rollout): 0.53 | Loss: 0.184 | Opp label coverage: 0.82
Step 3373717/5000000 | Win rate (rollout): 0.50 | Loss: 0.158 | Opp label coverage: 0.88
Step 3374232/5000000 | Win rate (rollout): 0.38 | Loss: 0.132 | Opp label coverage: 0.88
Step 3374744/5000000 | Win rate (rollout): 0.67 | Loss: 0.215 | Opp label coverage: 0.82
Step 3375258/5000000 | Win rate (rollout): 0.23 | Loss: 0.226 | Opp label coverage: 0.88
[checkpoint] Saved models/ppo/checkpoints/opp/ppo_step_3375458.pt
Step 3375770/5000000 | Win rate (rollout): 0.54 | Loss: 0.172 | Opp label coverage: 0.83
Step 3376282/5000000 | Win rate (rollout): 0.47 | Loss: 0.195 | Opp label coverage: 0.83
Step 3376798/5000000 | Win rate (rollout): 0.50 | Loss: 0.161 | Opp label coverage: 0.90
Step 3377310/5000000 | Win rate (rollout): 0.67 | Loss: 0.163 | Opp label coverage: 0.85
Step 3377822/5000000 | Win rate (rollout): 0.62 | Loss: 0.164 | Opp label coverage: 0.77
Step 3378334/5000000 | Win rate (rollout): 0.60 | Loss: 0.175 | Opp label coverage: 0.89
Step 3378846/5000000 | Win rate (rollout): 0.50 | Loss: 0.177 | Opp label coverage: 0.82
Step 3379358/5000000 | Win rate (rollout): 0.57 | Loss: 0.201 | Opp label coverage: 0.84
Step 3379871/5000000 | Win rate (rollout): 0.75 | Loss: 0.095 | Opp label coverage: 0.90
Step 3380389/5000000 | Win rate (rollout): 0.79 | Loss: 0.167 | Opp label coverage: 0.88
Step 3380901/5000000 | Win rate (rollout): 0.36 | Loss: 0.205 | Opp label coverage: 0.81
Step 3381413/5000000 | Win rate (rollout): 0.23 | Loss: 0.178 | Opp label coverage: 0.77
Step 3381925/5000000 | Win rate (rollout): 0.38 | Loss: 0.185 | Opp label coverage: 0.83
Step 3382440/5000000 | Win rate (rollout): 0.50 | Loss: 0.176 | Opp label coverage: 0.87
Step 3382952/5000000 | Win rate (rollout): 0.56 | Loss: 0.145 | Opp label coverage: 0.80
Step 3383464/5000000 | Win rate (rollout): 0.62 | Loss: 0.185 | Opp label coverage: 0.85
Step 3383979/5000000 | Win rate (rollout): 0.50 | Loss: 0.151 | Opp label coverage: 0.90
Step 3384494/5000000 | Win rate (rollout): 0.58 | Loss: 0.144 | Opp label coverage: 0.88
Step 3385013/5000000 | Win rate (rollout): 0.73 | Loss: 0.114 | Opp label coverage: 0.89
Step 3385525/5000000 | Win rate (rollout): 0.23 | Loss: 0.192 | Opp label coverage: 0.84
Step 3386037/5000000 | Win rate (rollout): 0.25 | Loss: 0.188 | Opp label coverage: 0.85
Step 3386549/5000000 | Win rate (rollout): 0.56 | Loss: 0.181 | Opp label coverage: 0.79
Step 3387066/5000000 | Win rate (rollout): 0.64 | Loss: 0.158 | Opp label coverage: 0.86
Step 3387584/5000000 | Win rate (rollout): 0.60 | Loss: 0.211 | Opp label coverage: 0.89
Step 3388102/5000000 | Win rate (rollout): 0.50 | Loss: 0.169 | Opp label coverage: 0.89
Step 3388614/5000000 | Win rate (rollout): 0.54 | Loss: 0.185 | Opp label coverage: 0.89
Step 3389126/5000000 | Win rate (rollout): 0.50 | Loss: 0.199 | Opp label coverage: 0.82
Step 3389643/5000000 | Win rate (rollout): 0.50 | Loss: 0.148 | Opp label coverage: 0.88
Step 3390155/5000000 | Win rate (rollout): 0.38 | Loss: 0.196 | Opp label coverage: 0.83
Step 3390668/5000000 | Win rate (rollout): 0.45 | Loss: 0.172 | Opp label coverage: 0.88
Step 3391184/5000000 | Win rate (rollout): 0.50 | Loss: 0.182 | Opp label coverage: 0.87
Step 3391696/5000000 | Win rate (rollout): 0.89 | Loss: 0.185 | Opp label coverage: 0.89
Step 3392208/5000000 | Win rate (rollout): 0.30 | Loss: 0.172 | Opp label coverage: 0.86
Step 3392727/5000000 | Win rate (rollout): 0.75 | Loss: 0.183 | Opp label coverage: 0.89
Step 3393239/5000000 | Win rate (rollout): 0.40 | Loss: 0.217 | Opp label coverage: 0.82
Step 3393751/5000000 | Win rate (rollout): 0.67 | Loss: 0.161 | Opp label coverage: 0.82
Step 3394267/5000000 | Win rate (rollout): 0.69 | Loss: 0.187 | Opp label coverage: 0.90
Step 3394780/5000000 | Win rate (rollout): 0.62 | Loss: 0.213 | Opp label coverage: 0.87
Step 3395295/5000000 | Win rate (rollout): 0.41 | Loss: 0.186 | Opp label coverage: 0.88
Step 3395807/5000000 | Win rate (rollout): 0.27 | Loss: 0.182 | Opp label coverage: 0.81
Step 3396319/5000000 | Win rate (rollout): 0.47 | Loss: 0.187 | Opp label coverage: 0.83
Step 3396837/5000000 | Win rate (rollout): 0.62 | Loss: 0.184 | Opp label coverage: 0.88
Step 3397352/5000000 | Win rate (rollout): 0.50 | Loss: 0.133 | Opp label coverage: 0.87
Step 3397868/5000000 | Win rate (rollout): 0.60 | Loss: 0.177 | Opp label coverage: 0.88
Step 3398380/5000000 | Win rate (rollout): 0.70 | Loss: 0.192 | Opp label coverage: 0.85
Step 3398897/5000000 | Win rate (rollout): 0.69 | Loss: 0.201 | Opp label coverage: 0.88
Step 3399410/5000000 | Win rate (rollout): 0.38 | Loss: 0.174 | Opp label coverage: 0.87
Step 3399923/5000000 | Win rate (rollout): 0.60 | Loss: 0.139 | Opp label coverage: 0.88
Step 3400435/5000000 | Win rate (rollout): 0.25 | Loss: 0.179 | Opp label coverage: 0.79
[checkpoint] Saved models/ppo/checkpoints/opp/ppo_step_3400459.pt
Step 3400947/5000000 | Win rate (rollout): 0.21 | Loss: 0.180 | Opp label coverage: 0.83
Step 3401459/5000000 | Win rate (rollout): 0.33 | Loss: 0.200 | Opp label coverage: 0.83
Step 3401972/5000000 | Win rate (rollout): 0.36 | Loss: 0.187 | Opp label coverage: 0.88
Step 3402484/5000000 | Win rate (rollout): 0.58 | Loss: 0.198 | Opp label coverage: 0.89
Step 3402996/5000000 | Win rate (rollout): 0.67 | Loss: 0.183 | Opp label coverage: 0.82
Step 3403510/5000000 | Win rate (rollout): 1.00 | Loss: 0.165 | Opp label coverage: 0.92
Step 3404022/5000000 | Win rate (rollout): 0.60 | Loss: 0.155 | Opp label coverage: 0.85
Step 3404534/5000000 | Win rate (rollout): 0.38 | Loss: 0.175 | Opp label coverage: 0.82
Step 3405046/5000000 | Win rate (rollout): 0.42 | Loss: 0.196 | Opp label coverage: 0.86
Step 3405558/5000000 | Win rate (rollout): 0.73 | Loss: 0.164 | Opp label coverage: 0.87
Step 3406070/5000000 | Win rate (rollout): 0.54 | Loss: 0.198 | Opp label coverage: 0.82
Step 3406582/5000000 | Win rate (rollout): 0.62 | Loss: 0.169 | Opp label coverage: 0.76
Step 3407094/5000000 | Win rate (rollout): 0.40 | Loss: 0.206 | Opp label coverage: 0.83
Step 3407606/5000000 | Win rate (rollout): 0.57 | Loss: 0.182 | Opp label coverage: 0.87
Step 3408118/5000000 | Win rate (rollout): 0.62 | Loss: 0.161 | Opp label coverage: 0.84
Step 3408630/5000000 | Win rate (rollout): 0.58 | Loss: 0.199 | Opp label coverage: 0.84
Step 3409142/5000000 | Win rate (rollout): 0.18 | Loss: 0.211 | Opp label coverage: 0.82
Step 3409656/5000000 | Win rate (rollout): 0.55 | Loss: 0.156 | Opp label coverage: 0.90
Step 3410169/5000000 | Win rate (rollout): 0.77 | Loss: 0.188 | Opp label coverage: 0.91
Step 3410681/5000000 | Win rate (rollout): 0.58 | Loss: 0.201 | Opp label coverage: 0.82
Step 3411197/5000000 | Win rate (rollout): 0.83 | Loss: 0.198 | Opp label coverage: 0.88
Step 3411709/5000000 | Win rate (rollout): 0.36 | Loss: 0.178 | Opp label coverage: 0.79
Step 3412225/5000000 | Win rate (rollout): 0.56 | Loss: 0.132 | Opp label coverage: 0.89
Step 3412737/5000000 | Win rate (rollout): 0.23 | Loss: 0.200 | Opp label coverage: 0.81
Step 3413249/5000000 | Win rate (rollout): 0.38 | Loss: 0.183 | Opp label coverage: 0.79
Step 3413763/5000000 | Win rate (rollout): 0.67 | Loss: 0.199 | Opp label coverage: 0.88
Step 3414275/5000000 | Win rate (rollout): 0.36 | Loss: 0.193 | Opp label coverage: 0.83
Step 3414792/5000000 | Win rate (rollout): 0.62 | Loss: 0.148 | Opp label coverage: 0.90
Step 3415308/5000000 | Win rate (rollout): 0.50 | Loss: 0.228 | Opp label coverage: 0.88
Step 3415821/5000000 | Win rate (rollout): 0.36 | Loss: 0.292 | Opp label coverage: 0.89
Step 3416338/5000000 | Win rate (rollout): 0.61 | Loss: 0.220 | Opp label coverage: 0.88
Step 3416850/5000000 | Win rate (rollout): 0.33 | Loss: 0.197 | Opp label coverage: 0.85
Step 3417366/5000000 | Win rate (rollout): 0.60 | Loss: 0.149 | Opp label coverage: 0.91
Step 3417878/5000000 | Win rate (rollout): 0.60 | Loss: 0.190 | Opp label coverage: 0.80
Step 3418397/5000000 | Win rate (rollout): 0.67 | Loss: 0.179 | Opp label coverage: 0.90
Step 3418909/5000000 | Win rate (rollout): 0.38 | Loss: 0.164 | Opp label coverage: 0.81
Step 3419421/5000000 | Win rate (rollout): 0.35 | Loss: 0.207 | Opp label coverage: 0.86
Step 3419933/5000000 | Win rate (rollout): 0.67 | Loss: 0.205 | Opp label coverage: 0.83
Step 3420445/5000000 | Win rate (rollout): 0.55 | Loss: 0.170 | Opp label coverage: 0.81
Step 3420958/5000000 | Win rate (rollout): 0.56 | Loss: 0.170 | Opp label coverage: 0.92
Step 3421475/5000000 | Win rate (rollout): 0.50 | Loss: 0.182 | Opp label coverage: 0.89
Step 3421994/5000000 | Win rate (rollout): 0.80 | Loss: 0.164 | Opp label coverage: 0.87
Step 3422510/5000000 | Win rate (rollout): 0.31 | Loss: 0.181 | Opp label coverage: 0.88
Step 3423022/5000000 | Win rate (rollout): 0.71 | Loss: 0.158 | Opp label coverage: 0.83
Step 3423538/5000000 | Win rate (rollout): 0.56 | Loss: 0.170 | Opp label coverage: 0.89
Step 3424050/5000000 | Win rate (rollout): 0.50 | Loss: 0.183 | Opp label coverage: 0.83
Step 3424562/5000000 | Win rate (rollout): 0.50 | Loss: 0.169 | Opp label coverage: 0.84
Step 3425079/5000000 | Win rate (rollout): 0.50 | Loss: 0.184 | Opp label coverage: 0.88
[checkpoint] Saved models/ppo/checkpoints/opp/ppo_step_3425463.pt
Step 3425591/5000000 | Win rate (rollout): 0.40 | Loss: 0.188 | Opp label coverage: 0.84
Step 3426103/5000000 | Win rate (rollout): 0.36 | Loss: 0.188 | Opp label coverage: 0.82
Step 3426615/5000000 | Win rate (rollout): 0.60 | Loss: 0.181 | Opp label coverage: 0.90
Step 3427127/5000000 | Win rate (rollout): 0.42 | Loss: 0.217 | Opp label coverage: 0.84
Step 3427639/5000000 | Win rate (rollout): 0.50 | Loss: 0.182 | Opp label coverage: 0.85
Step 3428151/5000000 | Win rate (rollout): 0.57 | Loss: 0.215 | Opp label coverage: 0.83
Step 3428665/5000000 | Win rate (rollout): 0.50 | Loss: 0.156 | Opp label coverage: 0.90
Step 3429177/5000000 | Win rate (rollout): 0.46 | Loss: 0.188 | Opp label coverage: 0.81
Step 3429689/5000000 | Win rate (rollout): 0.22 | Loss: 0.172 | Opp label coverage: 0.88
Step 3430201/5000000 | Win rate (rollout): 0.70 | Loss: 0.201 | Opp label coverage: 0.82
Step 3430716/5000000 | Win rate (rollout): 0.25 | Loss: 0.128 | Opp label coverage: 0.89
Step 3431228/5000000 | Win rate (rollout): 0.44 | Loss: 0.198 | Opp label coverage: 0.88
Step 3431740/5000000 | Win rate (rollout): 0.46 | Loss: 0.174 | Opp label coverage: 0.83
Step 3432252/5000000 | Win rate (rollout): 0.60 | Loss: 0.192 | Opp label coverage: 0.81
Step 3432771/5000000 | Win rate (rollout): 0.70 | Loss: 0.151 | Opp label coverage: 0.89
Step 3433284/5000000 | Win rate (rollout): 0.59 | Loss: 0.302 | Opp label coverage: 0.90
Step 3433796/5000000 | Win rate (rollout): 0.38 | Loss: 0.195 | Opp label coverage: 0.83
Step 3434308/5000000 | Win rate (rollout): 0.40 | Loss: 0.158 | Opp label coverage: 0.82
Step 3434820/5000000 | Win rate (rollout): 0.60 | Loss: 0.175 | Opp label coverage: 0.84
Step 3435332/5000000 | Win rate (rollout): 0.38 | Loss: 0.183 | Opp label coverage: 0.82
Step 3435847/5000000 | Win rate (rollout): 0.45 | Loss: 0.214 | Opp label coverage: 0.89
Step 3436362/5000000 | Win rate (rollout): 0.33 | Loss: 0.175 | Opp label coverage: 0.92
Step 3436876/5000000 | Win rate (rollout): 0.46 | Loss: 0.158 | Opp label coverage: 0.87
Step 3437388/5000000 | Win rate (rollout): 0.64 | Loss: 0.193 | Opp label coverage: 0.86
Step 3437900/5000000 | Win rate (rollout): 0.54 | Loss: 0.204 | Opp label coverage: 0.83
Step 3438412/5000000 | Win rate (rollout): 0.60 | Loss: 0.187 | Opp label coverage: 0.82
Step 3438924/5000000 | Win rate (rollout): 0.25 | Loss: 0.192 | Opp label coverage: 0.82
Step 3439436/5000000 | Win rate (rollout): 0.64 | Loss: 0.190 | Opp label coverage: 0.77
Step 3439948/5000000 | Win rate (rollout): 0.40 | Loss: 0.169 | Opp label coverage: 0.83
Step 3440466/5000000 | Win rate (rollout): 0.20 | Loss: 0.172 | Opp label coverage: 0.87
Step 3440978/5000000 | Win rate (rollout): 0.38 | Loss: 0.199 | Opp label coverage: 0.84
Step 3441493/5000000 | Win rate (rollout): 0.64 | Loss: 0.191 | Opp label coverage: 0.89
Step 3442005/5000000 | Win rate (rollout): 0.64 | Loss: 0.174 | Opp label coverage: 0.80
Step 3442517/5000000 | Win rate (rollout): 0.62 | Loss: 0.171 | Opp label coverage: 0.83
Step 3443032/5000000 | Win rate (rollout): 0.56 | Loss: 0.164 | Opp label coverage: 0.90
Step 3443544/5000000 | Win rate (rollout): 0.31 | Loss: 0.210 | Opp label coverage: 0.80
Step 3444056/5000000 | Win rate (rollout): 0.33 | Loss: 0.158 | Opp label coverage: 0.83
Step 3444568/5000000 | Win rate (rollout): 0.25 | Loss: 0.192 | Opp label coverage: 0.84
Step 3445080/5000000 | Win rate (rollout): 0.60 | Loss: 0.143 | Opp label coverage: 0.88
Step 3445595/5000000 | Win rate (rollout): 0.67 | Loss: 0.229 | Opp label coverage: 0.90
Step 3446109/5000000 | Win rate (rollout): 0.43 | Loss: 0.232 | Opp label coverage: 0.88
Step 3446623/5000000 | Win rate (rollout): 0.29 | Loss: 0.136 | Opp label coverage: 0.88
Step 3447135/5000000 | Win rate (rollout): 0.54 | Loss: 0.194 | Opp label coverage: 0.82
Step 3447647/5000000 | Win rate (rollout): 0.56 | Loss: 0.174 | Opp label coverage: 0.82
Step 3448162/5000000 | Win rate (rollout): 0.60 | Loss: 0.221 | Opp label coverage: 0.88
Step 3448676/5000000 | Win rate (rollout): 0.79 | Loss: 0.175 | Opp label coverage: 0.89
Step 3449192/5000000 | Win rate (rollout): 0.50 | Loss: 0.192 | Opp label coverage: 0.88
Step 3449704/5000000 | Win rate (rollout): 0.70 | Loss: 0.156 | Opp label coverage: 0.85
Step 3450216/5000000 | Win rate (rollout): 0.57 | Loss: 0.187 | Opp label coverage: 0.85
[checkpoint] Saved models/ppo/checkpoints/opp/ppo_step_3450469.pt
Step 3450733/5000000 | Win rate (rollout): 0.64 | Loss: 0.239 | Opp label coverage: 0.86
Step 3451248/5000000 | Win rate (rollout): 0.36 | Loss: 0.184 | Opp label coverage: 0.87
Step 3451760/5000000 | Win rate (rollout): 0.73 | Loss: 0.177 | Opp label coverage: 0.83
Step 3452272/5000000 | Win rate (rollout): 0.08 | Loss: 0.178 | Opp label coverage: 0.80
Step 3452784/5000000 | Win rate (rollout): 0.60 | Loss: 0.226 | Opp label coverage: 0.83
Step 3453296/5000000 | Win rate (rollout): 0.56 | Loss: 0.208 | Opp label coverage: 0.81
Step 3453814/5000000 | Win rate (rollout): 0.33 | Loss: 0.180 | Opp label coverage: 0.87
Step 3454326/5000000 | Win rate (rollout): 0.50 | Loss: 0.179 | Opp label coverage: 0.83
Step 3454838/5000000 | Win rate (rollout): 0.36 | Loss: 0.165 | Opp label coverage: 0.87
Step 3455352/5000000 | Win rate (rollout): 0.40 | Loss: 0.148 | Opp label coverage: 0.88
Step 3455864/5000000 | Win rate (rollout): 0.58 | Loss: 0.175 | Opp label coverage: 0.85
Step 3456376/5000000 | Win rate (rollout): 0.57 | Loss: 0.240 | Opp label coverage: 0.85
Step 3456888/5000000 | Win rate (rollout): 0.71 | Loss: 0.159 | Opp label coverage: 0.86
Step 3457404/5000000 | Win rate (rollout): 0.38 | Loss: 0.141 | Opp label coverage: 0.90
Step 3457923/5000000 | Win rate (rollout): 0.67 | Loss: 0.168 | Opp label coverage: 0.88
Step 3458435/5000000 | Win rate (rollout): 0.57 | Loss: 0.188 | Opp label coverage: 0.82
Step 3458951/5000000 | Win rate (rollout): 0.62 | Loss: 0.178 | Opp label coverage: 0.88
Step 3459463/5000000 | Win rate (rollout): 0.36 | Loss: 0.188 | Opp label coverage: 0.80
Step 3459975/5000000 | Win rate (rollout): 0.56 | Loss: 0.164 | Opp label coverage: 0.90
Step 3460487/5000000 | Win rate (rollout): 0.71 | Loss: 0.153 | Opp label coverage: 0.76
Step 3461001/5000000 | Win rate (rollout): 0.55 | Loss: 0.127 | Opp label coverage: 0.87
Step 3461513/5000000 | Win rate (rollout): 0.58 | Loss: 0.220 | Opp label coverage: 0.86
Step 3462025/5000000 | Win rate (rollout): 0.09 | Loss: 0.180 | Opp label coverage: 0.78
Step 3462537/5000000 | Win rate (rollout): 0.41 | Loss: 0.181 | Opp label coverage: 0.78
Step 3463051/5000000 | Win rate (rollout): 0.50 | Loss: 0.157 | Opp label coverage: 0.89
Step 3463563/5000000 | Win rate (rollout): 0.44 | Loss: 0.178 | Opp label coverage: 0.85
Step 3464075/5000000 | Win rate (rollout): 0.92 | Loss: 0.205 | Opp label coverage: 0.84
Step 3464587/5000000 | Win rate (rollout): 0.64 | Loss: 0.170 | Opp label coverage: 0.84
Step 3465101/5000000 | Win rate (rollout): 0.38 | Loss: 0.189 | Opp label coverage: 0.88
Step 3465614/5000000 | Win rate (rollout): 0.79 | Loss: 0.190 | Opp label coverage: 0.90
Step 3466126/5000000 | Win rate (rollout): 0.54 | Loss: 0.173 | Opp label coverage: 0.89
Step 3466638/5000000 | Win rate (rollout): 0.56 | Loss: 0.170 | Opp label coverage: 0.85
Step 3467152/5000000 | Win rate (rollout): 0.46 | Loss: 0.128 | Opp label coverage: 0.87
Step 3467670/5000000 | Win rate (rollout): 0.62 | Loss: 0.252 | Opp label coverage: 0.89
Step 3468182/5000000 | Win rate (rollout): 0.27 | Loss: 0.189 | Opp label coverage: 0.83
Step 3468694/5000000 | Win rate (rollout): 0.70 | Loss: 0.207 | Opp label coverage: 0.83
Step 3469212/5000000 | Win rate (rollout): 0.50 | Loss: 0.211 | Opp label coverage: 0.88
Step 3469724/5000000 | Win rate (rollout): 0.60 | Loss: 0.172 | Opp label coverage: 0.82
Step 3470241/5000000 | Win rate (rollout): 0.42 | Loss: 0.205 | Opp label coverage: 0.88
Step 3470753/5000000 | Win rate (rollout): 0.40 | Loss: 0.171 | Opp label coverage: 0.79
Step 3471265/5000000 | Win rate (rollout): 0.69 | Loss: 0.203 | Opp label coverage: 0.80
Step 3471777/5000000 | Win rate (rollout): 0.62 | Loss: 0.198 | Opp label coverage: 0.82
Step 3472294/5000000 | Win rate (rollout): 0.60 | Loss: 0.149 | Opp label coverage: 0.87
Step 3472806/5000000 | Win rate (rollout): 0.50 | Loss: 0.186 | Opp label coverage: 0.81
Step 3473318/5000000 | Win rate (rollout): 0.50 | Loss: 0.163 | Opp label coverage: 0.85
Step 3473830/5000000 | Win rate (rollout): 0.62 | Loss: 0.226 | Opp label coverage: 0.82
Step 3474343/5000000 | Win rate (rollout): 0.46 | Loss: 0.243 | Opp label coverage: 0.88
Step 3474858/5000000 | Win rate (rollout): 0.54 | Loss: 0.196 | Opp label coverage: 0.87
Step 3475370/5000000 | Win rate (rollout): 0.50 | Loss: 0.157 | Opp label coverage: 0.83
[checkpoint] Saved models/ppo/checkpoints/opp/ppo_step_3475474.pt
Step 3475882/5000000 | Win rate (rollout): 0.55 | Loss: 0.208 | Opp label coverage: 0.86
Step 3476394/5000000 | Win rate (rollout): 0.20 | Loss: 0.179 | Opp label coverage: 0.81
Step 3476906/5000000 | Win rate (rollout): 0.56 | Loss: 0.230 | Opp label coverage: 0.83
Step 3477423/5000000 | Win rate (rollout): 0.60 | Loss: 0.201 | Opp label coverage: 0.89
Step 3477935/5000000 | Win rate (rollout): 0.46 | Loss: 0.189 | Opp label coverage: 0.85
Step 3478447/5000000 | Win rate (rollout): 0.80 | Loss: 0.165 | Opp label coverage: 0.85
Step 3478961/5000000 | Win rate (rollout): 0.30 | Loss: 0.152 | Opp label coverage: 0.89
Step 3479473/5000000 | Win rate (rollout): 0.50 | Loss: 0.185 | Opp label coverage: 0.81
Step 3479985/5000000 | Win rate (rollout): 0.44 | Loss: 0.191 | Opp label coverage: 0.86
Step 3480497/5000000 | Win rate (rollout): 0.69 | Loss: 0.203 | Opp label coverage: 0.83
Step 3481009/5000000 | Win rate (rollout): 0.70 | Loss: 0.177 | Opp label coverage: 0.88
Step 3481525/5000000 | Win rate (rollout): 0.47 | Loss: 0.170 | Opp label coverage: 0.89
Step 3482042/5000000 | Win rate (rollout): 0.36 | Loss: 0.198 | Opp label coverage: 0.89
Step 3482558/5000000 | Win rate (rollout): 0.50 | Loss: 0.265 | Opp label coverage: 0.89
Step 3483070/5000000 | Win rate (rollout): 0.40 | Loss: 0.174 | Opp label coverage: 0.82
Step 3483585/5000000 | Win rate (rollout): 0.71 | Loss: 0.254 | Opp label coverage: 0.87
Step 3484097/5000000 | Win rate (rollout): 0.57 | Loss: 0.191 | Opp label coverage: 0.84
Step 3484609/5000000 | Win rate (rollout): 0.60 | Loss: 0.207 | Opp label coverage: 0.77
Step 3485121/5000000 | Win rate (rollout): 0.31 | Loss: 0.214 | Opp label coverage: 0.83
Step 3485633/5000000 | Win rate (rollout): 0.33 | Loss: 0.155 | Opp label coverage: 0.85
Step 3486148/5000000 | Win rate (rollout): 0.40 | Loss: 0.175 | Opp label coverage: 0.88
Step 3486662/5000000 | Win rate (rollout): 0.65 | Loss: 0.092 | Opp label coverage: 0.89
Step 3487174/5000000 | Win rate (rollout): 0.17 | Loss: 0.160 | Opp label coverage: 0.83
Step 3487686/5000000 | Win rate (rollout): 0.29 | Loss: 0.185 | Opp label coverage: 0.88
Step 3488203/5000000 | Win rate (rollout): 0.36 | Loss: 0.201 | Opp label coverage: 0.88
Step 3488715/5000000 | Win rate (rollout): 0.33 | Loss: 0.181 | Opp label coverage: 0.82
Step 3489227/5000000 | Win rate (rollout): 0.40 | Loss: 0.166 | Opp label coverage: 0.83
Step 3489739/5000000 | Win rate (rollout): 0.19 | Loss: 0.171 | Opp label coverage: 0.82
Step 3490252/5000000 | Win rate (rollout): 0.73 | Loss: 0.244 | Opp label coverage: 0.89
Step 3490765/5000000 | Win rate (rollout): 0.29 | Loss: 0.264 | Opp label coverage: 0.86
Step 3491282/5000000 | Win rate (rollout): 0.53 | Loss: 0.153 | Opp label coverage: 0.87
Step 3491799/5000000 | Win rate (rollout): 0.57 | Loss: 0.155 | Opp label coverage: 0.89
Step 3492313/5000000 | Win rate (rollout): 0.64 | Loss: 0.198 | Opp label coverage: 0.89
Step 3492827/5000000 | Win rate (rollout): 0.50 | Loss: 0.158 | Opp label coverage: 0.88
Step 3493342/5000000 | Win rate (rollout): 0.38 | Loss: 0.185 | Opp label coverage: 0.87
Step 3493854/5000000 | Win rate (rollout): 0.50 | Loss: 0.216 | Opp label coverage: 0.84
Step 3494370/5000000 | Win rate (rollout): 0.27 | Loss: 0.154 | Opp label coverage: 0.88
Step 3494882/5000000 | Win rate (rollout): 0.47 | Loss: 0.204 | Opp label coverage: 0.80
Step 3495396/5000000 | Win rate (rollout): 0.42 | Loss: 0.156 | Opp label coverage: 0.88
Step 3495908/5000000 | Win rate (rollout): 0.44 | Loss: 0.167 | Opp label coverage: 0.84
Step 3496420/5000000 | Win rate (rollout): 0.46 | Loss: 0.176 | Opp label coverage: 0.75
Step 3496932/5000000 | Win rate (rollout): 0.38 | Loss: 0.165 | Opp label coverage: 0.77
Step 3497444/5000000 | Win rate (rollout): 0.29 | Loss: 0.181 | Opp label coverage: 0.71
Step 3497956/5000000 | Win rate (rollout): 0.75 | Loss: 0.190 | Opp label coverage: 0.84
Step 3498468/5000000 | Win rate (rollout): 0.36 | Loss: 0.173 | Opp label coverage: 0.88
Step 3498980/5000000 | Win rate (rollout): 0.50 | Loss: 0.192 | Opp label coverage: 0.83
Step 3499496/5000000 | Win rate (rollout): 0.45 | Loss: 0.171 | Opp label coverage: 0.89
Step 3500008/5000000 | Win rate (rollout): 0.50 | Loss: 0.215 | Opp label coverage: 0.83
[checkpoint] Saved models/ppo/checkpoints/opp/ppo_step_3500480.pt
Step 3500520/5000000 | Win rate (rollout): 0.50 | Loss: 0.192 | Opp label coverage: 0.82
Step 3501032/5000000 | Win rate (rollout): 0.31 | Loss: 0.170 | Opp label coverage: 0.82
Step 3501545/5000000 | Win rate (rollout): 0.45 | Loss: 0.155 | Opp label coverage: 0.88
Step 3502060/5000000 | Win rate (rollout): 0.50 | Loss: 0.099 | Opp label coverage: 0.88
Step 3502572/5000000 | Win rate (rollout): 0.62 | Loss: 0.207 | Opp label coverage: 0.81
Step 3503084/5000000 | Win rate (rollout): 0.36 | Loss: 0.179 | Opp label coverage: 0.83
Step 3503601/5000000 | Win rate (rollout): 0.58 | Loss: 0.152 | Opp label coverage: 0.88
Step 3504113/5000000 | Win rate (rollout): 0.62 | Loss: 0.158 | Opp label coverage: 0.75
Step 3504625/5000000 | Win rate (rollout): 0.38 | Loss: 0.206 | Opp label coverage: 0.85
Step 3505137/5000000 | Win rate (rollout): 0.33 | Loss: 0.186 | Opp label coverage: 0.81
Step 3505655/5000000 | Win rate (rollout): 0.40 | Loss: 0.183 | Opp label coverage: 0.88
Step 3506167/5000000 | Win rate (rollout): 0.40 | Loss: 0.206 | Opp label coverage: 0.81
Step 3506683/5000000 | Win rate (rollout): 0.43 | Loss: 0.181 | Opp label coverage: 0.90
Step 3507195/5000000 | Win rate (rollout): 0.42 | Loss: 0.171 | Opp label coverage: 0.80
Step 3507711/5000000 | Win rate (rollout): 0.60 | Loss: 0.191 | Opp label coverage: 0.89
Step 3508223/5000000 | Win rate (rollout): 0.78 | Loss: 0.191 | Opp label coverage: 0.82
Step 3508735/5000000 | Win rate (rollout): 0.46 | Loss: 0.192 | Opp label coverage: 0.84
Step 3509250/5000000 | Win rate (rollout): 0.55 | Loss: 0.199 | Opp label coverage: 0.88
Step 3509762/5000000 | Win rate (rollout): 0.46 | Loss: 0.204 | Opp label coverage: 0.87
Step 3510274/5000000 | Win rate (rollout): 0.40 | Loss: 0.223 | Opp label coverage: 0.82
Step 3510786/5000000 | Win rate (rollout): 0.17 | Loss: 0.181 | Opp label coverage: 0.84
Step 3511298/5000000 | Win rate (rollout): 0.47 | Loss: 0.218 | Opp label coverage: 0.81
Step 3511810/5000000 | Win rate (rollout): 0.56 | Loss: 0.168 | Opp label coverage: 0.89
Step 3512322/5000000 | Win rate (rollout): 0.30 | Loss: 0.170 | Opp label coverage: 0.84
Step 3512838/5000000 | Win rate (rollout): 0.50 | Loss: 0.227 | Opp label coverage: 0.86
Step 3513350/5000000 | Win rate (rollout): 0.64 | Loss: 0.181 | Opp label coverage: 0.80
Step 3513867/5000000 | Win rate (rollout): 0.40 | Loss: 0.166 | Opp label coverage: 0.89
Step 3514379/5000000 | Win rate (rollout): 0.58 | Loss: 0.159 | Opp label coverage: 0.84
Step 3514894/5000000 | Win rate (rollout): 0.45 | Loss: 0.213 | Opp label coverage: 0.88
Step 3515412/5000000 | Win rate (rollout): 0.40 | Loss: 0.190 | Opp label coverage: 0.87
Step 3515924/5000000 | Win rate (rollout): 0.65 | Loss: 0.206 | Opp label coverage: 0.80
Step 3516442/5000000 | Win rate (rollout): 0.55 | Loss: 0.198 | Opp label coverage: 0.88
Step 3516954/5000000 | Win rate (rollout): 0.54 | Loss: 0.176 | Opp label coverage: 0.81
Step 3517466/5000000 | Win rate (rollout): 0.56 | Loss: 0.195 | Opp label coverage: 0.79
Step 3517978/5000000 | Win rate (rollout): 0.47 | Loss: 0.199 | Opp label coverage: 0.87
Step 3518490/5000000 | Win rate (rollout): 0.67 | Loss: 0.174 | Opp label coverage: 0.80
Step 3519002/5000000 | Win rate (rollout): 0.64 | Loss: 0.191 | Opp label coverage: 0.82
Step 3519520/5000000 | Win rate (rollout): 0.50 | Loss: 0.198 | Opp label coverage: 0.88
Step 3520039/5000000 | Win rate (rollout): 0.59 | Loss: 0.155 | Opp label coverage: 0.87
Step 3520557/5000000 | Win rate (rollout): 0.36 | Loss: 0.213 | Opp label coverage: 0.88
Step 3521069/5000000 | Win rate (rollout): 0.64 | Loss: 0.177 | Opp label coverage: 0.85
Step 3521581/5000000 | Win rate (rollout): 0.41 | Loss: 0.205 | Opp label coverage: 0.84
Step 3522093/5000000 | Win rate (rollout): 0.64 | Loss: 0.158 | Opp label coverage: 0.89
Step 3522609/5000000 | Win rate (rollout): 0.40 | Loss: 0.176 | Opp label coverage: 0.89
Step 3523121/5000000 | Win rate (rollout): 0.43 | Loss: 0.183 | Opp label coverage: 0.82
Step 3523638/5000000 | Win rate (rollout): 0.77 | Loss: 0.179 | Opp label coverage: 0.89
Step 3524150/5000000 | Win rate (rollout): 0.75 | Loss: 0.179 | Opp label coverage: 0.92
Step 3524662/5000000 | Win rate (rollout): 0.64 | Loss: 0.188 | Opp label coverage: 0.83
Step 3525174/5000000 | Win rate (rollout): 0.50 | Loss: 0.168 | Opp label coverage: 0.87
[checkpoint] Saved models/ppo/checkpoints/opp/ppo_step_3525482.pt
Step 3525692/5000000 | Win rate (rollout): 0.62 | Loss: 0.182 | Opp label coverage: 0.88
Step 3526209/5000000 | Win rate (rollout): 0.57 | Loss: 0.221 | Opp label coverage: 0.86
Step 3526725/5000000 | Win rate (rollout): 0.60 | Loss: 0.216 | Opp label coverage: 0.89
Step 3527237/5000000 | Win rate (rollout): 0.27 | Loss: 0.183 | Opp label coverage: 0.87
Step 3527749/5000000 | Win rate (rollout): 0.67 | Loss: 0.193 | Opp label coverage: 0.81
Step 3528261/5000000 | Win rate (rollout): 0.36 | Loss: 0.191 | Opp label coverage: 0.84
Step 3528780/5000000 | Win rate (rollout): 0.50 | Loss: 0.215 | Opp label coverage: 0.88
Step 3529292/5000000 | Win rate (rollout): 0.60 | Loss: 0.153 | Opp label coverage: 0.89
Step 3529804/5000000 | Win rate (rollout): 0.71 | Loss: 0.179 | Opp label coverage: 0.81
Step 3530317/5000000 | Win rate (rollout): 0.58 | Loss: 0.098 | Opp label coverage: 0.88
Step 3530829/5000000 | Win rate (rollout): 0.29 | Loss: 0.223 | Opp label coverage: 0.81
Step 3531346/5000000 | Win rate (rollout): 0.30 | Loss: 0.159 | Opp label coverage: 0.89
Step 3531858/5000000 | Win rate (rollout): 0.50 | Loss: 0.187 | Opp label coverage: 0.82
Step 3532370/5000000 | Win rate (rollout): 0.64 | Loss: 0.167 | Opp label coverage: 0.88
Step 3532888/5000000 | Win rate (rollout): 0.58 | Loss: 0.154 | Opp label coverage: 0.88
Step 3533400/5000000 | Win rate (rollout): 0.38 | Loss: 0.179 | Opp label coverage: 0.85
Step 3533917/5000000 | Win rate (rollout): 0.20 | Loss: 0.169 | Opp label coverage: 0.89
Step 3534429/5000000 | Win rate (rollout): 0.38 | Loss: 0.162 | Opp label coverage: 0.83
Step 3534941/5000000 | Win rate (rollout): 0.45 | Loss: 0.178 | Opp label coverage: 0.87
Step 3535460/5000000 | Win rate (rollout): 0.33 | Loss: 0.139 | Opp label coverage: 0.90
Step 3535972/5000000 | Win rate (rollout): 0.50 | Loss: 0.209 | Opp label coverage: 0.84
Step 3536484/5000000 | Win rate (rollout): 0.38 | Loss: 0.193 | Opp label coverage: 0.84
Step 3536996/5000000 | Win rate (rollout): 0.47 | Loss: 0.229 | Opp label coverage: 0.82
Step 3537508/5000000 | Win rate (rollout): 0.47 | Loss: 0.189 | Opp label coverage: 0.81
Step 3538020/5000000 | Win rate (rollout): 0.43 | Loss: 0.181 | Opp label coverage: 0.84
Step 3538536/5000000 | Win rate (rollout): 0.44 | Loss: 0.149 | Opp label coverage: 0.87
Step 3539048/5000000 | Win rate (rollout): 0.43 | Loss: 0.197 | Opp label coverage: 0.80
Step 3539560/5000000 | Win rate (rollout): 0.35 | Loss: 0.203 | Opp label coverage: 0.83
Step 3540072/5000000 | Win rate (rollout): 0.56 | Loss: 0.183 | Opp label coverage: 0.84
Step 3540585/5000000 | Win rate (rollout): 0.56 | Loss: 0.196 | Opp label coverage: 0.89
Step 3541097/5000000 | Win rate (rollout): 0.50 | Loss: 0.187 | Opp label coverage: 0.82
Step 3541616/5000000 | Win rate (rollout): 0.40 | Loss: 0.153 | Opp label coverage: 0.88
Step 3542128/5000000 | Win rate (rollout): 0.60 | Loss: 0.166 | Opp label coverage: 0.85
Step 3542643/5000000 | Win rate (rollout): 0.40 | Loss: 0.207 | Opp label coverage: 0.88
Step 3543156/5000000 | Win rate (rollout): 0.50 | Loss: 0.168 | Opp label coverage: 0.90
Step 3543673/5000000 | Win rate (rollout): 0.58 | Loss: 0.163 | Opp label coverage: 0.90
Step 3544188/5000000 | Win rate (rollout): 0.40 | Loss: 0.266 | Opp label coverage: 0.88
Step 3544700/5000000 | Win rate (rollout): 0.33 | Loss: 0.214 | Opp label coverage: 0.81
Step 3545215/5000000 | Win rate (rollout): 0.25 | Loss: 0.132 | Opp label coverage: 0.90
Step 3545727/5000000 | Win rate (rollout): 0.71 | Loss: 0.184 | Opp label coverage: 0.81
Step 3546242/5000000 | Win rate (rollout): 0.50 | Loss: 0.181 | Opp label coverage: 0.90
Step 3546759/5000000 | Win rate (rollout): 0.57 | Loss: 0.171 | Opp label coverage: 0.89
Step 3547271/5000000 | Win rate (rollout): 0.53 | Loss: 0.163 | Opp label coverage: 0.90
Step 3547783/5000000 | Win rate (rollout): 0.64 | Loss: 0.202 | Opp label coverage: 0.81
Step 3548295/5000000 | Win rate (rollout): 0.50 | Loss: 0.181 | Opp label coverage: 0.76
Step 3548808/5000000 | Win rate (rollout): 0.50 | Loss: 0.050 | Opp label coverage: 0.88
Step 3549320/5000000 | Win rate (rollout): 0.58 | Loss: 0.194 | Opp label coverage: 0.82
Step 3549837/5000000 | Win rate (rollout): 0.25 | Loss: 0.176 | Opp label coverage: 0.87
Step 3550349/5000000 | Win rate (rollout): 0.86 | Loss: 0.190 | Opp label coverage: 0.84
[checkpoint] Saved models/ppo/checkpoints/opp/ppo_step_3550483.pt
Step 3550861/5000000 | Win rate (rollout): 0.45 | Loss: 0.166 | Opp label coverage: 0.87
Step 3551373/5000000 | Win rate (rollout): 0.36 | Loss: 0.185 | Opp label coverage: 0.83
Step 3551889/5000000 | Win rate (rollout): 0.73 | Loss: 0.175 | Opp label coverage: 0.90
Step 3552402/5000000 | Win rate (rollout): 0.75 | Loss: 0.075 | Opp label coverage: 0.89
Step 3552914/5000000 | Win rate (rollout): 0.38 | Loss: 0.208 | Opp label coverage: 0.88
Step 3553432/5000000 | Win rate (rollout): 0.50 | Loss: 0.153 | Opp label coverage: 0.90
Step 3553944/5000000 | Win rate (rollout): 0.70 | Loss: 0.173 | Opp label coverage: 0.81
Step 3554456/5000000 | Win rate (rollout): 0.42 | Loss: 0.172 | Opp label coverage: 0.87
Step 3554968/5000000 | Win rate (rollout): 0.53 | Loss: 0.175 | Opp label coverage: 0.80
Step 3555480/5000000 | Win rate (rollout): 0.50 | Loss: 0.255 | Opp label coverage: 0.82
Step 3555992/5000000 | Win rate (rollout): 0.90 | Loss: 0.177 | Opp label coverage: 0.83
Step 3556504/5000000 | Win rate (rollout): 0.36 | Loss: 0.218 | Opp label coverage: 0.82
Step 3557020/5000000 | Win rate (rollout): 0.50 | Loss: 0.137 | Opp label coverage: 0.89
Step 3557532/5000000 | Win rate (rollout): 0.50 | Loss: 0.179 | Opp label coverage: 0.81
Step 3558044/5000000 | Win rate (rollout): 0.70 | Loss: 0.184 | Opp label coverage: 0.83
Step 3558556/5000000 | Win rate (rollout): 0.91 | Loss: 0.179 | Opp label coverage: 0.88
Step 3559068/5000000 | Win rate (rollout): 0.50 | Loss: 0.204 | Opp label coverage: 0.81
Step 3559580/5000000 | Win rate (rollout): 0.60 | Loss: 0.161 | Opp label coverage: 0.81
Step 3560092/5000000 | Win rate (rollout): 0.54 | Loss: 0.196 | Opp label coverage: 0.84
Step 3560604/5000000 | Win rate (rollout): 0.38 | Loss: 0.168 | Opp label coverage: 0.85
Step 3561122/5000000 | Win rate (rollout): 0.45 | Loss: 0.186 | Opp label coverage: 0.87
Step 3561635/5000000 | Win rate (rollout): 0.47 | Loss: 0.189 | Opp label coverage: 0.89
Step 3562147/5000000 | Win rate (rollout): 0.20 | Loss: 0.190 | Opp label coverage: 0.85
Step 3562659/5000000 | Win rate (rollout): 0.60 | Loss: 0.193 | Opp label coverage: 0.87
Step 3563177/5000000 | Win rate (rollout): 0.55 | Loss: 0.179 | Opp label coverage: 0.87
Step 3563695/5000000 | Win rate (rollout): 0.36 | Loss: 0.240 | Opp label coverage: 0.88
Step 3564207/5000000 | Win rate (rollout): 0.46 | Loss: 0.170 | Opp label coverage: 0.84
Step 3564724/5000000 | Win rate (rollout): 0.55 | Loss: 0.204 | Opp label coverage: 0.87
Step 3565237/5000000 | Win rate (rollout): 0.47 | Loss: 0.162 | Opp label coverage: 0.87
Step 3565749/5000000 | Win rate (rollout): 0.36 | Loss: 0.137 | Opp label coverage: 0.88
Step 3566266/5000000 | Win rate (rollout): 0.42 | Loss: 0.171 | Opp label coverage: 0.89
Step 3566778/5000000 | Win rate (rollout): 0.56 | Loss: 0.186 | Opp label coverage: 0.83
Step 3567290/5000000 | Win rate (rollout): 0.36 | Loss: 0.161 | Opp label coverage: 0.81
Step 3567802/5000000 | Win rate (rollout): 0.50 | Loss: 0.166 | Opp label coverage: 0.81
Step 3568318/5000000 | Win rate (rollout): 0.55 | Loss: 0.160 | Opp label coverage: 0.89
Step 3568830/5000000 | Win rate (rollout): 0.31 | Loss: 0.199 | Opp label coverage: 0.85
Step 3569346/5000000 | Win rate (rollout): 0.67 | Loss: 0.187 | Opp label coverage: 0.88
Step 3569861/5000000 | Win rate (rollout): 0.69 | Loss: 0.147 | Opp label coverage: 0.88
Step 3570373/5000000 | Win rate (rollout): 0.44 | Loss: 0.155 | Opp label coverage: 0.85
Step 3570885/5000000 | Win rate (rollout): 0.27 | Loss: 0.175 | Opp label coverage: 0.82
Step 3571401/5000000 | Win rate (rollout): 0.56 | Loss: 0.190 | Opp label coverage: 0.90
Step 3571914/5000000 | Win rate (rollout): 0.42 | Loss: 0.120 | Opp label coverage: 0.90
Step 3572432/5000000 | Win rate (rollout): 0.50 | Loss: 0.202 | Opp label coverage: 0.89
Step 3572947/5000000 | Win rate (rollout): 0.57 | Loss: 0.158 | Opp label coverage: 0.90
Step 3573461/5000000 | Win rate (rollout): 0.59 | Loss: 0.235 | Opp label coverage: 0.88
Step 3573979/5000000 | Win rate (rollout): 0.13 | Loss: 0.162 | Opp label coverage: 0.87
Step 3574491/5000000 | Win rate (rollout): 0.47 | Loss: 0.180 | Opp label coverage: 0.85
Step 3575004/5000000 | Win rate (rollout): 0.50 | Loss: 0.127 | Opp label coverage: 0.86
[checkpoint] Saved models/ppo/checkpoints/opp/ppo_step_3575484.pt
Step 3575516/5000000 | Win rate (rollout): 0.70 | Loss: 0.174 | Opp label coverage: 0.83
Step 3576028/5000000 | Win rate (rollout): 0.21 | Loss: 0.220 | Opp label coverage: 0.83
Step 3576540/5000000 | Win rate (rollout): 0.50 | Loss: 0.205 | Opp label coverage: 0.82
Step 3577058/5000000 | Win rate (rollout): 0.45 | Loss: 0.150 | Opp label coverage: 0.89
Step 3577570/5000000 | Win rate (rollout): 0.44 | Loss: 0.196 | Opp label coverage: 0.84
Step 3578082/5000000 | Win rate (rollout): 0.29 | Loss: 0.213 | Opp label coverage: 0.78
Step 3578594/5000000 | Win rate (rollout): 0.27 | Loss: 0.140 | Opp label coverage: 0.88
Step 3579106/5000000 | Win rate (rollout): 0.44 | Loss: 0.189 | Opp label coverage: 0.86
Step 3579618/5000000 | Win rate (rollout): 0.25 | Loss: 0.198 | Opp label coverage: 0.85
Step 3580130/5000000 | Win rate (rollout): 0.46 | Loss: 0.198 | Opp label coverage: 0.82
Step 3580645/5000000 | Win rate (rollout): 0.45 | Loss: 0.257 | Opp label coverage: 0.89
Step 3581157/5000000 | Win rate (rollout): 0.40 | Loss: 0.178 | Opp label coverage: 0.80
Step 3581669/5000000 | Win rate (rollout): 0.38 | Loss: 0.226 | Opp label coverage: 0.85
Step 3582181/5000000 | Win rate (rollout): 0.56 | Loss: 0.168 | Opp label coverage: 0.79
Step 3582697/5000000 | Win rate (rollout): 0.50 | Loss: 0.163 | Opp label coverage: 0.90
Step 3583209/5000000 | Win rate (rollout): 0.64 | Loss: 0.182 | Opp label coverage: 0.89
Step 3583727/5000000 | Win rate (rollout): 0.17 | Loss: 0.133 | Opp label coverage: 0.88
Step 3584239/5000000 | Win rate (rollout): 0.33 | Loss: 0.171 | Opp label coverage: 0.85
Step 3584751/5000000 | Win rate (rollout): 0.29 | Loss: 0.175 | Opp label coverage: 0.84
Step 3585263/5000000 | Win rate (rollout): 0.62 | Loss: 0.178 | Opp label coverage: 0.87
Step 3585775/5000000 | Win rate (rollout): 0.50 | Loss: 0.207 | Opp label coverage: 0.84
Step 3586293/5000000 | Win rate (rollout): 0.42 | Loss: 0.207 | Opp label coverage: 0.88
Step 3586805/5000000 | Win rate (rollout): 0.46 | Loss: 0.151 | Opp label coverage: 0.88
Step 3587318/5000000 | Win rate (rollout): 0.71 | Loss: 0.112 | Opp label coverage: 0.90
Step 3587832/5000000 | Win rate (rollout): 0.64 | Loss: 0.148 | Opp label coverage: 0.89
Step 3588344/5000000 | Win rate (rollout): 0.30 | Loss: 0.193 | Opp label coverage: 0.82
Step 3588858/5000000 | Win rate (rollout): 0.38 | Loss: 0.163 | Opp label coverage: 0.88
Step 3589371/5000000 | Win rate (rollout): 0.40 | Loss: 0.166 | Opp label coverage: 0.88
Step 3589883/5000000 | Win rate (rollout): 0.50 | Loss: 0.170 | Opp label coverage: 0.84
Step 3590395/5000000 | Win rate (rollout): 0.42 | Loss: 0.209 | Opp label coverage: 0.84
Step 3590907/5000000 | Win rate (rollout): 0.50 | Loss: 0.190 | Opp label coverage: 0.87
Step 3591419/5000000 | Win rate (rollout): 0.40 | Loss: 0.172 | Opp label coverage: 0.84
Step 3591932/5000000 | Win rate (rollout): 0.60 | Loss: 0.148 | Opp label coverage: 0.89
Step 3592444/5000000 | Win rate (rollout): 0.67 | Loss: 0.210 | Opp label coverage: 0.85
Step 3592956/5000000 | Win rate (rollout): 0.50 | Loss: 0.194 | Opp label coverage: 0.83
Step 3593468/5000000 | Win rate (rollout): 0.50 | Loss: 0.190 | Opp label coverage: 0.81
Step 3593980/5000000 | Win rate (rollout): 0.50 | Loss: 0.182 | Opp label coverage: 0.82
Step 3594494/5000000 | Win rate (rollout): 0.33 | Loss: 0.154 | Opp label coverage: 0.89
Step 3595006/5000000 | Win rate (rollout): 0.67 | Loss: 0.207 | Opp label coverage: 0.83
Step 3595518/5000000 | Win rate (rollout): 0.53 | Loss: 0.218 | Opp label coverage: 0.83
Step 3596030/5000000 | Win rate (rollout): 0.39 | Loss: 0.227 | Opp label coverage: 0.85
Step 3596543/5000000 | Win rate (rollout): 0.22 | Loss: 0.245 | Opp label coverage: 0.88
Step 3597057/5000000 | Win rate (rollout): 0.23 | Loss: 0.141 | Opp label coverage: 0.88
Step 3597575/5000000 | Win rate (rollout): 0.67 | Loss: 0.159 | Opp label coverage: 0.91
Step 3598087/5000000 | Win rate (rollout): 0.36 | Loss: 0.196 | Opp label coverage: 0.80
Step 3598604/5000000 | Win rate (rollout): 0.50 | Loss: 0.157 | Opp label coverage: 0.87
Step 3599116/5000000 | Win rate (rollout): 0.54 | Loss: 0.202 | Opp label coverage: 0.89
Step 3599628/5000000 | Win rate (rollout): 0.36 | Loss: 0.157 | Opp label coverage: 0.84
Step 3600140/5000000 | Win rate (rollout): 0.43 | Loss: 0.184 | Opp label coverage: 0.78
[checkpoint] Saved models/ppo/checkpoints/opp/ppo_step_3600484.pt
Step 3600652/5000000 | Win rate (rollout): 0.53 | Loss: 0.222 | Opp label coverage: 0.83
Step 3601166/5000000 | Win rate (rollout): 0.42 | Loss: 0.230 | Opp label coverage: 0.86
Step 3601678/5000000 | Win rate (rollout): 0.42 | Loss: 0.209 | Opp label coverage: 0.83
Step 3602190/5000000 | Win rate (rollout): 0.56 | Loss: 0.163 | Opp label coverage: 0.80
Step 3602707/5000000 | Win rate (rollout): 0.60 | Loss: 0.153 | Opp label coverage: 0.89
Step 3603220/5000000 | Win rate (rollout): 0.57 | Loss: 0.186 | Opp label coverage: 0.89
Step 3603732/5000000 | Win rate (rollout): 0.83 | Loss: 0.185 | Opp label coverage: 0.82
Step 3604244/5000000 | Win rate (rollout): 0.44 | Loss: 0.217 | Opp label coverage: 0.86
Step 3604759/5000000 | Win rate (rollout): 0.50 | Loss: 0.184 | Opp label coverage: 0.90
Step 3605271/5000000 | Win rate (rollout): 0.36 | Loss: 0.193 | Opp label coverage: 0.82
Step 3605784/5000000 | Win rate (rollout): 0.33 | Loss: 0.224 | Opp label coverage: 0.89
Step 3606301/5000000 | Win rate (rollout): 0.69 | Loss: 0.145 | Opp label coverage: 0.90
Step 3606813/5000000 | Win rate (rollout): 0.46 | Loss: 0.185 | Opp label coverage: 0.82
Step 3607332/5000000 | Win rate (rollout): 0.60 | Loss: 0.157 | Opp label coverage: 0.88
Step 3607847/5000000 | Win rate (rollout): 0.38 | Loss: 0.165 | Opp label coverage: 0.88
Step 3608362/5000000 | Win rate (rollout): 0.33 | Loss: 0.156 | Opp label coverage: 0.89
Step 3608874/5000000 | Win rate (rollout): 0.57 | Loss: 0.186 | Opp label coverage: 0.84
Step 3609386/5000000 | Win rate (rollout): 0.50 | Loss: 0.176 | Opp label coverage: 0.83
Step 3609901/5000000 | Win rate (rollout): 0.54 | Loss: 0.183 | Opp label coverage: 0.86
Step 3610415/5000000 | Win rate (rollout): 0.60 | Loss: 0.193 | Opp label coverage: 0.88
Step 3610931/5000000 | Win rate (rollout): 0.43 | Loss: 0.181 | Opp label coverage: 0.88
Step 3611443/5000000 | Win rate (rollout): 0.36 | Loss: 0.171 | Opp label coverage: 0.83
Step 3611956/5000000 | Win rate (rollout): 0.50 | Loss: 0.160 | Opp label coverage: 0.89
Step 3612468/5000000 | Win rate (rollout): 0.40 | Loss: 0.177 | Opp label coverage: 0.83
Step 3612980/5000000 | Win rate (rollout): 0.56 | Loss: 0.163 | Opp label coverage: 0.85
Step 3613492/5000000 | Win rate (rollout): 0.58 | Loss: 0.188 | Opp label coverage: 0.81
Step 3614007/5000000 | Win rate (rollout): 0.62 | Loss: 0.172 | Opp label coverage: 0.88
Step 3614526/5000000 | Win rate (rollout): 0.36 | Loss: 0.163 | Opp label coverage: 0.89
Step 3615044/5000000 | Win rate (rollout): 0.53 | Loss: 0.181 | Opp label coverage: 0.92
Step 3615556/5000000 | Win rate (rollout): 0.54 | Loss: 0.159 | Opp label coverage: 0.88
Step 3616068/5000000 | Win rate (rollout): 0.38 | Loss: 0.172 | Opp label coverage: 0.82
Step 3616585/5000000 | Win rate (rollout): 0.86 | Loss: 0.231 | Opp label coverage: 0.87
Step 3617097/5000000 | Win rate (rollout): 0.43 | Loss: 0.151 | Opp label coverage: 0.85
Step 3617610/5000000 | Win rate (rollout): 0.89 | Loss: 0.243 | Opp label coverage: 0.90
Step 3618124/5000000 | Win rate (rollout): 0.62 | Loss: 0.194 | Opp label coverage: 0.89
Step 3618636/5000000 | Win rate (rollout): 0.60 | Loss: 0.204 | Opp label coverage: 0.86
Step 3619148/5000000 | Win rate (rollout): 0.62 | Loss: 0.190 | Opp label coverage: 0.81
Step 3619660/5000000 | Win rate (rollout): 0.44 | Loss: 0.225 | Opp label coverage: 0.86
Step 3620175/5000000 | Win rate (rollout): 0.78 | Loss: 0.127 | Opp label coverage: 0.89
Step 3620687/5000000 | Win rate (rollout): 0.31 | Loss: 0.209 | Opp label coverage: 0.80
Step 3621199/5000000 | Win rate (rollout): 0.43 | Loss: 0.223 | Opp label coverage: 0.83
Step 3621711/5000000 | Win rate (rollout): 0.73 | Loss: 0.151 | Opp label coverage: 0.83
Step 3622223/5000000 | Win rate (rollout): 0.56 | Loss: 0.179 | Opp label coverage: 0.82
Step 3622735/5000000 | Win rate (rollout): 0.65 | Loss: 0.210 | Opp label coverage: 0.82
Step 3623247/5000000 | Win rate (rollout): 0.59 | Loss: 0.213 | Opp label coverage: 0.83
Step 3623759/5000000 | Win rate (rollout): 0.60 | Loss: 0.199 | Opp label coverage: 0.82
Step 3624271/5000000 | Win rate (rollout): 0.57 | Loss: 0.215 | Opp label coverage: 0.82
Step 3624788/5000000 | Win rate (rollout): 0.71 | Loss: 0.207 | Opp label coverage: 0.88
Step 3625300/5000000 | Win rate (rollout): 0.58 | Loss: 0.163 | Opp label coverage: 0.82
[checkpoint] Saved models/ppo/checkpoints/opp/ppo_step_3625484.pt
Step 3625812/5000000 | Win rate (rollout): 0.55 | Loss: 0.236 | Opp label coverage: 0.86
Step 3626324/5000000 | Win rate (rollout): 0.24 | Loss: 0.171 | Opp label coverage: 0.80
Step 3626838/5000000 | Win rate (rollout): 0.50 | Loss: 0.164 | Opp label coverage: 0.86
Step 3627351/5000000 | Win rate (rollout): 0.71 | Loss: 0.198 | Opp label coverage: 0.90
Step 3627863/5000000 | Win rate (rollout): 0.50 | Loss: 0.190 | Opp label coverage: 0.81
Step 3628378/5000000 | Win rate (rollout): 0.60 | Loss: 0.139 | Opp label coverage: 0.87
Step 3628890/5000000 | Win rate (rollout): 0.33 | Loss: 0.185 | Opp label coverage: 0.84
Step 3629404/5000000 | Win rate (rollout): 0.57 | Loss: 0.202 | Opp label coverage: 0.87
Step 3629919/5000000 | Win rate (rollout): 0.50 | Loss: 0.197 | Opp label coverage: 0.86
Step 3630433/5000000 | Win rate (rollout): 0.29 | Loss: 0.182 | Opp label coverage: 0.87
Step 3630950/5000000 | Win rate (rollout): 0.50 | Loss: 0.158 | Opp label coverage: 0.87
Step 3631462/5000000 | Win rate (rollout): 0.43 | Loss: 0.194 | Opp label coverage: 0.82
Step 3631975/5000000 | Win rate (rollout): 0.60 | Loss: 0.163 | Opp label coverage: 0.87
Step 3632487/5000000 | Win rate (rollout): 0.73 | Loss: 0.183 | Opp label coverage: 0.83
Step 3632999/5000000 | Win rate (rollout): 0.75 | Loss: 0.175 | Opp label coverage: 0.85
Step 3633514/5000000 | Win rate (rollout): 0.55 | Loss: 0.145 | Opp label coverage: 0.90
Step 3634028/5000000 | Win rate (rollout): 0.71 | Loss: 0.176 | Opp label coverage: 0.89
Step 3634540/5000000 | Win rate (rollout): 0.42 | Loss: 0.197 | Opp label coverage: 0.79
Step 3635052/5000000 | Win rate (rollout): 0.70 | Loss: 0.163 | Opp label coverage: 0.85
Step 3635564/5000000 | Win rate (rollout): 0.73 | Loss: 0.193 | Opp label coverage: 0.85
Step 3636078/5000000 | Win rate (rollout): 0.33 | Loss: 0.218 | Opp label coverage: 0.88
Step 3636597/5000000 | Win rate (rollout): 0.36 | Loss: 0.198 | Opp label coverage: 0.89
Step 3637109/5000000 | Win rate (rollout): 0.62 | Loss: 0.192 | Opp label coverage: 0.82
Step 3637621/5000000 | Win rate (rollout): 0.23 | Loss: 0.192 | Opp label coverage: 0.79
Step 3638140/5000000 | Win rate (rollout): 0.27 | Loss: 0.165 | Opp label coverage: 0.88
Step 3638652/5000000 | Win rate (rollout): 0.55 | Loss: 0.181 | Opp label coverage: 0.89
Step 3639164/5000000 | Win rate (rollout): 0.62 | Loss: 0.205 | Opp label coverage: 0.84
Step 3639676/5000000 | Win rate (rollout): 0.38 | Loss: 0.169 | Opp label coverage: 0.80
Step 3640188/5000000 | Win rate (rollout): 0.69 | Loss: 0.177 | Opp label coverage: 0.82
Step 3640700/5000000 | Win rate (rollout): 0.43 | Loss: 0.180 | Opp label coverage: 0.82
Step 3641212/5000000 | Win rate (rollout): 0.47 | Loss: 0.203 | Opp label coverage: 0.82
Step 3641724/5000000 | Win rate (rollout): 0.59 | Loss: 0.202 | Opp label coverage: 0.81
Step 3642236/5000000 | Win rate (rollout): 0.42 | Loss: 0.140 | Opp label coverage: 0.88
Step 3642748/5000000 | Win rate (rollout): 0.25 | Loss: 0.162 | Opp label coverage: 0.84
Step 3643260/5000000 | Win rate (rollout): 0.43 | Loss: 0.206 | Opp label coverage: 0.78
Step 3643776/5000000 | Win rate (rollout): 0.58 | Loss: 0.166 | Opp label coverage: 0.89
Step 3644288/5000000 | Win rate (rollout): 0.57 | Loss: 0.170 | Opp label coverage: 0.88
Step 3644800/5000000 | Win rate (rollout): 0.50 | Loss: 0.219 | Opp label coverage: 0.83
Step 3645312/5000000 | Win rate (rollout): 0.50 | Loss: 0.180 | Opp label coverage: 0.82
Step 3645827/5000000 | Win rate (rollout): 0.42 | Loss: 0.126 | Opp label coverage: 0.85
Step 3646344/5000000 | Win rate (rollout): 0.64 | Loss: 0.177 | Opp label coverage: 0.89
Step 3646858/5000000 | Win rate (rollout): 0.63 | Loss: 0.136 | Opp label coverage: 0.87
Step 3647372/5000000 | Win rate (rollout): 0.35 | Loss: 0.200 | Opp label coverage: 0.87
Step 3647888/5000000 | Win rate (rollout): 0.53 | Loss: 0.135 | Opp label coverage: 0.88
Step 3648406/5000000 | Win rate (rollout): 0.60 | Loss: 0.171 | Opp label coverage: 0.88
Step 3648918/5000000 | Win rate (rollout): 0.38 | Loss: 0.183 | Opp label coverage: 0.85
Step 3649435/5000000 | Win rate (rollout): 0.62 | Loss: 0.185 | Opp label coverage: 0.87
Step 3649947/5000000 | Win rate (rollout): 0.18 | Loss: 0.161 | Opp label coverage: 0.88
Step 3650459/5000000 | Win rate (rollout): 0.78 | Loss: 0.196 | Opp label coverage: 0.83
[checkpoint] Saved models/ppo/checkpoints/opp/ppo_step_3650491.pt
Step 3650971/5000000 | Win rate (rollout): 0.50 | Loss: 0.203 | Opp label coverage: 0.85
Step 3651483/5000000 | Win rate (rollout): 0.47 | Loss: 0.203 | Opp label coverage: 0.79
Step 3651995/5000000 | Win rate (rollout): 0.56 | Loss: 0.206 | Opp label coverage: 0.85
Step 3652507/5000000 | Win rate (rollout): 0.44 | Loss: 0.208 | Opp label coverage: 0.82
Step 3653024/5000000 | Win rate (rollout): 0.36 | Loss: 0.182 | Opp label coverage: 0.88
Step 3653543/5000000 | Win rate (rollout): 0.44 | Loss: 0.162 | Opp label coverage: 0.88
Step 3654055/5000000 | Win rate (rollout): 0.80 | Loss: 0.197 | Opp label coverage: 0.80
Step 3654567/5000000 | Win rate (rollout): 0.36 | Loss: 0.169 | Opp label coverage: 0.83
Step 3655079/5000000 | Win rate (rollout): 0.24 | Loss: 0.197 | Opp label coverage: 0.82
Step 3655591/5000000 | Win rate (rollout): 0.41 | Loss: 0.197 | Opp label coverage: 0.80
Step 3656103/5000000 | Win rate (rollout): 0.59 | Loss: 0.195 | Opp label coverage: 0.82
Step 3656619/5000000 | Win rate (rollout): 0.27 | Loss: 0.165 | Opp label coverage: 0.89
Step 3657135/5000000 | Win rate (rollout): 0.54 | Loss: 0.153 | Opp label coverage: 0.88
Step 3657649/5000000 | Win rate (rollout): 0.58 | Loss: 0.171 | Opp label coverage: 0.90
Step 3658164/5000000 | Win rate (rollout): 0.53 | Loss: 0.108 | Opp label coverage: 0.88
Step 3658676/5000000 | Win rate (rollout): 0.40 | Loss: 0.219 | Opp label coverage: 0.84
Step 3659188/5000000 | Win rate (rollout): 0.87 | Loss: 0.172 | Opp label coverage: 0.85
Step 3659702/5000000 | Win rate (rollout): 0.33 | Loss: 0.168 | Opp label coverage: 0.88
Step 3660220/5000000 | Win rate (rollout): 0.47 | Loss: 0.177 | Opp label coverage: 0.87
Step 3660734/5000000 | Win rate (rollout): 0.62 | Loss: 0.128 | Opp label coverage: 0.91
Step 3661251/5000000 | Win rate (rollout): 0.57 | Loss: 0.132 | Opp label coverage: 0.89
Step 3661763/5000000 | Win rate (rollout): 0.50 | Loss: 0.212 | Opp label coverage: 0.80
Step 3662275/5000000 | Win rate (rollout): 0.36 | Loss: 0.192 | Opp label coverage: 0.88
Step 3662788/5000000 | Win rate (rollout): 0.53 | Loss: 0.134 | Opp label coverage: 0.87
Step 3663300/5000000 | Win rate (rollout): 0.71 | Loss: 0.162 | Opp label coverage: 0.89
Step 3663812/5000000 | Win rate (rollout): 0.75 | Loss: 0.141 | Opp label coverage: 0.90
Step 3664331/5000000 | Win rate (rollout): 0.62 | Loss: 0.133 | Opp label coverage: 0.91
Step 3664845/5000000 | Win rate (rollout): 0.40 | Loss: 0.214 | Opp label coverage: 0.88
Step 3665357/5000000 | Win rate (rollout): 0.54 | Loss: 0.194 | Opp label coverage: 0.89
Step 3665869/5000000 | Win rate (rollout): 0.40 | Loss: 0.182 | Opp label coverage: 0.86
Step 3666382/5000000 | Win rate (rollout): 0.67 | Loss: 0.177 | Opp label coverage: 0.88
Step 3666894/5000000 | Win rate (rollout): 0.60 | Loss: 0.197 | Opp label coverage: 0.83
Step 3667406/5000000 | Win rate (rollout): 0.55 | Loss: 0.184 | Opp label coverage: 0.87
Step 3667918/5000000 | Win rate (rollout): 0.50 | Loss: 0.238 | Opp label coverage: 0.88
Step 3668433/5000000 | Win rate (rollout): 0.23 | Loss: 0.129 | Opp label coverage: 0.88
Step 3668946/5000000 | Win rate (rollout): 0.61 | Loss: 0.218 | Opp label coverage: 0.86
Step 3669462/5000000 | Win rate (rollout): 0.64 | Loss: 0.198 | Opp label coverage: 0.87
Step 3669974/5000000 | Win rate (rollout): 0.55 | Loss: 0.173 | Opp label coverage: 0.89
Step 3670486/5000000 | Win rate (rollout): 0.67 | Loss: 0.171 | Opp label coverage: 0.82
Step 3671001/5000000 | Win rate (rollout): 0.64 | Loss: 0.148 | Opp label coverage: 0.89
Step 3671517/5000000 | Win rate (rollout): 0.57 | Loss: 0.146 | Opp label coverage: 0.88
Step 3672029/5000000 | Win rate (rollout): 0.25 | Loss: 0.175 | Opp label coverage: 0.86
Step 3672543/5000000 | Win rate (rollout): 0.46 | Loss: 0.163 | Opp label coverage: 0.87
Step 3673055/5000000 | Win rate (rollout): 0.55 | Loss: 0.178 | Opp label coverage: 0.79
Step 3673567/5000000 | Win rate (rollout): 0.46 | Loss: 0.179 | Opp label coverage: 0.83
Step 3674079/5000000 | Win rate (rollout): 0.40 | Loss: 0.201 | Opp label coverage: 0.86
Step 3674592/5000000 | Win rate (rollout): 0.42 | Loss: 0.276 | Opp label coverage: 0.88
Step 3675104/5000000 | Win rate (rollout): 0.60 | Loss: 0.203 | Opp label coverage: 0.83
[checkpoint] Saved models/ppo/checkpoints/opp/ppo_step_3675496.pt
Step 3675616/5000000 | Win rate (rollout): 0.50 | Loss: 0.198 | Opp label coverage: 0.84
Step 3676133/5000000 | Win rate (rollout): 0.50 | Loss: 0.225 | Opp label coverage: 0.87
Step 3676645/5000000 | Win rate (rollout): 0.45 | Loss: 0.175 | Opp label coverage: 0.86
Step 3677157/5000000 | Win rate (rollout): 0.60 | Loss: 0.213 | Opp label coverage: 0.89
Step 3677669/5000000 | Win rate (rollout): 0.54 | Loss: 0.198 | Opp label coverage: 0.84
Step 3678181/5000000 | Win rate (rollout): 0.25 | Loss: 0.204 | Opp label coverage: 0.82
Step 3678693/5000000 | Win rate (rollout): 0.53 | Loss: 0.202 | Opp label coverage: 0.85
Step 3679205/5000000 | Win rate (rollout): 0.29 | Loss: 0.187 | Opp label coverage: 0.80
Step 3679720/5000000 | Win rate (rollout): 0.50 | Loss: 0.186 | Opp label coverage: 0.87
Step 3680232/5000000 | Win rate (rollout): 0.50 | Loss: 0.169 | Opp label coverage: 0.83
Step 3680748/5000000 | Win rate (rollout): 0.55 | Loss: 0.135 | Opp label coverage: 0.88
Step 3681260/5000000 | Win rate (rollout): 0.62 | Loss: 0.149 | Opp label coverage: 0.84
Step 3681772/5000000 | Win rate (rollout): 0.67 | Loss: 0.208 | Opp label coverage: 0.84
Step 3682284/5000000 | Win rate (rollout): 0.29 | Loss: 0.151 | Opp label coverage: 0.81
Step 3682798/5000000 | Win rate (rollout): 0.50 | Loss: 0.277 | Opp label coverage: 0.89
Step 3683315/5000000 | Win rate (rollout): 0.62 | Loss: 0.160 | Opp label coverage: 0.87
Step 3683829/5000000 | Win rate (rollout): 0.38 | Loss: 0.166 | Opp label coverage: 0.89
Step 3684348/5000000 | Win rate (rollout): 0.60 | Loss: 0.160 | Opp label coverage: 0.88
Step 3684860/5000000 | Win rate (rollout): 0.60 | Loss: 0.183 | Opp label coverage: 0.83
Step 3685378/5000000 | Win rate (rollout): 0.33 | Loss: 0.218 | Opp label coverage: 0.87
Step 3685894/5000000 | Win rate (rollout): 0.71 | Loss: 0.186 | Opp label coverage: 0.88
Step 3686406/5000000 | Win rate (rollout): 0.70 | Loss: 0.180 | Opp label coverage: 0.83
Step 3686918/5000000 | Win rate (rollout): 0.67 | Loss: 0.201 | Opp label coverage: 0.82
Step 3687430/5000000 | Win rate (rollout): 0.50 | Loss: 0.174 | Opp label coverage: 0.82
Step 3687942/5000000 | Win rate (rollout): 0.20 | Loss: 0.190 | Opp label coverage: 0.89
Step 3688454/5000000 | Win rate (rollout): 0.27 | Loss: 0.183 | Opp label coverage: 0.80
Step 3688970/5000000 | Win rate (rollout): 0.50 | Loss: 0.197 | Opp label coverage: 0.88
Step 3689487/5000000 | Win rate (rollout): 0.50 | Loss: 0.150 | Opp label coverage: 0.91
Step 3690005/5000000 | Win rate (rollout): 0.64 | Loss: 0.178 | Opp label coverage: 0.88
Step 3690520/5000000 | Win rate (rollout): 0.40 | Loss: 0.177 | Opp label coverage: 0.89
Step 3691037/5000000 | Win rate (rollout): 1.00 | Loss: 0.227 | Opp label coverage: 0.90
Step 3691549/5000000 | Win rate (rollout): 0.44 | Loss: 0.195 | Opp label coverage: 0.89
Step 3692065/5000000 | Win rate (rollout): 0.36 | Loss: 0.167 | Opp label coverage: 0.89
Step 3692583/5000000 | Win rate (rollout): 0.38 | Loss: 0.160 | Opp label coverage: 0.90
Step 3693095/5000000 | Win rate (rollout): 0.55 | Loss: 0.174 | Opp label coverage: 0.88
Step 3693613/5000000 | Win rate (rollout): 0.73 | Loss: 0.198 | Opp label coverage: 0.90
Step 3694125/5000000 | Win rate (rollout): 0.42 | Loss: 0.212 | Opp label coverage: 0.84
Step 3694637/5000000 | Win rate (rollout): 0.54 | Loss: 0.172 | Opp label coverage: 0.88
Step 3695149/5000000 | Win rate (rollout): 0.27 | Loss: 0.167 | Opp label coverage: 0.76
Step 3695661/5000000 | Win rate (rollout): 0.60 | Loss: 0.182 | Opp label coverage: 0.83
Step 3696176/5000000 | Win rate (rollout): 0.73 | Loss: 0.177 | Opp label coverage: 0.88
Step 3696689/5000000 | Win rate (rollout): 0.42 | Loss: 0.148 | Opp label coverage: 0.89
Step 3697202/5000000 | Win rate (rollout): 0.42 | Loss: 0.200 | Opp label coverage: 0.90
Step 3697719/5000000 | Win rate (rollout): 0.41 | Loss: 0.174 | Opp label coverage: 0.88
Step 3698231/5000000 | Win rate (rollout): 0.23 | Loss: 0.171 | Opp label coverage: 0.82
Step 3698747/5000000 | Win rate (rollout): 0.60 | Loss: 0.148 | Opp label coverage: 0.89
Step 3699260/5000000 | Win rate (rollout): 0.56 | Loss: 0.152 | Opp label coverage: 0.88
Step 3699777/5000000 | Win rate (rollout): 0.71 | Loss: 0.191 | Opp label coverage: 0.91
Step 3700289/5000000 | Win rate (rollout): 0.50 | Loss: 0.191 | Opp label coverage: 0.84
[checkpoint] Saved models/ppo/checkpoints/opp/ppo_step_3700497.pt
Step 3700802/5000000 | Win rate (rollout): 0.38 | Loss: 0.168 | Opp label coverage: 0.86
Step 3701314/5000000 | Win rate (rollout): 0.11 | Loss: 0.181 | Opp label coverage: 0.79
Step 3701827/5000000 | Win rate (rollout): 0.33 | Loss: 0.167 | Opp label coverage: 0.90
Step 3702339/5000000 | Win rate (rollout): 0.50 | Loss: 0.190 | Opp label coverage: 0.85
Step 3702853/5000000 | Win rate (rollout): 0.44 | Loss: 0.165 | Opp label coverage: 0.90
Step 3703365/5000000 | Win rate (rollout): 0.64 | Loss: 0.194 | Opp label coverage: 0.83
Step 3703877/5000000 | Win rate (rollout): 0.55 | Loss: 0.198 | Opp label coverage: 0.76
Step 3704389/5000000 | Win rate (rollout): 0.27 | Loss: 0.162 | Opp label coverage: 0.81
Step 3704907/5000000 | Win rate (rollout): 0.25 | Loss: 0.118 | Opp label coverage: 0.89
Step 3705422/5000000 | Win rate (rollout): 0.46 | Loss: 0.210 | Opp label coverage: 0.91
Step 3705938/5000000 | Win rate (rollout): 0.60 | Loss: 0.216 | Opp label coverage: 0.87
Step 3706450/5000000 | Win rate (rollout): 0.53 | Loss: 0.172 | Opp label coverage: 0.82
Step 3706962/5000000 | Win rate (rollout): 0.40 | Loss: 0.227 | Opp label coverage: 0.79
Step 3707474/5000000 | Win rate (rollout): 0.38 | Loss: 0.180 | Opp label coverage: 0.82
Step 3707987/5000000 | Win rate (rollout): 0.67 | Loss: 0.177 | Opp label coverage: 0.89
Step 3708499/5000000 | Win rate (rollout): 0.54 | Loss: 0.175 | Opp label coverage: 0.81
Step 3709011/5000000 | Win rate (rollout): 0.56 | Loss: 0.201 | Opp label coverage: 0.83
Step 3709526/5000000 | Win rate (rollout): 0.36 | Loss: 0.136 | Opp label coverage: 0.86
Step 3710040/5000000 | Win rate (rollout): 0.38 | Loss: 0.148 | Opp label coverage: 0.88
Step 3710552/5000000 | Win rate (rollout): 0.44 | Loss: 0.173 | Opp label coverage: 0.85
Step 3711064/5000000 | Win rate (rollout): 0.60 | Loss: 0.169 | Opp label coverage: 0.83
Step 3711576/5000000 | Win rate (rollout): 0.50 | Loss: 0.152 | Opp label coverage: 0.90
Step 3712088/5000000 | Win rate (rollout): 0.42 | Loss: 0.196 | Opp label coverage: 0.79
Step 3712600/5000000 | Win rate (rollout): 0.27 | Loss: 0.173 | Opp label coverage: 0.78
Step 3713117/5000000 | Win rate (rollout): 0.36 | Loss: 0.102 | Opp label coverage: 0.88
Step 3713629/5000000 | Win rate (rollout): 0.64 | Loss: 0.181 | Opp label coverage: 0.81
Step 3714142/5000000 | Win rate (rollout): 0.45 | Loss: 0.148 | Opp label coverage: 0.88
Step 3714654/5000000 | Win rate (rollout): 0.71 | Loss: 0.182 | Opp label coverage: 0.83
Step 3715171/5000000 | Win rate (rollout): 0.46 | Loss: 0.160 | Opp label coverage: 0.88
Step 3715687/5000000 | Win rate (rollout): 0.60 | Loss: 0.215 | Opp label coverage: 0.89
Step 3716205/5000000 | Win rate (rollout): 0.42 | Loss: 0.157 | Opp label coverage: 0.89
Step 3716717/5000000 | Win rate (rollout): 0.50 | Loss: 0.167 | Opp label coverage: 0.84
Step 3717234/5000000 | Win rate (rollout): 0.44 | Loss: 0.213 | Opp label coverage: 0.90
Step 3717746/5000000 | Win rate (rollout): 0.54 | Loss: 0.208 | Opp label coverage: 0.77
Step 3718263/5000000 | Win rate (rollout): 0.75 | Loss: 0.202 | Opp label coverage: 0.89
Step 3718779/5000000 | Win rate (rollout): 0.42 | Loss: 0.169 | Opp label coverage: 0.91
Step 3719291/5000000 | Win rate (rollout): 0.27 | Loss: 0.220 | Opp label coverage: 0.84
Step 3719809/5000000 | Win rate (rollout): 0.45 | Loss: 0.160 | Opp label coverage: 0.89
Step 3720321/5000000 | Win rate (rollout): 0.45 | Loss: 0.204 | Opp label coverage: 0.82
Step 3720833/5000000 | Win rate (rollout): 0.22 | Loss: 0.149 | Opp label coverage: 0.90
Step 3721345/5000000 | Win rate (rollout): 0.47 | Loss: 0.188 | Opp label coverage: 0.82
Step 3721861/5000000 | Win rate (rollout): 0.86 | Loss: 0.157 | Opp label coverage: 0.91
Step 3722379/5000000 | Win rate (rollout): 0.62 | Loss: 0.159 | Opp label coverage: 0.88
Step 3722891/5000000 | Win rate (rollout): 0.45 | Loss: 0.167 | Opp label coverage: 0.78
Step 3723403/5000000 | Win rate (rollout): 0.43 | Loss: 0.197 | Opp label coverage: 0.82
Step 3723921/5000000 | Win rate (rollout): 0.67 | Loss: 0.168 | Opp label coverage: 0.90
Step 3724434/5000000 | Win rate (rollout): 0.60 | Loss: 0.239 | Opp label coverage: 0.89
Step 3724946/5000000 | Win rate (rollout): 0.67 | Loss: 0.161 | Opp label coverage: 0.81
Step 3725458/5000000 | Win rate (rollout): 0.67 | Loss: 0.179 | Opp label coverage: 0.86
[checkpoint] Saved models/ppo/checkpoints/opp/ppo_step_3725501.pt
Step 3725974/5000000 | Win rate (rollout): 0.33 | Loss: 0.173 | Opp label coverage: 0.87
Step 3726488/5000000 | Win rate (rollout): 0.81 | Loss: 0.144 | Opp label coverage: 0.88
Step 3727000/5000000 | Win rate (rollout): 0.58 | Loss: 0.143 | Opp label coverage: 0.89
Step 3727512/5000000 | Win rate (rollout): 0.30 | Loss: 0.169 | Opp label coverage: 0.79
Step 3728026/5000000 | Win rate (rollout): 0.67 | Loss: 0.176 | Opp label coverage: 0.88
Step 3728538/5000000 | Win rate (rollout): 0.50 | Loss: 0.164 | Opp label coverage: 0.78
Step 3729057/5000000 | Win rate (rollout): 0.18 | Loss: 0.150 | Opp label coverage: 0.87
Step 3729569/5000000 | Win rate (rollout): 0.67 | Loss: 0.206 | Opp label coverage: 0.82
Step 3730087/5000000 | Win rate (rollout): 0.42 | Loss: 0.172 | Opp label coverage: 0.88
Step 3730599/5000000 | Win rate (rollout): 0.29 | Loss: 0.171 | Opp label coverage: 0.82
Step 3731111/5000000 | Win rate (rollout): 0.45 | Loss: 0.159 | Opp label coverage: 0.78
Step 3731623/5000000 | Win rate (rollout): 0.67 | Loss: 0.144 | Opp label coverage: 0.90
Step 3732135/5000000 | Win rate (rollout): 0.42 | Loss: 0.194 | Opp label coverage: 0.85
Step 3732652/5000000 | Win rate (rollout): 0.50 | Loss: 0.119 | Opp label coverage: 0.90
Step 3733164/5000000 | Win rate (rollout): 0.55 | Loss: 0.194 | Opp label coverage: 0.83
Step 3733676/5000000 | Win rate (rollout): 0.47 | Loss: 0.248 | Opp label coverage: 0.83
Step 3734190/5000000 | Win rate (rollout): 0.33 | Loss: 0.138 | Opp label coverage: 0.88
Step 3734702/5000000 | Win rate (rollout): 0.50 | Loss: 0.201 | Opp label coverage: 0.83
Step 3735215/5000000 | Win rate (rollout): 0.70 | Loss: 0.185 | Opp label coverage: 0.88
Step 3735727/5000000 | Win rate (rollout): 0.27 | Loss: 0.189 | Opp label coverage: 0.88
Step 3736239/5000000 | Win rate (rollout): 0.46 | Loss: 0.169 | Opp label coverage: 0.88
Step 3736755/5000000 | Win rate (rollout): 0.50 | Loss: 0.157 | Opp label coverage: 0.90
Step 3737272/5000000 | Win rate (rollout): 0.71 | Loss: 0.155 | Opp label coverage: 0.89
Step 3737784/5000000 | Win rate (rollout): 0.53 | Loss: 0.180 | Opp label coverage: 0.89
Step 3738296/5000000 | Win rate (rollout): 0.27 | Loss: 0.172 | Opp label coverage: 0.82
Step 3738810/5000000 | Win rate (rollout): 0.44 | Loss: 0.193 | Opp label coverage: 0.88
Step 3739322/5000000 | Win rate (rollout): 0.60 | Loss: 0.167 | Opp label coverage: 0.90
Step 3739834/5000000 | Win rate (rollout): 0.67 | Loss: 0.172 | Opp label coverage: 0.77
Step 3740346/5000000 | Win rate (rollout): 0.45 | Loss: 0.190 | Opp label coverage: 0.79
Step 3740864/5000000 | Win rate (rollout): 0.62 | Loss: 0.218 | Opp label coverage: 0.88
Step 3741376/5000000 | Win rate (rollout): 0.56 | Loss: 0.170 | Opp label coverage: 0.83
Step 3741888/5000000 | Win rate (rollout): 0.43 | Loss: 0.191 | Opp label coverage: 0.84
Step 3742400/5000000 | Win rate (rollout): 0.60 | Loss: 0.184 | Opp label coverage: 0.84
Step 3742912/5000000 | Win rate (rollout): 0.33 | Loss: 0.168 | Opp label coverage: 0.86
Step 3743424/5000000 | Win rate (rollout): 0.46 | Loss: 0.190 | Opp label coverage: 0.83
Step 3743939/5000000 | Win rate (rollout): 0.25 | Loss: 0.167 | Opp label coverage: 0.89
Step 3744458/5000000 | Win rate (rollout): 0.56 | Loss: 0.171 | Opp label coverage: 0.88
Step 3744974/5000000 | Win rate (rollout): 0.36 | Loss: 0.177 | Opp label coverage: 0.87
Step 3745488/5000000 | Win rate (rollout): 0.38 | Loss: 0.176 | Opp label coverage: 0.87
Step 3746000/5000000 | Win rate (rollout): 0.50 | Loss: 0.168 | Opp label coverage: 0.80
Step 3746512/5000000 | Win rate (rollout): 0.64 | Loss: 0.185 | Opp label coverage: 0.84
Step 3747024/5000000 | Win rate (rollout): 0.45 | Loss: 0.165 | Opp label coverage: 0.87
Step 3747536/5000000 | Win rate (rollout): 0.60 | Loss: 0.178 | Opp label coverage: 0.84
Step 3748048/5000000 | Win rate (rollout): 0.30 | Loss: 0.182 | Opp label coverage: 0.89
Step 3748560/5000000 | Win rate (rollout): 0.50 | Loss: 0.191 | Opp label coverage: 0.84
Step 3749072/5000000 | Win rate (rollout): 0.64 | Loss: 0.204 | Opp label coverage: 0.83
Step 3749590/5000000 | Win rate (rollout): 0.38 | Loss: 0.121 | Opp label coverage: 0.89
Step 3750107/5000000 | Win rate (rollout): 0.54 | Loss: 0.171 | Opp label coverage: 0.91
[checkpoint] Saved models/ppo/checkpoints/opp/ppo_step_3750507.pt
Step 3750619/5000000 | Win rate (rollout): 0.38 | Loss: 0.181 | Opp label coverage: 0.81
Step 3751131/5000000 | Win rate (rollout): 0.50 | Loss: 0.182 | Opp label coverage: 0.80
Step 3751643/5000000 | Win rate (rollout): 0.67 | Loss: 0.188 | Opp label coverage: 0.79
Step 3752155/5000000 | Win rate (rollout): 0.35 | Loss: 0.193 | Opp label coverage: 0.83
Step 3752667/5000000 | Win rate (rollout): 0.29 | Loss: 0.177 | Opp label coverage: 0.82
Step 3753182/5000000 | Win rate (rollout): 0.60 | Loss: 0.146 | Opp label coverage: 0.88
Step 3753694/5000000 | Win rate (rollout): 0.55 | Loss: 0.170 | Opp label coverage: 0.81
Step 3754206/5000000 | Win rate (rollout): 0.50 | Loss: 0.198 | Opp label coverage: 0.86
Step 3754718/5000000 | Win rate (rollout): 0.45 | Loss: 0.201 | Opp label coverage: 0.83
Step 3755233/5000000 | Win rate (rollout): 0.62 | Loss: 0.213 | Opp label coverage: 0.89
Step 3755745/5000000 | Win rate (rollout): 0.62 | Loss: 0.190 | Opp label coverage: 0.78
Step 3756257/5000000 | Win rate (rollout): 0.44 | Loss: 0.203 | Opp label coverage: 0.82
Step 3756769/5000000 | Win rate (rollout): 0.53 | Loss: 0.203 | Opp label coverage: 0.83
Step 3757281/5000000 | Win rate (rollout): 0.62 | Loss: 0.181 | Opp label coverage: 0.81
Step 3757798/5000000 | Win rate (rollout): 0.56 | Loss: 0.160 | Opp label coverage: 0.89
Step 3758311/5000000 | Win rate (rollout): 0.53 | Loss: 0.150 | Opp label coverage: 0.88
Step 3758827/5000000 | Win rate (rollout): 0.62 | Loss: 0.127 | Opp label coverage: 0.90
Step 3759339/5000000 | Win rate (rollout): 0.85 | Loss: 0.170 | Opp label coverage: 0.85
Step 3759851/5000000 | Win rate (rollout): 0.50 | Loss: 0.187 | Opp label coverage: 0.81
Step 3760363/5000000 | Win rate (rollout): 0.31 | Loss: 0.187 | Opp label coverage: 0.84
Step 3760879/5000000 | Win rate (rollout): 0.40 | Loss: 0.250 | Opp label coverage: 0.88
Step 3761392/5000000 | Win rate (rollout): 0.50 | Loss: 0.159 | Opp label coverage: 0.91
Step 3761904/5000000 | Win rate (rollout): 0.69 | Loss: 0.172 | Opp label coverage: 0.88
Step 3762416/5000000 | Win rate (rollout): 0.50 | Loss: 0.200 | Opp label coverage: 0.83
Step 3762928/5000000 | Win rate (rollout): 0.44 | Loss: 0.145 | Opp label coverage: 0.90
Step 3763440/5000000 | Win rate (rollout): 0.42 | Loss: 0.185 | Opp label coverage: 0.82
Step 3763954/5000000 | Win rate (rollout): 0.60 | Loss: 0.246 | Opp label coverage: 0.88
Step 3764466/5000000 | Win rate (rollout): 0.36 | Loss: 0.210 | Opp label coverage: 0.81
Step 3764984/5000000 | Win rate (rollout): 0.58 | Loss: 0.177 | Opp label coverage: 0.88
Step 3765498/5000000 | Win rate (rollout): 0.38 | Loss: 0.251 | Opp label coverage: 0.89
Step 3766013/5000000 | Win rate (rollout): 0.40 | Loss: 0.134 | Opp label coverage: 0.86
Step 3766525/5000000 | Win rate (rollout): 0.33 | Loss: 0.188 | Opp label coverage: 0.78
Step 3767043/5000000 | Win rate (rollout): 0.50 | Loss: 0.191 | Opp label coverage: 0.89
Step 3767555/5000000 | Win rate (rollout): 0.50 | Loss: 0.210 | Opp label coverage: 0.83
Step 3768067/5000000 | Win rate (rollout): 0.53 | Loss: 0.195 | Opp label coverage: 0.82
Step 3768584/5000000 | Win rate (rollout): 0.33 | Loss: 0.131 | Opp label coverage: 0.89
Step 3769100/5000000 | Win rate (rollout): 0.50 | Loss: 0.133 | Opp label coverage: 0.89
Step 3769612/5000000 | Win rate (rollout): 0.43 | Loss: 0.164 | Opp label coverage: 0.85
Step 3770127/5000000 | Win rate (rollout): 0.50 | Loss: 0.209 | Opp label coverage: 0.88
Step 3770644/5000000 | Win rate (rollout): 0.64 | Loss: 0.172 | Opp label coverage: 0.88
Step 3771163/5000000 | Win rate (rollout): 0.47 | Loss: 0.192 | Opp label coverage: 0.87
Step 3771680/5000000 | Win rate (rollout): 0.38 | Loss: 0.193 | Opp label coverage: 0.88
Step 3772199/5000000 | Win rate (rollout): 0.47 | Loss: 0.228 | Opp label coverage: 0.87
Step 3772711/5000000 | Win rate (rollout): 0.50 | Loss: 0.171 | Opp label coverage: 0.85
Step 3773223/5000000 | Win rate (rollout): 0.50 | Loss: 0.197 | Opp label coverage: 0.84
Step 3773741/5000000 | Win rate (rollout): 0.79 | Loss: 0.208 | Opp label coverage: 0.87
Step 3774253/5000000 | Win rate (rollout): 0.29 | Loss: 0.202 | Opp label coverage: 0.83
Step 3774769/5000000 | Win rate (rollout): 0.50 | Loss: 0.141 | Opp label coverage: 0.88
Step 3775281/5000000 | Win rate (rollout): 0.31 | Loss: 0.174 | Opp label coverage: 0.83
[checkpoint] Saved models/ppo/checkpoints/opp/ppo_step_3775513.pt
Step 3775793/5000000 | Win rate (rollout): 0.47 | Loss: 0.195 | Opp label coverage: 0.84
Step 3776305/5000000 | Win rate (rollout): 0.35 | Loss: 0.190 | Opp label coverage: 0.81
Step 3776817/5000000 | Win rate (rollout): 0.43 | Loss: 0.162 | Opp label coverage: 0.84
Step 3777329/5000000 | Win rate (rollout): 0.64 | Loss: 0.229 | Opp label coverage: 0.83
Step 3777847/5000000 | Win rate (rollout): 0.64 | Loss: 0.179 | Opp label coverage: 0.87
Step 3778359/5000000 | Win rate (rollout): 0.43 | Loss: 0.220 | Opp label coverage: 0.82
Step 3778871/5000000 | Win rate (rollout): 0.44 | Loss: 0.197 | Opp label coverage: 0.83
Step 3779383/5000000 | Win rate (rollout): 0.50 | Loss: 0.161 | Opp label coverage: 0.80
Step 3779895/5000000 | Win rate (rollout): 0.56 | Loss: 0.186 | Opp label coverage: 0.81
Step 3780407/5000000 | Win rate (rollout): 0.79 | Loss: 0.192 | Opp label coverage: 0.84
Step 3780919/5000000 | Win rate (rollout): 0.23 | Loss: 0.182 | Opp label coverage: 0.83
Step 3781431/5000000 | Win rate (rollout): 0.47 | Loss: 0.168 | Opp label coverage: 0.83
Step 3781944/5000000 | Win rate (rollout): 0.58 | Loss: 0.139 | Opp label coverage: 0.87
Step 3782456/5000000 | Win rate (rollout): 0.60 | Loss: 0.207 | Opp label coverage: 0.80
Step 3782968/5000000 | Win rate (rollout): 0.40 | Loss: 0.195 | Opp label coverage: 0.86
Step 3783480/5000000 | Win rate (rollout): 0.62 | Loss: 0.172 | Opp label coverage: 0.82
Step 3783997/5000000 | Win rate (rollout): 0.45 | Loss: 0.196 | Opp label coverage: 0.89
Step 3784509/5000000 | Win rate (rollout): 0.33 | Loss: 0.158 | Opp label coverage: 0.85
Step 3785021/5000000 | Win rate (rollout): 0.62 | Loss: 0.215 | Opp label coverage: 0.87
Step 3785533/5000000 | Win rate (rollout): 0.40 | Loss: 0.165 | Opp label coverage: 0.88
Step 3786045/5000000 | Win rate (rollout): 0.40 | Loss: 0.222 | Opp label coverage: 0.81
Step 3786560/5000000 | Win rate (rollout): 0.45 | Loss: 0.136 | Opp label coverage: 0.89
Step 3787072/5000000 | Win rate (rollout): 0.31 | Loss: 0.197 | Opp label coverage: 0.85
Step 3787584/5000000 | Win rate (rollout): 0.80 | Loss: 0.193 | Opp label coverage: 0.88
Step 3788101/5000000 | Win rate (rollout): 0.44 | Loss: 0.145 | Opp label coverage: 0.87
Step 3788613/5000000 | Win rate (rollout): 0.20 | Loss: 0.215 | Opp label coverage: 0.80
Step 3789125/5000000 | Win rate (rollout): 0.42 | Loss: 0.181 | Opp label coverage: 0.84
Step 3789637/5000000 | Win rate (rollout): 0.64 | Loss: 0.197 | Opp label coverage: 0.86
Step 3790149/5000000 | Win rate (rollout): 0.67 | Loss: 0.186 | Opp label coverage: 0.85
Step 3790667/5000000 | Win rate (rollout): 0.50 | Loss: 0.149 | Opp label coverage: 0.88
Step 3791184/5000000 | Win rate (rollout): 0.46 | Loss: 0.226 | Opp label coverage: 0.89
Step 3791696/5000000 | Win rate (rollout): 0.47 | Loss: 0.214 | Opp label coverage: 0.83
Step 3792208/5000000 | Win rate (rollout): 0.50 | Loss: 0.160 | Opp label coverage: 0.88
Step 3792720/5000000 | Win rate (rollout): 0.13 | Loss: 0.231 | Opp label coverage: 0.84
Step 3793232/5000000 | Win rate (rollout): 0.33 | Loss: 0.202 | Opp label coverage: 0.82
Step 3793744/5000000 | Win rate (rollout): 0.53 | Loss: 0.203 | Opp label coverage: 0.82
Step 3794260/5000000 | Win rate (rollout): 0.67 | Loss: 0.155 | Opp label coverage: 0.89
Step 3794773/5000000 | Win rate (rollout): 0.41 | Loss: 0.258 | Opp label coverage: 0.87
Step 3795285/5000000 | Win rate (rollout): 0.54 | Loss: 0.210 | Opp label coverage: 0.83
Step 3795798/5000000 | Win rate (rollout): 0.45 | Loss: 0.188 | Opp label coverage: 0.88
Step 3796310/5000000 | Win rate (rollout): 0.44 | Loss: 0.167 | Opp label coverage: 0.83
Step 3796827/5000000 | Win rate (rollout): 0.55 | Loss: 0.216 | Opp label coverage: 0.89
Step 3797341/5000000 | Win rate (rollout): 0.57 | Loss: 0.148 | Opp label coverage: 0.88
Step 3797854/5000000 | Win rate (rollout): 0.43 | Loss: 0.152 | Opp label coverage: 0.87
Step 3798366/5000000 | Win rate (rollout): 0.56 | Loss: 0.187 | Opp label coverage: 0.83
Step 3798883/5000000 | Win rate (rollout): 0.70 | Loss: 0.160 | Opp label coverage: 0.88
Step 3799395/5000000 | Win rate (rollout): 0.25 | Loss: 0.185 | Opp label coverage: 0.86
Step 3799907/5000000 | Win rate (rollout): 0.70 | Loss: 0.170 | Opp label coverage: 0.81
Step 3800422/5000000 | Win rate (rollout): 0.22 | Loss: 0.231 | Opp label coverage: 0.88
[checkpoint] Saved models/ppo/checkpoints/opp/ppo_step_3800520.pt
Step 3800937/5000000 | Win rate (rollout): 0.69 | Loss: 0.203 | Opp label coverage: 0.89
Step 3801454/5000000 | Win rate (rollout): 0.50 | Loss: 0.187 | Opp label coverage: 0.86
Step 3801966/5000000 | Win rate (rollout): 0.45 | Loss: 0.195 | Opp label coverage: 0.80
Step 3802478/5000000 | Win rate (rollout): 0.50 | Loss: 0.186 | Opp label coverage: 0.80
Step 3802995/5000000 | Win rate (rollout): 0.50 | Loss: 0.203 | Opp label coverage: 0.87
Step 3803507/5000000 | Win rate (rollout): 0.38 | Loss: 0.199 | Opp label coverage: 0.84
Step 3804019/5000000 | Win rate (rollout): 0.62 | Loss: 0.189 | Opp label coverage: 0.79
Step 3804531/5000000 | Win rate (rollout): 0.38 | Loss: 0.184 | Opp label coverage: 0.83
Step 3805046/5000000 | Win rate (rollout): 0.45 | Loss: 0.096 | Opp label coverage: 0.88
Step 3805565/5000000 | Win rate (rollout): 0.60 | Loss: 0.193 | Opp label coverage: 0.87
Step 3806077/5000000 | Win rate (rollout): 0.50 | Loss: 0.219 | Opp label coverage: 0.81
Step 3806589/5000000 | Win rate (rollout): 0.50 | Loss: 0.199 | Opp label coverage: 0.84
Step 3807101/5000000 | Win rate (rollout): 0.78 | Loss: 0.214 | Opp label coverage: 0.85
Step 3807615/5000000 | Win rate (rollout): 0.33 | Loss: 0.237 | Opp label coverage: 0.88
Step 3808133/5000000 | Win rate (rollout): 0.50 | Loss: 0.161 | Opp label coverage: 0.91
Step 3808648/5000000 | Win rate (rollout): 0.60 | Loss: 0.164 | Opp label coverage: 0.88
Step 3809165/5000000 | Win rate (rollout): 0.64 | Loss: 0.146 | Opp label coverage: 0.88
Step 3809678/5000000 | Win rate (rollout): 0.57 | Loss: 0.284 | Opp label coverage: 0.91
Step 3810190/5000000 | Win rate (rollout): 0.69 | Loss: 0.196 | Opp label coverage: 0.83
Step 3810702/5000000 | Win rate (rollout): 0.60 | Loss: 0.167 | Opp label coverage: 0.90
Step 3811214/5000000 | Win rate (rollout): 0.58 | Loss: 0.164 | Opp label coverage: 0.83
Step 3811731/5000000 | Win rate (rollout): 0.50 | Loss: 0.146 | Opp label coverage: 0.89
Step 3812249/5000000 | Win rate (rollout): 0.73 | Loss: 0.236 | Opp label coverage: 0.90
Step 3812764/5000000 | Win rate (rollout): 0.38 | Loss: 0.142 | Opp label coverage: 0.90
Step 3813276/5000000 | Win rate (rollout): 0.60 | Loss: 0.168 | Opp label coverage: 0.86
Step 3813788/5000000 | Win rate (rollout): 0.57 | Loss: 0.188 | Opp label coverage: 0.84
Step 3814304/5000000 | Win rate (rollout): 0.67 | Loss: 0.195 | Opp label coverage: 0.88
Step 3814819/5000000 | Win rate (rollout): 0.50 | Loss: 0.150 | Opp label coverage: 0.89
Step 3815331/5000000 | Win rate (rollout): 0.38 | Loss: 0.204 | Opp label coverage: 0.82
Step 3815849/5000000 | Win rate (rollout): 0.67 | Loss: 0.185 | Opp label coverage: 0.87
Step 3816368/5000000 | Win rate (rollout): 0.59 | Loss: 0.204 | Opp label coverage: 0.88
Step 3816886/5000000 | Win rate (rollout): 0.62 | Loss: 0.144 | Opp label coverage: 0.89
Step 3817398/5000000 | Win rate (rollout): 0.56 | Loss: 0.168 | Opp label coverage: 0.83
Step 3817915/5000000 | Win rate (rollout): 0.62 | Loss: 0.188 | Opp label coverage: 0.87
Step 3818431/5000000 | Win rate (rollout): 0.29 | Loss: 0.114 | Opp label coverage: 0.87
Step 3818946/5000000 | Win rate (rollout): 0.44 | Loss: 0.114 | Opp label coverage: 0.89
Step 3819458/5000000 | Win rate (rollout): 0.50 | Loss: 0.219 | Opp label coverage: 0.82
Step 3819970/5000000 | Win rate (rollout): 0.50 | Loss: 0.188 | Opp label coverage: 0.89
Step 3820482/5000000 | Win rate (rollout): 0.53 | Loss: 0.184 | Opp label coverage: 0.83
Step 3820997/5000000 | Win rate (rollout): 0.27 | Loss: 0.131 | Opp label coverage: 0.88
Step 3821509/5000000 | Win rate (rollout): 0.80 | Loss: 0.197 | Opp label coverage: 0.81
Step 3822021/5000000 | Win rate (rollout): 0.55 | Loss: 0.162 | Opp label coverage: 0.90
Step 3822533/5000000 | Win rate (rollout): 0.40 | Loss: 0.207 | Opp label coverage: 0.83
Step 3823045/5000000 | Win rate (rollout): 0.50 | Loss: 0.167 | Opp label coverage: 0.86
Step 3823558/5000000 | Win rate (rollout): 0.45 | Loss: 0.159 | Opp label coverage: 0.88
Step 3824070/5000000 | Win rate (rollout): 0.43 | Loss: 0.203 | Opp label coverage: 0.85
Step 3824582/5000000 | Win rate (rollout): 0.39 | Loss: 0.172 | Opp label coverage: 0.83
Step 3825101/5000000 | Win rate (rollout): 0.33 | Loss: 0.173 | Opp label coverage: 0.88
[checkpoint] Saved models/ppo/checkpoints/opp/ppo_step_3825522.pt
Step 3825616/5000000 | Win rate (rollout): 0.47 | Loss: 0.142 | Opp label coverage: 0.88
Step 3826128/5000000 | Win rate (rollout): 0.70 | Loss: 0.208 | Opp label coverage: 0.81
Step 3826642/5000000 | Win rate (rollout): 0.58 | Loss: 0.193 | Opp label coverage: 0.90
Step 3827155/5000000 | Win rate (rollout): 0.54 | Loss: 0.204 | Opp label coverage: 0.88
Step 3827668/5000000 | Win rate (rollout): 0.64 | Loss: 0.171 | Opp label coverage: 0.88
Step 3828180/5000000 | Win rate (rollout): 0.64 | Loss: 0.174 | Opp label coverage: 0.85
Step 3828696/5000000 | Win rate (rollout): 0.30 | Loss: 0.156 | Opp label coverage: 0.90
Step 3829212/5000000 | Win rate (rollout): 0.53 | Loss: 0.219 | Opp label coverage: 0.87
Step 3829728/5000000 | Win rate (rollout): 0.27 | Loss: 0.180 | Opp label coverage: 0.88
Step 3830240/5000000 | Win rate (rollout): 0.54 | Loss: 0.181 | Opp label coverage: 0.85
Step 3830752/5000000 | Win rate (rollout): 0.78 | Loss: 0.160 | Opp label coverage: 0.86
Step 3831264/5000000 | Win rate (rollout): 0.33 | Loss: 0.178 | Opp label coverage: 0.86
Step 3831776/5000000 | Win rate (rollout): 0.56 | Loss: 0.152 | Opp label coverage: 0.82
Step 3832288/5000000 | Win rate (rollout): 0.20 | Loss: 0.203 | Opp label coverage: 0.81
Step 3832800/5000000 | Win rate (rollout): 0.29 | Loss: 0.178 | Opp label coverage: 0.84
Step 3833314/5000000 | Win rate (rollout): 0.56 | Loss: 0.151 | Opp label coverage: 0.89
Step 3833827/5000000 | Win rate (rollout): 0.36 | Loss: 0.095 | Opp label coverage: 0.90
Step 3834339/5000000 | Win rate (rollout): 0.43 | Loss: 0.210 | Opp label coverage: 0.80
Step 3834851/5000000 | Win rate (rollout): 0.56 | Loss: 0.198 | Opp label coverage: 0.78
Step 3835363/5000000 | Win rate (rollout): 0.22 | Loss: 0.194 | Opp label coverage: 0.81
Step 3835875/5000000 | Win rate (rollout): 0.53 | Loss: 0.188 | Opp label coverage: 0.85
Step 3836393/5000000 | Win rate (rollout): 0.58 | Loss: 0.182 | Opp label coverage: 0.88
Step 3836909/5000000 | Win rate (rollout): 0.59 | Loss: 0.193 | Opp label coverage: 0.88
Step 3837421/5000000 | Win rate (rollout): 0.40 | Loss: 0.176 | Opp label coverage: 0.84
Step 3837937/5000000 | Win rate (rollout): 0.55 | Loss: 0.171 | Opp label coverage: 0.88
Step 3838451/5000000 | Win rate (rollout): 0.40 | Loss: 0.142 | Opp label coverage: 0.87
Step 3838963/5000000 | Win rate (rollout): 0.82 | Loss: 0.198 | Opp label coverage: 0.85
Step 3839481/5000000 | Win rate (rollout): 0.56 | Loss: 0.164 | Opp label coverage: 0.91
Step 3839993/5000000 | Win rate (rollout): 0.42 | Loss: 0.174 | Opp label coverage: 0.85
Step 3840505/5000000 | Win rate (rollout): 0.60 | Loss: 0.199 | Opp label coverage: 0.83
Step 3841017/5000000 | Win rate (rollout): 0.30 | Loss: 0.197 | Opp label coverage: 0.79
Step 3841530/5000000 | Win rate (rollout): 0.50 | Loss: 0.252 | Opp label coverage: 0.90
Step 3842042/5000000 | Win rate (rollout): 0.60 | Loss: 0.167 | Opp label coverage: 0.85
Step 3842554/5000000 | Win rate (rollout): 0.38 | Loss: 0.178 | Opp label coverage: 0.85
Step 3843066/5000000 | Win rate (rollout): 0.26 | Loss: 0.185 | Opp label coverage: 0.81
Step 3843585/5000000 | Win rate (rollout): 0.70 | Loss: 0.224 | Opp label coverage: 0.88
Step 3844097/5000000 | Win rate (rollout): 0.54 | Loss: 0.203 | Opp label coverage: 0.83
Step 3844614/5000000 | Win rate (rollout): 0.27 | Loss: 0.200 | Opp label coverage: 0.87
Step 3845126/5000000 | Win rate (rollout): 0.67 | Loss: 0.172 | Opp label coverage: 0.85
Step 3845638/5000000 | Win rate (rollout): 0.56 | Loss: 0.171 | Opp label coverage: 0.79
Step 3846150/5000000 | Win rate (rollout): 0.64 | Loss: 0.165 | Opp label coverage: 0.84
Step 3846662/5000000 | Win rate (rollout): 0.45 | Loss: 0.151 | Opp label coverage: 0.84
Step 3847174/5000000 | Win rate (rollout): 0.67 | Loss: 0.183 | Opp label coverage: 0.83
Step 3847686/5000000 | Win rate (rollout): 0.43 | Loss: 0.208 | Opp label coverage: 0.83
Step 3848198/5000000 | Win rate (rollout): 0.56 | Loss: 0.175 | Opp label coverage: 0.88
Step 3848710/5000000 | Win rate (rollout): 0.53 | Loss: 0.176 | Opp label coverage: 0.87
Step 3849222/5000000 | Win rate (rollout): 0.36 | Loss: 0.207 | Opp label coverage: 0.82
Step 3849735/5000000 | Win rate (rollout): 0.67 | Loss: 0.204 | Opp label coverage: 0.90
Step 3850252/5000000 | Win rate (rollout): 0.65 | Loss: 0.206 | Opp label coverage: 0.89
[checkpoint] Saved models/ppo/checkpoints/opp/ppo_step_3850526.pt
Step 3850764/5000000 | Win rate (rollout): 0.64 | Loss: 0.183 | Opp label coverage: 0.89
Step 3851276/5000000 | Win rate (rollout): 0.70 | Loss: 0.165 | Opp label coverage: 0.82
Step 3851792/5000000 | Win rate (rollout): 0.55 | Loss: 0.159 | Opp label coverage: 0.89
Step 3852304/5000000 | Win rate (rollout): 0.57 | Loss: 0.192 | Opp label coverage: 0.84
Step 3852816/5000000 | Win rate (rollout): 0.22 | Loss: 0.184 | Opp label coverage: 0.88
Step 3853328/5000000 | Win rate (rollout): 0.67 | Loss: 0.187 | Opp label coverage: 0.80
Step 3853840/5000000 | Win rate (rollout): 0.71 | Loss: 0.210 | Opp label coverage: 0.82
Step 3854352/5000000 | Win rate (rollout): 0.56 | Loss: 0.180 | Opp label coverage: 0.83
Step 3854864/5000000 | Win rate (rollout): 0.44 | Loss: 0.152 | Opp label coverage: 0.86
Step 3855376/5000000 | Win rate (rollout): 0.47 | Loss: 0.202 | Opp label coverage: 0.80
Step 3855891/5000000 | Win rate (rollout): 0.42 | Loss: 0.202 | Opp label coverage: 0.87
Step 3856403/5000000 | Win rate (rollout): 0.43 | Loss: 0.198 | Opp label coverage: 0.83
Step 3856915/5000000 | Win rate (rollout): 0.67 | Loss: 0.183 | Opp label coverage: 0.87
Step 3857432/5000000 | Win rate (rollout): 0.30 | Loss: 0.187 | Opp label coverage: 0.86
Step 3857944/5000000 | Win rate (rollout): 0.67 | Loss: 0.177 | Opp label coverage: 0.82
Step 3858457/5000000 | Win rate (rollout): 0.50 | Loss: 0.100 | Opp label coverage: 0.86
Step 3858970/5000000 | Win rate (rollout): 0.41 | Loss: 0.108 | Opp label coverage: 0.87
Step 3859482/5000000 | Win rate (rollout): 0.70 | Loss: 0.177 | Opp label coverage: 0.80
Step 3860001/5000000 | Win rate (rollout): 0.38 | Loss: 0.216 | Opp label coverage: 0.88
Step 3860513/5000000 | Win rate (rollout): 0.43 | Loss: 0.193 | Opp label coverage: 0.88
Step 3861025/5000000 | Win rate (rollout): 0.33 | Loss: 0.185 | Opp label coverage: 0.85
Step 3861537/5000000 | Win rate (rollout): 0.58 | Loss: 0.173 | Opp label coverage: 0.86
Step 3862051/5000000 | Win rate (rollout): 0.46 | Loss: 0.184 | Opp label coverage: 0.88
Step 3862563/5000000 | Win rate (rollout): 0.85 | Loss: 0.213 | Opp label coverage: 0.86
Step 3863079/5000000 | Win rate (rollout): 0.58 | Loss: 0.174 | Opp label coverage: 0.88
Step 3863598/5000000 | Win rate (rollout): 0.53 | Loss: 0.206 | Opp label coverage: 0.87
Step 3864110/5000000 | Win rate (rollout): 0.31 | Loss: 0.180 | Opp label coverage: 0.84
Step 3864622/5000000 | Win rate (rollout): 0.50 | Loss: 0.168 | Opp label coverage: 0.83
Step 3865137/5000000 | Win rate (rollout): 0.33 | Loss: 0.165 | Opp label coverage: 0.89
Step 3865655/5000000 | Win rate (rollout): 0.43 | Loss: 0.182 | Opp label coverage: 0.89
Step 3866171/5000000 | Win rate (rollout): 0.53 | Loss: 0.207 | Opp label coverage: 0.89
Step 3866684/5000000 | Win rate (rollout): 0.08 | Loss: 0.116 | Opp label coverage: 0.88
Step 3867201/5000000 | Win rate (rollout): 0.29 | Loss: 0.167 | Opp label coverage: 0.87
Step 3867713/5000000 | Win rate (rollout): 0.60 | Loss: 0.200 | Opp label coverage: 0.85
Step 3868230/5000000 | Win rate (rollout): 0.70 | Loss: 0.141 | Opp label coverage: 0.89
Step 3868742/5000000 | Win rate (rollout): 0.50 | Loss: 0.203 | Opp label coverage: 0.83
Step 3869254/5000000 | Win rate (rollout): 0.50 | Loss: 0.173 | Opp label coverage: 0.84
Step 3869766/5000000 | Win rate (rollout): 0.17 | Loss: 0.185 | Opp label coverage: 0.84
Step 3870279/5000000 | Win rate (rollout): 0.27 | Loss: 0.123 | Opp label coverage: 0.88
Step 3870792/5000000 | Win rate (rollout): 0.50 | Loss: 0.083 | Opp label coverage: 0.88
Step 3871309/5000000 | Win rate (rollout): 0.56 | Loss: 0.169 | Opp label coverage: 0.88
Step 3871821/5000000 | Win rate (rollout): 0.53 | Loss: 0.198 | Opp label coverage: 0.82
Step 3872333/5000000 | Win rate (rollout): 0.44 | Loss: 0.150 | Opp label coverage: 0.83
Step 3872845/5000000 | Win rate (rollout): 0.55 | Loss: 0.180 | Opp label coverage: 0.81
Step 3873360/5000000 | Win rate (rollout): 0.54 | Loss: 0.177 | Opp label coverage: 0.89
Step 3873879/5000000 | Win rate (rollout): 0.36 | Loss: 0.134 | Opp label coverage: 0.88
Step 3874391/5000000 | Win rate (rollout): 0.33 | Loss: 0.185 | Opp label coverage: 0.83
Step 3874903/5000000 | Win rate (rollout): 0.53 | Loss: 0.218 | Opp label coverage: 0.84
Step 3875415/5000000 | Win rate (rollout): 0.56 | Loss: 0.181 | Opp label coverage: 0.83
[checkpoint] Saved models/ppo/checkpoints/opp/ppo_step_3875527.pt
Step 3875927/5000000 | Win rate (rollout): 0.23 | Loss: 0.164 | Opp label coverage: 0.84
Step 3876443/5000000 | Win rate (rollout): 0.20 | Loss: 0.241 | Opp label coverage: 0.87
Step 3876955/5000000 | Win rate (rollout): 0.15 | Loss: 0.151 | Opp label coverage: 0.82
Step 3877469/5000000 | Win rate (rollout): 0.27 | Loss: 0.133 | Opp label coverage: 0.87
Step 3877987/5000000 | Win rate (rollout): 0.71 | Loss: 0.215 | Opp label coverage: 0.88
Step 3878503/5000000 | Win rate (rollout): 0.33 | Loss: 0.189 | Opp label coverage: 0.90
Step 3879018/5000000 | Win rate (rollout): 0.50 | Loss: 0.223 | Opp label coverage: 0.89
Step 3879531/5000000 | Win rate (rollout): 0.44 | Loss: 0.137 | Opp label coverage: 0.88
Step 3880048/5000000 | Win rate (rollout): 0.38 | Loss: 0.186 | Opp label coverage: 0.87
Step 3880561/5000000 | Win rate (rollout): 0.54 | Loss: 0.146 | Opp label coverage: 0.88
Step 3881075/5000000 | Win rate (rollout): 0.85 | Loss: 0.144 | Opp label coverage: 0.89
Step 3881587/5000000 | Win rate (rollout): 0.55 | Loss: 0.163 | Opp label coverage: 0.86
Step 3882099/5000000 | Win rate (rollout): 0.62 | Loss: 0.181 | Opp label coverage: 0.84
Step 3882618/5000000 | Win rate (rollout): 0.56 | Loss: 0.218 | Opp label coverage: 0.89
Step 3883136/5000000 | Win rate (rollout): 0.54 | Loss: 0.141 | Opp label coverage: 0.89
Step 3883649/5000000 | Win rate (rollout): 0.60 | Loss: 0.215 | Opp label coverage: 0.89
Step 3884161/5000000 | Win rate (rollout): 0.38 | Loss: 0.189 | Opp label coverage: 0.85
Step 3884673/5000000 | Win rate (rollout): 0.50 | Loss: 0.188 | Opp label coverage: 0.83
Step 3885185/5000000 | Win rate (rollout): 0.43 | Loss: 0.186 | Opp label coverage: 0.85
Step 3885700/5000000 | Win rate (rollout): 0.67 | Loss: 0.130 | Opp label coverage: 0.88
Step 3886212/5000000 | Win rate (rollout): 0.40 | Loss: 0.172 | Opp label coverage: 0.84
Step 3886730/5000000 | Win rate (rollout): 0.47 | Loss: 0.193 | Opp label coverage: 0.87
Step 3887247/5000000 | Win rate (rollout): 0.47 | Loss: 0.144 | Opp label coverage: 0.88
Step 3887765/5000000 | Win rate (rollout): 0.42 | Loss: 0.117 | Opp label coverage: 0.88
Step 3888277/5000000 | Win rate (rollout): 0.40 | Loss: 0.210 | Opp label coverage: 0.83
Step 3888792/5000000 | Win rate (rollout): 0.54 | Loss: 0.157 | Opp label coverage: 0.87
Step 3889308/5000000 | Win rate (rollout): 0.67 | Loss: 0.184 | Opp label coverage: 0.89
Step 3889824/5000000 | Win rate (rollout): 0.60 | Loss: 0.175 | Opp label coverage: 0.87
Step 3890336/5000000 | Win rate (rollout): 0.56 | Loss: 0.169 | Opp label coverage: 0.84
Step 3890850/5000000 | Win rate (rollout): 0.46 | Loss: 0.228 | Opp label coverage: 0.88
Step 3891367/5000000 | Win rate (rollout): 0.47 | Loss: 0.175 | Opp label coverage: 0.88
Step 3891879/5000000 | Win rate (rollout): 0.42 | Loss: 0.184 | Opp label coverage: 0.83
Step 3892393/5000000 | Win rate (rollout): 0.50 | Loss: 0.277 | Opp label coverage: 0.87
Step 3892909/5000000 | Win rate (rollout): 0.47 | Loss: 0.184 | Opp label coverage: 0.87
Step 3893428/5000000 | Win rate (rollout): 0.50 | Loss: 0.172 | Opp label coverage: 0.88
Step 3893940/5000000 | Win rate (rollout): 0.43 | Loss: 0.167 | Opp label coverage: 0.84
Step 3894455/5000000 | Win rate (rollout): 0.36 | Loss: 0.195 | Opp label coverage: 0.88
Step 3894967/5000000 | Win rate (rollout): 0.67 | Loss: 0.199 | Opp label coverage: 0.81
Step 3895483/5000000 | Win rate (rollout): 0.75 | Loss: 0.159 | Opp label coverage: 0.88
Step 3895998/5000000 | Win rate (rollout): 0.56 | Loss: 0.195 | Opp label coverage: 0.87
Step 3896510/5000000 | Win rate (rollout): 0.53 | Loss: 0.219 | Opp label coverage: 0.84
Step 3897029/5000000 | Win rate (rollout): 0.46 | Loss: 0.193 | Opp label coverage: 0.88
Step 3897541/5000000 | Win rate (rollout): 0.75 | Loss: 0.163 | Opp label coverage: 0.89
Step 3898055/5000000 | Win rate (rollout): 0.47 | Loss: 0.109 | Opp label coverage: 0.88
Step 3898569/5000000 | Win rate (rollout): 0.62 | Loss: 0.144 | Opp label coverage: 0.88
Step 3899081/5000000 | Win rate (rollout): 0.62 | Loss: 0.182 | Opp label coverage: 0.81
Step 3899593/5000000 | Win rate (rollout): 0.69 | Loss: 0.192 | Opp label coverage: 0.79
Step 3900105/5000000 | Win rate (rollout): 0.55 | Loss: 0.205 | Opp label coverage: 0.82
[checkpoint] Saved models/ppo/checkpoints/opp/ppo_step_3900531.pt
Step 3900617/5000000 | Win rate (rollout): 0.67 | Loss: 0.156 | Opp label coverage: 0.89
Step 3901132/5000000 | Win rate (rollout): 0.60 | Loss: 0.265 | Opp label coverage: 0.87
Step 3901644/5000000 | Win rate (rollout): 0.43 | Loss: 0.195 | Opp label coverage: 0.85
Step 3902160/5000000 | Win rate (rollout): 0.42 | Loss: 0.185 | Opp label coverage: 0.88
Step 3902672/5000000 | Win rate (rollout): 0.40 | Loss: 0.170 | Opp label coverage: 0.84
Step 3903184/5000000 | Win rate (rollout): 0.70 | Loss: 0.178 | Opp label coverage: 0.80
Step 3903701/5000000 | Win rate (rollout): 0.54 | Loss: 0.131 | Opp label coverage: 0.87
Step 3904218/5000000 | Win rate (rollout): 0.33 | Loss: 0.169 | Opp label coverage: 0.86
Step 3904732/5000000 | Win rate (rollout): 0.67 | Loss: 0.243 | Opp label coverage: 0.91
Step 3905250/5000000 | Win rate (rollout): 0.79 | Loss: 0.152 | Opp label coverage: 0.89
Step 3905762/5000000 | Win rate (rollout): 0.50 | Loss: 0.183 | Opp label coverage: 0.83
Step 3906274/5000000 | Win rate (rollout): 0.62 | Loss: 0.184 | Opp label coverage: 0.86
Step 3906786/5000000 | Win rate (rollout): 0.56 | Loss: 0.203 | Opp label coverage: 0.84
Step 3907298/5000000 | Win rate (rollout): 0.47 | Loss: 0.210 | Opp label coverage: 0.82
Step 3907810/5000000 | Win rate (rollout): 0.73 | Loss: 0.163 | Opp label coverage: 0.86
Step 3908325/5000000 | Win rate (rollout): 0.67 | Loss: 0.133 | Opp label coverage: 0.89
Step 3908837/5000000 | Win rate (rollout): 0.36 | Loss: 0.186 | Opp label coverage: 0.84
Step 3909352/5000000 | Win rate (rollout): 0.20 | Loss: 0.104 | Opp label coverage: 0.88
Step 3909864/5000000 | Win rate (rollout): 0.40 | Loss: 0.186 | Opp label coverage: 0.83
Step 3910376/5000000 | Win rate (rollout): 0.42 | Loss: 0.206 | Opp label coverage: 0.79
Step 3910888/5000000 | Win rate (rollout): 0.56 | Loss: 0.204 | Opp label coverage: 0.79
Step 3911400/5000000 | Win rate (rollout): 0.38 | Loss: 0.218 | Opp label coverage: 0.81
Step 3911914/5000000 | Win rate (rollout): 0.27 | Loss: 0.209 | Opp label coverage: 0.87
Step 3912426/5000000 | Win rate (rollout): 0.45 | Loss: 0.187 | Opp label coverage: 0.82
Step 3912938/5000000 | Win rate (rollout): 0.56 | Loss: 0.170 | Opp label coverage: 0.80
Step 3913451/5000000 | Win rate (rollout): 0.36 | Loss: 0.256 | Opp label coverage: 0.87
Step 3913963/5000000 | Win rate (rollout): 0.44 | Loss: 0.184 | Opp label coverage: 0.83
Step 3914479/5000000 | Win rate (rollout): 0.36 | Loss: 0.183 | Opp label coverage: 0.87
Step 3914991/5000000 | Win rate (rollout): 0.46 | Loss: 0.187 | Opp label coverage: 0.84
Step 3915503/5000000 | Win rate (rollout): 0.59 | Loss: 0.182 | Opp label coverage: 0.85
Step 3916021/5000000 | Win rate (rollout): 0.15 | Loss: 0.164 | Opp label coverage: 0.86
Step 3916539/5000000 | Win rate (rollout): 0.61 | Loss: 0.185 | Opp label coverage: 0.87
Step 3917051/5000000 | Win rate (rollout): 0.36 | Loss: 0.202 | Opp label coverage: 0.80
Step 3917565/5000000 | Win rate (rollout): 0.92 | Loss: 0.163 | Opp label coverage: 0.89
Step 3918077/5000000 | Win rate (rollout): 0.56 | Loss: 0.177 | Opp label coverage: 0.85
Step 3918589/5000000 | Win rate (rollout): 0.71 | Loss: 0.185 | Opp label coverage: 0.83
Step 3919102/5000000 | Win rate (rollout): 0.45 | Loss: 0.178 | Opp label coverage: 0.87
Step 3919614/5000000 | Win rate (rollout): 0.30 | Loss: 0.166 | Opp label coverage: 0.86
Step 3920126/5000000 | Win rate (rollout): 0.55 | Loss: 0.172 | Opp label coverage: 0.88
Step 3920638/5000000 | Win rate (rollout): 0.46 | Loss: 0.180 | Opp label coverage: 0.84
Step 3921150/5000000 | Win rate (rollout): 0.29 | Loss: 0.221 | Opp label coverage: 0.81
Step 3921662/5000000 | Win rate (rollout): 0.53 | Loss: 0.209 | Opp label coverage: 0.81
Step 3922175/5000000 | Win rate (rollout): 0.45 | Loss: 0.275 | Opp label coverage: 0.88
Step 3922687/5000000 | Win rate (rollout): 0.70 | Loss: 0.182 | Opp label coverage: 0.86
Step 3923199/5000000 | Win rate (rollout): 0.57 | Loss: 0.177 | Opp label coverage: 0.83
Step 3923711/5000000 | Win rate (rollout): 0.64 | Loss: 0.188 | Opp label coverage: 0.88
Step 3924223/5000000 | Win rate (rollout): 0.36 | Loss: 0.199 | Opp label coverage: 0.82
Step 3924735/5000000 | Win rate (rollout): 0.56 | Loss: 0.175 | Opp label coverage: 0.82
Step 3925247/5000000 | Win rate (rollout): 0.71 | Loss: 0.211 | Opp label coverage: 0.82
[checkpoint] Saved models/ppo/checkpoints/opp/ppo_step_3925538.pt
Step 3925759/5000000 | Win rate (rollout): 0.50 | Loss: 0.168 | Opp label coverage: 0.89
Step 3926271/5000000 | Win rate (rollout): 0.42 | Loss: 0.215 | Opp label coverage: 0.84
Step 3926786/5000000 | Win rate (rollout): 0.54 | Loss: 0.174 | Opp label coverage: 0.88
Step 3927300/5000000 | Win rate (rollout): 0.38 | Loss: 0.209 | Opp label coverage: 0.88
Step 3927812/5000000 | Win rate (rollout): 0.55 | Loss: 0.177 | Opp label coverage: 0.83
Step 3928331/5000000 | Win rate (rollout): 0.33 | Loss: 0.206 | Opp label coverage: 0.87
Step 3928843/5000000 | Win rate (rollout): 0.60 | Loss: 0.182 | Opp label coverage: 0.79
Step 3929359/5000000 | Win rate (rollout): 0.55 | Loss: 0.199 | Opp label coverage: 0.87
Step 3929871/5000000 | Win rate (rollout): 0.38 | Loss: 0.187 | Opp label coverage: 0.84
Step 3930387/5000000 | Win rate (rollout): 0.50 | Loss: 0.145 | Opp label coverage: 0.89
Step 3930902/5000000 | Win rate (rollout): 0.47 | Loss: 0.159 | Opp label coverage: 0.89
Step 3931414/5000000 | Win rate (rollout): 0.67 | Loss: 0.180 | Opp label coverage: 0.81
Step 3931926/5000000 | Win rate (rollout): 0.31 | Loss: 0.232 | Opp label coverage: 0.77
Step 3932441/5000000 | Win rate (rollout): 0.50 | Loss: 0.150 | Opp label coverage: 0.87
Step 3932953/5000000 | Win rate (rollout): 0.70 | Loss: 0.192 | Opp label coverage: 0.84
Step 3933465/5000000 | Win rate (rollout): 0.54 | Loss: 0.223 | Opp label coverage: 0.81
Step 3933981/5000000 | Win rate (rollout): 0.23 | Loss: 0.184 | Opp label coverage: 0.86
Step 3934499/5000000 | Win rate (rollout): 0.56 | Loss: 0.173 | Opp label coverage: 0.88
Step 3935015/5000000 | Win rate (rollout): 0.67 | Loss: 0.171 | Opp label coverage: 0.87
Step 3935527/5000000 | Win rate (rollout): 0.60 | Loss: 0.227 | Opp label coverage: 0.87
Step 3936045/5000000 | Win rate (rollout): 0.59 | Loss: 0.153 | Opp label coverage: 0.88
Step 3936557/5000000 | Win rate (rollout): 0.47 | Loss: 0.167 | Opp label coverage: 0.88
Step 3937070/5000000 | Win rate (rollout): 0.53 | Loss: 0.369 | Opp label coverage: 0.89
Step 3937583/5000000 | Win rate (rollout): 0.57 | Loss: 0.162 | Opp label coverage: 0.87
Step 3938095/5000000 | Win rate (rollout): 0.38 | Loss: 0.213 | Opp label coverage: 0.82
Step 3938607/5000000 | Win rate (rollout): 0.26 | Loss: 0.197 | Opp label coverage: 0.84
Step 3939123/5000000 | Win rate (rollout): 0.38 | Loss: 0.191 | Opp label coverage: 0.88
Step 3939635/5000000 | Win rate (rollout): 0.67 | Loss: 0.197 | Opp label coverage: 0.77
Step 3940154/5000000 | Win rate (rollout): 0.46 | Loss: 0.212 | Opp label coverage: 0.87
Step 3940666/5000000 | Win rate (rollout): 0.45 | Loss: 0.164 | Opp label coverage: 0.85
Step 3941178/5000000 | Win rate (rollout): 0.54 | Loss: 0.172 | Opp label coverage: 0.84
Step 3941695/5000000 | Win rate (rollout): 0.56 | Loss: 0.182 | Opp label coverage: 0.88
Step 3942208/5000000 | Win rate (rollout): 0.50 | Loss: 0.142 | Opp label coverage: 0.90
Step 3942726/5000000 | Win rate (rollout): 0.27 | Loss: 0.124 | Opp label coverage: 0.90
Step 3943238/5000000 | Win rate (rollout): 0.62 | Loss: 0.177 | Opp label coverage: 0.85
Step 3943750/5000000 | Win rate (rollout): 0.19 | Loss: 0.160 | Opp label coverage: 0.82
Step 3944262/5000000 | Win rate (rollout): 0.44 | Loss: 0.187 | Opp label coverage: 0.82
Step 3944774/5000000 | Win rate (rollout): 0.60 | Loss: 0.180 | Opp label coverage: 0.84
Step 3945286/5000000 | Win rate (rollout): 0.80 | Loss: 0.217 | Opp label coverage: 0.83
Step 3945798/5000000 | Win rate (rollout): 0.31 | Loss: 0.219 | Opp label coverage: 0.83
Step 3946310/5000000 | Win rate (rollout): 0.83 | Loss: 0.159 | Opp label coverage: 0.83
Step 3946822/5000000 | Win rate (rollout): 0.60 | Loss: 0.162 | Opp label coverage: 0.83
Step 3947335/5000000 | Win rate (rollout): 0.62 | Loss: 0.283 | Opp label coverage: 0.88
Step 3947847/5000000 | Win rate (rollout): 0.55 | Loss: 0.206 | Opp label coverage: 0.84
Step 3948359/5000000 | Win rate (rollout): 0.33 | Loss: 0.179 | Opp label coverage: 0.86
Step 3948874/5000000 | Win rate (rollout): 0.65 | Loss: 0.159 | Opp label coverage: 0.87
Step 3949388/5000000 | Win rate (rollout): 0.62 | Loss: 0.098 | Opp label coverage: 0.89
Step 3949900/5000000 | Win rate (rollout): 0.50 | Loss: 0.193 | Opp label coverage: 0.86
Step 3950418/5000000 | Win rate (rollout): 0.62 | Loss: 0.180 | Opp label coverage: 0.87
[checkpoint] Saved models/ppo/checkpoints/opp/ppo_step_3950542.pt
Step 3950934/5000000 | Win rate (rollout): 0.33 | Loss: 0.231 | Opp label coverage: 0.86
Step 3951447/5000000 | Win rate (rollout): 0.53 | Loss: 0.246 | Opp label coverage: 0.88
Step 3951959/5000000 | Win rate (rollout): 0.30 | Loss: 0.175 | Opp label coverage: 0.86
Step 3952471/5000000 | Win rate (rollout): 0.33 | Loss: 0.204 | Opp label coverage: 0.83
Step 3952983/5000000 | Win rate (rollout): 0.35 | Loss: 0.152 | Opp label coverage: 0.82
Step 3953495/5000000 | Win rate (rollout): 0.64 | Loss: 0.177 | Opp label coverage: 0.85
Step 3954007/5000000 | Win rate (rollout): 0.73 | Loss: 0.199 | Opp label coverage: 0.84
Step 3954525/5000000 | Win rate (rollout): 0.90 | Loss: 0.129 | Opp label coverage: 0.90
Step 3955038/5000000 | Win rate (rollout): 0.50 | Loss: 0.228 | Opp label coverage: 0.89
Step 3955550/5000000 | Win rate (rollout): 0.27 | Loss: 0.198 | Opp label coverage: 0.84
Step 3956062/5000000 | Win rate (rollout): 0.45 | Loss: 0.188 | Opp label coverage: 0.81
Step 3956574/5000000 | Win rate (rollout): 0.36 | Loss: 0.174 | Opp label coverage: 0.80
Step 3957086/5000000 | Win rate (rollout): 0.30 | Loss: 0.174 | Opp label coverage: 0.88
Step 3957598/5000000 | Win rate (rollout): 0.50 | Loss: 0.190 | Opp label coverage: 0.89
Step 3958114/5000000 | Win rate (rollout): 0.67 | Loss: 0.207 | Opp label coverage: 0.89
Step 3958631/5000000 | Win rate (rollout): 0.60 | Loss: 0.194 | Opp label coverage: 0.88
Step 3959149/5000000 | Win rate (rollout): 0.58 | Loss: 0.188 | Opp label coverage: 0.88
Step 3959661/5000000 | Win rate (rollout): 0.33 | Loss: 0.172 | Opp label coverage: 0.83
Step 3960174/5000000 | Win rate (rollout): 0.64 | Loss: 0.180 | Opp label coverage: 0.88
Step 3960692/5000000 | Win rate (rollout): 0.59 | Loss: 0.182 | Opp label coverage: 0.89
Step 3961208/5000000 | Win rate (rollout): 0.44 | Loss: 0.184 | Opp label coverage: 0.87
Step 3961724/5000000 | Win rate (rollout): 0.62 | Loss: 0.172 | Opp label coverage: 0.88
Step 3962238/5000000 | Win rate (rollout): 0.53 | Loss: 0.167 | Opp label coverage: 0.87
Step 3962750/5000000 | Win rate (rollout): 0.56 | Loss: 0.209 | Opp label coverage: 0.84
Step 3963266/5000000 | Win rate (rollout): 0.30 | Loss: 0.151 | Opp label coverage: 0.88
Step 3963778/5000000 | Win rate (rollout): 0.67 | Loss: 0.189 | Opp label coverage: 0.83
Step 3964290/5000000 | Win rate (rollout): 0.54 | Loss: 0.209 | Opp label coverage: 0.81
Step 3964802/5000000 | Win rate (rollout): 0.69 | Loss: 0.161 | Opp label coverage: 0.84
Step 3965321/5000000 | Win rate (rollout): 0.33 | Loss: 0.159 | Opp label coverage: 0.88
Step 3965833/5000000 | Win rate (rollout): 0.50 | Loss: 0.165 | Opp label coverage: 0.73
Step 3966345/5000000 | Win rate (rollout): 0.60 | Loss: 0.149 | Opp label coverage: 0.67
Step 3966857/5000000 | Win rate (rollout): 0.29 | Loss: 0.201 | Opp label coverage: 0.84
Step 3967369/5000000 | Win rate (rollout): 0.38 | Loss: 0.181 | Opp label coverage: 0.84
Step 3967887/5000000 | Win rate (rollout): 0.10 | Loss: 0.144 | Opp label coverage: 0.86
Step 3968401/5000000 | Win rate (rollout): 0.41 | Loss: 0.160 | Opp label coverage: 0.89
Step 3968913/5000000 | Win rate (rollout): 0.33 | Loss: 0.178 | Opp label coverage: 0.88
Step 3969425/5000000 | Win rate (rollout): 0.56 | Loss: 0.164 | Opp label coverage: 0.76
Step 3969940/5000000 | Win rate (rollout): 0.50 | Loss: 0.199 | Opp label coverage: 0.88
Step 3970452/5000000 | Win rate (rollout): 0.46 | Loss: 0.209 | Opp label coverage: 0.83
Step 3970964/5000000 | Win rate (rollout): 0.53 | Loss: 0.188 | Opp label coverage: 0.79
Step 3971481/5000000 | Win rate (rollout): 0.40 | Loss: 0.174 | Opp label coverage: 0.88
Step 3971996/5000000 | Win rate (rollout): 0.44 | Loss: 0.169 | Opp label coverage: 0.88
Step 3972511/5000000 | Win rate (rollout): 0.43 | Loss: 0.195 | Opp label coverage: 0.88
Step 3973026/5000000 | Win rate (rollout): 0.64 | Loss: 0.170 | Opp label coverage: 0.87
Step 3973543/5000000 | Win rate (rollout): 0.23 | Loss: 0.230 | Opp label coverage: 0.90
Step 3974055/5000000 | Win rate (rollout): 0.46 | Loss: 0.154 | Opp label coverage: 0.84
Step 3974571/5000000 | Win rate (rollout): 0.83 | Loss: 0.212 | Opp label coverage: 0.90
Step 3975085/5000000 | Win rate (rollout): 0.46 | Loss: 0.195 | Opp label coverage: 0.90
[checkpoint] Saved models/ppo/checkpoints/opp/ppo_step_3975547.pt
Step 3975599/5000000 | Win rate (rollout): 0.69 | Loss: 0.185 | Opp label coverage: 0.89
Step 3976111/5000000 | Win rate (rollout): 0.17 | Loss: 0.165 | Opp label coverage: 0.80
Step 3976623/5000000 | Win rate (rollout): 0.30 | Loss: 0.170 | Opp label coverage: 0.78
Step 3977139/5000000 | Win rate (rollout): 0.62 | Loss: 0.170 | Opp label coverage: 0.91
Step 3977651/5000000 | Win rate (rollout): 0.54 | Loss: 0.205 | Opp label coverage: 0.84
Step 3978163/5000000 | Win rate (rollout): 0.29 | Loss: 0.193 | Opp label coverage: 0.84
Step 3978681/5000000 | Win rate (rollout): 0.50 | Loss: 0.192 | Opp label coverage: 0.87
Step 3979193/5000000 | Win rate (rollout): 0.36 | Loss: 0.182 | Opp label coverage: 0.85
Step 3979705/5000000 | Win rate (rollout): 0.33 | Loss: 0.186 | Opp label coverage: 0.85
Step 3980222/5000000 | Win rate (rollout): 0.30 | Loss: 0.194 | Opp label coverage: 0.88
Step 3980734/5000000 | Win rate (rollout): 0.71 | Loss: 0.180 | Opp label coverage: 0.84
Step 3981249/5000000 | Win rate (rollout): 0.82 | Loss: 0.149 | Opp label coverage: 0.89
Step 3981761/5000000 | Win rate (rollout): 0.11 | Loss: 0.187 | Opp label coverage: 0.81
Step 3982273/5000000 | Win rate (rollout): 0.57 | Loss: 0.229 | Opp label coverage: 0.82
Step 3982785/5000000 | Win rate (rollout): 0.36 | Loss: 0.198 | Opp label coverage: 0.77
Step 3983297/5000000 | Win rate (rollout): 0.30 | Loss: 0.194 | Opp label coverage: 0.84
Step 3983813/5000000 | Win rate (rollout): 0.45 | Loss: 0.176 | Opp label coverage: 0.87
Step 3984325/5000000 | Win rate (rollout): 0.57 | Loss: 0.156 | Opp label coverage: 0.87
Step 3984841/5000000 | Win rate (rollout): 0.75 | Loss: 0.161 | Opp label coverage: 0.90
Step 3985353/5000000 | Win rate (rollout): 0.31 | Loss: 0.187 | Opp label coverage: 0.84
Step 3985871/5000000 | Win rate (rollout): 0.50 | Loss: 0.179 | Opp label coverage: 0.88
Step 3986388/5000000 | Win rate (rollout): 0.43 | Loss: 0.171 | Opp label coverage: 0.90
Step 3986900/5000000 | Win rate (rollout): 0.64 | Loss: 0.170 | Opp label coverage: 0.85
Step 3987412/5000000 | Win rate (rollout): 0.45 | Loss: 0.177 | Opp label coverage: 0.83
Step 3987930/5000000 | Win rate (rollout): 0.55 | Loss: 0.233 | Opp label coverage: 0.88
Step 3988442/5000000 | Win rate (rollout): 0.31 | Loss: 0.178 | Opp label coverage: 0.85
Step 3988958/5000000 | Win rate (rollout): 0.44 | Loss: 0.217 | Opp label coverage: 0.90
Step 3989470/5000000 | Win rate (rollout): 0.44 | Loss: 0.164 | Opp label coverage: 0.83
Step 3989983/5000000 | Win rate (rollout): 0.50 | Loss: 0.046 | Opp label coverage: 0.90
Step 3990495/5000000 | Win rate (rollout): 0.62 | Loss: 0.197 | Opp label coverage: 0.84
Step 3991007/5000000 | Win rate (rollout): 0.47 | Loss: 0.176 | Opp label coverage: 0.78
Step 3991523/5000000 | Win rate (rollout): 0.56 | Loss: 0.174 | Opp label coverage: 0.88
Step 3992039/5000000 | Win rate (rollout): 0.46 | Loss: 0.170 | Opp label coverage: 0.91
Step 3992552/5000000 | Win rate (rollout): 0.47 | Loss: 0.116 | Opp label coverage: 0.88
Step 3993068/5000000 | Win rate (rollout): 0.43 | Loss: 0.165 | Opp label coverage: 0.91
Step 3993582/5000000 | Win rate (rollout): 0.60 | Loss: 0.187 | Opp label coverage: 0.86
Step 3994094/5000000 | Win rate (rollout): 0.69 | Loss: 0.184 | Opp label coverage: 0.76
Step 3994609/5000000 | Win rate (rollout): 0.78 | Loss: 0.148 | Opp label coverage: 0.91
Step 3995125/5000000 | Win rate (rollout): 0.62 | Loss: 0.153 | Opp label coverage: 0.90
Step 3995638/5000000 | Win rate (rollout): 0.57 | Loss: 0.167 | Opp label coverage: 0.89
Step 3996150/5000000 | Win rate (rollout): 0.50 | Loss: 0.156 | Opp label coverage: 0.75
Step 3996662/5000000 | Win rate (rollout): 0.73 | Loss: 0.153 | Opp label coverage: 0.79
Step 3997179/5000000 | Win rate (rollout): 0.40 | Loss: 0.209 | Opp label coverage: 0.86
Step 3997691/5000000 | Win rate (rollout): 0.38 | Loss: 0.188 | Opp label coverage: 0.83
Step 3998203/5000000 | Win rate (rollout): 0.33 | Loss: 0.185 | Opp label coverage: 0.88
Step 3998715/5000000 | Win rate (rollout): 0.42 | Loss: 0.181 | Opp label coverage: 0.90
Step 3999227/5000000 | Win rate (rollout): 0.46 | Loss: 0.184 | Opp label coverage: 0.76
Step 3999739/5000000 | Win rate (rollout): 0.57 | Loss: 0.154 | Opp label coverage: 0.85
Step 4000256/5000000 | Win rate (rollout): 0.58 | Loss: 0.139 | Opp label coverage: 0.89
[checkpoint] Saved models/ppo/checkpoints/opp/ppo_step_4000552.pt
Step 4000768/5000000 | Win rate (rollout): 0.46 | Loss: 0.191 | Opp label coverage: 0.84
Step 4001281/5000000 | Win rate (rollout): 0.60 | Loss: 0.144 | Opp label coverage: 0.88
Step 4001793/5000000 | Win rate (rollout): 0.55 | Loss: 0.163 | Opp label coverage: 0.75
Step 4002310/5000000 | Win rate (rollout): 0.67 | Loss: 0.155 | Opp label coverage: 0.88
Step 4002822/5000000 | Win rate (rollout): 0.67 | Loss: 0.181 | Opp label coverage: 0.79
Step 4003339/5000000 | Win rate (rollout): 0.22 | Loss: 0.164 | Opp label coverage: 0.87
Step 4003851/5000000 | Win rate (rollout): 0.40 | Loss: 0.152 | Opp label coverage: 0.82
Step 4004364/5000000 | Win rate (rollout): 0.50 | Loss: 0.165 | Opp label coverage: 0.87
Step 4004877/5000000 | Win rate (rollout): 0.53 | Loss: 0.260 | Opp label coverage: 0.87
Step 4005389/5000000 | Win rate (rollout): 0.60 | Loss: 0.158 | Opp label coverage: 0.84
Step 4005901/5000000 | Win rate (rollout): 0.33 | Loss: 0.197 | Opp label coverage: 0.80
Step 4006413/5000000 | Win rate (rollout): 0.23 | Loss: 0.212 | Opp label coverage: 0.82
Step 4006927/5000000 | Win rate (rollout): 0.45 | Loss: 0.142 | Opp label coverage: 0.88
Step 4007440/5000000 | Win rate (rollout): 0.60 | Loss: 0.120 | Opp label coverage: 0.88
Step 4007952/5000000 | Win rate (rollout): 0.89 | Loss: 0.177 | Opp label coverage: 0.84
Step 4008464/5000000 | Win rate (rollout): 0.43 | Loss: 0.171 | Opp label coverage: 0.86
Step 4008976/5000000 | Win rate (rollout): 0.29 | Loss: 0.166 | Opp label coverage: 0.79
Step 4009494/5000000 | Win rate (rollout): 0.58 | Loss: 0.155 | Opp label coverage: 0.88
Step 4010011/5000000 | Win rate (rollout): 0.73 | Loss: 0.220 | Opp label coverage: 0.87
Step 4010523/5000000 | Win rate (rollout): 0.50 | Loss: 0.156 | Opp label coverage: 0.82
Step 4011041/5000000 | Win rate (rollout): 0.31 | Loss: 0.173 | Opp label coverage: 0.87
Step 4011557/5000000 | Win rate (rollout): 0.36 | Loss: 0.175 | Opp label coverage: 0.88
Step 4012069/5000000 | Win rate (rollout): 0.27 | Loss: 0.191 | Opp label coverage: 0.82
Step 4012581/5000000 | Win rate (rollout): 0.50 | Loss: 0.159 | Opp label coverage: 0.81
Step 4013095/5000000 | Win rate (rollout): 0.45 | Loss: 0.208 | Opp label coverage: 0.89
Step 4013608/5000000 | Win rate (rollout): 0.20 | Loss: 0.141 | Opp label coverage: 0.88
Step 4014120/5000000 | Win rate (rollout): 0.64 | Loss: 0.192 | Opp label coverage: 0.82
Step 4014635/5000000 | Win rate (rollout): 0.55 | Loss: 0.207 | Opp label coverage: 0.90
Step 4015147/5000000 | Win rate (rollout): 0.50 | Loss: 0.180 | Opp label coverage: 0.85
Step 4015659/5000000 | Win rate (rollout): 0.53 | Loss: 0.192 | Opp label coverage: 0.81
Step 4016174/5000000 | Win rate (rollout): 0.45 | Loss: 0.169 | Opp label coverage: 0.89
Step 4016686/5000000 | Win rate (rollout): 0.40 | Loss: 0.200 | Opp label coverage: 0.88
Step 4017198/5000000 | Win rate (rollout): 0.70 | Loss: 0.186 | Opp label coverage: 0.81
Step 4017711/5000000 | Win rate (rollout): 0.50 | Loss: 0.124 | Opp label coverage: 0.87
Step 4018223/5000000 | Win rate (rollout): 0.20 | Loss: 0.197 | Opp label coverage: 0.75
Step 4018735/5000000 | Win rate (rollout): 0.60 | Loss: 0.192 | Opp label coverage: 0.82
Step 4019252/5000000 | Win rate (rollout): 0.40 | Loss: 0.214 | Opp label coverage: 0.89
Step 4019764/5000000 | Win rate (rollout): 0.62 | Loss: 0.164 | Opp label coverage: 0.88
Step 4020276/5000000 | Win rate (rollout): 0.69 | Loss: 0.194 | Opp label coverage: 0.84
Step 4020788/5000000 | Win rate (rollout): 0.62 | Loss: 0.170 | Opp label coverage: 0.86
Step 4021300/5000000 | Win rate (rollout): 0.56 | Loss: 0.167 | Opp label coverage: 0.84
Step 4021812/5000000 | Win rate (rollout): 0.20 | Loss: 0.156 | Opp label coverage: 0.85
Step 4022327/5000000 | Win rate (rollout): 0.50 | Loss: 0.199 | Opp label coverage: 0.88
Step 4022841/5000000 | Win rate (rollout): 0.38 | Loss: 0.191 | Opp label coverage: 0.88
Step 4023358/5000000 | Win rate (rollout): 0.31 | Loss: 0.225 | Opp label coverage: 0.86
Step 4023872/5000000 | Win rate (rollout): 0.38 | Loss: 0.255 | Opp label coverage: 0.87
Step 4024384/5000000 | Win rate (rollout): 0.60 | Loss: 0.178 | Opp label coverage: 0.88
Step 4024896/5000000 | Win rate (rollout): 0.31 | Loss: 0.191 | Opp label coverage: 0.90
Step 4025412/5000000 | Win rate (rollout): 0.40 | Loss: 0.145 | Opp label coverage: 0.88
[checkpoint] Saved models/ppo/checkpoints/opp/ppo_step_4025553.pt
Step 4025928/5000000 | Win rate (rollout): 0.86 | Loss: 0.185 | Opp label coverage: 0.91
Step 4026441/5000000 | Win rate (rollout): 0.43 | Loss: 0.122 | Opp label coverage: 0.87
Step 4026959/5000000 | Win rate (rollout): 0.67 | Loss: 0.189 | Opp label coverage: 0.88
Step 4027477/5000000 | Win rate (rollout): 0.50 | Loss: 0.150 | Opp label coverage: 0.90
Step 4027994/5000000 | Win rate (rollout): 0.75 | Loss: 0.200 | Opp label coverage: 0.89
Step 4028506/5000000 | Win rate (rollout): 0.60 | Loss: 0.196 | Opp label coverage: 0.81
Step 4029018/5000000 | Win rate (rollout): 0.73 | Loss: 0.182 | Opp label coverage: 0.89
Step 4029534/5000000 | Win rate (rollout): 0.46 | Loss: 0.124 | Opp label coverage: 0.88
Step 4030046/5000000 | Win rate (rollout): 0.43 | Loss: 0.201 | Opp label coverage: 0.88
Step 4030565/5000000 | Win rate (rollout): 0.27 | Loss: 0.157 | Opp label coverage: 0.87
Step 4031080/5000000 | Win rate (rollout): 0.38 | Loss: 0.199 | Opp label coverage: 0.88
Step 4031596/5000000 | Win rate (rollout): 0.53 | Loss: 0.220 | Opp label coverage: 0.87
Step 4032108/5000000 | Win rate (rollout): 0.62 | Loss: 0.180 | Opp label coverage: 0.84
Step 4032620/5000000 | Win rate (rollout): 0.73 | Loss: 0.186 | Opp label coverage: 0.83
Step 4033132/5000000 | Win rate (rollout): 0.43 | Loss: 0.182 | Opp label coverage: 0.79
Step 4033644/5000000 | Win rate (rollout): 0.40 | Loss: 0.189 | Opp label coverage: 0.83
Step 4034156/5000000 | Win rate (rollout): 0.57 | Loss: 0.194 | Opp label coverage: 0.84
Step 4034668/5000000 | Win rate (rollout): 0.56 | Loss: 0.164 | Opp label coverage: 0.78
Step 4035185/5000000 | Win rate (rollout): 0.50 | Loss: 0.182 | Opp label coverage: 0.88
Step 4035699/5000000 | Win rate (rollout): 0.57 | Loss: 0.132 | Opp label coverage: 0.89
Step 4036213/5000000 | Win rate (rollout): 0.75 | Loss: 0.255 | Opp label coverage: 0.90
Step 4036729/5000000 | Win rate (rollout): 0.64 | Loss: 0.164 | Opp label coverage: 0.91
Step 4037241/5000000 | Win rate (rollout): 0.45 | Loss: 0.196 | Opp label coverage: 0.86
Step 4037753/5000000 | Win rate (rollout): 0.21 | Loss: 0.200 | Opp label coverage: 0.75
Step 4038265/5000000 | Win rate (rollout): 0.53 | Loss: 0.166 | Opp label coverage: 0.80
Step 4038780/5000000 | Win rate (rollout): 0.43 | Loss: 0.104 | Opp label coverage: 0.90
Step 4039292/5000000 | Win rate (rollout): 0.29 | Loss: 0.146 | Opp label coverage: 0.80
Step 4039805/5000000 | Win rate (rollout): 0.60 | Loss: 0.108 | Opp label coverage: 0.89
Step 4040317/5000000 | Win rate (rollout): 0.36 | Loss: 0.228 | Opp label coverage: 0.82
Step 4040830/5000000 | Win rate (rollout): 0.33 | Loss: 0.115 | Opp label coverage: 0.89
Step 4041349/5000000 | Win rate (rollout): 0.53 | Loss: 0.170 | Opp label coverage: 0.89
Step 4041861/5000000 | Win rate (rollout): 0.50 | Loss: 0.177 | Opp label coverage: 0.83
Step 4042373/5000000 | Win rate (rollout): 0.56 | Loss: 0.168 | Opp label coverage: 0.88
Step 4042885/5000000 | Win rate (rollout): 0.33 | Loss: 0.167 | Opp label coverage: 0.89
Step 4043401/5000000 | Win rate (rollout): 0.57 | Loss: 0.174 | Opp label coverage: 0.89
Step 4043913/5000000 | Win rate (rollout): 0.33 | Loss: 0.174 | Opp label coverage: 0.83
Step 4044428/5000000 | Win rate (rollout): 0.50 | Loss: 0.219 | Opp label coverage: 0.89
Step 4044941/5000000 | Win rate (rollout): 0.57 | Loss: 0.225 | Opp label coverage: 0.89
Step 4045453/5000000 | Win rate (rollout): 0.64 | Loss: 0.161 | Opp label coverage: 0.83
Step 4045965/5000000 | Win rate (rollout): 0.46 | Loss: 0.189 | Opp label coverage: 0.81
Step 4046478/5000000 | Win rate (rollout): 0.64 | Loss: 0.198 | Opp label coverage: 0.88
Step 4046991/5000000 | Win rate (rollout): 0.27 | Loss: 0.119 | Opp label coverage: 0.89
Step 4047505/5000000 | Win rate (rollout): 0.50 | Loss: 0.133 | Opp label coverage: 0.89
Step 4048017/5000000 | Win rate (rollout): 0.25 | Loss: 0.160 | Opp label coverage: 0.83
Step 4048533/5000000 | Win rate (rollout): 0.11 | Loss: 0.131 | Opp label coverage: 0.87
Step 4049051/5000000 | Win rate (rollout): 0.69 | Loss: 0.189 | Opp label coverage: 0.90
Step 4049563/5000000 | Win rate (rollout): 0.50 | Loss: 0.191 | Opp label coverage: 0.85
Step 4050075/5000000 | Win rate (rollout): 0.33 | Loss: 0.160 | Opp label coverage: 0.89
[checkpoint] Saved models/ppo/checkpoints/opp/ppo_step_4050554.pt
Step 4050592/5000000 | Win rate (rollout): 0.38 | Loss: 0.159 | Opp label coverage: 0.89
Step 4051108/5000000 | Win rate (rollout): 0.62 | Loss: 0.186 | Opp label coverage: 0.91
Step 4051622/5000000 | Win rate (rollout): 0.50 | Loss: 0.155 | Opp label coverage: 0.90
Step 4052134/5000000 | Win rate (rollout): 0.44 | Loss: 0.210 | Opp label coverage: 0.82
Step 4052650/5000000 | Win rate (rollout): 0.57 | Loss: 0.157 | Opp label coverage: 0.89
Step 4053162/5000000 | Win rate (rollout): 0.91 | Loss: 0.179 | Opp label coverage: 0.85
Step 4053676/5000000 | Win rate (rollout): 0.25 | Loss: 0.228 | Opp label coverage: 0.88
Step 4054190/5000000 | Win rate (rollout): 0.56 | Loss: 0.177 | Opp label coverage: 0.90
Step 4054702/5000000 | Win rate (rollout): 0.60 | Loss: 0.187 | Opp label coverage: 0.81
Step 4055214/5000000 | Win rate (rollout): 0.50 | Loss: 0.160 | Opp label coverage: 0.82
Step 4055726/5000000 | Win rate (rollout): 0.50 | Loss: 0.198 | Opp label coverage: 0.83
Step 4056239/5000000 | Win rate (rollout): 0.44 | Loss: 0.205 | Opp label coverage: 0.90
Step 4056751/5000000 | Win rate (rollout): 0.46 | Loss: 0.205 | Opp label coverage: 0.79
Step 4057263/5000000 | Win rate (rollout): 0.38 | Loss: 0.197 | Opp label coverage: 0.82
Step 4057775/5000000 | Win rate (rollout): 0.38 | Loss: 0.179 | Opp label coverage: 0.84
Step 4058288/5000000 | Win rate (rollout): 0.50 | Loss: 0.230 | Opp label coverage: 0.88
Step 4058800/5000000 | Win rate (rollout): 0.46 | Loss: 0.167 | Opp label coverage: 0.79
Step 4059314/5000000 | Win rate (rollout): 0.71 | Loss: 0.102 | Opp label coverage: 0.90
Step 4059830/5000000 | Win rate (rollout): 0.47 | Loss: 0.132 | Opp label coverage: 0.88
Step 4060342/5000000 | Win rate (rollout): 0.80 | Loss: 0.173 | Opp label coverage: 0.86
Step 4060854/5000000 | Win rate (rollout): 0.31 | Loss: 0.233 | Opp label coverage: 0.76
Step 4061368/5000000 | Win rate (rollout): 0.60 | Loss: 0.212 | Opp label coverage: 0.89
Step 4061880/5000000 | Win rate (rollout): 0.58 | Loss: 0.179 | Opp label coverage: 0.84
Step 4062397/5000000 | Win rate (rollout): 0.36 | Loss: 0.157 | Opp label coverage: 0.88
Step 4062910/5000000 | Win rate (rollout): 0.42 | Loss: 0.103 | Opp label coverage: 0.89
Step 4063425/5000000 | Win rate (rollout): 0.80 | Loss: 0.165 | Opp label coverage: 0.89
Step 4063937/5000000 | Win rate (rollout): 0.15 | Loss: 0.213 | Opp label coverage: 0.85
Step 4064449/5000000 | Win rate (rollout): 0.41 | Loss: 0.222 | Opp label coverage: 0.81
Step 4064964/5000000 | Win rate (rollout): 0.73 | Loss: 0.171 | Opp label coverage: 0.89
Step 4065483/5000000 | Win rate (rollout): 0.43 | Loss: 0.202 | Opp label coverage: 0.88
Step 4065995/5000000 | Win rate (rollout): 0.67 | Loss: 0.152 | Opp label coverage: 0.82
Step 4066507/5000000 | Win rate (rollout): 0.62 | Loss: 0.187 | Opp label coverage: 0.79
Step 4067019/5000000 | Win rate (rollout): 0.86 | Loss: 0.150 | Opp label coverage: 0.87
Step 4067536/5000000 | Win rate (rollout): 0.54 | Loss: 0.145 | Opp label coverage: 0.88
Step 4068048/5000000 | Win rate (rollout): 0.62 | Loss: 0.175 | Opp label coverage: 0.86
Step 4068560/5000000 | Win rate (rollout): 0.50 | Loss: 0.151 | Opp label coverage: 0.77
Step 4069075/5000000 | Win rate (rollout): 0.70 | Loss: 0.143 | Opp label coverage: 0.89
Step 4069587/5000000 | Win rate (rollout): 0.64 | Loss: 0.208 | Opp label coverage: 0.86
Step 4070104/5000000 | Win rate (rollout): 0.78 | Loss: 0.176 | Opp label coverage: 0.90
Step 4070616/5000000 | Win rate (rollout): 0.67 | Loss: 0.171 | Opp label coverage: 0.87
Step 4071128/5000000 | Win rate (rollout): 0.75 | Loss: 0.158 | Opp label coverage: 0.79
Step 4071640/5000000 | Win rate (rollout): 0.58 | Loss: 0.185 | Opp label coverage: 0.85
Step 4072156/5000000 | Win rate (rollout): 0.27 | Loss: 0.179 | Opp label coverage: 0.88
Step 4072669/5000000 | Win rate (rollout): 0.73 | Loss: 0.138 | Opp label coverage: 0.90
Step 4073183/5000000 | Win rate (rollout): 0.58 | Loss: 0.278 | Opp label coverage: 0.92
Step 4073700/5000000 | Win rate (rollout): 0.50 | Loss: 0.108 | Opp label coverage: 0.90
Step 4074212/5000000 | Win rate (rollout): 0.38 | Loss: 0.184 | Opp label coverage: 0.85
Step 4074726/5000000 | Win rate (rollout): 0.33 | Loss: 0.207 | Opp label coverage: 0.89
Step 4075238/5000000 | Win rate (rollout): 0.80 | Loss: 0.169 | Opp label coverage: 0.83
[checkpoint] Saved models/ppo/checkpoints/opp/ppo_step_4075558.pt
Step 4075750/5000000 | Win rate (rollout): 0.55 | Loss: 0.161 | Opp label coverage: 0.79
Step 4076262/5000000 | Win rate (rollout): 0.50 | Loss: 0.186 | Opp label coverage: 0.76
Step 4076774/5000000 | Win rate (rollout): 0.15 | Loss: 0.178 | Opp label coverage: 0.78
Step 4077286/5000000 | Win rate (rollout): 0.33 | Loss: 0.138 | Opp label coverage: 0.83
Step 4077801/5000000 | Win rate (rollout): 0.50 | Loss: 0.147 | Opp label coverage: 0.88
Step 4078313/5000000 | Win rate (rollout): 0.45 | Loss: 0.176 | Opp label coverage: 0.83
Step 4078825/5000000 | Win rate (rollout): 0.33 | Loss: 0.187 | Opp label coverage: 0.83
Step 4079343/5000000 | Win rate (rollout): 0.40 | Loss: 0.149 | Opp label coverage: 0.89
Step 4079856/5000000 | Win rate (rollout): 0.54 | Loss: 0.178 | Opp label coverage: 0.91
Step 4080368/5000000 | Win rate (rollout): 0.55 | Loss: 0.168 | Opp label coverage: 0.83
Step 4080882/5000000 | Win rate (rollout): 0.38 | Loss: 0.135 | Opp label coverage: 0.87
Step 4081395/5000000 | Win rate (rollout): 0.42 | Loss: 0.164 | Opp label coverage: 0.88
Step 4081907/5000000 | Win rate (rollout): 0.46 | Loss: 0.154 | Opp label coverage: 0.84
Step 4082419/5000000 | Win rate (rollout): 0.44 | Loss: 0.185 | Opp label coverage: 0.80
Step 4082931/5000000 | Win rate (rollout): 0.62 | Loss: 0.187 | Opp label coverage: 0.88
Step 4083443/5000000 | Win rate (rollout): 0.42 | Loss: 0.180 | Opp label coverage: 0.76
Step 4083955/5000000 | Win rate (rollout): 0.70 | Loss: 0.172 | Opp label coverage: 0.83
Step 4084467/5000000 | Win rate (rollout): 0.55 | Loss: 0.151 | Opp label coverage: 0.88
Step 4084984/5000000 | Win rate (rollout): 0.27 | Loss: 0.159 | Opp label coverage: 0.90
Step 4085500/5000000 | Win rate (rollout): 0.62 | Loss: 0.199 | Opp label coverage: 0.91
Step 4086017/5000000 | Win rate (rollout): 0.38 | Loss: 0.140 | Opp label coverage: 0.92
Step 4086529/5000000 | Win rate (rollout): 0.55 | Loss: 0.193 | Opp label coverage: 0.80
Step 4087041/5000000 | Win rate (rollout): 0.43 | Loss: 0.164 | Opp label coverage: 0.86
Step 4087553/5000000 | Win rate (rollout): 0.25 | Loss: 0.172 | Opp label coverage: 0.82
Step 4088069/5000000 | Win rate (rollout): 0.58 | Loss: 0.195 | Opp label coverage: 0.87
Step 4088581/5000000 | Win rate (rollout): 0.27 | Loss: 0.161 | Opp label coverage: 0.82
Step 4089093/5000000 | Win rate (rollout): 0.75 | Loss: 0.175 | Opp label coverage: 0.80
Step 4089609/5000000 | Win rate (rollout): 0.45 | Loss: 0.183 | Opp label coverage: 0.88
Step 4090121/5000000 | Win rate (rollout): 0.38 | Loss: 0.174 | Opp label coverage: 0.87
Step 4090633/5000000 | Win rate (rollout): 0.54 | Loss: 0.214 | Opp label coverage: 0.80
Step 4091149/5000000 | Win rate (rollout): 0.75 | Loss: 0.150 | Opp label coverage: 0.90
Step 4091666/5000000 | Win rate (rollout): 0.67 | Loss: 0.165 | Opp label coverage: 0.89
Step 4092178/5000000 | Win rate (rollout): 0.56 | Loss: 0.210 | Opp label coverage: 0.89
Step 4092696/5000000 | Win rate (rollout): 0.46 | Loss: 0.176 | Opp label coverage: 0.89
Step 4093215/5000000 | Win rate (rollout): 0.46 | Loss: 0.159 | Opp label coverage: 0.90
Step 4093733/5000000 | Win rate (rollout): 0.60 | Loss: 0.160 | Opp label coverage: 0.89
Step 4094252/5000000 | Win rate (rollout): 0.71 | Loss: 0.191 | Opp label coverage: 0.87
Step 4094764/5000000 | Win rate (rollout): 0.88 | Loss: 0.143 | Opp label coverage: 0.82
Step 4095276/5000000 | Win rate (rollout): 0.60 | Loss: 0.169 | Opp label coverage: 0.73
Step 4095788/5000000 | Win rate (rollout): 0.38 | Loss: 0.173 | Opp label coverage: 0.87
Step 4096300/5000000 | Win rate (rollout): 0.62 | Loss: 0.181 | Opp label coverage: 0.83
Step 4096812/5000000 | Win rate (rollout): 0.44 | Loss: 0.181 | Opp label coverage: 0.89
Step 4097330/5000000 | Win rate (rollout): 0.57 | Loss: 0.229 | Opp label coverage: 0.87
Step 4097842/5000000 | Win rate (rollout): 0.33 | Loss: 0.196 | Opp label coverage: 0.83
Step 4098354/5000000 | Win rate (rollout): 0.50 | Loss: 0.140 | Opp label coverage: 0.79
Step 4098866/5000000 | Win rate (rollout): 0.46 | Loss: 0.191 | Opp label coverage: 0.84
Step 4099378/5000000 | Win rate (rollout): 0.47 | Loss: 0.196 | Opp label coverage: 0.86
Step 4099890/5000000 | Win rate (rollout): 0.70 | Loss: 0.166 | Opp label coverage: 0.83
Step 4100402/5000000 | Win rate (rollout): 0.89 | Loss: 0.144 | Opp label coverage: 0.85
[checkpoint] Saved models/ppo/checkpoints/opp/ppo_step_4100559.pt
Step 4100919/5000000 | Win rate (rollout): 0.33 | Loss: 0.176 | Opp label coverage: 0.89
Step 4101433/5000000 | Win rate (rollout): 0.79 | Loss: 0.096 | Opp label coverage: 0.89
Step 4101948/5000000 | Win rate (rollout): 0.53 | Loss: 0.213 | Opp label coverage: 0.90
Step 4102464/5000000 | Win rate (rollout): 0.53 | Loss: 0.148 | Opp label coverage: 0.87
Step 4102976/5000000 | Win rate (rollout): 0.54 | Loss: 0.174 | Opp label coverage: 0.81
Step 4103488/5000000 | Win rate (rollout): 0.67 | Loss: 0.172 | Opp label coverage: 0.75
Step 4104000/5000000 | Win rate (rollout): 0.79 | Loss: 0.154 | Opp label coverage: 0.83
Step 4104516/5000000 | Win rate (rollout): 0.70 | Loss: 0.138 | Opp label coverage: 0.88
Step 4105028/5000000 | Win rate (rollout): 0.54 | Loss: 0.202 | Opp label coverage: 0.79
Step 4105547/5000000 | Win rate (rollout): 0.33 | Loss: 0.183 | Opp label coverage: 0.87
Step 4106059/5000000 | Win rate (rollout): 0.45 | Loss: 0.163 | Opp label coverage: 0.83
Step 4106576/5000000 | Win rate (rollout): 0.36 | Loss: 0.170 | Opp label coverage: 0.88
Step 4107088/5000000 | Win rate (rollout): 0.50 | Loss: 0.208 | Opp label coverage: 0.88
Step 4107600/5000000 | Win rate (rollout): 0.46 | Loss: 0.158 | Opp label coverage: 0.84
Step 4108112/5000000 | Win rate (rollout): 0.22 | Loss: 0.159 | Opp label coverage: 0.81
Step 4108624/5000000 | Win rate (rollout): 0.50 | Loss: 0.191 | Opp label coverage: 0.84
Step 4109136/5000000 | Win rate (rollout): 0.56 | Loss: 0.167 | Opp label coverage: 0.81
Step 4109651/5000000 | Win rate (rollout): 0.56 | Loss: 0.131 | Opp label coverage: 0.88
Step 4110163/5000000 | Win rate (rollout): 0.36 | Loss: 0.161 | Opp label coverage: 0.77
Step 4110680/5000000 | Win rate (rollout): 0.69 | Loss: 0.166 | Opp label coverage: 0.89
Step 4111195/5000000 | Win rate (rollout): 0.60 | Loss: 0.229 | Opp label coverage: 0.91
Step 4111707/5000000 | Win rate (rollout): 0.50 | Loss: 0.229 | Opp label coverage: 0.83
Step 4112219/5000000 | Win rate (rollout): 0.59 | Loss: 0.190 | Opp label coverage: 0.85
Step 4112732/5000000 | Win rate (rollout): 0.50 | Loss: 0.133 | Opp label coverage: 0.89
Step 4113249/5000000 | Win rate (rollout): 0.50 | Loss: 0.178 | Opp label coverage: 0.90
Step 4113766/5000000 | Win rate (rollout): 0.23 | Loss: 0.202 | Opp label coverage: 0.86
Step 4114278/5000000 | Win rate (rollout): 0.40 | Loss: 0.163 | Opp label coverage: 0.85
Step 4114790/5000000 | Win rate (rollout): 0.73 | Loss: 0.195 | Opp label coverage: 0.82
Step 4115302/5000000 | Win rate (rollout): 0.36 | Loss: 0.176 | Opp label coverage: 0.85
Step 4115814/5000000 | Win rate (rollout): 0.38 | Loss: 0.177 | Opp label coverage: 0.81
Step 4116332/5000000 | Win rate (rollout): 0.45 | Loss: 0.172 | Opp label coverage: 0.88
Step 4116844/5000000 | Win rate (rollout): 0.50 | Loss: 0.174 | Opp label coverage: 0.77
Step 4117363/5000000 | Win rate (rollout): 0.40 | Loss: 0.199 | Opp label coverage: 0.89
Step 4117875/5000000 | Win rate (rollout): 0.50 | Loss: 0.197 | Opp label coverage: 0.85
Step 4118387/5000000 | Win rate (rollout): 0.31 | Loss: 0.208 | Opp label coverage: 0.82
Step 4118900/5000000 | Win rate (rollout): 0.57 | Loss: 0.177 | Opp label coverage: 0.91
Step 4119412/5000000 | Win rate (rollout): 0.50 | Loss: 0.156 | Opp label coverage: 0.85
Step 4119924/5000000 | Win rate (rollout): 0.47 | Loss: 0.177 | Opp label coverage: 0.84
Step 4120436/5000000 | Win rate (rollout): 0.41 | Loss: 0.183 | Opp label coverage: 0.75
Step 4120949/5000000 | Win rate (rollout): 0.38 | Loss: 0.202 | Opp label coverage: 0.86
Step 4121461/5000000 | Win rate (rollout): 0.25 | Loss: 0.185 | Opp label coverage: 0.82
Step 4121973/5000000 | Win rate (rollout): 0.33 | Loss: 0.166 | Opp label coverage: 0.82
Step 4122485/5000000 | Win rate (rollout): 0.33 | Loss: 0.158 | Opp label coverage: 0.78
Step 4123000/5000000 | Win rate (rollout): 0.60 | Loss: 0.199 | Opp label coverage: 0.88
Step 4123512/5000000 | Win rate (rollout): 0.70 | Loss: 0.190 | Opp label coverage: 0.85
Step 4124030/5000000 | Win rate (rollout): 0.75 | Loss: 0.176 | Opp label coverage: 0.87
Step 4124546/5000000 | Win rate (rollout): 0.38 | Loss: 0.129 | Opp label coverage: 0.90
Step 4125058/5000000 | Win rate (rollout): 0.40 | Loss: 0.175 | Opp label coverage: 0.81
[checkpoint] Saved models/ppo/checkpoints/opp/ppo_step_4125565.pt
Step 4125573/5000000 | Win rate (rollout): 0.29 | Loss: 0.132 | Opp label coverage: 0.90
Step 4126085/5000000 | Win rate (rollout): 0.71 | Loss: 0.152 | Opp label coverage: 0.77
Step 4126597/5000000 | Win rate (rollout): 0.73 | Loss: 0.165 | Opp label coverage: 0.69
Step 4127110/5000000 | Win rate (rollout): 0.50 | Loss: 0.224 | Opp label coverage: 0.90
Step 4127628/5000000 | Win rate (rollout): 0.31 | Loss: 0.150 | Opp label coverage: 0.89
Step 4128140/5000000 | Win rate (rollout): 0.47 | Loss: 0.158 | Opp label coverage: 0.81
Step 4128657/5000000 | Win rate (rollout): 0.38 | Loss: 0.192 | Opp label coverage: 0.90
Step 4129169/5000000 | Win rate (rollout): 0.67 | Loss: 0.192 | Opp label coverage: 0.83
Step 4129681/5000000 | Win rate (rollout): 0.38 | Loss: 0.172 | Opp label coverage: 0.78
Step 4130197/5000000 | Win rate (rollout): 0.55 | Loss: 0.151 | Opp label coverage: 0.88
Step 4130713/5000000 | Win rate (rollout): 0.43 | Loss: 0.176 | Opp label coverage: 0.89
Step 4131227/5000000 | Win rate (rollout): 0.44 | Loss: 0.185 | Opp label coverage: 0.86
Step 4131745/5000000 | Win rate (rollout): 0.33 | Loss: 0.175 | Opp label coverage: 0.90
Step 4132261/5000000 | Win rate (rollout): 0.89 | Loss: 0.176 | Opp label coverage: 0.91
Step 4132778/5000000 | Win rate (rollout): 0.23 | Loss: 0.158 | Opp label coverage: 0.90
Step 4133290/5000000 | Win rate (rollout): 0.62 | Loss: 0.172 | Opp label coverage: 0.86
Step 4133802/5000000 | Win rate (rollout): 0.25 | Loss: 0.164 | Opp label coverage: 0.80
Step 4134317/5000000 | Win rate (rollout): 0.18 | Loss: 0.193 | Opp label coverage: 0.87
Step 4134830/5000000 | Win rate (rollout): 0.25 | Loss: 0.272 | Opp label coverage: 0.89
Step 4135342/5000000 | Win rate (rollout): 0.50 | Loss: 0.185 | Opp label coverage: 0.89
Step 4135854/5000000 | Win rate (rollout): 0.67 | Loss: 0.160 | Opp label coverage: 0.90
Step 4136366/5000000 | Win rate (rollout): 0.57 | Loss: 0.185 | Opp label coverage: 0.84
Step 4136883/5000000 | Win rate (rollout): 0.69 | Loss: 0.229 | Opp label coverage: 0.90
Step 4137395/5000000 | Win rate (rollout): 0.42 | Loss: 0.183 | Opp label coverage: 0.79
Step 4137907/5000000 | Win rate (rollout): 0.62 | Loss: 0.208 | Opp label coverage: 0.73
Step 4138423/5000000 | Win rate (rollout): 0.78 | Loss: 0.125 | Opp label coverage: 0.91
Step 4138940/5000000 | Win rate (rollout): 0.43 | Loss: 0.152 | Opp label coverage: 0.89
Step 4139457/5000000 | Win rate (rollout): 0.46 | Loss: 0.202 | Opp label coverage: 0.88
Step 4139974/5000000 | Win rate (rollout): 0.50 | Loss: 0.178 | Opp label coverage: 0.89
Step 4140486/5000000 | Win rate (rollout): 0.56 | Loss: 0.171 | Opp label coverage: 0.73
Step 4141003/5000000 | Win rate (rollout): 0.89 | Loss: 0.160 | Opp label coverage: 0.89
Step 4141521/5000000 | Win rate (rollout): 0.69 | Loss: 0.154 | Opp label coverage: 0.90
Step 4142033/5000000 | Win rate (rollout): 0.75 | Loss: 0.149 | Opp label coverage: 0.81
Step 4142545/5000000 | Win rate (rollout): 0.36 | Loss: 0.225 | Opp label coverage: 0.83
Step 4143062/5000000 | Win rate (rollout): 0.50 | Loss: 0.168 | Opp label coverage: 0.89
Step 4143574/5000000 | Win rate (rollout): 0.60 | Loss: 0.169 | Opp label coverage: 0.87
Step 4144092/5000000 | Win rate (rollout): 0.70 | Loss: 0.185 | Opp label coverage: 0.89
Step 4144604/5000000 | Win rate (rollout): 0.36 | Loss: 0.188 | Opp label coverage: 0.90
Step 4145116/5000000 | Win rate (rollout): 0.43 | Loss: 0.215 | Opp label coverage: 0.83
Step 4145631/5000000 | Win rate (rollout): 0.44 | Loss: 0.158 | Opp label coverage: 0.88
Step 4146143/5000000 | Win rate (rollout): 0.17 | Loss: 0.152 | Opp label coverage: 0.82
Step 4146661/5000000 | Win rate (rollout): 0.62 | Loss: 0.184 | Opp label coverage: 0.88
Step 4147173/5000000 | Win rate (rollout): 0.33 | Loss: 0.191 | Opp label coverage: 0.81
Step 4147690/5000000 | Win rate (rollout): 0.38 | Loss: 0.185 | Opp label coverage: 0.89
Step 4148202/5000000 | Win rate (rollout): 0.46 | Loss: 0.220 | Opp label coverage: 0.80
Step 4148714/5000000 | Win rate (rollout): 0.67 | Loss: 0.200 | Opp label coverage: 0.85
Step 4149226/5000000 | Win rate (rollout): 0.40 | Loss: 0.178 | Opp label coverage: 0.84
Step 4149742/5000000 | Win rate (rollout): 0.44 | Loss: 0.252 | Opp label coverage: 0.89
Step 4150254/5000000 | Win rate (rollout): 0.33 | Loss: 0.183 | Opp label coverage: 0.84
[checkpoint] Saved models/ppo/checkpoints/opp/ppo_step_4150572.pt
Step 4150770/5000000 | Win rate (rollout): 0.55 | Loss: 0.159 | Opp label coverage: 0.89
Step 4151283/5000000 | Win rate (rollout): 0.36 | Loss: 0.209 | Opp label coverage: 0.91
Step 4151796/5000000 | Win rate (rollout): 0.60 | Loss: 0.207 | Opp label coverage: 0.92
Step 4152308/5000000 | Win rate (rollout): 0.67 | Loss: 0.174 | Opp label coverage: 0.79
Step 4152823/5000000 | Win rate (rollout): 0.67 | Loss: 0.148 | Opp label coverage: 0.90
Step 4153335/5000000 | Win rate (rollout): 0.47 | Loss: 0.209 | Opp label coverage: 0.90
Step 4153847/5000000 | Win rate (rollout): 0.70 | Loss: 0.181 | Opp label coverage: 0.86
Step 4154359/5000000 | Win rate (rollout): 0.56 | Loss: 0.199 | Opp label coverage: 0.90
Step 4154871/5000000 | Win rate (rollout): 0.31 | Loss: 0.171 | Opp label coverage: 0.86
Step 4155383/5000000 | Win rate (rollout): 0.38 | Loss: 0.188 | Opp label coverage: 0.83
Step 4155895/5000000 | Win rate (rollout): 0.38 | Loss: 0.201 | Opp label coverage: 0.82
Step 4156413/5000000 | Win rate (rollout): 0.50 | Loss: 0.172 | Opp label coverage: 0.89
Step 4156925/5000000 | Win rate (rollout): 0.57 | Loss: 0.198 | Opp label coverage: 0.83
Step 4157437/5000000 | Win rate (rollout): 0.43 | Loss: 0.192 | Opp label coverage: 0.83
Step 4157949/5000000 | Win rate (rollout): 0.62 | Loss: 0.175 | Opp label coverage: 0.87
Step 4158461/5000000 | Win rate (rollout): 0.24 | Loss: 0.214 | Opp label coverage: 0.82
Step 4158973/5000000 | Win rate (rollout): 0.20 | Loss: 0.148 | Opp label coverage: 0.83
Step 4159490/5000000 | Win rate (rollout): 0.50 | Loss: 0.158 | Opp label coverage: 0.87
Step 4160002/5000000 | Win rate (rollout): 0.70 | Loss: 0.179 | Opp label coverage: 0.83
Step 4160515/5000000 | Win rate (rollout): 0.50 | Loss: 0.183 | Opp label coverage: 0.88
Step 4161027/5000000 | Win rate (rollout): 0.65 | Loss: 0.173 | Opp label coverage: 0.88
Step 4161541/5000000 | Win rate (rollout): 0.58 | Loss: 0.155 | Opp label coverage: 0.88
Step 4162057/5000000 | Win rate (rollout): 0.43 | Loss: 0.189 | Opp label coverage: 0.88
Step 4162569/5000000 | Win rate (rollout): 0.29 | Loss: 0.190 | Opp label coverage: 0.87
Step 4163081/5000000 | Win rate (rollout): 0.50 | Loss: 0.162 | Opp label coverage: 0.79
Step 4163600/5000000 | Win rate (rollout): 0.44 | Loss: 0.142 | Opp label coverage: 0.90
Step 4164112/5000000 | Win rate (rollout): 0.46 | Loss: 0.172 | Opp label coverage: 0.84
Step 4164629/5000000 | Win rate (rollout): 0.50 | Loss: 0.191 | Opp label coverage: 0.89
Step 4165141/5000000 | Win rate (rollout): 0.46 | Loss: 0.210 | Opp label coverage: 0.83
Step 4165653/5000000 | Win rate (rollout): 0.60 | Loss: 0.175 | Opp label coverage: 0.79
Step 4166170/5000000 | Win rate (rollout): 0.54 | Loss: 0.167 | Opp label coverage: 0.88
Step 4166682/5000000 | Win rate (rollout): 0.45 | Loss: 0.187 | Opp label coverage: 0.84
Step 4167198/5000000 | Win rate (rollout): 0.55 | Loss: 0.167 | Opp label coverage: 0.89
Step 4167714/5000000 | Win rate (rollout): 0.57 | Loss: 0.163 | Opp label coverage: 0.89
Step 4168226/5000000 | Win rate (rollout): 0.29 | Loss: 0.199 | Opp label coverage: 0.82
Step 4168738/5000000 | Win rate (rollout): 0.50 | Loss: 0.208 | Opp label coverage: 0.80
Step 4169253/5000000 | Win rate (rollout): 0.40 | Loss: 0.201 | Opp label coverage: 0.87
Step 4169768/5000000 | Win rate (rollout): 0.53 | Loss: 0.193 | Opp label coverage: 0.90
Step 4170280/5000000 | Win rate (rollout): 0.38 | Loss: 0.199 | Opp label coverage: 0.83
Step 4170795/5000000 | Win rate (rollout): 0.55 | Loss: 0.198 | Opp label coverage: 0.88
Step 4171307/5000000 | Win rate (rollout): 0.70 | Loss: 0.193 | Opp label coverage: 0.84
Step 4171822/5000000 | Win rate (rollout): 0.40 | Loss: 0.180 | Opp label coverage: 0.91
Step 4172334/5000000 | Win rate (rollout): 0.67 | Loss: 0.182 | Opp label coverage: 0.93
Step 4172846/5000000 | Win rate (rollout): 0.29 | Loss: 0.213 | Opp label coverage: 0.82
Step 4173358/5000000 | Win rate (rollout): 0.47 | Loss: 0.201 | Opp label coverage: 0.82
Step 4173874/5000000 | Win rate (rollout): 0.60 | Loss: 0.224 | Opp label coverage: 0.90
Step 4174386/5000000 | Win rate (rollout): 0.53 | Loss: 0.212 | Opp label coverage: 0.85
Step 4174898/5000000 | Win rate (rollout): 0.40 | Loss: 0.164 | Opp label coverage: 0.84
Step 4175414/5000000 | Win rate (rollout): 0.60 | Loss: 0.156 | Opp label coverage: 0.89
[checkpoint] Saved models/ppo/checkpoints/opp/ppo_step_4175577.pt
Step 4175931/5000000 | Win rate (rollout): 0.40 | Loss: 0.173 | Opp label coverage: 0.89
Step 4176443/5000000 | Win rate (rollout): 0.67 | Loss: 0.172 | Opp label coverage: 0.88
Step 4176955/5000000 | Win rate (rollout): 0.58 | Loss: 0.190 | Opp label coverage: 0.84
Step 4177467/5000000 | Win rate (rollout): 0.39 | Loss: 0.208 | Opp label coverage: 0.81
Step 4177979/5000000 | Win rate (rollout): 0.29 | Loss: 0.208 | Opp label coverage: 0.84
Step 4178491/5000000 | Win rate (rollout): 0.44 | Loss: 0.147 | Opp label coverage: 0.90
Step 4179003/5000000 | Win rate (rollout): 0.33 | Loss: 0.168 | Opp label coverage: 0.87
Step 4179515/5000000 | Win rate (rollout): 0.57 | Loss: 0.186 | Opp label coverage: 0.77
Step 4180027/5000000 | Win rate (rollout): 0.57 | Loss: 0.205 | Opp label coverage: 0.77
Step 4180540/5000000 | Win rate (rollout): 0.44 | Loss: 0.198 | Opp label coverage: 0.88
Step 4181052/5000000 | Win rate (rollout): 0.80 | Loss: 0.195 | Opp label coverage: 0.82
Step 4181566/5000000 | Win rate (rollout): 0.55 | Loss: 0.129 | Opp label coverage: 0.88
Step 4182078/5000000 | Win rate (rollout): 0.64 | Loss: 0.154 | Opp label coverage: 0.84
Step 4182590/5000000 | Win rate (rollout): 0.21 | Loss: 0.216 | Opp label coverage: 0.86
Step 4183102/5000000 | Win rate (rollout): 0.50 | Loss: 0.163 | Opp label coverage: 0.80
Step 4183617/5000000 | Win rate (rollout): 0.33 | Loss: 0.205 | Opp label coverage: 0.86
Step 4184129/5000000 | Win rate (rollout): 0.57 | Loss: 0.198 | Opp label coverage: 0.81
Step 4184641/5000000 | Win rate (rollout): 0.20 | Loss: 0.196 | Opp label coverage: 0.85
Step 4185154/5000000 | Win rate (rollout): 0.78 | Loss: 0.169 | Opp label coverage: 0.90
Step 4185672/5000000 | Win rate (rollout): 0.62 | Loss: 0.172 | Opp label coverage: 0.89
Step 4186188/5000000 | Win rate (rollout): 0.54 | Loss: 0.202 | Opp label coverage: 0.90
Step 4186700/5000000 | Win rate (rollout): 0.36 | Loss: 0.180 | Opp label coverage: 0.81
Step 4187214/5000000 | Win rate (rollout): 0.40 | Loss: 0.247 | Opp label coverage: 0.89
Step 4187726/5000000 | Win rate (rollout): 0.88 | Loss: 0.186 | Opp label coverage: 0.82
Step 4188244/5000000 | Win rate (rollout): 0.50 | Loss: 0.179 | Opp label coverage: 0.90
Step 4188762/5000000 | Win rate (rollout): 0.43 | Loss: 0.194 | Opp label coverage: 0.91
Step 4189274/5000000 | Win rate (rollout): 0.38 | Loss: 0.161 | Opp label coverage: 0.81
Step 4189786/5000000 | Win rate (rollout): 0.60 | Loss: 0.196 | Opp label coverage: 0.83
Step 4190298/5000000 | Win rate (rollout): 0.30 | Loss: 0.185 | Opp label coverage: 0.80
Step 4190810/5000000 | Win rate (rollout): 0.67 | Loss: 0.215 | Opp label coverage: 0.84
Step 4191323/5000000 | Win rate (rollout): 0.33 | Loss: 0.280 | Opp label coverage: 0.91
Step 4191835/5000000 | Win rate (rollout): 0.67 | Loss: 0.177 | Opp label coverage: 0.80
Step 4192348/5000000 | Win rate (rollout): 0.08 | Loss: 0.202 | Opp label coverage: 0.86
Step 4192860/5000000 | Win rate (rollout): 0.50 | Loss: 0.169 | Opp label coverage: 0.81
Step 4193373/5000000 | Win rate (rollout): 0.58 | Loss: 0.255 | Opp label coverage: 0.89
Step 4193889/5000000 | Win rate (rollout): 0.57 | Loss: 0.144 | Opp label coverage: 0.89
Step 4194401/5000000 | Win rate (rollout): 0.46 | Loss: 0.170 | Opp label coverage: 0.87
Step 4194915/5000000 | Win rate (rollout): 0.71 | Loss: 0.196 | Opp label coverage: 0.87
Step 4195429/5000000 | Win rate (rollout): 0.43 | Loss: 0.163 | Opp label coverage: 0.89
Step 4195946/5000000 | Win rate (rollout): 0.31 | Loss: 0.144 | Opp label coverage: 0.91
Step 4196463/5000000 | Win rate (rollout): 0.67 | Loss: 0.194 | Opp label coverage: 0.90
Step 4196980/5000000 | Win rate (rollout): 0.50 | Loss: 0.179 | Opp label coverage: 0.87
Step 4197492/5000000 | Win rate (rollout): 0.46 | Loss: 0.243 | Opp label coverage: 0.83
Step 4198004/5000000 | Win rate (rollout): 0.47 | Loss: 0.197 | Opp label coverage: 0.81
Step 4198520/5000000 | Win rate (rollout): 0.70 | Loss: 0.217 | Opp label coverage: 0.89
Step 4199039/5000000 | Win rate (rollout): 0.43 | Loss: 0.151 | Opp label coverage: 0.89
Step 4199557/5000000 | Win rate (rollout): 0.60 | Loss: 0.145 | Opp label coverage: 0.87
Step 4200070/5000000 | Win rate (rollout): 0.50 | Loss: 0.169 | Opp label coverage: 0.90
[checkpoint] Saved models/ppo/checkpoints/opp/ppo_step_4200582.pt
Step 4200582/5000000 | Win rate (rollout): 0.58 | Loss: 0.214 | Opp label coverage: 0.80
Step 4201099/5000000 | Win rate (rollout): 0.83 | Loss: 0.176 | Opp label coverage: 0.88
Step 4201611/5000000 | Win rate (rollout): 0.57 | Loss: 0.191 | Opp label coverage: 0.80
Step 4202126/5000000 | Win rate (rollout): 0.54 | Loss: 0.155 | Opp label coverage: 0.86
Step 4202638/5000000 | Win rate (rollout): 0.25 | Loss: 0.184 | Opp label coverage: 0.81
Step 4203150/5000000 | Win rate (rollout): 0.33 | Loss: 0.176 | Opp label coverage: 0.84
Step 4203662/5000000 | Win rate (rollout): 0.57 | Loss: 0.184 | Opp label coverage: 0.83
Step 4204178/5000000 | Win rate (rollout): 0.70 | Loss: 0.205 | Opp label coverage: 0.88
Step 4204691/5000000 | Win rate (rollout): 0.73 | Loss: 0.266 | Opp label coverage: 0.89
Step 4205205/5000000 | Win rate (rollout): 0.62 | Loss: 0.273 | Opp label coverage: 0.88
Step 4205717/5000000 | Win rate (rollout): 0.57 | Loss: 0.167 | Opp label coverage: 0.85
Step 4206234/5000000 | Win rate (rollout): 0.50 | Loss: 0.188 | Opp label coverage: 0.90
Step 4206751/5000000 | Win rate (rollout): 0.75 | Loss: 0.151 | Opp label coverage: 0.89
Step 4207263/5000000 | Win rate (rollout): 0.23 | Loss: 0.174 | Opp label coverage: 0.81
Step 4207777/5000000 | Win rate (rollout): 0.58 | Loss: 0.130 | Opp label coverage: 0.88
Step 4208290/5000000 | Win rate (rollout): 0.42 | Loss: 0.188 | Opp label coverage: 0.90
Step 4208804/5000000 | Win rate (rollout): 0.50 | Loss: 0.177 | Opp label coverage: 0.89
Step 4209316/5000000 | Win rate (rollout): 0.25 | Loss: 0.156 | Opp label coverage: 0.82
Step 4209832/5000000 | Win rate (rollout): 0.77 | Loss: 0.172 | Opp label coverage: 0.89
Step 4210344/5000000 | Win rate (rollout): 0.20 | Loss: 0.189 | Opp label coverage: 0.82
Step 4210856/5000000 | Win rate (rollout): 0.21 | Loss: 0.205 | Opp label coverage: 0.86
Step 4211369/5000000 | Win rate (rollout): 0.60 | Loss: 0.143 | Opp label coverage: 0.89
Step 4211883/5000000 | Win rate (rollout): 0.38 | Loss: 0.213 | Opp label coverage: 0.86
Step 4212395/5000000 | Win rate (rollout): 0.20 | Loss: 0.150 | Opp label coverage: 0.83
Step 4212907/5000000 | Win rate (rollout): 0.40 | Loss: 0.151 | Opp label coverage: 0.71
Step 4213426/5000000 | Win rate (rollout): 0.70 | Loss: 0.198 | Opp label coverage: 0.89
Step 4213944/5000000 | Win rate (rollout): 0.50 | Loss: 0.199 | Opp label coverage: 0.87
Step 4214456/5000000 | Win rate (rollout): 0.60 | Loss: 0.200 | Opp label coverage: 0.88
Step 4214971/5000000 | Win rate (rollout): 0.71 | Loss: 0.187 | Opp label coverage: 0.89
Step 4215484/5000000 | Win rate (rollout): 0.43 | Loss: 0.241 | Opp label coverage: 0.89
Step 4216001/5000000 | Win rate (rollout): 0.60 | Loss: 0.146 | Opp label coverage: 0.89
Step 4216513/5000000 | Win rate (rollout): 0.43 | Loss: 0.198 | Opp label coverage: 0.85
Step 4217025/5000000 | Win rate (rollout): 0.38 | Loss: 0.201 | Opp label coverage: 0.83
Step 4217541/5000000 | Win rate (rollout): 0.50 | Loss: 0.145 | Opp label coverage: 0.89
Step 4218053/5000000 | Win rate (rollout): 0.44 | Loss: 0.179 | Opp label coverage: 0.89
Step 4218565/5000000 | Win rate (rollout): 0.57 | Loss: 0.190 | Opp label coverage: 0.82
Step 4219080/5000000 | Win rate (rollout): 0.73 | Loss: 0.141 | Opp label coverage: 0.89
Step 4219598/5000000 | Win rate (rollout): 0.40 | Loss: 0.194 | Opp label coverage: 0.88
Step 4220110/5000000 | Win rate (rollout): 0.54 | Loss: 0.176 | Opp label coverage: 0.88
Step 4220622/5000000 | Win rate (rollout): 0.23 | Loss: 0.178 | Opp label coverage: 0.81
Step 4221135/5000000 | Win rate (rollout): 0.25 | Loss: 0.146 | Opp label coverage: 0.88
Step 4221650/5000000 | Win rate (rollout): 0.38 | Loss: 0.239 | Opp label coverage: 0.88
Step 4222162/5000000 | Win rate (rollout): 0.73 | Loss: 0.167 | Opp label coverage: 0.86
Step 4222674/5000000 | Win rate (rollout): 0.67 | Loss: 0.214 | Opp label coverage: 0.85
Step 4223187/5000000 | Win rate (rollout): 0.44 | Loss: 0.169 | Opp label coverage: 0.89
Step 4223700/5000000 | Win rate (rollout): 0.36 | Loss: 0.219 | Opp label coverage: 0.88
Step 4224214/5000000 | Win rate (rollout): 0.36 | Loss: 0.110 | Opp label coverage: 0.89
Step 4224726/5000000 | Win rate (rollout): 0.36 | Loss: 0.162 | Opp label coverage: 0.86
Step 4225240/5000000 | Win rate (rollout): 0.50 | Loss: 0.146 | Opp label coverage: 0.89
[checkpoint] Saved models/ppo/checkpoints/opp/ppo_step_4225586.pt
Step 4225754/5000000 | Win rate (rollout): 0.46 | Loss: 0.119 | Opp label coverage: 0.89
Step 4226270/5000000 | Win rate (rollout): 0.54 | Loss: 0.120 | Opp label coverage: 0.88
Step 4226787/5000000 | Win rate (rollout): 0.47 | Loss: 0.173 | Opp label coverage: 0.90
Step 4227299/5000000 | Win rate (rollout): 0.23 | Loss: 0.178 | Opp label coverage: 0.78
Step 4227817/5000000 | Win rate (rollout): 0.56 | Loss: 0.177 | Opp label coverage: 0.88
Step 4228329/5000000 | Win rate (rollout): 0.46 | Loss: 0.179 | Opp label coverage: 0.81
Step 4228841/5000000 | Win rate (rollout): 0.38 | Loss: 0.202 | Opp label coverage: 0.83
Step 4229353/5000000 | Win rate (rollout): 0.47 | Loss: 0.207 | Opp label coverage: 0.84
Step 4229866/5000000 | Win rate (rollout): 0.85 | Loss: 0.177 | Opp label coverage: 0.88
Step 4230381/5000000 | Win rate (rollout): 0.50 | Loss: 0.152 | Opp label coverage: 0.90
Step 4230897/5000000 | Win rate (rollout): 0.57 | Loss: 0.230 | Opp label coverage: 0.90
Step 4231410/5000000 | Win rate (rollout): 0.38 | Loss: 0.183 | Opp label coverage: 0.86
Step 4231922/5000000 | Win rate (rollout): 0.57 | Loss: 0.201 | Opp label coverage: 0.89
Step 4232434/5000000 | Win rate (rollout): 0.58 | Loss: 0.197 | Opp label coverage: 0.83
Step 4232952/5000000 | Win rate (rollout): 0.54 | Loss: 0.140 | Opp label coverage: 0.88
Step 4233465/5000000 | Win rate (rollout): 0.38 | Loss: 0.234 | Opp label coverage: 0.87
Step 4233980/5000000 | Win rate (rollout): 0.62 | Loss: 0.203 | Opp label coverage: 0.89
Step 4234494/5000000 | Win rate (rollout): 0.85 | Loss: 0.244 | Opp label coverage: 0.91
Step 4235011/5000000 | Win rate (rollout): 0.64 | Loss: 0.158 | Opp label coverage: 0.90
Step 4235528/5000000 | Win rate (rollout): 0.50 | Loss: 0.224 | Opp label coverage: 0.86
Step 4236045/5000000 | Win rate (rollout): 0.29 | Loss: 0.183 | Opp label coverage: 0.87
Step 4236559/5000000 | Win rate (rollout): 0.56 | Loss: 0.163 | Opp label coverage: 0.87
Step 4237075/5000000 | Win rate (rollout): 0.76 | Loss: 0.142 | Opp label coverage: 0.88
Step 4237592/5000000 | Win rate (rollout): 0.43 | Loss: 0.217 | Opp label coverage: 0.89
Step 4238105/5000000 | Win rate (rollout): 0.73 | Loss: 0.139 | Opp label coverage: 0.89
Step 4238617/5000000 | Win rate (rollout): 0.21 | Loss: 0.170 | Opp label coverage: 0.82
Step 4239129/5000000 | Win rate (rollout): 0.50 | Loss: 0.138 | Opp label coverage: 0.89
Step 4239641/5000000 | Win rate (rollout): 0.50 | Loss: 0.176 | Opp label coverage: 0.82
Step 4240153/5000000 | Win rate (rollout): 0.55 | Loss: 0.168 | Opp label coverage: 0.84
Step 4240665/5000000 | Win rate (rollout): 0.38 | Loss: 0.187 | Opp label coverage: 0.85
Step 4241178/5000000 | Win rate (rollout): 0.25 | Loss: 0.244 | Opp label coverage: 0.89
Step 4241690/5000000 | Win rate (rollout): 0.71 | Loss: 0.195 | Opp label coverage: 0.76
Step 4242202/5000000 | Win rate (rollout): 0.79 | Loss: 0.170 | Opp label coverage: 0.90
Step 4242714/5000000 | Win rate (rollout): 0.53 | Loss: 0.194 | Opp label coverage: 0.83
Step 4243229/5000000 | Win rate (rollout): 0.33 | Loss: 0.185 | Opp label coverage: 0.89
Step 4243741/5000000 | Win rate (rollout): 0.55 | Loss: 0.177 | Opp label coverage: 0.84
Step 4244258/5000000 | Win rate (rollout): 0.73 | Loss: 0.139 | Opp label coverage: 0.89
Step 4244770/5000000 | Win rate (rollout): 0.82 | Loss: 0.160 | Opp label coverage: 0.82
Step 4245282/5000000 | Win rate (rollout): 0.62 | Loss: 0.166 | Opp label coverage: 0.81
Step 4245794/5000000 | Win rate (rollout): 0.50 | Loss: 0.194 | Opp label coverage: 0.84
Step 4246310/5000000 | Win rate (rollout): 0.25 | Loss: 0.155 | Opp label coverage: 0.88
Step 4246822/5000000 | Win rate (rollout): 0.57 | Loss: 0.144 | Opp label coverage: 0.92
Step 4247334/5000000 | Win rate (rollout): 0.57 | Loss: 0.239 | Opp label coverage: 0.79
Step 4247851/5000000 | Win rate (rollout): 0.67 | Loss: 0.171 | Opp label coverage: 0.91
Step 4248363/5000000 | Win rate (rollout): 0.29 | Loss: 0.176 | Opp label coverage: 0.84
Step 4248878/5000000 | Win rate (rollout): 0.38 | Loss: 0.198 | Opp label coverage: 0.89
Step 4249392/5000000 | Win rate (rollout): 0.50 | Loss: 0.131 | Opp label coverage: 0.89
Step 4249904/5000000 | Win rate (rollout): 0.50 | Loss: 0.180 | Opp label coverage: 0.86
Step 4250416/5000000 | Win rate (rollout): 0.77 | Loss: 0.184 | Opp label coverage: 0.80
[checkpoint] Saved models/ppo/checkpoints/opp/ppo_step_4250591.pt
Step 4250933/5000000 | Win rate (rollout): 0.42 | Loss: 0.196 | Opp label coverage: 0.88
Step 4251448/5000000 | Win rate (rollout): 0.62 | Loss: 0.159 | Opp label coverage: 0.88
Step 4251960/5000000 | Win rate (rollout): 0.27 | Loss: 0.180 | Opp label coverage: 0.90
Step 4252475/5000000 | Win rate (rollout): 0.53 | Loss: 0.244 | Opp label coverage: 0.88
Step 4252992/5000000 | Win rate (rollout): 0.44 | Loss: 0.197 | Opp label coverage: 0.87
Step 4253504/5000000 | Win rate (rollout): 0.83 | Loss: 0.220 | Opp label coverage: 0.84
Step 4254016/5000000 | Win rate (rollout): 0.38 | Loss: 0.228 | Opp label coverage: 0.75
Step 4254528/5000000 | Win rate (rollout): 0.62 | Loss: 0.165 | Opp label coverage: 0.81
Step 4255040/5000000 | Win rate (rollout): 0.64 | Loss: 0.170 | Opp label coverage: 0.80
Step 4255552/5000000 | Win rate (rollout): 0.00 | Loss: 0.165 | Opp label coverage: 0.80
Step 4256069/5000000 | Win rate (rollout): 0.70 | Loss: 0.203 | Opp label coverage: 0.90
Step 4256585/5000000 | Win rate (rollout): 0.80 | Loss: 0.213 | Opp label coverage: 0.90
Step 4257102/5000000 | Win rate (rollout): 0.45 | Loss: 0.138 | Opp label coverage: 0.90
Step 4257621/5000000 | Win rate (rollout): 0.56 | Loss: 0.154 | Opp label coverage: 0.89
Step 4258133/5000000 | Win rate (rollout): 0.64 | Loss: 0.189 | Opp label coverage: 0.83
Step 4258645/5000000 | Win rate (rollout): 0.62 | Loss: 0.194 | Opp label coverage: 0.77
Step 4259158/5000000 | Win rate (rollout): 0.55 | Loss: 0.199 | Opp label coverage: 0.87
Step 4259677/5000000 | Win rate (rollout): 0.47 | Loss: 0.182 | Opp label coverage: 0.87
Step 4260194/5000000 | Win rate (rollout): 0.23 | Loss: 0.170 | Opp label coverage: 0.87
Step 4260709/5000000 | Win rate (rollout): 0.60 | Loss: 0.228 | Opp label coverage: 0.90
Step 4261221/5000000 | Win rate (rollout): 0.50 | Loss: 0.198 | Opp label coverage: 0.83
Step 4261733/5000000 | Win rate (rollout): 0.35 | Loss: 0.198 | Opp label coverage: 0.82
Step 4262245/5000000 | Win rate (rollout): 0.35 | Loss: 0.169 | Opp label coverage: 0.79
Step 4262757/5000000 | Win rate (rollout): 0.50 | Loss: 0.223 | Opp label coverage: 0.77
Step 4263269/5000000 | Win rate (rollout): 0.60 | Loss: 0.190 | Opp label coverage: 0.80
Step 4263783/5000000 | Win rate (rollout): 0.58 | Loss: 0.157 | Opp label coverage: 0.87
Step 4264301/5000000 | Win rate (rollout): 0.56 | Loss: 0.190 | Opp label coverage: 0.89
Step 4264813/5000000 | Win rate (rollout): 0.56 | Loss: 0.188 | Opp label coverage: 0.86
Step 4265325/5000000 | Win rate (rollout): 0.43 | Loss: 0.186 | Opp label coverage: 0.81
Step 4265837/5000000 | Win rate (rollout): 0.73 | Loss: 0.164 | Opp label coverage: 0.85
Step 4266350/5000000 | Win rate (rollout): 0.62 | Loss: 0.225 | Opp label coverage: 0.88
Step 4266866/5000000 | Win rate (rollout): 0.31 | Loss: 0.234 | Opp label coverage: 0.88
Step 4267378/5000000 | Win rate (rollout): 0.36 | Loss: 0.193 | Opp label coverage: 0.84
Step 4267890/5000000 | Win rate (rollout): 0.67 | Loss: 0.179 | Opp label coverage: 0.89
Step 4268402/5000000 | Win rate (rollout): 0.54 | Loss: 0.176 | Opp label coverage: 0.81
Step 4268914/5000000 | Win rate (rollout): 0.50 | Loss: 0.207 | Opp label coverage: 0.83
Step 4269428/5000000 | Win rate (rollout): 0.73 | Loss: 0.197 | Opp label coverage: 0.87
Step 4269942/5000000 | Win rate (rollout): 0.55 | Loss: 0.150 | Opp label coverage: 0.91
Step 4270454/5000000 | Win rate (rollout): 0.50 | Loss: 0.170 | Opp label coverage: 0.87
Step 4270971/5000000 | Win rate (rollout): 0.33 | Loss: 0.145 | Opp label coverage: 0.88
Step 4271489/5000000 | Win rate (rollout): 0.29 | Loss: 0.153 | Opp label coverage: 0.89
Step 4272002/5000000 | Win rate (rollout): 0.69 | Loss: 0.101 | Opp label coverage: 0.89
Step 4272514/5000000 | Win rate (rollout): 0.23 | Loss: 0.177 | Opp label coverage: 0.70
Step 4273026/5000000 | Win rate (rollout): 0.70 | Loss: 0.197 | Opp label coverage: 0.83
Step 4273542/5000000 | Win rate (rollout): 0.25 | Loss: 0.141 | Opp label coverage: 0.88
Step 4274054/5000000 | Win rate (rollout): 0.55 | Loss: 0.169 | Opp label coverage: 0.81
Step 4274568/5000000 | Win rate (rollout): 0.33 | Loss: 0.170 | Opp label coverage: 0.89
Step 4275080/5000000 | Win rate (rollout): 0.23 | Loss: 0.173 | Opp label coverage: 0.81
[checkpoint] Saved models/ppo/checkpoints/opp/ppo_step_4275592.pt
Step 4275592/5000000 | Win rate (rollout): 0.47 | Loss: 0.220 | Opp label coverage: 0.82
Step 4276104/5000000 | Win rate (rollout): 0.60 | Loss: 0.176 | Opp label coverage: 0.79
Step 4276616/5000000 | Win rate (rollout): 0.50 | Loss: 0.175 | Opp label coverage: 0.82
Step 4277133/5000000 | Win rate (rollout): 0.70 | Loss: 0.215 | Opp label coverage: 0.90
Step 4277645/5000000 | Win rate (rollout): 0.50 | Loss: 0.155 | Opp label coverage: 0.88
Step 4278157/5000000 | Win rate (rollout): 0.50 | Loss: 0.200 | Opp label coverage: 0.81
Step 4278669/5000000 | Win rate (rollout): 0.59 | Loss: 0.186 | Opp label coverage: 0.78
Step 4279187/5000000 | Win rate (rollout): 0.44 | Loss: 0.166 | Opp label coverage: 0.88
Step 4279699/5000000 | Win rate (rollout): 0.25 | Loss: 0.167 | Opp label coverage: 0.76
Step 4280212/5000000 | Win rate (rollout): 0.45 | Loss: 0.248 | Opp label coverage: 0.89
Step 4280725/5000000 | Win rate (rollout): 0.50 | Loss: 0.199 | Opp label coverage: 0.87
Step 4281237/5000000 | Win rate (rollout): 0.36 | Loss: 0.164 | Opp label coverage: 0.78
Step 4281749/5000000 | Win rate (rollout): 0.70 | Loss: 0.181 | Opp label coverage: 0.90
Step 4282262/5000000 | Win rate (rollout): 0.62 | Loss: 0.241 | Opp label coverage: 0.88
Step 4282774/5000000 | Win rate (rollout): 0.50 | Loss: 0.169 | Opp label coverage: 0.79
Step 4283286/5000000 | Win rate (rollout): 0.21 | Loss: 0.195 | Opp label coverage: 0.78
Step 4283798/5000000 | Win rate (rollout): 0.33 | Loss: 0.163 | Opp label coverage: 0.80
Step 4284310/5000000 | Win rate (rollout): 0.40 | Loss: 0.153 | Opp label coverage: 0.85
Step 4284827/5000000 | Win rate (rollout): 0.40 | Loss: 0.221 | Opp label coverage: 0.89
Step 4285342/5000000 | Win rate (rollout): 0.64 | Loss: 0.148 | Opp label coverage: 0.90
Step 4285855/5000000 | Win rate (rollout): 0.43 | Loss: 0.183 | Opp label coverage: 0.88
Step 4286367/5000000 | Win rate (rollout): 0.57 | Loss: 0.165 | Opp label coverage: 0.81
Step 4286881/5000000 | Win rate (rollout): 0.44 | Loss: 0.202 | Opp label coverage: 0.89
Step 4287393/5000000 | Win rate (rollout): 0.29 | Loss: 0.185 | Opp label coverage: 0.82
Step 4287905/5000000 | Win rate (rollout): 0.29 | Loss: 0.171 | Opp label coverage: 0.81
Step 4288423/5000000 | Win rate (rollout): 0.42 | Loss: 0.156 | Opp label coverage: 0.87
Step 4288941/5000000 | Win rate (rollout): 0.42 | Loss: 0.145 | Opp label coverage: 0.89
Step 4289453/5000000 | Win rate (rollout): 1.00 | Loss: 0.196 | Opp label coverage: 0.86
Step 4289968/5000000 | Win rate (rollout): 0.25 | Loss: 0.120 | Opp label coverage: 0.90
Step 4290480/5000000 | Win rate (rollout): 0.62 | Loss: 0.183 | Opp label coverage: 0.83
Step 4290992/5000000 | Win rate (rollout): 0.65 | Loss: 0.192 | Opp label coverage: 0.83
Step 4291505/5000000 | Win rate (rollout): 0.56 | Loss: 0.118 | Opp label coverage: 0.88
Step 4292017/5000000 | Win rate (rollout): 0.47 | Loss: 0.143 | Opp label coverage: 0.89
Step 4292530/5000000 | Win rate (rollout): 0.62 | Loss: 0.328 | Opp label coverage: 0.88
Step 4293042/5000000 | Win rate (rollout): 0.78 | Loss: 0.179 | Opp label coverage: 0.82
Step 4293554/5000000 | Win rate (rollout): 0.10 | Loss: 0.167 | Opp label coverage: 0.77
Step 4294072/5000000 | Win rate (rollout): 0.50 | Loss: 0.171 | Opp label coverage: 0.87
Step 4294584/5000000 | Win rate (rollout): 0.23 | Loss: 0.188 | Opp label coverage: 0.83
Step 4295096/5000000 | Win rate (rollout): 0.47 | Loss: 0.196 | Opp label coverage: 0.82
Step 4295608/5000000 | Win rate (rollout): 0.44 | Loss: 0.202 | Opp label coverage: 0.84
Step 4296120/5000000 | Win rate (rollout): 0.30 | Loss: 0.169 | Opp label coverage: 0.89
Step 4296632/5000000 | Win rate (rollout): 0.09 | Loss: 0.147 | Opp label coverage: 0.76
Step 4297144/5000000 | Win rate (rollout): 0.67 | Loss: 0.186 | Opp label coverage: 0.85
Step 4297656/5000000 | Win rate (rollout): 0.36 | Loss: 0.182 | Opp label coverage: 0.82
Step 4298168/5000000 | Win rate (rollout): 0.19 | Loss: 0.167 | Opp label coverage: 0.78
Step 4298680/5000000 | Win rate (rollout): 0.47 | Loss: 0.201 | Opp label coverage: 0.84
Step 4299196/5000000 | Win rate (rollout): 0.55 | Loss: 0.248 | Opp label coverage: 0.89
Step 4299708/5000000 | Win rate (rollout): 0.56 | Loss: 0.168 | Opp label coverage: 0.80
Step 4300223/5000000 | Win rate (rollout): 0.58 | Loss: 0.161 | Opp label coverage: 0.88
[checkpoint] Saved models/ppo/checkpoints/opp/ppo_step_4300594.pt
Step 4300735/5000000 | Win rate (rollout): 0.71 | Loss: 0.169 | Opp label coverage: 0.88
Step 4301248/5000000 | Win rate (rollout): 0.54 | Loss: 0.204 | Opp label coverage: 0.90
Step 4301760/5000000 | Win rate (rollout): 0.42 | Loss: 0.169 | Opp label coverage: 0.80
Step 4302275/5000000 | Win rate (rollout): 0.50 | Loss: 0.201 | Opp label coverage: 0.88
Step 4302787/5000000 | Win rate (rollout): 0.50 | Loss: 0.176 | Opp label coverage: 0.79
Step 4303302/5000000 | Win rate (rollout): 0.42 | Loss: 0.133 | Opp label coverage: 0.88
Step 4303814/5000000 | Win rate (rollout): 0.50 | Loss: 0.180 | Opp label coverage: 0.83
Step 4304326/5000000 | Win rate (rollout): 0.38 | Loss: 0.172 | Opp label coverage: 0.78
Step 4304838/5000000 | Win rate (rollout): 0.62 | Loss: 0.205 | Opp label coverage: 0.87
Step 4305352/5000000 | Win rate (rollout): 0.40 | Loss: 0.132 | Opp label coverage: 0.89
Step 4305864/5000000 | Win rate (rollout): 0.17 | Loss: 0.162 | Opp label coverage: 0.83
Step 4306376/5000000 | Win rate (rollout): 0.50 | Loss: 0.173 | Opp label coverage: 0.82
Step 4306895/5000000 | Win rate (rollout): 0.64 | Loss: 0.149 | Opp label coverage: 0.88
Step 4307407/5000000 | Win rate (rollout): 0.46 | Loss: 0.178 | Opp label coverage: 0.75
Step 4307926/5000000 | Win rate (rollout): 0.45 | Loss: 0.188 | Opp label coverage: 0.88
Step 4308438/5000000 | Win rate (rollout): 0.64 | Loss: 0.178 | Opp label coverage: 0.84
Step 4308950/5000000 | Win rate (rollout): 0.54 | Loss: 0.216 | Opp label coverage: 0.83
Step 4309462/5000000 | Win rate (rollout): 0.67 | Loss: 0.154 | Opp label coverage: 0.85
Step 4309974/5000000 | Win rate (rollout): 0.70 | Loss: 0.174 | Opp label coverage: 0.90
Step 4310490/5000000 | Win rate (rollout): 0.50 | Loss: 0.168 | Opp label coverage: 0.87
Step 4311006/5000000 | Win rate (rollout): 0.47 | Loss: 0.154 | Opp label coverage: 0.89
Step 4311523/5000000 | Win rate (rollout): 0.50 | Loss: 0.154 | Opp label coverage: 0.87
Step 4312035/5000000 | Win rate (rollout): 0.55 | Loss: 0.169 | Opp label coverage: 0.79
Step 4312547/5000000 | Win rate (rollout): 0.11 | Loss: 0.187 | Opp label coverage: 0.82
Step 4313059/5000000 | Win rate (rollout): 0.40 | Loss: 0.175 | Opp label coverage: 0.82
Step 4313575/5000000 | Win rate (rollout): 0.55 | Loss: 0.156 | Opp label coverage: 0.88
Step 4314091/5000000 | Win rate (rollout): 0.50 | Loss: 0.191 | Opp label coverage: 0.88
Step 4314603/5000000 | Win rate (rollout): 0.60 | Loss: 0.175 | Opp label coverage: 0.76
Step 4315115/5000000 | Win rate (rollout): 0.36 | Loss: 0.208 | Opp label coverage: 0.78
Step 4315627/5000000 | Win rate (rollout): 0.75 | Loss: 0.165 | Opp label coverage: 0.76
Step 4316139/5000000 | Win rate (rollout): 0.82 | Loss: 0.183 | Opp label coverage: 0.83
Step 4316654/5000000 | Win rate (rollout): 0.38 | Loss: 0.193 | Opp label coverage: 0.87
Step 4317171/5000000 | Win rate (rollout): 0.33 | Loss: 0.245 | Opp label coverage: 0.87
Step 4317683/5000000 | Win rate (rollout): 0.46 | Loss: 0.187 | Opp label coverage: 0.79
Step 4318195/5000000 | Win rate (rollout): 0.36 | Loss: 0.176 | Opp label coverage: 0.81
Step 4318713/5000000 | Win rate (rollout): 0.44 | Loss: 0.192 | Opp label coverage: 0.88
Step 4319231/5000000 | Win rate (rollout): 0.75 | Loss: 0.118 | Opp label coverage: 0.91
Step 4319746/5000000 | Win rate (rollout): 0.56 | Loss: 0.186 | Opp label coverage: 0.89
Step 4320260/5000000 | Win rate (rollout): 0.56 | Loss: 0.192 | Opp label coverage: 0.88
Step 4320772/5000000 | Win rate (rollout): 0.45 | Loss: 0.172 | Opp label coverage: 0.81
Step 4321284/5000000 | Win rate (rollout): 0.44 | Loss: 0.176 | Opp label coverage: 0.87
Step 4321796/5000000 | Win rate (rollout): 0.33 | Loss: 0.207 | Opp label coverage: 0.82
Step 4322310/5000000 | Win rate (rollout): 0.40 | Loss: 0.142 | Opp label coverage: 0.87
Step 4322822/5000000 | Win rate (rollout): 0.71 | Loss: 0.175 | Opp label coverage: 0.83
Step 4323334/5000000 | Win rate (rollout): 0.31 | Loss: 0.191 | Opp label coverage: 0.82
Step 4323850/5000000 | Win rate (rollout): 0.44 | Loss: 0.201 | Opp label coverage: 0.88
Step 4324362/5000000 | Win rate (rollout): 0.57 | Loss: 0.154 | Opp label coverage: 0.80
Step 4324874/5000000 | Win rate (rollout): 0.50 | Loss: 0.202 | Opp label coverage: 0.83
Step 4325386/5000000 | Win rate (rollout): 0.44 | Loss: 0.174 | Opp label coverage: 0.80
[checkpoint] Saved models/ppo/checkpoints/opp/ppo_step_4325594.pt
Step 4325898/5000000 | Win rate (rollout): 0.60 | Loss: 0.179 | Opp label coverage: 0.82
Step 4326412/5000000 | Win rate (rollout): 0.60 | Loss: 0.130 | Opp label coverage: 0.89
Step 4326925/5000000 | Win rate (rollout): 0.40 | Loss: 0.126 | Opp label coverage: 0.87
Step 4327437/5000000 | Win rate (rollout): 0.70 | Loss: 0.175 | Opp label coverage: 0.84
Step 4327949/5000000 | Win rate (rollout): 0.62 | Loss: 0.196 | Opp label coverage: 0.84
Step 4328461/5000000 | Win rate (rollout): 0.44 | Loss: 0.153 | Opp label coverage: 0.86
Step 4328973/5000000 | Win rate (rollout): 0.45 | Loss: 0.166 | Opp label coverage: 0.72
Step 4329485/5000000 | Win rate (rollout): 0.42 | Loss: 0.158 | Opp label coverage: 0.88
Step 4330000/5000000 | Win rate (rollout): 0.42 | Loss: 0.189 | Opp label coverage: 0.89
Step 4330512/5000000 | Win rate (rollout): 0.67 | Loss: 0.155 | Opp label coverage: 0.83
Step 4331024/5000000 | Win rate (rollout): 0.40 | Loss: 0.202 | Opp label coverage: 0.84
Step 4331541/5000000 | Win rate (rollout): 0.44 | Loss: 0.136 | Opp label coverage: 0.89
Step 4332053/5000000 | Win rate (rollout): 0.56 | Loss: 0.216 | Opp label coverage: 0.85
Step 4332565/5000000 | Win rate (rollout): 0.25 | Loss: 0.158 | Opp label coverage: 0.88
Step 4333077/5000000 | Win rate (rollout): 0.80 | Loss: 0.173 | Opp label coverage: 0.86
Step 4333589/5000000 | Win rate (rollout): 0.18 | Loss: 0.192 | Opp label coverage: 0.83
Step 4334106/5000000 | Win rate (rollout): 0.55 | Loss: 0.198 | Opp label coverage: 0.88
Step 4334618/5000000 | Win rate (rollout): 0.50 | Loss: 0.178 | Opp label coverage: 0.82
Step 4335130/5000000 | Win rate (rollout): 0.69 | Loss: 0.230 | Opp label coverage: 0.84
Step 4335645/5000000 | Win rate (rollout): 0.62 | Loss: 0.161 | Opp label coverage: 0.88
Step 4336161/5000000 | Win rate (rollout): 0.50 | Loss: 0.152 | Opp label coverage: 0.90
Step 4336679/5000000 | Win rate (rollout): 0.69 | Loss: 0.187 | Opp label coverage: 0.87
Step 4337191/5000000 | Win rate (rollout): 0.17 | Loss: 0.171 | Opp label coverage: 0.82
Step 4337706/5000000 | Win rate (rollout): 0.57 | Loss: 0.206 | Opp label coverage: 0.89
Step 4338218/5000000 | Win rate (rollout): 0.56 | Loss: 0.181 | Opp label coverage: 0.83
Step 4338730/5000000 | Win rate (rollout): 0.42 | Loss: 0.141 | Opp label coverage: 0.88
Step 4339243/5000000 | Win rate (rollout): 0.58 | Loss: 0.185 | Opp label coverage: 0.87
Step 4339755/5000000 | Win rate (rollout): 0.75 | Loss: 0.181 | Opp label coverage: 0.85
Step 4340271/5000000 | Win rate (rollout): 0.62 | Loss: 0.153 | Opp label coverage: 0.89
Step 4340784/5000000 | Win rate (rollout): 0.44 | Loss: 0.102 | Opp label coverage: 0.89
Step 4341297/5000000 | Win rate (rollout): 0.53 | Loss: 0.200 | Opp label coverage: 0.88
Step 4341814/5000000 | Win rate (rollout): 0.21 | Loss: 0.145 | Opp label coverage: 0.89
Step 4342326/5000000 | Win rate (rollout): 0.56 | Loss: 0.191 | Opp label coverage: 0.83
Step 4342838/5000000 | Win rate (rollout): 0.64 | Loss: 0.197 | Opp label coverage: 0.81
Step 4343350/5000000 | Win rate (rollout): 0.40 | Loss: 0.164 | Opp label coverage: 0.89
Step 4343862/5000000 | Win rate (rollout): 0.50 | Loss: 0.186 | Opp label coverage: 0.82
Step 4344377/5000000 | Win rate (rollout): 0.42 | Loss: 0.252 | Opp label coverage: 0.86
Step 4344896/5000000 | Win rate (rollout): 0.29 | Loss: 0.142 | Opp label coverage: 0.90
Step 4345409/5000000 | Win rate (rollout): 0.58 | Loss: 0.108 | Opp label coverage: 0.91
Step 4345922/5000000 | Win rate (rollout): 0.62 | Loss: 0.167 | Opp label coverage: 0.87
Step 4346434/5000000 | Win rate (rollout): 0.53 | Loss: 0.185 | Opp label coverage: 0.88
Step 4346946/5000000 | Win rate (rollout): 0.29 | Loss: 0.189 | Opp label coverage: 0.85
Step 4347458/5000000 | Win rate (rollout): 0.45 | Loss: 0.160 | Opp label coverage: 0.89
Step 4347970/5000000 | Win rate (rollout): 0.40 | Loss: 0.226 | Opp label coverage: 0.86
Step 4348482/5000000 | Win rate (rollout): 0.45 | Loss: 0.167 | Opp label coverage: 0.87
Step 4348994/5000000 | Win rate (rollout): 0.71 | Loss: 0.229 | Opp label coverage: 0.88
Step 4349507/5000000 | Win rate (rollout): 0.43 | Loss: 0.159 | Opp label coverage: 0.89
Step 4350022/5000000 | Win rate (rollout): 0.38 | Loss: 0.186 | Opp label coverage: 0.87
Step 4350537/5000000 | Win rate (rollout): 0.50 | Loss: 0.195 | Opp label coverage: 0.90
[checkpoint] Saved models/ppo/checkpoints/opp/ppo_step_4350601.pt
Step 4351049/5000000 | Win rate (rollout): 0.50 | Loss: 0.199 | Opp label coverage: 0.82
Step 4351561/5000000 | Win rate (rollout): 0.67 | Loss: 0.174 | Opp label coverage: 0.90
Step 4352073/5000000 | Win rate (rollout): 0.42 | Loss: 0.165 | Opp label coverage: 0.82
Step 4352585/5000000 | Win rate (rollout): 0.50 | Loss: 0.171 | Opp label coverage: 0.84
Step 4353103/5000000 | Win rate (rollout): 0.56 | Loss: 0.169 | Opp label coverage: 0.90
Step 4353615/5000000 | Win rate (rollout): 0.70 | Loss: 0.172 | Opp label coverage: 0.78
Step 4354131/5000000 | Win rate (rollout): 0.50 | Loss: 0.278 | Opp label coverage: 0.88
Step 4354643/5000000 | Win rate (rollout): 0.71 | Loss: 0.195 | Opp label coverage: 0.82
Step 4355155/5000000 | Win rate (rollout): 0.35 | Loss: 0.169 | Opp label coverage: 0.81
Step 4355667/5000000 | Win rate (rollout): 0.53 | Loss: 0.206 | Opp label coverage: 0.83
Step 4356179/5000000 | Win rate (rollout): 0.53 | Loss: 0.178 | Opp label coverage: 0.84
Step 4356693/5000000 | Win rate (rollout): 0.70 | Loss: 0.174 | Opp label coverage: 0.89
Step 4357205/5000000 | Win rate (rollout): 0.23 | Loss: 0.209 | Opp label coverage: 0.83
Step 4357723/5000000 | Win rate (rollout): 0.67 | Loss: 0.206 | Opp label coverage: 0.88
Step 4358235/5000000 | Win rate (rollout): 0.25 | Loss: 0.167 | Opp label coverage: 0.82
Step 4358747/5000000 | Win rate (rollout): 0.29 | Loss: 0.172 | Opp label coverage: 0.82
Step 4359263/5000000 | Win rate (rollout): 0.42 | Loss: 0.218 | Opp label coverage: 0.87
Step 4359775/5000000 | Win rate (rollout): 0.40 | Loss: 0.170 | Opp label coverage: 0.85
Step 4360291/5000000 | Win rate (rollout): 0.25 | Loss: 0.178 | Opp label coverage: 0.87
Step 4360803/5000000 | Win rate (rollout): 0.80 | Loss: 0.184 | Opp label coverage: 0.83
Step 4361315/5000000 | Win rate (rollout): 0.86 | Loss: 0.147 | Opp label coverage: 0.86
Step 4361829/5000000 | Win rate (rollout): 0.45 | Loss: 0.182 | Opp label coverage: 0.88
Step 4362344/5000000 | Win rate (rollout): 0.54 | Loss: 0.159 | Opp label coverage: 0.89
Step 4362856/5000000 | Win rate (rollout): 0.62 | Loss: 0.163 | Opp label coverage: 0.89
Step 4363370/5000000 | Win rate (rollout): 0.29 | Loss: 0.212 | Opp label coverage: 0.87
Step 4363882/5000000 | Win rate (rollout): 0.56 | Loss: 0.174 | Opp label coverage: 0.83
Step 4364394/5000000 | Win rate (rollout): 0.46 | Loss: 0.180 | Opp label coverage: 0.83
Step 4364906/5000000 | Win rate (rollout): 0.43 | Loss: 0.170 | Opp label coverage: 0.85
Step 4365422/5000000 | Win rate (rollout): 0.44 | Loss: 0.127 | Opp label coverage: 0.89
Step 4365936/5000000 | Win rate (rollout): 0.42 | Loss: 0.167 | Opp label coverage: 0.90
Step 4366449/5000000 | Win rate (rollout): 0.40 | Loss: 0.119 | Opp label coverage: 0.89
Step 4366968/5000000 | Win rate (rollout): 0.40 | Loss: 0.180 | Opp label coverage: 0.87
Step 4367480/5000000 | Win rate (rollout): 0.36 | Loss: 0.175 | Opp label coverage: 0.85
Step 4367993/5000000 | Win rate (rollout): 0.73 | Loss: 0.042 | Opp label coverage: 0.89
Step 4368508/5000000 | Win rate (rollout): 0.60 | Loss: 0.244 | Opp label coverage: 0.88
Step 4369025/5000000 | Win rate (rollout): 0.67 | Loss: 0.160 | Opp label coverage: 0.91
Step 4369540/5000000 | Win rate (rollout): 0.67 | Loss: 0.157 | Opp label coverage: 0.89
Step 4370052/5000000 | Win rate (rollout): 0.50 | Loss: 0.172 | Opp label coverage: 0.86
Step 4370570/5000000 | Win rate (rollout): 0.18 | Loss: 0.193 | Opp label coverage: 0.88
Step 4371084/5000000 | Win rate (rollout): 0.33 | Loss: 0.155 | Opp label coverage: 0.89
Step 4371599/5000000 | Win rate (rollout): 0.50 | Loss: 0.200 | Opp label coverage: 0.88
Step 4372111/5000000 | Win rate (rollout): 0.33 | Loss: 0.189 | Opp label coverage: 0.88
Step 4372623/5000000 | Win rate (rollout): 0.67 | Loss: 0.171 | Opp label coverage: 0.83
Step 4373136/5000000 | Win rate (rollout): 0.75 | Loss: 0.218 | Opp label coverage: 0.89
Step 4373648/5000000 | Win rate (rollout): 0.67 | Loss: 0.182 | Opp label coverage: 0.81
Step 4374160/5000000 | Win rate (rollout): 0.50 | Loss: 0.177 | Opp label coverage: 0.85
Step 4374672/5000000 | Win rate (rollout): 0.60 | Loss: 0.174 | Opp label coverage: 0.87
Step 4375184/5000000 | Win rate (rollout): 0.55 | Loss: 0.176 | Opp label coverage: 0.78
[checkpoint] Saved models/ppo/checkpoints/opp/ppo_step_4375602.pt
Step 4375703/5000000 | Win rate (rollout): 0.38 | Loss: 0.204 | Opp label coverage: 0.88
Step 4376215/5000000 | Win rate (rollout): 0.17 | Loss: 0.166 | Opp label coverage: 0.81
Step 4376727/5000000 | Win rate (rollout): 0.29 | Loss: 0.195 | Opp label coverage: 0.81
Step 4377241/5000000 | Win rate (rollout): 0.75 | Loss: 0.090 | Opp label coverage: 0.91
Step 4377758/5000000 | Win rate (rollout): 0.35 | Loss: 0.128 | Opp label coverage: 0.88
Step 4378277/5000000 | Win rate (rollout): 0.53 | Loss: 0.220 | Opp label coverage: 0.89
Step 4378789/5000000 | Win rate (rollout): 0.43 | Loss: 0.209 | Opp label coverage: 0.83
Step 4379301/5000000 | Win rate (rollout): 0.57 | Loss: 0.179 | Opp label coverage: 0.79
Step 4379813/5000000 | Win rate (rollout): 0.21 | Loss: 0.197 | Opp label coverage: 0.85
Step 4380325/5000000 | Win rate (rollout): 0.31 | Loss: 0.168 | Opp label coverage: 0.82
Step 4380837/5000000 | Win rate (rollout): 0.60 | Loss: 0.232 | Opp label coverage: 0.89
Step 4381353/5000000 | Win rate (rollout): 0.31 | Loss: 0.162 | Opp label coverage: 0.87
Step 4381872/5000000 | Win rate (rollout): 0.47 | Loss: 0.190 | Opp label coverage: 0.88
Step 4382384/5000000 | Win rate (rollout): 0.50 | Loss: 0.163 | Opp label coverage: 0.79
Step 4382896/5000000 | Win rate (rollout): 0.46 | Loss: 0.170 | Opp label coverage: 0.87
Step 4383410/5000000 | Win rate (rollout): 0.33 | Loss: 0.254 | Opp label coverage: 0.86
Step 4383922/5000000 | Win rate (rollout): 0.27 | Loss: 0.150 | Opp label coverage: 0.86
Step 4384434/5000000 | Win rate (rollout): 0.50 | Loss: 0.215 | Opp label coverage: 0.84
Step 4384946/5000000 | Win rate (rollout): 0.75 | Loss: 0.186 | Opp label coverage: 0.82
Step 4385459/5000000 | Win rate (rollout): 0.58 | Loss: 0.132 | Opp label coverage: 0.90
Step 4385971/5000000 | Win rate (rollout): 0.67 | Loss: 0.156 | Opp label coverage: 0.82
Step 4386483/5000000 | Win rate (rollout): 0.60 | Loss: 0.169 | Opp label coverage: 0.82
Step 4386995/5000000 | Win rate (rollout): 0.33 | Loss: 0.207 | Opp label coverage: 0.82
Step 4387507/5000000 | Win rate (rollout): 0.90 | Loss: 0.161 | Opp label coverage: 0.84
Step 4388021/5000000 | Win rate (rollout): 0.22 | Loss: 0.134 | Opp label coverage: 0.88
Step 4388533/5000000 | Win rate (rollout): 0.41 | Loss: 0.187 | Opp label coverage: 0.89
Step 4389045/5000000 | Win rate (rollout): 0.54 | Loss: 0.189 | Opp label coverage: 0.83
Step 4389557/5000000 | Win rate (rollout): 0.38 | Loss: 0.170 | Opp label coverage: 0.88
Step 4390069/5000000 | Win rate (rollout): 0.59 | Loss: 0.221 | Opp label coverage: 0.88
Step 4390581/5000000 | Win rate (rollout): 0.43 | Loss: 0.178 | Opp label coverage: 0.82
Step 4391093/5000000 | Win rate (rollout): 0.40 | Loss: 0.178 | Opp label coverage: 0.84
Step 4391610/5000000 | Win rate (rollout): 0.75 | Loss: 0.230 | Opp label coverage: 0.91
Step 4392125/5000000 | Win rate (rollout): 0.64 | Loss: 0.173 | Opp label coverage: 0.87
Step 4392637/5000000 | Win rate (rollout): 0.38 | Loss: 0.189 | Opp label coverage: 0.79
Step 4393149/5000000 | Win rate (rollout): 0.43 | Loss: 0.184 | Opp label coverage: 0.83
Step 4393663/5000000 | Win rate (rollout): 0.50 | Loss: 0.156 | Opp label coverage: 0.88
Step 4394177/5000000 | Win rate (rollout): 0.38 | Loss: 0.168 | Opp label coverage: 0.87
Step 4394694/5000000 | Win rate (rollout): 0.64 | Loss: 0.198 | Opp label coverage: 0.88
Step 4395211/5000000 | Win rate (rollout): 0.55 | Loss: 0.124 | Opp label coverage: 0.91
Step 4395723/5000000 | Win rate (rollout): 0.29 | Loss: 0.184 | Opp label coverage: 0.85
Step 4396235/5000000 | Win rate (rollout): 0.47 | Loss: 0.210 | Opp label coverage: 0.82
Step 4396752/5000000 | Win rate (rollout): 0.80 | Loss: 0.136 | Opp label coverage: 0.89
Step 4397267/5000000 | Win rate (rollout): 0.23 | Loss: 0.188 | Opp label coverage: 0.89
Step 4397783/5000000 | Win rate (rollout): 0.53 | Loss: 0.208 | Opp label coverage: 0.89
Step 4398296/5000000 | Win rate (rollout): 0.92 | Loss: 0.184 | Opp label coverage: 0.91
Step 4398808/5000000 | Win rate (rollout): 0.36 | Loss: 0.187 | Opp label coverage: 0.79
Step 4399320/5000000 | Win rate (rollout): 0.56 | Loss: 0.168 | Opp label coverage: 0.85
Step 4399835/5000000 | Win rate (rollout): 0.15 | Loss: 0.166 | Opp label coverage: 0.87
Step 4400347/5000000 | Win rate (rollout): 0.88 | Loss: 0.169 | Opp label coverage: 0.85
[checkpoint] Saved models/ppo/checkpoints/opp/ppo_step_4400605.pt
Step 4400863/5000000 | Win rate (rollout): 0.33 | Loss: 0.173 | Opp label coverage: 0.87
Step 4401382/5000000 | Win rate (rollout): 0.62 | Loss: 0.194 | Opp label coverage: 0.89
Step 4401894/5000000 | Win rate (rollout): 1.00 | Loss: 0.188 | Opp label coverage: 0.85
Step 4402406/5000000 | Win rate (rollout): 0.45 | Loss: 0.206 | Opp label coverage: 0.85
Step 4402920/5000000 | Win rate (rollout): 0.56 | Loss: 0.218 | Opp label coverage: 0.90
Step 4403434/5000000 | Win rate (rollout): 0.33 | Loss: 0.190 | Opp label coverage: 0.87
Step 4403949/5000000 | Win rate (rollout): 0.50 | Loss: 0.139 | Opp label coverage: 0.90
Step 4404467/5000000 | Win rate (rollout): 0.40 | Loss: 0.183 | Opp label coverage: 0.87
Step 4404981/5000000 | Win rate (rollout): 0.69 | Loss: 0.135 | Opp label coverage: 0.91
Step 4405493/5000000 | Win rate (rollout): 0.50 | Loss: 0.202 | Opp label coverage: 0.85
Step 4406005/5000000 | Win rate (rollout): 0.23 | Loss: 0.193 | Opp label coverage: 0.82
Step 4406519/5000000 | Win rate (rollout): 0.50 | Loss: 0.246 | Opp label coverage: 0.88
Step 4407031/5000000 | Win rate (rollout): 0.62 | Loss: 0.168 | Opp label coverage: 0.84
Step 4407547/5000000 | Win rate (rollout): 0.38 | Loss: 0.174 | Opp label coverage: 0.87
Step 4408059/5000000 | Win rate (rollout): 0.45 | Loss: 0.182 | Opp label coverage: 0.82
Step 4408571/5000000 | Win rate (rollout): 0.57 | Loss: 0.189 | Opp label coverage: 0.76
Step 4409087/5000000 | Win rate (rollout): 0.60 | Loss: 0.199 | Opp label coverage: 0.87
Step 4409605/5000000 | Win rate (rollout): 0.50 | Loss: 0.145 | Opp label coverage: 0.88
Step 4410117/5000000 | Win rate (rollout): 0.15 | Loss: 0.191 | Opp label coverage: 0.82
Step 4410635/5000000 | Win rate (rollout): 0.55 | Loss: 0.196 | Opp label coverage: 0.88
Step 4411147/5000000 | Win rate (rollout): 0.38 | Loss: 0.177 | Opp label coverage: 0.85
Step 4411659/5000000 | Win rate (rollout): 0.67 | Loss: 0.187 | Opp label coverage: 0.79
Step 4412173/5000000 | Win rate (rollout): 0.45 | Loss: 0.220 | Opp label coverage: 0.88
Step 4412685/5000000 | Win rate (rollout): 0.29 | Loss: 0.145 | Opp label coverage: 0.79
Step 4413197/5000000 | Win rate (rollout): 0.31 | Loss: 0.163 | Opp label coverage: 0.81
Step 4413715/5000000 | Win rate (rollout): 0.50 | Loss: 0.136 | Opp label coverage: 0.88
Step 4414232/5000000 | Win rate (rollout): 0.43 | Loss: 0.158 | Opp label coverage: 0.89
Step 4414744/5000000 | Win rate (rollout): 0.42 | Loss: 0.220 | Opp label coverage: 0.83
Step 4415256/5000000 | Win rate (rollout): 0.29 | Loss: 0.194 | Opp label coverage: 0.83
Step 4415768/5000000 | Win rate (rollout): 0.56 | Loss: 0.169 | Opp label coverage: 0.81
Step 4416280/5000000 | Win rate (rollout): 0.36 | Loss: 0.183 | Opp label coverage: 0.86
Step 4416793/5000000 | Win rate (rollout): 0.62 | Loss: 0.110 | Opp label coverage: 0.90
Step 4417305/5000000 | Win rate (rollout): 0.45 | Loss: 0.181 | Opp label coverage: 0.84
Step 4417822/5000000 | Win rate (rollout): 0.50 | Loss: 0.210 | Opp label coverage: 0.88
Step 4418339/5000000 | Win rate (rollout): 0.23 | Loss: 0.183 | Opp label coverage: 0.88
Step 4418851/5000000 | Win rate (rollout): 0.31 | Loss: 0.195 | Opp label coverage: 0.79
Step 4419367/5000000 | Win rate (rollout): 0.64 | Loss: 0.149 | Opp label coverage: 0.89
Step 4419879/5000000 | Win rate (rollout): 0.58 | Loss: 0.179 | Opp label coverage: 0.84
Step 4420396/5000000 | Win rate (rollout): 0.25 | Loss: 0.190 | Opp label coverage: 0.87
Step 4420913/5000000 | Win rate (rollout): 0.62 | Loss: 0.164 | Opp label coverage: 0.88
Step 4421427/5000000 | Win rate (rollout): 0.44 | Loss: 0.158 | Opp label coverage: 0.87
Step 4421946/5000000 | Win rate (rollout): 0.38 | Loss: 0.208 | Opp label coverage: 0.89
Step 4422461/5000000 | Win rate (rollout): 0.53 | Loss: 0.202 | Opp label coverage: 0.87
Step 4422977/5000000 | Win rate (rollout): 0.50 | Loss: 0.163 | Opp label coverage: 0.88
Step 4423489/5000000 | Win rate (rollout): 0.42 | Loss: 0.201 | Opp label coverage: 0.83
Step 4424001/5000000 | Win rate (rollout): 0.82 | Loss: 0.182 | Opp label coverage: 0.85
Step 4424513/5000000 | Win rate (rollout): 0.75 | Loss: 0.159 | Opp label coverage: 0.84
Step 4425025/5000000 | Win rate (rollout): 0.35 | Loss: 0.205 | Opp label coverage: 0.84
Step 4425537/5000000 | Win rate (rollout): 0.57 | Loss: 0.173 | Opp label coverage: 0.88
[checkpoint] Saved models/ppo/checkpoints/opp/ppo_step_4425609.pt
Step 4426049/5000000 | Win rate (rollout): 0.54 | Loss: 0.208 | Opp label coverage: 0.82
Step 4426561/5000000 | Win rate (rollout): 0.46 | Loss: 0.168 | Opp label coverage: 0.76
Step 4427077/5000000 | Win rate (rollout): 0.55 | Loss: 0.120 | Opp label coverage: 0.87
Step 4427589/5000000 | Win rate (rollout): 0.38 | Loss: 0.203 | Opp label coverage: 0.80
Step 4428107/5000000 | Win rate (rollout): 0.64 | Loss: 0.193 | Opp label coverage: 0.90
Step 4428620/5000000 | Win rate (rollout): 0.82 | Loss: 0.288 | Opp label coverage: 0.91
Step 4429138/5000000 | Win rate (rollout): 0.69 | Loss: 0.212 | Opp label coverage: 0.88
Step 4429650/5000000 | Win rate (rollout): 0.78 | Loss: 0.162 | Opp label coverage: 0.81
Step 4430164/5000000 | Win rate (rollout): 0.45 | Loss: 0.187 | Opp label coverage: 0.88
Step 4430676/5000000 | Win rate (rollout): 0.67 | Loss: 0.169 | Opp label coverage: 0.88
Step 4431189/5000000 | Win rate (rollout): 0.42 | Loss: 0.254 | Opp label coverage: 0.88
Step 4431706/5000000 | Win rate (rollout): 0.38 | Loss: 0.228 | Opp label coverage: 0.89
Step 4432220/5000000 | Win rate (rollout): 0.85 | Loss: 0.147 | Opp label coverage: 0.89
Step 4432737/5000000 | Win rate (rollout): 0.33 | Loss: 0.156 | Opp label coverage: 0.89
Step 4433249/5000000 | Win rate (rollout): 0.40 | Loss: 0.178 | Opp label coverage: 0.83
Step 4433761/5000000 | Win rate (rollout): 0.64 | Loss: 0.209 | Opp label coverage: 0.87
Step 4434274/5000000 | Win rate (rollout): 0.73 | Loss: 0.263 | Opp label coverage: 0.88
Step 4434792/5000000 | Win rate (rollout): 0.53 | Loss: 0.171 | Opp label coverage: 0.87
Step 4435304/5000000 | Win rate (rollout): 0.31 | Loss: 0.215 | Opp label coverage: 0.81
Step 4435822/5000000 | Win rate (rollout): 0.40 | Loss: 0.181 | Opp label coverage: 0.89
Step 4436334/5000000 | Win rate (rollout): 0.27 | Loss: 0.169 | Opp label coverage: 0.80
Step 4436846/5000000 | Win rate (rollout): 0.60 | Loss: 0.164 | Opp label coverage: 0.82
Step 4437362/5000000 | Win rate (rollout): 0.83 | Loss: 0.208 | Opp label coverage: 0.88
Step 4437874/5000000 | Win rate (rollout): 0.45 | Loss: 0.170 | Opp label coverage: 0.84
Step 4438386/5000000 | Win rate (rollout): 0.62 | Loss: 0.174 | Opp label coverage: 0.82
Step 4438898/5000000 | Win rate (rollout): 0.50 | Loss: 0.167 | Opp label coverage: 0.83
Step 4439410/5000000 | Win rate (rollout): 0.67 | Loss: 0.190 | Opp label coverage: 0.85
Step 4439927/5000000 | Win rate (rollout): 0.75 | Loss: 0.142 | Opp label coverage: 0.88
Step 4440439/5000000 | Win rate (rollout): 0.38 | Loss: 0.180 | Opp label coverage: 0.82
Step 4440951/5000000 | Win rate (rollout): 0.40 | Loss: 0.171 | Opp label coverage: 0.89
Step 4441468/5000000 | Win rate (rollout): 0.50 | Loss: 0.213 | Opp label coverage: 0.91
Step 4441980/5000000 | Win rate (rollout): 0.46 | Loss: 0.186 | Opp label coverage: 0.85
Step 4442492/5000000 | Win rate (rollout): 0.60 | Loss: 0.209 | Opp label coverage: 0.83
Step 4443004/5000000 | Win rate (rollout): 0.62 | Loss: 0.174 | Opp label coverage: 0.73
Step 4443520/5000000 | Win rate (rollout): 0.58 | Loss: 0.154 | Opp label coverage: 0.87
Step 4444034/5000000 | Win rate (rollout): 0.67 | Loss: 0.234 | Opp label coverage: 0.90
Step 4444546/5000000 | Win rate (rollout): 0.33 | Loss: 0.178 | Opp label coverage: 0.85
Step 4445058/5000000 | Win rate (rollout): 0.56 | Loss: 0.202 | Opp label coverage: 0.80
Step 4445572/5000000 | Win rate (rollout): 0.73 | Loss: 0.181 | Opp label coverage: 0.88
Step 4446086/5000000 | Win rate (rollout): 0.67 | Loss: 0.172 | Opp label coverage: 0.89
Step 4446600/5000000 | Win rate (rollout): 0.47 | Loss: 0.280 | Opp label coverage: 0.89
Step 4447112/5000000 | Win rate (rollout): 0.50 | Loss: 0.174 | Opp label coverage: 0.82
Step 4447624/5000000 | Win rate (rollout): 0.17 | Loss: 0.175 | Opp label coverage: 0.84
Step 4448137/5000000 | Win rate (rollout): 0.60 | Loss: 0.100 | Opp label coverage: 0.88
Step 4448654/5000000 | Win rate (rollout): 0.73 | Loss: 0.171 | Opp label coverage: 0.90
Step 4449169/5000000 | Win rate (rollout): 0.43 | Loss: 0.135 | Opp label coverage: 0.88
Step 4449681/5000000 | Win rate (rollout): 0.40 | Loss: 0.194 | Opp label coverage: 0.84
Step 4450199/5000000 | Win rate (rollout): 0.83 | Loss: 0.151 | Opp label coverage: 0.90
[checkpoint] Saved models/ppo/checkpoints/opp/ppo_step_4450610.pt
Step 4450715/5000000 | Win rate (rollout): 0.44 | Loss: 0.109 | Opp label coverage: 0.91
Step 4451227/5000000 | Win rate (rollout): 0.38 | Loss: 0.182 | Opp label coverage: 0.83
Step 4451739/5000000 | Win rate (rollout): 0.60 | Loss: 0.167 | Opp label coverage: 0.85
Step 4452251/5000000 | Win rate (rollout): 0.70 | Loss: 0.185 | Opp label coverage: 0.89
Step 4452763/5000000 | Win rate (rollout): 0.36 | Loss: 0.222 | Opp label coverage: 0.84
Step 4453275/5000000 | Win rate (rollout): 0.25 | Loss: 0.179 | Opp label coverage: 0.74
Step 4453787/5000000 | Win rate (rollout): 0.53 | Loss: 0.239 | Opp label coverage: 0.82
Step 4454299/5000000 | Win rate (rollout): 0.39 | Loss: 0.201 | Opp label coverage: 0.85
Step 4454814/5000000 | Win rate (rollout): 0.43 | Loss: 0.131 | Opp label coverage: 0.89
Step 4455326/5000000 | Win rate (rollout): 0.42 | Loss: 0.167 | Opp label coverage: 0.81
Step 4455838/5000000 | Win rate (rollout): 0.31 | Loss: 0.209 | Opp label coverage: 0.77
Step 4456355/5000000 | Win rate (rollout): 0.30 | Loss: 0.134 | Opp label coverage: 0.87
Step 4456867/5000000 | Win rate (rollout): 0.38 | Loss: 0.211 | Opp label coverage: 0.84
Step 4457386/5000000 | Win rate (rollout): 0.50 | Loss: 0.181 | Opp label coverage: 0.87
Step 4457901/5000000 | Win rate (rollout): 0.50 | Loss: 0.145 | Opp label coverage: 0.88
Step 4458413/5000000 | Win rate (rollout): 0.42 | Loss: 0.185 | Opp label coverage: 0.78
Step 4458925/5000000 | Win rate (rollout): 0.44 | Loss: 0.193 | Opp label coverage: 0.77
Step 4459438/5000000 | Win rate (rollout): 0.42 | Loss: 0.153 | Opp label coverage: 0.86
Step 4459950/5000000 | Win rate (rollout): 0.75 | Loss: 0.189 | Opp label coverage: 0.89
Step 4460462/5000000 | Win rate (rollout): 0.56 | Loss: 0.173 | Opp label coverage: 0.84
Step 4460974/5000000 | Win rate (rollout): 0.42 | Loss: 0.169 | Opp label coverage: 0.84
Step 4461490/5000000 | Win rate (rollout): 0.38 | Loss: 0.147 | Opp label coverage: 0.89
Step 4462002/5000000 | Win rate (rollout): 0.33 | Loss: 0.178 | Opp label coverage: 0.81
Step 4462518/5000000 | Win rate (rollout): 0.73 | Loss: 0.192 | Opp label coverage: 0.88
Step 4463030/5000000 | Win rate (rollout): 0.55 | Loss: 0.151 | Opp label coverage: 0.90
Step 4463542/5000000 | Win rate (rollout): 0.60 | Loss: 0.180 | Opp label coverage: 0.84
Step 4464054/5000000 | Win rate (rollout): 0.69 | Loss: 0.213 | Opp label coverage: 0.85
Step 4464566/5000000 | Win rate (rollout): 0.73 | Loss: 0.198 | Opp label coverage: 0.81
Step 4465079/5000000 | Win rate (rollout): 0.60 | Loss: 0.061 | Opp label coverage: 0.88
Step 4465591/5000000 | Win rate (rollout): 0.36 | Loss: 0.213 | Opp label coverage: 0.81
Step 4466103/5000000 | Win rate (rollout): 0.62 | Loss: 0.165 | Opp label coverage: 0.80
Step 4466621/5000000 | Win rate (rollout): 0.57 | Loss: 0.165 | Opp label coverage: 0.91
Step 4467133/5000000 | Win rate (rollout): 0.69 | Loss: 0.179 | Opp label coverage: 0.82
Step 4467649/5000000 | Win rate (rollout): 0.64 | Loss: 0.147 | Opp label coverage: 0.89
Step 4468161/5000000 | Win rate (rollout): 0.40 | Loss: 0.213 | Opp label coverage: 0.84
Step 4468673/5000000 | Win rate (rollout): 0.60 | Loss: 0.184 | Opp label coverage: 0.88
Step 4469185/5000000 | Win rate (rollout): 0.36 | Loss: 0.189 | Opp label coverage: 0.88
Step 4469703/5000000 | Win rate (rollout): 0.31 | Loss: 0.192 | Opp label coverage: 0.89
Step 4470221/5000000 | Win rate (rollout): 0.54 | Loss: 0.155 | Opp label coverage: 0.88
Step 4470733/5000000 | Win rate (rollout): 0.71 | Loss: 0.180 | Opp label coverage: 0.88
Step 4471245/5000000 | Win rate (rollout): 0.50 | Loss: 0.150 | Opp label coverage: 0.89
Step 4471761/5000000 | Win rate (rollout): 0.50 | Loss: 0.143 | Opp label coverage: 0.89
Step 4472273/5000000 | Win rate (rollout): 0.58 | Loss: 0.191 | Opp label coverage: 0.86
Step 4472785/5000000 | Win rate (rollout): 0.88 | Loss: 0.190 | Opp label coverage: 0.82
Step 4473297/5000000 | Win rate (rollout): 0.40 | Loss: 0.187 | Opp label coverage: 0.87
Step 4473809/5000000 | Win rate (rollout): 0.60 | Loss: 0.166 | Opp label coverage: 0.82
Step 4474321/5000000 | Win rate (rollout): 0.33 | Loss: 0.176 | Opp label coverage: 0.88
Step 4474833/5000000 | Win rate (rollout): 0.50 | Loss: 0.205 | Opp label coverage: 0.85
Step 4475349/5000000 | Win rate (rollout): 0.64 | Loss: 0.145 | Opp label coverage: 0.87
[checkpoint] Saved models/ppo/checkpoints/opp/ppo_step_4475613.pt
Step 4475861/5000000 | Win rate (rollout): 0.43 | Loss: 0.191 | Opp label coverage: 0.84
Step 4476373/5000000 | Win rate (rollout): 0.69 | Loss: 0.174 | Opp label coverage: 0.83
Step 4476886/5000000 | Win rate (rollout): 0.45 | Loss: 0.071 | Opp label coverage: 0.88
Step 4477398/5000000 | Win rate (rollout): 0.47 | Loss: 0.236 | Opp label coverage: 0.87
Step 4477911/5000000 | Win rate (rollout): 0.31 | Loss: 0.153 | Opp label coverage: 0.86
Step 4478423/5000000 | Win rate (rollout): 0.71 | Loss: 0.182 | Opp label coverage: 0.83
Step 4478935/5000000 | Win rate (rollout): 0.50 | Loss: 0.183 | Opp label coverage: 0.88
Step 4479449/5000000 | Win rate (rollout): 0.57 | Loss: 0.209 | Opp label coverage: 0.89
Step 4479967/5000000 | Win rate (rollout): 0.50 | Loss: 0.142 | Opp label coverage: 0.88
Step 4480479/5000000 | Win rate (rollout): 0.57 | Loss: 0.187 | Opp label coverage: 0.86
Step 4480991/5000000 | Win rate (rollout): 0.44 | Loss: 0.168 | Opp label coverage: 0.85
Step 4481503/5000000 | Win rate (rollout): 0.58 | Loss: 0.185 | Opp label coverage: 0.80
Step 4482017/5000000 | Win rate (rollout): 0.50 | Loss: 0.179 | Opp label coverage: 0.87
Step 4482534/5000000 | Win rate (rollout): 0.42 | Loss: 0.190 | Opp label coverage: 0.88
Step 4483046/5000000 | Win rate (rollout): 0.31 | Loss: 0.196 | Opp label coverage: 0.81
Step 4483562/5000000 | Win rate (rollout): 0.25 | Loss: 0.165 | Opp label coverage: 0.88
Step 4484074/5000000 | Win rate (rollout): 0.43 | Loss: 0.204 | Opp label coverage: 0.85
Step 4484586/5000000 | Win rate (rollout): 0.35 | Loss: 0.184 | Opp label coverage: 0.85
Step 4485103/5000000 | Win rate (rollout): 0.56 | Loss: 0.135 | Opp label coverage: 0.91
Step 4485617/5000000 | Win rate (rollout): 0.67 | Loss: 0.127 | Opp label coverage: 0.90
Step 4486133/5000000 | Win rate (rollout): 0.40 | Loss: 0.190 | Opp label coverage: 0.87
Step 4486645/5000000 | Win rate (rollout): 0.27 | Loss: 0.175 | Opp label coverage: 0.89
Step 4487157/5000000 | Win rate (rollout): 0.60 | Loss: 0.168 | Opp label coverage: 0.90
Step 4487669/5000000 | Win rate (rollout): 0.64 | Loss: 0.192 | Opp label coverage: 0.79
Step 4488188/5000000 | Win rate (rollout): 0.64 | Loss: 0.175 | Opp label coverage: 0.88
Step 4488700/5000000 | Win rate (rollout): 0.53 | Loss: 0.178 | Opp label coverage: 0.89
Step 4489212/5000000 | Win rate (rollout): 0.46 | Loss: 0.178 | Opp label coverage: 0.86
Step 4489728/5000000 | Win rate (rollout): 0.50 | Loss: 0.205 | Opp label coverage: 0.89
Step 4490240/5000000 | Win rate (rollout): 0.36 | Loss: 0.184 | Opp label coverage: 0.85
Step 4490752/5000000 | Win rate (rollout): 0.60 | Loss: 0.175 | Opp label coverage: 0.85
Step 4491264/5000000 | Win rate (rollout): 0.45 | Loss: 0.182 | Opp label coverage: 0.88
Step 4491776/5000000 | Win rate (rollout): 0.42 | Loss: 0.195 | Opp label coverage: 0.82
Step 4492288/5000000 | Win rate (rollout): 0.38 | Loss: 0.163 | Opp label coverage: 0.86
Step 4492800/5000000 | Win rate (rollout): 0.64 | Loss: 0.162 | Opp label coverage: 0.87
Step 4493313/5000000 | Win rate (rollout): 0.44 | Loss: 0.178 | Opp label coverage: 0.88
Step 4493829/5000000 | Win rate (rollout): 0.47 | Loss: 0.186 | Opp label coverage: 0.87
Step 4494341/5000000 | Win rate (rollout): 0.50 | Loss: 0.202 | Opp label coverage: 0.82
Step 4494855/5000000 | Win rate (rollout): 0.80 | Loss: 0.103 | Opp label coverage: 0.91
Step 4495369/5000000 | Win rate (rollout): 0.47 | Loss: 0.241 | Opp label coverage: 0.86
Step 4495882/5000000 | Win rate (rollout): 0.41 | Loss: 0.245 | Opp label coverage: 0.86
Step 4496394/5000000 | Win rate (rollout): 0.14 | Loss: 0.194 | Opp label coverage: 0.86
Step 4496910/5000000 | Win rate (rollout): 0.40 | Loss: 0.158 | Opp label coverage: 0.89
Step 4497422/5000000 | Win rate (rollout): 0.58 | Loss: 0.193 | Opp label coverage: 0.83
Step 4497940/5000000 | Win rate (rollout): 0.55 | Loss: 0.131 | Opp label coverage: 0.90
Step 4498452/5000000 | Win rate (rollout): 0.67 | Loss: 0.180 | Opp label coverage: 0.87
Step 4498970/5000000 | Win rate (rollout): 0.88 | Loss: 0.172 | Opp label coverage: 0.90
Step 4499486/5000000 | Win rate (rollout): 0.62 | Loss: 0.150 | Opp label coverage: 0.89
Step 4499998/5000000 | Win rate (rollout): 0.31 | Loss: 0.194 | Opp label coverage: 0.84
Step 4500514/5000000 | Win rate (rollout): 0.55 | Loss: 0.175 | Opp label coverage: 0.89
[checkpoint] Saved models/ppo/checkpoints/opp/ppo_step_4500618.pt
Step 4501026/5000000 | Win rate (rollout): 0.75 | Loss: 0.166 | Opp label coverage: 0.75
Step 4501538/5000000 | Win rate (rollout): 0.54 | Loss: 0.154 | Opp label coverage: 0.84
Step 4502054/5000000 | Win rate (rollout): 0.57 | Loss: 0.197 | Opp label coverage: 0.89
Step 4502573/5000000 | Win rate (rollout): 0.62 | Loss: 0.170 | Opp label coverage: 0.88
Step 4503085/5000000 | Win rate (rollout): 0.29 | Loss: 0.170 | Opp label coverage: 0.88
Step 4503597/5000000 | Win rate (rollout): 0.42 | Loss: 0.191 | Opp label coverage: 0.85
Step 4504110/5000000 | Win rate (rollout): 0.78 | Loss: 0.105 | Opp label coverage: 0.90
Step 4504622/5000000 | Win rate (rollout): 0.44 | Loss: 0.173 | Opp label coverage: 0.84
Step 4505138/5000000 | Win rate (rollout): 0.50 | Loss: 0.148 | Opp label coverage: 0.91
Step 4505650/5000000 | Win rate (rollout): 0.43 | Loss: 0.176 | Opp label coverage: 0.91
Step 4506162/5000000 | Win rate (rollout): 0.50 | Loss: 0.176 | Opp label coverage: 0.82
Step 4506674/5000000 | Win rate (rollout): 0.53 | Loss: 0.218 | Opp label coverage: 0.84
Step 4507190/5000000 | Win rate (rollout): 0.50 | Loss: 0.166 | Opp label coverage: 0.90
Step 4507702/5000000 | Win rate (rollout): 0.40 | Loss: 0.202 | Opp label coverage: 0.84
Step 4508221/5000000 | Win rate (rollout): 0.42 | Loss: 0.177 | Opp label coverage: 0.89
Step 4508733/5000000 | Win rate (rollout): 0.55 | Loss: 0.173 | Opp label coverage: 0.83
Step 4509245/5000000 | Win rate (rollout): 0.37 | Loss: 0.182 | Opp label coverage: 0.82
Step 4509757/5000000 | Win rate (rollout): 0.67 | Loss: 0.183 | Opp label coverage: 0.82
Step 4510269/5000000 | Win rate (rollout): 0.36 | Loss: 0.178 | Opp label coverage: 0.85
Step 4510781/5000000 | Win rate (rollout): 0.56 | Loss: 0.172 | Opp label coverage: 0.84
Step 4511295/5000000 | Win rate (rollout): 0.42 | Loss: 0.170 | Opp label coverage: 0.88
Step 4511811/5000000 | Win rate (rollout): 0.64 | Loss: 0.198 | Opp label coverage: 0.91
Step 4512323/5000000 | Win rate (rollout): 0.43 | Loss: 0.207 | Opp label coverage: 0.82
Step 4512835/5000000 | Win rate (rollout): 0.75 | Loss: 0.153 | Opp label coverage: 0.79
Step 4513347/5000000 | Win rate (rollout): 0.57 | Loss: 0.176 | Opp label coverage: 0.83
Step 4513863/5000000 | Win rate (rollout): 0.80 | Loss: 0.099 | Opp label coverage: 0.89
Step 4514375/5000000 | Win rate (rollout): 0.64 | Loss: 0.192 | Opp label coverage: 0.86
Step 4514891/5000000 | Win rate (rollout): 0.42 | Loss: 0.162 | Opp label coverage: 0.87
Step 4515407/5000000 | Win rate (rollout): 0.40 | Loss: 0.152 | Opp label coverage: 0.91
Step 4515919/5000000 | Win rate (rollout): 0.54 | Loss: 0.178 | Opp label coverage: 0.82
Step 4516431/5000000 | Win rate (rollout): 0.53 | Loss: 0.196 | Opp label coverage: 0.79
Step 4516944/5000000 | Win rate (rollout): 0.78 | Loss: 0.174 | Opp label coverage: 0.90
Step 4517456/5000000 | Win rate (rollout): 0.56 | Loss: 0.182 | Opp label coverage: 0.89
Step 4517969/5000000 | Win rate (rollout): 0.43 | Loss: 0.139 | Opp label coverage: 0.87
Step 4518481/5000000 | Win rate (rollout): 0.43 | Loss: 0.170 | Opp label coverage: 0.79
Step 4518994/5000000 | Win rate (rollout): 0.40 | Loss: 0.156 | Opp label coverage: 0.89
Step 4519506/5000000 | Win rate (rollout): 0.23 | Loss: 0.161 | Opp label coverage: 0.77
Step 4520018/5000000 | Win rate (rollout): 0.65 | Loss: 0.216 | Opp label coverage: 0.85
Step 4520536/5000000 | Win rate (rollout): 0.50 | Loss: 0.137 | Opp label coverage: 0.92
Step 4521048/5000000 | Win rate (rollout): 0.38 | Loss: 0.181 | Opp label coverage: 0.79
Step 4521560/5000000 | Win rate (rollout): 0.63 | Loss: 0.206 | Opp label coverage: 0.84
Step 4522072/5000000 | Win rate (rollout): 0.56 | Loss: 0.195 | Opp label coverage: 0.83
Step 4522584/5000000 | Win rate (rollout): 0.43 | Loss: 0.160 | Opp label coverage: 0.85
Step 4523096/5000000 | Win rate (rollout): 0.58 | Loss: 0.165 | Opp label coverage: 0.80
Step 4523608/5000000 | Win rate (rollout): 0.30 | Loss: 0.173 | Opp label coverage: 0.82
Step 4524120/5000000 | Win rate (rollout): 0.25 | Loss: 0.217 | Opp label coverage: 0.82
Step 4524632/5000000 | Win rate (rollout): 0.55 | Loss: 0.209 | Opp label coverage: 0.83
Step 4525151/5000000 | Win rate (rollout): 0.50 | Loss: 0.208 | Opp label coverage: 0.87
[checkpoint] Saved models/ppo/checkpoints/opp/ppo_step_4525621.pt
Step 4525665/5000000 | Win rate (rollout): 0.47 | Loss: 0.189 | Opp label coverage: 0.89
Step 4526182/5000000 | Win rate (rollout): 0.15 | Loss: 0.152 | Opp label coverage: 0.89
Step 4526694/5000000 | Win rate (rollout): 0.57 | Loss: 0.194 | Opp label coverage: 0.81
Step 4527213/5000000 | Win rate (rollout): 0.46 | Loss: 0.208 | Opp label coverage: 0.87
Step 4527730/5000000 | Win rate (rollout): 0.38 | Loss: 0.133 | Opp label coverage: 0.89
Step 4528242/5000000 | Win rate (rollout): 0.50 | Loss: 0.165 | Opp label coverage: 0.83
Step 4528754/5000000 | Win rate (rollout): 0.64 | Loss: 0.219 | Opp label coverage: 0.82
Step 4529272/5000000 | Win rate (rollout): 0.50 | Loss: 0.189 | Opp label coverage: 0.89
Step 4529788/5000000 | Win rate (rollout): 0.50 | Loss: 0.139 | Opp label coverage: 0.90
Step 4530300/5000000 | Win rate (rollout): 0.27 | Loss: 0.218 | Opp label coverage: 0.81
Step 4530817/5000000 | Win rate (rollout): 0.67 | Loss: 0.151 | Opp label coverage: 0.89
Step 4531332/5000000 | Win rate (rollout): 0.57 | Loss: 0.173 | Opp label coverage: 0.88
Step 4531846/5000000 | Win rate (rollout): 0.29 | Loss: 0.183 | Opp label coverage: 0.85
Step 4532360/5000000 | Win rate (rollout): 0.64 | Loss: 0.218 | Opp label coverage: 0.87
Step 4532872/5000000 | Win rate (rollout): 0.20 | Loss: 0.176 | Opp label coverage: 0.83
Step 4533385/5000000 | Win rate (rollout): 0.42 | Loss: 0.130 | Opp label coverage: 0.88
Step 4533897/5000000 | Win rate (rollout): 0.36 | Loss: 0.190 | Opp label coverage: 0.82
Step 4534412/5000000 | Win rate (rollout): 0.56 | Loss: 0.168 | Opp label coverage: 0.90
Step 4534929/5000000 | Win rate (rollout): 0.57 | Loss: 0.198 | Opp label coverage: 0.88
Step 4535441/5000000 | Win rate (rollout): 0.38 | Loss: 0.203 | Opp label coverage: 0.86
Step 4535953/5000000 | Win rate (rollout): 0.56 | Loss: 0.208 | Opp label coverage: 0.85
Step 4536470/5000000 | Win rate (rollout): 0.40 | Loss: 0.145 | Opp label coverage: 0.90
Step 4536982/5000000 | Win rate (rollout): 0.33 | Loss: 0.168 | Opp label coverage: 0.84
Step 4537494/5000000 | Win rate (rollout): 0.47 | Loss: 0.208 | Opp label coverage: 0.82
Step 4538012/5000000 | Win rate (rollout): 0.73 | Loss: 0.213 | Opp label coverage: 0.90
Step 4538528/5000000 | Win rate (rollout): 0.50 | Loss: 0.159 | Opp label coverage: 0.88
Step 4539040/5000000 | Win rate (rollout): 0.56 | Loss: 0.169 | Opp label coverage: 0.83
Step 4539552/5000000 | Win rate (rollout): 0.69 | Loss: 0.172 | Opp label coverage: 0.79
Step 4540064/5000000 | Win rate (rollout): 0.53 | Loss: 0.208 | Opp label coverage: 0.83
Step 4540579/5000000 | Win rate (rollout): 0.60 | Loss: 0.241 | Opp label coverage: 0.89
Step 4541098/5000000 | Win rate (rollout): 0.54 | Loss: 0.154 | Opp label coverage: 0.89
Step 4541610/5000000 | Win rate (rollout): 0.50 | Loss: 0.174 | Opp label coverage: 0.84
Step 4542128/5000000 | Win rate (rollout): 0.46 | Loss: 0.195 | Opp label coverage: 0.88
Step 4542640/5000000 | Win rate (rollout): 0.58 | Loss: 0.174 | Opp label coverage: 0.84
Step 4543152/5000000 | Win rate (rollout): 0.55 | Loss: 0.182 | Opp label coverage: 0.87
Step 4543664/5000000 | Win rate (rollout): 0.80 | Loss: 0.197 | Opp label coverage: 0.89
Step 4544178/5000000 | Win rate (rollout): 0.29 | Loss: 0.121 | Opp label coverage: 0.88
Step 4544690/5000000 | Win rate (rollout): 0.62 | Loss: 0.222 | Opp label coverage: 0.87
Step 4545202/5000000 | Win rate (rollout): 0.60 | Loss: 0.197 | Opp label coverage: 0.81
Step 4545714/5000000 | Win rate (rollout): 0.50 | Loss: 0.183 | Opp label coverage: 0.88
Step 4546226/5000000 | Win rate (rollout): 0.44 | Loss: 0.199 | Opp label coverage: 0.82
Step 4546738/5000000 | Win rate (rollout): 0.38 | Loss: 0.150 | Opp label coverage: 0.84
Step 4547250/5000000 | Win rate (rollout): 0.64 | Loss: 0.168 | Opp label coverage: 0.88
Step 4547762/5000000 | Win rate (rollout): 0.50 | Loss: 0.171 | Opp label coverage: 0.83
Step 4548274/5000000 | Win rate (rollout): 0.64 | Loss: 0.183 | Opp label coverage: 0.84
Step 4548790/5000000 | Win rate (rollout): 0.70 | Loss: 0.161 | Opp label coverage: 0.89
Step 4549302/5000000 | Win rate (rollout): 0.47 | Loss: 0.217 | Opp label coverage: 0.84
Step 4549818/5000000 | Win rate (rollout): 0.50 | Loss: 0.204 | Opp label coverage: 0.87
Step 4550335/5000000 | Win rate (rollout): 0.50 | Loss: 0.173 | Opp label coverage: 0.87
[checkpoint] Saved models/ppo/checkpoints/opp/ppo_step_4550625.pt
Step 4550853/5000000 | Win rate (rollout): 0.46 | Loss: 0.158 | Opp label coverage: 0.87
Step 4551368/5000000 | Win rate (rollout): 0.44 | Loss: 0.166 | Opp label coverage: 0.88
Step 4551880/5000000 | Win rate (rollout): 0.47 | Loss: 0.205 | Opp label coverage: 0.87
Step 4552392/5000000 | Win rate (rollout): 0.25 | Loss: 0.175 | Opp label coverage: 0.85
Step 4552904/5000000 | Win rate (rollout): 0.44 | Loss: 0.201 | Opp label coverage: 0.82
Step 4553416/5000000 | Win rate (rollout): 0.36 | Loss: 0.169 | Opp label coverage: 0.82
Step 4553934/5000000 | Win rate (rollout): 0.62 | Loss: 0.165 | Opp label coverage: 0.91
Step 4554446/5000000 | Win rate (rollout): 0.38 | Loss: 0.164 | Opp label coverage: 0.85
Step 4554958/5000000 | Win rate (rollout): 0.38 | Loss: 0.187 | Opp label coverage: 0.80
Step 4555470/5000000 | Win rate (rollout): 0.43 | Loss: 0.211 | Opp label coverage: 0.82
Step 4555988/5000000 | Win rate (rollout): 0.71 | Loss: 0.208 | Opp label coverage: 0.88
Step 4556500/5000000 | Win rate (rollout): 0.43 | Loss: 0.179 | Opp label coverage: 0.84
Step 4557013/5000000 | Win rate (rollout): 0.31 | Loss: 0.115 | Opp label coverage: 0.87
Step 4557526/5000000 | Win rate (rollout): 0.69 | Loss: 0.200 | Opp label coverage: 0.89
Step 4558038/5000000 | Win rate (rollout): 0.50 | Loss: 0.218 | Opp label coverage: 0.83
Step 4558552/5000000 | Win rate (rollout): 0.56 | Loss: 0.227 | Opp label coverage: 0.89
Step 4559064/5000000 | Win rate (rollout): 0.75 | Loss: 0.195 | Opp label coverage: 0.87
Step 4559576/5000000 | Win rate (rollout): 0.47 | Loss: 0.181 | Opp label coverage: 0.84
Step 4560089/5000000 | Win rate (rollout): 0.40 | Loss: 0.162 | Opp label coverage: 0.88
Step 4560606/5000000 | Win rate (rollout): 0.43 | Loss: 0.115 | Opp label coverage: 0.91
Step 4561119/5000000 | Win rate (rollout): 0.46 | Loss: 0.191 | Opp label coverage: 0.89
Step 4561631/5000000 | Win rate (rollout): 0.40 | Loss: 0.177 | Opp label coverage: 0.84
Step 4562143/5000000 | Win rate (rollout): 0.38 | Loss: 0.176 | Opp label coverage: 0.86
Step 4562655/5000000 | Win rate (rollout): 0.33 | Loss: 0.193 | Opp label coverage: 0.83
Step 4563167/5000000 | Win rate (rollout): 0.50 | Loss: 0.171 | Opp label coverage: 0.79
Step 4563686/5000000 | Win rate (rollout): 0.80 | Loss: 0.118 | Opp label coverage: 0.90
Step 4564203/5000000 | Win rate (rollout): 0.43 | Loss: 0.171 | Opp label coverage: 0.87
Step 4564720/5000000 | Win rate (rollout): 0.47 | Loss: 0.198 | Opp label coverage: 0.88
Step 4565232/5000000 | Win rate (rollout): 0.60 | Loss: 0.176 | Opp label coverage: 0.83
Step 4565744/5000000 | Win rate (rollout): 0.40 | Loss: 0.164 | Opp label coverage: 0.88
Step 4566256/5000000 | Win rate (rollout): 0.29 | Loss: 0.167 | Opp label coverage: 0.84
Step 4566774/5000000 | Win rate (rollout): 0.50 | Loss: 0.154 | Opp label coverage: 0.87
Step 4567292/5000000 | Win rate (rollout): 0.25 | Loss: 0.178 | Opp label coverage: 0.88
Step 4567805/5000000 | Win rate (rollout): 0.36 | Loss: 0.108 | Opp label coverage: 0.88
Step 4568317/5000000 | Win rate (rollout): 0.50 | Loss: 0.151 | Opp label coverage: 0.79
Step 4568829/5000000 | Win rate (rollout): 0.60 | Loss: 0.154 | Opp label coverage: 0.84
Step 4569341/5000000 | Win rate (rollout): 0.69 | Loss: 0.200 | Opp label coverage: 0.85
Step 4569856/5000000 | Win rate (rollout): 0.50 | Loss: 0.114 | Opp label coverage: 0.88
Step 4570368/5000000 | Win rate (rollout): 0.43 | Loss: 0.197 | Opp label coverage: 0.81
Step 4570887/5000000 | Win rate (rollout): 0.50 | Loss: 0.169 | Opp label coverage: 0.89
Step 4571400/5000000 | Win rate (rollout): 0.57 | Loss: 0.141 | Opp label coverage: 0.89
Step 4571915/5000000 | Win rate (rollout): 0.71 | Loss: 0.161 | Opp label coverage: 0.86
Step 4572429/5000000 | Win rate (rollout): 0.38 | Loss: 0.133 | Opp label coverage: 0.89
Step 4572944/5000000 | Win rate (rollout): 0.44 | Loss: 0.214 | Opp label coverage: 0.87
Step 4573458/5000000 | Win rate (rollout): 0.40 | Loss: 0.177 | Opp label coverage: 0.90
Step 4573973/5000000 | Win rate (rollout): 0.42 | Loss: 0.092 | Opp label coverage: 0.89
Step 4574485/5000000 | Win rate (rollout): 0.47 | Loss: 0.224 | Opp label coverage: 0.84
Step 4574998/5000000 | Win rate (rollout): 0.40 | Loss: 0.058 | Opp label coverage: 0.87
Step 4575511/5000000 | Win rate (rollout): 0.56 | Loss: 0.130 | Opp label coverage: 0.88
[checkpoint] Saved models/ppo/checkpoints/opp/ppo_step_4575631.pt
Step 4576023/5000000 | Win rate (rollout): 0.67 | Loss: 0.176 | Opp label coverage: 0.85
Step 4576539/5000000 | Win rate (rollout): 0.67 | Loss: 0.152 | Opp label coverage: 0.89
Step 4577051/5000000 | Win rate (rollout): 0.53 | Loss: 0.179 | Opp label coverage: 0.87
Step 4577563/5000000 | Win rate (rollout): 0.60 | Loss: 0.181 | Opp label coverage: 0.86
Step 4578080/5000000 | Win rate (rollout): 0.50 | Loss: 0.154 | Opp label coverage: 0.89
Step 4578597/5000000 | Win rate (rollout): 0.54 | Loss: 0.221 | Opp label coverage: 0.88
Step 4579113/5000000 | Win rate (rollout): 0.53 | Loss: 0.155 | Opp label coverage: 0.89
Step 4579625/5000000 | Win rate (rollout): 0.82 | Loss: 0.157 | Opp label coverage: 0.83
Step 4580141/5000000 | Win rate (rollout): 0.46 | Loss: 0.151 | Opp label coverage: 0.87
Step 4580658/5000000 | Win rate (rollout): 0.59 | Loss: 0.124 | Opp label coverage: 0.86
Step 4581170/5000000 | Win rate (rollout): 0.33 | Loss: 0.169 | Opp label coverage: 0.83
Step 4581686/5000000 | Win rate (rollout): 0.70 | Loss: 0.151 | Opp label coverage: 0.88
Step 4582204/5000000 | Win rate (rollout): 0.50 | Loss: 0.183 | Opp label coverage: 0.88
Step 4582716/5000000 | Win rate (rollout): 0.67 | Loss: 0.210 | Opp label coverage: 0.86
Step 4583228/5000000 | Win rate (rollout): 0.54 | Loss: 0.230 | Opp label coverage: 0.79
Step 4583740/5000000 | Win rate (rollout): 0.53 | Loss: 0.197 | Opp label coverage: 0.80
Step 4584257/5000000 | Win rate (rollout): 0.45 | Loss: 0.179 | Opp label coverage: 0.89
Step 4584770/5000000 | Win rate (rollout): 0.43 | Loss: 0.180 | Opp label coverage: 0.90
Step 4585287/5000000 | Win rate (rollout): 0.53 | Loss: 0.218 | Opp label coverage: 0.89
Step 4585803/5000000 | Win rate (rollout): 0.60 | Loss: 0.192 | Opp label coverage: 0.89
Step 4586315/5000000 | Win rate (rollout): 0.43 | Loss: 0.217 | Opp label coverage: 0.77
Step 4586829/5000000 | Win rate (rollout): 0.33 | Loss: 0.106 | Opp label coverage: 0.89
Step 4587341/5000000 | Win rate (rollout): 0.44 | Loss: 0.162 | Opp label coverage: 0.80
Step 4587853/5000000 | Win rate (rollout): 0.33 | Loss: 0.143 | Opp label coverage: 0.83
Step 4588370/5000000 | Win rate (rollout): 0.62 | Loss: 0.180 | Opp label coverage: 0.89
Step 4588884/5000000 | Win rate (rollout): 0.56 | Loss: 0.287 | Opp label coverage: 0.89
Step 4589396/5000000 | Win rate (rollout): 0.82 | Loss: 0.180 | Opp label coverage: 0.83
Step 4589913/5000000 | Win rate (rollout): 0.30 | Loss: 0.190 | Opp label coverage: 0.87
Step 4590425/5000000 | Win rate (rollout): 0.57 | Loss: 0.206 | Opp label coverage: 0.81
Step 4590937/5000000 | Win rate (rollout): 0.38 | Loss: 0.167 | Opp label coverage: 0.81
Step 4591449/5000000 | Win rate (rollout): 0.50 | Loss: 0.180 | Opp label coverage: 0.89
Step 4591965/5000000 | Win rate (rollout): 0.38 | Loss: 0.200 | Opp label coverage: 0.88
Step 4592482/5000000 | Win rate (rollout): 0.57 | Loss: 0.244 | Opp label coverage: 0.87
Step 4592994/5000000 | Win rate (rollout): 0.33 | Loss: 0.208 | Opp label coverage: 0.82
Step 4593506/5000000 | Win rate (rollout): 0.56 | Loss: 0.155 | Opp label coverage: 0.77
Step 4594018/5000000 | Win rate (rollout): 0.17 | Loss: 0.149 | Opp label coverage: 0.76
Step 4594530/5000000 | Win rate (rollout): 0.29 | Loss: 0.169 | Opp label coverage: 0.79
Step 4595044/5000000 | Win rate (rollout): 0.90 | Loss: 0.247 | Opp label coverage: 0.90
Step 4595556/5000000 | Win rate (rollout): 0.21 | Loss: 0.202 | Opp label coverage: 0.84
Step 4596068/5000000 | Win rate (rollout): 0.50 | Loss: 0.155 | Opp label coverage: 0.84
Step 4596580/5000000 | Win rate (rollout): 0.47 | Loss: 0.194 | Opp label coverage: 0.83
Step 4597093/5000000 | Win rate (rollout): 0.36 | Loss: 0.227 | Opp label coverage: 0.87
Step 4597607/5000000 | Win rate (rollout): 0.53 | Loss: 0.163 | Opp label coverage: 0.88
Step 4598121/5000000 | Win rate (rollout): 0.44 | Loss: 0.212 | Opp label coverage: 0.89
Step 4598633/5000000 | Win rate (rollout): 0.38 | Loss: 0.197 | Opp label coverage: 0.82
Step 4599145/5000000 | Win rate (rollout): 0.55 | Loss: 0.192 | Opp label coverage: 0.86
Step 4599662/5000000 | Win rate (rollout): 0.60 | Loss: 0.185 | Opp label coverage: 0.89
Step 4600174/5000000 | Win rate (rollout): 0.50 | Loss: 0.178 | Opp label coverage: 0.83
[checkpoint] Saved models/ppo/checkpoints/opp/ppo_step_4600633.pt
Step 4600692/5000000 | Win rate (rollout): 0.38 | Loss: 0.137 | Opp label coverage: 0.87
Step 4601204/5000000 | Win rate (rollout): 0.44 | Loss: 0.159 | Opp label coverage: 0.85
Step 4601716/5000000 | Win rate (rollout): 0.50 | Loss: 0.178 | Opp label coverage: 0.88
Step 4602235/5000000 | Win rate (rollout): 1.00 | Loss: 0.161 | Opp label coverage: 0.91
Step 4602747/5000000 | Win rate (rollout): 0.50 | Loss: 0.198 | Opp label coverage: 0.83
Step 4603259/5000000 | Win rate (rollout): 0.56 | Loss: 0.188 | Opp label coverage: 0.81
Step 4603771/5000000 | Win rate (rollout): 0.69 | Loss: 0.213 | Opp label coverage: 0.78
Step 4604283/5000000 | Win rate (rollout): 0.50 | Loss: 0.199 | Opp label coverage: 0.83
Step 4604797/5000000 | Win rate (rollout): 0.70 | Loss: 0.144 | Opp label coverage: 0.89
Step 4605309/5000000 | Win rate (rollout): 0.53 | Loss: 0.201 | Opp label coverage: 0.87
Step 4605821/5000000 | Win rate (rollout): 0.67 | Loss: 0.190 | Opp label coverage: 0.81
Step 4606333/5000000 | Win rate (rollout): 0.43 | Loss: 0.182 | Opp label coverage: 0.83
Step 4606845/5000000 | Win rate (rollout): 0.60 | Loss: 0.178 | Opp label coverage: 0.81
Step 4607357/5000000 | Win rate (rollout): 0.47 | Loss: 0.197 | Opp label coverage: 0.78
Step 4607875/5000000 | Win rate (rollout): 0.77 | Loss: 0.143 | Opp label coverage: 0.90
Step 4608391/5000000 | Win rate (rollout): 0.42 | Loss: 0.202 | Opp label coverage: 0.90
Step 4608906/5000000 | Win rate (rollout): 0.47 | Loss: 0.156 | Opp label coverage: 0.88
Step 4609421/5000000 | Win rate (rollout): 0.57 | Loss: 0.214 | Opp label coverage: 0.89
Step 4609936/5000000 | Win rate (rollout): 0.60 | Loss: 0.145 | Opp label coverage: 0.89
Step 4610448/5000000 | Win rate (rollout): 0.29 | Loss: 0.229 | Opp label coverage: 0.85
Step 4610960/5000000 | Win rate (rollout): 0.45 | Loss: 0.182 | Opp label coverage: 0.79
Step 4611476/5000000 | Win rate (rollout): 0.69 | Loss: 0.211 | Opp label coverage: 0.89
Step 4611988/5000000 | Win rate (rollout): 0.53 | Loss: 0.215 | Opp label coverage: 0.85
Step 4612500/5000000 | Win rate (rollout): 0.29 | Loss: 0.208 | Opp label coverage: 0.86
Step 4613014/5000000 | Win rate (rollout): 0.88 | Loss: 0.189 | Opp label coverage: 0.90
Step 4613526/5000000 | Win rate (rollout): 0.54 | Loss: 0.191 | Opp label coverage: 0.81
Step 4614038/5000000 | Win rate (rollout): 0.33 | Loss: 0.190 | Opp label coverage: 0.83
Step 4614550/5000000 | Win rate (rollout): 0.60 | Loss: 0.146 | Opp label coverage: 0.80
Step 4615062/5000000 | Win rate (rollout): 0.50 | Loss: 0.169 | Opp label coverage: 0.83
Step 4615574/5000000 | Win rate (rollout): 0.44 | Loss: 0.207 | Opp label coverage: 0.84
Step 4616092/5000000 | Win rate (rollout): 0.44 | Loss: 0.176 | Opp label coverage: 0.89
Step 4616604/5000000 | Win rate (rollout): 0.36 | Loss: 0.205 | Opp label coverage: 0.84
Step 4617119/5000000 | Win rate (rollout): 0.38 | Loss: 0.177 | Opp label coverage: 0.90
Step 4617631/5000000 | Win rate (rollout): 0.80 | Loss: 0.202 | Opp label coverage: 0.84
Step 4618146/5000000 | Win rate (rollout): 0.36 | Loss: 0.128 | Opp label coverage: 0.88
Step 4618658/5000000 | Win rate (rollout): 0.33 | Loss: 0.215 | Opp label coverage: 0.81
Step 4619170/5000000 | Win rate (rollout): 0.69 | Loss: 0.192 | Opp label coverage: 0.81
Step 4619683/5000000 | Win rate (rollout): 0.30 | Loss: 0.317 | Opp label coverage: 0.88
Step 4620198/5000000 | Win rate (rollout): 0.57 | Loss: 0.113 | Opp label coverage: 0.90
Step 4620710/5000000 | Win rate (rollout): 0.83 | Loss: 0.193 | Opp label coverage: 0.84
Step 4621222/5000000 | Win rate (rollout): 0.50 | Loss: 0.182 | Opp label coverage: 0.81
Step 4621737/5000000 | Win rate (rollout): 0.30 | Loss: 0.154 | Opp label coverage: 0.88
Step 4622249/5000000 | Win rate (rollout): 0.12 | Loss: 0.198 | Opp label coverage: 0.80
Step 4622761/5000000 | Win rate (rollout): 0.36 | Loss: 0.210 | Opp label coverage: 0.84
Step 4623277/5000000 | Win rate (rollout): 0.36 | Loss: 0.224 | Opp label coverage: 0.88
Step 4623789/5000000 | Win rate (rollout): 0.38 | Loss: 0.169 | Opp label coverage: 0.83
Step 4624301/5000000 | Win rate (rollout): 0.42 | Loss: 0.198 | Opp label coverage: 0.82
Step 4624813/5000000 | Win rate (rollout): 0.36 | Loss: 0.194 | Opp label coverage: 0.83
Step 4625325/5000000 | Win rate (rollout): 0.30 | Loss: 0.186 | Opp label coverage: 0.88
[checkpoint] Saved models/ppo/checkpoints/opp/ppo_step_4625637.pt
Step 4625842/5000000 | Win rate (rollout): 0.64 | Loss: 0.173 | Opp label coverage: 0.87
Step 4626354/5000000 | Win rate (rollout): 0.62 | Loss: 0.190 | Opp label coverage: 0.78
Step 4626866/5000000 | Win rate (rollout): 0.56 | Loss: 0.186 | Opp label coverage: 0.84
Step 4627378/5000000 | Win rate (rollout): 0.50 | Loss: 0.198 | Opp label coverage: 0.83
Step 4627890/5000000 | Win rate (rollout): 0.75 | Loss: 0.169 | Opp label coverage: 0.80
Step 4628402/5000000 | Win rate (rollout): 0.62 | Loss: 0.196 | Opp label coverage: 0.84
Step 4628914/5000000 | Win rate (rollout): 0.38 | Loss: 0.195 | Opp label coverage: 0.84
Step 4629426/5000000 | Win rate (rollout): 0.33 | Loss: 0.203 | Opp label coverage: 0.81
Step 4629944/5000000 | Win rate (rollout): 0.40 | Loss: 0.147 | Opp label coverage: 0.87
Step 4630462/5000000 | Win rate (rollout): 0.60 | Loss: 0.176 | Opp label coverage: 0.89
Step 4630974/5000000 | Win rate (rollout): 0.50 | Loss: 0.180 | Opp label coverage: 0.90
Step 4631486/5000000 | Win rate (rollout): 0.57 | Loss: 0.166 | Opp label coverage: 0.87
Step 4632003/5000000 | Win rate (rollout): 0.57 | Loss: 0.166 | Opp label coverage: 0.89
Step 4632516/5000000 | Win rate (rollout): 0.50 | Loss: 0.285 | Opp label coverage: 0.89
Step 4633028/5000000 | Win rate (rollout): 0.33 | Loss: 0.157 | Opp label coverage: 0.76
Step 4633540/5000000 | Win rate (rollout): 0.50 | Loss: 0.162 | Opp label coverage: 0.90
Step 4634052/5000000 | Win rate (rollout): 0.36 | Loss: 0.171 | Opp label coverage: 0.81
Step 4634564/5000000 | Win rate (rollout): 0.22 | Loss: 0.205 | Opp label coverage: 0.83
Step 4635076/5000000 | Win rate (rollout): 0.33 | Loss: 0.161 | Opp label coverage: 0.88
Step 4635588/5000000 | Win rate (rollout): 0.67 | Loss: 0.197 | Opp label coverage: 0.82
Step 4636101/5000000 | Win rate (rollout): 0.30 | Loss: 0.167 | Opp label coverage: 0.88
Step 4636613/5000000 | Win rate (rollout): 0.50 | Loss: 0.216 | Opp label coverage: 0.85
Step 4637125/5000000 | Win rate (rollout): 0.60 | Loss: 0.215 | Opp label coverage: 0.85
Step 4637643/5000000 | Win rate (rollout): 0.42 | Loss: 0.151 | Opp label coverage: 0.88
Step 4638158/5000000 | Win rate (rollout): 0.67 | Loss: 0.120 | Opp label coverage: 0.89
Step 4638671/5000000 | Win rate (rollout): 0.53 | Loss: 0.220 | Opp label coverage: 0.88
Step 4639189/5000000 | Win rate (rollout): 0.69 | Loss: 0.138 | Opp label coverage: 0.90
Step 4639701/5000000 | Win rate (rollout): 0.50 | Loss: 0.178 | Opp label coverage: 0.83
Step 4640213/5000000 | Win rate (rollout): 0.31 | Loss: 0.219 | Opp label coverage: 0.79
Step 4640730/5000000 | Win rate (rollout): 0.38 | Loss: 0.132 | Opp label coverage: 0.90
Step 4641242/5000000 | Win rate (rollout): 0.45 | Loss: 0.191 | Opp label coverage: 0.82
Step 4641755/5000000 | Win rate (rollout): 0.46 | Loss: 0.195 | Opp label coverage: 0.89
Step 4642270/5000000 | Win rate (rollout): 0.54 | Loss: 0.177 | Opp label coverage: 0.90
Step 4642782/5000000 | Win rate (rollout): 0.56 | Loss: 0.167 | Opp label coverage: 0.83
Step 4643294/5000000 | Win rate (rollout): 0.23 | Loss: 0.166 | Opp label coverage: 0.83
Step 4643806/5000000 | Win rate (rollout): 0.47 | Loss: 0.228 | Opp label coverage: 0.83
Step 4644320/5000000 | Win rate (rollout): 0.82 | Loss: 0.175 | Opp label coverage: 0.89
Step 4644832/5000000 | Win rate (rollout): 0.46 | Loss: 0.191 | Opp label coverage: 0.84
Step 4645344/5000000 | Win rate (rollout): 0.24 | Loss: 0.219 | Opp label coverage: 0.84
Step 4645857/5000000 | Win rate (rollout): 0.56 | Loss: 0.075 | Opp label coverage: 0.89
Step 4646369/5000000 | Win rate (rollout): 0.40 | Loss: 0.176 | Opp label coverage: 0.81
Step 4646882/5000000 | Win rate (rollout): 0.36 | Loss: 0.184 | Opp label coverage: 0.87
Step 4647394/5000000 | Win rate (rollout): 0.57 | Loss: 0.204 | Opp label coverage: 0.84
Step 4647911/5000000 | Win rate (rollout): 0.58 | Loss: 0.205 | Opp label coverage: 0.87
Step 4648423/5000000 | Win rate (rollout): 0.21 | Loss: 0.177 | Opp label coverage: 0.86
Step 4648935/5000000 | Win rate (rollout): 0.50 | Loss: 0.177 | Opp label coverage: 0.84
Step 4649448/5000000 | Win rate (rollout): 0.50 | Loss: 0.150 | Opp label coverage: 0.88
Step 4649960/5000000 | Win rate (rollout): 0.56 | Loss: 0.171 | Opp label coverage: 0.80
Step 4650476/5000000 | Win rate (rollout): 0.50 | Loss: 0.148 | Opp label coverage: 0.88
[checkpoint] Saved models/ppo/checkpoints/opp/ppo_step_4650644.pt
Step 4650988/5000000 | Win rate (rollout): 0.43 | Loss: 0.196 | Opp label coverage: 0.83
Step 4651500/5000000 | Win rate (rollout): 0.50 | Loss: 0.187 | Opp label coverage: 0.87
Step 4652012/5000000 | Win rate (rollout): 0.73 | Loss: 0.197 | Opp label coverage: 0.83
Step 4652525/5000000 | Win rate (rollout): 0.45 | Loss: 0.164 | Opp label coverage: 0.88
Step 4653039/5000000 | Win rate (rollout): 0.43 | Loss: 0.241 | Opp label coverage: 0.89
Step 4653555/5000000 | Win rate (rollout): 0.31 | Loss: 0.201 | Opp label coverage: 0.90
Step 4654072/5000000 | Win rate (rollout): 0.56 | Loss: 0.218 | Opp label coverage: 0.87
Step 4654584/5000000 | Win rate (rollout): 0.70 | Loss: 0.151 | Opp label coverage: 0.79
Step 4655096/5000000 | Win rate (rollout): 0.80 | Loss: 0.199 | Opp label coverage: 0.78
Step 4655608/5000000 | Win rate (rollout): 0.55 | Loss: 0.169 | Opp label coverage: 0.78
Step 4656120/5000000 | Win rate (rollout): 0.55 | Loss: 0.183 | Opp label coverage: 0.88
Step 4656632/5000000 | Win rate (rollout): 0.38 | Loss: 0.184 | Opp label coverage: 0.87
Step 4657144/5000000 | Win rate (rollout): 0.60 | Loss: 0.185 | Opp label coverage: 0.86
Step 4657656/5000000 | Win rate (rollout): 0.31 | Loss: 0.188 | Opp label coverage: 0.83
Step 4658169/5000000 | Win rate (rollout): 0.55 | Loss: 0.240 | Opp label coverage: 0.88
Step 4658681/5000000 | Win rate (rollout): 0.92 | Loss: 0.189 | Opp label coverage: 0.85
Step 4659193/5000000 | Win rate (rollout): 0.67 | Loss: 0.153 | Opp label coverage: 0.80
Step 4659709/5000000 | Win rate (rollout): 0.50 | Loss: 0.127 | Opp label coverage: 0.89
Step 4660221/5000000 | Win rate (rollout): 0.50 | Loss: 0.230 | Opp label coverage: 0.79
Step 4660733/5000000 | Win rate (rollout): 0.60 | Loss: 0.172 | Opp label coverage: 0.82
Step 4661245/5000000 | Win rate (rollout): 0.38 | Loss: 0.194 | Opp label coverage: 0.85
Step 4661757/5000000 | Win rate (rollout): 0.33 | Loss: 0.180 | Opp label coverage: 0.80
Step 4662269/5000000 | Win rate (rollout): 0.38 | Loss: 0.169 | Opp label coverage: 0.84
Step 4662781/5000000 | Win rate (rollout): 0.62 | Loss: 0.196 | Opp label coverage: 0.84
Step 4663293/5000000 | Win rate (rollout): 0.38 | Loss: 0.200 | Opp label coverage: 0.86
Step 4663809/5000000 | Win rate (rollout): 0.45 | Loss: 0.180 | Opp label coverage: 0.88
Step 4664321/5000000 | Win rate (rollout): 0.75 | Loss: 0.175 | Opp label coverage: 0.82
Step 4664838/5000000 | Win rate (rollout): 0.29 | Loss: 0.159 | Opp label coverage: 0.90
Step 4665357/5000000 | Win rate (rollout): 0.62 | Loss: 0.200 | Opp label coverage: 0.91
Step 4665869/5000000 | Win rate (rollout): 0.62 | Loss: 0.139 | Opp label coverage: 0.90
Step 4666381/5000000 | Win rate (rollout): 0.40 | Loss: 0.212 | Opp label coverage: 0.84
Step 4666893/5000000 | Win rate (rollout): 0.53 | Loss: 0.204 | Opp label coverage: 0.81
Step 4667408/5000000 | Win rate (rollout): 0.45 | Loss: 0.173 | Opp label coverage: 0.88
Step 4667920/5000000 | Win rate (rollout): 0.36 | Loss: 0.188 | Opp label coverage: 0.81
Step 4668438/5000000 | Win rate (rollout): 0.64 | Loss: 0.136 | Opp label coverage: 0.89
Step 4668950/5000000 | Win rate (rollout): 0.60 | Loss: 0.192 | Opp label coverage: 0.80
Step 4669463/5000000 | Win rate (rollout): 0.75 | Loss: 0.238 | Opp label coverage: 0.90
Step 4669975/5000000 | Win rate (rollout): 0.75 | Loss: 0.172 | Opp label coverage: 0.84
Step 4670488/5000000 | Win rate (rollout): 0.82 | Loss: 0.215 | Opp label coverage: 0.88
Step 4671000/5000000 | Win rate (rollout): 0.27 | Loss: 0.220 | Opp label coverage: 0.78
Step 4671512/5000000 | Win rate (rollout): 0.78 | Loss: 0.198 | Opp label coverage: 0.87
Step 4672024/5000000 | Win rate (rollout): 0.50 | Loss: 0.186 | Opp label coverage: 0.84
Step 4672542/5000000 | Win rate (rollout): 0.56 | Loss: 0.199 | Opp label coverage: 0.90
Step 4673054/5000000 | Win rate (rollout): 0.45 | Loss: 0.187 | Opp label coverage: 0.80
Step 4673566/5000000 | Win rate (rollout): 0.50 | Loss: 0.191 | Opp label coverage: 0.79
Step 4674078/5000000 | Win rate (rollout): 0.56 | Loss: 0.165 | Opp label coverage: 0.88
Step 4674590/5000000 | Win rate (rollout): 0.55 | Loss: 0.172 | Opp label coverage: 0.79
Step 4675104/5000000 | Win rate (rollout): 0.50 | Loss: 0.151 | Opp label coverage: 0.90
Step 4675616/5000000 | Win rate (rollout): 0.46 | Loss: 0.211 | Opp label coverage: 0.81
[checkpoint] Saved models/ppo/checkpoints/opp/ppo_step_4675645.pt
Step 4676130/5000000 | Win rate (rollout): 0.36 | Loss: 0.190 | Opp label coverage: 0.87
Step 4676642/5000000 | Win rate (rollout): 0.43 | Loss: 0.189 | Opp label coverage: 0.85
Step 4677154/5000000 | Win rate (rollout): 0.36 | Loss: 0.188 | Opp label coverage: 0.76
Step 4677667/5000000 | Win rate (rollout): 0.50 | Loss: 0.168 | Opp label coverage: 0.89
Step 4678179/5000000 | Win rate (rollout): 0.64 | Loss: 0.201 | Opp label coverage: 0.89
Step 4678691/5000000 | Win rate (rollout): 0.25 | Loss: 0.172 | Opp label coverage: 0.84
Step 4679206/5000000 | Win rate (rollout): 0.33 | Loss: 0.187 | Opp label coverage: 0.88
Step 4679725/5000000 | Win rate (rollout): 0.45 | Loss: 0.176 | Opp label coverage: 0.89
Step 4680237/5000000 | Win rate (rollout): 0.73 | Loss: 0.190 | Opp label coverage: 0.83
Step 4680749/5000000 | Win rate (rollout): 0.62 | Loss: 0.220 | Opp label coverage: 0.83
Step 4681261/5000000 | Win rate (rollout): 1.00 | Loss: 0.164 | Opp label coverage: 0.77
Step 4681773/5000000 | Win rate (rollout): 0.58 | Loss: 0.181 | Opp label coverage: 0.84
Step 4682285/5000000 | Win rate (rollout): 0.19 | Loss: 0.199 | Opp label coverage: 0.87
Step 4682800/5000000 | Win rate (rollout): 0.67 | Loss: 0.106 | Opp label coverage: 0.90
Step 4683315/5000000 | Win rate (rollout): 0.60 | Loss: 0.127 | Opp label coverage: 0.90
Step 4683827/5000000 | Win rate (rollout): 0.88 | Loss: 0.169 | Opp label coverage: 0.77
Step 4684339/5000000 | Win rate (rollout): 0.50 | Loss: 0.189 | Opp label coverage: 0.77
Step 4684851/5000000 | Win rate (rollout): 0.44 | Loss: 0.209 | Opp label coverage: 0.75
Step 4685363/5000000 | Win rate (rollout): 0.53 | Loss: 0.184 | Opp label coverage: 0.76
Step 4685875/5000000 | Win rate (rollout): 0.44 | Loss: 0.159 | Opp label coverage: 0.84
Step 4686387/5000000 | Win rate (rollout): 0.62 | Loss: 0.212 | Opp label coverage: 0.84
Step 4686899/5000000 | Win rate (rollout): 0.58 | Loss: 0.196 | Opp label coverage: 0.83
Step 4687411/5000000 | Win rate (rollout): 0.78 | Loss: 0.159 | Opp label coverage: 0.81
Step 4687924/5000000 | Win rate (rollout): 0.42 | Loss: 0.284 | Opp label coverage: 0.88
Step 4688436/5000000 | Win rate (rollout): 0.36 | Loss: 0.199 | Opp label coverage: 0.82
Step 4688948/5000000 | Win rate (rollout): 0.47 | Loss: 0.197 | Opp label coverage: 0.84
Step 4689460/5000000 | Win rate (rollout): 0.39 | Loss: 0.200 | Opp label coverage: 0.84
Step 4689972/5000000 | Win rate (rollout): 0.50 | Loss: 0.164 | Opp label coverage: 0.76
Step 4690484/5000000 | Win rate (rollout): 0.42 | Loss: 0.174 | Opp label coverage: 0.80
Step 4690996/5000000 | Win rate (rollout): 0.56 | Loss: 0.162 | Opp label coverage: 0.85
Step 4691512/5000000 | Win rate (rollout): 0.38 | Loss: 0.126 | Opp label coverage: 0.88
Step 4692024/5000000 | Win rate (rollout): 0.45 | Loss: 0.182 | Opp label coverage: 0.81
Step 4692536/5000000 | Win rate (rollout): 0.62 | Loss: 0.184 | Opp label coverage: 0.80
Step 4693048/5000000 | Win rate (rollout): 0.14 | Loss: 0.144 | Opp label coverage: 0.89
Step 4693560/5000000 | Win rate (rollout): 0.42 | Loss: 0.198 | Opp label coverage: 0.82
Step 4694072/5000000 | Win rate (rollout): 0.56 | Loss: 0.181 | Opp label coverage: 0.81
Step 4694584/5000000 | Win rate (rollout): 0.26 | Loss: 0.182 | Opp label coverage: 0.82
Step 4695096/5000000 | Win rate (rollout): 0.31 | Loss: 0.181 | Opp label coverage: 0.73
Step 4695614/5000000 | Win rate (rollout): 0.38 | Loss: 0.176 | Opp label coverage: 0.87
Step 4696126/5000000 | Win rate (rollout): 0.57 | Loss: 0.180 | Opp label coverage: 0.89
Step 4696638/5000000 | Win rate (rollout): 0.43 | Loss: 0.148 | Opp label coverage: 0.85
Step 4697150/5000000 | Win rate (rollout): 0.64 | Loss: 0.182 | Opp label coverage: 0.72
Step 4697662/5000000 | Win rate (rollout): 0.47 | Loss: 0.187 | Opp label coverage: 0.79
Step 4698178/5000000 | Win rate (rollout): 0.36 | Loss: 0.143 | Opp label coverage: 0.88
Step 4698690/5000000 | Win rate (rollout): 0.36 | Loss: 0.180 | Opp label coverage: 0.85
Step 4699208/5000000 | Win rate (rollout): 0.54 | Loss: 0.237 | Opp label coverage: 0.87
Step 4699720/5000000 | Win rate (rollout): 0.62 | Loss: 0.166 | Opp label coverage: 0.75
Step 4700236/5000000 | Win rate (rollout): 0.30 | Loss: 0.178 | Opp label coverage: 0.89
[checkpoint] Saved models/ppo/checkpoints/opp/ppo_step_4700652.pt
Step 4700748/5000000 | Win rate (rollout): 0.75 | Loss: 0.178 | Opp label coverage: 0.83
Step 4701261/5000000 | Win rate (rollout): 0.44 | Loss: 0.087 | Opp label coverage: 0.88
Step 4701773/5000000 | Win rate (rollout): 0.50 | Loss: 0.182 | Opp label coverage: 0.86
Step 4702285/5000000 | Win rate (rollout): 0.44 | Loss: 0.163 | Opp label coverage: 0.89
Step 4702797/5000000 | Win rate (rollout): 0.47 | Loss: 0.228 | Opp label coverage: 0.83
Step 4703309/5000000 | Win rate (rollout): 0.33 | Loss: 0.197 | Opp label coverage: 0.72
Step 4703821/5000000 | Win rate (rollout): 0.44 | Loss: 0.183 | Opp label coverage: 0.78
Step 4704333/5000000 | Win rate (rollout): 0.60 | Loss: 0.217 | Opp label coverage: 0.85
Step 4704848/5000000 | Win rate (rollout): 0.44 | Loss: 0.209 | Opp label coverage: 0.89
Step 4705365/5000000 | Win rate (rollout): 0.50 | Loss: 0.187 | Opp label coverage: 0.87
Step 4705879/5000000 | Win rate (rollout): 0.60 | Loss: 0.179 | Opp label coverage: 0.89
Step 4706391/5000000 | Win rate (rollout): 0.46 | Loss: 0.175 | Opp label coverage: 0.83
Step 4706903/5000000 | Win rate (rollout): 0.33 | Loss: 0.177 | Opp label coverage: 0.82
Step 4707422/5000000 | Win rate (rollout): 0.50 | Loss: 0.127 | Opp label coverage: 0.89
Step 4707934/5000000 | Win rate (rollout): 0.46 | Loss: 0.210 | Opp label coverage: 0.82
Step 4708453/5000000 | Win rate (rollout): 0.58 | Loss: 0.155 | Opp label coverage: 0.87
Step 4708965/5000000 | Win rate (rollout): 0.50 | Loss: 0.183 | Opp label coverage: 0.87
Step 4709477/5000000 | Win rate (rollout): 0.47 | Loss: 0.178 | Opp label coverage: 0.85
Step 4709991/5000000 | Win rate (rollout): 0.27 | Loss: 0.174 | Opp label coverage: 0.87
Step 4710508/5000000 | Win rate (rollout): 0.71 | Loss: 0.153 | Opp label coverage: 0.89
Step 4711020/5000000 | Win rate (rollout): 0.36 | Loss: 0.207 | Opp label coverage: 0.83
Step 4711535/5000000 | Win rate (rollout): 0.33 | Loss: 0.160 | Opp label coverage: 0.88
Step 4712051/5000000 | Win rate (rollout): 0.31 | Loss: 0.113 | Opp label coverage: 0.90
Step 4712565/5000000 | Win rate (rollout): 0.46 | Loss: 0.214 | Opp label coverage: 0.88
Step 4713077/5000000 | Win rate (rollout): 0.33 | Loss: 0.204 | Opp label coverage: 0.85
Step 4713589/5000000 | Win rate (rollout): 0.33 | Loss: 0.195 | Opp label coverage: 0.81
Step 4714105/5000000 | Win rate (rollout): 0.50 | Loss: 0.215 | Opp label coverage: 0.87
Step 4714617/5000000 | Win rate (rollout): 0.29 | Loss: 0.193 | Opp label coverage: 0.81
Step 4715132/5000000 | Win rate (rollout): 0.50 | Loss: 0.255 | Opp label coverage: 0.87
Step 4715649/5000000 | Win rate (rollout): 0.73 | Loss: 0.175 | Opp label coverage: 0.90
Step 4716161/5000000 | Win rate (rollout): 0.54 | Loss: 0.187 | Opp label coverage: 0.74
Step 4716673/5000000 | Win rate (rollout): 0.50 | Loss: 0.164 | Opp label coverage: 0.86
Step 4717185/5000000 | Win rate (rollout): 0.55 | Loss: 0.182 | Opp label coverage: 0.86
Step 4717703/5000000 | Win rate (rollout): 0.43 | Loss: 0.177 | Opp label coverage: 0.91
Step 4718220/5000000 | Win rate (rollout): 0.36 | Loss: 0.183 | Opp label coverage: 0.90
Step 4718732/5000000 | Win rate (rollout): 0.45 | Loss: 0.186 | Opp label coverage: 0.77
Step 4719249/5000000 | Win rate (rollout): 0.25 | Loss: 0.143 | Opp label coverage: 0.87
Step 4719761/5000000 | Win rate (rollout): 0.40 | Loss: 0.176 | Opp label coverage: 0.79
Step 4720273/5000000 | Win rate (rollout): 0.62 | Loss: 0.182 | Opp label coverage: 0.82
Step 4720785/5000000 | Win rate (rollout): 0.71 | Loss: 0.163 | Opp label coverage: 0.86
Step 4721297/5000000 | Win rate (rollout): 0.54 | Loss: 0.187 | Opp label coverage: 0.84
Step 4721809/5000000 | Win rate (rollout): 0.54 | Loss: 0.169 | Opp label coverage: 0.82
Step 4722321/5000000 | Win rate (rollout): 0.46 | Loss: 0.205 | Opp label coverage: 0.82
Step 4722833/5000000 | Win rate (rollout): 0.47 | Loss: 0.176 | Opp label coverage: 0.81
Step 4723345/5000000 | Win rate (rollout): 0.57 | Loss: 0.168 | Opp label coverage: 0.75
Step 4723860/5000000 | Win rate (rollout): 0.36 | Loss: 0.265 | Opp label coverage: 0.87
Step 4724372/5000000 | Win rate (rollout): 0.62 | Loss: 0.185 | Opp label coverage: 0.84
Step 4724885/5000000 | Win rate (rollout): 0.44 | Loss: 0.239 | Opp label coverage: 0.89
Step 4725400/5000000 | Win rate (rollout): 0.62 | Loss: 0.155 | Opp label coverage: 0.90
[checkpoint] Saved models/ppo/checkpoints/opp/ppo_step_4725656.pt
Step 4725912/5000000 | Win rate (rollout): 0.60 | Loss: 0.182 | Opp label coverage: 0.84
Step 4726424/5000000 | Win rate (rollout): 0.62 | Loss: 0.167 | Opp label coverage: 0.82
Step 4726936/5000000 | Win rate (rollout): 0.50 | Loss: 0.186 | Opp label coverage: 0.83
Step 4727451/5000000 | Win rate (rollout): 0.54 | Loss: 0.205 | Opp label coverage: 0.88
Step 4727968/5000000 | Win rate (rollout): 0.57 | Loss: 0.153 | Opp label coverage: 0.88
Step 4728480/5000000 | Win rate (rollout): 0.64 | Loss: 0.195 | Opp label coverage: 0.81
Step 4728992/5000000 | Win rate (rollout): 0.53 | Loss: 0.199 | Opp label coverage: 0.84
Step 4729504/5000000 | Win rate (rollout): 0.24 | Loss: 0.202 | Opp label coverage: 0.81
Step 4730018/5000000 | Win rate (rollout): 0.42 | Loss: 0.235 | Opp label coverage: 0.87
Step 4730530/5000000 | Win rate (rollout): 0.36 | Loss: 0.194 | Opp label coverage: 0.83
Step 4731047/5000000 | Win rate (rollout): 0.73 | Loss: 0.137 | Opp label coverage: 0.89
Step 4731559/5000000 | Win rate (rollout): 0.56 | Loss: 0.192 | Opp label coverage: 0.85
Step 4732076/5000000 | Win rate (rollout): 0.82 | Loss: 0.218 | Opp label coverage: 0.89
Step 4732588/5000000 | Win rate (rollout): 0.54 | Loss: 0.163 | Opp label coverage: 0.83
Step 4733100/5000000 | Win rate (rollout): 0.40 | Loss: 0.215 | Opp label coverage: 0.83
Step 4733617/5000000 | Win rate (rollout): 0.82 | Loss: 0.210 | Opp label coverage: 0.90
Step 4734131/5000000 | Win rate (rollout): 0.36 | Loss: 0.263 | Opp label coverage: 0.88
Step 4734644/5000000 | Win rate (rollout): 0.56 | Loss: 0.278 | Opp label coverage: 0.85
Step 4735156/5000000 | Win rate (rollout): 0.50 | Loss: 0.203 | Opp label coverage: 0.82
Step 4735671/5000000 | Win rate (rollout): 0.36 | Loss: 0.100 | Opp label coverage: 0.88
Step 4736183/5000000 | Win rate (rollout): 0.30 | Loss: 0.162 | Opp label coverage: 0.84
Step 4736695/5000000 | Win rate (rollout): 0.58 | Loss: 0.181 | Opp label coverage: 0.84
Step 4737211/5000000 | Win rate (rollout): 0.80 | Loss: 0.191 | Opp label coverage: 0.90
Step 4737723/5000000 | Win rate (rollout): 0.38 | Loss: 0.178 | Opp label coverage: 0.86
Step 4738235/5000000 | Win rate (rollout): 0.60 | Loss: 0.189 | Opp label coverage: 0.83
Step 4738747/5000000 | Win rate (rollout): 0.10 | Loss: 0.168 | Opp label coverage: 0.84
Step 4739259/5000000 | Win rate (rollout): 0.45 | Loss: 0.193 | Opp label coverage: 0.89
Step 4739771/5000000 | Win rate (rollout): 0.53 | Loss: 0.180 | Opp label coverage: 0.76
Step 4740283/5000000 | Win rate (rollout): 0.40 | Loss: 0.198 | Opp label coverage: 0.79
Step 4740795/5000000 | Win rate (rollout): 0.50 | Loss: 0.180 | Opp label coverage: 0.83
Step 4741309/5000000 | Win rate (rollout): 0.64 | Loss: 0.183 | Opp label coverage: 0.88
Step 4741823/5000000 | Win rate (rollout): 0.60 | Loss: 0.233 | Opp label coverage: 0.89
Step 4742335/5000000 | Win rate (rollout): 0.33 | Loss: 0.181 | Opp label coverage: 0.77
Step 4742847/5000000 | Win rate (rollout): 0.36 | Loss: 0.160 | Opp label coverage: 0.83
Step 4743359/5000000 | Win rate (rollout): 0.44 | Loss: 0.165 | Opp label coverage: 0.78
Step 4743871/5000000 | Win rate (rollout): 0.36 | Loss: 0.201 | Opp label coverage: 0.81
Step 4744390/5000000 | Win rate (rollout): 0.25 | Loss: 0.121 | Opp label coverage: 0.89
Step 4744906/5000000 | Win rate (rollout): 0.46 | Loss: 0.146 | Opp label coverage: 0.90
Step 4745418/5000000 | Win rate (rollout): 0.62 | Loss: 0.207 | Opp label coverage: 0.82
Step 4745931/5000000 | Win rate (rollout): 0.40 | Loss: 0.238 | Opp label coverage: 0.90
Step 4746443/5000000 | Win rate (rollout): 0.91 | Loss: 0.170 | Opp label coverage: 0.79
Step 4746961/5000000 | Win rate (rollout): 0.62 | Loss: 0.131 | Opp label coverage: 0.87
Step 4747478/5000000 | Win rate (rollout): 0.36 | Loss: 0.179 | Opp label coverage: 0.89
Step 4747990/5000000 | Win rate (rollout): 0.50 | Loss: 0.193 | Opp label coverage: 0.83
Step 4748507/5000000 | Win rate (rollout): 0.80 | Loss: 0.178 | Opp label coverage: 0.88
Step 4749026/5000000 | Win rate (rollout): 0.64 | Loss: 0.178 | Opp label coverage: 0.89
Step 4749542/5000000 | Win rate (rollout): 0.40 | Loss: 0.176 | Opp label coverage: 0.87
Step 4750054/5000000 | Win rate (rollout): 0.38 | Loss: 0.208 | Opp label coverage: 0.83
Step 4750568/5000000 | Win rate (rollout): 0.67 | Loss: 0.143 | Opp label coverage: 0.89
[checkpoint] Saved models/ppo/checkpoints/opp/ppo_step_4750663.pt
Step 4751085/5000000 | Win rate (rollout): 0.60 | Loss: 0.168 | Opp label coverage: 0.90
Step 4751602/5000000 | Win rate (rollout): 0.23 | Loss: 0.153 | Opp label coverage: 0.88
Step 4752114/5000000 | Win rate (rollout): 0.40 | Loss: 0.189 | Opp label coverage: 0.81
Step 4752626/5000000 | Win rate (rollout): 0.64 | Loss: 0.172 | Opp label coverage: 0.76
Step 4753138/5000000 | Win rate (rollout): 0.85 | Loss: 0.179 | Opp label coverage: 0.82
Step 4753652/5000000 | Win rate (rollout): 0.64 | Loss: 0.212 | Opp label coverage: 0.89
Step 4754169/5000000 | Win rate (rollout): 0.62 | Loss: 0.181 | Opp label coverage: 0.89
Step 4754681/5000000 | Win rate (rollout): 0.29 | Loss: 0.204 | Opp label coverage: 0.81
Step 4755193/5000000 | Win rate (rollout): 0.38 | Loss: 0.195 | Opp label coverage: 0.83
Step 4755709/5000000 | Win rate (rollout): 0.50 | Loss: 0.178 | Opp label coverage: 0.87
Step 4756221/5000000 | Win rate (rollout): 0.50 | Loss: 0.177 | Opp label coverage: 0.83
Step 4756734/5000000 | Win rate (rollout): 0.50 | Loss: 0.102 | Opp label coverage: 0.87
Step 4757247/5000000 | Win rate (rollout): 0.43 | Loss: 0.204 | Opp label coverage: 0.89
Step 4757763/5000000 | Win rate (rollout): 0.54 | Loss: 0.156 | Opp label coverage: 0.89
Step 4758280/5000000 | Win rate (rollout): 0.27 | Loss: 0.133 | Opp label coverage: 0.86
Step 4758798/5000000 | Win rate (rollout): 0.29 | Loss: 0.213 | Opp label coverage: 0.89
Step 4759310/5000000 | Win rate (rollout): 0.17 | Loss: 0.174 | Opp label coverage: 0.85
Step 4759823/5000000 | Win rate (rollout): 0.64 | Loss: 0.194 | Opp label coverage: 0.89
Step 4760335/5000000 | Win rate (rollout): 0.62 | Loss: 0.171 | Opp label coverage: 0.82
Step 4760852/5000000 | Win rate (rollout): 0.44 | Loss: 0.170 | Opp label coverage: 0.88
Step 4761370/5000000 | Win rate (rollout): 0.44 | Loss: 0.188 | Opp label coverage: 0.88
Step 4761886/5000000 | Win rate (rollout): 0.58 | Loss: 0.147 | Opp label coverage: 0.88
Step 4762398/5000000 | Win rate (rollout): 0.40 | Loss: 0.200 | Opp label coverage: 0.80
Step 4762915/5000000 | Win rate (rollout): 0.50 | Loss: 0.172 | Opp label coverage: 0.86
Step 4763428/5000000 | Win rate (rollout): 0.31 | Loss: 0.127 | Opp label coverage: 0.89
Step 4763940/5000000 | Win rate (rollout): 0.09 | Loss: 0.158 | Opp label coverage: 0.81
Step 4764452/5000000 | Win rate (rollout): 0.46 | Loss: 0.174 | Opp label coverage: 0.82
Step 4764967/5000000 | Win rate (rollout): 0.50 | Loss: 0.211 | Opp label coverage: 0.89
Step 4765479/5000000 | Win rate (rollout): 0.40 | Loss: 0.164 | Opp label coverage: 0.84
Step 4765993/5000000 | Win rate (rollout): 0.44 | Loss: 0.145 | Opp label coverage: 0.88
Step 4766506/5000000 | Win rate (rollout): 0.71 | Loss: 0.185 | Opp label coverage: 0.88
Step 4767018/5000000 | Win rate (rollout): 0.25 | Loss: 0.205 | Opp label coverage: 0.82
Step 4767535/5000000 | Win rate (rollout): 0.36 | Loss: 0.171 | Opp label coverage: 0.87
Step 4768052/5000000 | Win rate (rollout): 0.50 | Loss: 0.171 | Opp label coverage: 0.88
Step 4768566/5000000 | Win rate (rollout): 0.30 | Loss: 0.169 | Opp label coverage: 0.90
Step 4769078/5000000 | Win rate (rollout): 0.50 | Loss: 0.176 | Opp label coverage: 0.79
Step 4769590/5000000 | Win rate (rollout): 0.50 | Loss: 0.170 | Opp label coverage: 0.79
Step 4770102/5000000 | Win rate (rollout): 0.59 | Loss: 0.180 | Opp label coverage: 0.83
Step 4770614/5000000 | Win rate (rollout): 0.41 | Loss: 0.196 | Opp label coverage: 0.84
Step 4771126/5000000 | Win rate (rollout): 0.58 | Loss: 0.182 | Opp label coverage: 0.80
Step 4771638/5000000 | Win rate (rollout): 0.73 | Loss: 0.198 | Opp label coverage: 0.89
Step 4772153/5000000 | Win rate (rollout): 0.60 | Loss: 0.272 | Opp label coverage: 0.87
Step 4772665/5000000 | Win rate (rollout): 0.50 | Loss: 0.182 | Opp label coverage: 0.88
Step 4773177/5000000 | Win rate (rollout): 0.50 | Loss: 0.171 | Opp label coverage: 0.87
Step 4773689/5000000 | Win rate (rollout): 0.42 | Loss: 0.185 | Opp label coverage: 0.83
Step 4774201/5000000 | Win rate (rollout): 0.33 | Loss: 0.164 | Opp label coverage: 0.90
Step 4774713/5000000 | Win rate (rollout): 0.50 | Loss: 0.187 | Opp label coverage: 0.84
Step 4775225/5000000 | Win rate (rollout): 0.75 | Loss: 0.230 | Opp label coverage: 0.84
[checkpoint] Saved models/ppo/checkpoints/opp/ppo_step_4775664.pt
Step 4775741/5000000 | Win rate (rollout): 0.45 | Loss: 0.193 | Opp label coverage: 0.88
Step 4776254/5000000 | Win rate (rollout): 0.73 | Loss: 0.146 | Opp label coverage: 0.88
Step 4776772/5000000 | Win rate (rollout): 0.13 | Loss: 0.168 | Opp label coverage: 0.88
Step 4777284/5000000 | Win rate (rollout): 0.46 | Loss: 0.197 | Opp label coverage: 0.85
Step 4777796/5000000 | Win rate (rollout): 0.82 | Loss: 0.180 | Opp label coverage: 0.89
Step 4778309/5000000 | Win rate (rollout): 0.60 | Loss: 0.110 | Opp label coverage: 0.89
Step 4778821/5000000 | Win rate (rollout): 0.56 | Loss: 0.174 | Opp label coverage: 0.84
Step 4779333/5000000 | Win rate (rollout): 0.62 | Loss: 0.187 | Opp label coverage: 0.89
Step 4779851/5000000 | Win rate (rollout): 0.50 | Loss: 0.185 | Opp label coverage: 0.91
Step 4780364/5000000 | Win rate (rollout): 0.38 | Loss: 0.190 | Opp label coverage: 0.89
Step 4780876/5000000 | Win rate (rollout): 0.46 | Loss: 0.201 | Opp label coverage: 0.82
Step 4781388/5000000 | Win rate (rollout): 0.62 | Loss: 0.181 | Opp label coverage: 0.82
Step 4781900/5000000 | Win rate (rollout): 0.83 | Loss: 0.171 | Opp label coverage: 0.82
Step 4782412/5000000 | Win rate (rollout): 0.57 | Loss: 0.188 | Opp label coverage: 0.87
Step 4782925/5000000 | Win rate (rollout): 0.67 | Loss: 0.215 | Opp label coverage: 0.88
Step 4783437/5000000 | Win rate (rollout): 0.38 | Loss: 0.169 | Opp label coverage: 0.86
Step 4783953/5000000 | Win rate (rollout): 0.33 | Loss: 0.151 | Opp label coverage: 0.88
Step 4784471/5000000 | Win rate (rollout): 0.47 | Loss: 0.146 | Opp label coverage: 0.88
Step 4784990/5000000 | Win rate (rollout): 0.67 | Loss: 0.185 | Opp label coverage: 0.90
Step 4785505/5000000 | Win rate (rollout): 0.40 | Loss: 0.195 | Opp label coverage: 0.88
Step 4786017/5000000 | Win rate (rollout): 0.43 | Loss: 0.180 | Opp label coverage: 0.85
Step 4786534/5000000 | Win rate (rollout): 0.40 | Loss: 0.164 | Opp label coverage: 0.89
Step 4787051/5000000 | Win rate (rollout): 0.46 | Loss: 0.175 | Opp label coverage: 0.89
Step 4787568/5000000 | Win rate (rollout): 0.47 | Loss: 0.176 | Opp label coverage: 0.88
Step 4788080/5000000 | Win rate (rollout): 0.44 | Loss: 0.171 | Opp label coverage: 0.83
Step 4788592/5000000 | Win rate (rollout): 0.69 | Loss: 0.192 | Opp label coverage: 0.85
Step 4789104/5000000 | Win rate (rollout): 0.53 | Loss: 0.159 | Opp label coverage: 0.85
Step 4789623/5000000 | Win rate (rollout): 0.64 | Loss: 0.166 | Opp label coverage: 0.88
Step 4790137/5000000 | Win rate (rollout): 0.40 | Loss: 0.244 | Opp label coverage: 0.87
Step 4790649/5000000 | Win rate (rollout): 0.33 | Loss: 0.171 | Opp label coverage: 0.81
Step 4791161/5000000 | Win rate (rollout): 0.44 | Loss: 0.225 | Opp label coverage: 0.83
Step 4791673/5000000 | Win rate (rollout): 1.00 | Loss: 0.146 | Opp label coverage: 0.83
Step 4792191/5000000 | Win rate (rollout): 0.36 | Loss: 0.187 | Opp label coverage: 0.88
Step 4792705/5000000 | Win rate (rollout): 0.64 | Loss: 0.217 | Opp label coverage: 0.88
Step 4793217/5000000 | Win rate (rollout): 0.25 | Loss: 0.157 | Opp label coverage: 0.78
Step 4793729/5000000 | Win rate (rollout): 0.27 | Loss: 0.175 | Opp label coverage: 0.85
Step 4794241/5000000 | Win rate (rollout): 0.78 | Loss: 0.189 | Opp label coverage: 0.81
Step 4794753/5000000 | Win rate (rollout): 0.50 | Loss: 0.191 | Opp label coverage: 0.83
Step 4795270/5000000 | Win rate (rollout): 0.55 | Loss: 0.184 | Opp label coverage: 0.89
Step 4795782/5000000 | Win rate (rollout): 0.33 | Loss: 0.169 | Opp label coverage: 0.83
Step 4796294/5000000 | Win rate (rollout): 0.25 | Loss: 0.176 | Opp label coverage: 0.81
Step 4796806/5000000 | Win rate (rollout): 0.53 | Loss: 0.195 | Opp label coverage: 0.84
Step 4797318/5000000 | Win rate (rollout): 0.33 | Loss: 0.217 | Opp label coverage: 0.85
Step 4797832/5000000 | Win rate (rollout): 0.33 | Loss: 0.156 | Opp label coverage: 0.89
Step 4798347/5000000 | Win rate (rollout): 0.62 | Loss: 0.187 | Opp label coverage: 0.87
Step 4798860/5000000 | Win rate (rollout): 0.44 | Loss: 0.114 | Opp label coverage: 0.89
Step 4799372/5000000 | Win rate (rollout): 0.23 | Loss: 0.181 | Opp label coverage: 0.84
Step 4799884/5000000 | Win rate (rollout): 0.26 | Loss: 0.175 | Opp label coverage: 0.84
Step 4800396/5000000 | Win rate (rollout): 0.62 | Loss: 0.178 | Opp label coverage: 0.84
[checkpoint] Saved models/ppo/checkpoints/opp/ppo_step_4800668.pt
Step 4800910/5000000 | Win rate (rollout): 0.45 | Loss: 0.175 | Opp label coverage: 0.89
Step 4801422/5000000 | Win rate (rollout): 0.23 | Loss: 0.200 | Opp label coverage: 0.84
Step 4801934/5000000 | Win rate (rollout): 0.60 | Loss: 0.196 | Opp label coverage: 0.83
Step 4802446/5000000 | Win rate (rollout): 0.58 | Loss: 0.198 | Opp label coverage: 0.85
Step 4802964/5000000 | Win rate (rollout): 0.55 | Loss: 0.243 | Opp label coverage: 0.88
Step 4803476/5000000 | Win rate (rollout): 0.57 | Loss: 0.182 | Opp label coverage: 0.80
Step 4803988/5000000 | Win rate (rollout): 0.50 | Loss: 0.180 | Opp label coverage: 0.81
Step 4804501/5000000 | Win rate (rollout): 0.73 | Loss: 0.144 | Opp label coverage: 0.90
Step 4805020/5000000 | Win rate (rollout): 0.71 | Loss: 0.171 | Opp label coverage: 0.88
Step 4805533/5000000 | Win rate (rollout): 0.43 | Loss: 0.156 | Opp label coverage: 0.89
Step 4806047/5000000 | Win rate (rollout): 0.54 | Loss: 0.206 | Opp label coverage: 0.89
Step 4806563/5000000 | Win rate (rollout): 0.62 | Loss: 0.191 | Opp label coverage: 0.88
Step 4807075/5000000 | Win rate (rollout): 0.71 | Loss: 0.180 | Opp label coverage: 0.79
Step 4807587/5000000 | Win rate (rollout): 0.73 | Loss: 0.158 | Opp label coverage: 0.71
Step 4808099/5000000 | Win rate (rollout): 0.50 | Loss: 0.204 | Opp label coverage: 0.68
Step 4808612/5000000 | Win rate (rollout): 0.58 | Loss: 0.105 | Opp label coverage: 0.89
Step 4809124/5000000 | Win rate (rollout): 0.08 | Loss: 0.196 | Opp label coverage: 0.80
Step 4809643/5000000 | Win rate (rollout): 0.78 | Loss: 0.178 | Opp label coverage: 0.90
Step 4810161/5000000 | Win rate (rollout): 0.42 | Loss: 0.159 | Opp label coverage: 0.92
Step 4810678/5000000 | Win rate (rollout): 0.38 | Loss: 0.214 | Opp label coverage: 0.89
Step 4811190/5000000 | Win rate (rollout): 0.38 | Loss: 0.179 | Opp label coverage: 0.83
Step 4811705/5000000 | Win rate (rollout): 0.50 | Loss: 0.191 | Opp label coverage: 0.88
Step 4812218/5000000 | Win rate (rollout): 0.82 | Loss: 0.127 | Opp label coverage: 0.90
Step 4812730/5000000 | Win rate (rollout): 0.42 | Loss: 0.165 | Opp label coverage: 0.77
Step 4813247/5000000 | Win rate (rollout): 0.54 | Loss: 0.247 | Opp label coverage: 0.88
Step 4813759/5000000 | Win rate (rollout): 0.67 | Loss: 0.170 | Opp label coverage: 0.83
Step 4814276/5000000 | Win rate (rollout): 0.73 | Loss: 0.181 | Opp label coverage: 0.87
Step 4814788/5000000 | Win rate (rollout): 0.46 | Loss: 0.230 | Opp label coverage: 0.86
Step 4815302/5000000 | Win rate (rollout): 0.73 | Loss: 0.169 | Opp label coverage: 0.88
Step 4815814/5000000 | Win rate (rollout): 0.27 | Loss: 0.170 | Opp label coverage: 0.83
Step 4816326/5000000 | Win rate (rollout): 0.47 | Loss: 0.255 | Opp label coverage: 0.81
Step 4816841/5000000 | Win rate (rollout): 0.14 | Loss: 0.099 | Opp label coverage: 0.90
Step 4817353/5000000 | Win rate (rollout): 0.71 | Loss: 0.162 | Opp label coverage: 0.78
Step 4817871/5000000 | Win rate (rollout): 0.83 | Loss: 0.237 | Opp label coverage: 0.90
Step 4818383/5000000 | Win rate (rollout): 0.73 | Loss: 0.170 | Opp label coverage: 0.80
Step 4818895/5000000 | Win rate (rollout): 0.38 | Loss: 0.186 | Opp label coverage: 0.81
Step 4819407/5000000 | Win rate (rollout): 0.50 | Loss: 0.176 | Opp label coverage: 0.83
Step 4819919/5000000 | Win rate (rollout): 0.30 | Loss: 0.184 | Opp label coverage: 0.89
Step 4820437/5000000 | Win rate (rollout): 0.38 | Loss: 0.241 | Opp label coverage: 0.89
Step 4820952/5000000 | Win rate (rollout): 0.31 | Loss: 0.164 | Opp label coverage: 0.89
Step 4821469/5000000 | Win rate (rollout): 0.86 | Loss: 0.140 | Opp label coverage: 0.90
Step 4821981/5000000 | Win rate (rollout): 0.47 | Loss: 0.176 | Opp label coverage: 0.81
Step 4822493/5000000 | Win rate (rollout): 0.38 | Loss: 0.211 | Opp label coverage: 0.79
Step 4823011/5000000 | Win rate (rollout): 0.64 | Loss: 0.181 | Opp label coverage: 0.89
Step 4823523/5000000 | Win rate (rollout): 0.38 | Loss: 0.209 | Opp label coverage: 0.85
Step 4824038/5000000 | Win rate (rollout): 0.33 | Loss: 0.195 | Opp label coverage: 0.87
Step 4824555/5000000 | Win rate (rollout): 0.62 | Loss: 0.237 | Opp label coverage: 0.88
Step 4825067/5000000 | Win rate (rollout): 0.43 | Loss: 0.191 | Opp label coverage: 0.83
Step 4825579/5000000 | Win rate (rollout): 0.31 | Loss: 0.175 | Opp label coverage: 0.80
[checkpoint] Saved models/ppo/checkpoints/opp/ppo_step_4825671.pt
Step 4826092/5000000 | Win rate (rollout): 0.33 | Loss: 0.134 | Opp label coverage: 0.89
Step 4826604/5000000 | Win rate (rollout): 0.40 | Loss: 0.177 | Opp label coverage: 0.85
Step 4827117/5000000 | Win rate (rollout): 0.38 | Loss: 0.270 | Opp label coverage: 0.86
Step 4827629/5000000 | Win rate (rollout): 0.70 | Loss: 0.203 | Opp label coverage: 0.85
Step 4828143/5000000 | Win rate (rollout): 0.60 | Loss: 0.159 | Opp label coverage: 0.89
Step 4828655/5000000 | Win rate (rollout): 0.31 | Loss: 0.181 | Opp label coverage: 0.90
Step 4829167/5000000 | Win rate (rollout): 0.75 | Loss: 0.174 | Opp label coverage: 0.79
Step 4829679/5000000 | Win rate (rollout): 0.65 | Loss: 0.196 | Opp label coverage: 0.81
Step 4830191/5000000 | Win rate (rollout): 0.42 | Loss: 0.208 | Opp label coverage: 0.84
Step 4830708/5000000 | Win rate (rollout): 0.55 | Loss: 0.151 | Opp label coverage: 0.87
Step 4831220/5000000 | Win rate (rollout): 0.75 | Loss: 0.190 | Opp label coverage: 0.80
Step 4831736/5000000 | Win rate (rollout): 0.36 | Loss: 0.226 | Opp label coverage: 0.87
Step 4832254/5000000 | Win rate (rollout): 0.58 | Loss: 0.168 | Opp label coverage: 0.90
Step 4832766/5000000 | Win rate (rollout): 0.46 | Loss: 0.206 | Opp label coverage: 0.84
Step 4833278/5000000 | Win rate (rollout): 0.56 | Loss: 0.193 | Opp label coverage: 0.84
Step 4833794/5000000 | Win rate (rollout): 0.85 | Loss: 0.186 | Opp label coverage: 0.88
Step 4834311/5000000 | Win rate (rollout): 0.64 | Loss: 0.126 | Opp label coverage: 0.90
Step 4834823/5000000 | Win rate (rollout): 0.23 | Loss: 0.208 | Opp label coverage: 0.83
Step 4835335/5000000 | Win rate (rollout): 0.55 | Loss: 0.170 | Opp label coverage: 0.87
Step 4835851/5000000 | Win rate (rollout): 0.40 | Loss: 0.245 | Opp label coverage: 0.88
Step 4836365/5000000 | Win rate (rollout): 0.78 | Loss: 0.090 | Opp label coverage: 0.91
Step 4836884/5000000 | Win rate (rollout): 0.50 | Loss: 0.203 | Opp label coverage: 0.87
Step 4837396/5000000 | Win rate (rollout): 0.33 | Loss: 0.223 | Opp label coverage: 0.84
Step 4837908/5000000 | Win rate (rollout): 0.50 | Loss: 0.183 | Opp label coverage: 0.85
Step 4838420/5000000 | Win rate (rollout): 0.69 | Loss: 0.189 | Opp label coverage: 0.87
Step 4838932/5000000 | Win rate (rollout): 0.42 | Loss: 0.189 | Opp label coverage: 0.87
Step 4839444/5000000 | Win rate (rollout): 0.40 | Loss: 0.210 | Opp label coverage: 0.83
Step 4839956/5000000 | Win rate (rollout): 0.33 | Loss: 0.186 | Opp label coverage: 0.82
Step 4840468/5000000 | Win rate (rollout): 0.60 | Loss: 0.166 | Opp label coverage: 0.84
Step 4840980/5000000 | Win rate (rollout): 0.43 | Loss: 0.176 | Opp label coverage: 0.83
Step 4841492/5000000 | Win rate (rollout): 0.45 | Loss: 0.198 | Opp label coverage: 0.88
Step 4842004/5000000 | Win rate (rollout): 0.54 | Loss: 0.184 | Opp label coverage: 0.85
Step 4842516/5000000 | Win rate (rollout): 0.31 | Loss: 0.177 | Opp label coverage: 0.77
Step 4843035/5000000 | Win rate (rollout): 0.78 | Loss: 0.145 | Opp label coverage: 0.90
Step 4843547/5000000 | Win rate (rollout): 0.62 | Loss: 0.196 | Opp label coverage: 0.83
Step 4844059/5000000 | Win rate (rollout): 0.36 | Loss: 0.177 | Opp label coverage: 0.83
Step 4844571/5000000 | Win rate (rollout): 0.56 | Loss: 0.179 | Opp label coverage: 0.79
Step 4845083/5000000 | Win rate (rollout): 0.38 | Loss: 0.175 | Opp label coverage: 0.80
Step 4845601/5000000 | Win rate (rollout): 0.43 | Loss: 0.166 | Opp label coverage: 0.90
Step 4846114/5000000 | Win rate (rollout): 0.31 | Loss: 0.170 | Opp label coverage: 0.87
Step 4846629/5000000 | Win rate (rollout): 0.56 | Loss: 0.211 | Opp label coverage: 0.88
Step 4847142/5000000 | Win rate (rollout): 0.38 | Loss: 0.232 | Opp label coverage: 0.86
Step 4847654/5000000 | Win rate (rollout): 0.73 | Loss: 0.189 | Opp label coverage: 0.90
Step 4848168/5000000 | Win rate (rollout): 0.25 | Loss: 0.134 | Opp label coverage: 0.91
Step 4848680/5000000 | Win rate (rollout): 0.27 | Loss: 0.165 | Opp label coverage: 0.85
Step 4849192/5000000 | Win rate (rollout): 0.24 | Loss: 0.173 | Opp label coverage: 0.82
Step 4849705/5000000 | Win rate (rollout): 0.60 | Loss: 0.116 | Opp label coverage: 0.89
Step 4850217/5000000 | Win rate (rollout): 0.27 | Loss: 0.150 | Opp label coverage: 0.80
[checkpoint] Saved models/ppo/checkpoints/opp/ppo_step_4850677.pt
Step 4850733/5000000 | Win rate (rollout): 0.56 | Loss: 0.141 | Opp label coverage: 0.89
Step 4851248/5000000 | Win rate (rollout): 0.47 | Loss: 0.135 | Opp label coverage: 0.88
Step 4851760/5000000 | Win rate (rollout): 0.58 | Loss: 0.179 | Opp label coverage: 0.82
Step 4852272/5000000 | Win rate (rollout): 0.57 | Loss: 0.180 | Opp label coverage: 0.87
Step 4852787/5000000 | Win rate (rollout): 0.62 | Loss: 0.172 | Opp label coverage: 0.89
Step 4853299/5000000 | Win rate (rollout): 0.57 | Loss: 0.163 | Opp label coverage: 0.84
Step 4853813/5000000 | Win rate (rollout): 0.40 | Loss: 0.162 | Opp label coverage: 0.87
Step 4854327/5000000 | Win rate (rollout): 0.31 | Loss: 0.240 | Opp label coverage: 0.91
Step 4854839/5000000 | Win rate (rollout): 0.31 | Loss: 0.166 | Opp label coverage: 0.85
Step 4855351/5000000 | Win rate (rollout): 0.31 | Loss: 0.171 | Opp label coverage: 0.85
Step 4855863/5000000 | Win rate (rollout): 0.40 | Loss: 0.208 | Opp label coverage: 0.83
Step 4856375/5000000 | Win rate (rollout): 0.57 | Loss: 0.189 | Opp label coverage: 0.84
Step 4856892/5000000 | Win rate (rollout): 0.20 | Loss: 0.106 | Opp label coverage: 0.89
Step 4857409/5000000 | Win rate (rollout): 0.60 | Loss: 0.174 | Opp label coverage: 0.89
Step 4857924/5000000 | Win rate (rollout): 0.50 | Loss: 0.146 | Opp label coverage: 0.88
Step 4858436/5000000 | Win rate (rollout): 0.23 | Loss: 0.213 | Opp label coverage: 0.80
Step 4858950/5000000 | Win rate (rollout): 0.30 | Loss: 0.157 | Opp label coverage: 0.87
Step 4859465/5000000 | Win rate (rollout): 0.36 | Loss: 0.119 | Opp label coverage: 0.90
Step 4859977/5000000 | Win rate (rollout): 0.88 | Loss: 0.161 | Opp label coverage: 0.85
Step 4860489/5000000 | Win rate (rollout): 0.50 | Loss: 0.171 | Opp label coverage: 0.86
Step 4861007/5000000 | Win rate (rollout): 0.20 | Loss: 0.167 | Opp label coverage: 0.89
Step 4861523/5000000 | Win rate (rollout): 0.62 | Loss: 0.182 | Opp label coverage: 0.89
Step 4862035/5000000 | Win rate (rollout): 0.31 | Loss: 0.193 | Opp label coverage: 0.80
Step 4862547/5000000 | Win rate (rollout): 0.62 | Loss: 0.187 | Opp label coverage: 0.88
Step 4863060/5000000 | Win rate (rollout): 0.73 | Loss: 0.198 | Opp label coverage: 0.88
Step 4863576/5000000 | Win rate (rollout): 0.57 | Loss: 0.124 | Opp label coverage: 0.87
Step 4864088/5000000 | Win rate (rollout): 0.33 | Loss: 0.175 | Opp label coverage: 0.87
Step 4864600/5000000 | Win rate (rollout): 0.47 | Loss: 0.215 | Opp label coverage: 0.84
Step 4865117/5000000 | Win rate (rollout): 0.50 | Loss: 0.134 | Opp label coverage: 0.88
Step 4865630/5000000 | Win rate (rollout): 0.44 | Loss: 0.233 | Opp label coverage: 0.87
Step 4866142/5000000 | Win rate (rollout): 0.73 | Loss: 0.187 | Opp label coverage: 0.88
Step 4866654/5000000 | Win rate (rollout): 0.60 | Loss: 0.177 | Opp label coverage: 0.82
Step 4867166/5000000 | Win rate (rollout): 0.29 | Loss: 0.200 | Opp label coverage: 0.82
Step 4867678/5000000 | Win rate (rollout): 0.62 | Loss: 0.187 | Opp label coverage: 0.77
Step 4868197/5000000 | Win rate (rollout): 0.71 | Loss: 0.150 | Opp label coverage: 0.92
Step 4868713/5000000 | Win rate (rollout): 0.38 | Loss: 0.159 | Opp label coverage: 0.89
Step 4869225/5000000 | Win rate (rollout): 0.56 | Loss: 0.150 | Opp label coverage: 0.84
Step 4869743/5000000 | Win rate (rollout): 0.45 | Loss: 0.174 | Opp label coverage: 0.88
Step 4870255/5000000 | Win rate (rollout): 0.73 | Loss: 0.167 | Opp label coverage: 0.84
Step 4870768/5000000 | Win rate (rollout): 0.45 | Loss: 0.277 | Opp label coverage: 0.87
Step 4871283/5000000 | Win rate (rollout): 0.36 | Loss: 0.157 | Opp label coverage: 0.89
Step 4871795/5000000 | Win rate (rollout): 0.18 | Loss: 0.179 | Opp label coverage: 0.81
Step 4872307/5000000 | Win rate (rollout): 0.57 | Loss: 0.171 | Opp label coverage: 0.79
Step 4872822/5000000 | Win rate (rollout): 0.70 | Loss: 0.209 | Opp label coverage: 0.89
Step 4873334/5000000 | Win rate (rollout): 0.46 | Loss: 0.206 | Opp label coverage: 0.81
Step 4873846/5000000 | Win rate (rollout): 0.43 | Loss: 0.189 | Opp label coverage: 0.87
Step 4874365/5000000 | Win rate (rollout): 0.20 | Loss: 0.136 | Opp label coverage: 0.88
Step 4874877/5000000 | Win rate (rollout): 0.40 | Loss: 0.151 | Opp label coverage: 0.84
Step 4875389/5000000 | Win rate (rollout): 0.50 | Loss: 0.178 | Opp label coverage: 0.82
[checkpoint] Saved models/ppo/checkpoints/opp/ppo_step_4875677.pt
Step 4875901/5000000 | Win rate (rollout): 0.44 | Loss: 0.209 | Opp label coverage: 0.86
Step 4876413/5000000 | Win rate (rollout): 0.57 | Loss: 0.148 | Opp label coverage: 0.84
Step 4876930/5000000 | Win rate (rollout): 0.42 | Loss: 0.169 | Opp label coverage: 0.88
Step 4877442/5000000 | Win rate (rollout): 0.25 | Loss: 0.178 | Opp label coverage: 0.82
Step 4877954/5000000 | Win rate (rollout): 0.43 | Loss: 0.208 | Opp label coverage: 0.83
Step 4878466/5000000 | Win rate (rollout): 0.56 | Loss: 0.145 | Opp label coverage: 0.89
Step 4878978/5000000 | Win rate (rollout): 0.12 | Loss: 0.153 | Opp label coverage: 0.83
Step 4879495/5000000 | Win rate (rollout): 0.33 | Loss: 0.133 | Opp label coverage: 0.88
Step 4880007/5000000 | Win rate (rollout): 0.88 | Loss: 0.202 | Opp label coverage: 0.83
Step 4880519/5000000 | Win rate (rollout): 0.40 | Loss: 0.165 | Opp label coverage: 0.88
Step 4881035/5000000 | Win rate (rollout): 0.60 | Loss: 0.177 | Opp label coverage: 0.88
Step 4881547/5000000 | Win rate (rollout): 0.50 | Loss: 0.193 | Opp label coverage: 0.77
Step 4882059/5000000 | Win rate (rollout): 0.56 | Loss: 0.177 | Opp label coverage: 0.79
Step 4882574/5000000 | Win rate (rollout): 0.55 | Loss: 0.168 | Opp label coverage: 0.90
Step 4883086/5000000 | Win rate (rollout): 0.67 | Loss: 0.157 | Opp label coverage: 0.88
Step 4883600/5000000 | Win rate (rollout): 0.75 | Loss: 0.192 | Opp label coverage: 0.89
Step 4884117/5000000 | Win rate (rollout): 0.53 | Loss: 0.179 | Opp label coverage: 0.89
Step 4884629/5000000 | Win rate (rollout): 0.50 | Loss: 0.155 | Opp label coverage: 0.82
Step 4885144/5000000 | Win rate (rollout): 0.46 | Loss: 0.117 | Opp label coverage: 0.87
Step 4885661/5000000 | Win rate (rollout): 0.47 | Loss: 0.161 | Opp label coverage: 0.88
Step 4886173/5000000 | Win rate (rollout): 0.50 | Loss: 0.176 | Opp label coverage: 0.79
Step 4886685/5000000 | Win rate (rollout): 0.56 | Loss: 0.185 | Opp label coverage: 0.82
Step 4887197/5000000 | Win rate (rollout): 0.15 | Loss: 0.155 | Opp label coverage: 0.84
Step 4887714/5000000 | Win rate (rollout): 0.29 | Loss: 0.117 | Opp label coverage: 0.91
Step 4888226/5000000 | Win rate (rollout): 0.47 | Loss: 0.172 | Opp label coverage: 0.81
Step 4888738/5000000 | Win rate (rollout): 0.39 | Loss: 0.174 | Opp label coverage: 0.81
Step 4889252/5000000 | Win rate (rollout): 0.58 | Loss: 0.204 | Opp label coverage: 0.88
Step 4889764/5000000 | Win rate (rollout): 0.50 | Loss: 0.207 | Opp label coverage: 0.85
Step 4890281/5000000 | Win rate (rollout): 0.42 | Loss: 0.169 | Opp label coverage: 0.87
Step 4890794/5000000 | Win rate (rollout): 0.40 | Loss: 0.140 | Opp label coverage: 0.89
Step 4891312/5000000 | Win rate (rollout): 0.54 | Loss: 0.242 | Opp label coverage: 0.87
Step 4891829/5000000 | Win rate (rollout): 0.31 | Loss: 0.119 | Opp label coverage: 0.91
Step 4892341/5000000 | Win rate (rollout): 0.46 | Loss: 0.207 | Opp label coverage: 0.85
Step 4892853/5000000 | Win rate (rollout): 0.47 | Loss: 0.205 | Opp label coverage: 0.81
Step 4893367/5000000 | Win rate (rollout): 0.56 | Loss: 0.179 | Opp label coverage: 0.89
Step 4893879/5000000 | Win rate (rollout): 0.46 | Loss: 0.185 | Opp label coverage: 0.83
Step 4894391/5000000 | Win rate (rollout): 0.50 | Loss: 0.170 | Opp label coverage: 0.86
Step 4894903/5000000 | Win rate (rollout): 0.29 | Loss: 0.166 | Opp label coverage: 0.89
Step 4895420/5000000 | Win rate (rollout): 0.38 | Loss: 0.173 | Opp label coverage: 0.88
Step 4895932/5000000 | Win rate (rollout): 0.50 | Loss: 0.192 | Opp label coverage: 0.86
Step 4896444/5000000 | Win rate (rollout): 0.27 | Loss: 0.160 | Opp label coverage: 0.83
Step 4896961/5000000 | Win rate (rollout): 0.62 | Loss: 0.154 | Opp label coverage: 0.90
Step 4897479/5000000 | Win rate (rollout): 0.45 | Loss: 0.143 | Opp label coverage: 0.92
Step 4897993/5000000 | Win rate (rollout): 0.56 | Loss: 0.201 | Opp label coverage: 0.90
Step 4898505/5000000 | Win rate (rollout): 0.67 | Loss: 0.170 | Opp label coverage: 0.86
Step 4899017/5000000 | Win rate (rollout): 0.54 | Loss: 0.164 | Opp label coverage: 0.82
Step 4899535/5000000 | Win rate (rollout): 0.62 | Loss: 0.182 | Opp label coverage: 0.88
Step 4900052/5000000 | Win rate (rollout): 0.17 | Loss: 0.137 | Opp label coverage: 0.87
Step 4900570/5000000 | Win rate (rollout): 0.50 | Loss: 0.162 | Opp label coverage: 0.88
[checkpoint] Saved models/ppo/checkpoints/opp/ppo_step_4900682.pt
Step 4901086/5000000 | Win rate (rollout): 0.57 | Loss: 0.163 | Opp label coverage: 0.87
Step 4901598/5000000 | Win rate (rollout): 0.38 | Loss: 0.215 | Opp label coverage: 0.85
Step 4902110/5000000 | Win rate (rollout): 0.38 | Loss: 0.174 | Opp label coverage: 0.76
Step 4902627/5000000 | Win rate (rollout): 0.30 | Loss: 0.206 | Opp label coverage: 0.87
Step 4903139/5000000 | Win rate (rollout): 0.46 | Loss: 0.203 | Opp label coverage: 0.84
Step 4903651/5000000 | Win rate (rollout): 0.11 | Loss: 0.170 | Opp label coverage: 0.83
Step 4904169/5000000 | Win rate (rollout): 0.55 | Loss: 0.140 | Opp label coverage: 0.88
Step 4904686/5000000 | Win rate (rollout): 0.36 | Loss: 0.169 | Opp label coverage: 0.90
Step 4905198/5000000 | Win rate (rollout): 0.38 | Loss: 0.153 | Opp label coverage: 0.84
Step 4905715/5000000 | Win rate (rollout): 0.33 | Loss: 0.220 | Opp label coverage: 0.88
Step 4906227/5000000 | Win rate (rollout): 0.71 | Loss: 0.150 | Opp label coverage: 0.82
Step 4906740/5000000 | Win rate (rollout): 0.62 | Loss: 0.096 | Opp label coverage: 0.89
Step 4907255/5000000 | Win rate (rollout): 0.47 | Loss: 0.144 | Opp label coverage: 0.89
Step 4907767/5000000 | Win rate (rollout): 0.56 | Loss: 0.167 | Opp label coverage: 0.84
Step 4908279/5000000 | Win rate (rollout): 0.33 | Loss: 0.182 | Opp label coverage: 0.79
Step 4908791/5000000 | Win rate (rollout): 0.55 | Loss: 0.172 | Opp label coverage: 0.78
Step 4909309/5000000 | Win rate (rollout): 0.50 | Loss: 0.163 | Opp label coverage: 0.88
Step 4909821/5000000 | Win rate (rollout): 0.50 | Loss: 0.147 | Opp label coverage: 0.88
Step 4910333/5000000 | Win rate (rollout): 0.58 | Loss: 0.174 | Opp label coverage: 0.84
Step 4910845/5000000 | Win rate (rollout): 0.58 | Loss: 0.153 | Opp label coverage: 0.85
Step 4911364/5000000 | Win rate (rollout): 0.75 | Loss: 0.163 | Opp label coverage: 0.91
Step 4911876/5000000 | Win rate (rollout): 0.55 | Loss: 0.158 | Opp label coverage: 0.87
Step 4912388/5000000 | Win rate (rollout): 0.15 | Loss: 0.175 | Opp label coverage: 0.79
Step 4912903/5000000 | Win rate (rollout): 0.33 | Loss: 0.184 | Opp label coverage: 0.89
Step 4913415/5000000 | Win rate (rollout): 0.38 | Loss: 0.177 | Opp label coverage: 0.84
Step 4913927/5000000 | Win rate (rollout): 0.22 | Loss: 0.163 | Opp label coverage: 0.89
Step 4914440/5000000 | Win rate (rollout): 0.62 | Loss: 0.229 | Opp label coverage: 0.89
Step 4914952/5000000 | Win rate (rollout): 0.43 | Loss: 0.198 | Opp label coverage: 0.81
Step 4915464/5000000 | Win rate (rollout): 0.50 | Loss: 0.176 | Opp label coverage: 0.83
Step 4915976/5000000 | Win rate (rollout): 0.50 | Loss: 0.167 | Opp label coverage: 0.80
Step 4916491/5000000 | Win rate (rollout): 0.50 | Loss: 0.162 | Opp label coverage: 0.88
Step 4917007/5000000 | Win rate (rollout): 0.60 | Loss: 0.141 | Opp label coverage: 0.91
Step 4917519/5000000 | Win rate (rollout): 0.70 | Loss: 0.170 | Opp label coverage: 0.82
Step 4918031/5000000 | Win rate (rollout): 0.46 | Loss: 0.173 | Opp label coverage: 0.82
Step 4918549/5000000 | Win rate (rollout): 0.30 | Loss: 0.129 | Opp label coverage: 0.89
Step 4919061/5000000 | Win rate (rollout): 0.42 | Loss: 0.176 | Opp label coverage: 0.85
Step 4919573/5000000 | Win rate (rollout): 0.29 | Loss: 0.201 | Opp label coverage: 0.80
Step 4920088/5000000 | Win rate (rollout): 0.50 | Loss: 0.200 | Opp label coverage: 0.89
Step 4920601/5000000 | Win rate (rollout): 0.62 | Loss: 0.161 | Opp label coverage: 0.89
Step 4921113/5000000 | Win rate (rollout): 0.56 | Loss: 0.186 | Opp label coverage: 0.80
Step 4921628/5000000 | Win rate (rollout): 0.50 | Loss: 0.181 | Opp label coverage: 0.89
Step 4922144/5000000 | Win rate (rollout): 0.50 | Loss: 0.203 | Opp label coverage: 0.87
Step 4922662/5000000 | Win rate (rollout): 0.36 | Loss: 0.155 | Opp label coverage: 0.87
Step 4923174/5000000 | Win rate (rollout): 0.09 | Loss: 0.150 | Opp label coverage: 0.83
Step 4923691/5000000 | Win rate (rollout): 0.64 | Loss: 0.096 | Opp label coverage: 0.87
Step 4924203/5000000 | Win rate (rollout): 0.27 | Loss: 0.180 | Opp label coverage: 0.81
Step 4924715/5000000 | Win rate (rollout): 0.38 | Loss: 0.180 | Opp label coverage: 0.78
Step 4925229/5000000 | Win rate (rollout): 0.55 | Loss: 0.159 | Opp label coverage: 0.89
[checkpoint] Saved models/ppo/checkpoints/opp/ppo_step_4925687.pt
Step 4925744/5000000 | Win rate (rollout): 0.44 | Loss: 0.134 | Opp label coverage: 0.86
Step 4926256/5000000 | Win rate (rollout): 0.57 | Loss: 0.173 | Opp label coverage: 0.81
Step 4926769/5000000 | Win rate (rollout): 0.40 | Loss: 0.245 | Opp label coverage: 0.87
Step 4927281/5000000 | Win rate (rollout): 0.73 | Loss: 0.207 | Opp label coverage: 0.84
Step 4927797/5000000 | Win rate (rollout): 0.54 | Loss: 0.190 | Opp label coverage: 0.88
Step 4928309/5000000 | Win rate (rollout): 0.47 | Loss: 0.186 | Opp label coverage: 0.83
Step 4928821/5000000 | Win rate (rollout): 0.60 | Loss: 0.194 | Opp label coverage: 0.86
Step 4929336/5000000 | Win rate (rollout): 0.70 | Loss: 0.203 | Opp label coverage: 0.89
Step 4929852/5000000 | Win rate (rollout): 0.50 | Loss: 0.188 | Opp label coverage: 0.91
Step 4930369/5000000 | Win rate (rollout): 0.43 | Loss: 0.120 | Opp label coverage: 0.90
Step 4930881/5000000 | Win rate (rollout): 0.89 | Loss: 0.146 | Opp label coverage: 0.92
Step 4931394/5000000 | Win rate (rollout): 0.67 | Loss: 0.120 | Opp label coverage: 0.89
Step 4931908/5000000 | Win rate (rollout): 0.33 | Loss: 0.190 | Opp label coverage: 0.90
Step 4932421/5000000 | Win rate (rollout): 0.45 | Loss: 0.206 | Opp label coverage: 0.93
Step 4932933/5000000 | Win rate (rollout): 0.75 | Loss: 0.185 | Opp label coverage: 0.90
Step 4933445/5000000 | Win rate (rollout): 0.50 | Loss: 0.176 | Opp label coverage: 0.84
Step 4933964/5000000 | Win rate (rollout): 0.27 | Loss: 0.173 | Opp label coverage: 0.88
Step 4934476/5000000 | Win rate (rollout): 0.36 | Loss: 0.164 | Opp label coverage: 0.80
Step 4934989/5000000 | Win rate (rollout): 0.67 | Loss: 0.144 | Opp label coverage: 0.89
Step 4935501/5000000 | Win rate (rollout): 0.45 | Loss: 0.198 | Opp label coverage: 0.84
Step 4936013/5000000 | Win rate (rollout): 0.47 | Loss: 0.196 | Opp label coverage: 0.83
Step 4936525/5000000 | Win rate (rollout): 0.33 | Loss: 0.160 | Opp label coverage: 0.86
Step 4937043/5000000 | Win rate (rollout): 0.55 | Loss: 0.181 | Opp label coverage: 0.89
Step 4937556/5000000 | Win rate (rollout): 0.50 | Loss: 0.102 | Opp label coverage: 0.89
Step 4938068/5000000 | Win rate (rollout): 0.82 | Loss: 0.166 | Opp label coverage: 0.82
Step 4938580/5000000 | Win rate (rollout): 0.62 | Loss: 0.183 | Opp label coverage: 0.82
Step 4939093/5000000 | Win rate (rollout): 0.67 | Loss: 0.133 | Opp label coverage: 0.90
Step 4939605/5000000 | Win rate (rollout): 0.21 | Loss: 0.200 | Opp label coverage: 0.79
Step 4940117/5000000 | Win rate (rollout): 0.67 | Loss: 0.170 | Opp label coverage: 0.87
Step 4940629/5000000 | Win rate (rollout): 0.60 | Loss: 0.214 | Opp label coverage: 0.85
Step 4941147/5000000 | Win rate (rollout): 0.60 | Loss: 0.151 | Opp label coverage: 0.89
Step 4941664/5000000 | Win rate (rollout): 0.38 | Loss: 0.228 | Opp label coverage: 0.89
Step 4942179/5000000 | Win rate (rollout): 0.38 | Loss: 0.180 | Opp label coverage: 0.90
Step 4942691/5000000 | Win rate (rollout): 0.58 | Loss: 0.168 | Opp label coverage: 0.82
Step 4943209/5000000 | Win rate (rollout): 0.83 | Loss: 0.149 | Opp label coverage: 0.88
Step 4943723/5000000 | Win rate (rollout): 0.31 | Loss: 0.214 | Opp label coverage: 0.89
Step 4944239/5000000 | Win rate (rollout): 0.56 | Loss: 0.245 | Opp label coverage: 0.89
Step 4944753/5000000 | Win rate (rollout): 0.64 | Loss: 0.244 | Opp label coverage: 0.88
Step 4945265/5000000 | Win rate (rollout): 0.31 | Loss: 0.180 | Opp label coverage: 0.84
Step 4945780/5000000 | Win rate (rollout): 0.75 | Loss: 0.176 | Opp label coverage: 0.88
Step 4946292/5000000 | Win rate (rollout): 0.23 | Loss: 0.184 | Opp label coverage: 0.78
Step 4946804/5000000 | Win rate (rollout): 0.67 | Loss: 0.164 | Opp label coverage: 0.85
Step 4947316/5000000 | Win rate (rollout): 0.67 | Loss: 0.183 | Opp label coverage: 0.83
Step 4947828/5000000 | Win rate (rollout): 0.50 | Loss: 0.166 | Opp label coverage: 0.73
Step 4948340/5000000 | Win rate (rollout): 0.29 | Loss: 0.192 | Opp label coverage: 0.83
Step 4948854/5000000 | Win rate (rollout): 0.73 | Loss: 0.130 | Opp label coverage: 0.90
Step 4949366/5000000 | Win rate (rollout): 0.46 | Loss: 0.196 | Opp label coverage: 0.81
Step 4949878/5000000 | Win rate (rollout): 0.33 | Loss: 0.178 | Opp label coverage: 0.85
Step 4950394/5000000 | Win rate (rollout): 0.33 | Loss: 0.200 | Opp label coverage: 0.88
[checkpoint] Saved models/ppo/checkpoints/opp/ppo_step_4950693.pt
Step 4950909/5000000 | Win rate (rollout): 0.46 | Loss: 0.182 | Opp label coverage: 0.91
Step 4951425/5000000 | Win rate (rollout): 0.75 | Loss: 0.199 | Opp label coverage: 0.89
Step 4951937/5000000 | Win rate (rollout): 0.50 | Loss: 0.189 | Opp label coverage: 0.87
Step 4952449/5000000 | Win rate (rollout): 0.38 | Loss: 0.154 | Opp label coverage: 0.84
Step 4952961/5000000 | Win rate (rollout): 0.67 | Loss: 0.194 | Opp label coverage: 0.83
Step 4953475/5000000 | Win rate (rollout): 0.67 | Loss: 0.130 | Opp label coverage: 0.91
Step 4953993/5000000 | Win rate (rollout): 0.47 | Loss: 0.194 | Opp label coverage: 0.90
Step 4954508/5000000 | Win rate (rollout): 0.58 | Loss: 0.183 | Opp label coverage: 0.90
Step 4955021/5000000 | Win rate (rollout): 0.64 | Loss: 0.158 | Opp label coverage: 0.90
Step 4955533/5000000 | Win rate (rollout): 0.31 | Loss: 0.192 | Opp label coverage: 0.79
Step 4956045/5000000 | Win rate (rollout): 0.50 | Loss: 0.146 | Opp label coverage: 0.72
Step 4956557/5000000 | Win rate (rollout): 0.14 | Loss: 0.175 | Opp label coverage: 0.84
Step 4957069/5000000 | Win rate (rollout): 0.57 | Loss: 0.194 | Opp label coverage: 0.86
Step 4957581/5000000 | Win rate (rollout): 0.46 | Loss: 0.181 | Opp label coverage: 0.78
Step 4958096/5000000 | Win rate (rollout): 0.70 | Loss: 0.118 | Opp label coverage: 0.89
Step 4958610/5000000 | Win rate (rollout): 0.60 | Loss: 0.216 | Opp label coverage: 0.90
Step 4959122/5000000 | Win rate (rollout): 0.57 | Loss: 0.186 | Opp label coverage: 0.85
Step 4959638/5000000 | Win rate (rollout): 0.29 | Loss: 0.203 | Opp label coverage: 0.87
Step 4960152/5000000 | Win rate (rollout): 0.35 | Loss: 0.224 | Opp label coverage: 0.87
Step 4960664/5000000 | Win rate (rollout): 0.67 | Loss: 0.193 | Opp label coverage: 0.82
Step 4961181/5000000 | Win rate (rollout): 0.40 | Loss: 0.215 | Opp label coverage: 0.89
Step 4961699/5000000 | Win rate (rollout): 0.62 | Loss: 0.152 | Opp label coverage: 0.88
Step 4962211/5000000 | Win rate (rollout): 0.33 | Loss: 0.209 | Opp label coverage: 0.82
Step 4962723/5000000 | Win rate (rollout): 0.19 | Loss: 0.178 | Opp label coverage: 0.82
Step 4963237/5000000 | Win rate (rollout): 0.64 | Loss: 0.202 | Opp label coverage: 0.89
Step 4963749/5000000 | Win rate (rollout): 0.31 | Loss: 0.187 | Opp label coverage: 0.83
Step 4964261/5000000 | Win rate (rollout): 0.35 | Loss: 0.173 | Opp label coverage: 0.82
Step 4964776/5000000 | Win rate (rollout): 0.44 | Loss: 0.120 | Opp label coverage: 0.89
Step 4965288/5000000 | Win rate (rollout): 0.50 | Loss: 0.189 | Opp label coverage: 0.85
Step 4965800/5000000 | Win rate (rollout): 0.29 | Loss: 0.210 | Opp label coverage: 0.83
Step 4966312/5000000 | Win rate (rollout): 0.15 | Loss: 0.161 | Opp label coverage: 0.85
Step 4966824/5000000 | Win rate (rollout): 0.44 | Loss: 0.199 | Opp label coverage: 0.75
Step 4967339/5000000 | Win rate (rollout): 0.44 | Loss: 0.212 | Opp label coverage: 0.90
Step 4967851/5000000 | Win rate (rollout): 0.60 | Loss: 0.170 | Opp label coverage: 0.87
Step 4968368/5000000 | Win rate (rollout): 0.25 | Loss: 0.129 | Opp label coverage: 0.89
Step 4968880/5000000 | Win rate (rollout): 0.33 | Loss: 0.155 | Opp label coverage: 0.84
Step 4969399/5000000 | Win rate (rollout): 0.75 | Loss: 0.192 | Opp label coverage: 0.89
Step 4969914/5000000 | Win rate (rollout): 0.21 | Loss: 0.128 | Opp label coverage: 0.89
Step 4970426/5000000 | Win rate (rollout): 0.67 | Loss: 0.200 | Opp label coverage: 0.79
Step 4970944/5000000 | Win rate (rollout): 0.44 | Loss: 0.172 | Opp label coverage: 0.89
Step 4971459/5000000 | Win rate (rollout): 0.60 | Loss: 0.194 | Opp label coverage: 0.89
Step 4971971/5000000 | Win rate (rollout): 0.31 | Loss: 0.166 | Opp label coverage: 0.83
Step 4972484/5000000 | Win rate (rollout): 0.25 | Loss: 0.104 | Opp label coverage: 0.87
Step 4972996/5000000 | Win rate (rollout): 0.43 | Loss: 0.160 | Opp label coverage: 0.86
Step 4973508/5000000 | Win rate (rollout): 0.54 | Loss: 0.201 | Opp label coverage: 0.83
Step 4974020/5000000 | Win rate (rollout): 0.31 | Loss: 0.165 | Opp label coverage: 0.88
Step 4974532/5000000 | Win rate (rollout): 0.50 | Loss: 0.169 | Opp label coverage: 0.80
Step 4975044/5000000 | Win rate (rollout): 0.78 | Loss: 0.169 | Opp label coverage: 0.86
Step 4975556/5000000 | Win rate (rollout): 0.58 | Loss: 0.166 | Opp label coverage: 0.81
[checkpoint] Saved models/ppo/checkpoints/opp/ppo_step_4975693.pt
Step 4976073/5000000 | Win rate (rollout): 0.55 | Loss: 0.178 | Opp label coverage: 0.89
Step 4976590/5000000 | Win rate (rollout): 0.27 | Loss: 0.195 | Opp label coverage: 0.89
Step 4977103/5000000 | Win rate (rollout): 0.31 | Loss: 0.123 | Opp label coverage: 0.91
Step 4977620/5000000 | Win rate (rollout): 0.50 | Loss: 0.145 | Opp label coverage: 0.90
Step 4978132/5000000 | Win rate (rollout): 0.57 | Loss: 0.182 | Opp label coverage: 0.85
Step 4978644/5000000 | Win rate (rollout): 0.47 | Loss: 0.169 | Opp label coverage: 0.82
Step 4979156/5000000 | Win rate (rollout): 0.75 | Loss: 0.161 | Opp label coverage: 0.80
Step 4979674/5000000 | Win rate (rollout): 0.70 | Loss: 0.195 | Opp label coverage: 0.89
Step 4980186/5000000 | Win rate (rollout): 0.60 | Loss: 0.151 | Opp label coverage: 0.82
Step 4980698/5000000 | Win rate (rollout): 0.64 | Loss: 0.184 | Opp label coverage: 0.81
Step 4981212/5000000 | Win rate (rollout): 0.67 | Loss: 0.157 | Opp label coverage: 0.90
Step 4981724/5000000 | Win rate (rollout): 0.67 | Loss: 0.149 | Opp label coverage: 0.86
Step 4982238/5000000 | Win rate (rollout): 0.73 | Loss: 0.198 | Opp label coverage: 0.89
Step 4982750/5000000 | Win rate (rollout): 0.31 | Loss: 0.198 | Opp label coverage: 0.82
Step 4983262/5000000 | Win rate (rollout): 0.44 | Loss: 0.185 | Opp label coverage: 0.81
Step 4983778/5000000 | Win rate (rollout): 0.30 | Loss: 0.187 | Opp label coverage: 0.87
Step 4984290/5000000 | Win rate (rollout): 0.47 | Loss: 0.195 | Opp label coverage: 0.86
Step 4984808/5000000 | Win rate (rollout): 0.22 | Loss: 0.200 | Opp label coverage: 0.88
Step 4985320/5000000 | Win rate (rollout): 0.56 | Loss: 0.161 | Opp label coverage: 0.83
Step 4985834/5000000 | Win rate (rollout): 0.15 | Loss: 0.189 | Opp label coverage: 0.87
Step 4986349/5000000 | Win rate (rollout): 0.64 | Loss: 0.150 | Opp label coverage: 0.89
Step 4986861/5000000 | Win rate (rollout): 0.56 | Loss: 0.183 | Opp label coverage: 0.80
Step 4987373/5000000 | Win rate (rollout): 0.18 | Loss: 0.161 | Opp label coverage: 0.84
Step 4987885/5000000 | Win rate (rollout): 0.44 | Loss: 0.209 | Opp label coverage: 0.83
Step 4988397/5000000 | Win rate (rollout): 0.21 | Loss: 0.165 | Opp label coverage: 0.78
Step 4988915/5000000 | Win rate (rollout): 0.44 | Loss: 0.168 | Opp label coverage: 0.89
Step 4989432/5000000 | Win rate (rollout): 0.44 | Loss: 0.243 | Opp label coverage: 0.87
Step 4989945/5000000 | Win rate (rollout): 0.45 | Loss: 0.111 | Opp label coverage: 0.90
Step 4990462/5000000 | Win rate (rollout): 0.53 | Loss: 0.105 | Opp label coverage: 0.90
Step 4990974/5000000 | Win rate (rollout): 0.62 | Loss: 0.218 | Opp label coverage: 0.83
Step 4991486/5000000 | Win rate (rollout): 0.38 | Loss: 0.185 | Opp label coverage: 0.84
Step 4991998/5000000 | Win rate (rollout): 0.67 | Loss: 0.164 | Opp label coverage: 0.87
Step 4992511/5000000 | Win rate (rollout): 0.50 | Loss: 0.140 | Opp label coverage: 0.88
Step 4993027/5000000 | Win rate (rollout): 0.50 | Loss: 0.144 | Opp label coverage: 0.90
Step 4993539/5000000 | Win rate (rollout): 0.56 | Loss: 0.175 | Opp label coverage: 0.83
Step 4994057/5000000 | Win rate (rollout): 0.44 | Loss: 0.136 | Opp label coverage: 0.88
Step 4994573/5000000 | Win rate (rollout): 0.73 | Loss: 0.173 | Opp label coverage: 0.89
Step 4995085/5000000 | Win rate (rollout): 0.67 | Loss: 0.170 | Opp label coverage: 0.86
Step 4995597/5000000 | Win rate (rollout): 0.50 | Loss: 0.207 | Opp label coverage: 0.86
Step 4996109/5000000 | Win rate (rollout): 0.33 | Loss: 0.189 | Opp label coverage: 0.83
Step 4996621/5000000 | Win rate (rollout): 0.50 | Loss: 0.182 | Opp label coverage: 0.80
Step 4997133/5000000 | Win rate (rollout): 0.64 | Loss: 0.207 | Opp label coverage: 0.83
Step 4997645/5000000 | Win rate (rollout): 0.42 | Loss: 0.172 | Opp label coverage: 0.85
Step 4998157/5000000 | Win rate (rollout): 0.43 | Loss: 0.199 | Opp label coverage: 0.83
Step 4998669/5000000 | Win rate (rollout): 0.53 | Loss: 0.210 | Opp label coverage: 0.81
Step 4999181/5000000 | Win rate (rollout): 0.39 | Loss: 0.193 | Opp label coverage: 0.78
Step 4999693/5000000 | Win rate (rollout): 0.56 | Loss: 0.159 | Opp label coverage: 0.86
Step 5000001/5000000 | Win rate (rollout): 0.50 | Loss: 0.206 | Opp label coverage: 0.87

Training complete. Final model saved to models/ppo/checkpoints/opp/ppo_step_5000001_final.pt
Total steps: 5000001
