Warm-started from BC checkpoint: models/checkpoints/bc_mlp_gen1.pt
BC KL-anchor attached: models/checkpoints/bc_mlp_gen1.pt (coef 0.05, constant)
Starting PPO training: 5000000 steps | obs_mode=v2 (obs_size=924) | rollout=512 steps | num_envs=8 | device=mps | opponent=selfplay=0.5,damagefirst=0.3,random=0.2 (pool: models/ppo/checkpoints/bcft) | checkpoint every 250000 steps | opp_coef=0.1
Value warmup: policy frozen until step 200000
/Users/laithassaf/Documents/Programs/Archived/pokemon-showdown/models/ppo/train.py:247: UserWarning: checkpoint has no 'opp_head'; using a freshly initialized opponent-prediction head (expected for pre-M5 checkpoints)
  opponent = PPOAgent.load(str(path), device=device)
/Users/laithassaf/Documents/Programs/Archived/pokemon-showdown/models/ppo/train.py:247: UserWarning: could not restore optimizer state (loaded state dict contains a parameter group that doesn't match the size of optimizer's group); using a fresh optimizer (expected when loading a pre-M5 checkpoint into the headed agent)
  opponent = PPOAgent.load(str(path), device=device)
Step 518/5000000 | Win rate (rollout): 0.00 | Loss: 0.453 | Opp label coverage: 0.89
Step 1030/5000000 | Win rate (rollout): 0.30 | Loss: 0.352 | Opp label coverage: 0.81
Step 1547/5000000 | Win rate (rollout): 0.20 | Loss: 0.343 | Opp label coverage: 0.89
Step 2059/5000000 | Win rate (rollout): 0.22 | Loss: 0.305 | Opp label coverage: 0.85
Step 2571/5000000 | Win rate (rollout): 0.20 | Loss: 0.296 | Opp label coverage: 0.89
Step 3083/5000000 | Win rate (rollout): 0.29 | Loss: 0.272 | Opp label coverage: 0.83
Step 3595/5000000 | Win rate (rollout): 0.10 | Loss: 0.262 | Opp label coverage: 0.79
Step 4110/5000000 | Win rate (rollout): 0.25 | Loss: 0.280 | Opp label coverage: 0.92
Step 4623/5000000 | Win rate (rollout): 0.43 | Loss: 0.363 | Opp label coverage: 0.89
Step 5135/5000000 | Win rate (rollout): 0.33 | Loss: 0.320 | Opp label coverage: 0.78
Step 5647/5000000 | Win rate (rollout): 0.06 | Loss: 0.289 | Opp label coverage: 0.83
Step 6161/5000000 | Win rate (rollout): 0.33 | Loss: 0.277 | Opp label coverage: 0.92
Step 6673/5000000 | Win rate (rollout): 0.50 | Loss: 0.352 | Opp label coverage: 0.80
Step 7188/5000000 | Win rate (rollout): 0.50 | Loss: 0.353 | Opp label coverage: 0.90
Step 7700/5000000 | Win rate (rollout): 0.14 | Loss: 0.255 | Opp label coverage: 0.85
Step 8212/5000000 | Win rate (rollout): 0.18 | Loss: 0.282 | Opp label coverage: 0.80
Step 8724/5000000 | Win rate (rollout): 0.10 | Loss: 0.296 | Opp label coverage: 0.82
Step 9236/5000000 | Win rate (rollout): 0.12 | Loss: 0.271 | Opp label coverage: 0.80
Step 9752/5000000 | Win rate (rollout): 0.12 | Loss: 0.245 | Opp label coverage: 0.89
Step 10265/5000000 | Win rate (rollout): 0.21 | Loss: 0.346 | Opp label coverage: 0.91
Step 10777/5000000 | Win rate (rollout): 0.30 | Loss: 0.299 | Opp label coverage: 0.81
Step 11289/5000000 | Win rate (rollout): 0.21 | Loss: 0.296 | Opp label coverage: 0.83
Step 11807/5000000 | Win rate (rollout): 0.00 | Loss: 0.279 | Opp label coverage: 0.89
Step 12319/5000000 | Win rate (rollout): 0.25 | Loss: 0.296 | Opp label coverage: 0.82
Step 12831/5000000 | Win rate (rollout): 0.00 | Loss: 0.220 | Opp label coverage: 0.79
Step 13346/5000000 | Win rate (rollout): 0.00 | Loss: 0.239 | Opp label coverage: 0.88
Step 13858/5000000 | Win rate (rollout): 0.09 | Loss: 0.272 | Opp label coverage: 0.80
Step 14374/5000000 | Win rate (rollout): 0.18 | Loss: 0.295 | Opp label coverage: 0.89
Step 14886/5000000 | Win rate (rollout): 0.12 | Loss: 0.236 | Opp label coverage: 0.81
Step 15400/5000000 | Win rate (rollout): 0.14 | Loss: 0.158 | Opp label coverage: 0.91
Step 15912/5000000 | Win rate (rollout): 0.29 | Loss: 0.282 | Opp label coverage: 0.86
Step 16424/5000000 | Win rate (rollout): 0.14 | Loss: 0.257 | Opp label coverage: 0.91
Step 16936/5000000 | Win rate (rollout): 0.67 | Loss: 0.287 | Opp label coverage: 0.82
Step 17448/5000000 | Win rate (rollout): 0.14 | Loss: 0.299 | Opp label coverage: 0.92
Step 17960/5000000 | Win rate (rollout): 0.57 | Loss: 0.287 | Opp label coverage: 0.88
Step 18472/5000000 | Win rate (rollout): 0.25 | Loss: 0.333 | Opp label coverage: 0.84
Step 18984/5000000 | Win rate (rollout): 0.07 | Loss: 0.293 | Opp label coverage: 0.83
Step 19496/5000000 | Win rate (rollout): 0.07 | Loss: 0.256 | Opp label coverage: 0.81
Step 20015/5000000 | Win rate (rollout): 0.25 | Loss: 0.249 | Opp label coverage: 0.90
Step 20530/5000000 | Win rate (rollout): 0.15 | Loss: 0.310 | Opp label coverage: 0.88
Step 21043/5000000 | Win rate (rollout): 0.10 | Loss: 0.263 | Opp label coverage: 0.92
Step 21556/5000000 | Win rate (rollout): 0.50 | Loss: 0.376 | Opp label coverage: 0.90
Step 22068/5000000 | Win rate (rollout): 0.08 | Loss: 0.271 | Opp label coverage: 0.81
Step 22580/5000000 | Win rate (rollout): 0.23 | Loss: 0.300 | Opp label coverage: 0.82
Step 23093/5000000 | Win rate (rollout): 0.14 | Loss: 0.320 | Opp label coverage: 0.91
Step 23612/5000000 | Win rate (rollout): 0.40 | Loss: 0.294 | Opp label coverage: 0.93
Step 24130/5000000 | Win rate (rollout): 0.15 | Loss: 0.277 | Opp label coverage: 0.88
Step 24649/5000000 | Win rate (rollout): 0.15 | Loss: 0.275 | Opp label coverage: 0.90
Step 25161/5000000 | Win rate (rollout): 0.33 | Loss: 0.303 | Opp label coverage: 0.85
Step 25676/5000000 | Win rate (rollout): 0.30 | Loss: 0.248 | Opp label coverage: 0.90
Step 26188/5000000 | Win rate (rollout): 0.09 | Loss: 0.253 | Opp label coverage: 0.80
Step 26700/5000000 | Win rate (rollout): 0.20 | Loss: 0.279 | Opp label coverage: 0.78
Step 27212/5000000 | Win rate (rollout): 0.00 | Loss: 0.236 | Opp label coverage: 0.81
Step 27724/5000000 | Win rate (rollout): 0.27 | Loss: 0.328 | Opp label coverage: 0.78
Step 28239/5000000 | Win rate (rollout): 0.33 | Loss: 0.343 | Opp label coverage: 0.89
Step 28751/5000000 | Win rate (rollout): 0.12 | Loss: 0.257 | Opp label coverage: 0.85
Step 29265/5000000 | Win rate (rollout): 0.10 | Loss: 0.329 | Opp label coverage: 0.89
Step 29777/5000000 | Win rate (rollout): 0.23 | Loss: 0.288 | Opp label coverage: 0.88
Step 30293/5000000 | Win rate (rollout): 0.31 | Loss: 0.309 | Opp label coverage: 0.91
Step 30812/5000000 | Win rate (rollout): 0.18 | Loss: 0.309 | Opp label coverage: 0.89
Step 31324/5000000 | Win rate (rollout): 0.00 | Loss: 0.231 | Opp label coverage: 0.86
Step 31836/5000000 | Win rate (rollout): 0.18 | Loss: 0.270 | Opp label coverage: 0.86
Step 32348/5000000 | Win rate (rollout): 0.33 | Loss: 0.292 | Opp label coverage: 0.88
Step 32860/5000000 | Win rate (rollout): 0.43 | Loss: 0.255 | Opp label coverage: 0.83
Step 33377/5000000 | Win rate (rollout): 0.00 | Loss: 0.205 | Opp label coverage: 0.89
Step 33889/5000000 | Win rate (rollout): 0.10 | Loss: 0.262 | Opp label coverage: 0.81
Step 34401/5000000 | Win rate (rollout): 0.00 | Loss: 0.227 | Opp label coverage: 0.89
Step 34913/5000000 | Win rate (rollout): 0.00 | Loss: 0.219 | Opp label coverage: 0.88
Step 35425/5000000 | Win rate (rollout): 0.22 | Loss: 0.230 | Opp label coverage: 0.83
Step 35942/5000000 | Win rate (rollout): 0.11 | Loss: 0.268 | Opp label coverage: 0.89
Step 36458/5000000 | Win rate (rollout): 0.38 | Loss: 0.365 | Opp label coverage: 0.90
Step 36976/5000000 | Win rate (rollout): 0.15 | Loss: 0.262 | Opp label coverage: 0.89
Step 37493/5000000 | Win rate (rollout): 0.20 | Loss: 0.296 | Opp label coverage: 0.88
Step 38011/5000000 | Win rate (rollout): 0.25 | Loss: 0.299 | Opp label coverage: 0.90
Step 38525/5000000 | Win rate (rollout): 0.17 | Loss: 0.272 | Opp label coverage: 0.89
Step 39040/5000000 | Win rate (rollout): 0.58 | Loss: 0.355 | Opp label coverage: 0.90
Step 39552/5000000 | Win rate (rollout): 0.09 | Loss: 0.271 | Opp label coverage: 0.89
Step 40070/5000000 | Win rate (rollout): 0.15 | Loss: 0.244 | Opp label coverage: 0.88
Step 40589/5000000 | Win rate (rollout): 0.31 | Loss: 0.299 | Opp label coverage: 0.88
Step 41104/5000000 | Win rate (rollout): 0.29 | Loss: 0.311 | Opp label coverage: 0.88
Step 41616/5000000 | Win rate (rollout): 0.33 | Loss: 0.291 | Opp label coverage: 0.83
Step 42128/5000000 | Win rate (rollout): 0.15 | Loss: 0.284 | Opp label coverage: 0.81
Step 42640/5000000 | Win rate (rollout): 0.15 | Loss: 0.254 | Opp label coverage: 0.83
Step 43156/5000000 | Win rate (rollout): 0.25 | Loss: 0.324 | Opp label coverage: 0.89
Step 43675/5000000 | Win rate (rollout): 0.14 | Loss: 0.257 | Opp label coverage: 0.89
Step 44187/5000000 | Win rate (rollout): 0.17 | Loss: 0.272 | Opp label coverage: 0.76
Step 44699/5000000 | Win rate (rollout): 0.17 | Loss: 0.247 | Opp label coverage: 0.78
Step 45214/5000000 | Win rate (rollout): 0.00 | Loss: 0.309 | Opp label coverage: 0.88
Step 45728/5000000 | Win rate (rollout): 0.21 | Loss: 0.220 | Opp label coverage: 0.89
Step 46244/5000000 | Win rate (rollout): 0.25 | Loss: 0.284 | Opp label coverage: 0.89
Step 46756/5000000 | Win rate (rollout): 0.27 | Loss: 0.283 | Opp label coverage: 0.81
Step 47268/5000000 | Win rate (rollout): 0.08 | Loss: 0.270 | Opp label coverage: 0.83
Step 47785/5000000 | Win rate (rollout): 0.22 | Loss: 0.291 | Opp label coverage: 0.89
Step 48297/5000000 | Win rate (rollout): 0.57 | Loss: 0.279 | Opp label coverage: 0.84
Step 48814/5000000 | Win rate (rollout): 0.30 | Loss: 0.326 | Opp label coverage: 0.90
Step 49330/5000000 | Win rate (rollout): 0.31 | Loss: 0.300 | Opp label coverage: 0.89
Step 49843/5000000 | Win rate (rollout): 0.31 | Loss: 0.330 | Opp label coverage: 0.89
Step 50355/5000000 | Win rate (rollout): 0.17 | Loss: 0.248 | Opp label coverage: 0.85
Step 50870/5000000 | Win rate (rollout): 0.30 | Loss: 0.290 | Opp label coverage: 0.90
Step 51383/5000000 | Win rate (rollout): 0.08 | Loss: 0.296 | Opp label coverage: 0.88
Step 51897/5000000 | Win rate (rollout): 0.00 | Loss: 0.229 | Opp label coverage: 0.89
Step 52415/5000000 | Win rate (rollout): 0.15 | Loss: 0.299 | Opp label coverage: 0.91
Step 52929/5000000 | Win rate (rollout): 0.08 | Loss: 0.251 | Opp label coverage: 0.87
Step 53445/5000000 | Win rate (rollout): 0.14 | Loss: 0.260 | Opp label coverage: 0.89
Step 53957/5000000 | Win rate (rollout): 0.00 | Loss: 0.216 | Opp label coverage: 0.83
Step 54469/5000000 | Win rate (rollout): 0.18 | Loss: 0.253 | Opp label coverage: 0.88
Step 54984/5000000 | Win rate (rollout): 0.12 | Loss: 0.265 | Opp label coverage: 0.90
Step 55500/5000000 | Win rate (rollout): 0.23 | Loss: 0.302 | Opp label coverage: 0.91
Step 56012/5000000 | Win rate (rollout): 0.25 | Loss: 0.264 | Opp label coverage: 0.79
Step 56529/5000000 | Win rate (rollout): 0.11 | Loss: 0.238 | Opp label coverage: 0.88
Step 57043/5000000 | Win rate (rollout): 0.29 | Loss: 0.337 | Opp label coverage: 0.90
Step 57555/5000000 | Win rate (rollout): 0.00 | Loss: 0.213 | Opp label coverage: 0.80
Step 58073/5000000 | Win rate (rollout): 0.20 | Loss: 0.262 | Opp label coverage: 0.88
Step 58585/5000000 | Win rate (rollout): 0.25 | Loss: 0.268 | Opp label coverage: 0.80
Step 59100/5000000 | Win rate (rollout): 0.20 | Loss: 0.280 | Opp label coverage: 0.88
Step 59617/5000000 | Win rate (rollout): 0.08 | Loss: 0.257 | Opp label coverage: 0.89
Step 60129/5000000 | Win rate (rollout): 0.11 | Loss: 0.274 | Opp label coverage: 0.83
Step 60641/5000000 | Win rate (rollout): 0.00 | Loss: 0.231 | Opp label coverage: 0.83
Step 61156/5000000 | Win rate (rollout): 0.25 | Loss: 0.233 | Opp label coverage: 0.89
Step 61668/5000000 | Win rate (rollout): 0.08 | Loss: 0.279 | Opp label coverage: 0.78
Step 62180/5000000 | Win rate (rollout): 0.00 | Loss: 0.236 | Opp label coverage: 0.87
Step 62697/5000000 | Win rate (rollout): 0.00 | Loss: 0.236 | Opp label coverage: 0.89
Step 63209/5000000 | Win rate (rollout): 0.00 | Loss: 0.252 | Opp label coverage: 0.85
Step 63721/5000000 | Win rate (rollout): 0.17 | Loss: 0.240 | Opp label coverage: 0.87
Step 64236/5000000 | Win rate (rollout): 0.00 | Loss: 0.257 | Opp label coverage: 0.89
Step 64748/5000000 | Win rate (rollout): 0.00 | Loss: 0.230 | Opp label coverage: 0.83
Step 65267/5000000 | Win rate (rollout): 0.22 | Loss: 0.307 | Opp label coverage: 0.89
Step 65779/5000000 | Win rate (rollout): 0.12 | Loss: 0.232 | Opp label coverage: 0.83
Step 66295/5000000 | Win rate (rollout): 0.22 | Loss: 0.288 | Opp label coverage: 0.90
Step 66812/5000000 | Win rate (rollout): 0.20 | Loss: 0.306 | Opp label coverage: 0.90
Step 67324/5000000 | Win rate (rollout): 0.18 | Loss: 0.274 | Opp label coverage: 0.84
Step 67843/5000000 | Win rate (rollout): 0.14 | Loss: 0.231 | Opp label coverage: 0.91
Step 68359/5000000 | Win rate (rollout): 0.33 | Loss: 0.305 | Opp label coverage: 0.91
Step 68877/5000000 | Win rate (rollout): 0.15 | Loss: 0.286 | Opp label coverage: 0.88
Step 69389/5000000 | Win rate (rollout): 0.00 | Loss: 0.213 | Opp label coverage: 0.84
Step 69908/5000000 | Win rate (rollout): 0.22 | Loss: 0.338 | Opp label coverage: 0.90
Step 70420/5000000 | Win rate (rollout): 0.57 | Loss: 0.314 | Opp label coverage: 0.75
Step 70933/5000000 | Win rate (rollout): 0.00 | Loss: 0.214 | Opp label coverage: 0.89
Step 71445/5000000 | Win rate (rollout): 0.14 | Loss: 0.282 | Opp label coverage: 0.82
Step 71957/5000000 | Win rate (rollout): 0.07 | Loss: 0.277 | Opp label coverage: 0.82
Step 72474/5000000 | Win rate (rollout): 0.00 | Loss: 0.214 | Opp label coverage: 0.88
Step 72991/5000000 | Win rate (rollout): 0.21 | Loss: 0.304 | Opp label coverage: 0.88
Step 73503/5000000 | Win rate (rollout): 0.23 | Loss: 0.327 | Opp label coverage: 0.89
Step 74015/5000000 | Win rate (rollout): 0.38 | Loss: 0.316 | Opp label coverage: 0.81
Step 74530/5000000 | Win rate (rollout): 0.12 | Loss: 0.271 | Opp label coverage: 0.88
Step 75042/5000000 | Win rate (rollout): 0.14 | Loss: 0.245 | Opp label coverage: 0.86
Step 75559/5000000 | Win rate (rollout): 0.22 | Loss: 0.245 | Opp label coverage: 0.89
Step 76074/5000000 | Win rate (rollout): 0.13 | Loss: 0.338 | Opp label coverage: 0.87
Step 76586/5000000 | Win rate (rollout): 0.00 | Loss: 0.237 | Opp label coverage: 0.84
Step 77098/5000000 | Win rate (rollout): 0.15 | Loss: 0.238 | Opp label coverage: 0.82
Step 77610/5000000 | Win rate (rollout): 0.19 | Loss: 0.271 | Opp label coverage: 0.84
Step 78126/5000000 | Win rate (rollout): 0.11 | Loss: 0.255 | Opp label coverage: 0.89
Step 78638/5000000 | Win rate (rollout): 0.25 | Loss: 0.255 | Opp label coverage: 0.84
Step 79150/5000000 | Win rate (rollout): 0.00 | Loss: 0.230 | Opp label coverage: 0.87
Step 79662/5000000 | Win rate (rollout): 0.30 | Loss: 0.317 | Opp label coverage: 0.85
Step 80178/5000000 | Win rate (rollout): 0.12 | Loss: 0.189 | Opp label coverage: 0.90
Step 80690/5000000 | Win rate (rollout): 0.17 | Loss: 0.232 | Opp label coverage: 0.79
Step 81202/5000000 | Win rate (rollout): 0.00 | Loss: 0.231 | Opp label coverage: 0.79
Step 81719/5000000 | Win rate (rollout): 0.22 | Loss: 0.326 | Opp label coverage: 0.89
Step 82231/5000000 | Win rate (rollout): 0.25 | Loss: 0.299 | Opp label coverage: 0.78
Step 82743/5000000 | Win rate (rollout): 0.17 | Loss: 0.212 | Opp label coverage: 0.80
Step 83258/5000000 | Win rate (rollout): 0.00 | Loss: 0.281 | Opp label coverage: 0.90
Step 83772/5000000 | Win rate (rollout): 0.33 | Loss: 0.387 | Opp label coverage: 0.89
Step 84291/5000000 | Win rate (rollout): 0.20 | Loss: 0.317 | Opp label coverage: 0.89
Step 84804/5000000 | Win rate (rollout): 0.12 | Loss: 0.316 | Opp label coverage: 0.90
Step 85318/5000000 | Win rate (rollout): 0.13 | Loss: 0.348 | Opp label coverage: 0.88
Step 85834/5000000 | Win rate (rollout): 0.25 | Loss: 0.310 | Opp label coverage: 0.88
Step 86346/5000000 | Win rate (rollout): 0.07 | Loss: 0.262 | Opp label coverage: 0.79
Step 86858/5000000 | Win rate (rollout): 0.22 | Loss: 0.268 | Opp label coverage: 0.83
Step 87370/5000000 | Win rate (rollout): 0.42 | Loss: 0.347 | Opp label coverage: 0.82
Step 87882/5000000 | Win rate (rollout): 0.00 | Loss: 0.223 | Opp label coverage: 0.86
Step 88397/5000000 | Win rate (rollout): 0.22 | Loss: 0.212 | Opp label coverage: 0.90
Step 88910/5000000 | Win rate (rollout): 0.14 | Loss: 0.326 | Opp label coverage: 0.88
Step 89423/5000000 | Win rate (rollout): 0.15 | Loss: 0.246 | Opp label coverage: 0.89
Step 89939/5000000 | Win rate (rollout): 0.21 | Loss: 0.301 | Opp label coverage: 0.89
Step 90451/5000000 | Win rate (rollout): 0.00 | Loss: 0.224 | Opp label coverage: 0.82
Step 90970/5000000 | Win rate (rollout): 0.20 | Loss: 0.257 | Opp label coverage: 0.89
Step 91485/5000000 | Win rate (rollout): 0.21 | Loss: 0.355 | Opp label coverage: 0.89
Step 91997/5000000 | Win rate (rollout): 0.33 | Loss: 0.258 | Opp label coverage: 0.85
Step 92509/5000000 | Win rate (rollout): 0.12 | Loss: 0.263 | Opp label coverage: 0.78
Step 93026/5000000 | Win rate (rollout): 0.25 | Loss: 0.293 | Opp label coverage: 0.91
Step 93538/5000000 | Win rate (rollout): 0.18 | Loss: 0.295 | Opp label coverage: 0.76
Step 94051/5000000 | Win rate (rollout): 0.43 | Loss: 0.283 | Opp label coverage: 0.90
Step 94563/5000000 | Win rate (rollout): 0.20 | Loss: 0.296 | Opp label coverage: 0.84
Step 95082/5000000 | Win rate (rollout): 0.10 | Loss: 0.270 | Opp label coverage: 0.89
Step 95594/5000000 | Win rate (rollout): 0.09 | Loss: 0.257 | Opp label coverage: 0.80
Step 96110/5000000 | Win rate (rollout): 0.22 | Loss: 0.285 | Opp label coverage: 0.89
Step 96622/5000000 | Win rate (rollout): 0.22 | Loss: 0.238 | Opp label coverage: 0.87
Step 97136/5000000 | Win rate (rollout): 0.00 | Loss: 0.269 | Opp label coverage: 0.90
Step 97652/5000000 | Win rate (rollout): 0.00 | Loss: 0.224 | Opp label coverage: 0.89
Step 98164/5000000 | Win rate (rollout): 0.38 | Loss: 0.351 | Opp label coverage: 0.90
Step 98682/5000000 | Win rate (rollout): 0.18 | Loss: 0.295 | Opp label coverage: 0.89
Step 99201/5000000 | Win rate (rollout): 0.31 | Loss: 0.312 | Opp label coverage: 0.90
Step 99714/5000000 | Win rate (rollout): 0.25 | Loss: 0.305 | Opp label coverage: 0.88
Step 100229/5000000 | Win rate (rollout): 0.07 | Loss: 0.295 | Opp label coverage: 0.87
Step 100744/5000000 | Win rate (rollout): 0.07 | Loss: 0.192 | Opp label coverage: 0.87
Step 101257/5000000 | Win rate (rollout): 0.45 | Loss: 0.315 | Opp label coverage: 0.89
Step 101769/5000000 | Win rate (rollout): 0.22 | Loss: 0.241 | Opp label coverage: 0.85
Step 102281/5000000 | Win rate (rollout): 0.44 | Loss: 0.288 | Opp label coverage: 0.84
Step 102793/5000000 | Win rate (rollout): 0.18 | Loss: 0.270 | Opp label coverage: 0.81
Step 103310/5000000 | Win rate (rollout): 0.09 | Loss: 0.278 | Opp label coverage: 0.87
Step 103822/5000000 | Win rate (rollout): 0.11 | Loss: 0.226 | Opp label coverage: 0.85
Step 104334/5000000 | Win rate (rollout): 0.43 | Loss: 0.264 | Opp label coverage: 0.83
Step 104852/5000000 | Win rate (rollout): 0.14 | Loss: 0.258 | Opp label coverage: 0.91
Step 105364/5000000 | Win rate (rollout): 0.00 | Loss: 0.260 | Opp label coverage: 0.83
Step 105882/5000000 | Win rate (rollout): 0.20 | Loss: 0.281 | Opp label coverage: 0.90
Step 106397/5000000 | Win rate (rollout): 0.27 | Loss: 0.333 | Opp label coverage: 0.87
Step 106913/5000000 | Win rate (rollout): 0.18 | Loss: 0.320 | Opp label coverage: 0.90
Step 107425/5000000 | Win rate (rollout): 0.00 | Loss: 0.238 | Opp label coverage: 0.82
Step 107939/5000000 | Win rate (rollout): 0.29 | Loss: 0.284 | Opp label coverage: 0.90
Step 108451/5000000 | Win rate (rollout): 0.00 | Loss: 0.228 | Opp label coverage: 0.79
Step 108963/5000000 | Win rate (rollout): 0.25 | Loss: 0.265 | Opp label coverage: 0.78
Step 109475/5000000 | Win rate (rollout): 0.00 | Loss: 0.247 | Opp label coverage: 0.82
Step 109987/5000000 | Win rate (rollout): 0.21 | Loss: 0.288 | Opp label coverage: 0.83
Step 110503/5000000 | Win rate (rollout): 0.50 | Loss: 0.361 | Opp label coverage: 0.91
Step 111015/5000000 | Win rate (rollout): 0.22 | Loss: 0.302 | Opp label coverage: 0.82
Step 111529/5000000 | Win rate (rollout): 0.30 | Loss: 0.383 | Opp label coverage: 0.89
Step 112045/5000000 | Win rate (rollout): 0.09 | Loss: 0.293 | Opp label coverage: 0.91
Step 112557/5000000 | Win rate (rollout): 0.14 | Loss: 0.225 | Opp label coverage: 0.89
Step 113069/5000000 | Win rate (rollout): 0.18 | Loss: 0.262 | Opp label coverage: 0.79
Step 113586/5000000 | Win rate (rollout): 0.10 | Loss: 0.257 | Opp label coverage: 0.87
Step 114098/5000000 | Win rate (rollout): 0.00 | Loss: 0.227 | Opp label coverage: 0.81
Step 114610/5000000 | Win rate (rollout): 0.30 | Loss: 0.293 | Opp label coverage: 0.85
Step 115129/5000000 | Win rate (rollout): 0.30 | Loss: 0.300 | Opp label coverage: 0.89
Step 115641/5000000 | Win rate (rollout): 0.50 | Loss: 0.314 | Opp label coverage: 0.81
Step 116153/5000000 | Win rate (rollout): 0.00 | Loss: 0.251 | Opp label coverage: 0.83
Step 116667/5000000 | Win rate (rollout): 0.00 | Loss: 0.238 | Opp label coverage: 0.89
Step 117184/5000000 | Win rate (rollout): 0.25 | Loss: 0.261 | Opp label coverage: 0.91
Step 117702/5000000 | Win rate (rollout): 0.13 | Loss: 0.255 | Opp label coverage: 0.89
Step 118214/5000000 | Win rate (rollout): 0.12 | Loss: 0.237 | Opp label coverage: 0.85
Step 118726/5000000 | Win rate (rollout): 0.21 | Loss: 0.290 | Opp label coverage: 0.84
Step 119238/5000000 | Win rate (rollout): 0.31 | Loss: 0.290 | Opp label coverage: 0.84
Step 119751/5000000 | Win rate (rollout): 0.00 | Loss: 0.271 | Opp label coverage: 0.88
Step 120265/5000000 | Win rate (rollout): 0.29 | Loss: 0.234 | Opp label coverage: 0.88
Step 120777/5000000 | Win rate (rollout): 0.00 | Loss: 0.211 | Opp label coverage: 0.82
Step 121293/5000000 | Win rate (rollout): 0.09 | Loss: 0.312 | Opp label coverage: 0.89
Step 121805/5000000 | Win rate (rollout): 0.08 | Loss: 0.250 | Opp label coverage: 0.81
Step 122317/5000000 | Win rate (rollout): 0.13 | Loss: 0.313 | Opp label coverage: 0.82
Step 122829/5000000 | Win rate (rollout): 0.09 | Loss: 0.269 | Opp label coverage: 0.88
Step 123348/5000000 | Win rate (rollout): 0.36 | Loss: 0.326 | Opp label coverage: 0.90
Step 123860/5000000 | Win rate (rollout): 0.33 | Loss: 0.266 | Opp label coverage: 0.80
Step 124372/5000000 | Win rate (rollout): 0.38 | Loss: 0.346 | Opp label coverage: 0.85
Step 124884/5000000 | Win rate (rollout): 0.11 | Loss: 0.240 | Opp label coverage: 0.81
Step 125396/5000000 | Win rate (rollout): 0.18 | Loss: 0.261 | Opp label coverage: 0.84
Step 125909/5000000 | Win rate (rollout): 0.00 | Loss: 0.258 | Opp label coverage: 0.88
Step 126422/5000000 | Win rate (rollout): 0.15 | Loss: 0.303 | Opp label coverage: 0.91
Step 126939/5000000 | Win rate (rollout): 0.15 | Loss: 0.316 | Opp label coverage: 0.88
Step 127452/5000000 | Win rate (rollout): 0.15 | Loss: 0.253 | Opp label coverage: 0.87
Step 127965/5000000 | Win rate (rollout): 0.00 | Loss: 0.203 | Opp label coverage: 0.88
Step 128477/5000000 | Win rate (rollout): 0.23 | Loss: 0.282 | Opp label coverage: 0.89
Step 128989/5000000 | Win rate (rollout): 0.17 | Loss: 0.241 | Opp label coverage: 0.84
Step 129501/5000000 | Win rate (rollout): 0.23 | Loss: 0.299 | Opp label coverage: 0.82
Step 130013/5000000 | Win rate (rollout): 0.12 | Loss: 0.240 | Opp label coverage: 0.84
Step 130528/5000000 | Win rate (rollout): 0.25 | Loss: 0.239 | Opp label coverage: 0.89
Step 131047/5000000 | Win rate (rollout): 0.19 | Loss: 0.269 | Opp label coverage: 0.89
Step 131559/5000000 | Win rate (rollout): 0.15 | Loss: 0.282 | Opp label coverage: 0.88
Step 132071/5000000 | Win rate (rollout): 0.09 | Loss: 0.274 | Opp label coverage: 0.80
Step 132583/5000000 | Win rate (rollout): 0.27 | Loss: 0.308 | Opp label coverage: 0.81
Step 133099/5000000 | Win rate (rollout): 0.00 | Loss: 0.269 | Opp label coverage: 0.87
Step 133611/5000000 | Win rate (rollout): 0.38 | Loss: 0.264 | Opp label coverage: 0.76
Step 134128/5000000 | Win rate (rollout): 0.18 | Loss: 0.265 | Opp label coverage: 0.88
Step 134647/5000000 | Win rate (rollout): 0.15 | Loss: 0.291 | Opp label coverage: 0.90
Step 135159/5000000 | Win rate (rollout): 0.60 | Loss: 0.284 | Opp label coverage: 0.84
Step 135676/5000000 | Win rate (rollout): 0.00 | Loss: 0.226 | Opp label coverage: 0.89
Step 136188/5000000 | Win rate (rollout): 0.18 | Loss: 0.276 | Opp label coverage: 0.82
Step 136700/5000000 | Win rate (rollout): 0.14 | Loss: 0.258 | Opp label coverage: 0.82
Step 137218/5000000 | Win rate (rollout): 0.00 | Loss: 0.241 | Opp label coverage: 0.88
Step 137730/5000000 | Win rate (rollout): 0.00 | Loss: 0.202 | Opp label coverage: 0.82
Step 138243/5000000 | Win rate (rollout): 0.10 | Loss: 0.295 | Opp label coverage: 0.88
Step 138759/5000000 | Win rate (rollout): 0.08 | Loss: 0.287 | Opp label coverage: 0.88
Step 139271/5000000 | Win rate (rollout): 0.00 | Loss: 0.239 | Opp label coverage: 0.84
Step 139783/5000000 | Win rate (rollout): 0.15 | Loss: 0.271 | Opp label coverage: 0.79
Step 140295/5000000 | Win rate (rollout): 0.30 | Loss: 0.273 | Opp label coverage: 0.84
Step 140807/5000000 | Win rate (rollout): 0.22 | Loss: 0.260 | Opp label coverage: 0.82
Step 141319/5000000 | Win rate (rollout): 0.22 | Loss: 0.312 | Opp label coverage: 0.85
Step 141831/5000000 | Win rate (rollout): 0.07 | Loss: 0.263 | Opp label coverage: 0.84
Step 142350/5000000 | Win rate (rollout): 0.11 | Loss: 0.226 | Opp label coverage: 0.89
Step 142867/5000000 | Win rate (rollout): 0.27 | Loss: 0.308 | Opp label coverage: 0.91
Step 143379/5000000 | Win rate (rollout): 0.08 | Loss: 0.286 | Opp label coverage: 0.89
Step 143896/5000000 | Win rate (rollout): 0.36 | Loss: 0.319 | Opp label coverage: 0.88
Step 144414/5000000 | Win rate (rollout): 0.19 | Loss: 0.278 | Opp label coverage: 0.89
Step 144929/5000000 | Win rate (rollout): 0.10 | Loss: 0.297 | Opp label coverage: 0.90
Step 145444/5000000 | Win rate (rollout): 0.13 | Loss: 0.245 | Opp label coverage: 0.88
Step 145961/5000000 | Win rate (rollout): 0.29 | Loss: 0.285 | Opp label coverage: 0.88
Step 146473/5000000 | Win rate (rollout): 0.25 | Loss: 0.257 | Opp label coverage: 0.86
Step 146990/5000000 | Win rate (rollout): 0.38 | Loss: 0.271 | Opp label coverage: 0.90
Step 147502/5000000 | Win rate (rollout): 0.20 | Loss: 0.324 | Opp label coverage: 0.88
Step 148014/5000000 | Win rate (rollout): 0.22 | Loss: 0.298 | Opp label coverage: 0.79
Step 148528/5000000 | Win rate (rollout): 0.00 | Loss: 0.244 | Opp label coverage: 0.89
Step 149040/5000000 | Win rate (rollout): 0.36 | Loss: 0.334 | Opp label coverage: 0.85
Step 149555/5000000 | Win rate (rollout): 0.00 | Loss: 0.257 | Opp label coverage: 0.91
Step 150067/5000000 | Win rate (rollout): 0.36 | Loss: 0.315 | Opp label coverage: 0.81
Step 150579/5000000 | Win rate (rollout): 0.29 | Loss: 0.285 | Opp label coverage: 0.81
Step 151098/5000000 | Win rate (rollout): 0.11 | Loss: 0.290 | Opp label coverage: 0.91
Step 151610/5000000 | Win rate (rollout): 0.18 | Loss: 0.271 | Opp label coverage: 0.80
Step 152123/5000000 | Win rate (rollout): 0.33 | Loss: 0.259 | Opp label coverage: 0.90
Step 152641/5000000 | Win rate (rollout): 0.23 | Loss: 0.288 | Opp label coverage: 0.90
Step 153153/5000000 | Win rate (rollout): 0.18 | Loss: 0.271 | Opp label coverage: 0.84
Step 153665/5000000 | Win rate (rollout): 0.00 | Loss: 0.246 | Opp label coverage: 0.79
Step 154177/5000000 | Win rate (rollout): 0.00 | Loss: 0.226 | Opp label coverage: 0.86
Step 154694/5000000 | Win rate (rollout): 0.00 | Loss: 0.231 | Opp label coverage: 0.89
Step 155211/5000000 | Win rate (rollout): 0.17 | Loss: 0.270 | Opp label coverage: 0.89
Step 155723/5000000 | Win rate (rollout): 0.08 | Loss: 0.227 | Opp label coverage: 0.82
Step 156235/5000000 | Win rate (rollout): 0.18 | Loss: 0.292 | Opp label coverage: 0.78
Step 156747/5000000 | Win rate (rollout): 0.14 | Loss: 0.221 | Opp label coverage: 0.79
Step 157259/5000000 | Win rate (rollout): 0.14 | Loss: 0.217 | Opp label coverage: 0.82
Step 157772/5000000 | Win rate (rollout): 0.25 | Loss: 0.305 | Opp label coverage: 0.90
Step 158288/5000000 | Win rate (rollout): 0.29 | Loss: 0.329 | Opp label coverage: 0.89
Step 158807/5000000 | Win rate (rollout): 0.07 | Loss: 0.301 | Opp label coverage: 0.87
Step 159325/5000000 | Win rate (rollout): 0.33 | Loss: 0.346 | Opp label coverage: 0.90
Step 159837/5000000 | Win rate (rollout): 0.33 | Loss: 0.270 | Opp label coverage: 0.83
Step 160349/5000000 | Win rate (rollout): 0.45 | Loss: 0.282 | Opp label coverage: 0.85
Step 160861/5000000 | Win rate (rollout): 0.10 | Loss: 0.267 | Opp label coverage: 0.84
Step 161374/5000000 | Win rate (rollout): 0.20 | Loss: 0.279 | Opp label coverage: 0.89
Step 161891/5000000 | Win rate (rollout): 0.13 | Loss: 0.287 | Opp label coverage: 0.88
Step 162408/5000000 | Win rate (rollout): 0.27 | Loss: 0.303 | Opp label coverage: 0.90
Step 162920/5000000 | Win rate (rollout): 0.33 | Loss: 0.315 | Opp label coverage: 0.80
Step 163432/5000000 | Win rate (rollout): 0.27 | Loss: 0.296 | Opp label coverage: 0.79
Step 163946/5000000 | Win rate (rollout): 0.09 | Loss: 0.210 | Opp label coverage: 0.89
Step 164458/5000000 | Win rate (rollout): 0.12 | Loss: 0.231 | Opp label coverage: 0.82
Step 164975/5000000 | Win rate (rollout): 0.00 | Loss: 0.264 | Opp label coverage: 0.87
Step 165491/5000000 | Win rate (rollout): 0.13 | Loss: 0.295 | Opp label coverage: 0.88
Step 166007/5000000 | Win rate (rollout): 0.00 | Loss: 0.249 | Opp label coverage: 0.88
Step 166519/5000000 | Win rate (rollout): 0.09 | Loss: 0.260 | Opp label coverage: 0.83
Step 167031/5000000 | Win rate (rollout): 0.00 | Loss: 0.204 | Opp label coverage: 0.88
Step 167543/5000000 | Win rate (rollout): 0.22 | Loss: 0.240 | Opp label coverage: 0.86
Step 168056/5000000 | Win rate (rollout): 0.20 | Loss: 0.275 | Opp label coverage: 0.89
Step 168569/5000000 | Win rate (rollout): 0.09 | Loss: 0.253 | Opp label coverage: 0.90
Step 169086/5000000 | Win rate (rollout): 0.00 | Loss: 0.277 | Opp label coverage: 0.89
Step 169603/5000000 | Win rate (rollout): 0.08 | Loss: 0.252 | Opp label coverage: 0.89
Step 170117/5000000 | Win rate (rollout): 0.00 | Loss: 0.224 | Opp label coverage: 0.87
Step 170629/5000000 | Win rate (rollout): 0.09 | Loss: 0.254 | Opp label coverage: 0.81
Step 171141/5000000 | Win rate (rollout): 0.20 | Loss: 0.251 | Opp label coverage: 0.84
Step 171653/5000000 | Win rate (rollout): 0.33 | Loss: 0.297 | Opp label coverage: 0.82
Step 172165/5000000 | Win rate (rollout): 0.38 | Loss: 0.263 | Opp label coverage: 0.81
Step 172684/5000000 | Win rate (rollout): 0.20 | Loss: 0.292 | Opp label coverage: 0.90
Step 173196/5000000 | Win rate (rollout): 0.11 | Loss: 0.238 | Opp label coverage: 0.82
Step 173708/5000000 | Win rate (rollout): 0.38 | Loss: 0.275 | Opp label coverage: 0.81
Step 174225/5000000 | Win rate (rollout): 0.38 | Loss: 0.337 | Opp label coverage: 0.89
Step 174737/5000000 | Win rate (rollout): 0.13 | Loss: 0.259 | Opp label coverage: 0.87
Step 175249/5000000 | Win rate (rollout): 0.22 | Loss: 0.268 | Opp label coverage: 0.79
Step 175761/5000000 | Win rate (rollout): 0.29 | Loss: 0.269 | Opp label coverage: 0.84
Step 176273/5000000 | Win rate (rollout): 0.40 | Loss: 0.283 | Opp label coverage: 0.88
Step 176785/5000000 | Win rate (rollout): 0.17 | Loss: 0.268 | Opp label coverage: 0.74
Step 177297/5000000 | Win rate (rollout): 0.25 | Loss: 0.300 | Opp label coverage: 0.72
Step 177812/5000000 | Win rate (rollout): 0.12 | Loss: 0.301 | Opp label coverage: 0.90
Step 178327/5000000 | Win rate (rollout): 0.31 | Loss: 0.243 | Opp label coverage: 0.89
Step 178839/5000000 | Win rate (rollout): 0.20 | Loss: 0.270 | Opp label coverage: 0.80
Step 179351/5000000 | Win rate (rollout): 0.12 | Loss: 0.253 | Opp label coverage: 0.82
Step 179866/5000000 | Win rate (rollout): 0.00 | Loss: 0.269 | Opp label coverage: 0.91
Step 180378/5000000 | Win rate (rollout): 0.25 | Loss: 0.290 | Opp label coverage: 0.83
Step 180893/5000000 | Win rate (rollout): 0.00 | Loss: 0.197 | Opp label coverage: 0.88
Step 181406/5000000 | Win rate (rollout): 0.18 | Loss: 0.264 | Opp label coverage: 0.90
Step 181925/5000000 | Win rate (rollout): 0.33 | Loss: 0.313 | Opp label coverage: 0.92
Step 182443/5000000 | Win rate (rollout): 0.23 | Loss: 0.285 | Opp label coverage: 0.89
Step 182955/5000000 | Win rate (rollout): 0.10 | Loss: 0.275 | Opp label coverage: 0.81
Step 183474/5000000 | Win rate (rollout): 0.10 | Loss: 0.235 | Opp label coverage: 0.89
Step 183993/5000000 | Win rate (rollout): 0.08 | Loss: 0.272 | Opp label coverage: 0.89
Step 184505/5000000 | Win rate (rollout): 0.15 | Loss: 0.308 | Opp label coverage: 0.80
Step 185018/5000000 | Win rate (rollout): 0.56 | Loss: 0.298 | Opp label coverage: 0.91
Step 185534/5000000 | Win rate (rollout): 0.07 | Loss: 0.239 | Opp label coverage: 0.88
Step 186046/5000000 | Win rate (rollout): 0.18 | Loss: 0.269 | Opp label coverage: 0.89
Step 186559/5000000 | Win rate (rollout): 0.09 | Loss: 0.129 | Opp label coverage: 0.90
Step 187074/5000000 | Win rate (rollout): 0.33 | Loss: 0.308 | Opp label coverage: 0.90
Step 187586/5000000 | Win rate (rollout): 0.20 | Loss: 0.256 | Opp label coverage: 0.79
Step 188099/5000000 | Win rate (rollout): 0.14 | Loss: 0.304 | Opp label coverage: 0.90
Step 188614/5000000 | Win rate (rollout): 0.25 | Loss: 0.292 | Opp label coverage: 0.88
Step 189130/5000000 | Win rate (rollout): 0.17 | Loss: 0.332 | Opp label coverage: 0.90
Step 189642/5000000 | Win rate (rollout): 0.50 | Loss: 0.241 | Opp label coverage: 0.86
Step 190154/5000000 | Win rate (rollout): 0.36 | Loss: 0.258 | Opp label coverage: 0.88
Step 190666/5000000 | Win rate (rollout): 0.00 | Loss: 0.249 | Opp label coverage: 0.82
Step 191178/5000000 | Win rate (rollout): 0.06 | Loss: 0.270 | Opp label coverage: 0.82
Step 191690/5000000 | Win rate (rollout): 0.25 | Loss: 0.290 | Opp label coverage: 0.81
Step 192202/5000000 | Win rate (rollout): 0.14 | Loss: 0.263 | Opp label coverage: 0.89
Step 192715/5000000 | Win rate (rollout): 0.07 | Loss: 0.264 | Opp label coverage: 0.90
Step 193227/5000000 | Win rate (rollout): 0.30 | Loss: 0.284 | Opp label coverage: 0.81
Step 193739/5000000 | Win rate (rollout): 0.10 | Loss: 0.294 | Opp label coverage: 0.88
Step 194251/5000000 | Win rate (rollout): 0.18 | Loss: 0.257 | Opp label coverage: 0.90
Step 194763/5000000 | Win rate (rollout): 0.08 | Loss: 0.264 | Opp label coverage: 0.81
Step 195275/5000000 | Win rate (rollout): 0.38 | Loss: 0.295 | Opp label coverage: 0.83
Step 195793/5000000 | Win rate (rollout): 0.22 | Loss: 0.247 | Opp label coverage: 0.89
Step 196305/5000000 | Win rate (rollout): 0.23 | Loss: 0.270 | Opp label coverage: 0.90
Step 196817/5000000 | Win rate (rollout): 0.08 | Loss: 0.283 | Opp label coverage: 0.81
Step 197331/5000000 | Win rate (rollout): 0.36 | Loss: 0.331 | Opp label coverage: 0.89
Step 197843/5000000 | Win rate (rollout): 0.27 | Loss: 0.277 | Opp label coverage: 0.82
Step 198357/5000000 | Win rate (rollout): 0.08 | Loss: 0.347 | Opp label coverage: 0.88
Step 198872/5000000 | Win rate (rollout): 0.33 | Loss: 0.327 | Opp label coverage: 0.90
Step 199386/5000000 | Win rate (rollout): 0.08 | Loss: 0.283 | Opp label coverage: 0.88
Step 199898/5000000 | Win rate (rollout): 0.56 | Loss: 0.288 | Opp label coverage: 0.85
[value-warmup] complete at step 200412 — policy unfrozen
Step 200412/5000000 | Win rate (rollout): 0.33 | Loss: 0.261 | Opp label coverage: 0.88
Step 200924/5000000 | Win rate (rollout): 0.17 | Loss: 0.190 | Opp label coverage: 0.80
Step 201436/5000000 | Win rate (rollout): 0.11 | Loss: 0.185 | Opp label coverage: 0.89
Step 201948/5000000 | Win rate (rollout): 0.09 | Loss: 0.157 | Opp label coverage: 0.90
Step 202460/5000000 | Win rate (rollout): 0.25 | Loss: 0.181 | Opp label coverage: 0.90
Step 202975/5000000 | Win rate (rollout): 0.33 | Loss: 0.187 | Opp label coverage: 0.90
Step 203493/5000000 | Win rate (rollout): 0.07 | Loss: 0.145 | Opp label coverage: 0.89
Step 204005/5000000 | Win rate (rollout): 0.29 | Loss: 0.160 | Opp label coverage: 0.80
Step 204524/5000000 | Win rate (rollout): 0.25 | Loss: 0.163 | Opp label coverage: 0.90
Step 205043/5000000 | Win rate (rollout): 0.00 | Loss: 0.122 | Opp label coverage: 0.89
Step 205555/5000000 | Win rate (rollout): 0.22 | Loss: 0.148 | Opp label coverage: 0.84
Step 206067/5000000 | Win rate (rollout): 0.29 | Loss: 0.133 | Opp label coverage: 0.83
Step 206579/5000000 | Win rate (rollout): 0.06 | Loss: 0.130 | Opp label coverage: 0.82
Step 207091/5000000 | Win rate (rollout): 0.08 | Loss: 0.140 | Opp label coverage: 0.83
Step 207603/5000000 | Win rate (rollout): 0.07 | Loss: 0.117 | Opp label coverage: 0.82
Step 208115/5000000 | Win rate (rollout): 0.00 | Loss: 0.118 | Opp label coverage: 0.89
Step 208630/5000000 | Win rate (rollout): 0.42 | Loss: 0.183 | Opp label coverage: 0.91
Step 209142/5000000 | Win rate (rollout): 0.09 | Loss: 0.134 | Opp label coverage: 0.81
Step 209658/5000000 | Win rate (rollout): 0.22 | Loss: 0.122 | Opp label coverage: 0.89
Step 210170/5000000 | Win rate (rollout): 0.22 | Loss: 0.137 | Opp label coverage: 0.80
Step 210682/5000000 | Win rate (rollout): 0.43 | Loss: 0.170 | Opp label coverage: 0.82
Step 211196/5000000 | Win rate (rollout): 0.44 | Loss: 0.124 | Opp label coverage: 0.90
Step 211708/5000000 | Win rate (rollout): 0.10 | Loss: 0.139 | Opp label coverage: 0.82
Step 212222/5000000 | Win rate (rollout): 0.11 | Loss: 0.107 | Opp label coverage: 0.88
Step 212739/5000000 | Win rate (rollout): 0.00 | Loss: 0.126 | Opp label coverage: 0.87
Step 213252/5000000 | Win rate (rollout): 0.36 | Loss: 0.173 | Opp label coverage: 0.90
Step 213766/5000000 | Win rate (rollout): 0.38 | Loss: 0.235 | Opp label coverage: 0.90
Step 214278/5000000 | Win rate (rollout): 0.00 | Loss: 0.116 | Opp label coverage: 0.79
Step 214793/5000000 | Win rate (rollout): 0.00 | Loss: 0.111 | Opp label coverage: 0.88
Step 215305/5000000 | Win rate (rollout): 0.00 | Loss: 0.114 | Opp label coverage: 0.84
Step 215817/5000000 | Win rate (rollout): 0.27 | Loss: 0.169 | Opp label coverage: 0.82
Step 216330/5000000 | Win rate (rollout): 0.33 | Loss: 0.156 | Opp label coverage: 0.89
Step 216842/5000000 | Win rate (rollout): 0.27 | Loss: 0.151 | Opp label coverage: 0.86
Step 217354/5000000 | Win rate (rollout): 0.25 | Loss: 0.157 | Opp label coverage: 0.81
Step 217871/5000000 | Win rate (rollout): 0.33 | Loss: 0.180 | Opp label coverage: 0.88
Step 218384/5000000 | Win rate (rollout): 0.29 | Loss: 0.182 | Opp label coverage: 0.90
Step 218900/5000000 | Win rate (rollout): 0.31 | Loss: 0.185 | Opp label coverage: 0.88
Step 219417/5000000 | Win rate (rollout): 0.21 | Loss: 0.168 | Opp label coverage: 0.89
Step 219929/5000000 | Win rate (rollout): 0.36 | Loss: 0.178 | Opp label coverage: 0.81
Step 220441/5000000 | Win rate (rollout): 0.19 | Loss: 0.126 | Opp label coverage: 0.83
Step 220953/5000000 | Win rate (rollout): 0.83 | Loss: 0.172 | Opp label coverage: 0.84
Step 221465/5000000 | Win rate (rollout): 0.33 | Loss: 0.153 | Opp label coverage: 0.73
Step 221977/5000000 | Win rate (rollout): 0.20 | Loss: 0.163 | Opp label coverage: 0.80
Step 222490/5000000 | Win rate (rollout): 0.29 | Loss: 0.114 | Opp label coverage: 0.91
Step 223002/5000000 | Win rate (rollout): 0.54 | Loss: 0.181 | Opp label coverage: 0.82
Step 223514/5000000 | Win rate (rollout): 0.38 | Loss: 0.171 | Opp label coverage: 0.79
Step 224033/5000000 | Win rate (rollout): 0.25 | Loss: 0.100 | Opp label coverage: 0.91
Step 224545/5000000 | Win rate (rollout): 0.11 | Loss: 0.178 | Opp label coverage: 0.83
Step 225059/5000000 | Win rate (rollout): 0.25 | Loss: 0.193 | Opp label coverage: 0.89
Step 225572/5000000 | Win rate (rollout): 0.36 | Loss: 0.211 | Opp label coverage: 0.91
Step 226084/5000000 | Win rate (rollout): 0.42 | Loss: 0.204 | Opp label coverage: 0.79
Step 226597/5000000 | Win rate (rollout): 0.00 | Loss: 0.271 | Opp label coverage: 0.88
Step 227116/5000000 | Win rate (rollout): 0.07 | Loss: 0.109 | Opp label coverage: 0.89
Step 227629/5000000 | Win rate (rollout): 0.30 | Loss: 0.154 | Opp label coverage: 0.92
Step 228141/5000000 | Win rate (rollout): 0.00 | Loss: 0.120 | Opp label coverage: 0.84
Step 228655/5000000 | Win rate (rollout): 0.25 | Loss: 0.134 | Opp label coverage: 0.91
Step 229168/5000000 | Win rate (rollout): 0.29 | Loss: 0.182 | Opp label coverage: 0.87
Step 229680/5000000 | Win rate (rollout): 0.29 | Loss: 0.155 | Opp label coverage: 0.85
Step 230192/5000000 | Win rate (rollout): 0.27 | Loss: 0.142 | Opp label coverage: 0.83
Step 230710/5000000 | Win rate (rollout): 0.12 | Loss: 0.129 | Opp label coverage: 0.90
Step 231227/5000000 | Win rate (rollout): 0.18 | Loss: 0.166 | Opp label coverage: 0.91
Step 231739/5000000 | Win rate (rollout): 0.67 | Loss: 0.190 | Opp label coverage: 0.82
Step 232251/5000000 | Win rate (rollout): 0.30 | Loss: 0.149 | Opp label coverage: 0.77
Step 232763/5000000 | Win rate (rollout): 0.20 | Loss: 0.145 | Opp label coverage: 0.80
Step 233275/5000000 | Win rate (rollout): 0.36 | Loss: 0.133 | Opp label coverage: 0.85
Step 233787/5000000 | Win rate (rollout): 0.14 | Loss: 0.134 | Opp label coverage: 0.90
Step 234299/5000000 | Win rate (rollout): 0.31 | Loss: 0.170 | Opp label coverage: 0.83
Step 234811/5000000 | Win rate (rollout): 0.14 | Loss: 0.147 | Opp label coverage: 0.76
Step 235327/5000000 | Win rate (rollout): 0.18 | Loss: 0.154 | Opp label coverage: 0.88
Step 235839/5000000 | Win rate (rollout): 0.00 | Loss: 0.138 | Opp label coverage: 0.83
Step 236351/5000000 | Win rate (rollout): 0.13 | Loss: 0.148 | Opp label coverage: 0.86
Step 236863/5000000 | Win rate (rollout): 0.33 | Loss: 0.166 | Opp label coverage: 0.88
Step 237375/5000000 | Win rate (rollout): 0.20 | Loss: 0.142 | Opp label coverage: 0.82
Step 237887/5000000 | Win rate (rollout): 0.09 | Loss: 0.133 | Opp label coverage: 0.85
Step 238399/5000000 | Win rate (rollout): 0.25 | Loss: 0.153 | Opp label coverage: 0.77
Step 238911/5000000 | Win rate (rollout): 0.17 | Loss: 0.163 | Opp label coverage: 0.85
Step 239423/5000000 | Win rate (rollout): 0.14 | Loss: 0.127 | Opp label coverage: 0.75
Step 239937/5000000 | Win rate (rollout): 0.78 | Loss: 0.186 | Opp label coverage: 0.90
Step 240450/5000000 | Win rate (rollout): 0.33 | Loss: 0.142 | Opp label coverage: 0.89
Step 240962/5000000 | Win rate (rollout): 0.33 | Loss: 0.182 | Opp label coverage: 0.79
Step 241474/5000000 | Win rate (rollout): 0.25 | Loss: 0.158 | Opp label coverage: 0.90
Step 241990/5000000 | Win rate (rollout): 0.54 | Loss: 0.194 | Opp label coverage: 0.91
Step 242502/5000000 | Win rate (rollout): 0.44 | Loss: 0.159 | Opp label coverage: 0.79
Step 243014/5000000 | Win rate (rollout): 0.31 | Loss: 0.180 | Opp label coverage: 0.80
Step 243526/5000000 | Win rate (rollout): 0.44 | Loss: 0.183 | Opp label coverage: 0.90
Step 244044/5000000 | Win rate (rollout): 0.36 | Loss: 0.137 | Opp label coverage: 0.89
Step 244556/5000000 | Win rate (rollout): 0.36 | Loss: 0.183 | Opp label coverage: 0.81
Step 245074/5000000 | Win rate (rollout): 0.36 | Loss: 0.155 | Opp label coverage: 0.88
Step 245588/5000000 | Win rate (rollout): 0.58 | Loss: 0.159 | Opp label coverage: 0.91
Step 246106/5000000 | Win rate (rollout): 0.27 | Loss: 0.207 | Opp label coverage: 0.91
Step 246618/5000000 | Win rate (rollout): 0.10 | Loss: 0.153 | Opp label coverage: 0.81
Step 247137/5000000 | Win rate (rollout): 0.12 | Loss: 0.140 | Opp label coverage: 0.90
Step 247649/5000000 | Win rate (rollout): 0.25 | Loss: 0.147 | Opp label coverage: 0.82
Step 248161/5000000 | Win rate (rollout): 0.21 | Loss: 0.153 | Opp label coverage: 0.78
Step 248673/5000000 | Win rate (rollout): 0.25 | Loss: 0.199 | Opp label coverage: 0.77
Step 249189/5000000 | Win rate (rollout): 0.00 | Loss: 0.096 | Opp label coverage: 0.90
Step 249701/5000000 | Win rate (rollout): 0.30 | Loss: 0.156 | Opp label coverage: 0.81
[checkpoint] Saved models/ppo/checkpoints/bcft/ppo_step_250005.pt
Step 250213/5000000 | Win rate (rollout): 0.33 | Loss: 0.176 | Opp label coverage: 0.89
Step 250725/5000000 | Win rate (rollout): 0.29 | Loss: 0.139 | Opp label coverage: 0.80
Step 251244/5000000 | Win rate (rollout): 0.29 | Loss: 0.195 | Opp label coverage: 0.90
Step 251756/5000000 | Win rate (rollout): 0.00 | Loss: 0.143 | Opp label coverage: 0.83
Step 252268/5000000 | Win rate (rollout): 0.10 | Loss: 0.136 | Opp label coverage: 0.76
Step 252780/5000000 | Win rate (rollout): 0.41 | Loss: 0.166 | Opp label coverage: 0.81
Step 253292/5000000 | Win rate (rollout): 0.07 | Loss: 0.145 | Opp label coverage: 0.78
Step 253804/5000000 | Win rate (rollout): 0.67 | Loss: 0.146 | Opp label coverage: 0.84
Step 254316/5000000 | Win rate (rollout): 0.23 | Loss: 0.162 | Opp label coverage: 0.80
Step 254830/5000000 | Win rate (rollout): 0.00 | Loss: 0.124 | Opp label coverage: 0.89
Step 255343/5000000 | Win rate (rollout): 0.50 | Loss: 0.246 | Opp label coverage: 0.88
Step 255855/5000000 | Win rate (rollout): 0.27 | Loss: 0.155 | Opp label coverage: 0.83
Step 256367/5000000 | Win rate (rollout): 0.14 | Loss: 0.144 | Opp label coverage: 0.78
Step 256879/5000000 | Win rate (rollout): 0.38 | Loss: 0.171 | Opp label coverage: 0.81
Step 257391/5000000 | Win rate (rollout): 0.50 | Loss: 0.168 | Opp label coverage: 0.83
Step 257907/5000000 | Win rate (rollout): 0.33 | Loss: 0.107 | Opp label coverage: 0.91
Step 258419/5000000 | Win rate (rollout): 0.45 | Loss: 0.190 | Opp label coverage: 0.81
Step 258936/5000000 | Win rate (rollout): 0.43 | Loss: 0.240 | Opp label coverage: 0.93
Step 259451/5000000 | Win rate (rollout): 0.50 | Loss: 0.245 | Opp label coverage: 0.91
Step 259964/5000000 | Win rate (rollout): 0.60 | Loss: 0.192 | Opp label coverage: 0.92
Step 260481/5000000 | Win rate (rollout): 0.18 | Loss: 0.142 | Opp label coverage: 0.90
Step 260997/5000000 | Win rate (rollout): 0.45 | Loss: 0.193 | Opp label coverage: 0.91
Step 261513/5000000 | Win rate (rollout): 0.50 | Loss: 0.260 | Opp label coverage: 0.91
Step 262025/5000000 | Win rate (rollout): 0.00 | Loss: 0.142 | Opp label coverage: 0.80
Step 262537/5000000 | Win rate (rollout): 0.40 | Loss: 0.184 | Opp label coverage: 0.92
Step 263054/5000000 | Win rate (rollout): 0.33 | Loss: 0.167 | Opp label coverage: 0.89
Step 263566/5000000 | Win rate (rollout): 0.50 | Loss: 0.147 | Opp label coverage: 0.86
Step 264078/5000000 | Win rate (rollout): 0.50 | Loss: 0.181 | Opp label coverage: 0.92
Step 264590/5000000 | Win rate (rollout): 0.18 | Loss: 0.139 | Opp label coverage: 0.83
Step 265109/5000000 | Win rate (rollout): 0.40 | Loss: 0.217 | Opp label coverage: 0.91
Step 265622/5000000 | Win rate (rollout): 0.38 | Loss: 0.298 | Opp label coverage: 0.92
Step 266134/5000000 | Win rate (rollout): 0.27 | Loss: 0.171 | Opp label coverage: 0.80
Step 266648/5000000 | Win rate (rollout): 0.08 | Loss: 0.188 | Opp label coverage: 0.88
Step 267160/5000000 | Win rate (rollout): 0.44 | Loss: 0.183 | Opp label coverage: 0.87
Step 267674/5000000 | Win rate (rollout): 0.67 | Loss: 0.166 | Opp label coverage: 0.93
Step 268186/5000000 | Win rate (rollout): 0.83 | Loss: 0.138 | Opp label coverage: 0.81
Step 268698/5000000 | Win rate (rollout): 0.38 | Loss: 0.141 | Opp label coverage: 0.90
Step 269210/5000000 | Win rate (rollout): 0.33 | Loss: 0.183 | Opp label coverage: 0.78
Step 269722/5000000 | Win rate (rollout): 0.38 | Loss: 0.163 | Opp label coverage: 0.79
Step 270234/5000000 | Win rate (rollout): 0.33 | Loss: 0.160 | Opp label coverage: 0.76
Step 270746/5000000 | Win rate (rollout): 0.27 | Loss: 0.162 | Opp label coverage: 0.81
Step 271258/5000000 | Win rate (rollout): 0.38 | Loss: 0.164 | Opp label coverage: 0.84
Step 271771/5000000 | Win rate (rollout): 0.25 | Loss: 0.167 | Opp label coverage: 0.89
Step 272286/5000000 | Win rate (rollout): 0.57 | Loss: 0.221 | Opp label coverage: 0.92
Step 272798/5000000 | Win rate (rollout): 0.25 | Loss: 0.142 | Opp label coverage: 0.79
Step 273310/5000000 | Win rate (rollout): 0.55 | Loss: 0.193 | Opp label coverage: 0.81
Step 273824/5000000 | Win rate (rollout): 0.67 | Loss: 0.192 | Opp label coverage: 0.94
Step 274341/5000000 | Win rate (rollout): 0.38 | Loss: 0.138 | Opp label coverage: 0.90
Step 274853/5000000 | Win rate (rollout): 0.20 | Loss: 0.164 | Opp label coverage: 0.82
Step 275365/5000000 | Win rate (rollout): 0.38 | Loss: 0.188 | Opp label coverage: 0.82
Step 275877/5000000 | Win rate (rollout): 0.67 | Loss: 0.187 | Opp label coverage: 0.84
Step 276389/5000000 | Win rate (rollout): 0.15 | Loss: 0.171 | Opp label coverage: 0.85
Step 276901/5000000 | Win rate (rollout): 0.40 | Loss: 0.163 | Opp label coverage: 0.89
Step 277413/5000000 | Win rate (rollout): 0.17 | Loss: 0.175 | Opp label coverage: 0.80
Step 277928/5000000 | Win rate (rollout): 0.67 | Loss: 0.210 | Opp label coverage: 0.91
Step 278440/5000000 | Win rate (rollout): 0.45 | Loss: 0.179 | Opp label coverage: 0.79
Step 278955/5000000 | Win rate (rollout): 0.29 | Loss: 0.220 | Opp label coverage: 0.92
Step 279467/5000000 | Win rate (rollout): 0.60 | Loss: 0.185 | Opp label coverage: 0.85
Step 279979/5000000 | Win rate (rollout): 0.36 | Loss: 0.181 | Opp label coverage: 0.79
Step 280491/5000000 | Win rate (rollout): 0.50 | Loss: 0.174 | Opp label coverage: 0.82
Step 281008/5000000 | Win rate (rollout): 0.62 | Loss: 0.183 | Opp label coverage: 0.91
Step 281523/5000000 | Win rate (rollout): 0.73 | Loss: 0.228 | Opp label coverage: 0.91
Step 282037/5000000 | Win rate (rollout): 0.40 | Loss: 0.152 | Opp label coverage: 0.92
Step 282554/5000000 | Win rate (rollout): 0.42 | Loss: 0.159 | Opp label coverage: 0.91
Step 283066/5000000 | Win rate (rollout): 0.57 | Loss: 0.201 | Opp label coverage: 0.90
Step 283578/5000000 | Win rate (rollout): 0.54 | Loss: 0.188 | Opp label coverage: 0.83
Step 284095/5000000 | Win rate (rollout): 0.62 | Loss: 0.211 | Opp label coverage: 0.93
Step 284609/5000000 | Win rate (rollout): 0.25 | Loss: 0.203 | Opp label coverage: 0.89
Step 285126/5000000 | Win rate (rollout): 0.58 | Loss: 0.182 | Opp label coverage: 0.92
Step 285638/5000000 | Win rate (rollout): 0.50 | Loss: 0.172 | Opp label coverage: 0.92
Step 286151/5000000 | Win rate (rollout): 0.54 | Loss: 0.199 | Opp label coverage: 0.92
Step 286663/5000000 | Win rate (rollout): 0.46 | Loss: 0.186 | Opp label coverage: 0.86
Step 287175/5000000 | Win rate (rollout): 0.35 | Loss: 0.199 | Opp label coverage: 0.80
Step 287687/5000000 | Win rate (rollout): 0.40 | Loss: 0.163 | Opp label coverage: 0.82
Step 288202/5000000 | Win rate (rollout): 0.70 | Loss: 0.157 | Opp label coverage: 0.92
Step 288714/5000000 | Win rate (rollout): 0.33 | Loss: 0.152 | Opp label coverage: 0.85
Step 289226/5000000 | Win rate (rollout): 0.36 | Loss: 0.145 | Opp label coverage: 0.79
Step 289743/5000000 | Win rate (rollout): 0.57 | Loss: 0.204 | Opp label coverage: 0.92
Step 290255/5000000 | Win rate (rollout): 0.38 | Loss: 0.161 | Opp label coverage: 0.83
Step 290767/5000000 | Win rate (rollout): 0.42 | Loss: 0.179 | Opp label coverage: 0.82
Step 291281/5000000 | Win rate (rollout): 0.25 | Loss: 0.128 | Opp label coverage: 0.92
Step 291797/5000000 | Win rate (rollout): 0.75 | Loss: 0.207 | Opp label coverage: 0.90
Step 292309/5000000 | Win rate (rollout): 0.50 | Loss: 0.174 | Opp label coverage: 0.84
Step 292821/5000000 | Win rate (rollout): 0.40 | Loss: 0.191 | Opp label coverage: 0.82
Step 293333/5000000 | Win rate (rollout): 0.20 | Loss: 0.162 | Opp label coverage: 0.83
Step 293845/5000000 | Win rate (rollout): 0.12 | Loss: 0.145 | Opp label coverage: 0.85
Step 294357/5000000 | Win rate (rollout): 0.44 | Loss: 0.224 | Opp label coverage: 0.76
Step 294873/5000000 | Win rate (rollout): 0.00 | Loss: 0.141 | Opp label coverage: 0.89
Step 295387/5000000 | Win rate (rollout): 0.38 | Loss: 0.198 | Opp label coverage: 0.91
Step 295902/5000000 | Win rate (rollout): 0.07 | Loss: 0.160 | Opp label coverage: 0.87
Step 296420/5000000 | Win rate (rollout): 0.57 | Loss: 0.242 | Opp label coverage: 0.92
Step 296937/5000000 | Win rate (rollout): 0.45 | Loss: 0.177 | Opp label coverage: 0.91
Step 297451/5000000 | Win rate (rollout): 0.29 | Loss: 0.217 | Opp label coverage: 0.88
Step 297966/5000000 | Win rate (rollout): 0.18 | Loss: 0.186 | Opp label coverage: 0.91
Step 298485/5000000 | Win rate (rollout): 0.22 | Loss: 0.153 | Opp label coverage: 0.92
Step 298997/5000000 | Win rate (rollout): 0.20 | Loss: 0.158 | Opp label coverage: 0.90
Step 299509/5000000 | Win rate (rollout): 0.36 | Loss: 0.185 | Opp label coverage: 0.83
Step 300022/5000000 | Win rate (rollout): 0.36 | Loss: 0.196 | Opp label coverage: 0.89
Step 300534/5000000 | Win rate (rollout): 0.33 | Loss: 0.196 | Opp label coverage: 0.83
Step 301047/5000000 | Win rate (rollout): 0.20 | Loss: 0.238 | Opp label coverage: 0.89
Step 301566/5000000 | Win rate (rollout): 0.17 | Loss: 0.174 | Opp label coverage: 0.91
Step 302080/5000000 | Win rate (rollout): 0.38 | Loss: 0.114 | Opp label coverage: 0.89
Step 302598/5000000 | Win rate (rollout): 0.45 | Loss: 0.249 | Opp label coverage: 0.91
Step 303110/5000000 | Win rate (rollout): 0.18 | Loss: 0.156 | Opp label coverage: 0.84
Step 303622/5000000 | Win rate (rollout): 0.06 | Loss: 0.146 | Opp label coverage: 0.82
Step 304134/5000000 | Win rate (rollout): 0.29 | Loss: 0.153 | Opp label coverage: 0.85
Step 304646/5000000 | Win rate (rollout): 0.25 | Loss: 0.156 | Opp label coverage: 0.79
Step 305162/5000000 | Win rate (rollout): 0.29 | Loss: 0.192 | Opp label coverage: 0.90
Step 305681/5000000 | Win rate (rollout): 0.67 | Loss: 0.221 | Opp label coverage: 0.92
Step 306193/5000000 | Win rate (rollout): 0.22 | Loss: 0.156 | Opp label coverage: 0.81
Step 306706/5000000 | Win rate (rollout): 0.71 | Loss: 0.271 | Opp label coverage: 0.91
Step 307218/5000000 | Win rate (rollout): 0.38 | Loss: 0.195 | Opp label coverage: 0.82
Step 307732/5000000 | Win rate (rollout): 0.18 | Loss: 0.193 | Opp label coverage: 0.88
Step 308246/5000000 | Win rate (rollout): 0.50 | Loss: 0.199 | Opp label coverage: 0.91
Step 308762/5000000 | Win rate (rollout): 0.54 | Loss: 0.239 | Opp label coverage: 0.92
Step 309274/5000000 | Win rate (rollout): 0.30 | Loss: 0.186 | Opp label coverage: 0.77
Step 309791/5000000 | Win rate (rollout): 0.10 | Loss: 0.153 | Opp label coverage: 0.90
Step 310303/5000000 | Win rate (rollout): 0.27 | Loss: 0.171 | Opp label coverage: 0.82
Step 310819/5000000 | Win rate (rollout): 0.50 | Loss: 0.230 | Opp label coverage: 0.90
Step 311331/5000000 | Win rate (rollout): 0.67 | Loss: 0.171 | Opp label coverage: 0.85
Step 311843/5000000 | Win rate (rollout): 0.22 | Loss: 0.146 | Opp label coverage: 0.85
Step 312355/5000000 | Win rate (rollout): 0.36 | Loss: 0.150 | Opp label coverage: 0.75
Step 312867/5000000 | Win rate (rollout): 0.40 | Loss: 0.180 | Opp label coverage: 0.82
Step 313381/5000000 | Win rate (rollout): 0.71 | Loss: 0.198 | Opp label coverage: 0.94
Step 313893/5000000 | Win rate (rollout): 0.40 | Loss: 0.192 | Opp label coverage: 0.83
Step 314405/5000000 | Win rate (rollout): 0.27 | Loss: 0.171 | Opp label coverage: 0.83
Step 314917/5000000 | Win rate (rollout): 0.29 | Loss: 0.138 | Opp label coverage: 0.84
Step 315429/5000000 | Win rate (rollout): 0.25 | Loss: 0.157 | Opp label coverage: 0.83
Step 315941/5000000 | Win rate (rollout): 0.25 | Loss: 0.166 | Opp label coverage: 0.77
Step 316455/5000000 | Win rate (rollout): 0.40 | Loss: 0.147 | Opp label coverage: 0.89
Step 316967/5000000 | Win rate (rollout): 0.50 | Loss: 0.195 | Opp label coverage: 0.93
Step 317483/5000000 | Win rate (rollout): 0.42 | Loss: 0.236 | Opp label coverage: 0.92
Step 317998/5000000 | Win rate (rollout): 0.45 | Loss: 0.216 | Opp label coverage: 0.89
Step 318514/5000000 | Win rate (rollout): 0.40 | Loss: 0.201 | Opp label coverage: 0.92
Step 319026/5000000 | Win rate (rollout): 0.33 | Loss: 0.189 | Opp label coverage: 0.81
Step 319544/5000000 | Win rate (rollout): 0.25 | Loss: 0.200 | Opp label coverage: 0.91
Step 320061/5000000 | Win rate (rollout): 0.29 | Loss: 0.202 | Opp label coverage: 0.91
Step 320574/5000000 | Win rate (rollout): 0.44 | Loss: 0.186 | Opp label coverage: 0.91
Step 321086/5000000 | Win rate (rollout): 0.27 | Loss: 0.180 | Opp label coverage: 0.81
Step 321598/5000000 | Win rate (rollout): 0.24 | Loss: 0.158 | Opp label coverage: 0.83
Step 322116/5000000 | Win rate (rollout): 0.50 | Loss: 0.207 | Opp label coverage: 0.92
Step 322632/5000000 | Win rate (rollout): 0.33 | Loss: 0.140 | Opp label coverage: 0.90
Step 323149/5000000 | Win rate (rollout): 0.75 | Loss: 0.221 | Opp label coverage: 0.92
Step 323661/5000000 | Win rate (rollout): 0.30 | Loss: 0.159 | Opp label coverage: 0.84
Step 324180/5000000 | Win rate (rollout): 0.25 | Loss: 0.170 | Opp label coverage: 0.91
Step 324696/5000000 | Win rate (rollout): 0.53 | Loss: 0.224 | Opp label coverage: 0.91
Step 325208/5000000 | Win rate (rollout): 0.11 | Loss: 0.162 | Opp label coverage: 0.83
Step 325720/5000000 | Win rate (rollout): 0.55 | Loss: 0.174 | Opp label coverage: 0.85
Step 326232/5000000 | Win rate (rollout): 0.25 | Loss: 0.153 | Opp label coverage: 0.85
Step 326744/5000000 | Win rate (rollout): 0.00 | Loss: 0.129 | Opp label coverage: 0.82
Step 327262/5000000 | Win rate (rollout): 0.70 | Loss: 0.175 | Opp label coverage: 0.93
Step 327774/5000000 | Win rate (rollout): 0.18 | Loss: 0.147 | Opp label coverage: 0.82
Step 328286/5000000 | Win rate (rollout): 0.23 | Loss: 0.163 | Opp label coverage: 0.85
Step 328803/5000000 | Win rate (rollout): 0.50 | Loss: 0.199 | Opp label coverage: 0.91
Step 329315/5000000 | Win rate (rollout): 0.56 | Loss: 0.183 | Opp label coverage: 0.81
Step 329827/5000000 | Win rate (rollout): 0.33 | Loss: 0.151 | Opp label coverage: 0.85
Step 330339/5000000 | Win rate (rollout): 0.33 | Loss: 0.175 | Opp label coverage: 0.87
Step 330851/5000000 | Win rate (rollout): 0.33 | Loss: 0.229 | Opp label coverage: 0.82
Step 331365/5000000 | Win rate (rollout): 0.45 | Loss: 0.209 | Opp label coverage: 0.91
Step 331880/5000000 | Win rate (rollout): 0.62 | Loss: 0.166 | Opp label coverage: 0.90
Step 332392/5000000 | Win rate (rollout): 0.44 | Loss: 0.222 | Opp label coverage: 0.92
Step 332906/5000000 | Win rate (rollout): 0.50 | Loss: 0.168 | Opp label coverage: 0.92
Step 333418/5000000 | Win rate (rollout): 0.17 | Loss: 0.167 | Opp label coverage: 0.82
Step 333933/5000000 | Win rate (rollout): 0.90 | Loss: 0.158 | Opp label coverage: 0.93
Step 334445/5000000 | Win rate (rollout): 0.50 | Loss: 0.179 | Opp label coverage: 0.84
Step 334957/5000000 | Win rate (rollout): 0.19 | Loss: 0.178 | Opp label coverage: 0.88
Step 335473/5000000 | Win rate (rollout): 0.43 | Loss: 0.153 | Opp label coverage: 0.91
Step 335985/5000000 | Win rate (rollout): 0.85 | Loss: 0.170 | Opp label coverage: 0.93
Step 336500/5000000 | Win rate (rollout): 0.36 | Loss: 0.157 | Opp label coverage: 0.89
Step 337012/5000000 | Win rate (rollout): 0.22 | Loss: 0.169 | Opp label coverage: 0.84
Step 337526/5000000 | Win rate (rollout): 0.43 | Loss: 0.181 | Opp label coverage: 0.92
Step 338038/5000000 | Win rate (rollout): 0.56 | Loss: 0.177 | Opp label coverage: 0.79
Step 338555/5000000 | Win rate (rollout): 0.42 | Loss: 0.138 | Opp label coverage: 0.89
Step 339067/5000000 | Win rate (rollout): 0.20 | Loss: 0.161 | Opp label coverage: 0.79
Step 339586/5000000 | Win rate (rollout): 0.62 | Loss: 0.155 | Opp label coverage: 0.92
Step 340100/5000000 | Win rate (rollout): 0.53 | Loss: 0.179 | Opp label coverage: 0.89
Step 340614/5000000 | Win rate (rollout): 0.58 | Loss: 0.157 | Opp label coverage: 0.92
Step 341126/5000000 | Win rate (rollout): 0.53 | Loss: 0.209 | Opp label coverage: 0.91
Step 341638/5000000 | Win rate (rollout): 0.45 | Loss: 0.181 | Opp label coverage: 0.80
Step 342151/5000000 | Win rate (rollout): 0.50 | Loss: 0.185 | Opp label coverage: 0.92
Step 342668/5000000 | Win rate (rollout): 0.47 | Loss: 0.158 | Opp label coverage: 0.88
Step 343181/5000000 | Win rate (rollout): 0.45 | Loss: 0.114 | Opp label coverage: 0.90
Step 343699/5000000 | Win rate (rollout): 0.43 | Loss: 0.220 | Opp label coverage: 0.88
Step 344213/5000000 | Win rate (rollout): 0.47 | Loss: 0.201 | Opp label coverage: 0.91
Step 344725/5000000 | Win rate (rollout): 0.67 | Loss: 0.189 | Opp label coverage: 0.82
Step 345244/5000000 | Win rate (rollout): 0.33 | Loss: 0.147 | Opp label coverage: 0.92
Step 345762/5000000 | Win rate (rollout): 0.42 | Loss: 0.187 | Opp label coverage: 0.90
Step 346274/5000000 | Win rate (rollout): 0.40 | Loss: 0.175 | Opp label coverage: 0.83
Step 346786/5000000 | Win rate (rollout): 0.27 | Loss: 0.184 | Opp label coverage: 0.84
Step 347298/5000000 | Win rate (rollout): 0.60 | Loss: 0.170 | Opp label coverage: 0.83
Step 347810/5000000 | Win rate (rollout): 0.22 | Loss: 0.170 | Opp label coverage: 0.82
Step 348322/5000000 | Win rate (rollout): 0.36 | Loss: 0.177 | Opp label coverage: 0.82
Step 348837/5000000 | Win rate (rollout): 0.50 | Loss: 0.192 | Opp label coverage: 0.91
Step 349354/5000000 | Win rate (rollout): 0.64 | Loss: 0.190 | Opp label coverage: 0.90
Step 349866/5000000 | Win rate (rollout): 0.56 | Loss: 0.185 | Opp label coverage: 0.79
Step 350379/5000000 | Win rate (rollout): 0.57 | Loss: 0.190 | Opp label coverage: 0.92
Step 350892/5000000 | Win rate (rollout): 0.53 | Loss: 0.221 | Opp label coverage: 0.88
Step 351404/5000000 | Win rate (rollout): 0.64 | Loss: 0.205 | Opp label coverage: 0.91
Step 351920/5000000 | Win rate (rollout): 0.54 | Loss: 0.210 | Opp label coverage: 0.92
Step 352434/5000000 | Win rate (rollout): 0.50 | Loss: 0.142 | Opp label coverage: 0.93
Step 352946/5000000 | Win rate (rollout): 0.36 | Loss: 0.191 | Opp label coverage: 0.84
Step 353464/5000000 | Win rate (rollout): 0.50 | Loss: 0.174 | Opp label coverage: 0.92
Step 353976/5000000 | Win rate (rollout): 0.22 | Loss: 0.165 | Opp label coverage: 0.82
Step 354490/5000000 | Win rate (rollout): 0.43 | Loss: 0.187 | Opp label coverage: 0.92
Step 355002/5000000 | Win rate (rollout): 0.40 | Loss: 0.170 | Opp label coverage: 0.83
Step 355514/5000000 | Win rate (rollout): 0.50 | Loss: 0.148 | Opp label coverage: 0.84
Step 356026/5000000 | Win rate (rollout): 0.60 | Loss: 0.149 | Opp label coverage: 0.80
Step 356544/5000000 | Win rate (rollout): 0.40 | Loss: 0.196 | Opp label coverage: 0.90
Step 357056/5000000 | Win rate (rollout): 0.27 | Loss: 0.191 | Opp label coverage: 0.76
Step 357568/5000000 | Win rate (rollout): 0.36 | Loss: 0.173 | Opp label coverage: 0.74
Step 358087/5000000 | Win rate (rollout): 0.12 | Loss: 0.194 | Opp label coverage: 0.91
Step 358605/5000000 | Win rate (rollout): 0.46 | Loss: 0.151 | Opp label coverage: 0.89
Step 359117/5000000 | Win rate (rollout): 0.33 | Loss: 0.155 | Opp label coverage: 0.84
Step 359629/5000000 | Win rate (rollout): 0.27 | Loss: 0.164 | Opp label coverage: 0.80
Step 360141/5000000 | Win rate (rollout): 0.43 | Loss: 0.166 | Opp label coverage: 0.77
Step 360659/5000000 | Win rate (rollout): 0.00 | Loss: 0.128 | Opp label coverage: 0.88
Step 361176/5000000 | Win rate (rollout): 0.29 | Loss: 0.205 | Opp label coverage: 0.91
Step 361688/5000000 | Win rate (rollout): 0.56 | Loss: 0.171 | Opp label coverage: 0.92
Step 362204/5000000 | Win rate (rollout): 0.47 | Loss: 0.224 | Opp label coverage: 0.90
Step 362716/5000000 | Win rate (rollout): 0.27 | Loss: 0.172 | Opp label coverage: 0.80
Step 363230/5000000 | Win rate (rollout): 0.67 | Loss: 0.177 | Opp label coverage: 0.91
Step 363742/5000000 | Win rate (rollout): 0.33 | Loss: 0.147 | Opp label coverage: 0.83
Step 364256/5000000 | Win rate (rollout): 0.27 | Loss: 0.211 | Opp label coverage: 0.90
Step 364771/5000000 | Win rate (rollout): 0.15 | Loss: 0.194 | Opp label coverage: 0.88
Step 365283/5000000 | Win rate (rollout): 0.20 | Loss: 0.126 | Opp label coverage: 0.82
Step 365795/5000000 | Win rate (rollout): 0.33 | Loss: 0.175 | Opp label coverage: 0.83
Step 366307/5000000 | Win rate (rollout): 0.38 | Loss: 0.164 | Opp label coverage: 0.79
Step 366819/5000000 | Win rate (rollout): 0.29 | Loss: 0.153 | Opp label coverage: 0.84
Step 367335/5000000 | Win rate (rollout): 0.56 | Loss: 0.209 | Opp label coverage: 0.92
Step 367847/5000000 | Win rate (rollout): 0.43 | Loss: 0.162 | Opp label coverage: 0.85
Step 368359/5000000 | Win rate (rollout): 0.42 | Loss: 0.184 | Opp label coverage: 0.78
Step 368871/5000000 | Win rate (rollout): 0.23 | Loss: 0.180 | Opp label coverage: 0.82
Step 369389/5000000 | Win rate (rollout): 0.44 | Loss: 0.187 | Opp label coverage: 0.92
Step 369901/5000000 | Win rate (rollout): 0.43 | Loss: 0.157 | Opp label coverage: 0.82
Step 370416/5000000 | Win rate (rollout): 0.50 | Loss: 0.187 | Opp label coverage: 0.91
Step 370928/5000000 | Win rate (rollout): 0.00 | Loss: 0.146 | Opp label coverage: 0.82
Step 371440/5000000 | Win rate (rollout): 0.50 | Loss: 0.180 | Opp label coverage: 0.80
Step 371954/5000000 | Win rate (rollout): 0.56 | Loss: 0.236 | Opp label coverage: 0.91
Step 372466/5000000 | Win rate (rollout): 0.12 | Loss: 0.149 | Opp label coverage: 0.86
Step 372980/5000000 | Win rate (rollout): 0.62 | Loss: 0.189 | Opp label coverage: 0.90
Step 373492/5000000 | Win rate (rollout): 0.40 | Loss: 0.181 | Opp label coverage: 0.81
Step 374005/5000000 | Win rate (rollout): 0.67 | Loss: 0.212 | Opp label coverage: 0.91
Step 374517/5000000 | Win rate (rollout): 0.33 | Loss: 0.177 | Opp label coverage: 0.82
Step 375035/5000000 | Win rate (rollout): 0.40 | Loss: 0.169 | Opp label coverage: 0.89
Step 375547/5000000 | Win rate (rollout): 0.22 | Loss: 0.164 | Opp label coverage: 0.82
Step 376059/5000000 | Win rate (rollout): 0.20 | Loss: 0.167 | Opp label coverage: 0.83
Step 376576/5000000 | Win rate (rollout): 0.25 | Loss: 0.192 | Opp label coverage: 0.90
Step 377094/5000000 | Win rate (rollout): 0.42 | Loss: 0.218 | Opp label coverage: 0.88
Step 377606/5000000 | Win rate (rollout): 0.12 | Loss: 0.150 | Opp label coverage: 0.79
Step 378118/5000000 | Win rate (rollout): 0.42 | Loss: 0.173 | Opp label coverage: 0.83
Step 378637/5000000 | Win rate (rollout): 0.57 | Loss: 0.190 | Opp label coverage: 0.91
Step 379154/5000000 | Win rate (rollout): 0.10 | Loss: 0.171 | Opp label coverage: 0.92
Step 379666/5000000 | Win rate (rollout): 0.33 | Loss: 0.152 | Opp label coverage: 0.79
Step 380178/5000000 | Win rate (rollout): 0.44 | Loss: 0.153 | Opp label coverage: 0.80
Step 380690/5000000 | Win rate (rollout): 0.11 | Loss: 0.161 | Opp label coverage: 0.80
Step 381202/5000000 | Win rate (rollout): 0.33 | Loss: 0.171 | Opp label coverage: 0.78
Step 381714/5000000 | Win rate (rollout): 0.33 | Loss: 0.166 | Opp label coverage: 0.81
Step 382226/5000000 | Win rate (rollout): 0.11 | Loss: 0.156 | Opp label coverage: 0.71
Step 382738/5000000 | Win rate (rollout): 0.56 | Loss: 0.172 | Opp label coverage: 0.90
Step 383250/5000000 | Win rate (rollout): 0.31 | Loss: 0.170 | Opp label coverage: 0.89
Step 383762/5000000 | Win rate (rollout): 0.29 | Loss: 0.171 | Opp label coverage: 0.81
Step 384274/5000000 | Win rate (rollout): 0.43 | Loss: 0.203 | Opp label coverage: 0.80
Step 384792/5000000 | Win rate (rollout): 0.38 | Loss: 0.172 | Opp label coverage: 0.92
Step 385304/5000000 | Win rate (rollout): 0.44 | Loss: 0.159 | Opp label coverage: 0.81
Step 385816/5000000 | Win rate (rollout): 0.60 | Loss: 0.178 | Opp label coverage: 0.86
Step 386328/5000000 | Win rate (rollout): 0.58 | Loss: 0.192 | Opp label coverage: 0.86
Step 386844/5000000 | Win rate (rollout): 0.33 | Loss: 0.196 | Opp label coverage: 0.91
Step 387357/5000000 | Win rate (rollout): 0.64 | Loss: 0.260 | Opp label coverage: 0.92
Step 387869/5000000 | Win rate (rollout): 0.50 | Loss: 0.169 | Opp label coverage: 0.80
Step 388381/5000000 | Win rate (rollout): 0.86 | Loss: 0.214 | Opp label coverage: 0.93
Step 388893/5000000 | Win rate (rollout): 0.00 | Loss: 0.163 | Opp label coverage: 0.81
Step 389410/5000000 | Win rate (rollout): 0.50 | Loss: 0.201 | Opp label coverage: 0.92
Step 389928/5000000 | Win rate (rollout): 0.50 | Loss: 0.180 | Opp label coverage: 0.89
Step 390441/5000000 | Win rate (rollout): 0.31 | Loss: 0.214 | Opp label coverage: 0.88
Step 390953/5000000 | Win rate (rollout): 0.25 | Loss: 0.149 | Opp label coverage: 0.84
Step 391465/5000000 | Win rate (rollout): 0.60 | Loss: 0.161 | Opp label coverage: 0.80
Step 391977/5000000 | Win rate (rollout): 0.36 | Loss: 0.181 | Opp label coverage: 0.86
Step 392489/5000000 | Win rate (rollout): 0.00 | Loss: 0.147 | Opp label coverage: 0.81
Step 393001/5000000 | Win rate (rollout): 0.19 | Loss: 0.167 | Opp label coverage: 0.84
Step 393518/5000000 | Win rate (rollout): 0.25 | Loss: 0.237 | Opp label coverage: 0.93
Step 394030/5000000 | Win rate (rollout): 0.80 | Loss: 0.223 | Opp label coverage: 0.92
Step 394542/5000000 | Win rate (rollout): 0.38 | Loss: 0.177 | Opp label coverage: 0.85
Step 395054/5000000 | Win rate (rollout): 0.30 | Loss: 0.148 | Opp label coverage: 0.85
Step 395566/5000000 | Win rate (rollout): 0.06 | Loss: 0.163 | Opp label coverage: 0.83
Step 396078/5000000 | Win rate (rollout): 0.43 | Loss: 0.168 | Opp label coverage: 0.82
Step 396592/5000000 | Win rate (rollout): 0.43 | Loss: 0.086 | Opp label coverage: 0.92
Step 397107/5000000 | Win rate (rollout): 0.50 | Loss: 0.144 | Opp label coverage: 0.92
Step 397619/5000000 | Win rate (rollout): 0.11 | Loss: 0.154 | Opp label coverage: 0.83
Step 398134/5000000 | Win rate (rollout): 0.57 | Loss: 0.164 | Opp label coverage: 0.91
Step 398646/5000000 | Win rate (rollout): 0.20 | Loss: 0.179 | Opp label coverage: 0.81
Step 399162/5000000 | Win rate (rollout): 0.50 | Loss: 0.167 | Opp label coverage: 0.90
Step 399674/5000000 | Win rate (rollout): 0.14 | Loss: 0.168 | Opp label coverage: 0.85
Step 400186/5000000 | Win rate (rollout): 0.20 | Loss: 0.157 | Opp label coverage: 0.75
Step 400699/5000000 | Win rate (rollout): 0.62 | Loss: 0.238 | Opp label coverage: 0.92
Step 401211/5000000 | Win rate (rollout): 0.45 | Loss: 0.177 | Opp label coverage: 0.83
Step 401726/5000000 | Win rate (rollout): 0.56 | Loss: 0.202 | Opp label coverage: 0.90
Step 402243/5000000 | Win rate (rollout): 0.40 | Loss: 0.191 | Opp label coverage: 0.91
Step 402755/5000000 | Win rate (rollout): 0.33 | Loss: 0.156 | Opp label coverage: 0.89
Step 403268/5000000 | Win rate (rollout): 0.33 | Loss: 0.115 | Opp label coverage: 0.88
Step 403785/5000000 | Win rate (rollout): 0.53 | Loss: 0.208 | Opp label coverage: 0.91
Step 404302/5000000 | Win rate (rollout): 0.40 | Loss: 0.155 | Opp label coverage: 0.89
Step 404814/5000000 | Win rate (rollout): 0.38 | Loss: 0.190 | Opp label coverage: 0.82
Step 405330/5000000 | Win rate (rollout): 0.70 | Loss: 0.209 | Opp label coverage: 0.92
Step 405842/5000000 | Win rate (rollout): 0.45 | Loss: 0.186 | Opp label coverage: 0.80
Step 406354/5000000 | Win rate (rollout): 0.45 | Loss: 0.203 | Opp label coverage: 0.84
Step 406866/5000000 | Win rate (rollout): 0.18 | Loss: 0.149 | Opp label coverage: 0.81
Step 407383/5000000 | Win rate (rollout): 0.62 | Loss: 0.204 | Opp label coverage: 0.91
Step 407896/5000000 | Win rate (rollout): 0.33 | Loss: 0.102 | Opp label coverage: 0.90
Step 408408/5000000 | Win rate (rollout): 0.44 | Loss: 0.152 | Opp label coverage: 0.79
Step 408922/5000000 | Win rate (rollout): 0.67 | Loss: 0.135 | Opp label coverage: 0.91
Step 409435/5000000 | Win rate (rollout): 0.31 | Loss: 0.213 | Opp label coverage: 0.92
Step 409947/5000000 | Win rate (rollout): 0.45 | Loss: 0.204 | Opp label coverage: 0.80
Step 410459/5000000 | Win rate (rollout): 0.23 | Loss: 0.167 | Opp label coverage: 0.82
Step 410971/5000000 | Win rate (rollout): 0.50 | Loss: 0.169 | Opp label coverage: 0.83
Step 411483/5000000 | Win rate (rollout): 0.18 | Loss: 0.145 | Opp label coverage: 0.78
Step 411995/5000000 | Win rate (rollout): 0.33 | Loss: 0.188 | Opp label coverage: 0.90
Step 412510/5000000 | Win rate (rollout): 0.31 | Loss: 0.181 | Opp label coverage: 0.87
Step 413026/5000000 | Win rate (rollout): 0.38 | Loss: 0.217 | Opp label coverage: 0.90
Step 413543/5000000 | Win rate (rollout): 0.47 | Loss: 0.147 | Opp label coverage: 0.90
Step 414058/5000000 | Win rate (rollout): 0.38 | Loss: 0.248 | Opp label coverage: 0.91
Step 414575/5000000 | Win rate (rollout): 0.58 | Loss: 0.202 | Opp label coverage: 0.90
Step 415091/5000000 | Win rate (rollout): 0.50 | Loss: 0.142 | Opp label coverage: 0.90
Step 415603/5000000 | Win rate (rollout): 0.25 | Loss: 0.181 | Opp label coverage: 0.83
Step 416115/5000000 | Win rate (rollout): 0.25 | Loss: 0.183 | Opp label coverage: 0.81
Step 416627/5000000 | Win rate (rollout): 0.33 | Loss: 0.192 | Opp label coverage: 0.83
Step 417143/5000000 | Win rate (rollout): 0.62 | Loss: 0.199 | Opp label coverage: 0.91
Step 417661/5000000 | Win rate (rollout): 0.40 | Loss: 0.155 | Opp label coverage: 0.89
Step 418173/5000000 | Win rate (rollout): 0.27 | Loss: 0.153 | Opp label coverage: 0.77
Step 418685/5000000 | Win rate (rollout): 0.33 | Loss: 0.196 | Opp label coverage: 0.81
Step 419198/5000000 | Win rate (rollout): 0.50 | Loss: 0.175 | Opp label coverage: 0.91
Step 419710/5000000 | Win rate (rollout): 0.50 | Loss: 0.184 | Opp label coverage: 0.80
Step 420222/5000000 | Win rate (rollout): 0.20 | Loss: 0.180 | Opp label coverage: 0.81
Step 420738/5000000 | Win rate (rollout): 0.25 | Loss: 0.203 | Opp label coverage: 0.89
Step 421250/5000000 | Win rate (rollout): 0.67 | Loss: 0.180 | Opp label coverage: 0.82
Step 421762/5000000 | Win rate (rollout): 0.45 | Loss: 0.172 | Opp label coverage: 0.87
Step 422274/5000000 | Win rate (rollout): 0.27 | Loss: 0.162 | Opp label coverage: 0.81
Step 422787/5000000 | Win rate (rollout): 0.71 | Loss: 0.135 | Opp label coverage: 0.91
Step 423303/5000000 | Win rate (rollout): 0.38 | Loss: 0.194 | Opp label coverage: 0.91
Step 423815/5000000 | Win rate (rollout): 0.62 | Loss: 0.157 | Opp label coverage: 0.88
Step 424327/5000000 | Win rate (rollout): 0.55 | Loss: 0.180 | Opp label coverage: 0.85
Step 424839/5000000 | Win rate (rollout): 0.54 | Loss: 0.175 | Opp label coverage: 0.86
Step 425355/5000000 | Win rate (rollout): 0.33 | Loss: 0.209 | Opp label coverage: 0.91
Step 425871/5000000 | Win rate (rollout): 0.43 | Loss: 0.198 | Opp label coverage: 0.88
Step 426385/5000000 | Win rate (rollout): 0.50 | Loss: 0.213 | Opp label coverage: 0.90
Step 426897/5000000 | Win rate (rollout): 0.36 | Loss: 0.186 | Opp label coverage: 0.83
Step 427409/5000000 | Win rate (rollout): 0.25 | Loss: 0.171 | Opp label coverage: 0.87
Step 427921/5000000 | Win rate (rollout): 0.36 | Loss: 0.180 | Opp label coverage: 0.84
Step 428434/5000000 | Win rate (rollout): 0.17 | Loss: 0.204 | Opp label coverage: 0.92
Step 428946/5000000 | Win rate (rollout): 0.20 | Loss: 0.137 | Opp label coverage: 0.85
Step 429459/5000000 | Win rate (rollout): 0.67 | Loss: 0.135 | Opp label coverage: 0.92
Step 429972/5000000 | Win rate (rollout): 0.36 | Loss: 0.180 | Opp label coverage: 0.93
Step 430489/5000000 | Win rate (rollout): 0.50 | Loss: 0.193 | Opp label coverage: 0.91
Step 431001/5000000 | Win rate (rollout): 0.38 | Loss: 0.158 | Opp label coverage: 0.84
Step 431513/5000000 | Win rate (rollout): 0.36 | Loss: 0.146 | Opp label coverage: 0.79
Step 432029/5000000 | Win rate (rollout): 0.44 | Loss: 0.174 | Opp label coverage: 0.92
Step 432543/5000000 | Win rate (rollout): 0.38 | Loss: 0.272 | Opp label coverage: 0.90
Step 433057/5000000 | Win rate (rollout): 0.50 | Loss: 0.211 | Opp label coverage: 0.93
Step 433569/5000000 | Win rate (rollout): 0.33 | Loss: 0.175 | Opp label coverage: 0.78
Step 434081/5000000 | Win rate (rollout): 0.30 | Loss: 0.181 | Opp label coverage: 0.80
Step 434593/5000000 | Win rate (rollout): 0.00 | Loss: 0.130 | Opp label coverage: 0.87
Step 435109/5000000 | Win rate (rollout): 0.62 | Loss: 0.179 | Opp label coverage: 0.93
Step 435621/5000000 | Win rate (rollout): 0.50 | Loss: 0.181 | Opp label coverage: 0.81
Step 436138/5000000 | Win rate (rollout): 0.27 | Loss: 0.170 | Opp label coverage: 0.89
Step 436650/5000000 | Win rate (rollout): 0.36 | Loss: 0.181 | Opp label coverage: 0.81
Step 437162/5000000 | Win rate (rollout): 0.50 | Loss: 0.164 | Opp label coverage: 0.86
Step 437674/5000000 | Win rate (rollout): 0.62 | Loss: 0.192 | Opp label coverage: 0.91
Step 438193/5000000 | Win rate (rollout): 0.57 | Loss: 0.220 | Opp label coverage: 0.92
Step 438705/5000000 | Win rate (rollout): 0.20 | Loss: 0.175 | Opp label coverage: 0.85
Step 439217/5000000 | Win rate (rollout): 0.24 | Loss: 0.170 | Opp label coverage: 0.80
Step 439729/5000000 | Win rate (rollout): 0.47 | Loss: 0.187 | Opp label coverage: 0.82
Step 440241/5000000 | Win rate (rollout): 0.08 | Loss: 0.142 | Opp label coverage: 0.82
Step 440753/5000000 | Win rate (rollout): 0.08 | Loss: 0.147 | Opp label coverage: 0.79
Step 441265/5000000 | Win rate (rollout): 0.20 | Loss: 0.159 | Opp label coverage: 0.81
Step 441777/5000000 | Win rate (rollout): 0.31 | Loss: 0.205 | Opp label coverage: 0.81
Step 442289/5000000 | Win rate (rollout): 0.50 | Loss: 0.146 | Opp label coverage: 0.86
Step 442801/5000000 | Win rate (rollout): 0.33 | Loss: 0.156 | Opp label coverage: 0.79
Step 443316/5000000 | Win rate (rollout): 0.38 | Loss: 0.152 | Opp label coverage: 0.91
Step 443828/5000000 | Win rate (rollout): 0.44 | Loss: 0.176 | Opp label coverage: 0.84
Step 444345/5000000 | Win rate (rollout): 0.64 | Loss: 0.199 | Opp label coverage: 0.91
Step 444861/5000000 | Win rate (rollout): 0.62 | Loss: 0.175 | Opp label coverage: 0.91
Step 445375/5000000 | Win rate (rollout): 0.31 | Loss: 0.232 | Opp label coverage: 0.91
Step 445890/5000000 | Win rate (rollout): 0.33 | Loss: 0.198 | Opp label coverage: 0.91
Step 446409/5000000 | Win rate (rollout): 0.67 | Loss: 0.187 | Opp label coverage: 0.92
Step 446921/5000000 | Win rate (rollout): 0.12 | Loss: 0.173 | Opp label coverage: 0.80
Step 447440/5000000 | Win rate (rollout): 0.33 | Loss: 0.175 | Opp label coverage: 0.89
Step 447952/5000000 | Win rate (rollout): 0.36 | Loss: 0.203 | Opp label coverage: 0.91
Step 448464/5000000 | Win rate (rollout): 0.11 | Loss: 0.173 | Opp label coverage: 0.83
Step 448976/5000000 | Win rate (rollout): 0.20 | Loss: 0.165 | Opp label coverage: 0.79
Step 449488/5000000 | Win rate (rollout): 0.36 | Loss: 0.161 | Opp label coverage: 0.81
Step 450001/5000000 | Win rate (rollout): 0.50 | Loss: 0.111 | Opp label coverage: 0.90
Step 450513/5000000 | Win rate (rollout): 0.17 | Loss: 0.176 | Opp label coverage: 0.82
Step 451025/5000000 | Win rate (rollout): 0.15 | Loss: 0.146 | Opp label coverage: 0.83
Step 451542/5000000 | Win rate (rollout): 1.00 | Loss: 0.220 | Opp label coverage: 0.94
Step 452055/5000000 | Win rate (rollout): 0.64 | Loss: 0.290 | Opp label coverage: 0.91
Step 452571/5000000 | Win rate (rollout): 0.55 | Loss: 0.178 | Opp label coverage: 0.92
Step 453083/5000000 | Win rate (rollout): 0.09 | Loss: 0.163 | Opp label coverage: 0.82
Step 453595/5000000 | Win rate (rollout): 0.22 | Loss: 0.169 | Opp label coverage: 0.86
Step 454111/5000000 | Win rate (rollout): 0.43 | Loss: 0.098 | Opp label coverage: 0.91
Step 454623/5000000 | Win rate (rollout): 0.42 | Loss: 0.245 | Opp label coverage: 0.92
Step 455135/5000000 | Win rate (rollout): 0.46 | Loss: 0.225 | Opp label coverage: 0.91
Step 455647/5000000 | Win rate (rollout): 0.33 | Loss: 0.153 | Opp label coverage: 0.84
Step 456161/5000000 | Win rate (rollout): 0.45 | Loss: 0.197 | Opp label coverage: 0.90
Step 456679/5000000 | Win rate (rollout): 0.71 | Loss: 0.165 | Opp label coverage: 0.91
Step 457191/5000000 | Win rate (rollout): 0.43 | Loss: 0.161 | Opp label coverage: 0.81
Step 457703/5000000 | Win rate (rollout): 0.50 | Loss: 0.191 | Opp label coverage: 0.83
Step 458215/5000000 | Win rate (rollout): 0.29 | Loss: 0.178 | Opp label coverage: 0.90
Step 458732/5000000 | Win rate (rollout): 0.25 | Loss: 0.193 | Opp label coverage: 0.92
Step 459244/5000000 | Win rate (rollout): 0.38 | Loss: 0.169 | Opp label coverage: 0.80
Step 459756/5000000 | Win rate (rollout): 0.50 | Loss: 0.188 | Opp label coverage: 0.91
Step 460268/5000000 | Win rate (rollout): 0.29 | Loss: 0.149 | Opp label coverage: 0.79
Step 460780/5000000 | Win rate (rollout): 0.09 | Loss: 0.173 | Opp label coverage: 0.80
Step 461294/5000000 | Win rate (rollout): 0.50 | Loss: 0.199 | Opp label coverage: 0.92
Step 461813/5000000 | Win rate (rollout): 0.71 | Loss: 0.213 | Opp label coverage: 0.92
Step 462325/5000000 | Win rate (rollout): 0.20 | Loss: 0.180 | Opp label coverage: 0.80
Step 462837/5000000 | Win rate (rollout): 0.12 | Loss: 0.161 | Opp label coverage: 0.81
Step 463349/5000000 | Win rate (rollout): 0.12 | Loss: 0.145 | Opp label coverage: 0.77
Step 463861/5000000 | Win rate (rollout): 0.18 | Loss: 0.164 | Opp label coverage: 0.80
Step 464373/5000000 | Win rate (rollout): 0.36 | Loss: 0.179 | Opp label coverage: 0.79
Step 464886/5000000 | Win rate (rollout): 0.43 | Loss: 0.181 | Opp label coverage: 0.92
Step 465403/5000000 | Win rate (rollout): 0.27 | Loss: 0.147 | Opp label coverage: 0.92
Step 465920/5000000 | Win rate (rollout): 0.36 | Loss: 0.172 | Opp label coverage: 0.92
Step 466432/5000000 | Win rate (rollout): 0.23 | Loss: 0.157 | Opp label coverage: 0.81
Step 466944/5000000 | Win rate (rollout): 0.36 | Loss: 0.178 | Opp label coverage: 0.81
Step 467456/5000000 | Win rate (rollout): 0.23 | Loss: 0.153 | Opp label coverage: 0.83
Step 467968/5000000 | Win rate (rollout): 0.36 | Loss: 0.184 | Opp label coverage: 0.81
Step 468480/5000000 | Win rate (rollout): 0.20 | Loss: 0.207 | Opp label coverage: 0.82
Step 468998/5000000 | Win rate (rollout): 0.50 | Loss: 0.211 | Opp label coverage: 0.92
Step 469510/5000000 | Win rate (rollout): 0.25 | Loss: 0.150 | Opp label coverage: 0.84
Step 470022/5000000 | Win rate (rollout): 0.10 | Loss: 0.161 | Opp label coverage: 0.81
Step 470538/5000000 | Win rate (rollout): 0.67 | Loss: 0.175 | Opp label coverage: 0.91
Step 471052/5000000 | Win rate (rollout): 0.46 | Loss: 0.205 | Opp label coverage: 0.90
Step 471564/5000000 | Win rate (rollout): 0.30 | Loss: 0.149 | Opp label coverage: 0.82
Step 472076/5000000 | Win rate (rollout): 0.45 | Loss: 0.158 | Opp label coverage: 0.85
Step 472592/5000000 | Win rate (rollout): 0.20 | Loss: 0.176 | Opp label coverage: 0.89
Step 473104/5000000 | Win rate (rollout): 0.36 | Loss: 0.170 | Opp label coverage: 0.82
Step 473617/5000000 | Win rate (rollout): 0.33 | Loss: 0.134 | Opp label coverage: 0.89
Step 474129/5000000 | Win rate (rollout): 0.38 | Loss: 0.178 | Opp label coverage: 0.81
Step 474641/5000000 | Win rate (rollout): 0.44 | Loss: 0.165 | Opp label coverage: 0.83
Step 475153/5000000 | Win rate (rollout): 0.27 | Loss: 0.170 | Opp label coverage: 0.86
Step 475672/5000000 | Win rate (rollout): 0.56 | Loss: 0.179 | Opp label coverage: 0.92
Step 476184/5000000 | Win rate (rollout): 0.44 | Loss: 0.160 | Opp label coverage: 0.87
Step 476696/5000000 | Win rate (rollout): 0.22 | Loss: 0.161 | Opp label coverage: 0.78
Step 477212/5000000 | Win rate (rollout): 0.38 | Loss: 0.180 | Opp label coverage: 0.91
Step 477724/5000000 | Win rate (rollout): 0.22 | Loss: 0.154 | Opp label coverage: 0.86
Step 478236/5000000 | Win rate (rollout): 0.47 | Loss: 0.191 | Opp label coverage: 0.78
Step 478751/5000000 | Win rate (rollout): 0.50 | Loss: 0.259 | Opp label coverage: 0.92
Step 479263/5000000 | Win rate (rollout): 0.75 | Loss: 0.236 | Opp label coverage: 0.92
Step 479775/5000000 | Win rate (rollout): 0.50 | Loss: 0.153 | Opp label coverage: 0.79
Step 480287/5000000 | Win rate (rollout): 0.25 | Loss: 0.163 | Opp label coverage: 0.77
Step 480804/5000000 | Win rate (rollout): 0.67 | Loss: 0.210 | Opp label coverage: 0.93
Step 481320/5000000 | Win rate (rollout): 0.69 | Loss: 0.167 | Opp label coverage: 0.91
Step 481832/5000000 | Win rate (rollout): 0.11 | Loss: 0.166 | Opp label coverage: 0.84
Step 482346/5000000 | Win rate (rollout): 0.44 | Loss: 0.168 | Opp label coverage: 0.89
Step 482861/5000000 | Win rate (rollout): 0.54 | Loss: 0.139 | Opp label coverage: 0.92
Step 483373/5000000 | Win rate (rollout): 0.25 | Loss: 0.174 | Opp label coverage: 0.84
Step 483889/5000000 | Win rate (rollout): 0.56 | Loss: 0.208 | Opp label coverage: 0.91
Step 484401/5000000 | Win rate (rollout): 0.25 | Loss: 0.167 | Opp label coverage: 0.82
Step 484913/5000000 | Win rate (rollout): 0.29 | Loss: 0.172 | Opp label coverage: 0.84
Step 485425/5000000 | Win rate (rollout): 0.25 | Loss: 0.189 | Opp label coverage: 0.92
Step 485937/5000000 | Win rate (rollout): 0.44 | Loss: 0.173 | Opp label coverage: 0.82
Step 486454/5000000 | Win rate (rollout): 0.10 | Loss: 0.138 | Opp label coverage: 0.89
Step 486966/5000000 | Win rate (rollout): 0.33 | Loss: 0.175 | Opp label coverage: 0.86
Step 487484/5000000 | Win rate (rollout): 0.29 | Loss: 0.179 | Opp label coverage: 0.89
Step 487996/5000000 | Win rate (rollout): 0.33 | Loss: 0.184 | Opp label coverage: 0.85
Step 488508/5000000 | Win rate (rollout): 0.31 | Loss: 0.151 | Opp label coverage: 0.79
Step 489020/5000000 | Win rate (rollout): 0.12 | Loss: 0.126 | Opp label coverage: 0.82
Step 489535/5000000 | Win rate (rollout): 0.38 | Loss: 0.117 | Opp label coverage: 0.90
Step 490047/5000000 | Win rate (rollout): 0.71 | Loss: 0.222 | Opp label coverage: 0.92
Step 490559/5000000 | Win rate (rollout): 0.12 | Loss: 0.142 | Opp label coverage: 0.84
Step 491071/5000000 | Win rate (rollout): 0.33 | Loss: 0.166 | Opp label coverage: 0.88
Step 491583/5000000 | Win rate (rollout): 0.30 | Loss: 0.163 | Opp label coverage: 0.85
Step 492095/5000000 | Win rate (rollout): 0.25 | Loss: 0.183 | Opp label coverage: 0.84
Step 492614/5000000 | Win rate (rollout): 0.60 | Loss: 0.185 | Opp label coverage: 0.91
Step 493128/5000000 | Win rate (rollout): 0.45 | Loss: 0.183 | Opp label coverage: 0.91
Step 493644/5000000 | Win rate (rollout): 0.80 | Loss: 0.184 | Opp label coverage: 0.93
Step 494156/5000000 | Win rate (rollout): 0.56 | Loss: 0.170 | Opp label coverage: 0.84
Step 494674/5000000 | Win rate (rollout): 0.55 | Loss: 0.214 | Opp label coverage: 0.91
Step 495186/5000000 | Win rate (rollout): 0.60 | Loss: 0.220 | Opp label coverage: 0.90
Step 495698/5000000 | Win rate (rollout): 0.75 | Loss: 0.158 | Opp label coverage: 0.81
Step 496214/5000000 | Win rate (rollout): 0.70 | Loss: 0.222 | Opp label coverage: 0.92
Step 496728/5000000 | Win rate (rollout): 0.82 | Loss: 0.160 | Opp label coverage: 0.94
Step 497247/5000000 | Win rate (rollout): 0.69 | Loss: 0.194 | Opp label coverage: 0.90
Step 497759/5000000 | Win rate (rollout): 0.46 | Loss: 0.169 | Opp label coverage: 0.90
Step 498275/5000000 | Win rate (rollout): 0.33 | Loss: 0.202 | Opp label coverage: 0.89
Step 498787/5000000 | Win rate (rollout): 0.50 | Loss: 0.188 | Opp label coverage: 0.84
Step 499303/5000000 | Win rate (rollout): 0.50 | Loss: 0.166 | Opp label coverage: 0.89
Step 499815/5000000 | Win rate (rollout): 0.60 | Loss: 0.172 | Opp label coverage: 0.81
[checkpoint] Saved models/ppo/checkpoints/bcft/ppo_step_500007.pt
Step 500327/5000000 | Win rate (rollout): 0.45 | Loss: 0.209 | Opp label coverage: 0.80
Step 500844/5000000 | Win rate (rollout): 0.67 | Loss: 0.191 | Opp label coverage: 0.90
Step 501362/5000000 | Win rate (rollout): 0.50 | Loss: 0.216 | Opp label coverage: 0.93
Step 501881/5000000 | Win rate (rollout): 0.50 | Loss: 0.209 | Opp label coverage: 0.91
Step 502393/5000000 | Win rate (rollout): 0.80 | Loss: 0.184 | Opp label coverage: 0.86
Step 502905/5000000 | Win rate (rollout): 0.15 | Loss: 0.179 | Opp label coverage: 0.79
Step 503417/5000000 | Win rate (rollout): 0.78 | Loss: 0.184 | Opp label coverage: 0.89
Step 503929/5000000 | Win rate (rollout): 0.40 | Loss: 0.150 | Opp label coverage: 0.81
Step 504441/5000000 | Win rate (rollout): 0.38 | Loss: 0.176 | Opp label coverage: 0.89
Step 504953/5000000 | Win rate (rollout): 0.36 | Loss: 0.160 | Opp label coverage: 0.83
Step 505465/5000000 | Win rate (rollout): 0.38 | Loss: 0.167 | Opp label coverage: 0.86
Step 505979/5000000 | Win rate (rollout): 0.43 | Loss: 0.223 | Opp label coverage: 0.92
Step 506491/5000000 | Win rate (rollout): 0.64 | Loss: 0.175 | Opp label coverage: 0.91
Step 507003/5000000 | Win rate (rollout): 0.25 | Loss: 0.174 | Opp label coverage: 0.82
Step 507515/5000000 | Win rate (rollout): 0.58 | Loss: 0.213 | Opp label coverage: 0.81
Step 508034/5000000 | Win rate (rollout): 0.56 | Loss: 0.168 | Opp label coverage: 0.90
Step 508546/5000000 | Win rate (rollout): 0.36 | Loss: 0.185 | Opp label coverage: 0.76
Step 509060/5000000 | Win rate (rollout): 0.50 | Loss: 0.183 | Opp label coverage: 0.90
Step 509572/5000000 | Win rate (rollout): 0.38 | Loss: 0.178 | Opp label coverage: 0.81
Step 510084/5000000 | Win rate (rollout): 0.20 | Loss: 0.150 | Opp label coverage: 0.89
Step 510596/5000000 | Win rate (rollout): 0.57 | Loss: 0.192 | Opp label coverage: 0.89
Step 511114/5000000 | Win rate (rollout): 0.47 | Loss: 0.162 | Opp label coverage: 0.91
Step 511629/5000000 | Win rate (rollout): 0.40 | Loss: 0.226 | Opp label coverage: 0.91
Step 512141/5000000 | Win rate (rollout): 0.50 | Loss: 0.177 | Opp label coverage: 0.90
Step 512653/5000000 | Win rate (rollout): 0.45 | Loss: 0.196 | Opp label coverage: 0.83
Step 513166/5000000 | Win rate (rollout): 0.67 | Loss: 0.091 | Opp label coverage: 0.93
Step 513678/5000000 | Win rate (rollout): 0.30 | Loss: 0.165 | Opp label coverage: 0.81
Step 514190/5000000 | Win rate (rollout): 0.45 | Loss: 0.214 | Opp label coverage: 0.81
Step 514706/5000000 | Win rate (rollout): 0.67 | Loss: 0.216 | Opp label coverage: 0.92
Step 515218/5000000 | Win rate (rollout): 0.44 | Loss: 0.165 | Opp label coverage: 0.82
Step 515730/5000000 | Win rate (rollout): 0.22 | Loss: 0.197 | Opp label coverage: 0.83
Step 516242/5000000 | Win rate (rollout): 0.21 | Loss: 0.182 | Opp label coverage: 0.79
Step 516754/5000000 | Win rate (rollout): 0.38 | Loss: 0.209 | Opp label coverage: 0.82
Step 517272/5000000 | Win rate (rollout): 0.22 | Loss: 0.202 | Opp label coverage: 0.89
Step 517784/5000000 | Win rate (rollout): 0.43 | Loss: 0.176 | Opp label coverage: 0.81
Step 518296/5000000 | Win rate (rollout): 0.36 | Loss: 0.178 | Opp label coverage: 0.81
Step 518815/5000000 | Win rate (rollout): 0.30 | Loss: 0.194 | Opp label coverage: 0.89
Step 519327/5000000 | Win rate (rollout): 0.14 | Loss: 0.154 | Opp label coverage: 0.83
Step 519839/5000000 | Win rate (rollout): 0.57 | Loss: 0.162 | Opp label coverage: 0.90
Step 520357/5000000 | Win rate (rollout): 0.45 | Loss: 0.220 | Opp label coverage: 0.93
Step 520869/5000000 | Win rate (rollout): 0.44 | Loss: 0.185 | Opp label coverage: 0.85
Step 521382/5000000 | Win rate (rollout): 0.30 | Loss: 0.120 | Opp label coverage: 0.88
Step 521894/5000000 | Win rate (rollout): 0.27 | Loss: 0.180 | Opp label coverage: 0.75
Step 522406/5000000 | Win rate (rollout): 0.62 | Loss: 0.178 | Opp label coverage: 0.92
Step 522918/5000000 | Win rate (rollout): 0.50 | Loss: 0.206 | Opp label coverage: 0.83
Step 523437/5000000 | Win rate (rollout): 0.30 | Loss: 0.172 | Opp label coverage: 0.90
Step 523949/5000000 | Win rate (rollout): 0.36 | Loss: 0.182 | Opp label coverage: 0.81
Step 524461/5000000 | Win rate (rollout): 0.67 | Loss: 0.168 | Opp label coverage: 0.90
Step 524973/5000000 | Win rate (rollout): 0.50 | Loss: 0.156 | Opp label coverage: 0.81
Step 525491/5000000 | Win rate (rollout): 0.56 | Loss: 0.171 | Opp label coverage: 0.92
Step 526003/5000000 | Win rate (rollout): 0.36 | Loss: 0.163 | Opp label coverage: 0.84
Step 526515/5000000 | Win rate (rollout): 0.38 | Loss: 0.178 | Opp label coverage: 0.85
Step 527029/5000000 | Win rate (rollout): 0.38 | Loss: 0.183 | Opp label coverage: 0.90
Step 527541/5000000 | Win rate (rollout): 0.33 | Loss: 0.173 | Opp label coverage: 0.82
Step 528056/5000000 | Win rate (rollout): 0.14 | Loss: 0.127 | Opp label coverage: 0.90
Step 528571/5000000 | Win rate (rollout): 0.45 | Loss: 0.187 | Opp label coverage: 0.91
Step 529087/5000000 | Win rate (rollout): 0.44 | Loss: 0.201 | Opp label coverage: 0.90
Step 529605/5000000 | Win rate (rollout): 0.27 | Loss: 0.175 | Opp label coverage: 0.93
Step 530118/5000000 | Win rate (rollout): 0.44 | Loss: 0.193 | Opp label coverage: 0.89
Step 530633/5000000 | Win rate (rollout): 0.31 | Loss: 0.162 | Opp label coverage: 0.89
Step 531145/5000000 | Win rate (rollout): 0.64 | Loss: 0.192 | Opp label coverage: 0.80
Step 531663/5000000 | Win rate (rollout): 0.62 | Loss: 0.187 | Opp label coverage: 0.90
Step 532175/5000000 | Win rate (rollout): 0.55 | Loss: 0.198 | Opp label coverage: 0.80
Step 532687/5000000 | Win rate (rollout): 0.25 | Loss: 0.201 | Opp label coverage: 0.82
Step 533199/5000000 | Win rate (rollout): 0.29 | Loss: 0.180 | Opp label coverage: 0.82
Step 533715/5000000 | Win rate (rollout): 0.75 | Loss: 0.247 | Opp label coverage: 0.92
Step 534227/5000000 | Win rate (rollout): 0.23 | Loss: 0.170 | Opp label coverage: 0.78
Step 534739/5000000 | Win rate (rollout): 0.21 | Loss: 0.148 | Opp label coverage: 0.79
Step 535251/5000000 | Win rate (rollout): 0.27 | Loss: 0.169 | Opp label coverage: 0.87
Step 535763/5000000 | Win rate (rollout): 0.70 | Loss: 0.207 | Opp label coverage: 0.76
Step 536281/5000000 | Win rate (rollout): 0.67 | Loss: 0.200 | Opp label coverage: 0.90
Step 536793/5000000 | Win rate (rollout): 0.30 | Loss: 0.177 | Opp label coverage: 0.76
Step 537307/5000000 | Win rate (rollout): 0.67 | Loss: 0.159 | Opp label coverage: 0.92
Step 537825/5000000 | Win rate (rollout): 0.38 | Loss: 0.198 | Opp label coverage: 0.91
Step 538340/5000000 | Win rate (rollout): 0.50 | Loss: 0.150 | Opp label coverage: 0.91
Step 538852/5000000 | Win rate (rollout): 0.55 | Loss: 0.220 | Opp label coverage: 0.78
Step 539366/5000000 | Win rate (rollout): 0.86 | Loss: 0.180 | Opp label coverage: 0.92
Step 539878/5000000 | Win rate (rollout): 0.14 | Loss: 0.171 | Opp label coverage: 0.81
Step 540393/5000000 | Win rate (rollout): 0.40 | Loss: 0.172 | Opp label coverage: 0.90
Step 540905/5000000 | Win rate (rollout): 0.50 | Loss: 0.206 | Opp label coverage: 0.82
Step 541417/5000000 | Win rate (rollout): 0.36 | Loss: 0.203 | Opp label coverage: 0.81
Step 541929/5000000 | Win rate (rollout): 0.47 | Loss: 0.192 | Opp label coverage: 0.85
Step 542441/5000000 | Win rate (rollout): 0.43 | Loss: 0.214 | Opp label coverage: 0.71
Step 542959/5000000 | Win rate (rollout): 0.50 | Loss: 0.215 | Opp label coverage: 0.90
Step 543471/5000000 | Win rate (rollout): 0.36 | Loss: 0.197 | Opp label coverage: 0.90
Step 543986/5000000 | Win rate (rollout): 0.36 | Loss: 0.242 | Opp label coverage: 0.90
Step 544500/5000000 | Win rate (rollout): 0.46 | Loss: 0.210 | Opp label coverage: 0.91
Step 545012/5000000 | Win rate (rollout): 0.43 | Loss: 0.170 | Opp label coverage: 0.79
Step 545526/5000000 | Win rate (rollout): 0.33 | Loss: 0.100 | Opp label coverage: 0.90
Step 546044/5000000 | Win rate (rollout): 0.43 | Loss: 0.193 | Opp label coverage: 0.88
Step 546558/5000000 | Win rate (rollout): 0.38 | Loss: 0.238 | Opp label coverage: 0.90
Step 547070/5000000 | Win rate (rollout): 0.67 | Loss: 0.208 | Opp label coverage: 0.83
Step 547582/5000000 | Win rate (rollout): 0.40 | Loss: 0.174 | Opp label coverage: 0.84
Step 548098/5000000 | Win rate (rollout): 0.50 | Loss: 0.203 | Opp label coverage: 0.88
Step 548610/5000000 | Win rate (rollout): 0.43 | Loss: 0.180 | Opp label coverage: 0.84
Step 549122/5000000 | Win rate (rollout): 0.57 | Loss: 0.204 | Opp label coverage: 0.84
Step 549634/5000000 | Win rate (rollout): 0.62 | Loss: 0.162 | Opp label coverage: 0.78
Step 550146/5000000 | Win rate (rollout): 0.60 | Loss: 0.192 | Opp label coverage: 0.76
Step 550662/5000000 | Win rate (rollout): 0.56 | Loss: 0.174 | Opp label coverage: 0.90
Step 551175/5000000 | Win rate (rollout): 0.45 | Loss: 0.212 | Opp label coverage: 0.92
Step 551687/5000000 | Win rate (rollout): 0.29 | Loss: 0.188 | Opp label coverage: 0.77
Step 552199/5000000 | Win rate (rollout): 0.75 | Loss: 0.222 | Opp label coverage: 0.76
Step 552713/5000000 | Win rate (rollout): 0.56 | Loss: 0.211 | Opp label coverage: 0.92
Step 553225/5000000 | Win rate (rollout): 0.22 | Loss: 0.156 | Opp label coverage: 0.82
Step 553737/5000000 | Win rate (rollout): 0.20 | Loss: 0.149 | Opp label coverage: 0.80
Step 554249/5000000 | Win rate (rollout): 0.67 | Loss: 0.200 | Opp label coverage: 0.82
Step 554761/5000000 | Win rate (rollout): 0.21 | Loss: 0.163 | Opp label coverage: 0.83
Step 555279/5000000 | Win rate (rollout): 0.44 | Loss: 0.189 | Opp label coverage: 0.89
Step 555791/5000000 | Win rate (rollout): 0.29 | Loss: 0.168 | Opp label coverage: 0.83
Step 556305/5000000 | Win rate (rollout): 0.67 | Loss: 0.184 | Opp label coverage: 0.91
Step 556821/5000000 | Win rate (rollout): 0.77 | Loss: 0.216 | Opp label coverage: 0.91
Step 557333/5000000 | Win rate (rollout): 0.25 | Loss: 0.173 | Opp label coverage: 0.79
Step 557849/5000000 | Win rate (rollout): 0.50 | Loss: 0.078 | Opp label coverage: 0.91
Step 558365/5000000 | Win rate (rollout): 0.27 | Loss: 0.187 | Opp label coverage: 0.89
Step 558879/5000000 | Win rate (rollout): 0.30 | Loss: 0.151 | Opp label coverage: 0.90
Step 559391/5000000 | Win rate (rollout): 0.09 | Loss: 0.163 | Opp label coverage: 0.84
Step 559903/5000000 | Win rate (rollout): 0.50 | Loss: 0.174 | Opp label coverage: 0.84
Step 560415/5000000 | Win rate (rollout): 0.25 | Loss: 0.150 | Opp label coverage: 0.83
Step 560927/5000000 | Win rate (rollout): 0.22 | Loss: 0.162 | Opp label coverage: 0.85
Step 561446/5000000 | Win rate (rollout): 0.50 | Loss: 0.184 | Opp label coverage: 0.90
Step 561965/5000000 | Win rate (rollout): 0.69 | Loss: 0.209 | Opp label coverage: 0.92
Step 562477/5000000 | Win rate (rollout): 0.43 | Loss: 0.187 | Opp label coverage: 0.82
Step 562989/5000000 | Win rate (rollout): 0.42 | Loss: 0.184 | Opp label coverage: 0.79
Step 563501/5000000 | Win rate (rollout): 0.50 | Loss: 0.171 | Opp label coverage: 0.90
Step 564013/5000000 | Win rate (rollout): 0.44 | Loss: 0.175 | Opp label coverage: 0.85
Step 564530/5000000 | Win rate (rollout): 0.22 | Loss: 0.167 | Opp label coverage: 0.90
Step 565042/5000000 | Win rate (rollout): 0.46 | Loss: 0.194 | Opp label coverage: 0.80
Step 565554/5000000 | Win rate (rollout): 0.14 | Loss: 0.160 | Opp label coverage: 0.84
Step 566066/5000000 | Win rate (rollout): 0.24 | Loss: 0.173 | Opp label coverage: 0.82
Step 566578/5000000 | Win rate (rollout): 0.36 | Loss: 0.216 | Opp label coverage: 0.81
Step 567090/5000000 | Win rate (rollout): 0.46 | Loss: 0.194 | Opp label coverage: 0.86
Step 567607/5000000 | Win rate (rollout): 0.38 | Loss: 0.163 | Opp label coverage: 0.91
Step 568119/5000000 | Win rate (rollout): 0.40 | Loss: 0.190 | Opp label coverage: 0.83
Step 568631/5000000 | Win rate (rollout): 0.18 | Loss: 0.181 | Opp label coverage: 0.79
Step 569143/5000000 | Win rate (rollout): 0.43 | Loss: 0.184 | Opp label coverage: 0.79
Step 569656/5000000 | Win rate (rollout): 0.44 | Loss: 0.211 | Opp label coverage: 0.90
Step 570168/5000000 | Win rate (rollout): 0.36 | Loss: 0.174 | Opp label coverage: 0.82
Step 570686/5000000 | Win rate (rollout): 0.64 | Loss: 0.177 | Opp label coverage: 0.89
Step 571198/5000000 | Win rate (rollout): 0.55 | Loss: 0.172 | Opp label coverage: 0.80
Step 571710/5000000 | Win rate (rollout): 0.43 | Loss: 0.182 | Opp label coverage: 0.83
Step 572225/5000000 | Win rate (rollout): 0.40 | Loss: 0.212 | Opp label coverage: 0.89
Step 572737/5000000 | Win rate (rollout): 0.25 | Loss: 0.181 | Opp label coverage: 0.90
Step 573249/5000000 | Win rate (rollout): 0.42 | Loss: 0.185 | Opp label coverage: 0.81
Step 573765/5000000 | Win rate (rollout): 0.56 | Loss: 0.160 | Opp label coverage: 0.92
Step 574277/5000000 | Win rate (rollout): 0.45 | Loss: 0.209 | Opp label coverage: 0.82
Step 574789/5000000 | Win rate (rollout): 0.25 | Loss: 0.161 | Opp label coverage: 0.84
Step 575303/5000000 | Win rate (rollout): 0.30 | Loss: 0.152 | Opp label coverage: 0.91
Step 575815/5000000 | Win rate (rollout): 0.25 | Loss: 0.143 | Opp label coverage: 0.81
Step 576327/5000000 | Win rate (rollout): 0.25 | Loss: 0.148 | Opp label coverage: 0.82
Step 576839/5000000 | Win rate (rollout): 0.29 | Loss: 0.197 | Opp label coverage: 0.81
Step 577352/5000000 | Win rate (rollout): 0.44 | Loss: 0.136 | Opp label coverage: 0.91
Step 577864/5000000 | Win rate (rollout): 0.22 | Loss: 0.186 | Opp label coverage: 0.79
Step 578378/5000000 | Win rate (rollout): 0.25 | Loss: 0.176 | Opp label coverage: 0.90
Step 578890/5000000 | Win rate (rollout): 0.08 | Loss: 0.147 | Opp label coverage: 0.81
Step 579404/5000000 | Win rate (rollout): 0.33 | Loss: 0.165 | Opp label coverage: 0.89
Step 579920/5000000 | Win rate (rollout): 0.45 | Loss: 0.210 | Opp label coverage: 0.91
Step 580432/5000000 | Win rate (rollout): 0.33 | Loss: 0.154 | Opp label coverage: 0.88
Step 580944/5000000 | Win rate (rollout): 0.44 | Loss: 0.174 | Opp label coverage: 0.90
Step 581456/5000000 | Win rate (rollout): 0.33 | Loss: 0.184 | Opp label coverage: 0.84
Step 581968/5000000 | Win rate (rollout): 0.27 | Loss: 0.201 | Opp label coverage: 0.90
Step 582482/5000000 | Win rate (rollout): 0.23 | Loss: 0.181 | Opp label coverage: 0.88
Step 582995/5000000 | Win rate (rollout): 0.25 | Loss: 0.209 | Opp label coverage: 0.89
Step 583512/5000000 | Win rate (rollout): 0.21 | Loss: 0.148 | Opp label coverage: 0.89
Step 584024/5000000 | Win rate (rollout): 0.12 | Loss: 0.155 | Opp label coverage: 0.78
Step 584536/5000000 | Win rate (rollout): 0.29 | Loss: 0.199 | Opp label coverage: 0.78
Step 585048/5000000 | Win rate (rollout): 0.50 | Loss: 0.174 | Opp label coverage: 0.92
Step 585560/5000000 | Win rate (rollout): 0.42 | Loss: 0.199 | Opp label coverage: 0.82
Step 586072/5000000 | Win rate (rollout): 0.50 | Loss: 0.175 | Opp label coverage: 0.83
Step 586584/5000000 | Win rate (rollout): 0.08 | Loss: 0.150 | Opp label coverage: 0.84
Step 587100/5000000 | Win rate (rollout): 0.62 | Loss: 0.184 | Opp label coverage: 0.91
Step 587612/5000000 | Win rate (rollout): 0.22 | Loss: 0.167 | Opp label coverage: 0.84
Step 588131/5000000 | Win rate (rollout): 0.70 | Loss: 0.196 | Opp label coverage: 0.92
Step 588645/5000000 | Win rate (rollout): 0.31 | Loss: 0.177 | Opp label coverage: 0.89
Step 589160/5000000 | Win rate (rollout): 0.33 | Loss: 0.197 | Opp label coverage: 0.90
Step 589672/5000000 | Win rate (rollout): 0.27 | Loss: 0.175 | Opp label coverage: 0.87
Step 590185/5000000 | Win rate (rollout): 0.25 | Loss: 0.201 | Opp label coverage: 0.90
Step 590699/5000000 | Win rate (rollout): 0.31 | Loss: 0.202 | Opp label coverage: 0.89
Step 591217/5000000 | Win rate (rollout): 0.54 | Loss: 0.178 | Opp label coverage: 0.90
Step 591729/5000000 | Win rate (rollout): 0.33 | Loss: 0.201 | Opp label coverage: 0.83
Step 592241/5000000 | Win rate (rollout): 0.38 | Loss: 0.161 | Opp label coverage: 0.88
Step 592753/5000000 | Win rate (rollout): 0.25 | Loss: 0.201 | Opp label coverage: 0.82
Step 593265/5000000 | Win rate (rollout): 0.50 | Loss: 0.178 | Opp label coverage: 0.82
Step 593778/5000000 | Win rate (rollout): 0.64 | Loss: 0.224 | Opp label coverage: 0.89
Step 594290/5000000 | Win rate (rollout): 0.30 | Loss: 0.164 | Opp label coverage: 0.86
Step 594803/5000000 | Win rate (rollout): 0.60 | Loss: 0.229 | Opp label coverage: 0.90
Step 595318/5000000 | Win rate (rollout): 0.50 | Loss: 0.158 | Opp label coverage: 0.91
Step 595831/5000000 | Win rate (rollout): 0.46 | Loss: 0.277 | Opp label coverage: 0.91
Step 596343/5000000 | Win rate (rollout): 0.50 | Loss: 0.173 | Opp label coverage: 0.82
Step 596855/5000000 | Win rate (rollout): 0.27 | Loss: 0.172 | Opp label coverage: 0.86
Step 597367/5000000 | Win rate (rollout): 0.36 | Loss: 0.159 | Opp label coverage: 0.89
Step 597879/5000000 | Win rate (rollout): 0.38 | Loss: 0.207 | Opp label coverage: 0.82
Step 598391/5000000 | Win rate (rollout): 0.50 | Loss: 0.199 | Opp label coverage: 0.81
Step 598903/5000000 | Win rate (rollout): 0.40 | Loss: 0.205 | Opp label coverage: 0.85
Step 599415/5000000 | Win rate (rollout): 0.25 | Loss: 0.156 | Opp label coverage: 0.80
Step 599931/5000000 | Win rate (rollout): 0.50 | Loss: 0.187 | Opp label coverage: 0.91
Step 600448/5000000 | Win rate (rollout): 0.64 | Loss: 0.171 | Opp label coverage: 0.93
Step 600962/5000000 | Win rate (rollout): 0.36 | Loss: 0.207 | Opp label coverage: 0.91
Step 601474/5000000 | Win rate (rollout): 0.22 | Loss: 0.165 | Opp label coverage: 0.86
Step 601986/5000000 | Win rate (rollout): 0.47 | Loss: 0.187 | Opp label coverage: 0.86
Step 602498/5000000 | Win rate (rollout): 0.11 | Loss: 0.182 | Opp label coverage: 0.80
Step 603017/5000000 | Win rate (rollout): 0.44 | Loss: 0.237 | Opp label coverage: 0.91
Step 603529/5000000 | Win rate (rollout): 0.25 | Loss: 0.173 | Opp label coverage: 0.81
Step 604041/5000000 | Win rate (rollout): 0.33 | Loss: 0.176 | Opp label coverage: 0.77
Step 604553/5000000 | Win rate (rollout): 0.53 | Loss: 0.209 | Opp label coverage: 0.82
Step 605065/5000000 | Win rate (rollout): 0.20 | Loss: 0.191 | Opp label coverage: 0.83
Step 605577/5000000 | Win rate (rollout): 0.60 | Loss: 0.179 | Opp label coverage: 0.78
Step 606093/5000000 | Win rate (rollout): 0.22 | Loss: 0.239 | Opp label coverage: 0.89
Step 606605/5000000 | Win rate (rollout): 0.43 | Loss: 0.146 | Opp label coverage: 0.84
Step 607117/5000000 | Win rate (rollout): 0.10 | Loss: 0.159 | Opp label coverage: 0.83
Step 607630/5000000 | Win rate (rollout): 0.25 | Loss: 0.152 | Opp label coverage: 0.89
Step 608142/5000000 | Win rate (rollout): 0.30 | Loss: 0.171 | Opp label coverage: 0.83
Step 608654/5000000 | Win rate (rollout): 0.25 | Loss: 0.163 | Opp label coverage: 0.82
Step 609166/5000000 | Win rate (rollout): 0.25 | Loss: 0.199 | Opp label coverage: 0.82
Step 609681/5000000 | Win rate (rollout): 0.25 | Loss: 0.109 | Opp label coverage: 0.91
Step 610193/5000000 | Win rate (rollout): 0.09 | Loss: 0.156 | Opp label coverage: 0.83
Step 610706/5000000 | Win rate (rollout): 0.44 | Loss: 0.183 | Opp label coverage: 0.89
Step 611224/5000000 | Win rate (rollout): 0.43 | Loss: 0.182 | Opp label coverage: 0.89
Step 611736/5000000 | Win rate (rollout): 0.43 | Loss: 0.153 | Opp label coverage: 0.81
Step 612248/5000000 | Win rate (rollout): 0.56 | Loss: 0.210 | Opp label coverage: 0.91
Step 612767/5000000 | Win rate (rollout): 0.75 | Loss: 0.169 | Opp label coverage: 0.92
Step 613279/5000000 | Win rate (rollout): 0.58 | Loss: 0.185 | Opp label coverage: 0.78
Step 613791/5000000 | Win rate (rollout): 0.46 | Loss: 0.222 | Opp label coverage: 0.78
Step 614304/5000000 | Win rate (rollout): 0.73 | Loss: 0.203 | Opp label coverage: 0.92
Step 614816/5000000 | Win rate (rollout): 0.45 | Loss: 0.202 | Opp label coverage: 0.83
Step 615332/5000000 | Win rate (rollout): 0.29 | Loss: 0.222 | Opp label coverage: 0.91
Step 615844/5000000 | Win rate (rollout): 0.54 | Loss: 0.221 | Opp label coverage: 0.80
Step 616356/5000000 | Win rate (rollout): 0.31 | Loss: 0.171 | Opp label coverage: 0.87
Step 616869/5000000 | Win rate (rollout): 0.38 | Loss: 0.158 | Opp label coverage: 0.92
Step 617387/5000000 | Win rate (rollout): 0.42 | Loss: 0.203 | Opp label coverage: 0.90
Step 617904/5000000 | Win rate (rollout): 0.41 | Loss: 0.224 | Opp label coverage: 0.89
Step 618416/5000000 | Win rate (rollout): 0.43 | Loss: 0.160 | Opp label coverage: 0.86
Step 618929/5000000 | Win rate (rollout): 0.45 | Loss: 0.177 | Opp label coverage: 0.89
Step 619447/5000000 | Win rate (rollout): 0.47 | Loss: 0.168 | Opp label coverage: 0.87
Step 619959/5000000 | Win rate (rollout): 0.40 | Loss: 0.188 | Opp label coverage: 0.85
Step 620477/5000000 | Win rate (rollout): 0.33 | Loss: 0.185 | Opp label coverage: 0.88
Step 620989/5000000 | Win rate (rollout): 0.38 | Loss: 0.230 | Opp label coverage: 0.83
Step 621501/5000000 | Win rate (rollout): 0.44 | Loss: 0.161 | Opp label coverage: 0.81
Step 622013/5000000 | Win rate (rollout): 0.23 | Loss: 0.206 | Opp label coverage: 0.81
Step 622525/5000000 | Win rate (rollout): 0.25 | Loss: 0.187 | Opp label coverage: 0.82
Step 623040/5000000 | Win rate (rollout): 0.40 | Loss: 0.222 | Opp label coverage: 0.90
Step 623554/5000000 | Win rate (rollout): 0.31 | Loss: 0.156 | Opp label coverage: 0.88
Step 624067/5000000 | Win rate (rollout): 0.31 | Loss: 0.242 | Opp label coverage: 0.88
Step 624579/5000000 | Win rate (rollout): 0.47 | Loss: 0.208 | Opp label coverage: 0.85
Step 625095/5000000 | Win rate (rollout): 0.14 | Loss: 0.103 | Opp label coverage: 0.91
Step 625607/5000000 | Win rate (rollout): 0.45 | Loss: 0.191 | Opp label coverage: 0.80
Step 626119/5000000 | Win rate (rollout): 0.44 | Loss: 0.184 | Opp label coverage: 0.84
Step 626636/5000000 | Win rate (rollout): 0.33 | Loss: 0.212 | Opp label coverage: 0.91
Step 627148/5000000 | Win rate (rollout): 0.10 | Loss: 0.145 | Opp label coverage: 0.84
Step 627666/5000000 | Win rate (rollout): 0.62 | Loss: 0.162 | Opp label coverage: 0.91
Step 628178/5000000 | Win rate (rollout): 0.00 | Loss: 0.147 | Opp label coverage: 0.80
Step 628691/5000000 | Win rate (rollout): 0.50 | Loss: 0.136 | Opp label coverage: 0.88
Step 629208/5000000 | Win rate (rollout): 0.25 | Loss: 0.152 | Opp label coverage: 0.88
Step 629723/5000000 | Win rate (rollout): 0.40 | Loss: 0.192 | Opp label coverage: 0.90
Step 630235/5000000 | Win rate (rollout): 0.38 | Loss: 0.222 | Opp label coverage: 0.79
Step 630747/5000000 | Win rate (rollout): 0.07 | Loss: 0.167 | Opp label coverage: 0.81
Step 631259/5000000 | Win rate (rollout): 0.60 | Loss: 0.216 | Opp label coverage: 0.80
Step 631775/5000000 | Win rate (rollout): 0.71 | Loss: 0.205 | Opp label coverage: 0.94
Step 632293/5000000 | Win rate (rollout): 0.36 | Loss: 0.193 | Opp label coverage: 0.91
Step 632805/5000000 | Win rate (rollout): 0.45 | Loss: 0.170 | Opp label coverage: 0.78
Step 633319/5000000 | Win rate (rollout): 0.25 | Loss: 0.149 | Opp label coverage: 0.90
Step 633831/5000000 | Win rate (rollout): 0.15 | Loss: 0.176 | Opp label coverage: 0.80
Step 634343/5000000 | Win rate (rollout): 0.57 | Loss: 0.184 | Opp label coverage: 0.79
Step 634855/5000000 | Win rate (rollout): 0.23 | Loss: 0.158 | Opp label coverage: 0.77
Step 635367/5000000 | Win rate (rollout): 0.15 | Loss: 0.172 | Opp label coverage: 0.84
Step 635879/5000000 | Win rate (rollout): 0.33 | Loss: 0.153 | Opp label coverage: 0.79
Step 636392/5000000 | Win rate (rollout): 0.78 | Loss: 0.239 | Opp label coverage: 0.93
Step 636905/5000000 | Win rate (rollout): 0.30 | Loss: 0.140 | Opp label coverage: 0.91
Step 637422/5000000 | Win rate (rollout): 0.33 | Loss: 0.246 | Opp label coverage: 0.91
Step 637940/5000000 | Win rate (rollout): 0.33 | Loss: 0.175 | Opp label coverage: 0.91
Step 638452/5000000 | Win rate (rollout): 0.25 | Loss: 0.153 | Opp label coverage: 0.86
Step 638964/5000000 | Win rate (rollout): 0.20 | Loss: 0.147 | Opp label coverage: 0.78
Step 639483/5000000 | Win rate (rollout): 0.44 | Loss: 0.171 | Opp label coverage: 0.92
Step 640000/5000000 | Win rate (rollout): 0.58 | Loss: 0.217 | Opp label coverage: 0.91
Step 640514/5000000 | Win rate (rollout): 0.53 | Loss: 0.223 | Opp label coverage: 0.91
Step 641028/5000000 | Win rate (rollout): 0.57 | Loss: 0.247 | Opp label coverage: 0.91
Step 641540/5000000 | Win rate (rollout): 0.45 | Loss: 0.172 | Opp label coverage: 0.82
Step 642052/5000000 | Win rate (rollout): 0.36 | Loss: 0.175 | Opp label coverage: 0.83
Step 642569/5000000 | Win rate (rollout): 0.29 | Loss: 0.168 | Opp label coverage: 0.91
Step 643081/5000000 | Win rate (rollout): 0.22 | Loss: 0.182 | Opp label coverage: 0.81
Step 643593/5000000 | Win rate (rollout): 0.17 | Loss: 0.157 | Opp label coverage: 0.80
Step 644105/5000000 | Win rate (rollout): 0.27 | Loss: 0.177 | Opp label coverage: 0.81
Step 644617/5000000 | Win rate (rollout): 0.33 | Loss: 0.158 | Opp label coverage: 0.86
Step 645129/5000000 | Win rate (rollout): 0.23 | Loss: 0.162 | Opp label coverage: 0.81
Step 645642/5000000 | Win rate (rollout): 0.22 | Loss: 0.115 | Opp label coverage: 0.89
Step 646154/5000000 | Win rate (rollout): 0.30 | Loss: 0.180 | Opp label coverage: 0.77
Step 646669/5000000 | Win rate (rollout): 0.40 | Loss: 0.199 | Opp label coverage: 0.90
Step 647181/5000000 | Win rate (rollout): 0.23 | Loss: 0.174 | Opp label coverage: 0.83
Step 647693/5000000 | Win rate (rollout): 0.25 | Loss: 0.144 | Opp label coverage: 0.82
Step 648207/5000000 | Win rate (rollout): 0.33 | Loss: 0.183 | Opp label coverage: 0.90
Step 648719/5000000 | Win rate (rollout): 0.25 | Loss: 0.177 | Opp label coverage: 0.83
Step 649231/5000000 | Win rate (rollout): 0.44 | Loss: 0.194 | Opp label coverage: 0.83
Step 649747/5000000 | Win rate (rollout): 0.44 | Loss: 0.136 | Opp label coverage: 0.89
Step 650259/5000000 | Win rate (rollout): 0.54 | Loss: 0.183 | Opp label coverage: 0.79
Step 650771/5000000 | Win rate (rollout): 0.40 | Loss: 0.169 | Opp label coverage: 0.83
Step 651283/5000000 | Win rate (rollout): 0.45 | Loss: 0.193 | Opp label coverage: 0.81
Step 651800/5000000 | Win rate (rollout): 0.50 | Loss: 0.173 | Opp label coverage: 0.89
Step 652314/5000000 | Win rate (rollout): 0.54 | Loss: 0.226 | Opp label coverage: 0.93
Step 652826/5000000 | Win rate (rollout): 0.44 | Loss: 0.164 | Opp label coverage: 0.80
Step 653338/5000000 | Win rate (rollout): 0.44 | Loss: 0.168 | Opp label coverage: 0.82
Step 653850/5000000 | Win rate (rollout): 0.54 | Loss: 0.197 | Opp label coverage: 0.79
Step 654365/5000000 | Win rate (rollout): 0.54 | Loss: 0.219 | Opp label coverage: 0.89
Step 654882/5000000 | Win rate (rollout): 0.40 | Loss: 0.212 | Opp label coverage: 0.90
Step 655394/5000000 | Win rate (rollout): 0.38 | Loss: 0.186 | Opp label coverage: 0.78
Step 655906/5000000 | Win rate (rollout): 0.38 | Loss: 0.171 | Opp label coverage: 0.81
Step 656425/5000000 | Win rate (rollout): 0.36 | Loss: 0.177 | Opp label coverage: 0.89
Step 656944/5000000 | Win rate (rollout): 0.23 | Loss: 0.097 | Opp label coverage: 0.89
Step 657457/5000000 | Win rate (rollout): 0.57 | Loss: 0.180 | Opp label coverage: 0.91
Step 657971/5000000 | Win rate (rollout): 0.41 | Loss: 0.190 | Opp label coverage: 0.88
Step 658483/5000000 | Win rate (rollout): 0.75 | Loss: 0.191 | Opp label coverage: 0.76
Step 658995/5000000 | Win rate (rollout): 0.50 | Loss: 0.210 | Opp label coverage: 0.92
Step 659507/5000000 | Win rate (rollout): 0.36 | Loss: 0.175 | Opp label coverage: 0.81
Step 660019/5000000 | Win rate (rollout): 0.39 | Loss: 0.200 | Opp label coverage: 0.83
Step 660534/5000000 | Win rate (rollout): 0.25 | Loss: 0.214 | Opp label coverage: 0.91
Step 661046/5000000 | Win rate (rollout): 0.50 | Loss: 0.209 | Opp label coverage: 0.85
Step 661565/5000000 | Win rate (rollout): 0.50 | Loss: 0.201 | Opp label coverage: 0.90
Step 662077/5000000 | Win rate (rollout): 0.43 | Loss: 0.181 | Opp label coverage: 0.90
Step 662590/5000000 | Win rate (rollout): 0.50 | Loss: 0.161 | Opp label coverage: 0.89
Step 663105/5000000 | Win rate (rollout): 0.43 | Loss: 0.200 | Opp label coverage: 0.89
Step 663623/5000000 | Win rate (rollout): 0.29 | Loss: 0.221 | Opp label coverage: 0.89
Step 664135/5000000 | Win rate (rollout): 0.56 | Loss: 0.171 | Opp label coverage: 0.79
Step 664647/5000000 | Win rate (rollout): 0.10 | Loss: 0.173 | Opp label coverage: 0.80
Step 665159/5000000 | Win rate (rollout): 0.60 | Loss: 0.228 | Opp label coverage: 0.81
Step 665671/5000000 | Win rate (rollout): 0.25 | Loss: 0.159 | Opp label coverage: 0.82
Step 666183/5000000 | Win rate (rollout): 0.33 | Loss: 0.177 | Opp label coverage: 0.81
Step 666699/5000000 | Win rate (rollout): 0.14 | Loss: 0.133 | Opp label coverage: 0.91
Step 667215/5000000 | Win rate (rollout): 0.36 | Loss: 0.214 | Opp label coverage: 0.91
Step 667728/5000000 | Win rate (rollout): 0.36 | Loss: 0.292 | Opp label coverage: 0.91
Step 668241/5000000 | Win rate (rollout): 0.50 | Loss: 0.236 | Opp label coverage: 0.93
Step 668753/5000000 | Win rate (rollout): 0.50 | Loss: 0.168 | Opp label coverage: 0.83
Step 669266/5000000 | Win rate (rollout): 0.33 | Loss: 0.245 | Opp label coverage: 0.92
Step 669778/5000000 | Win rate (rollout): 0.18 | Loss: 0.167 | Opp label coverage: 0.80
Step 670290/5000000 | Win rate (rollout): 0.33 | Loss: 0.194 | Opp label coverage: 0.85
Step 670806/5000000 | Win rate (rollout): 0.11 | Loss: 0.110 | Opp label coverage: 0.89
Step 671322/5000000 | Win rate (rollout): 0.38 | Loss: 0.105 | Opp label coverage: 0.91
Step 671839/5000000 | Win rate (rollout): 0.21 | Loss: 0.198 | Opp label coverage: 0.91
Step 672352/5000000 | Win rate (rollout): 0.33 | Loss: 0.099 | Opp label coverage: 0.88
Step 672865/5000000 | Win rate (rollout): 0.36 | Loss: 0.147 | Opp label coverage: 0.92
Step 673377/5000000 | Win rate (rollout): 0.44 | Loss: 0.167 | Opp label coverage: 0.82
Step 673892/5000000 | Win rate (rollout): 0.62 | Loss: 0.235 | Opp label coverage: 0.92
Step 674404/5000000 | Win rate (rollout): 0.50 | Loss: 0.183 | Opp label coverage: 0.79
Step 674921/5000000 | Win rate (rollout): 0.38 | Loss: 0.185 | Opp label coverage: 0.91
Step 675433/5000000 | Win rate (rollout): 0.25 | Loss: 0.171 | Opp label coverage: 0.81
Step 675945/5000000 | Win rate (rollout): 0.38 | Loss: 0.149 | Opp label coverage: 0.83
Step 676457/5000000 | Win rate (rollout): 0.25 | Loss: 0.185 | Opp label coverage: 0.82
Step 676969/5000000 | Win rate (rollout): 0.23 | Loss: 0.168 | Opp label coverage: 0.83
Step 677481/5000000 | Win rate (rollout): 0.62 | Loss: 0.189 | Opp label coverage: 0.79
Step 677997/5000000 | Win rate (rollout): 0.44 | Loss: 0.198 | Opp label coverage: 0.90
Step 678509/5000000 | Win rate (rollout): 0.38 | Loss: 0.174 | Opp label coverage: 0.81
Step 679027/5000000 | Win rate (rollout): 0.64 | Loss: 0.191 | Opp label coverage: 0.90
Step 679539/5000000 | Win rate (rollout): 0.25 | Loss: 0.173 | Opp label coverage: 0.89
Step 680051/5000000 | Win rate (rollout): 0.27 | Loss: 0.139 | Opp label coverage: 0.90
Step 680563/5000000 | Win rate (rollout): 0.38 | Loss: 0.153 | Opp label coverage: 0.85
Step 681075/5000000 | Win rate (rollout): 0.27 | Loss: 0.164 | Opp label coverage: 0.83
Step 681587/5000000 | Win rate (rollout): 0.33 | Loss: 0.161 | Opp label coverage: 0.83
Step 682099/5000000 | Win rate (rollout): 0.45 | Loss: 0.204 | Opp label coverage: 0.84
Step 682611/5000000 | Win rate (rollout): 0.25 | Loss: 0.154 | Opp label coverage: 0.88
Step 683123/5000000 | Win rate (rollout): 0.33 | Loss: 0.166 | Opp label coverage: 0.82
Step 683637/5000000 | Win rate (rollout): 0.44 | Loss: 0.194 | Opp label coverage: 0.90
Step 684149/5000000 | Win rate (rollout): 0.44 | Loss: 0.174 | Opp label coverage: 0.85
Step 684661/5000000 | Win rate (rollout): 0.50 | Loss: 0.203 | Opp label coverage: 0.82
Step 685173/5000000 | Win rate (rollout): 0.29 | Loss: 0.152 | Opp label coverage: 0.82
Step 685691/5000000 | Win rate (rollout): 0.70 | Loss: 0.178 | Opp label coverage: 0.92
Step 686210/5000000 | Win rate (rollout): 0.50 | Loss: 0.160 | Opp label coverage: 0.91
Step 686722/5000000 | Win rate (rollout): 0.64 | Loss: 0.179 | Opp label coverage: 0.83
Step 687234/5000000 | Win rate (rollout): 0.27 | Loss: 0.186 | Opp label coverage: 0.82
Step 687746/5000000 | Win rate (rollout): 0.80 | Loss: 0.236 | Opp label coverage: 0.93
Step 688259/5000000 | Win rate (rollout): 0.50 | Loss: 0.188 | Opp label coverage: 0.91
Step 688771/5000000 | Win rate (rollout): 0.38 | Loss: 0.207 | Opp label coverage: 0.84
Step 689283/5000000 | Win rate (rollout): 0.43 | Loss: 0.199 | Opp label coverage: 0.81
Step 689796/5000000 | Win rate (rollout): 0.50 | Loss: 0.226 | Opp label coverage: 0.88
Step 690313/5000000 | Win rate (rollout): 0.17 | Loss: 0.127 | Opp label coverage: 0.88
Step 690826/5000000 | Win rate (rollout): 0.23 | Loss: 0.119 | Opp label coverage: 0.91
Step 691338/5000000 | Win rate (rollout): 0.67 | Loss: 0.189 | Opp label coverage: 0.84
Step 691855/5000000 | Win rate (rollout): 0.42 | Loss: 0.168 | Opp label coverage: 0.88
Step 692369/5000000 | Win rate (rollout): 0.29 | Loss: 0.146 | Opp label coverage: 0.88
Step 692881/5000000 | Win rate (rollout): 0.56 | Loss: 0.206 | Opp label coverage: 0.86
Step 693398/5000000 | Win rate (rollout): 0.12 | Loss: 0.147 | Opp label coverage: 0.89
Step 693910/5000000 | Win rate (rollout): 0.29 | Loss: 0.166 | Opp label coverage: 0.79
Step 694422/5000000 | Win rate (rollout): 0.50 | Loss: 0.201 | Opp label coverage: 0.81
Step 694935/5000000 | Win rate (rollout): 0.44 | Loss: 0.167 | Opp label coverage: 0.91
Step 695447/5000000 | Win rate (rollout): 0.43 | Loss: 0.207 | Opp label coverage: 0.81
Step 695959/5000000 | Win rate (rollout): 0.50 | Loss: 0.192 | Opp label coverage: 0.80
Step 696471/5000000 | Win rate (rollout): 0.50 | Loss: 0.181 | Opp label coverage: 0.83
Step 696990/5000000 | Win rate (rollout): 0.62 | Loss: 0.187 | Opp label coverage: 0.91
Step 697507/5000000 | Win rate (rollout): 0.43 | Loss: 0.197 | Opp label coverage: 0.90
Step 698019/5000000 | Win rate (rollout): 0.29 | Loss: 0.178 | Opp label coverage: 0.82
Step 698535/5000000 | Win rate (rollout): 0.50 | Loss: 0.185 | Opp label coverage: 0.91
Step 699047/5000000 | Win rate (rollout): 0.46 | Loss: 0.188 | Opp label coverage: 0.78
Step 699559/5000000 | Win rate (rollout): 0.53 | Loss: 0.217 | Opp label coverage: 0.83
Step 700071/5000000 | Win rate (rollout): 0.38 | Loss: 0.196 | Opp label coverage: 0.84
Step 700583/5000000 | Win rate (rollout): 0.38 | Loss: 0.196 | Opp label coverage: 0.82
Step 701097/5000000 | Win rate (rollout): 0.30 | Loss: 0.141 | Opp label coverage: 0.90
Step 701609/5000000 | Win rate (rollout): 0.62 | Loss: 0.210 | Opp label coverage: 0.91
Step 702128/5000000 | Win rate (rollout): 0.47 | Loss: 0.219 | Opp label coverage: 0.90
Step 702642/5000000 | Win rate (rollout): 0.17 | Loss: 0.266 | Opp label coverage: 0.88
Step 703160/5000000 | Win rate (rollout): 0.50 | Loss: 0.189 | Opp label coverage: 0.92
Step 703675/5000000 | Win rate (rollout): 0.46 | Loss: 0.160 | Opp label coverage: 0.91
Step 704187/5000000 | Win rate (rollout): 0.58 | Loss: 0.204 | Opp label coverage: 0.90
Step 704699/5000000 | Win rate (rollout): 0.50 | Loss: 0.173 | Opp label coverage: 0.75
Step 705211/5000000 | Win rate (rollout): 0.42 | Loss: 0.187 | Opp label coverage: 0.86
Step 705727/5000000 | Win rate (rollout): 0.62 | Loss: 0.254 | Opp label coverage: 0.90
Step 706239/5000000 | Win rate (rollout): 0.09 | Loss: 0.201 | Opp label coverage: 0.83
Step 706751/5000000 | Win rate (rollout): 0.64 | Loss: 0.202 | Opp label coverage: 0.85
Step 707263/5000000 | Win rate (rollout): 0.75 | Loss: 0.173 | Opp label coverage: 0.82
Step 707780/5000000 | Win rate (rollout): 0.38 | Loss: 0.201 | Opp label coverage: 0.90
Step 708293/5000000 | Win rate (rollout): 0.44 | Loss: 0.242 | Opp label coverage: 0.91
Step 708805/5000000 | Win rate (rollout): 0.36 | Loss: 0.184 | Opp label coverage: 0.79
Step 709317/5000000 | Win rate (rollout): 0.60 | Loss: 0.189 | Opp label coverage: 0.90
Step 709835/5000000 | Win rate (rollout): 0.17 | Loss: 0.184 | Opp label coverage: 0.89
Step 710347/5000000 | Win rate (rollout): 0.33 | Loss: 0.175 | Opp label coverage: 0.78
Step 710861/5000000 | Win rate (rollout): 0.29 | Loss: 0.168 | Opp label coverage: 0.92
Step 711373/5000000 | Win rate (rollout): 0.56 | Loss: 0.204 | Opp label coverage: 0.93
Step 711887/5000000 | Win rate (rollout): 0.67 | Loss: 0.175 | Opp label coverage: 0.90
Step 712405/5000000 | Win rate (rollout): 0.57 | Loss: 0.189 | Opp label coverage: 0.90
Step 712917/5000000 | Win rate (rollout): 0.33 | Loss: 0.215 | Opp label coverage: 0.79
Step 713429/5000000 | Win rate (rollout): 0.38 | Loss: 0.204 | Opp label coverage: 0.79
Step 713941/5000000 | Win rate (rollout): 0.56 | Loss: 0.182 | Opp label coverage: 0.77
Step 714459/5000000 | Win rate (rollout): 0.56 | Loss: 0.215 | Opp label coverage: 0.91
Step 714971/5000000 | Win rate (rollout): 0.18 | Loss: 0.189 | Opp label coverage: 0.79
Step 715483/5000000 | Win rate (rollout): 0.56 | Loss: 0.172 | Opp label coverage: 0.85
Step 715995/5000000 | Win rate (rollout): 0.75 | Loss: 0.182 | Opp label coverage: 0.82
Step 716507/5000000 | Win rate (rollout): 0.42 | Loss: 0.193 | Opp label coverage: 0.79
Step 717022/5000000 | Win rate (rollout): 0.38 | Loss: 0.228 | Opp label coverage: 0.91
Step 717534/5000000 | Win rate (rollout): 0.60 | Loss: 0.167 | Opp label coverage: 0.80
Step 718046/5000000 | Win rate (rollout): 0.27 | Loss: 0.176 | Opp label coverage: 0.79
Step 718558/5000000 | Win rate (rollout): 0.50 | Loss: 0.180 | Opp label coverage: 0.84
Step 719070/5000000 | Win rate (rollout): 0.62 | Loss: 0.185 | Opp label coverage: 0.85
Step 719586/5000000 | Win rate (rollout): 0.67 | Loss: 0.202 | Opp label coverage: 0.91
Step 720103/5000000 | Win rate (rollout): 0.69 | Loss: 0.226 | Opp label coverage: 0.89
Step 720618/5000000 | Win rate (rollout): 0.62 | Loss: 0.171 | Opp label coverage: 0.94
Step 721130/5000000 | Win rate (rollout): 0.25 | Loss: 0.209 | Opp label coverage: 0.82
Step 721646/5000000 | Win rate (rollout): 0.75 | Loss: 0.154 | Opp label coverage: 0.92
Step 722158/5000000 | Win rate (rollout): 0.64 | Loss: 0.160 | Opp label coverage: 0.90
Step 722670/5000000 | Win rate (rollout): 0.18 | Loss: 0.189 | Opp label coverage: 0.82
Step 723185/5000000 | Win rate (rollout): 0.88 | Loss: 0.164 | Opp label coverage: 0.91
Step 723697/5000000 | Win rate (rollout): 0.29 | Loss: 0.167 | Opp label coverage: 0.80
Step 724209/5000000 | Win rate (rollout): 0.89 | Loss: 0.193 | Opp label coverage: 0.94
Step 724722/5000000 | Win rate (rollout): 0.50 | Loss: 0.118 | Opp label coverage: 0.91
Step 725238/5000000 | Win rate (rollout): 0.40 | Loss: 0.193 | Opp label coverage: 0.91
Step 725756/5000000 | Win rate (rollout): 0.50 | Loss: 0.202 | Opp label coverage: 0.91
Step 726269/5000000 | Win rate (rollout): 0.44 | Loss: 0.156 | Opp label coverage: 0.89
Step 726785/5000000 | Win rate (rollout): 0.69 | Loss: 0.224 | Opp label coverage: 0.92
Step 727297/5000000 | Win rate (rollout): 0.50 | Loss: 0.175 | Opp label coverage: 0.78
Step 727809/5000000 | Win rate (rollout): 0.25 | Loss: 0.204 | Opp label coverage: 0.84
Step 728321/5000000 | Win rate (rollout): 0.38 | Loss: 0.138 | Opp label coverage: 0.84
Step 728833/5000000 | Win rate (rollout): 0.56 | Loss: 0.168 | Opp label coverage: 0.81
Step 729351/5000000 | Win rate (rollout): 0.78 | Loss: 0.160 | Opp label coverage: 0.91
Step 729863/5000000 | Win rate (rollout): 0.55 | Loss: 0.169 | Opp label coverage: 0.77
Step 730377/5000000 | Win rate (rollout): 0.38 | Loss: 0.161 | Opp label coverage: 0.90
Step 730894/5000000 | Win rate (rollout): 0.50 | Loss: 0.262 | Opp label coverage: 0.91
Step 731406/5000000 | Win rate (rollout): 0.25 | Loss: 0.167 | Opp label coverage: 0.76
Step 731918/5000000 | Win rate (rollout): 0.38 | Loss: 0.200 | Opp label coverage: 0.78
Step 732430/5000000 | Win rate (rollout): 0.43 | Loss: 0.166 | Opp label coverage: 0.80
Step 732942/5000000 | Win rate (rollout): 0.40 | Loss: 0.181 | Opp label coverage: 0.79
Step 733454/5000000 | Win rate (rollout): 0.29 | Loss: 0.165 | Opp label coverage: 0.71
Step 733971/5000000 | Win rate (rollout): 1.00 | Loss: 0.197 | Opp label coverage: 0.93
Step 734483/5000000 | Win rate (rollout): 0.50 | Loss: 0.176 | Opp label coverage: 0.83
Step 734995/5000000 | Win rate (rollout): 0.62 | Loss: 0.173 | Opp label coverage: 0.83
Step 735507/5000000 | Win rate (rollout): 0.50 | Loss: 0.191 | Opp label coverage: 0.84
Step 736023/5000000 | Win rate (rollout): 0.33 | Loss: 0.130 | Opp label coverage: 0.87
Step 736538/5000000 | Win rate (rollout): 0.07 | Loss: 0.201 | Opp label coverage: 0.90
Step 737051/5000000 | Win rate (rollout): 0.54 | Loss: 0.199 | Opp label coverage: 0.89
Step 737564/5000000 | Win rate (rollout): 0.55 | Loss: 0.282 | Opp label coverage: 0.90
Step 738076/5000000 | Win rate (rollout): 0.35 | Loss: 0.178 | Opp label coverage: 0.90
Step 738592/5000000 | Win rate (rollout): 0.46 | Loss: 0.148 | Opp label coverage: 0.91
Step 739105/5000000 | Win rate (rollout): 0.36 | Loss: 0.139 | Opp label coverage: 0.91
Step 739617/5000000 | Win rate (rollout): 0.50 | Loss: 0.183 | Opp label coverage: 0.89
Step 740131/5000000 | Win rate (rollout): 0.50 | Loss: 0.157 | Opp label coverage: 0.90
Step 740648/5000000 | Win rate (rollout): 0.55 | Loss: 0.212 | Opp label coverage: 0.91
Step 741160/5000000 | Win rate (rollout): 0.20 | Loss: 0.168 | Opp label coverage: 0.83
Step 741672/5000000 | Win rate (rollout): 0.44 | Loss: 0.193 | Opp label coverage: 0.83
Step 742189/5000000 | Win rate (rollout): 0.45 | Loss: 0.136 | Opp label coverage: 0.91
Step 742701/5000000 | Win rate (rollout): 0.40 | Loss: 0.177 | Opp label coverage: 0.84
Step 743216/5000000 | Win rate (rollout): 0.33 | Loss: 0.196 | Opp label coverage: 0.89
Step 743728/5000000 | Win rate (rollout): 0.44 | Loss: 0.179 | Opp label coverage: 0.84
Step 744243/5000000 | Win rate (rollout): 0.56 | Loss: 0.215 | Opp label coverage: 0.91
Step 744755/5000000 | Win rate (rollout): 0.33 | Loss: 0.176 | Opp label coverage: 0.80
Step 745267/5000000 | Win rate (rollout): 0.47 | Loss: 0.209 | Opp label coverage: 0.80
Step 745785/5000000 | Win rate (rollout): 0.44 | Loss: 0.204 | Opp label coverage: 0.89
Step 746302/5000000 | Win rate (rollout): 0.67 | Loss: 0.195 | Opp label coverage: 0.93
Step 746814/5000000 | Win rate (rollout): 0.31 | Loss: 0.183 | Opp label coverage: 0.80
Step 747331/5000000 | Win rate (rollout): 0.75 | Loss: 0.209 | Opp label coverage: 0.92
Step 747843/5000000 | Win rate (rollout): 0.38 | Loss: 0.168 | Opp label coverage: 0.84
Step 748361/5000000 | Win rate (rollout): 0.22 | Loss: 0.211 | Opp label coverage: 0.88
Step 748879/5000000 | Win rate (rollout): 0.64 | Loss: 0.226 | Opp label coverage: 0.92
Step 749394/5000000 | Win rate (rollout): 0.64 | Loss: 0.183 | Opp label coverage: 0.91
Step 749908/5000000 | Win rate (rollout): 0.47 | Loss: 0.161 | Opp label coverage: 0.89
[checkpoint] Saved models/ppo/checkpoints/bcft/ppo_step_750011.pt
Step 750424/5000000 | Win rate (rollout): 0.33 | Loss: 0.170 | Opp label coverage: 0.89
Step 750936/5000000 | Win rate (rollout): 0.18 | Loss: 0.198 | Opp label coverage: 0.83
Step 751449/5000000 | Win rate (rollout): 0.43 | Loss: 0.188 | Opp label coverage: 0.91
Step 751961/5000000 | Win rate (rollout): 0.11 | Loss: 0.162 | Opp label coverage: 0.81
Step 752473/5000000 | Win rate (rollout): 0.50 | Loss: 0.203 | Opp label coverage: 0.91
Step 752985/5000000 | Win rate (rollout): 0.75 | Loss: 0.165 | Opp label coverage: 0.86
Step 753497/5000000 | Win rate (rollout): 0.20 | Loss: 0.160 | Opp label coverage: 0.83
Step 754014/5000000 | Win rate (rollout): 0.60 | Loss: 0.208 | Opp label coverage: 0.91
Step 754526/5000000 | Win rate (rollout): 0.36 | Loss: 0.174 | Opp label coverage: 0.82
Step 755038/5000000 | Win rate (rollout): 0.44 | Loss: 0.190 | Opp label coverage: 0.80
Step 755550/5000000 | Win rate (rollout): 0.33 | Loss: 0.160 | Opp label coverage: 0.83
Step 756064/5000000 | Win rate (rollout): 0.64 | Loss: 0.163 | Opp label coverage: 0.89
Step 756576/5000000 | Win rate (rollout): 0.27 | Loss: 0.219 | Opp label coverage: 0.82
Step 757088/5000000 | Win rate (rollout): 0.36 | Loss: 0.181 | Opp label coverage: 0.82
Step 757600/5000000 | Win rate (rollout): 0.56 | Loss: 0.164 | Opp label coverage: 0.80
Step 758112/5000000 | Win rate (rollout): 0.38 | Loss: 0.156 | Opp label coverage: 0.77
Step 758627/5000000 | Win rate (rollout): 0.10 | Loss: 0.197 | Opp label coverage: 0.89
Step 759139/5000000 | Win rate (rollout): 0.50 | Loss: 0.184 | Opp label coverage: 0.85
Step 759653/5000000 | Win rate (rollout): 0.14 | Loss: 0.226 | Opp label coverage: 0.89
Step 760165/5000000 | Win rate (rollout): 0.50 | Loss: 0.186 | Opp label coverage: 0.84
Step 760678/5000000 | Win rate (rollout): 0.18 | Loss: 0.172 | Opp label coverage: 0.88
Step 761190/5000000 | Win rate (rollout): 0.38 | Loss: 0.172 | Opp label coverage: 0.84
Step 761702/5000000 | Win rate (rollout): 0.36 | Loss: 0.177 | Opp label coverage: 0.84
Step 762214/5000000 | Win rate (rollout): 0.36 | Loss: 0.228 | Opp label coverage: 0.79
Step 762726/5000000 | Win rate (rollout): 0.50 | Loss: 0.159 | Opp label coverage: 0.80
Step 763244/5000000 | Win rate (rollout): 0.50 | Loss: 0.167 | Opp label coverage: 0.92
Step 763760/5000000 | Win rate (rollout): 0.45 | Loss: 0.215 | Opp label coverage: 0.91
Step 764277/5000000 | Win rate (rollout): 0.33 | Loss: 0.161 | Opp label coverage: 0.89
Step 764794/5000000 | Win rate (rollout): 0.44 | Loss: 0.224 | Opp label coverage: 0.92
Step 765309/5000000 | Win rate (rollout): 0.45 | Loss: 0.174 | Opp label coverage: 0.93
Step 765824/5000000 | Win rate (rollout): 0.85 | Loss: 0.136 | Opp label coverage: 0.94
Step 766341/5000000 | Win rate (rollout): 0.50 | Loss: 0.261 | Opp label coverage: 0.88
Step 766854/5000000 | Win rate (rollout): 0.40 | Loss: 0.227 | Opp label coverage: 0.90
Step 767366/5000000 | Win rate (rollout): 0.46 | Loss: 0.209 | Opp label coverage: 0.91
Step 767878/5000000 | Win rate (rollout): 0.70 | Loss: 0.183 | Opp label coverage: 0.81
Step 768391/5000000 | Win rate (rollout): 0.86 | Loss: 0.169 | Opp label coverage: 0.92
Step 768903/5000000 | Win rate (rollout): 0.45 | Loss: 0.185 | Opp label coverage: 0.87
Step 769415/5000000 | Win rate (rollout): 0.28 | Loss: 0.198 | Opp label coverage: 0.87
Step 769927/5000000 | Win rate (rollout): 0.38 | Loss: 0.198 | Opp label coverage: 0.86
Step 770444/5000000 | Win rate (rollout): 0.40 | Loss: 0.173 | Opp label coverage: 0.89
Step 770957/5000000 | Win rate (rollout): 0.31 | Loss: 0.195 | Opp label coverage: 0.90
Step 771471/5000000 | Win rate (rollout): 0.33 | Loss: 0.200 | Opp label coverage: 0.89
Step 771988/5000000 | Win rate (rollout): 0.77 | Loss: 0.191 | Opp label coverage: 0.91
Step 772500/5000000 | Win rate (rollout): 0.36 | Loss: 0.159 | Opp label coverage: 0.84
Step 773016/5000000 | Win rate (rollout): 0.44 | Loss: 0.161 | Opp label coverage: 0.90
Step 773528/5000000 | Win rate (rollout): 0.57 | Loss: 0.215 | Opp label coverage: 0.87
Step 774040/5000000 | Win rate (rollout): 0.55 | Loss: 0.177 | Opp label coverage: 0.75
Step 774552/5000000 | Win rate (rollout): 0.43 | Loss: 0.167 | Opp label coverage: 0.85
Step 775064/5000000 | Win rate (rollout): 0.27 | Loss: 0.206 | Opp label coverage: 0.81
Step 775581/5000000 | Win rate (rollout): 0.33 | Loss: 0.228 | Opp label coverage: 0.90
Step 776093/5000000 | Win rate (rollout): 0.33 | Loss: 0.166 | Opp label coverage: 0.82
Step 776605/5000000 | Win rate (rollout): 0.33 | Loss: 0.174 | Opp label coverage: 0.79
Step 777117/5000000 | Win rate (rollout): 0.53 | Loss: 0.208 | Opp label coverage: 0.83
Step 777631/5000000 | Win rate (rollout): 0.55 | Loss: 0.225 | Opp label coverage: 0.91
Step 778143/5000000 | Win rate (rollout): 0.17 | Loss: 0.173 | Opp label coverage: 0.81
Step 778655/5000000 | Win rate (rollout): 0.43 | Loss: 0.215 | Opp label coverage: 0.84
Step 779167/5000000 | Win rate (rollout): 0.47 | Loss: 0.192 | Opp label coverage: 0.81
Step 779683/5000000 | Win rate (rollout): 0.33 | Loss: 0.212 | Opp label coverage: 0.91
Step 780198/5000000 | Win rate (rollout): 0.50 | Loss: 0.239 | Opp label coverage: 0.91
Step 780715/5000000 | Win rate (rollout): 0.44 | Loss: 0.219 | Opp label coverage: 0.92
Step 781227/5000000 | Win rate (rollout): 0.42 | Loss: 0.201 | Opp label coverage: 0.79
Step 781739/5000000 | Win rate (rollout): 0.50 | Loss: 0.196 | Opp label coverage: 0.81
Step 782251/5000000 | Win rate (rollout): 0.29 | Loss: 0.217 | Opp label coverage: 0.76
Step 782763/5000000 | Win rate (rollout): 0.21 | Loss: 0.175 | Opp label coverage: 0.83
Step 783275/5000000 | Win rate (rollout): 0.23 | Loss: 0.181 | Opp label coverage: 0.84
Step 783787/5000000 | Win rate (rollout): 0.20 | Loss: 0.165 | Opp label coverage: 0.76
Step 784299/5000000 | Win rate (rollout): 0.62 | Loss: 0.171 | Opp label coverage: 0.87
Step 784811/5000000 | Win rate (rollout): 0.46 | Loss: 0.196 | Opp label coverage: 0.83
Step 785327/5000000 | Win rate (rollout): 0.56 | Loss: 0.247 | Opp label coverage: 0.92
Step 785839/5000000 | Win rate (rollout): 0.31 | Loss: 0.167 | Opp label coverage: 0.82
Step 786351/5000000 | Win rate (rollout): 0.18 | Loss: 0.169 | Opp label coverage: 0.83
Step 786863/5000000 | Win rate (rollout): 0.36 | Loss: 0.180 | Opp label coverage: 0.81
Step 787375/5000000 | Win rate (rollout): 0.50 | Loss: 0.188 | Opp label coverage: 0.78
Step 787887/5000000 | Win rate (rollout): 0.19 | Loss: 0.180 | Opp label coverage: 0.78
Step 788401/5000000 | Win rate (rollout): 0.60 | Loss: 0.221 | Opp label coverage: 0.90
Step 788913/5000000 | Win rate (rollout): 0.50 | Loss: 0.192 | Opp label coverage: 0.84
Step 789425/5000000 | Win rate (rollout): 0.89 | Loss: 0.175 | Opp label coverage: 0.76
Step 789937/5000000 | Win rate (rollout): 0.69 | Loss: 0.180 | Opp label coverage: 0.81
Step 790449/5000000 | Win rate (rollout): 0.18 | Loss: 0.215 | Opp label coverage: 0.88
Step 790961/5000000 | Win rate (rollout): 0.23 | Loss: 0.172 | Opp label coverage: 0.82
Step 791473/5000000 | Win rate (rollout): 0.38 | Loss: 0.189 | Opp label coverage: 0.85
Step 791990/5000000 | Win rate (rollout): 0.40 | Loss: 0.232 | Opp label coverage: 0.89
Step 792507/5000000 | Win rate (rollout): 0.33 | Loss: 0.241 | Opp label coverage: 0.90
Step 793019/5000000 | Win rate (rollout): 0.09 | Loss: 0.171 | Opp label coverage: 0.83
Step 793531/5000000 | Win rate (rollout): 0.43 | Loss: 0.171 | Opp label coverage: 0.83
Step 794043/5000000 | Win rate (rollout): 0.60 | Loss: 0.192 | Opp label coverage: 0.76
Step 794555/5000000 | Win rate (rollout): 0.27 | Loss: 0.161 | Opp label coverage: 0.81
Step 795070/5000000 | Win rate (rollout): 0.67 | Loss: 0.221 | Opp label coverage: 0.93
Step 795582/5000000 | Win rate (rollout): 0.60 | Loss: 0.207 | Opp label coverage: 0.90
Step 796094/5000000 | Win rate (rollout): 0.55 | Loss: 0.163 | Opp label coverage: 0.78
Step 796612/5000000 | Win rate (rollout): 0.43 | Loss: 0.175 | Opp label coverage: 0.90
Step 797129/5000000 | Win rate (rollout): 0.27 | Loss: 0.159 | Opp label coverage: 0.90
Step 797648/5000000 | Win rate (rollout): 0.44 | Loss: 0.221 | Opp label coverage: 0.90
Step 798162/5000000 | Win rate (rollout): 0.40 | Loss: 0.196 | Opp label coverage: 0.90
Step 798674/5000000 | Win rate (rollout): 0.44 | Loss: 0.185 | Opp label coverage: 0.92
Step 799186/5000000 | Win rate (rollout): 0.25 | Loss: 0.189 | Opp label coverage: 0.83
Step 799699/5000000 | Win rate (rollout): 0.45 | Loss: 0.162 | Opp label coverage: 0.89
Step 800217/5000000 | Win rate (rollout): 0.46 | Loss: 0.187 | Opp label coverage: 0.90
Step 800729/5000000 | Win rate (rollout): 0.62 | Loss: 0.177 | Opp label coverage: 0.85
Step 801241/5000000 | Win rate (rollout): 0.36 | Loss: 0.175 | Opp label coverage: 0.82
Step 801757/5000000 | Win rate (rollout): 0.11 | Loss: 0.146 | Opp label coverage: 0.88
Step 802274/5000000 | Win rate (rollout): 0.44 | Loss: 0.177 | Opp label coverage: 0.90
Step 802790/5000000 | Win rate (rollout): 0.43 | Loss: 0.223 | Opp label coverage: 0.89
Step 803302/5000000 | Win rate (rollout): 0.38 | Loss: 0.206 | Opp label coverage: 0.83
Step 803814/5000000 | Win rate (rollout): 0.14 | Loss: 0.176 | Opp label coverage: 0.89
Step 804328/5000000 | Win rate (rollout): 0.44 | Loss: 0.174 | Opp label coverage: 0.89
Step 804840/5000000 | Win rate (rollout): 0.23 | Loss: 0.218 | Opp label coverage: 0.90
Step 805352/5000000 | Win rate (rollout): 0.25 | Loss: 0.186 | Opp label coverage: 0.81
Step 805866/5000000 | Win rate (rollout): 0.56 | Loss: 0.252 | Opp label coverage: 0.90
Step 806378/5000000 | Win rate (rollout): 0.83 | Loss: 0.196 | Opp label coverage: 0.89
Step 806890/5000000 | Win rate (rollout): 0.31 | Loss: 0.183 | Opp label coverage: 0.79
Step 807402/5000000 | Win rate (rollout): 0.33 | Loss: 0.164 | Opp label coverage: 0.86
Step 807914/5000000 | Win rate (rollout): 0.50 | Loss: 0.182 | Opp label coverage: 0.85
Step 808429/5000000 | Win rate (rollout): 0.57 | Loss: 0.144 | Opp label coverage: 0.91
Step 808941/5000000 | Win rate (rollout): 0.38 | Loss: 0.205 | Opp label coverage: 0.81
Step 809453/5000000 | Win rate (rollout): 0.78 | Loss: 0.185 | Opp label coverage: 0.86
Step 809967/5000000 | Win rate (rollout): 0.38 | Loss: 0.185 | Opp label coverage: 0.89
Step 810479/5000000 | Win rate (rollout): 0.29 | Loss: 0.148 | Opp label coverage: 0.85
Step 810992/5000000 | Win rate (rollout): 0.50 | Loss: 0.207 | Opp label coverage: 0.90
Step 811504/5000000 | Win rate (rollout): 0.50 | Loss: 0.155 | Opp label coverage: 0.84
Step 812016/5000000 | Win rate (rollout): 0.36 | Loss: 0.174 | Opp label coverage: 0.89
Step 812528/5000000 | Win rate (rollout): 0.20 | Loss: 0.181 | Opp label coverage: 0.81
Step 813040/5000000 | Win rate (rollout): 0.31 | Loss: 0.179 | Opp label coverage: 0.79
Step 813552/5000000 | Win rate (rollout): 0.47 | Loss: 0.171 | Opp label coverage: 0.80
Step 814064/5000000 | Win rate (rollout): 0.38 | Loss: 0.206 | Opp label coverage: 0.85
Step 814576/5000000 | Win rate (rollout): 0.56 | Loss: 0.195 | Opp label coverage: 0.86
Step 815088/5000000 | Win rate (rollout): 0.30 | Loss: 0.170 | Opp label coverage: 0.83
Step 815607/5000000 | Win rate (rollout): 0.43 | Loss: 0.214 | Opp label coverage: 0.90
Step 816124/5000000 | Win rate (rollout): 0.43 | Loss: 0.196 | Opp label coverage: 0.91
Step 816639/5000000 | Win rate (rollout): 0.38 | Loss: 0.162 | Opp label coverage: 0.90
Step 817153/5000000 | Win rate (rollout): 0.54 | Loss: 0.207 | Opp label coverage: 0.90
Step 817665/5000000 | Win rate (rollout): 0.42 | Loss: 0.194 | Opp label coverage: 0.78
Step 818181/5000000 | Win rate (rollout): 0.33 | Loss: 0.270 | Opp label coverage: 0.90
Step 818693/5000000 | Win rate (rollout): 0.36 | Loss: 0.177 | Opp label coverage: 0.83
Step 819205/5000000 | Win rate (rollout): 0.50 | Loss: 0.184 | Opp label coverage: 0.87
Step 819722/5000000 | Win rate (rollout): 0.23 | Loss: 0.188 | Opp label coverage: 0.89
Step 820234/5000000 | Win rate (rollout): 0.33 | Loss: 0.174 | Opp label coverage: 0.80
Step 820746/5000000 | Win rate (rollout): 0.40 | Loss: 0.191 | Opp label coverage: 0.88
Step 821258/5000000 | Win rate (rollout): 0.44 | Loss: 0.164 | Opp label coverage: 0.84
Step 821775/5000000 | Win rate (rollout): 0.56 | Loss: 0.204 | Opp label coverage: 0.91
Step 822291/5000000 | Win rate (rollout): 0.40 | Loss: 0.177 | Opp label coverage: 0.91
Step 822807/5000000 | Win rate (rollout): 0.75 | Loss: 0.163 | Opp label coverage: 0.92
Step 823319/5000000 | Win rate (rollout): 0.50 | Loss: 0.169 | Opp label coverage: 0.77
Step 823831/5000000 | Win rate (rollout): 0.36 | Loss: 0.206 | Opp label coverage: 0.80
Step 824343/5000000 | Win rate (rollout): 0.50 | Loss: 0.174 | Opp label coverage: 0.81
Step 824856/5000000 | Win rate (rollout): 0.11 | Loss: 0.278 | Opp label coverage: 0.88
Step 825368/5000000 | Win rate (rollout): 0.33 | Loss: 0.162 | Opp label coverage: 0.83
Step 825883/5000000 | Win rate (rollout): 0.50 | Loss: 0.223 | Opp label coverage: 0.90
Step 826397/5000000 | Win rate (rollout): 0.29 | Loss: 0.237 | Opp label coverage: 0.91
Step 826911/5000000 | Win rate (rollout): 0.60 | Loss: 0.224 | Opp label coverage: 0.89
Step 827423/5000000 | Win rate (rollout): 0.33 | Loss: 0.192 | Opp label coverage: 0.81
Step 827936/5000000 | Win rate (rollout): 0.44 | Loss: 0.132 | Opp label coverage: 0.90
Step 828448/5000000 | Win rate (rollout): 0.17 | Loss: 0.165 | Opp label coverage: 0.81
Step 828960/5000000 | Win rate (rollout): 0.33 | Loss: 0.208 | Opp label coverage: 0.82
Step 829478/5000000 | Win rate (rollout): 0.25 | Loss: 0.197 | Opp label coverage: 0.91
Step 829994/5000000 | Win rate (rollout): 0.62 | Loss: 0.288 | Opp label coverage: 0.91
Step 830506/5000000 | Win rate (rollout): 0.18 | Loss: 0.175 | Opp label coverage: 0.84
Step 831025/5000000 | Win rate (rollout): 0.20 | Loss: 0.194 | Opp label coverage: 0.89
Step 831540/5000000 | Win rate (rollout): 0.46 | Loss: 0.182 | Opp label coverage: 0.91
Step 832052/5000000 | Win rate (rollout): 0.18 | Loss: 0.185 | Opp label coverage: 0.79
Step 832565/5000000 | Win rate (rollout): 0.12 | Loss: 0.262 | Opp label coverage: 0.90
Step 833080/5000000 | Win rate (rollout): 0.47 | Loss: 0.147 | Opp label coverage: 0.89
Step 833592/5000000 | Win rate (rollout): 0.14 | Loss: 0.194 | Opp label coverage: 0.90
Step 834104/5000000 | Win rate (rollout): 0.29 | Loss: 0.181 | Opp label coverage: 0.88
Step 834616/5000000 | Win rate (rollout): 0.30 | Loss: 0.190 | Opp label coverage: 0.90
Step 835128/5000000 | Win rate (rollout): 0.43 | Loss: 0.179 | Opp label coverage: 0.86
Step 835645/5000000 | Win rate (rollout): 0.55 | Loss: 0.234 | Opp label coverage: 0.90
Step 836157/5000000 | Win rate (rollout): 0.22 | Loss: 0.157 | Opp label coverage: 0.85
Step 836673/5000000 | Win rate (rollout): 0.44 | Loss: 0.212 | Opp label coverage: 0.89
Step 837185/5000000 | Win rate (rollout): 0.50 | Loss: 0.192 | Opp label coverage: 0.83
Step 837704/5000000 | Win rate (rollout): 0.50 | Loss: 0.161 | Opp label coverage: 0.91
Step 838220/5000000 | Win rate (rollout): 0.46 | Loss: 0.212 | Opp label coverage: 0.91
Step 838734/5000000 | Win rate (rollout): 0.64 | Loss: 0.192 | Opp label coverage: 0.93
Step 839246/5000000 | Win rate (rollout): 0.38 | Loss: 0.184 | Opp label coverage: 0.80
Step 839764/5000000 | Win rate (rollout): 0.38 | Loss: 0.192 | Opp label coverage: 0.92
Step 840281/5000000 | Win rate (rollout): 0.42 | Loss: 0.253 | Opp label coverage: 0.92
Step 840793/5000000 | Win rate (rollout): 0.33 | Loss: 0.177 | Opp label coverage: 0.80
Step 841308/5000000 | Win rate (rollout): 0.62 | Loss: 0.170 | Opp label coverage: 0.93
Step 841822/5000000 | Win rate (rollout): 0.83 | Loss: 0.244 | Opp label coverage: 0.92
Step 842336/5000000 | Win rate (rollout): 0.46 | Loss: 0.123 | Opp label coverage: 0.90
Step 842848/5000000 | Win rate (rollout): 0.44 | Loss: 0.182 | Opp label coverage: 0.81
Step 843360/5000000 | Win rate (rollout): 0.64 | Loss: 0.167 | Opp label coverage: 0.81
Step 843879/5000000 | Win rate (rollout): 0.88 | Loss: 0.176 | Opp label coverage: 0.93
Step 844391/5000000 | Win rate (rollout): 0.25 | Loss: 0.193 | Opp label coverage: 0.78
Step 844910/5000000 | Win rate (rollout): 0.43 | Loss: 0.192 | Opp label coverage: 0.91
Step 845422/5000000 | Win rate (rollout): 0.27 | Loss: 0.190 | Opp label coverage: 0.80
Step 845934/5000000 | Win rate (rollout): 0.43 | Loss: 0.162 | Opp label coverage: 0.82
Step 846446/5000000 | Win rate (rollout): 0.12 | Loss: 0.163 | Opp label coverage: 0.83
Step 846958/5000000 | Win rate (rollout): 0.00 | Loss: 0.139 | Opp label coverage: 0.83
Step 847470/5000000 | Win rate (rollout): 0.42 | Loss: 0.188 | Opp label coverage: 0.86
Step 847982/5000000 | Win rate (rollout): 0.20 | Loss: 0.167 | Opp label coverage: 0.84
Step 848499/5000000 | Win rate (rollout): 0.10 | Loss: 0.154 | Opp label coverage: 0.89
Step 849013/5000000 | Win rate (rollout): 0.55 | Loss: 0.118 | Opp label coverage: 0.91
Step 849525/5000000 | Win rate (rollout): 0.56 | Loss: 0.190 | Opp label coverage: 0.87
Step 850041/5000000 | Win rate (rollout): 0.56 | Loss: 0.223 | Opp label coverage: 0.91
Step 850553/5000000 | Win rate (rollout): 0.18 | Loss: 0.201 | Opp label coverage: 0.82
Step 851065/5000000 | Win rate (rollout): 0.12 | Loss: 0.149 | Opp label coverage: 0.84
Step 851577/5000000 | Win rate (rollout): 0.36 | Loss: 0.184 | Opp label coverage: 0.77
Step 852094/5000000 | Win rate (rollout): 0.57 | Loss: 0.159 | Opp label coverage: 0.91
Step 852606/5000000 | Win rate (rollout): 0.38 | Loss: 0.155 | Opp label coverage: 0.84
Step 853118/5000000 | Win rate (rollout): 0.42 | Loss: 0.193 | Opp label coverage: 0.81
Step 853636/5000000 | Win rate (rollout): 0.71 | Loss: 0.225 | Opp label coverage: 0.92
Step 854148/5000000 | Win rate (rollout): 0.43 | Loss: 0.152 | Opp label coverage: 0.94
Step 854660/5000000 | Win rate (rollout): 0.60 | Loss: 0.178 | Opp label coverage: 0.82
Step 855175/5000000 | Win rate (rollout): 0.38 | Loss: 0.123 | Opp label coverage: 0.88
Step 855692/5000000 | Win rate (rollout): 0.47 | Loss: 0.194 | Opp label coverage: 0.90
Step 856204/5000000 | Win rate (rollout): 0.43 | Loss: 0.166 | Opp label coverage: 0.80
Step 856719/5000000 | Win rate (rollout): 0.40 | Loss: 0.197 | Opp label coverage: 0.91
Step 857231/5000000 | Win rate (rollout): 0.22 | Loss: 0.172 | Opp label coverage: 0.82
Step 857743/5000000 | Win rate (rollout): 0.56 | Loss: 0.171 | Opp label coverage: 0.90
Step 858255/5000000 | Win rate (rollout): 0.30 | Loss: 0.134 | Opp label coverage: 0.74
Step 858768/5000000 | Win rate (rollout): 0.43 | Loss: 0.255 | Opp label coverage: 0.92
Step 859280/5000000 | Win rate (rollout): 0.18 | Loss: 0.164 | Opp label coverage: 0.80
Step 859797/5000000 | Win rate (rollout): 0.33 | Loss: 0.246 | Opp label coverage: 0.90
Step 860309/5000000 | Win rate (rollout): 0.86 | Loss: 0.177 | Opp label coverage: 0.79
Step 860827/5000000 | Win rate (rollout): 0.22 | Loss: 0.193 | Opp label coverage: 0.91
Step 861343/5000000 | Win rate (rollout): 0.31 | Loss: 0.236 | Opp label coverage: 0.91
Step 861855/5000000 | Win rate (rollout): 0.11 | Loss: 0.148 | Opp label coverage: 0.82
Step 862371/5000000 | Win rate (rollout): 0.83 | Loss: 0.176 | Opp label coverage: 0.93
Step 862883/5000000 | Win rate (rollout): 0.00 | Loss: 0.163 | Opp label coverage: 0.82
Step 863395/5000000 | Win rate (rollout): 0.20 | Loss: 0.191 | Opp label coverage: 0.83
Step 863907/5000000 | Win rate (rollout): 0.40 | Loss: 0.210 | Opp label coverage: 0.91
Step 864420/5000000 | Win rate (rollout): 0.30 | Loss: 0.224 | Opp label coverage: 0.92
Step 864932/5000000 | Win rate (rollout): 0.75 | Loss: 0.191 | Opp label coverage: 0.81
Step 865451/5000000 | Win rate (rollout): 0.50 | Loss: 0.172 | Opp label coverage: 0.92
Step 865963/5000000 | Win rate (rollout): 0.43 | Loss: 0.189 | Opp label coverage: 0.90
Step 866475/5000000 | Win rate (rollout): 0.25 | Loss: 0.186 | Opp label coverage: 0.81
Step 866991/5000000 | Win rate (rollout): 0.33 | Loss: 0.196 | Opp label coverage: 0.90
Step 867508/5000000 | Win rate (rollout): 0.38 | Loss: 0.196 | Opp label coverage: 0.90
Step 868026/5000000 | Win rate (rollout): 0.42 | Loss: 0.133 | Opp label coverage: 0.89
Step 868538/5000000 | Win rate (rollout): 0.60 | Loss: 0.206 | Opp label coverage: 0.84
Step 869050/5000000 | Win rate (rollout): 0.50 | Loss: 0.173 | Opp label coverage: 0.83
Step 869562/5000000 | Win rate (rollout): 0.36 | Loss: 0.203 | Opp label coverage: 0.80
Step 870074/5000000 | Win rate (rollout): 0.22 | Loss: 0.160 | Opp label coverage: 0.82
Step 870586/5000000 | Win rate (rollout): 0.42 | Loss: 0.184 | Opp label coverage: 0.81
Step 871098/5000000 | Win rate (rollout): 0.67 | Loss: 0.207 | Opp label coverage: 0.82
Step 871617/5000000 | Win rate (rollout): 0.33 | Loss: 0.188 | Opp label coverage: 0.90
Step 872129/5000000 | Win rate (rollout): 0.33 | Loss: 0.177 | Opp label coverage: 0.81
Step 872641/5000000 | Win rate (rollout): 0.33 | Loss: 0.188 | Opp label coverage: 0.78
Step 873153/5000000 | Win rate (rollout): 0.43 | Loss: 0.181 | Opp label coverage: 0.89
Step 873665/5000000 | Win rate (rollout): 0.50 | Loss: 0.168 | Opp label coverage: 0.84
Step 874177/5000000 | Win rate (rollout): 0.50 | Loss: 0.243 | Opp label coverage: 0.91
Step 874689/5000000 | Win rate (rollout): 0.89 | Loss: 0.179 | Opp label coverage: 0.80
Step 875202/5000000 | Win rate (rollout): 0.36 | Loss: 0.227 | Opp label coverage: 0.89
Step 875719/5000000 | Win rate (rollout): 0.33 | Loss: 0.198 | Opp label coverage: 0.90
Step 876238/5000000 | Win rate (rollout): 0.50 | Loss: 0.241 | Opp label coverage: 0.91
Step 876751/5000000 | Win rate (rollout): 0.31 | Loss: 0.219 | Opp label coverage: 0.89
Step 877263/5000000 | Win rate (rollout): 0.43 | Loss: 0.200 | Opp label coverage: 0.79
Step 877779/5000000 | Win rate (rollout): 0.56 | Loss: 0.220 | Opp label coverage: 0.91
Step 878291/5000000 | Win rate (rollout): 0.58 | Loss: 0.224 | Opp label coverage: 0.85
Step 878806/5000000 | Win rate (rollout): 0.45 | Loss: 0.209 | Opp label coverage: 0.88
Step 879322/5000000 | Win rate (rollout): 0.53 | Loss: 0.207 | Opp label coverage: 0.89
Step 879835/5000000 | Win rate (rollout): 0.55 | Loss: 0.337 | Opp label coverage: 0.90
Step 880347/5000000 | Win rate (rollout): 0.30 | Loss: 0.207 | Opp label coverage: 0.85
Step 880863/5000000 | Win rate (rollout): 0.12 | Loss: 0.198 | Opp label coverage: 0.91
Step 881375/5000000 | Win rate (rollout): 0.36 | Loss: 0.191 | Opp label coverage: 0.85
Step 881890/5000000 | Win rate (rollout): 0.25 | Loss: 0.208 | Opp label coverage: 0.90
Step 882405/5000000 | Win rate (rollout): 0.60 | Loss: 0.220 | Opp label coverage: 0.90
Step 882924/5000000 | Win rate (rollout): 0.71 | Loss: 0.218 | Opp label coverage: 0.90
Step 883436/5000000 | Win rate (rollout): 0.55 | Loss: 0.195 | Opp label coverage: 0.85
Step 883950/5000000 | Win rate (rollout): 0.40 | Loss: 0.168 | Opp label coverage: 0.89
Step 884462/5000000 | Win rate (rollout): 0.27 | Loss: 0.203 | Opp label coverage: 0.79
Step 884978/5000000 | Win rate (rollout): 0.20 | Loss: 0.166 | Opp label coverage: 0.88
Step 885490/5000000 | Win rate (rollout): 0.31 | Loss: 0.186 | Opp label coverage: 0.80
Step 886002/5000000 | Win rate (rollout): 0.67 | Loss: 0.228 | Opp label coverage: 0.90
Step 886514/5000000 | Win rate (rollout): 0.33 | Loss: 0.197 | Opp label coverage: 0.82
Step 887026/5000000 | Win rate (rollout): 0.47 | Loss: 0.173 | Opp label coverage: 0.83
Step 887538/5000000 | Win rate (rollout): 0.12 | Loss: 0.153 | Opp label coverage: 0.80
Step 888050/5000000 | Win rate (rollout): 0.33 | Loss: 0.178 | Opp label coverage: 0.82
Step 888562/5000000 | Win rate (rollout): 0.60 | Loss: 0.184 | Opp label coverage: 0.85
Step 889074/5000000 | Win rate (rollout): 0.18 | Loss: 0.154 | Opp label coverage: 0.82
Step 889586/5000000 | Win rate (rollout): 0.50 | Loss: 0.180 | Opp label coverage: 0.82
Step 890100/5000000 | Win rate (rollout): 0.67 | Loss: 0.217 | Opp label coverage: 0.92
Step 890618/5000000 | Win rate (rollout): 0.54 | Loss: 0.186 | Opp label coverage: 0.91
Step 891131/5000000 | Win rate (rollout): 0.47 | Loss: 0.217 | Opp label coverage: 0.90
Step 891648/5000000 | Win rate (rollout): 0.55 | Loss: 0.148 | Opp label coverage: 0.91
Step 892161/5000000 | Win rate (rollout): 0.43 | Loss: 0.171 | Opp label coverage: 0.92
Step 892677/5000000 | Win rate (rollout): 0.45 | Loss: 0.210 | Opp label coverage: 0.90
Step 893189/5000000 | Win rate (rollout): 0.30 | Loss: 0.181 | Opp label coverage: 0.83
Step 893701/5000000 | Win rate (rollout): 0.62 | Loss: 0.180 | Opp label coverage: 0.83
Step 894213/5000000 | Win rate (rollout): 0.42 | Loss: 0.205 | Opp label coverage: 0.77
Step 894729/5000000 | Win rate (rollout): 0.56 | Loss: 0.198 | Opp label coverage: 0.91
Step 895241/5000000 | Win rate (rollout): 0.60 | Loss: 0.188 | Opp label coverage: 0.80
Step 895756/5000000 | Win rate (rollout): 0.62 | Loss: 0.175 | Opp label coverage: 0.91
Step 896275/5000000 | Win rate (rollout): 0.50 | Loss: 0.195 | Opp label coverage: 0.89
Step 896787/5000000 | Win rate (rollout): 0.50 | Loss: 0.185 | Opp label coverage: 0.84
Step 897302/5000000 | Win rate (rollout): 0.56 | Loss: 0.157 | Opp label coverage: 0.90
Step 897814/5000000 | Win rate (rollout): 0.33 | Loss: 0.196 | Opp label coverage: 0.80
Step 898329/5000000 | Win rate (rollout): 0.33 | Loss: 0.149 | Opp label coverage: 0.91
Step 898841/5000000 | Win rate (rollout): 0.75 | Loss: 0.172 | Opp label coverage: 0.86
Step 899359/5000000 | Win rate (rollout): 0.38 | Loss: 0.224 | Opp label coverage: 0.91
Step 899873/5000000 | Win rate (rollout): 0.50 | Loss: 0.133 | Opp label coverage: 0.88
Step 900390/5000000 | Win rate (rollout): 0.33 | Loss: 0.147 | Opp label coverage: 0.89
Step 900902/5000000 | Win rate (rollout): 0.38 | Loss: 0.225 | Opp label coverage: 0.90
Step 901417/5000000 | Win rate (rollout): 0.62 | Loss: 0.189 | Opp label coverage: 0.91
Step 901929/5000000 | Win rate (rollout): 0.55 | Loss: 0.216 | Opp label coverage: 0.91
Step 902441/5000000 | Win rate (rollout): 0.60 | Loss: 0.163 | Opp label coverage: 0.77
Step 902953/5000000 | Win rate (rollout): 0.23 | Loss: 0.171 | Opp label coverage: 0.85
Step 903465/5000000 | Win rate (rollout): 0.50 | Loss: 0.196 | Opp label coverage: 0.77
Step 903977/5000000 | Win rate (rollout): 0.56 | Loss: 0.196 | Opp label coverage: 0.91
Step 904489/5000000 | Win rate (rollout): 0.08 | Loss: 0.173 | Opp label coverage: 0.81
Step 905006/5000000 | Win rate (rollout): 0.44 | Loss: 0.202 | Opp label coverage: 0.90
Step 905518/5000000 | Win rate (rollout): 0.25 | Loss: 0.166 | Opp label coverage: 0.84
Step 906030/5000000 | Win rate (rollout): 0.08 | Loss: 0.159 | Opp label coverage: 0.78
Step 906542/5000000 | Win rate (rollout): 0.67 | Loss: 0.201 | Opp label coverage: 0.82
Step 907055/5000000 | Win rate (rollout): 0.50 | Loss: 0.110 | Opp label coverage: 0.89
Step 907567/5000000 | Win rate (rollout): 0.42 | Loss: 0.179 | Opp label coverage: 0.81
Step 908079/5000000 | Win rate (rollout): 0.14 | Loss: 0.149 | Opp label coverage: 0.81
Step 908591/5000000 | Win rate (rollout): 0.25 | Loss: 0.183 | Opp label coverage: 0.82
Step 909104/5000000 | Win rate (rollout): 0.27 | Loss: 0.139 | Opp label coverage: 0.89
Step 909616/5000000 | Win rate (rollout): 0.36 | Loss: 0.181 | Opp label coverage: 0.83
Step 910128/5000000 | Win rate (rollout): 0.29 | Loss: 0.193 | Opp label coverage: 0.82
Step 910643/5000000 | Win rate (rollout): 0.33 | Loss: 0.136 | Opp label coverage: 0.90
Step 911155/5000000 | Win rate (rollout): 0.17 | Loss: 0.179 | Opp label coverage: 0.81
Step 911667/5000000 | Win rate (rollout): 0.18 | Loss: 0.147 | Opp label coverage: 0.82
Step 912183/5000000 | Win rate (rollout): 0.62 | Loss: 0.245 | Opp label coverage: 0.91
Step 912702/5000000 | Win rate (rollout): 0.43 | Loss: 0.212 | Opp label coverage: 0.92
Step 913214/5000000 | Win rate (rollout): 0.56 | Loss: 0.162 | Opp label coverage: 0.80
Step 913731/5000000 | Win rate (rollout): 0.25 | Loss: 0.161 | Opp label coverage: 0.88
Step 914243/5000000 | Win rate (rollout): 0.40 | Loss: 0.184 | Opp label coverage: 0.77
Step 914757/5000000 | Win rate (rollout): 0.38 | Loss: 0.253 | Opp label coverage: 0.90
Step 915269/5000000 | Win rate (rollout): 0.62 | Loss: 0.189 | Opp label coverage: 0.81
Step 915786/5000000 | Win rate (rollout): 0.50 | Loss: 0.168 | Opp label coverage: 0.91
Step 916298/5000000 | Win rate (rollout): 0.44 | Loss: 0.179 | Opp label coverage: 0.80
Step 916810/5000000 | Win rate (rollout): 0.23 | Loss: 0.182 | Opp label coverage: 0.79
Step 917322/5000000 | Win rate (rollout): 0.50 | Loss: 0.196 | Opp label coverage: 0.82
Step 917834/5000000 | Win rate (rollout): 0.18 | Loss: 0.179 | Opp label coverage: 0.79
Step 918346/5000000 | Win rate (rollout): 0.25 | Loss: 0.196 | Opp label coverage: 0.80
Step 918858/5000000 | Win rate (rollout): 0.78 | Loss: 0.200 | Opp label coverage: 0.83
Step 919370/5000000 | Win rate (rollout): 0.43 | Loss: 0.178 | Opp label coverage: 0.91
Step 919887/5000000 | Win rate (rollout): 0.58 | Loss: 0.247 | Opp label coverage: 0.91
Step 920399/5000000 | Win rate (rollout): 0.45 | Loss: 0.180 | Opp label coverage: 0.85
Step 920911/5000000 | Win rate (rollout): 0.47 | Loss: 0.232 | Opp label coverage: 0.82
Step 921423/5000000 | Win rate (rollout): 0.40 | Loss: 0.205 | Opp label coverage: 0.80
Step 921941/5000000 | Win rate (rollout): 0.86 | Loss: 0.237 | Opp label coverage: 0.91
Step 922453/5000000 | Win rate (rollout): 0.50 | Loss: 0.208 | Opp label coverage: 0.91
Step 922965/5000000 | Win rate (rollout): 0.67 | Loss: 0.170 | Opp label coverage: 0.82
Step 923478/5000000 | Win rate (rollout): 0.57 | Loss: 0.226 | Opp label coverage: 0.90
Step 923993/5000000 | Win rate (rollout): 0.69 | Loss: 0.200 | Opp label coverage: 0.93
Step 924505/5000000 | Win rate (rollout): 0.38 | Loss: 0.173 | Opp label coverage: 0.77
Step 925019/5000000 | Win rate (rollout): 0.50 | Loss: 0.136 | Opp label coverage: 0.88
Step 925535/5000000 | Win rate (rollout): 0.54 | Loss: 0.206 | Opp label coverage: 0.89
Step 926047/5000000 | Win rate (rollout): 0.70 | Loss: 0.177 | Opp label coverage: 0.81
Step 926559/5000000 | Win rate (rollout): 0.29 | Loss: 0.154 | Opp label coverage: 0.82
Step 927076/5000000 | Win rate (rollout): 0.70 | Loss: 0.201 | Opp label coverage: 0.89
Step 927588/5000000 | Win rate (rollout): 0.38 | Loss: 0.178 | Opp label coverage: 0.83
Step 928100/5000000 | Win rate (rollout): 0.75 | Loss: 0.156 | Opp label coverage: 0.83
Step 928616/5000000 | Win rate (rollout): 0.44 | Loss: 0.224 | Opp label coverage: 0.90
Step 929128/5000000 | Win rate (rollout): 0.38 | Loss: 0.199 | Opp label coverage: 0.78
Step 929644/5000000 | Win rate (rollout): 0.62 | Loss: 0.136 | Opp label coverage: 0.92
Step 930156/5000000 | Win rate (rollout): 0.38 | Loss: 0.173 | Opp label coverage: 0.75
Step 930668/5000000 | Win rate (rollout): 0.50 | Loss: 0.204 | Opp label coverage: 0.91
Step 931183/5000000 | Win rate (rollout): 0.27 | Loss: 0.189 | Opp label coverage: 0.89
Step 931695/5000000 | Win rate (rollout): 0.60 | Loss: 0.184 | Opp label coverage: 0.87
Step 932208/5000000 | Win rate (rollout): 0.71 | Loss: 0.137 | Opp label coverage: 0.90
Step 932720/5000000 | Win rate (rollout): 0.29 | Loss: 0.177 | Opp label coverage: 0.81
Step 933232/5000000 | Win rate (rollout): 0.54 | Loss: 0.182 | Opp label coverage: 0.84
Step 933744/5000000 | Win rate (rollout): 0.50 | Loss: 0.179 | Opp label coverage: 0.76
Step 934257/5000000 | Win rate (rollout): 0.58 | Loss: 0.209 | Opp label coverage: 0.90
Step 934769/5000000 | Win rate (rollout): 0.08 | Loss: 0.173 | Opp label coverage: 0.81
Step 935288/5000000 | Win rate (rollout): 0.62 | Loss: 0.200 | Opp label coverage: 0.90
Step 935800/5000000 | Win rate (rollout): 0.62 | Loss: 0.224 | Opp label coverage: 0.89
Step 936313/5000000 | Win rate (rollout): 0.31 | Loss: 0.168 | Opp label coverage: 0.89
Step 936829/5000000 | Win rate (rollout): 0.17 | Loss: 0.194 | Opp label coverage: 0.89
Step 937341/5000000 | Win rate (rollout): 0.44 | Loss: 0.174 | Opp label coverage: 0.79
Step 937857/5000000 | Win rate (rollout): 0.22 | Loss: 0.195 | Opp label coverage: 0.90
Step 938373/5000000 | Win rate (rollout): 0.58 | Loss: 0.207 | Opp label coverage: 0.89
Step 938885/5000000 | Win rate (rollout): 0.67 | Loss: 0.166 | Opp label coverage: 0.85
Step 939397/5000000 | Win rate (rollout): 0.18 | Loss: 0.186 | Opp label coverage: 0.74
Step 939914/5000000 | Win rate (rollout): 0.56 | Loss: 0.227 | Opp label coverage: 0.90
Step 940426/5000000 | Win rate (rollout): 0.43 | Loss: 0.145 | Opp label coverage: 0.88
Step 940938/5000000 | Win rate (rollout): 0.50 | Loss: 0.164 | Opp label coverage: 0.83
Step 941450/5000000 | Win rate (rollout): 0.55 | Loss: 0.179 | Opp label coverage: 0.75
Step 941968/5000000 | Win rate (rollout): 0.56 | Loss: 0.184 | Opp label coverage: 0.90
Step 942481/5000000 | Win rate (rollout): 0.12 | Loss: 0.162 | Opp label coverage: 0.87
Step 942993/5000000 | Win rate (rollout): 0.50 | Loss: 0.171 | Opp label coverage: 0.83
Step 943505/5000000 | Win rate (rollout): 0.54 | Loss: 0.165 | Opp label coverage: 0.81
Step 944019/5000000 | Win rate (rollout): 0.38 | Loss: 0.141 | Opp label coverage: 0.88
Step 944531/5000000 | Win rate (rollout): 0.36 | Loss: 0.174 | Opp label coverage: 0.82
Step 945046/5000000 | Win rate (rollout): 0.40 | Loss: 0.235 | Opp label coverage: 0.90
Step 945562/5000000 | Win rate (rollout): 0.43 | Loss: 0.180 | Opp label coverage: 0.87
Step 946077/5000000 | Win rate (rollout): 0.38 | Loss: 0.212 | Opp label coverage: 0.90
Step 946596/5000000 | Win rate (rollout): 0.33 | Loss: 0.178 | Opp label coverage: 0.92
Step 947108/5000000 | Win rate (rollout): 0.62 | Loss: 0.196 | Opp label coverage: 0.82
Step 947624/5000000 | Win rate (rollout): 0.38 | Loss: 0.165 | Opp label coverage: 0.90
Step 948138/5000000 | Win rate (rollout): 0.56 | Loss: 0.203 | Opp label coverage: 0.92
Step 948650/5000000 | Win rate (rollout): 0.15 | Loss: 0.200 | Opp label coverage: 0.80
Step 949163/5000000 | Win rate (rollout): 0.56 | Loss: 0.196 | Opp label coverage: 0.90
Step 949675/5000000 | Win rate (rollout): 0.36 | Loss: 0.177 | Opp label coverage: 0.80
Step 950187/5000000 | Win rate (rollout): 0.19 | Loss: 0.192 | Opp label coverage: 0.75
Step 950699/5000000 | Win rate (rollout): 0.43 | Loss: 0.188 | Opp label coverage: 0.84
Step 951211/5000000 | Win rate (rollout): 0.43 | Loss: 0.150 | Opp label coverage: 0.85
Step 951723/5000000 | Win rate (rollout): 0.44 | Loss: 0.189 | Opp label coverage: 0.87
Step 952235/5000000 | Win rate (rollout): 0.55 | Loss: 0.192 | Opp label coverage: 0.77
Step 952747/5000000 | Win rate (rollout): 0.36 | Loss: 0.188 | Opp label coverage: 0.82
Step 953259/5000000 | Win rate (rollout): 0.33 | Loss: 0.197 | Opp label coverage: 0.85
Step 953771/5000000 | Win rate (rollout): 0.38 | Loss: 0.228 | Opp label coverage: 0.82
Step 954285/5000000 | Win rate (rollout): 0.10 | Loss: 0.190 | Opp label coverage: 0.89
Step 954799/5000000 | Win rate (rollout): 0.50 | Loss: 0.273 | Opp label coverage: 0.88
Step 955311/5000000 | Win rate (rollout): 0.20 | Loss: 0.180 | Opp label coverage: 0.84
Step 955826/5000000 | Win rate (rollout): 0.62 | Loss: 0.168 | Opp label coverage: 0.92
Step 956339/5000000 | Win rate (rollout): 0.64 | Loss: 0.211 | Opp label coverage: 0.91
Step 956855/5000000 | Win rate (rollout): 0.40 | Loss: 0.180 | Opp label coverage: 0.90
Step 957373/5000000 | Win rate (rollout): 0.54 | Loss: 0.200 | Opp label coverage: 0.89
Step 957885/5000000 | Win rate (rollout): 0.80 | Loss: 0.175 | Opp label coverage: 0.82
Step 958397/5000000 | Win rate (rollout): 0.43 | Loss: 0.178 | Opp label coverage: 0.82
Step 958915/5000000 | Win rate (rollout): 0.38 | Loss: 0.252 | Opp label coverage: 0.91
Step 959427/5000000 | Win rate (rollout): 0.18 | Loss: 0.168 | Opp label coverage: 0.82
Step 959939/5000000 | Win rate (rollout): 0.56 | Loss: 0.186 | Opp label coverage: 0.86
Step 960451/5000000 | Win rate (rollout): 0.40 | Loss: 0.173 | Opp label coverage: 0.81
Step 960963/5000000 | Win rate (rollout): 0.23 | Loss: 0.187 | Opp label coverage: 0.82
Step 961475/5000000 | Win rate (rollout): 0.07 | Loss: 0.169 | Opp label coverage: 0.80
Step 961994/5000000 | Win rate (rollout): 0.50 | Loss: 0.190 | Opp label coverage: 0.90
Step 962513/5000000 | Win rate (rollout): 0.50 | Loss: 0.219 | Opp label coverage: 0.90
Step 963025/5000000 | Win rate (rollout): 0.44 | Loss: 0.175 | Opp label coverage: 0.83
Step 963543/5000000 | Win rate (rollout): 0.43 | Loss: 0.187 | Opp label coverage: 0.92
Step 964055/5000000 | Win rate (rollout): 0.43 | Loss: 0.178 | Opp label coverage: 0.83
Step 964567/5000000 | Win rate (rollout): 0.45 | Loss: 0.182 | Opp label coverage: 0.89
Step 965080/5000000 | Win rate (rollout): 0.36 | Loss: 0.204 | Opp label coverage: 0.90
Step 965592/5000000 | Win rate (rollout): 0.38 | Loss: 0.169 | Opp label coverage: 0.79
Step 966104/5000000 | Win rate (rollout): 0.70 | Loss: 0.221 | Opp label coverage: 0.91
Step 966616/5000000 | Win rate (rollout): 0.57 | Loss: 0.184 | Opp label coverage: 0.80
Step 967133/5000000 | Win rate (rollout): 0.33 | Loss: 0.183 | Opp label coverage: 0.90
Step 967647/5000000 | Win rate (rollout): 0.53 | Loss: 0.225 | Opp label coverage: 0.90
Step 968159/5000000 | Win rate (rollout): 0.42 | Loss: 0.201 | Opp label coverage: 0.77
Step 968671/5000000 | Win rate (rollout): 0.19 | Loss: 0.174 | Opp label coverage: 0.77
Step 969188/5000000 | Win rate (rollout): 0.43 | Loss: 0.262 | Opp label coverage: 0.91
Step 969703/5000000 | Win rate (rollout): 0.29 | Loss: 0.184 | Opp label coverage: 0.90
Step 970215/5000000 | Win rate (rollout): 0.62 | Loss: 0.174 | Opp label coverage: 0.80
Step 970731/5000000 | Win rate (rollout): 0.57 | Loss: 0.179 | Opp label coverage: 0.91
Step 971243/5000000 | Win rate (rollout): 0.38 | Loss: 0.205 | Opp label coverage: 0.84
Step 971755/5000000 | Win rate (rollout): 0.42 | Loss: 0.161 | Opp label coverage: 0.79
Step 972267/5000000 | Win rate (rollout): 0.67 | Loss: 0.171 | Opp label coverage: 0.86
Step 972779/5000000 | Win rate (rollout): 0.33 | Loss: 0.152 | Opp label coverage: 0.85
Step 973295/5000000 | Win rate (rollout): 0.54 | Loss: 0.233 | Opp label coverage: 0.90
Step 973807/5000000 | Win rate (rollout): 0.42 | Loss: 0.183 | Opp label coverage: 0.84
Step 974323/5000000 | Win rate (rollout): 0.67 | Loss: 0.258 | Opp label coverage: 0.91
Step 974835/5000000 | Win rate (rollout): 0.50 | Loss: 0.188 | Opp label coverage: 0.79
Step 975350/5000000 | Win rate (rollout): 0.70 | Loss: 0.149 | Opp label coverage: 0.90
Step 975868/5000000 | Win rate (rollout): 0.58 | Loss: 0.256 | Opp label coverage: 0.92
Step 976380/5000000 | Win rate (rollout): 0.36 | Loss: 0.186 | Opp label coverage: 0.76
Step 976892/5000000 | Win rate (rollout): 0.75 | Loss: 0.199 | Opp label coverage: 0.80
Step 977410/5000000 | Win rate (rollout): 0.25 | Loss: 0.204 | Opp label coverage: 0.91
Step 977922/5000000 | Win rate (rollout): 0.14 | Loss: 0.183 | Opp label coverage: 0.83
Step 978434/5000000 | Win rate (rollout): 0.62 | Loss: 0.193 | Opp label coverage: 0.90
Step 978951/5000000 | Win rate (rollout): 0.54 | Loss: 0.170 | Opp label coverage: 0.91
Step 979463/5000000 | Win rate (rollout): 0.31 | Loss: 0.170 | Opp label coverage: 0.81
Step 979975/5000000 | Win rate (rollout): 0.43 | Loss: 0.202 | Opp label coverage: 0.80
Step 980490/5000000 | Win rate (rollout): 0.22 | Loss: 0.210 | Opp label coverage: 0.89
Step 981002/5000000 | Win rate (rollout): 0.38 | Loss: 0.176 | Opp label coverage: 0.81
Step 981520/5000000 | Win rate (rollout): 0.29 | Loss: 0.204 | Opp label coverage: 0.90
Step 982038/5000000 | Win rate (rollout): 0.47 | Loss: 0.159 | Opp label coverage: 0.91
Step 982550/5000000 | Win rate (rollout): 0.38 | Loss: 0.209 | Opp label coverage: 0.91
Step 983069/5000000 | Win rate (rollout): 0.50 | Loss: 0.183 | Opp label coverage: 0.90
Step 983583/5000000 | Win rate (rollout): 0.64 | Loss: 0.146 | Opp label coverage: 0.90
Step 984096/5000000 | Win rate (rollout): 0.53 | Loss: 0.239 | Opp label coverage: 0.91
Step 984614/5000000 | Win rate (rollout): 0.43 | Loss: 0.231 | Opp label coverage: 0.91
Step 985126/5000000 | Win rate (rollout): 0.56 | Loss: 0.190 | Opp label coverage: 0.92
Step 985638/5000000 | Win rate (rollout): 0.36 | Loss: 0.164 | Opp label coverage: 0.80
Step 986156/5000000 | Win rate (rollout): 0.23 | Loss: 0.200 | Opp label coverage: 0.88
Step 986672/5000000 | Win rate (rollout): 0.18 | Loss: 0.204 | Opp label coverage: 0.89
Step 987190/5000000 | Win rate (rollout): 0.33 | Loss: 0.189 | Opp label coverage: 0.89
Step 987702/5000000 | Win rate (rollout): 0.20 | Loss: 0.176 | Opp label coverage: 0.84
Step 988214/5000000 | Win rate (rollout): 0.38 | Loss: 0.191 | Opp label coverage: 0.88
Step 988726/5000000 | Win rate (rollout): 0.58 | Loss: 0.200 | Opp label coverage: 0.80
Step 989242/5000000 | Win rate (rollout): 0.38 | Loss: 0.171 | Opp label coverage: 0.91
Step 989754/5000000 | Win rate (rollout): 0.36 | Loss: 0.189 | Opp label coverage: 0.79
Step 990267/5000000 | Win rate (rollout): 0.50 | Loss: 0.307 | Opp label coverage: 0.90
Step 990779/5000000 | Win rate (rollout): 0.56 | Loss: 0.172 | Opp label coverage: 0.79
Step 991297/5000000 | Win rate (rollout): 0.78 | Loss: 0.193 | Opp label coverage: 0.92
Step 991810/5000000 | Win rate (rollout): 0.64 | Loss: 0.211 | Opp label coverage: 0.89
Step 992323/5000000 | Win rate (rollout): 0.64 | Loss: 0.292 | Opp label coverage: 0.92
Step 992835/5000000 | Win rate (rollout): 0.64 | Loss: 0.185 | Opp label coverage: 0.78
Step 993347/5000000 | Win rate (rollout): 0.38 | Loss: 0.165 | Opp label coverage: 0.81
Step 993859/5000000 | Win rate (rollout): 0.50 | Loss: 0.208 | Opp label coverage: 0.79
Step 994371/5000000 | Win rate (rollout): 0.50 | Loss: 0.198 | Opp label coverage: 0.90
Step 994885/5000000 | Win rate (rollout): 0.73 | Loss: 0.258 | Opp label coverage: 0.91
Step 995402/5000000 | Win rate (rollout): 0.46 | Loss: 0.208 | Opp label coverage: 0.91
Step 995914/5000000 | Win rate (rollout): 0.64 | Loss: 0.201 | Opp label coverage: 0.79
Step 996426/5000000 | Win rate (rollout): 0.25 | Loss: 0.160 | Opp label coverage: 0.79
Step 996938/5000000 | Win rate (rollout): 0.50 | Loss: 0.192 | Opp label coverage: 0.81
Step 997450/5000000 | Win rate (rollout): 0.25 | Loss: 0.190 | Opp label coverage: 0.79
Step 997968/5000000 | Win rate (rollout): 0.67 | Loss: 0.231 | Opp label coverage: 0.91
Step 998484/5000000 | Win rate (rollout): 0.54 | Loss: 0.219 | Opp label coverage: 0.91
Step 998996/5000000 | Win rate (rollout): 0.62 | Loss: 0.165 | Opp label coverage: 0.79
Step 999508/5000000 | Win rate (rollout): 0.46 | Loss: 0.200 | Opp label coverage: 0.81
[checkpoint] Saved models/ppo/checkpoints/bcft/ppo_step_1000011.pt
Step 1000026/5000000 | Win rate (rollout): 0.33 | Loss: 0.164 | Opp label coverage: 0.89
Step 1000538/5000000 | Win rate (rollout): 0.50 | Loss: 0.189 | Opp label coverage: 0.80
Step 1001050/5000000 | Win rate (rollout): 0.38 | Loss: 0.176 | Opp label coverage: 0.84
Step 1001562/5000000 | Win rate (rollout): 0.17 | Loss: 0.171 | Opp label coverage: 0.77
Step 1002079/5000000 | Win rate (rollout): 0.71 | Loss: 0.223 | Opp label coverage: 0.91
Step 1002597/5000000 | Win rate (rollout): 0.50 | Loss: 0.214 | Opp label coverage: 0.90
Step 1003109/5000000 | Win rate (rollout): 0.43 | Loss: 0.187 | Opp label coverage: 0.90
Step 1003621/5000000 | Win rate (rollout): 0.33 | Loss: 0.164 | Opp label coverage: 0.84
Step 1004133/5000000 | Win rate (rollout): 0.42 | Loss: 0.187 | Opp label coverage: 0.74
Step 1004650/5000000 | Win rate (rollout): 0.38 | Loss: 0.222 | Opp label coverage: 0.91
Step 1005162/5000000 | Win rate (rollout): 0.50 | Loss: 0.182 | Opp label coverage: 0.90
Step 1005674/5000000 | Win rate (rollout): 0.62 | Loss: 0.201 | Opp label coverage: 0.78
Step 1006189/5000000 | Win rate (rollout): 0.20 | Loss: 0.163 | Opp label coverage: 0.89
Step 1006708/5000000 | Win rate (rollout): 0.58 | Loss: 0.200 | Opp label coverage: 0.92
Step 1007220/5000000 | Win rate (rollout): 0.62 | Loss: 0.185 | Opp label coverage: 0.91
Step 1007733/5000000 | Win rate (rollout): 0.50 | Loss: 0.178 | Opp label coverage: 0.91
Step 1008245/5000000 | Win rate (rollout): 0.31 | Loss: 0.177 | Opp label coverage: 0.81
Step 1008757/5000000 | Win rate (rollout): 0.23 | Loss: 0.204 | Opp label coverage: 0.84
Step 1009274/5000000 | Win rate (rollout): 0.50 | Loss: 0.187 | Opp label coverage: 0.90
Step 1009786/5000000 | Win rate (rollout): 0.62 | Loss: 0.185 | Opp label coverage: 0.88
Step 1010298/5000000 | Win rate (rollout): 0.56 | Loss: 0.211 | Opp label coverage: 0.91
Step 1010810/5000000 | Win rate (rollout): 0.40 | Loss: 0.186 | Opp label coverage: 0.82
Step 1011324/5000000 | Win rate (rollout): 0.45 | Loss: 0.177 | Opp label coverage: 0.90
Step 1011839/5000000 | Win rate (rollout): 0.58 | Loss: 0.243 | Opp label coverage: 0.91
Step 1012351/5000000 | Win rate (rollout): 0.31 | Loss: 0.176 | Opp label coverage: 0.83
Step 1012864/5000000 | Win rate (rollout): 0.67 | Loss: 0.116 | Opp label coverage: 0.92
Step 1013380/5000000 | Win rate (rollout): 0.43 | Loss: 0.162 | Opp label coverage: 0.90
Step 1013892/5000000 | Win rate (rollout): 0.33 | Loss: 0.167 | Opp label coverage: 0.85
Step 1014404/5000000 | Win rate (rollout): 0.54 | Loss: 0.201 | Opp label coverage: 0.80
Step 1014918/5000000 | Win rate (rollout): 0.43 | Loss: 0.148 | Opp label coverage: 0.90
Step 1015430/5000000 | Win rate (rollout): 0.53 | Loss: 0.234 | Opp label coverage: 0.90
Step 1015942/5000000 | Win rate (rollout): 0.42 | Loss: 0.211 | Opp label coverage: 0.91
Step 1016454/5000000 | Win rate (rollout): 0.40 | Loss: 0.182 | Opp label coverage: 0.83
Step 1016966/5000000 | Win rate (rollout): 0.67 | Loss: 0.189 | Opp label coverage: 0.90
Step 1017481/5000000 | Win rate (rollout): 0.36 | Loss: 0.271 | Opp label coverage: 0.89
Step 1017993/5000000 | Win rate (rollout): 0.27 | Loss: 0.187 | Opp label coverage: 0.78
Step 1018510/5000000 | Win rate (rollout): 0.70 | Loss: 0.228 | Opp label coverage: 0.90
Step 1019022/5000000 | Win rate (rollout): 0.27 | Loss: 0.178 | Opp label coverage: 0.81
Step 1019534/5000000 | Win rate (rollout): 0.86 | Loss: 0.170 | Opp label coverage: 0.84
Step 1020046/5000000 | Win rate (rollout): 0.42 | Loss: 0.200 | Opp label coverage: 0.88
Step 1020558/5000000 | Win rate (rollout): 0.36 | Loss: 0.212 | Opp label coverage: 0.80
Step 1021070/5000000 | Win rate (rollout): 0.56 | Loss: 0.203 | Opp label coverage: 0.81
Step 1021582/5000000 | Win rate (rollout): 0.40 | Loss: 0.168 | Opp label coverage: 0.78
Step 1022098/5000000 | Win rate (rollout): 0.56 | Loss: 0.232 | Opp label coverage: 0.90
Step 1022610/5000000 | Win rate (rollout): 0.31 | Loss: 0.162 | Opp label coverage: 0.82
Step 1023122/5000000 | Win rate (rollout): 0.14 | Loss: 0.180 | Opp label coverage: 0.85
Step 1023635/5000000 | Win rate (rollout): 0.56 | Loss: 0.198 | Opp label coverage: 0.91
Step 1024147/5000000 | Win rate (rollout): 0.62 | Loss: 0.168 | Opp label coverage: 0.80
Step 1024659/5000000 | Win rate (rollout): 0.22 | Loss: 0.155 | Opp label coverage: 0.84
Step 1025171/5000000 | Win rate (rollout): 0.46 | Loss: 0.162 | Opp label coverage: 0.78
Step 1025683/5000000 | Win rate (rollout): 0.44 | Loss: 0.152 | Opp label coverage: 0.76
Step 1026198/5000000 | Win rate (rollout): 0.36 | Loss: 0.219 | Opp label coverage: 0.89
Step 1026711/5000000 | Win rate (rollout): 0.62 | Loss: 0.242 | Opp label coverage: 0.91
Step 1027223/5000000 | Win rate (rollout): 0.25 | Loss: 0.218 | Opp label coverage: 0.79
Step 1027741/5000000 | Win rate (rollout): 0.12 | Loss: 0.151 | Opp label coverage: 0.90
Step 1028253/5000000 | Win rate (rollout): 0.86 | Loss: 0.206 | Opp label coverage: 0.76
Step 1028765/5000000 | Win rate (rollout): 0.18 | Loss: 0.167 | Opp label coverage: 0.79
Step 1029277/5000000 | Win rate (rollout): 0.38 | Loss: 0.196 | Opp label coverage: 0.85
Step 1029789/5000000 | Win rate (rollout): 0.50 | Loss: 0.177 | Opp label coverage: 0.83
Step 1030305/5000000 | Win rate (rollout): 0.50 | Loss: 0.206 | Opp label coverage: 0.90
Step 1030819/5000000 | Win rate (rollout): 0.50 | Loss: 0.213 | Opp label coverage: 0.91
Step 1031331/5000000 | Win rate (rollout): 0.33 | Loss: 0.201 | Opp label coverage: 0.81
Step 1031843/5000000 | Win rate (rollout): 0.47 | Loss: 0.181 | Opp label coverage: 0.83
Step 1032360/5000000 | Win rate (rollout): 0.25 | Loss: 0.252 | Opp label coverage: 0.90
Step 1032872/5000000 | Win rate (rollout): 0.47 | Loss: 0.245 | Opp label coverage: 0.89
Step 1033384/5000000 | Win rate (rollout): 0.60 | Loss: 0.186 | Opp label coverage: 0.86
Step 1033902/5000000 | Win rate (rollout): 0.43 | Loss: 0.173 | Opp label coverage: 0.93
Step 1034414/5000000 | Win rate (rollout): 0.33 | Loss: 0.187 | Opp label coverage: 0.83
Step 1034926/5000000 | Win rate (rollout): 0.39 | Loss: 0.188 | Opp label coverage: 0.78
Step 1035438/5000000 | Win rate (rollout): 0.53 | Loss: 0.190 | Opp label coverage: 0.78
Step 1035950/5000000 | Win rate (rollout): 0.71 | Loss: 0.187 | Opp label coverage: 0.90
Step 1036467/5000000 | Win rate (rollout): 0.33 | Loss: 0.188 | Opp label coverage: 0.91
Step 1036984/5000000 | Win rate (rollout): 0.13 | Loss: 0.219 | Opp label coverage: 0.90
Step 1037501/5000000 | Win rate (rollout): 0.50 | Loss: 0.217 | Opp label coverage: 0.88
Step 1038013/5000000 | Win rate (rollout): 0.75 | Loss: 0.184 | Opp label coverage: 0.86
Step 1038525/5000000 | Win rate (rollout): 0.21 | Loss: 0.176 | Opp label coverage: 0.82
Step 1039039/5000000 | Win rate (rollout): 0.56 | Loss: 0.140 | Opp label coverage: 0.91
Step 1039551/5000000 | Win rate (rollout): 0.50 | Loss: 0.202 | Opp label coverage: 0.88
Step 1040063/5000000 | Win rate (rollout): 0.38 | Loss: 0.180 | Opp label coverage: 0.82
Step 1040575/5000000 | Win rate (rollout): 0.27 | Loss: 0.200 | Opp label coverage: 0.81
Step 1041090/5000000 | Win rate (rollout): 0.62 | Loss: 0.216 | Opp label coverage: 0.91
Step 1041602/5000000 | Win rate (rollout): 0.15 | Loss: 0.190 | Opp label coverage: 0.81
Step 1042114/5000000 | Win rate (rollout): 0.46 | Loss: 0.212 | Opp label coverage: 0.86
Step 1042629/5000000 | Win rate (rollout): 0.62 | Loss: 0.168 | Opp label coverage: 0.92
Step 1043144/5000000 | Win rate (rollout): 0.36 | Loss: 0.185 | Opp label coverage: 0.90
Step 1043657/5000000 | Win rate (rollout): 0.36 | Loss: 0.219 | Opp label coverage: 0.89
Step 1044169/5000000 | Win rate (rollout): 0.55 | Loss: 0.195 | Opp label coverage: 0.92
Step 1044681/5000000 | Win rate (rollout): 0.27 | Loss: 0.165 | Opp label coverage: 0.82
Step 1045193/5000000 | Win rate (rollout): 0.24 | Loss: 0.209 | Opp label coverage: 0.76
Step 1045711/5000000 | Win rate (rollout): 0.33 | Loss: 0.194 | Opp label coverage: 0.91
Step 1046224/5000000 | Win rate (rollout): 0.38 | Loss: 0.202 | Opp label coverage: 0.91
Step 1046736/5000000 | Win rate (rollout): 0.67 | Loss: 0.173 | Opp label coverage: 0.89
Step 1047248/5000000 | Win rate (rollout): 0.57 | Loss: 0.191 | Opp label coverage: 0.85
Step 1047760/5000000 | Win rate (rollout): 0.50 | Loss: 0.189 | Opp label coverage: 0.83
Step 1048272/5000000 | Win rate (rollout): 0.67 | Loss: 0.192 | Opp label coverage: 0.77
Step 1048784/5000000 | Win rate (rollout): 0.38 | Loss: 0.192 | Opp label coverage: 0.77
Step 1049300/5000000 | Win rate (rollout): 0.78 | Loss: 0.215 | Opp label coverage: 0.92
Step 1049812/5000000 | Win rate (rollout): 0.60 | Loss: 0.168 | Opp label coverage: 0.76
Step 1050324/5000000 | Win rate (rollout): 0.62 | Loss: 0.180 | Opp label coverage: 0.82
Step 1050836/5000000 | Win rate (rollout): 0.45 | Loss: 0.210 | Opp label coverage: 0.81
Step 1051348/5000000 | Win rate (rollout): 0.29 | Loss: 0.161 | Opp label coverage: 0.81
Step 1051860/5000000 | Win rate (rollout): 0.40 | Loss: 0.165 | Opp label coverage: 0.90
Step 1052372/5000000 | Win rate (rollout): 0.46 | Loss: 0.201 | Opp label coverage: 0.84
Step 1052888/5000000 | Win rate (rollout): 0.30 | Loss: 0.167 | Opp label coverage: 0.88
Step 1053400/5000000 | Win rate (rollout): 0.30 | Loss: 0.162 | Opp label coverage: 0.82
Step 1053912/5000000 | Win rate (rollout): 0.47 | Loss: 0.222 | Opp label coverage: 0.81
Step 1054430/5000000 | Win rate (rollout): 0.57 | Loss: 0.164 | Opp label coverage: 0.94
Step 1054942/5000000 | Win rate (rollout): 0.38 | Loss: 0.184 | Opp label coverage: 0.82
Step 1055454/5000000 | Win rate (rollout): 0.62 | Loss: 0.188 | Opp label coverage: 0.79
Step 1055966/5000000 | Win rate (rollout): 0.35 | Loss: 0.181 | Opp label coverage: 0.83
Step 1056478/5000000 | Win rate (rollout): 0.62 | Loss: 0.190 | Opp label coverage: 0.83
Step 1056995/5000000 | Win rate (rollout): 0.57 | Loss: 0.209 | Opp label coverage: 0.90
Step 1057508/5000000 | Win rate (rollout): 0.60 | Loss: 0.191 | Opp label coverage: 0.90
Step 1058023/5000000 | Win rate (rollout): 0.36 | Loss: 0.201 | Opp label coverage: 0.90
Step 1058536/5000000 | Win rate (rollout): 0.50 | Loss: 0.199 | Opp label coverage: 0.92
Step 1059048/5000000 | Win rate (rollout): 0.36 | Loss: 0.184 | Opp label coverage: 0.83
Step 1059565/5000000 | Win rate (rollout): 0.60 | Loss: 0.185 | Opp label coverage: 0.90
Step 1060077/5000000 | Win rate (rollout): 0.38 | Loss: 0.157 | Opp label coverage: 0.80
Step 1060590/5000000 | Win rate (rollout): 0.57 | Loss: 0.302 | Opp label coverage: 0.92
Step 1061102/5000000 | Win rate (rollout): 0.64 | Loss: 0.206 | Opp label coverage: 0.81
Step 1061614/5000000 | Win rate (rollout): 0.54 | Loss: 0.197 | Opp label coverage: 0.82
Step 1062131/5000000 | Win rate (rollout): 0.33 | Loss: 0.221 | Opp label coverage: 0.90
Step 1062643/5000000 | Win rate (rollout): 0.67 | Loss: 0.188 | Opp label coverage: 0.83
Step 1063155/5000000 | Win rate (rollout): 0.40 | Loss: 0.190 | Opp label coverage: 0.82
Step 1063671/5000000 | Win rate (rollout): 0.25 | Loss: 0.163 | Opp label coverage: 0.91
Step 1064183/5000000 | Win rate (rollout): 0.71 | Loss: 0.182 | Opp label coverage: 0.79
Step 1064697/5000000 | Win rate (rollout): 0.40 | Loss: 0.187 | Opp label coverage: 0.91
Step 1065209/5000000 | Win rate (rollout): 0.44 | Loss: 0.195 | Opp label coverage: 0.84
Step 1065726/5000000 | Win rate (rollout): 0.44 | Loss: 0.124 | Opp label coverage: 0.91
Step 1066244/5000000 | Win rate (rollout): 0.50 | Loss: 0.211 | Opp label coverage: 0.88
Step 1066756/5000000 | Win rate (rollout): 0.42 | Loss: 0.189 | Opp label coverage: 0.82
Step 1067270/5000000 | Win rate (rollout): 0.43 | Loss: 0.258 | Opp label coverage: 0.90
Step 1067782/5000000 | Win rate (rollout): 0.31 | Loss: 0.197 | Opp label coverage: 0.79
Step 1068294/5000000 | Win rate (rollout): 0.65 | Loss: 0.232 | Opp label coverage: 0.78
Step 1068806/5000000 | Win rate (rollout): 0.50 | Loss: 0.200 | Opp label coverage: 0.91
Step 1069318/5000000 | Win rate (rollout): 0.17 | Loss: 0.182 | Opp label coverage: 0.78
Step 1069830/5000000 | Win rate (rollout): 0.50 | Loss: 0.193 | Opp label coverage: 0.82
Step 1070349/5000000 | Win rate (rollout): 0.55 | Loss: 0.222 | Opp label coverage: 0.89
Step 1070867/5000000 | Win rate (rollout): 0.14 | Loss: 0.195 | Opp label coverage: 0.88
Step 1071379/5000000 | Win rate (rollout): 0.57 | Loss: 0.163 | Opp label coverage: 0.82
Step 1071893/5000000 | Win rate (rollout): 0.56 | Loss: 0.243 | Opp label coverage: 0.89
Step 1072408/5000000 | Win rate (rollout): 0.53 | Loss: 0.159 | Opp label coverage: 0.90
Step 1072920/5000000 | Win rate (rollout): 0.29 | Loss: 0.194 | Opp label coverage: 0.88
Step 1073432/5000000 | Win rate (rollout): 0.33 | Loss: 0.197 | Opp label coverage: 0.81
Step 1073944/5000000 | Win rate (rollout): 0.29 | Loss: 0.162 | Opp label coverage: 0.84
Step 1074462/5000000 | Win rate (rollout): 0.43 | Loss: 0.174 | Opp label coverage: 0.92
Step 1074974/5000000 | Win rate (rollout): 0.75 | Loss: 0.201 | Opp label coverage: 0.85
Step 1075486/5000000 | Win rate (rollout): 0.18 | Loss: 0.179 | Opp label coverage: 0.79
Step 1075998/5000000 | Win rate (rollout): 0.38 | Loss: 0.192 | Opp label coverage: 0.79
Step 1076515/5000000 | Win rate (rollout): 0.45 | Loss: 0.228 | Opp label coverage: 0.91
Step 1077027/5000000 | Win rate (rollout): 0.22 | Loss: 0.189 | Opp label coverage: 0.80
Step 1077539/5000000 | Win rate (rollout): 0.44 | Loss: 0.189 | Opp label coverage: 0.83
Step 1078051/5000000 | Win rate (rollout): 0.43 | Loss: 0.193 | Opp label coverage: 0.87
Step 1078569/5000000 | Win rate (rollout): 0.14 | Loss: 0.159 | Opp label coverage: 0.89
Step 1079083/5000000 | Win rate (rollout): 0.50 | Loss: 0.250 | Opp label coverage: 0.92
Step 1079595/5000000 | Win rate (rollout): 0.50 | Loss: 0.206 | Opp label coverage: 0.84
Step 1080107/5000000 | Win rate (rollout): 0.57 | Loss: 0.179 | Opp label coverage: 0.85
Step 1080619/5000000 | Win rate (rollout): 0.23 | Loss: 0.192 | Opp label coverage: 0.81
Step 1081138/5000000 | Win rate (rollout): 0.33 | Loss: 0.165 | Opp label coverage: 0.91
Step 1081655/5000000 | Win rate (rollout): 0.50 | Loss: 0.214 | Opp label coverage: 0.93
Step 1082169/5000000 | Win rate (rollout): 0.36 | Loss: 0.231 | Opp label coverage: 0.92
Step 1082681/5000000 | Win rate (rollout): 0.55 | Loss: 0.192 | Opp label coverage: 0.91
Step 1083195/5000000 | Win rate (rollout): 0.45 | Loss: 0.229 | Opp label coverage: 0.91
Step 1083707/5000000 | Win rate (rollout): 0.33 | Loss: 0.185 | Opp label coverage: 0.83
Step 1084223/5000000 | Win rate (rollout): 0.38 | Loss: 0.219 | Opp label coverage: 0.90
Step 1084735/5000000 | Win rate (rollout): 0.50 | Loss: 0.150 | Opp label coverage: 0.87
Step 1085251/5000000 | Win rate (rollout): 0.50 | Loss: 0.154 | Opp label coverage: 0.90
Step 1085767/5000000 | Win rate (rollout): 0.54 | Loss: 0.167 | Opp label coverage: 0.91
Step 1086279/5000000 | Win rate (rollout): 0.60 | Loss: 0.212 | Opp label coverage: 0.92
Step 1086795/5000000 | Win rate (rollout): 0.53 | Loss: 0.214 | Opp label coverage: 0.91
Step 1087307/5000000 | Win rate (rollout): 0.45 | Loss: 0.173 | Opp label coverage: 0.82
Step 1087819/5000000 | Win rate (rollout): 0.86 | Loss: 0.170 | Opp label coverage: 0.79
Step 1088332/5000000 | Win rate (rollout): 0.33 | Loss: 0.156 | Opp label coverage: 0.88
Step 1088844/5000000 | Win rate (rollout): 0.70 | Loss: 0.210 | Opp label coverage: 0.80
Step 1089359/5000000 | Win rate (rollout): 0.50 | Loss: 0.168 | Opp label coverage: 0.89
Step 1089871/5000000 | Win rate (rollout): 0.50 | Loss: 0.204 | Opp label coverage: 0.83
Step 1090384/5000000 | Win rate (rollout): 0.62 | Loss: 0.184 | Opp label coverage: 0.91
Step 1090896/5000000 | Win rate (rollout): 0.36 | Loss: 0.171 | Opp label coverage: 0.82
Step 1091408/5000000 | Win rate (rollout): 0.71 | Loss: 0.206 | Opp label coverage: 0.90
Step 1091925/5000000 | Win rate (rollout): 0.50 | Loss: 0.222 | Opp label coverage: 0.90
Step 1092437/5000000 | Win rate (rollout): 0.60 | Loss: 0.201 | Opp label coverage: 0.77
Step 1092949/5000000 | Win rate (rollout): 0.54 | Loss: 0.194 | Opp label coverage: 0.80
Step 1093461/5000000 | Win rate (rollout): 0.38 | Loss: 0.200 | Opp label coverage: 0.77
Step 1093973/5000000 | Win rate (rollout): 0.27 | Loss: 0.167 | Opp label coverage: 0.76
Step 1094487/5000000 | Win rate (rollout): 0.38 | Loss: 0.182 | Opp label coverage: 0.93
Step 1094999/5000000 | Win rate (rollout): 0.50 | Loss: 0.209 | Opp label coverage: 0.80
Step 1095511/5000000 | Win rate (rollout): 0.40 | Loss: 0.177 | Opp label coverage: 0.76
Step 1096023/5000000 | Win rate (rollout): 0.67 | Loss: 0.200 | Opp label coverage: 0.85
Step 1096535/5000000 | Win rate (rollout): 0.27 | Loss: 0.160 | Opp label coverage: 0.84
Step 1097052/5000000 | Win rate (rollout): 0.57 | Loss: 0.268 | Opp label coverage: 0.91
Step 1097564/5000000 | Win rate (rollout): 0.46 | Loss: 0.191 | Opp label coverage: 0.79
Step 1098080/5000000 | Win rate (rollout): 0.62 | Loss: 0.184 | Opp label coverage: 0.91
Step 1098592/5000000 | Win rate (rollout): 0.31 | Loss: 0.190 | Opp label coverage: 0.79
Step 1099104/5000000 | Win rate (rollout): 0.33 | Loss: 0.202 | Opp label coverage: 0.88
Step 1099616/5000000 | Win rate (rollout): 0.50 | Loss: 0.189 | Opp label coverage: 0.81
Step 1100128/5000000 | Win rate (rollout): 0.29 | Loss: 0.170 | Opp label coverage: 0.79
Step 1100644/5000000 | Win rate (rollout): 0.50 | Loss: 0.165 | Opp label coverage: 0.90
Step 1101156/5000000 | Win rate (rollout): 0.27 | Loss: 0.152 | Opp label coverage: 0.79
Step 1101670/5000000 | Win rate (rollout): 0.50 | Loss: 0.257 | Opp label coverage: 0.90
Step 1102187/5000000 | Win rate (rollout): 0.47 | Loss: 0.200 | Opp label coverage: 0.90
Step 1102699/5000000 | Win rate (rollout): 0.56 | Loss: 0.209 | Opp label coverage: 0.82
Step 1103211/5000000 | Win rate (rollout): 0.22 | Loss: 0.192 | Opp label coverage: 0.80
Step 1103726/5000000 | Win rate (rollout): 0.56 | Loss: 0.223 | Opp label coverage: 0.89
Step 1104238/5000000 | Win rate (rollout): 0.50 | Loss: 0.182 | Opp label coverage: 0.89
Step 1104751/5000000 | Win rate (rollout): 0.45 | Loss: 0.225 | Opp label coverage: 0.92
Step 1105268/5000000 | Win rate (rollout): 0.60 | Loss: 0.153 | Opp label coverage: 0.89
Step 1105780/5000000 | Win rate (rollout): 0.25 | Loss: 0.172 | Opp label coverage: 0.82
Step 1106292/5000000 | Win rate (rollout): 0.50 | Loss: 0.200 | Opp label coverage: 0.83
Step 1106804/5000000 | Win rate (rollout): 0.20 | Loss: 0.176 | Opp label coverage: 0.87
Step 1107316/5000000 | Win rate (rollout): 0.42 | Loss: 0.183 | Opp label coverage: 0.80
Step 1107832/5000000 | Win rate (rollout): 0.30 | Loss: 0.151 | Opp label coverage: 0.89
Step 1108347/5000000 | Win rate (rollout): 0.00 | Loss: 0.173 | Opp label coverage: 0.89
Step 1108859/5000000 | Win rate (rollout): 0.40 | Loss: 0.186 | Opp label coverage: 0.81
Step 1109377/5000000 | Win rate (rollout): 0.50 | Loss: 0.161 | Opp label coverage: 0.93
Step 1109889/5000000 | Win rate (rollout): 0.43 | Loss: 0.153 | Opp label coverage: 0.82
Step 1110401/5000000 | Win rate (rollout): 0.38 | Loss: 0.165 | Opp label coverage: 0.80
Step 1110913/5000000 | Win rate (rollout): 0.82 | Loss: 0.197 | Opp label coverage: 0.84
Step 1111426/5000000 | Win rate (rollout): 0.33 | Loss: 0.288 | Opp label coverage: 0.91
Step 1111939/5000000 | Win rate (rollout): 0.29 | Loss: 0.093 | Opp label coverage: 0.89
Step 1112451/5000000 | Win rate (rollout): 0.33 | Loss: 0.198 | Opp label coverage: 0.79
Step 1112963/5000000 | Win rate (rollout): 0.50 | Loss: 0.160 | Opp label coverage: 0.82
Step 1113479/5000000 | Win rate (rollout): 0.36 | Loss: 0.217 | Opp label coverage: 0.91
Step 1113991/5000000 | Win rate (rollout): 0.40 | Loss: 0.181 | Opp label coverage: 0.82
Step 1114509/5000000 | Win rate (rollout): 0.38 | Loss: 0.140 | Opp label coverage: 0.92
Step 1115021/5000000 | Win rate (rollout): 0.33 | Loss: 0.162 | Opp label coverage: 0.81
Step 1115540/5000000 | Win rate (rollout): 0.38 | Loss: 0.195 | Opp label coverage: 0.90
Step 1116059/5000000 | Win rate (rollout): 0.50 | Loss: 0.196 | Opp label coverage: 0.92
Step 1116571/5000000 | Win rate (rollout): 0.50 | Loss: 0.194 | Opp label coverage: 0.76
Step 1117090/5000000 | Win rate (rollout): 0.44 | Loss: 0.200 | Opp label coverage: 0.91
Step 1117602/5000000 | Win rate (rollout): 0.36 | Loss: 0.170 | Opp label coverage: 0.83
Step 1118114/5000000 | Win rate (rollout): 0.38 | Loss: 0.163 | Opp label coverage: 0.88
Step 1118626/5000000 | Win rate (rollout): 0.43 | Loss: 0.182 | Opp label coverage: 0.80
Step 1119138/5000000 | Win rate (rollout): 0.27 | Loss: 0.198 | Opp label coverage: 0.83
Step 1119656/5000000 | Win rate (rollout): 0.00 | Loss: 0.179 | Opp label coverage: 0.88
Step 1120173/5000000 | Win rate (rollout): 0.38 | Loss: 0.264 | Opp label coverage: 0.91
Step 1120686/5000000 | Win rate (rollout): 0.40 | Loss: 0.267 | Opp label coverage: 0.89
Step 1121198/5000000 | Win rate (rollout): 0.50 | Loss: 0.193 | Opp label coverage: 0.80
Step 1121710/5000000 | Win rate (rollout): 0.33 | Loss: 0.192 | Opp label coverage: 0.80
Step 1122227/5000000 | Win rate (rollout): 0.62 | Loss: 0.217 | Opp label coverage: 0.91
Step 1122739/5000000 | Win rate (rollout): 0.27 | Loss: 0.168 | Opp label coverage: 0.81
Step 1123255/5000000 | Win rate (rollout): 0.14 | Loss: 0.219 | Opp label coverage: 0.91
Step 1123774/5000000 | Win rate (rollout): 0.60 | Loss: 0.170 | Opp label coverage: 0.90
Step 1124289/5000000 | Win rate (rollout): 0.33 | Loss: 0.173 | Opp label coverage: 0.90
Step 1124801/5000000 | Win rate (rollout): 0.14 | Loss: 0.174 | Opp label coverage: 0.83
Step 1125316/5000000 | Win rate (rollout): 0.50 | Loss: 0.185 | Opp label coverage: 0.91
Step 1125835/5000000 | Win rate (rollout): 0.54 | Loss: 0.193 | Opp label coverage: 0.91
Step 1126347/5000000 | Win rate (rollout): 0.50 | Loss: 0.196 | Opp label coverage: 0.82
Step 1126859/5000000 | Win rate (rollout): 0.25 | Loss: 0.183 | Opp label coverage: 0.88
Step 1127377/5000000 | Win rate (rollout): 0.50 | Loss: 0.195 | Opp label coverage: 0.92
Step 1127889/5000000 | Win rate (rollout): 0.11 | Loss: 0.169 | Opp label coverage: 0.83
Step 1128404/5000000 | Win rate (rollout): 0.40 | Loss: 0.216 | Opp label coverage: 0.92
Step 1128916/5000000 | Win rate (rollout): 0.75 | Loss: 0.182 | Opp label coverage: 0.90
Step 1129428/5000000 | Win rate (rollout): 0.31 | Loss: 0.196 | Opp label coverage: 0.89
Step 1129942/5000000 | Win rate (rollout): 0.31 | Loss: 0.233 | Opp label coverage: 0.89
Step 1130457/5000000 | Win rate (rollout): 0.46 | Loss: 0.214 | Opp label coverage: 0.90
Step 1130972/5000000 | Win rate (rollout): 0.54 | Loss: 0.234 | Opp label coverage: 0.90
Step 1131484/5000000 | Win rate (rollout): 0.36 | Loss: 0.198 | Opp label coverage: 0.81
Step 1131996/5000000 | Win rate (rollout): 0.50 | Loss: 0.198 | Opp label coverage: 0.84
Step 1132513/5000000 | Win rate (rollout): 0.36 | Loss: 0.183 | Opp label coverage: 0.89
Step 1133025/5000000 | Win rate (rollout): 0.44 | Loss: 0.186 | Opp label coverage: 0.77
Step 1133537/5000000 | Win rate (rollout): 0.43 | Loss: 0.204 | Opp label coverage: 0.78
Step 1134049/5000000 | Win rate (rollout): 0.14 | Loss: 0.143 | Opp label coverage: 0.86
Step 1134567/5000000 | Win rate (rollout): 0.20 | Loss: 0.232 | Opp label coverage: 0.90
Step 1135079/5000000 | Win rate (rollout): 0.42 | Loss: 0.176 | Opp label coverage: 0.79
Step 1135595/5000000 | Win rate (rollout): 0.62 | Loss: 0.198 | Opp label coverage: 0.91
Step 1136107/5000000 | Win rate (rollout): 0.62 | Loss: 0.186 | Opp label coverage: 0.89
Step 1136619/5000000 | Win rate (rollout): 0.18 | Loss: 0.174 | Opp label coverage: 0.79
Step 1137131/5000000 | Win rate (rollout): 0.45 | Loss: 0.185 | Opp label coverage: 0.78
Step 1137647/5000000 | Win rate (rollout): 0.67 | Loss: 0.167 | Opp label coverage: 0.91
Step 1138159/5000000 | Win rate (rollout): 0.30 | Loss: 0.182 | Opp label coverage: 0.80
Step 1138674/5000000 | Win rate (rollout): 0.56 | Loss: 0.169 | Opp label coverage: 0.91
Step 1139186/5000000 | Win rate (rollout): 0.60 | Loss: 0.182 | Opp label coverage: 0.77
Step 1139698/5000000 | Win rate (rollout): 0.50 | Loss: 0.200 | Opp label coverage: 0.81
Step 1140213/5000000 | Win rate (rollout): 0.50 | Loss: 0.180 | Opp label coverage: 0.89
Step 1140725/5000000 | Win rate (rollout): 0.55 | Loss: 0.215 | Opp label coverage: 0.82
Step 1141239/5000000 | Win rate (rollout): 0.30 | Loss: 0.244 | Opp label coverage: 0.90
Step 1141754/5000000 | Win rate (rollout): 0.53 | Loss: 0.215 | Opp label coverage: 0.90
Step 1142266/5000000 | Win rate (rollout): 0.47 | Loss: 0.196 | Opp label coverage: 0.89
Step 1142778/5000000 | Win rate (rollout): 0.50 | Loss: 0.205 | Opp label coverage: 0.81
Step 1143290/5000000 | Win rate (rollout): 0.56 | Loss: 0.206 | Opp label coverage: 0.82
Step 1143802/5000000 | Win rate (rollout): 0.40 | Loss: 0.212 | Opp label coverage: 0.80
Step 1144318/5000000 | Win rate (rollout): 0.43 | Loss: 0.180 | Opp label coverage: 0.90
Step 1144837/5000000 | Win rate (rollout): 0.29 | Loss: 0.237 | Opp label coverage: 0.91
Step 1145355/5000000 | Win rate (rollout): 0.50 | Loss: 0.227 | Opp label coverage: 0.91
Step 1145870/5000000 | Win rate (rollout): 0.64 | Loss: 0.229 | Opp label coverage: 0.90
Step 1146382/5000000 | Win rate (rollout): 0.21 | Loss: 0.178 | Opp label coverage: 0.82
Step 1146900/5000000 | Win rate (rollout): 0.33 | Loss: 0.229 | Opp label coverage: 0.89
Step 1147419/5000000 | Win rate (rollout): 0.53 | Loss: 0.226 | Opp label coverage: 0.90
Step 1147932/5000000 | Win rate (rollout): 0.38 | Loss: 0.205 | Opp label coverage: 0.88
Step 1148449/5000000 | Win rate (rollout): 0.42 | Loss: 0.159 | Opp label coverage: 0.92
Step 1148961/5000000 | Win rate (rollout): 0.22 | Loss: 0.166 | Opp label coverage: 0.79
Step 1149473/5000000 | Win rate (rollout): 0.25 | Loss: 0.194 | Opp label coverage: 0.81
Step 1149985/5000000 | Win rate (rollout): 0.47 | Loss: 0.199 | Opp label coverage: 0.82
Step 1150501/5000000 | Win rate (rollout): 0.38 | Loss: 0.138 | Opp label coverage: 0.91
Step 1151018/5000000 | Win rate (rollout): 0.67 | Loss: 0.130 | Opp label coverage: 0.93
Step 1151532/5000000 | Win rate (rollout): 0.46 | Loss: 0.242 | Opp label coverage: 0.90
Step 1152044/5000000 | Win rate (rollout): 0.89 | Loss: 0.176 | Opp label coverage: 0.78
Step 1152560/5000000 | Win rate (rollout): 0.25 | Loss: 0.162 | Opp label coverage: 0.91
Step 1153072/5000000 | Win rate (rollout): 0.38 | Loss: 0.198 | Opp label coverage: 0.83
Step 1153587/5000000 | Win rate (rollout): 0.62 | Loss: 0.198 | Opp label coverage: 0.89
Step 1154099/5000000 | Win rate (rollout): 0.30 | Loss: 0.187 | Opp label coverage: 0.76
Step 1154611/5000000 | Win rate (rollout): 0.36 | Loss: 0.172 | Opp label coverage: 0.81
Step 1155128/5000000 | Win rate (rollout): 0.42 | Loss: 0.191 | Opp label coverage: 0.89
Step 1155640/5000000 | Win rate (rollout): 0.17 | Loss: 0.165 | Opp label coverage: 0.81
Step 1156156/5000000 | Win rate (rollout): 0.70 | Loss: 0.133 | Opp label coverage: 0.91
Step 1156668/5000000 | Win rate (rollout): 0.45 | Loss: 0.190 | Opp label coverage: 0.79
Step 1157183/5000000 | Win rate (rollout): 1.00 | Loss: 0.184 | Opp label coverage: 0.92
Step 1157695/5000000 | Win rate (rollout): 0.56 | Loss: 0.166 | Opp label coverage: 0.87
Step 1158207/5000000 | Win rate (rollout): 0.50 | Loss: 0.180 | Opp label coverage: 0.81
Step 1158719/5000000 | Win rate (rollout): 0.21 | Loss: 0.182 | Opp label coverage: 0.83
Step 1159236/5000000 | Win rate (rollout): 0.44 | Loss: 0.228 | Opp label coverage: 0.91
Step 1159755/5000000 | Win rate (rollout): 0.69 | Loss: 0.218 | Opp label coverage: 0.93
Step 1160267/5000000 | Win rate (rollout): 0.75 | Loss: 0.166 | Opp label coverage: 0.82
Step 1160784/5000000 | Win rate (rollout): 0.33 | Loss: 0.172 | Opp label coverage: 0.89
Step 1161296/5000000 | Win rate (rollout): 0.33 | Loss: 0.182 | Opp label coverage: 0.81
Step 1161813/5000000 | Win rate (rollout): 0.71 | Loss: 0.159 | Opp label coverage: 0.92
Step 1162329/5000000 | Win rate (rollout): 0.55 | Loss: 0.219 | Opp label coverage: 0.92
Step 1162841/5000000 | Win rate (rollout): 0.44 | Loss: 0.187 | Opp label coverage: 0.79
Step 1163359/5000000 | Win rate (rollout): 0.50 | Loss: 0.209 | Opp label coverage: 0.90
Step 1163871/5000000 | Win rate (rollout): 0.50 | Loss: 0.165 | Opp label coverage: 0.82
Step 1164385/5000000 | Win rate (rollout): 0.73 | Loss: 0.213 | Opp label coverage: 0.89
Step 1164897/5000000 | Win rate (rollout): 0.78 | Loss: 0.172 | Opp label coverage: 0.86
Step 1165411/5000000 | Win rate (rollout): 0.44 | Loss: 0.165 | Opp label coverage: 0.89
Step 1165924/5000000 | Win rate (rollout): 0.42 | Loss: 0.168 | Opp label coverage: 0.92
Step 1166436/5000000 | Win rate (rollout): 0.57 | Loss: 0.188 | Opp label coverage: 0.85
Step 1166950/5000000 | Win rate (rollout): 0.64 | Loss: 0.168 | Opp label coverage: 0.90
Step 1167462/5000000 | Win rate (rollout): 0.57 | Loss: 0.160 | Opp label coverage: 0.85
Step 1167974/5000000 | Win rate (rollout): 0.31 | Loss: 0.194 | Opp label coverage: 0.85
Step 1168486/5000000 | Win rate (rollout): 0.44 | Loss: 0.169 | Opp label coverage: 0.86
Step 1168998/5000000 | Win rate (rollout): 0.40 | Loss: 0.189 | Opp label coverage: 0.77
Step 1169510/5000000 | Win rate (rollout): 0.50 | Loss: 0.231 | Opp label coverage: 0.79
Step 1170022/5000000 | Win rate (rollout): 0.33 | Loss: 0.160 | Opp label coverage: 0.79
Step 1170534/5000000 | Win rate (rollout): 0.55 | Loss: 0.204 | Opp label coverage: 0.78
Step 1171046/5000000 | Win rate (rollout): 0.50 | Loss: 0.184 | Opp label coverage: 0.83
Step 1171559/5000000 | Win rate (rollout): 0.50 | Loss: 0.150 | Opp label coverage: 0.90
Step 1172071/5000000 | Win rate (rollout): 0.60 | Loss: 0.195 | Opp label coverage: 0.81
Step 1172583/5000000 | Win rate (rollout): 0.57 | Loss: 0.179 | Opp label coverage: 0.80
Step 1173095/5000000 | Win rate (rollout): 0.18 | Loss: 0.187 | Opp label coverage: 0.76
Step 1173607/5000000 | Win rate (rollout): 0.62 | Loss: 0.175 | Opp label coverage: 0.83
Step 1174119/5000000 | Win rate (rollout): 0.67 | Loss: 0.197 | Opp label coverage: 0.79
Step 1174631/5000000 | Win rate (rollout): 0.57 | Loss: 0.226 | Opp label coverage: 0.92
Step 1175143/5000000 | Win rate (rollout): 0.62 | Loss: 0.164 | Opp label coverage: 0.85
Step 1175660/5000000 | Win rate (rollout): 0.27 | Loss: 0.202 | Opp label coverage: 0.91
Step 1176172/5000000 | Win rate (rollout): 0.29 | Loss: 0.169 | Opp label coverage: 0.79
Step 1176685/5000000 | Win rate (rollout): 0.33 | Loss: 0.194 | Opp label coverage: 0.89
Step 1177197/5000000 | Win rate (rollout): 0.27 | Loss: 0.195 | Opp label coverage: 0.77
Step 1177709/5000000 | Win rate (rollout): 0.62 | Loss: 0.195 | Opp label coverage: 0.83
Step 1178221/5000000 | Win rate (rollout): 0.50 | Loss: 0.160 | Opp label coverage: 0.83
Step 1178734/5000000 | Win rate (rollout): 0.55 | Loss: 0.117 | Opp label coverage: 0.89
Step 1179246/5000000 | Win rate (rollout): 0.50 | Loss: 0.201 | Opp label coverage: 0.80
Step 1179763/5000000 | Win rate (rollout): 0.33 | Loss: 0.179 | Opp label coverage: 0.93
Step 1180275/5000000 | Win rate (rollout): 0.38 | Loss: 0.198 | Opp label coverage: 0.80
Step 1180787/5000000 | Win rate (rollout): 0.33 | Loss: 0.200 | Opp label coverage: 0.90
Step 1181305/5000000 | Win rate (rollout): 0.45 | Loss: 0.189 | Opp label coverage: 0.92
Step 1181817/5000000 | Win rate (rollout): 0.60 | Loss: 0.183 | Opp label coverage: 0.86
Step 1182331/5000000 | Win rate (rollout): 0.30 | Loss: 0.195 | Opp label coverage: 0.88
Step 1182843/5000000 | Win rate (rollout): 0.50 | Loss: 0.172 | Opp label coverage: 0.86
Step 1183355/5000000 | Win rate (rollout): 0.45 | Loss: 0.188 | Opp label coverage: 0.86
Step 1183867/5000000 | Win rate (rollout): 0.46 | Loss: 0.186 | Opp label coverage: 0.88
Step 1184381/5000000 | Win rate (rollout): 0.50 | Loss: 0.238 | Opp label coverage: 0.89
Step 1184896/5000000 | Win rate (rollout): 0.57 | Loss: 0.235 | Opp label coverage: 0.90
Step 1185408/5000000 | Win rate (rollout): 0.25 | Loss: 0.185 | Opp label coverage: 0.85
Step 1185922/5000000 | Win rate (rollout): 0.44 | Loss: 0.212 | Opp label coverage: 0.89
Step 1186440/5000000 | Win rate (rollout): 0.07 | Loss: 0.148 | Opp label coverage: 0.89
Step 1186952/5000000 | Win rate (rollout): 0.17 | Loss: 0.155 | Opp label coverage: 0.83
Step 1187467/5000000 | Win rate (rollout): 0.44 | Loss: 0.169 | Opp label coverage: 0.90
Step 1187979/5000000 | Win rate (rollout): 0.43 | Loss: 0.171 | Opp label coverage: 0.81
Step 1188493/5000000 | Win rate (rollout): 0.14 | Loss: 0.196 | Opp label coverage: 0.89
Step 1189010/5000000 | Win rate (rollout): 0.40 | Loss: 0.159 | Opp label coverage: 0.93
Step 1189523/5000000 | Win rate (rollout): 0.57 | Loss: 0.260 | Opp label coverage: 0.92
Step 1190035/5000000 | Win rate (rollout): 0.69 | Loss: 0.201 | Opp label coverage: 0.91
Step 1190547/5000000 | Win rate (rollout): 0.71 | Loss: 0.185 | Opp label coverage: 0.79
Step 1191061/5000000 | Win rate (rollout): 0.44 | Loss: 0.188 | Opp label coverage: 0.91
Step 1191573/5000000 | Win rate (rollout): 0.45 | Loss: 0.181 | Opp label coverage: 0.75
Step 1192085/5000000 | Win rate (rollout): 0.59 | Loss: 0.228 | Opp label coverage: 0.84
Step 1192598/5000000 | Win rate (rollout): 0.62 | Loss: 0.181 | Opp label coverage: 0.89
Step 1193117/5000000 | Win rate (rollout): 0.29 | Loss: 0.214 | Opp label coverage: 0.90
Step 1193631/5000000 | Win rate (rollout): 0.33 | Loss: 0.104 | Opp label coverage: 0.90
Step 1194143/5000000 | Win rate (rollout): 0.45 | Loss: 0.186 | Opp label coverage: 0.84
Step 1194655/5000000 | Win rate (rollout): 0.29 | Loss: 0.194 | Opp label coverage: 0.80
Step 1195167/5000000 | Win rate (rollout): 0.21 | Loss: 0.171 | Opp label coverage: 0.82
Step 1195681/5000000 | Win rate (rollout): 0.36 | Loss: 0.182 | Opp label coverage: 0.89
Step 1196193/5000000 | Win rate (rollout): 0.30 | Loss: 0.210 | Opp label coverage: 0.82
Step 1196705/5000000 | Win rate (rollout): 0.38 | Loss: 0.186 | Opp label coverage: 0.81
Step 1197218/5000000 | Win rate (rollout): 0.44 | Loss: 0.164 | Opp label coverage: 0.88
Step 1197730/5000000 | Win rate (rollout): 0.53 | Loss: 0.240 | Opp label coverage: 0.90
Step 1198248/5000000 | Win rate (rollout): 0.30 | Loss: 0.195 | Opp label coverage: 0.89
Step 1198760/5000000 | Win rate (rollout): 0.57 | Loss: 0.221 | Opp label coverage: 0.83
Step 1199279/5000000 | Win rate (rollout): 0.56 | Loss: 0.210 | Opp label coverage: 0.91
Step 1199794/5000000 | Win rate (rollout): 0.50 | Loss: 0.162 | Opp label coverage: 0.92
Step 1200306/5000000 | Win rate (rollout): 0.30 | Loss: 0.199 | Opp label coverage: 0.80
Step 1200820/5000000 | Win rate (rollout): 0.50 | Loss: 0.246 | Opp label coverage: 0.89
Step 1201334/5000000 | Win rate (rollout): 0.62 | Loss: 0.195 | Opp label coverage: 0.90
Step 1201846/5000000 | Win rate (rollout): 0.71 | Loss: 0.153 | Opp label coverage: 0.79
Step 1202358/5000000 | Win rate (rollout): 0.42 | Loss: 0.177 | Opp label coverage: 0.87
Step 1202875/5000000 | Win rate (rollout): 0.36 | Loss: 0.237 | Opp label coverage: 0.89
Step 1203388/5000000 | Win rate (rollout): 0.54 | Loss: 0.179 | Opp label coverage: 0.91
Step 1203900/5000000 | Win rate (rollout): 0.42 | Loss: 0.192 | Opp label coverage: 0.81
Step 1204412/5000000 | Win rate (rollout): 0.40 | Loss: 0.175 | Opp label coverage: 0.77
Step 1204925/5000000 | Win rate (rollout): 0.55 | Loss: 0.225 | Opp label coverage: 0.90
Step 1205440/5000000 | Win rate (rollout): 0.36 | Loss: 0.265 | Opp label coverage: 0.89
Step 1205957/5000000 | Win rate (rollout): 0.25 | Loss: 0.206 | Opp label coverage: 0.92
Step 1206469/5000000 | Win rate (rollout): 0.31 | Loss: 0.211 | Opp label coverage: 0.83
Step 1206983/5000000 | Win rate (rollout): 0.33 | Loss: 0.159 | Opp label coverage: 0.90
Step 1207495/5000000 | Win rate (rollout): 0.58 | Loss: 0.204 | Opp label coverage: 0.82
Step 1208007/5000000 | Win rate (rollout): 0.60 | Loss: 0.175 | Opp label coverage: 0.83
Step 1208520/5000000 | Win rate (rollout): 0.62 | Loss: 0.210 | Opp label coverage: 0.91
Step 1209036/5000000 | Win rate (rollout): 0.50 | Loss: 0.239 | Opp label coverage: 0.90
Step 1209548/5000000 | Win rate (rollout): 0.40 | Loss: 0.171 | Opp label coverage: 0.83
Step 1210060/5000000 | Win rate (rollout): 0.30 | Loss: 0.210 | Opp label coverage: 0.76
Step 1210576/5000000 | Win rate (rollout): 0.44 | Loss: 0.234 | Opp label coverage: 0.91
Step 1211088/5000000 | Win rate (rollout): 0.40 | Loss: 0.195 | Opp label coverage: 0.84
Step 1211600/5000000 | Win rate (rollout): 0.40 | Loss: 0.155 | Opp label coverage: 0.88
Step 1212112/5000000 | Win rate (rollout): 0.58 | Loss: 0.214 | Opp label coverage: 0.80
Step 1212624/5000000 | Win rate (rollout): 0.23 | Loss: 0.178 | Opp label coverage: 0.83
Step 1213143/5000000 | Win rate (rollout): 0.56 | Loss: 0.179 | Opp label coverage: 0.90
Step 1213660/5000000 | Win rate (rollout): 0.31 | Loss: 0.173 | Opp label coverage: 0.88
Step 1214172/5000000 | Win rate (rollout): 0.33 | Loss: 0.180 | Opp label coverage: 0.77
Step 1214688/5000000 | Win rate (rollout): 0.62 | Loss: 0.132 | Opp label coverage: 0.90
Step 1215200/5000000 | Win rate (rollout): 0.31 | Loss: 0.174 | Opp label coverage: 0.80
Step 1215712/5000000 | Win rate (rollout): 0.62 | Loss: 0.227 | Opp label coverage: 0.89
Step 1216229/5000000 | Win rate (rollout): 0.21 | Loss: 0.152 | Opp label coverage: 0.89
Step 1216742/5000000 | Win rate (rollout): 0.46 | Loss: 0.187 | Opp label coverage: 0.91
Step 1217254/5000000 | Win rate (rollout): 0.46 | Loss: 0.182 | Opp label coverage: 0.81
Step 1217766/5000000 | Win rate (rollout): 0.38 | Loss: 0.204 | Opp label coverage: 0.82
Step 1218282/5000000 | Win rate (rollout): 0.45 | Loss: 0.219 | Opp label coverage: 0.90
Step 1218794/5000000 | Win rate (rollout): 0.60 | Loss: 0.183 | Opp label coverage: 0.84
Step 1219306/5000000 | Win rate (rollout): 0.30 | Loss: 0.177 | Opp label coverage: 0.85
Step 1219820/5000000 | Win rate (rollout): 0.44 | Loss: 0.273 | Opp label coverage: 0.90
Step 1220332/5000000 | Win rate (rollout): 0.42 | Loss: 0.198 | Opp label coverage: 0.81
Step 1220846/5000000 | Win rate (rollout): 0.62 | Loss: 0.166 | Opp label coverage: 0.90
Step 1221359/5000000 | Win rate (rollout): 0.50 | Loss: 0.183 | Opp label coverage: 0.90
Step 1221871/5000000 | Win rate (rollout): 0.44 | Loss: 0.188 | Opp label coverage: 0.81
Step 1222384/5000000 | Win rate (rollout): 0.86 | Loss: 0.191 | Opp label coverage: 0.92
Step 1222896/5000000 | Win rate (rollout): 0.58 | Loss: 0.215 | Opp label coverage: 0.80
Step 1223408/5000000 | Win rate (rollout): 0.57 | Loss: 0.172 | Opp label coverage: 0.85
Step 1223920/5000000 | Win rate (rollout): 0.38 | Loss: 0.217 | Opp label coverage: 0.82
Step 1224432/5000000 | Win rate (rollout): 0.38 | Loss: 0.182 | Opp label coverage: 0.83
Step 1224946/5000000 | Win rate (rollout): 0.55 | Loss: 0.262 | Opp label coverage: 0.90
Step 1225458/5000000 | Win rate (rollout): 0.58 | Loss: 0.206 | Opp label coverage: 0.86
Step 1225970/5000000 | Win rate (rollout): 0.70 | Loss: 0.176 | Opp label coverage: 0.78
Step 1226488/5000000 | Win rate (rollout): 0.33 | Loss: 0.186 | Opp label coverage: 0.92
Step 1227004/5000000 | Win rate (rollout): 0.27 | Loss: 0.205 | Opp label coverage: 0.91
Step 1227516/5000000 | Win rate (rollout): 0.30 | Loss: 0.184 | Opp label coverage: 0.83
Step 1228028/5000000 | Win rate (rollout): 0.50 | Loss: 0.176 | Opp label coverage: 0.79
Step 1228540/5000000 | Win rate (rollout): 0.31 | Loss: 0.205 | Opp label coverage: 0.82
Step 1229052/5000000 | Win rate (rollout): 0.53 | Loss: 0.203 | Opp label coverage: 0.79
Step 1229567/5000000 | Win rate (rollout): 0.50 | Loss: 0.129 | Opp label coverage: 0.90
Step 1230079/5000000 | Win rate (rollout): 0.29 | Loss: 0.210 | Opp label coverage: 0.85
Step 1230593/5000000 | Win rate (rollout): 0.33 | Loss: 0.190 | Opp label coverage: 0.90
Step 1231105/5000000 | Win rate (rollout): 0.54 | Loss: 0.201 | Opp label coverage: 0.84
Step 1231622/5000000 | Win rate (rollout): 0.60 | Loss: 0.184 | Opp label coverage: 0.92
Step 1232135/5000000 | Win rate (rollout): 0.46 | Loss: 0.140 | Opp label coverage: 0.90
Step 1232651/5000000 | Win rate (rollout): 0.40 | Loss: 0.203 | Opp label coverage: 0.89
Step 1233163/5000000 | Win rate (rollout): 0.78 | Loss: 0.181 | Opp label coverage: 0.82
Step 1233675/5000000 | Win rate (rollout): 0.89 | Loss: 0.232 | Opp label coverage: 0.91
Step 1234187/5000000 | Win rate (rollout): 0.64 | Loss: 0.220 | Opp label coverage: 0.80
Step 1234700/5000000 | Win rate (rollout): 0.38 | Loss: 0.077 | Opp label coverage: 0.90
Step 1235212/5000000 | Win rate (rollout): 0.42 | Loss: 0.191 | Opp label coverage: 0.79
Step 1235724/5000000 | Win rate (rollout): 0.59 | Loss: 0.253 | Opp label coverage: 0.80
Step 1236237/5000000 | Win rate (rollout): 0.25 | Loss: 0.227 | Opp label coverage: 0.89
Step 1236749/5000000 | Win rate (rollout): 0.31 | Loss: 0.178 | Opp label coverage: 0.80
Step 1237261/5000000 | Win rate (rollout): 0.25 | Loss: 0.175 | Opp label coverage: 0.83
Step 1237774/5000000 | Win rate (rollout): 0.56 | Loss: 0.188 | Opp label coverage: 0.89
Step 1238286/5000000 | Win rate (rollout): 0.44 | Loss: 0.173 | Opp label coverage: 0.79
Step 1238798/5000000 | Win rate (rollout): 0.31 | Loss: 0.167 | Opp label coverage: 0.80
Step 1239310/5000000 | Win rate (rollout): 0.53 | Loss: 0.187 | Opp label coverage: 0.81
Step 1239825/5000000 | Win rate (rollout): 0.62 | Loss: 0.221 | Opp label coverage: 0.91
Step 1240337/5000000 | Win rate (rollout): 0.62 | Loss: 0.180 | Opp label coverage: 0.86
Step 1240852/5000000 | Win rate (rollout): 0.75 | Loss: 0.207 | Opp label coverage: 0.92
Step 1241364/5000000 | Win rate (rollout): 0.20 | Loss: 0.188 | Opp label coverage: 0.79
Step 1241876/5000000 | Win rate (rollout): 0.14 | Loss: 0.167 | Opp label coverage: 0.84
Step 1242389/5000000 | Win rate (rollout): 0.60 | Loss: 0.216 | Opp label coverage: 0.90
Step 1242902/5000000 | Win rate (rollout): 0.38 | Loss: 0.330 | Opp label coverage: 0.89
Step 1243417/5000000 | Win rate (rollout): 0.55 | Loss: 0.227 | Opp label coverage: 0.90
Step 1243934/5000000 | Win rate (rollout): 0.36 | Loss: 0.152 | Opp label coverage: 0.91
Step 1244446/5000000 | Win rate (rollout): 0.89 | Loss: 0.198 | Opp label coverage: 0.83
Step 1244958/5000000 | Win rate (rollout): 0.64 | Loss: 0.197 | Opp label coverage: 0.81
Step 1245470/5000000 | Win rate (rollout): 0.46 | Loss: 0.201 | Opp label coverage: 0.78
Step 1245988/5000000 | Win rate (rollout): 0.67 | Loss: 0.168 | Opp label coverage: 0.90
Step 1246503/5000000 | Win rate (rollout): 0.36 | Loss: 0.254 | Opp label coverage: 0.89
Step 1247022/5000000 | Win rate (rollout): 0.31 | Loss: 0.234 | Opp label coverage: 0.88
Step 1247534/5000000 | Win rate (rollout): 0.86 | Loss: 0.173 | Opp label coverage: 0.82
Step 1248046/5000000 | Win rate (rollout): 0.30 | Loss: 0.180 | Opp label coverage: 0.85
Step 1248558/5000000 | Win rate (rollout): 0.38 | Loss: 0.190 | Opp label coverage: 0.83
Step 1249075/5000000 | Win rate (rollout): 0.67 | Loss: 0.199 | Opp label coverage: 0.88
Step 1249587/5000000 | Win rate (rollout): 0.25 | Loss: 0.202 | Opp label coverage: 0.91
[checkpoint] Saved models/ppo/checkpoints/bcft/ppo_step_1250011.pt
Step 1250099/5000000 | Win rate (rollout): 0.57 | Loss: 0.185 | Opp label coverage: 0.80
Step 1250611/5000000 | Win rate (rollout): 0.67 | Loss: 0.218 | Opp label coverage: 0.82
Step 1251130/5000000 | Win rate (rollout): 0.43 | Loss: 0.220 | Opp label coverage: 0.90
Step 1251649/5000000 | Win rate (rollout): 0.40 | Loss: 0.162 | Opp label coverage: 0.91
Step 1252163/5000000 | Win rate (rollout): 0.62 | Loss: 0.232 | Opp label coverage: 0.90
Step 1252675/5000000 | Win rate (rollout): 0.25 | Loss: 0.173 | Opp label coverage: 0.79
Step 1253192/5000000 | Win rate (rollout): 0.50 | Loss: 0.231 | Opp label coverage: 0.90
Step 1253710/5000000 | Win rate (rollout): 0.50 | Loss: 0.187 | Opp label coverage: 0.90
Step 1254227/5000000 | Win rate (rollout): 0.33 | Loss: 0.239 | Opp label coverage: 0.89
Step 1254739/5000000 | Win rate (rollout): 0.40 | Loss: 0.200 | Opp label coverage: 0.88
Step 1255255/5000000 | Win rate (rollout): 0.20 | Loss: 0.207 | Opp label coverage: 0.89
Step 1255767/5000000 | Win rate (rollout): 0.70 | Loss: 0.193 | Opp label coverage: 0.82
Step 1256279/5000000 | Win rate (rollout): 0.88 | Loss: 0.177 | Opp label coverage: 0.86
Step 1256791/5000000 | Win rate (rollout): 0.40 | Loss: 0.169 | Opp label coverage: 0.85
Step 1257308/5000000 | Win rate (rollout): 0.50 | Loss: 0.214 | Opp label coverage: 0.91
Step 1257820/5000000 | Win rate (rollout): 0.44 | Loss: 0.171 | Opp label coverage: 0.87
Step 1258332/5000000 | Win rate (rollout): 0.45 | Loss: 0.195 | Opp label coverage: 0.82
Step 1258849/5000000 | Win rate (rollout): 0.45 | Loss: 0.224 | Opp label coverage: 0.89
Step 1259364/5000000 | Win rate (rollout): 0.36 | Loss: 0.192 | Opp label coverage: 0.88
Step 1259878/5000000 | Win rate (rollout): 0.62 | Loss: 0.201 | Opp label coverage: 0.90
Step 1260394/5000000 | Win rate (rollout): 0.42 | Loss: 0.201 | Opp label coverage: 0.90
Step 1260906/5000000 | Win rate (rollout): 0.53 | Loss: 0.196 | Opp label coverage: 0.87
Step 1261420/5000000 | Win rate (rollout): 0.62 | Loss: 0.236 | Opp label coverage: 0.91
Step 1261939/5000000 | Win rate (rollout): 0.54 | Loss: 0.186 | Opp label coverage: 0.90
Step 1262451/5000000 | Win rate (rollout): 0.75 | Loss: 0.195 | Opp label coverage: 0.92
Step 1262969/5000000 | Win rate (rollout): 0.83 | Loss: 0.240 | Opp label coverage: 0.92
Step 1263481/5000000 | Win rate (rollout): 0.46 | Loss: 0.201 | Opp label coverage: 0.79
Step 1263998/5000000 | Win rate (rollout): 0.36 | Loss: 0.192 | Opp label coverage: 0.90
Step 1264510/5000000 | Win rate (rollout): 0.57 | Loss: 0.167 | Opp label coverage: 0.78
Step 1265027/5000000 | Win rate (rollout): 0.56 | Loss: 0.193 | Opp label coverage: 0.90
Step 1265542/5000000 | Win rate (rollout): 0.33 | Loss: 0.268 | Opp label coverage: 0.87
Step 1266054/5000000 | Win rate (rollout): 0.38 | Loss: 0.156 | Opp label coverage: 0.80
Step 1266567/5000000 | Win rate (rollout): 0.67 | Loss: 0.257 | Opp label coverage: 0.90
Step 1267081/5000000 | Win rate (rollout): 0.45 | Loss: 0.221 | Opp label coverage: 0.89
Step 1267593/5000000 | Win rate (rollout): 0.67 | Loss: 0.195 | Opp label coverage: 0.81
Step 1268105/5000000 | Win rate (rollout): 0.25 | Loss: 0.185 | Opp label coverage: 0.83
Step 1268617/5000000 | Win rate (rollout): 0.43 | Loss: 0.193 | Opp label coverage: 0.81
Step 1269134/5000000 | Win rate (rollout): 0.62 | Loss: 0.268 | Opp label coverage: 0.90
Step 1269651/5000000 | Win rate (rollout): 0.50 | Loss: 0.193 | Opp label coverage: 0.91
Step 1270163/5000000 | Win rate (rollout): 0.30 | Loss: 0.198 | Opp label coverage: 0.84
Step 1270680/5000000 | Win rate (rollout): 0.62 | Loss: 0.206 | Opp label coverage: 0.90
Step 1271192/5000000 | Win rate (rollout): 0.60 | Loss: 0.201 | Opp label coverage: 0.90
Step 1271704/5000000 | Win rate (rollout): 0.50 | Loss: 0.191 | Opp label coverage: 0.78
Step 1272221/5000000 | Win rate (rollout): 0.44 | Loss: 0.188 | Opp label coverage: 0.88
Step 1272736/5000000 | Win rate (rollout): 0.36 | Loss: 0.209 | Opp label coverage: 0.90
Step 1273253/5000000 | Win rate (rollout): 0.67 | Loss: 0.242 | Opp label coverage: 0.90
Step 1273769/5000000 | Win rate (rollout): 0.44 | Loss: 0.209 | Opp label coverage: 0.91
Step 1274281/5000000 | Win rate (rollout): 0.17 | Loss: 0.208 | Opp label coverage: 0.90
Step 1274793/5000000 | Win rate (rollout): 0.25 | Loss: 0.156 | Opp label coverage: 0.78
Step 1275305/5000000 | Win rate (rollout): 0.70 | Loss: 0.209 | Opp label coverage: 0.83
Step 1275817/5000000 | Win rate (rollout): 0.64 | Loss: 0.216 | Opp label coverage: 0.79
Step 1276329/5000000 | Win rate (rollout): 0.44 | Loss: 0.221 | Opp label coverage: 0.89
Step 1276846/5000000 | Win rate (rollout): 0.46 | Loss: 0.167 | Opp label coverage: 0.90
Step 1277358/5000000 | Win rate (rollout): 0.78 | Loss: 0.203 | Opp label coverage: 0.82
Step 1277875/5000000 | Win rate (rollout): 0.30 | Loss: 0.198 | Opp label coverage: 0.90
Step 1278393/5000000 | Win rate (rollout): 0.25 | Loss: 0.198 | Opp label coverage: 0.89
Step 1278907/5000000 | Win rate (rollout): 0.86 | Loss: 0.208 | Opp label coverage: 0.92
Step 1279424/5000000 | Win rate (rollout): 0.64 | Loss: 0.237 | Opp label coverage: 0.90
Step 1279938/5000000 | Win rate (rollout): 0.73 | Loss: 0.176 | Opp label coverage: 0.90
Step 1280450/5000000 | Win rate (rollout): 0.71 | Loss: 0.164 | Opp label coverage: 0.79
Step 1280962/5000000 | Win rate (rollout): 0.43 | Loss: 0.195 | Opp label coverage: 0.82
Step 1281475/5000000 | Win rate (rollout): 0.55 | Loss: 0.255 | Opp label coverage: 0.90
Step 1281987/5000000 | Win rate (rollout): 0.50 | Loss: 0.205 | Opp label coverage: 0.83
Step 1282503/5000000 | Win rate (rollout): 0.70 | Loss: 0.192 | Opp label coverage: 0.90
Step 1283015/5000000 | Win rate (rollout): 0.50 | Loss: 0.179 | Opp label coverage: 0.76
Step 1283527/5000000 | Win rate (rollout): 0.56 | Loss: 0.173 | Opp label coverage: 0.81
Step 1284039/5000000 | Win rate (rollout): 0.40 | Loss: 0.188 | Opp label coverage: 0.79
Step 1284551/5000000 | Win rate (rollout): 0.40 | Loss: 0.188 | Opp label coverage: 0.82
Step 1285065/5000000 | Win rate (rollout): 0.44 | Loss: 0.333 | Opp label coverage: 0.90
Step 1285577/5000000 | Win rate (rollout): 0.33 | Loss: 0.188 | Opp label coverage: 0.79
Step 1286095/5000000 | Win rate (rollout): 0.56 | Loss: 0.149 | Opp label coverage: 0.90
Step 1286608/5000000 | Win rate (rollout): 0.36 | Loss: 0.333 | Opp label coverage: 0.89
Step 1287121/5000000 | Win rate (rollout): 0.54 | Loss: 0.264 | Opp label coverage: 0.90
Step 1287639/5000000 | Win rate (rollout): 0.71 | Loss: 0.169 | Opp label coverage: 0.87
Step 1288151/5000000 | Win rate (rollout): 0.45 | Loss: 0.188 | Opp label coverage: 0.82
Step 1288663/5000000 | Win rate (rollout): 0.67 | Loss: 0.190 | Opp label coverage: 0.78
Step 1289175/5000000 | Win rate (rollout): 0.17 | Loss: 0.188 | Opp label coverage: 0.78
Step 1289687/5000000 | Win rate (rollout): 0.55 | Loss: 0.208 | Opp label coverage: 0.83
Step 1290199/5000000 | Win rate (rollout): 0.62 | Loss: 0.189 | Opp label coverage: 0.85
Step 1290711/5000000 | Win rate (rollout): 0.36 | Loss: 0.170 | Opp label coverage: 0.83
Step 1291224/5000000 | Win rate (rollout): 0.25 | Loss: 0.259 | Opp label coverage: 0.90
Step 1291738/5000000 | Win rate (rollout): 0.67 | Loss: 0.305 | Opp label coverage: 0.90
Step 1292250/5000000 | Win rate (rollout): 0.27 | Loss: 0.194 | Opp label coverage: 0.82
Step 1292766/5000000 | Win rate (rollout): 0.50 | Loss: 0.213 | Opp label coverage: 0.92
Step 1293278/5000000 | Win rate (rollout): 0.36 | Loss: 0.207 | Opp label coverage: 0.82
Step 1293790/5000000 | Win rate (rollout): 0.40 | Loss: 0.229 | Opp label coverage: 0.80
Step 1294305/5000000 | Win rate (rollout): 0.11 | Loss: 0.181 | Opp label coverage: 0.89
Step 1294817/5000000 | Win rate (rollout): 0.75 | Loss: 0.194 | Opp label coverage: 0.80
Step 1295331/5000000 | Win rate (rollout): 0.89 | Loss: 0.192 | Opp label coverage: 0.93
Step 1295847/5000000 | Win rate (rollout): 0.57 | Loss: 0.241 | Opp label coverage: 0.90
Step 1296359/5000000 | Win rate (rollout): 0.17 | Loss: 0.183 | Opp label coverage: 0.82
Step 1296871/5000000 | Win rate (rollout): 0.39 | Loss: 0.226 | Opp label coverage: 0.83
Step 1297383/5000000 | Win rate (rollout): 0.75 | Loss: 0.179 | Opp label coverage: 0.93
Step 1297895/5000000 | Win rate (rollout): 0.43 | Loss: 0.185 | Opp label coverage: 0.85
Step 1298410/5000000 | Win rate (rollout): 0.78 | Loss: 0.198 | Opp label coverage: 0.90
Step 1298922/5000000 | Win rate (rollout): 0.64 | Loss: 0.173 | Opp label coverage: 0.91
Step 1299438/5000000 | Win rate (rollout): 0.43 | Loss: 0.151 | Opp label coverage: 0.90
Step 1299953/5000000 | Win rate (rollout): 0.43 | Loss: 0.182 | Opp label coverage: 0.89
Step 1300465/5000000 | Win rate (rollout): 0.50 | Loss: 0.170 | Opp label coverage: 0.84
Step 1300977/5000000 | Win rate (rollout): 0.36 | Loss: 0.167 | Opp label coverage: 0.82
Step 1301492/5000000 | Win rate (rollout): 0.44 | Loss: 0.187 | Opp label coverage: 0.90
Step 1302004/5000000 | Win rate (rollout): 0.46 | Loss: 0.210 | Opp label coverage: 0.83
Step 1302519/5000000 | Win rate (rollout): 0.58 | Loss: 0.241 | Opp label coverage: 0.90
Step 1303031/5000000 | Win rate (rollout): 0.62 | Loss: 0.208 | Opp label coverage: 0.87
Step 1303543/5000000 | Win rate (rollout): 0.38 | Loss: 0.207 | Opp label coverage: 0.79
Step 1304055/5000000 | Win rate (rollout): 0.40 | Loss: 0.185 | Opp label coverage: 0.80
Step 1304567/5000000 | Win rate (rollout): 0.83 | Loss: 0.191 | Opp label coverage: 0.91
Step 1305080/5000000 | Win rate (rollout): 0.57 | Loss: 0.069 | Opp label coverage: 0.90
Step 1305592/5000000 | Win rate (rollout): 0.42 | Loss: 0.205 | Opp label coverage: 0.80
Step 1306104/5000000 | Win rate (rollout): 0.50 | Loss: 0.197 | Opp label coverage: 0.88
Step 1306616/5000000 | Win rate (rollout): 0.47 | Loss: 0.198 | Opp label coverage: 0.90
Step 1307133/5000000 | Win rate (rollout): 0.23 | Loss: 0.220 | Opp label coverage: 0.89
Step 1307647/5000000 | Win rate (rollout): 0.25 | Loss: 0.218 | Opp label coverage: 0.90
Step 1308159/5000000 | Win rate (rollout): 0.18 | Loss: 0.177 | Opp label coverage: 0.81
Step 1308671/5000000 | Win rate (rollout): 0.57 | Loss: 0.201 | Opp label coverage: 0.76
Step 1309183/5000000 | Win rate (rollout): 0.25 | Loss: 0.183 | Opp label coverage: 0.81
Step 1309699/5000000 | Win rate (rollout): 0.73 | Loss: 0.223 | Opp label coverage: 0.91
Step 1310211/5000000 | Win rate (rollout): 0.33 | Loss: 0.182 | Opp label coverage: 0.80
Step 1310724/5000000 | Win rate (rollout): 0.62 | Loss: 0.204 | Opp label coverage: 0.89
Step 1311237/5000000 | Win rate (rollout): 0.40 | Loss: 0.195 | Opp label coverage: 0.91
Step 1311751/5000000 | Win rate (rollout): 0.47 | Loss: 0.233 | Opp label coverage: 0.89
Step 1312263/5000000 | Win rate (rollout): 0.27 | Loss: 0.194 | Opp label coverage: 0.83
Step 1312779/5000000 | Win rate (rollout): 0.67 | Loss: 0.171 | Opp label coverage: 0.91
Step 1313292/5000000 | Win rate (rollout): 0.62 | Loss: 0.202 | Opp label coverage: 0.90
Step 1313804/5000000 | Win rate (rollout): 0.50 | Loss: 0.198 | Opp label coverage: 0.81
Step 1314318/5000000 | Win rate (rollout): 0.56 | Loss: 0.199 | Opp label coverage: 0.91
Step 1314831/5000000 | Win rate (rollout): 0.50 | Loss: 0.227 | Opp label coverage: 0.92
Step 1315343/5000000 | Win rate (rollout): 0.36 | Loss: 0.155 | Opp label coverage: 0.84
Step 1315859/5000000 | Win rate (rollout): 0.38 | Loss: 0.221 | Opp label coverage: 0.90
Step 1316376/5000000 | Win rate (rollout): 0.57 | Loss: 0.225 | Opp label coverage: 0.91
Step 1316888/5000000 | Win rate (rollout): 0.23 | Loss: 0.178 | Opp label coverage: 0.86
Step 1317400/5000000 | Win rate (rollout): 0.50 | Loss: 0.208 | Opp label coverage: 0.91
Step 1317914/5000000 | Win rate (rollout): 0.29 | Loss: 0.242 | Opp label coverage: 0.90
Step 1318426/5000000 | Win rate (rollout): 0.33 | Loss: 0.176 | Opp label coverage: 0.81
Step 1318942/5000000 | Win rate (rollout): 0.38 | Loss: 0.235 | Opp label coverage: 0.90
Step 1319456/5000000 | Win rate (rollout): 0.56 | Loss: 0.204 | Opp label coverage: 0.90
Step 1319969/5000000 | Win rate (rollout): 0.60 | Loss: 0.212 | Opp label coverage: 0.91
Step 1320481/5000000 | Win rate (rollout): 0.42 | Loss: 0.190 | Opp label coverage: 0.80
Step 1320999/5000000 | Win rate (rollout): 0.22 | Loss: 0.174 | Opp label coverage: 0.88
Step 1321513/5000000 | Win rate (rollout): 0.56 | Loss: 0.263 | Opp label coverage: 0.90
Step 1322025/5000000 | Win rate (rollout): 0.42 | Loss: 0.218 | Opp label coverage: 0.80
Step 1322537/5000000 | Win rate (rollout): 0.47 | Loss: 0.193 | Opp label coverage: 0.79
Step 1323049/5000000 | Win rate (rollout): 0.75 | Loss: 0.189 | Opp label coverage: 0.84
Step 1323566/5000000 | Win rate (rollout): 0.27 | Loss: 0.221 | Opp label coverage: 0.88
Step 1324082/5000000 | Win rate (rollout): 0.31 | Loss: 0.213 | Opp label coverage: 0.88
Step 1324595/5000000 | Win rate (rollout): 0.45 | Loss: 0.296 | Opp label coverage: 0.90
Step 1325107/5000000 | Win rate (rollout): 0.31 | Loss: 0.198 | Opp label coverage: 0.82
Step 1325623/5000000 | Win rate (rollout): 0.56 | Loss: 0.227 | Opp label coverage: 0.92
Step 1326135/5000000 | Win rate (rollout): 0.60 | Loss: 0.178 | Opp label coverage: 0.86
Step 1326652/5000000 | Win rate (rollout): 0.30 | Loss: 0.233 | Opp label coverage: 0.90
Step 1327164/5000000 | Win rate (rollout): 0.29 | Loss: 0.172 | Opp label coverage: 0.84
Step 1327676/5000000 | Win rate (rollout): 0.58 | Loss: 0.203 | Opp label coverage: 0.75
Step 1328188/5000000 | Win rate (rollout): 0.33 | Loss: 0.178 | Opp label coverage: 0.79
Step 1328700/5000000 | Win rate (rollout): 0.23 | Loss: 0.150 | Opp label coverage: 0.83
Step 1329219/5000000 | Win rate (rollout): 0.20 | Loss: 0.169 | Opp label coverage: 0.92
Step 1329733/5000000 | Win rate (rollout): 0.15 | Loss: 0.222 | Opp label coverage: 0.90
Step 1330245/5000000 | Win rate (rollout): 0.25 | Loss: 0.153 | Opp label coverage: 0.82
Step 1330757/5000000 | Win rate (rollout): 0.38 | Loss: 0.205 | Opp label coverage: 0.83
Step 1331269/5000000 | Win rate (rollout): 0.25 | Loss: 0.193 | Opp label coverage: 0.79
Step 1331781/5000000 | Win rate (rollout): 0.78 | Loss: 0.186 | Opp label coverage: 0.84
Step 1332293/5000000 | Win rate (rollout): 0.58 | Loss: 0.177 | Opp label coverage: 0.81
Step 1332810/5000000 | Win rate (rollout): 0.56 | Loss: 0.218 | Opp label coverage: 0.90
Step 1333322/5000000 | Win rate (rollout): 0.17 | Loss: 0.178 | Opp label coverage: 0.83
Step 1333838/5000000 | Win rate (rollout): 0.56 | Loss: 0.235 | Opp label coverage: 0.90
Step 1334350/5000000 | Win rate (rollout): 0.38 | Loss: 0.182 | Opp label coverage: 0.84
Step 1334862/5000000 | Win rate (rollout): 0.58 | Loss: 0.191 | Opp label coverage: 0.81
Step 1335374/5000000 | Win rate (rollout): 0.40 | Loss: 0.187 | Opp label coverage: 0.80
Step 1335890/5000000 | Win rate (rollout): 0.42 | Loss: 0.205 | Opp label coverage: 0.88
Step 1336402/5000000 | Win rate (rollout): 0.33 | Loss: 0.179 | Opp label coverage: 0.87
Step 1336914/5000000 | Win rate (rollout): 0.36 | Loss: 0.158 | Opp label coverage: 0.81
Step 1337426/5000000 | Win rate (rollout): 0.46 | Loss: 0.208 | Opp label coverage: 0.82
Step 1337939/5000000 | Win rate (rollout): 0.42 | Loss: 0.215 | Opp label coverage: 0.90
Step 1338458/5000000 | Win rate (rollout): 0.64 | Loss: 0.226 | Opp label coverage: 0.92
Step 1338970/5000000 | Win rate (rollout): 0.79 | Loss: 0.201 | Opp label coverage: 0.91
Step 1339482/5000000 | Win rate (rollout): 0.44 | Loss: 0.179 | Opp label coverage: 0.84
Step 1339994/5000000 | Win rate (rollout): 0.58 | Loss: 0.210 | Opp label coverage: 0.82
Step 1340508/5000000 | Win rate (rollout): 0.38 | Loss: 0.175 | Opp label coverage: 0.88
Step 1341026/5000000 | Win rate (rollout): 0.29 | Loss: 0.178 | Opp label coverage: 0.91
Step 1341538/5000000 | Win rate (rollout): 0.50 | Loss: 0.221 | Opp label coverage: 0.81
Step 1342054/5000000 | Win rate (rollout): 0.22 | Loss: 0.158 | Opp label coverage: 0.90
Step 1342572/5000000 | Win rate (rollout): 0.44 | Loss: 0.182 | Opp label coverage: 0.88
Step 1343086/5000000 | Win rate (rollout): 0.38 | Loss: 0.205 | Opp label coverage: 0.89
Step 1343598/5000000 | Win rate (rollout): 0.45 | Loss: 0.182 | Opp label coverage: 0.83
Step 1344116/5000000 | Win rate (rollout): 0.27 | Loss: 0.194 | Opp label coverage: 0.89
Step 1344629/5000000 | Win rate (rollout): 0.64 | Loss: 0.223 | Opp label coverage: 0.91
Step 1345141/5000000 | Win rate (rollout): 0.33 | Loss: 0.178 | Opp label coverage: 0.87
Step 1345653/5000000 | Win rate (rollout): 0.88 | Loss: 0.205 | Opp label coverage: 0.85
Step 1346166/5000000 | Win rate (rollout): 0.29 | Loss: 0.200 | Opp label coverage: 0.91
Step 1346679/5000000 | Win rate (rollout): 0.64 | Loss: 0.184 | Opp label coverage: 0.90
Step 1347191/5000000 | Win rate (rollout): 0.47 | Loss: 0.198 | Opp label coverage: 0.90
Step 1347703/5000000 | Win rate (rollout): 0.73 | Loss: 0.170 | Opp label coverage: 0.83
Step 1348215/5000000 | Win rate (rollout): 0.30 | Loss: 0.197 | Opp label coverage: 0.80
Step 1348730/5000000 | Win rate (rollout): 0.40 | Loss: 0.194 | Opp label coverage: 0.89
Step 1349242/5000000 | Win rate (rollout): 0.64 | Loss: 0.181 | Opp label coverage: 0.79
Step 1349754/5000000 | Win rate (rollout): 0.50 | Loss: 0.157 | Opp label coverage: 0.90
Step 1350270/5000000 | Win rate (rollout): 0.56 | Loss: 0.202 | Opp label coverage: 0.91
Step 1350788/5000000 | Win rate (rollout): 0.45 | Loss: 0.218 | Opp label coverage: 0.91
Step 1351306/5000000 | Win rate (rollout): 0.58 | Loss: 0.164 | Opp label coverage: 0.90
Step 1351818/5000000 | Win rate (rollout): 0.56 | Loss: 0.177 | Opp label coverage: 0.81
Step 1352330/5000000 | Win rate (rollout): 0.08 | Loss: 0.178 | Opp label coverage: 0.82
Step 1352842/5000000 | Win rate (rollout): 0.57 | Loss: 0.171 | Opp label coverage: 0.81
Step 1353357/5000000 | Win rate (rollout): 0.25 | Loss: 0.204 | Opp label coverage: 0.90
Step 1353872/5000000 | Win rate (rollout): 0.38 | Loss: 0.191 | Opp label coverage: 0.88
Step 1354384/5000000 | Win rate (rollout): 0.33 | Loss: 0.193 | Opp label coverage: 0.76
Step 1354896/5000000 | Win rate (rollout): 0.33 | Loss: 0.178 | Opp label coverage: 0.83
Step 1355408/5000000 | Win rate (rollout): 0.27 | Loss: 0.205 | Opp label coverage: 0.83
Step 1355924/5000000 | Win rate (rollout): 0.75 | Loss: 0.183 | Opp label coverage: 0.92
Step 1356440/5000000 | Win rate (rollout): 0.46 | Loss: 0.204 | Opp label coverage: 0.91
Step 1356954/5000000 | Win rate (rollout): 0.31 | Loss: 0.238 | Opp label coverage: 0.90
Step 1357466/5000000 | Win rate (rollout): 0.36 | Loss: 0.172 | Opp label coverage: 0.84
Step 1357978/5000000 | Win rate (rollout): 0.00 | Loss: 0.157 | Opp label coverage: 0.79
Step 1358490/5000000 | Win rate (rollout): 0.25 | Loss: 0.212 | Opp label coverage: 0.84
Step 1359002/5000000 | Win rate (rollout): 0.19 | Loss: 0.179 | Opp label coverage: 0.81
Step 1359514/5000000 | Win rate (rollout): 0.36 | Loss: 0.163 | Opp label coverage: 0.78
Step 1360028/5000000 | Win rate (rollout): 0.20 | Loss: 0.137 | Opp label coverage: 0.89
Step 1360540/5000000 | Win rate (rollout): 0.50 | Loss: 0.208 | Opp label coverage: 0.87
Step 1361058/5000000 | Win rate (rollout): 0.00 | Loss: 0.168 | Opp label coverage: 0.89
Step 1361570/5000000 | Win rate (rollout): 0.14 | Loss: 0.163 | Opp label coverage: 0.82
Step 1362082/5000000 | Win rate (rollout): 0.45 | Loss: 0.166 | Opp label coverage: 0.78
Step 1362594/5000000 | Win rate (rollout): 0.38 | Loss: 0.163 | Opp label coverage: 0.85
Step 1363106/5000000 | Win rate (rollout): 0.46 | Loss: 0.182 | Opp label coverage: 0.77
Step 1363621/5000000 | Win rate (rollout): 0.58 | Loss: 0.198 | Opp label coverage: 0.90
Step 1364133/5000000 | Win rate (rollout): 0.38 | Loss: 0.170 | Opp label coverage: 0.84
Step 1364652/5000000 | Win rate (rollout): 0.67 | Loss: 0.196 | Opp label coverage: 0.90
Step 1365164/5000000 | Win rate (rollout): 0.50 | Loss: 0.168 | Opp label coverage: 0.86
Step 1365681/5000000 | Win rate (rollout): 0.33 | Loss: 0.192 | Opp label coverage: 0.90
Step 1366193/5000000 | Win rate (rollout): 0.18 | Loss: 0.170 | Opp label coverage: 0.82
Step 1366707/5000000 | Win rate (rollout): 0.44 | Loss: 0.253 | Opp label coverage: 0.89
Step 1367223/5000000 | Win rate (rollout): 0.57 | Loss: 0.216 | Opp label coverage: 0.91
Step 1367735/5000000 | Win rate (rollout): 0.62 | Loss: 0.180 | Opp label coverage: 0.82
Step 1368252/5000000 | Win rate (rollout): 0.70 | Loss: 0.194 | Opp label coverage: 0.91
Step 1368764/5000000 | Win rate (rollout): 0.38 | Loss: 0.198 | Opp label coverage: 0.89
Step 1369280/5000000 | Win rate (rollout): 0.54 | Loss: 0.191 | Opp label coverage: 0.90
Step 1369794/5000000 | Win rate (rollout): 0.54 | Loss: 0.183 | Opp label coverage: 0.89
Step 1370310/5000000 | Win rate (rollout): 0.21 | Loss: 0.206 | Opp label coverage: 0.88
Step 1370827/5000000 | Win rate (rollout): 0.21 | Loss: 0.169 | Opp label coverage: 0.89
Step 1371339/5000000 | Win rate (rollout): 0.25 | Loss: 0.153 | Opp label coverage: 0.85
Step 1371858/5000000 | Win rate (rollout): 0.33 | Loss: 0.137 | Opp label coverage: 0.92
Step 1372370/5000000 | Win rate (rollout): 0.71 | Loss: 0.193 | Opp label coverage: 0.85
Step 1372882/5000000 | Win rate (rollout): 0.08 | Loss: 0.168 | Opp label coverage: 0.81
Step 1373394/5000000 | Win rate (rollout): 0.67 | Loss: 0.164 | Opp label coverage: 0.79
Step 1373907/5000000 | Win rate (rollout): 0.00 | Loss: 0.139 | Opp label coverage: 0.87
Step 1374422/5000000 | Win rate (rollout): 0.50 | Loss: 0.218 | Opp label coverage: 0.90
Step 1374936/5000000 | Win rate (rollout): 0.27 | Loss: 0.176 | Opp label coverage: 0.90
Step 1375453/5000000 | Win rate (rollout): 0.25 | Loss: 0.200 | Opp label coverage: 0.90
Step 1375965/5000000 | Win rate (rollout): 0.27 | Loss: 0.167 | Opp label coverage: 0.81
Step 1376483/5000000 | Win rate (rollout): 0.50 | Loss: 0.216 | Opp label coverage: 0.90
Step 1377001/5000000 | Win rate (rollout): 0.54 | Loss: 0.216 | Opp label coverage: 0.92
Step 1377513/5000000 | Win rate (rollout): 0.31 | Loss: 0.195 | Opp label coverage: 0.82
Step 1378025/5000000 | Win rate (rollout): 0.33 | Loss: 0.181 | Opp label coverage: 0.83
Step 1378537/5000000 | Win rate (rollout): 0.22 | Loss: 0.175 | Opp label coverage: 0.89
Step 1379049/5000000 | Win rate (rollout): 0.00 | Loss: 0.144 | Opp label coverage: 0.82
Step 1379564/5000000 | Win rate (rollout): 0.33 | Loss: 0.143 | Opp label coverage: 0.93
Step 1380076/5000000 | Win rate (rollout): 0.57 | Loss: 0.176 | Opp label coverage: 0.81
Step 1380588/5000000 | Win rate (rollout): 0.18 | Loss: 0.144 | Opp label coverage: 0.82
Step 1381100/5000000 | Win rate (rollout): 0.21 | Loss: 0.193 | Opp label coverage: 0.83
Step 1381612/5000000 | Win rate (rollout): 0.43 | Loss: 0.188 | Opp label coverage: 0.80
Step 1382124/5000000 | Win rate (rollout): 0.18 | Loss: 0.187 | Opp label coverage: 0.82
Step 1382640/5000000 | Win rate (rollout): 0.62 | Loss: 0.185 | Opp label coverage: 0.89
Step 1383152/5000000 | Win rate (rollout): 0.47 | Loss: 0.230 | Opp label coverage: 0.90
Step 1383664/5000000 | Win rate (rollout): 0.56 | Loss: 0.193 | Opp label coverage: 0.80
Step 1384182/5000000 | Win rate (rollout): 0.67 | Loss: 0.153 | Opp label coverage: 0.92
Step 1384698/5000000 | Win rate (rollout): 0.50 | Loss: 0.203 | Opp label coverage: 0.91
Step 1385210/5000000 | Win rate (rollout): 0.89 | Loss: 0.167 | Opp label coverage: 0.82
Step 1385722/5000000 | Win rate (rollout): 0.60 | Loss: 0.180 | Opp label coverage: 0.80
Step 1386236/5000000 | Win rate (rollout): 0.70 | Loss: 0.134 | Opp label coverage: 0.89
Step 1386751/5000000 | Win rate (rollout): 0.38 | Loss: 0.202 | Opp label coverage: 0.90
Step 1387263/5000000 | Win rate (rollout): 0.60 | Loss: 0.181 | Opp label coverage: 0.92
Step 1387777/5000000 | Win rate (rollout): 0.62 | Loss: 0.161 | Opp label coverage: 0.89
Step 1388296/5000000 | Win rate (rollout): 0.50 | Loss: 0.220 | Opp label coverage: 0.91
Step 1388814/5000000 | Win rate (rollout): 0.53 | Loss: 0.142 | Opp label coverage: 0.90
Step 1389331/5000000 | Win rate (rollout): 0.50 | Loss: 0.189 | Opp label coverage: 0.89
Step 1389849/5000000 | Win rate (rollout): 0.50 | Loss: 0.188 | Opp label coverage: 0.91
Step 1390361/5000000 | Win rate (rollout): 0.62 | Loss: 0.192 | Opp label coverage: 0.91
Step 1390873/5000000 | Win rate (rollout): 0.57 | Loss: 0.211 | Opp label coverage: 0.83
Step 1391385/5000000 | Win rate (rollout): 0.27 | Loss: 0.162 | Opp label coverage: 0.73
Step 1391897/5000000 | Win rate (rollout): 0.50 | Loss: 0.195 | Opp label coverage: 0.80
Step 1392409/5000000 | Win rate (rollout): 0.67 | Loss: 0.159 | Opp label coverage: 0.74
Step 1392923/5000000 | Win rate (rollout): 0.64 | Loss: 0.226 | Opp label coverage: 0.90
Step 1393438/5000000 | Win rate (rollout): 0.53 | Loss: 0.269 | Opp label coverage: 0.89
Step 1393957/5000000 | Win rate (rollout): 0.50 | Loss: 0.190 | Opp label coverage: 0.91
Step 1394473/5000000 | Win rate (rollout): 0.38 | Loss: 0.205 | Opp label coverage: 0.89
Step 1394985/5000000 | Win rate (rollout): 0.38 | Loss: 0.178 | Opp label coverage: 0.84
Step 1395499/5000000 | Win rate (rollout): 0.60 | Loss: 0.193 | Opp label coverage: 0.92
Step 1396011/5000000 | Win rate (rollout): 0.29 | Loss: 0.168 | Opp label coverage: 0.85
Step 1396523/5000000 | Win rate (rollout): 0.46 | Loss: 0.174 | Opp label coverage: 0.83
Step 1397041/5000000 | Win rate (rollout): 0.33 | Loss: 0.124 | Opp label coverage: 0.91
Step 1397553/5000000 | Win rate (rollout): 0.25 | Loss: 0.194 | Opp label coverage: 0.84
Step 1398069/5000000 | Win rate (rollout): 0.00 | Loss: 0.147 | Opp label coverage: 0.89
Step 1398581/5000000 | Win rate (rollout): 0.60 | Loss: 0.199 | Opp label coverage: 0.79
Step 1399100/5000000 | Win rate (rollout): 0.50 | Loss: 0.184 | Opp label coverage: 0.88
Step 1399615/5000000 | Win rate (rollout): 0.31 | Loss: 0.201 | Opp label coverage: 0.92
Step 1400127/5000000 | Win rate (rollout): 0.27 | Loss: 0.176 | Opp label coverage: 0.79
Step 1400639/5000000 | Win rate (rollout): 0.27 | Loss: 0.165 | Opp label coverage: 0.78
Step 1401151/5000000 | Win rate (rollout): 0.21 | Loss: 0.168 | Opp label coverage: 0.78
Step 1401663/5000000 | Win rate (rollout): 0.50 | Loss: 0.170 | Opp label coverage: 0.83
Step 1402179/5000000 | Win rate (rollout): 0.36 | Loss: 0.242 | Opp label coverage: 0.90
Step 1402695/5000000 | Win rate (rollout): 0.58 | Loss: 0.171 | Opp label coverage: 0.91
Step 1403211/5000000 | Win rate (rollout): 0.46 | Loss: 0.185 | Opp label coverage: 0.89
Step 1403726/5000000 | Win rate (rollout): 0.31 | Loss: 0.208 | Opp label coverage: 0.90
Step 1404238/5000000 | Win rate (rollout): 0.46 | Loss: 0.178 | Opp label coverage: 0.82
Step 1404754/5000000 | Win rate (rollout): 0.67 | Loss: 0.195 | Opp label coverage: 0.90
Step 1405272/5000000 | Win rate (rollout): 0.53 | Loss: 0.223 | Opp label coverage: 0.89
Step 1405784/5000000 | Win rate (rollout): 0.25 | Loss: 0.172 | Opp label coverage: 0.80
Step 1406296/5000000 | Win rate (rollout): 0.22 | Loss: 0.198 | Opp label coverage: 0.83
Step 1406808/5000000 | Win rate (rollout): 0.21 | Loss: 0.176 | Opp label coverage: 0.79
Step 1407322/5000000 | Win rate (rollout): 0.22 | Loss: 0.210 | Opp label coverage: 0.90
Step 1407834/5000000 | Win rate (rollout): 0.14 | Loss: 0.146 | Opp label coverage: 0.86
Step 1408346/5000000 | Win rate (rollout): 0.38 | Loss: 0.187 | Opp label coverage: 0.76
Step 1408860/5000000 | Win rate (rollout): 0.33 | Loss: 0.192 | Opp label coverage: 0.90
Step 1409372/5000000 | Win rate (rollout): 0.38 | Loss: 0.204 | Opp label coverage: 0.86
Step 1409886/5000000 | Win rate (rollout): 0.22 | Loss: 0.173 | Opp label coverage: 0.90
Step 1410403/5000000 | Win rate (rollout): 0.67 | Loss: 0.205 | Opp label coverage: 0.91
Step 1410918/5000000 | Win rate (rollout): 0.54 | Loss: 0.204 | Opp label coverage: 0.90
Step 1411432/5000000 | Win rate (rollout): 0.38 | Loss: 0.261 | Opp label coverage: 0.89
Step 1411944/5000000 | Win rate (rollout): 0.38 | Loss: 0.194 | Opp label coverage: 0.91
Step 1412458/5000000 | Win rate (rollout): 0.43 | Loss: 0.202 | Opp label coverage: 0.87
Step 1412970/5000000 | Win rate (rollout): 0.44 | Loss: 0.196 | Opp label coverage: 0.83
Step 1413482/5000000 | Win rate (rollout): 0.50 | Loss: 0.178 | Opp label coverage: 0.78
Step 1413995/5000000 | Win rate (rollout): 0.56 | Loss: 0.201 | Opp label coverage: 0.90
Step 1414511/5000000 | Win rate (rollout): 0.44 | Loss: 0.220 | Opp label coverage: 0.89
Step 1415030/5000000 | Win rate (rollout): 0.62 | Loss: 0.253 | Opp label coverage: 0.91
Step 1415543/5000000 | Win rate (rollout): 0.55 | Loss: 0.107 | Opp label coverage: 0.92
Step 1416055/5000000 | Win rate (rollout): 0.31 | Loss: 0.214 | Opp label coverage: 0.88
Step 1416567/5000000 | Win rate (rollout): 0.17 | Loss: 0.182 | Opp label coverage: 0.84
Step 1417080/5000000 | Win rate (rollout): 0.25 | Loss: 0.217 | Opp label coverage: 0.89
Step 1417592/5000000 | Win rate (rollout): 0.22 | Loss: 0.161 | Opp label coverage: 0.83
Step 1418106/5000000 | Win rate (rollout): 0.64 | Loss: 0.155 | Opp label coverage: 0.90
Step 1418618/5000000 | Win rate (rollout): 0.21 | Loss: 0.206 | Opp label coverage: 0.82
Step 1419133/5000000 | Win rate (rollout): 0.22 | Loss: 0.129 | Opp label coverage: 0.90
Step 1419645/5000000 | Win rate (rollout): 0.17 | Loss: 0.164 | Opp label coverage: 0.81
Step 1420157/5000000 | Win rate (rollout): 0.46 | Loss: 0.219 | Opp label coverage: 0.81
Step 1420669/5000000 | Win rate (rollout): 0.19 | Loss: 0.179 | Opp label coverage: 0.76
Step 1421181/5000000 | Win rate (rollout): 0.44 | Loss: 0.166 | Opp label coverage: 0.75
Step 1421695/5000000 | Win rate (rollout): 0.50 | Loss: 0.241 | Opp label coverage: 0.91
Step 1422214/5000000 | Win rate (rollout): 0.38 | Loss: 0.195 | Opp label coverage: 0.89
Step 1422732/5000000 | Win rate (rollout): 0.41 | Loss: 0.157 | Opp label coverage: 0.89
Step 1423244/5000000 | Win rate (rollout): 0.50 | Loss: 0.194 | Opp label coverage: 0.82
Step 1423757/5000000 | Win rate (rollout): 0.56 | Loss: 0.186 | Opp label coverage: 0.91
Step 1424269/5000000 | Win rate (rollout): 0.15 | Loss: 0.264 | Opp label coverage: 0.90
Step 1424781/5000000 | Win rate (rollout): 0.45 | Loss: 0.202 | Opp label coverage: 0.79
Step 1425295/5000000 | Win rate (rollout): 0.12 | Loss: 0.203 | Opp label coverage: 0.91
Step 1425812/5000000 | Win rate (rollout): 0.50 | Loss: 0.203 | Opp label coverage: 0.91
Step 1426325/5000000 | Win rate (rollout): 0.38 | Loss: -0.034 | Opp label coverage: 0.89
Step 1426843/5000000 | Win rate (rollout): 0.35 | Loss: 0.170 | Opp label coverage: 0.89
Step 1427360/5000000 | Win rate (rollout): 0.30 | Loss: 0.209 | Opp label coverage: 0.89
Step 1427875/5000000 | Win rate (rollout): 0.54 | Loss: 0.189 | Opp label coverage: 0.91
Step 1428387/5000000 | Win rate (rollout): 0.33 | Loss: 0.180 | Opp label coverage: 0.86
Step 1428899/5000000 | Win rate (rollout): 0.38 | Loss: 0.224 | Opp label coverage: 0.81
Step 1429415/5000000 | Win rate (rollout): 0.43 | Loss: 0.196 | Opp label coverage: 0.91
Step 1429931/5000000 | Win rate (rollout): 0.25 | Loss: 0.159 | Opp label coverage: 0.90
Step 1430443/5000000 | Win rate (rollout): 0.42 | Loss: 0.175 | Opp label coverage: 0.83
Step 1430955/5000000 | Win rate (rollout): 0.40 | Loss: 0.199 | Opp label coverage: 0.83
Step 1431467/5000000 | Win rate (rollout): 0.44 | Loss: 0.177 | Opp label coverage: 0.86
Step 1431979/5000000 | Win rate (rollout): 0.36 | Loss: 0.206 | Opp label coverage: 0.90
Step 1432498/5000000 | Win rate (rollout): 0.45 | Loss: 0.193 | Opp label coverage: 0.90
Step 1433014/5000000 | Win rate (rollout): 0.46 | Loss: 0.199 | Opp label coverage: 0.91
Step 1433528/5000000 | Win rate (rollout): 0.67 | Loss: 0.173 | Opp label coverage: 0.89
Step 1434044/5000000 | Win rate (rollout): 0.21 | Loss: 0.222 | Opp label coverage: 0.90
Step 1434563/5000000 | Win rate (rollout): 0.42 | Loss: 0.151 | Opp label coverage: 0.91
Step 1435075/5000000 | Win rate (rollout): 0.45 | Loss: 0.182 | Opp label coverage: 0.84
Step 1435587/5000000 | Win rate (rollout): 0.57 | Loss: 0.208 | Opp label coverage: 0.82
Step 1436100/5000000 | Win rate (rollout): 0.67 | Loss: 0.217 | Opp label coverage: 0.92
Step 1436618/5000000 | Win rate (rollout): 0.54 | Loss: 0.212 | Opp label coverage: 0.92
Step 1437133/5000000 | Win rate (rollout): 0.69 | Loss: 0.173 | Opp label coverage: 0.91
Step 1437646/5000000 | Win rate (rollout): 0.46 | Loss: 0.202 | Opp label coverage: 0.89
Step 1438165/5000000 | Win rate (rollout): 0.53 | Loss: 0.181 | Opp label coverage: 0.91
Step 1438677/5000000 | Win rate (rollout): 0.50 | Loss: 0.178 | Opp label coverage: 0.90
Step 1439191/5000000 | Win rate (rollout): 0.43 | Loss: 0.163 | Opp label coverage: 0.92
Step 1439704/5000000 | Win rate (rollout): 0.73 | Loss: 0.214 | Opp label coverage: 0.91
Step 1440222/5000000 | Win rate (rollout): 0.92 | Loss: 0.195 | Opp label coverage: 0.91
Step 1440736/5000000 | Win rate (rollout): 0.50 | Loss: 0.175 | Opp label coverage: 0.89
Step 1441250/5000000 | Win rate (rollout): 0.60 | Loss: 0.275 | Opp label coverage: 0.91
Step 1441767/5000000 | Win rate (rollout): 0.50 | Loss: 0.173 | Opp label coverage: 0.90
Step 1442279/5000000 | Win rate (rollout): 0.53 | Loss: 0.244 | Opp label coverage: 0.84
Step 1442791/5000000 | Win rate (rollout): 0.14 | Loss: 0.154 | Opp label coverage: 0.81
Step 1443303/5000000 | Win rate (rollout): 0.27 | Loss: 0.165 | Opp label coverage: 0.85
Step 1443815/5000000 | Win rate (rollout): 0.70 | Loss: 0.181 | Opp label coverage: 0.77
Step 1444331/5000000 | Win rate (rollout): 0.75 | Loss: 0.207 | Opp label coverage: 0.93
Step 1444843/5000000 | Win rate (rollout): 0.62 | Loss: 0.177 | Opp label coverage: 0.84
Step 1445355/5000000 | Win rate (rollout): 0.50 | Loss: 0.201 | Opp label coverage: 0.82
Step 1445867/5000000 | Win rate (rollout): 0.38 | Loss: 0.222 | Opp label coverage: 0.84
Step 1446385/5000000 | Win rate (rollout): 0.50 | Loss: 0.158 | Opp label coverage: 0.91
Step 1446897/5000000 | Win rate (rollout): 0.55 | Loss: 0.173 | Opp label coverage: 0.80
Step 1447412/5000000 | Win rate (rollout): 0.30 | Loss: 0.221 | Opp label coverage: 0.89
Step 1447924/5000000 | Win rate (rollout): 0.38 | Loss: 0.163 | Opp label coverage: 0.79
Step 1448437/5000000 | Win rate (rollout): 0.67 | Loss: 0.191 | Opp label coverage: 0.91
Step 1448949/5000000 | Win rate (rollout): 0.40 | Loss: 0.180 | Opp label coverage: 0.83
Step 1449466/5000000 | Win rate (rollout): 0.60 | Loss: 0.234 | Opp label coverage: 0.90
Step 1449978/5000000 | Win rate (rollout): 0.45 | Loss: 0.170 | Opp label coverage: 0.85
Step 1450495/5000000 | Win rate (rollout): 0.43 | Loss: 0.211 | Opp label coverage: 0.91
Step 1451013/5000000 | Win rate (rollout): 0.29 | Loss: 0.173 | Opp label coverage: 0.88
Step 1451530/5000000 | Win rate (rollout): 0.29 | Loss: 0.207 | Opp label coverage: 0.89
Step 1452045/5000000 | Win rate (rollout): 0.29 | Loss: 0.199 | Opp label coverage: 0.88
Step 1452560/5000000 | Win rate (rollout): 0.54 | Loss: 0.234 | Opp label coverage: 0.90
Step 1453077/5000000 | Win rate (rollout): 0.47 | Loss: 0.150 | Opp label coverage: 0.89
Step 1453589/5000000 | Win rate (rollout): 0.30 | Loss: 0.182 | Opp label coverage: 0.83
Step 1454101/5000000 | Win rate (rollout): 0.21 | Loss: 0.163 | Opp label coverage: 0.79
Step 1454613/5000000 | Win rate (rollout): 0.50 | Loss: 0.204 | Opp label coverage: 0.82
Step 1455125/5000000 | Win rate (rollout): 0.22 | Loss: 0.161 | Opp label coverage: 0.83
Step 1455637/5000000 | Win rate (rollout): 0.50 | Loss: 0.196 | Opp label coverage: 0.89
Step 1456149/5000000 | Win rate (rollout): 0.17 | Loss: 0.193 | Opp label coverage: 0.81
Step 1456661/5000000 | Win rate (rollout): 0.50 | Loss: 0.192 | Opp label coverage: 0.82
Step 1457175/5000000 | Win rate (rollout): 0.78 | Loss: 0.148 | Opp label coverage: 0.89
Step 1457687/5000000 | Win rate (rollout): 0.36 | Loss: 0.183 | Opp label coverage: 0.77
Step 1458199/5000000 | Win rate (rollout): 0.29 | Loss: 0.187 | Opp label coverage: 0.86
Step 1458712/5000000 | Win rate (rollout): 0.33 | Loss: 0.231 | Opp label coverage: 0.89
Step 1459224/5000000 | Win rate (rollout): 0.21 | Loss: 0.187 | Opp label coverage: 0.83
Step 1459738/5000000 | Win rate (rollout): 0.27 | Loss: 0.172 | Opp label coverage: 0.88
Step 1460251/5000000 | Win rate (rollout): 0.60 | Loss: 0.102 | Opp label coverage: 0.91
Step 1460763/5000000 | Win rate (rollout): 0.50 | Loss: 0.201 | Opp label coverage: 0.80
Step 1461280/5000000 | Win rate (rollout): 0.27 | Loss: 0.181 | Opp label coverage: 0.88
Step 1461792/5000000 | Win rate (rollout): 0.45 | Loss: 0.224 | Opp label coverage: 0.85
Step 1462304/5000000 | Win rate (rollout): 0.17 | Loss: 0.166 | Opp label coverage: 0.79
Step 1462817/5000000 | Win rate (rollout): 0.45 | Loss: 0.138 | Opp label coverage: 0.88
Step 1463329/5000000 | Win rate (rollout): 0.27 | Loss: 0.162 | Opp label coverage: 0.81
Step 1463847/5000000 | Win rate (rollout): 0.45 | Loss: 0.211 | Opp label coverage: 0.90
Step 1464359/5000000 | Win rate (rollout): 0.27 | Loss: 0.188 | Opp label coverage: 0.84
Step 1464872/5000000 | Win rate (rollout): 0.11 | Loss: 0.098 | Opp label coverage: 0.89
Step 1465384/5000000 | Win rate (rollout): 0.60 | Loss: 0.190 | Opp label coverage: 0.79
Step 1465900/5000000 | Win rate (rollout): 0.44 | Loss: 0.182 | Opp label coverage: 0.90
Step 1466415/5000000 | Win rate (rollout): 0.71 | Loss: 0.180 | Opp label coverage: 0.92
Step 1466930/5000000 | Win rate (rollout): 0.46 | Loss: 0.191 | Opp label coverage: 0.91
Step 1467445/5000000 | Win rate (rollout): 0.12 | Loss: 0.211 | Opp label coverage: 0.88
Step 1467957/5000000 | Win rate (rollout): 0.50 | Loss: 0.203 | Opp label coverage: 0.82
Step 1468469/5000000 | Win rate (rollout): 0.36 | Loss: 0.176 | Opp label coverage: 0.82
Step 1468981/5000000 | Win rate (rollout): 0.64 | Loss: 0.233 | Opp label coverage: 0.84
Step 1469493/5000000 | Win rate (rollout): 0.30 | Loss: 0.166 | Opp label coverage: 0.85
Step 1470005/5000000 | Win rate (rollout): 0.36 | Loss: 0.193 | Opp label coverage: 0.84
Step 1470517/5000000 | Win rate (rollout): 0.38 | Loss: 0.201 | Opp label coverage: 0.85
Step 1471034/5000000 | Win rate (rollout): 0.38 | Loss: 0.243 | Opp label coverage: 0.90
Step 1471546/5000000 | Win rate (rollout): 0.62 | Loss: 0.212 | Opp label coverage: 0.85
Step 1472065/5000000 | Win rate (rollout): 0.40 | Loss: 0.216 | Opp label coverage: 0.90
Step 1472579/5000000 | Win rate (rollout): 0.69 | Loss: 0.229 | Opp label coverage: 0.91
Step 1473095/5000000 | Win rate (rollout): 0.38 | Loss: 0.228 | Opp label coverage: 0.90
Step 1473612/5000000 | Win rate (rollout): 0.64 | Loss: 0.177 | Opp label coverage: 0.90
Step 1474124/5000000 | Win rate (rollout): 0.38 | Loss: 0.181 | Opp label coverage: 0.84
Step 1474642/5000000 | Win rate (rollout): 0.33 | Loss: 0.213 | Opp label coverage: 0.88
Step 1475157/5000000 | Win rate (rollout): 0.36 | Loss: 0.205 | Opp label coverage: 0.90
Step 1475669/5000000 | Win rate (rollout): 0.67 | Loss: 0.192 | Opp label coverage: 0.87
Step 1476185/5000000 | Win rate (rollout): 0.45 | Loss: 0.182 | Opp label coverage: 0.90
Step 1476697/5000000 | Win rate (rollout): 0.33 | Loss: 0.193 | Opp label coverage: 0.81
Step 1477214/5000000 | Win rate (rollout): 0.25 | Loss: 0.183 | Opp label coverage: 0.89
Step 1477726/5000000 | Win rate (rollout): 0.45 | Loss: 0.207 | Opp label coverage: 0.85
Step 1478240/5000000 | Win rate (rollout): 0.30 | Loss: 0.226 | Opp label coverage: 0.89
Step 1478756/5000000 | Win rate (rollout): 0.38 | Loss: 0.153 | Opp label coverage: 0.89
Step 1479268/5000000 | Win rate (rollout): 0.67 | Loss: 0.231 | Opp label coverage: 0.82
Step 1479786/5000000 | Win rate (rollout): 0.45 | Loss: 0.213 | Opp label coverage: 0.90
Step 1480298/5000000 | Win rate (rollout): 0.25 | Loss: 0.167 | Opp label coverage: 0.87
Step 1480810/5000000 | Win rate (rollout): 0.29 | Loss: 0.177 | Opp label coverage: 0.81
Step 1481322/5000000 | Win rate (rollout): 0.12 | Loss: 0.168 | Opp label coverage: 0.84
Step 1481835/5000000 | Win rate (rollout): 0.56 | Loss: 0.127 | Opp label coverage: 0.89
Step 1482350/5000000 | Win rate (rollout): 0.46 | Loss: 0.180 | Opp label coverage: 0.92
Step 1482868/5000000 | Win rate (rollout): 0.14 | Loss: 0.183 | Opp label coverage: 0.88
Step 1483380/5000000 | Win rate (rollout): 0.50 | Loss: 0.186 | Opp label coverage: 0.87
Step 1483892/5000000 | Win rate (rollout): 0.38 | Loss: 0.191 | Opp label coverage: 0.83
Step 1484408/5000000 | Win rate (rollout): 0.62 | Loss: 0.230 | Opp label coverage: 0.90
Step 1484920/5000000 | Win rate (rollout): 0.57 | Loss: 0.184 | Opp label coverage: 0.91
Step 1485432/5000000 | Win rate (rollout): 0.20 | Loss: 0.176 | Opp label coverage: 0.83
Step 1485950/5000000 | Win rate (rollout): 0.75 | Loss: 0.178 | Opp label coverage: 0.92
Step 1486462/5000000 | Win rate (rollout): 0.50 | Loss: 0.185 | Opp label coverage: 0.81
Step 1486977/5000000 | Win rate (rollout): 0.56 | Loss: 0.205 | Opp label coverage: 0.91
Step 1487489/5000000 | Win rate (rollout): 0.25 | Loss: 0.194 | Opp label coverage: 0.84
Step 1488001/5000000 | Win rate (rollout): 0.55 | Loss: 0.200 | Opp label coverage: 0.89
Step 1488519/5000000 | Win rate (rollout): 0.27 | Loss: 0.205 | Opp label coverage: 0.91
Step 1489031/5000000 | Win rate (rollout): 0.38 | Loss: 0.194 | Opp label coverage: 0.81
Step 1489543/5000000 | Win rate (rollout): 0.64 | Loss: 0.205 | Opp label coverage: 0.80
Step 1490055/5000000 | Win rate (rollout): 0.38 | Loss: 0.199 | Opp label coverage: 0.80
Step 1490568/5000000 | Win rate (rollout): 0.55 | Loss: 0.234 | Opp label coverage: 0.91
Step 1491081/5000000 | Win rate (rollout): 0.46 | Loss: 0.174 | Opp label coverage: 0.89
Step 1491597/5000000 | Win rate (rollout): 0.25 | Loss: 0.231 | Opp label coverage: 0.91
Step 1492112/5000000 | Win rate (rollout): 0.53 | Loss: 0.217 | Opp label coverage: 0.91
Step 1492624/5000000 | Win rate (rollout): 0.08 | Loss: 0.167 | Opp label coverage: 0.79
Step 1493141/5000000 | Win rate (rollout): 0.55 | Loss: 0.213 | Opp label coverage: 0.92
Step 1493653/5000000 | Win rate (rollout): 0.57 | Loss: 0.169 | Opp label coverage: 0.77
Step 1494165/5000000 | Win rate (rollout): 0.29 | Loss: 0.168 | Opp label coverage: 0.78
Step 1494680/5000000 | Win rate (rollout): 0.25 | Loss: 0.135 | Opp label coverage: 0.89
Step 1495193/5000000 | Win rate (rollout): 0.71 | Loss: 0.120 | Opp label coverage: 0.91
Step 1495705/5000000 | Win rate (rollout): 0.31 | Loss: 0.188 | Opp label coverage: 0.80
Step 1496217/5000000 | Win rate (rollout): 0.57 | Loss: 0.217 | Opp label coverage: 0.77
Step 1496731/5000000 | Win rate (rollout): 0.56 | Loss: 0.139 | Opp label coverage: 0.91
Step 1497243/5000000 | Win rate (rollout): 0.50 | Loss: 0.208 | Opp label coverage: 0.82
Step 1497759/5000000 | Win rate (rollout): 0.67 | Loss: 0.207 | Opp label coverage: 0.91
Step 1498271/5000000 | Win rate (rollout): 0.18 | Loss: 0.169 | Opp label coverage: 0.84
Step 1498786/5000000 | Win rate (rollout): 0.22 | Loss: 0.138 | Opp label coverage: 0.90
Step 1499298/5000000 | Win rate (rollout): 0.62 | Loss: 0.174 | Opp label coverage: 0.81
Step 1499810/5000000 | Win rate (rollout): 0.25 | Loss: 0.160 | Opp label coverage: 0.83
[checkpoint] Saved models/ppo/checkpoints/bcft/ppo_step_1500018.pt
Step 1500322/5000000 | Win rate (rollout): 0.27 | Loss: 0.167 | Opp label coverage: 0.82
Step 1500834/5000000 | Win rate (rollout): 0.50 | Loss: 0.175 | Opp label coverage: 0.80
Step 1501347/5000000 | Win rate (rollout): 0.75 | Loss: 0.206 | Opp label coverage: 0.91
Step 1501859/5000000 | Win rate (rollout): 0.57 | Loss: 0.196 | Opp label coverage: 0.86
Step 1502376/5000000 | Win rate (rollout): 0.50 | Loss: 0.182 | Opp label coverage: 0.91
Step 1502889/5000000 | Win rate (rollout): 0.45 | Loss: 0.219 | Opp label coverage: 0.90
Step 1503401/5000000 | Win rate (rollout): 0.23 | Loss: 0.177 | Opp label coverage: 0.82
Step 1503913/5000000 | Win rate (rollout): 0.25 | Loss: 0.154 | Opp label coverage: 0.82
Step 1504425/5000000 | Win rate (rollout): 0.33 | Loss: 0.171 | Opp label coverage: 0.79
Step 1504937/5000000 | Win rate (rollout): 0.14 | Loss: 0.163 | Opp label coverage: 0.78
Step 1505449/5000000 | Win rate (rollout): 0.25 | Loss: 0.163 | Opp label coverage: 0.83
Step 1505966/5000000 | Win rate (rollout): 0.25 | Loss: 0.168 | Opp label coverage: 0.90
Step 1506484/5000000 | Win rate (rollout): 0.55 | Loss: 0.211 | Opp label coverage: 0.93
Step 1506996/5000000 | Win rate (rollout): 0.29 | Loss: 0.158 | Opp label coverage: 0.84
Step 1507509/5000000 | Win rate (rollout): 0.22 | Loss: 0.218 | Opp label coverage: 0.89
Step 1508024/5000000 | Win rate (rollout): 0.53 | Loss: 0.206 | Opp label coverage: 0.91
Step 1508536/5000000 | Win rate (rollout): 0.20 | Loss: 0.170 | Opp label coverage: 0.81
Step 1509051/5000000 | Win rate (rollout): 0.30 | Loss: 0.182 | Opp label coverage: 0.89
Step 1509563/5000000 | Win rate (rollout): 0.30 | Loss: 0.160 | Opp label coverage: 0.77
Step 1510081/5000000 | Win rate (rollout): 0.50 | Loss: 0.265 | Opp label coverage: 0.91
Step 1510599/5000000 | Win rate (rollout): 0.71 | Loss: 0.211 | Opp label coverage: 0.92
Step 1511111/5000000 | Win rate (rollout): 0.43 | Loss: 0.170 | Opp label coverage: 0.80
Step 1511623/5000000 | Win rate (rollout): 0.44 | Loss: 0.149 | Opp label coverage: 0.86
Step 1512138/5000000 | Win rate (rollout): 0.89 | Loss: 0.143 | Opp label coverage: 0.92
Step 1512650/5000000 | Win rate (rollout): 0.67 | Loss: 0.166 | Opp label coverage: 0.77
Step 1513162/5000000 | Win rate (rollout): 0.33 | Loss: 0.192 | Opp label coverage: 0.82
Step 1513674/5000000 | Win rate (rollout): 0.56 | Loss: 0.207 | Opp label coverage: 0.83
Step 1514190/5000000 | Win rate (rollout): 0.33 | Loss: 0.166 | Opp label coverage: 0.90
Step 1514707/5000000 | Win rate (rollout): 0.64 | Loss: 0.235 | Opp label coverage: 0.91
Step 1515219/5000000 | Win rate (rollout): 0.45 | Loss: 0.187 | Opp label coverage: 0.77
Step 1515735/5000000 | Win rate (rollout): 0.45 | Loss: 0.229 | Opp label coverage: 0.89
Step 1516247/5000000 | Win rate (rollout): 0.20 | Loss: 0.184 | Opp label coverage: 0.83
Step 1516760/5000000 | Win rate (rollout): 0.30 | Loss: 0.236 | Opp label coverage: 0.88
Step 1517272/5000000 | Win rate (rollout): 0.73 | Loss: 0.172 | Opp label coverage: 0.78
Step 1517784/5000000 | Win rate (rollout): 0.29 | Loss: 0.142 | Opp label coverage: 0.81
Step 1518300/5000000 | Win rate (rollout): 0.38 | Loss: 0.165 | Opp label coverage: 0.91
Step 1518813/5000000 | Win rate (rollout): 0.50 | Loss: 0.192 | Opp label coverage: 0.92
Step 1519327/5000000 | Win rate (rollout): 0.30 | Loss: 0.240 | Opp label coverage: 0.91
Step 1519845/5000000 | Win rate (rollout): 0.36 | Loss: 0.182 | Opp label coverage: 0.89
Step 1520357/5000000 | Win rate (rollout): 0.62 | Loss: 0.171 | Opp label coverage: 0.83
Step 1520869/5000000 | Win rate (rollout): 0.67 | Loss: 0.168 | Opp label coverage: 0.82
Step 1521388/5000000 | Win rate (rollout): 0.64 | Loss: 0.172 | Opp label coverage: 0.91
Step 1521900/5000000 | Win rate (rollout): 0.50 | Loss: 0.193 | Opp label coverage: 0.90
Step 1522418/5000000 | Win rate (rollout): 0.64 | Loss: 0.196 | Opp label coverage: 0.91
Step 1522935/5000000 | Win rate (rollout): 0.43 | Loss: 0.205 | Opp label coverage: 0.90
Step 1523447/5000000 | Win rate (rollout): 0.21 | Loss: 0.199 | Opp label coverage: 0.80
Step 1523964/5000000 | Win rate (rollout): 0.62 | Loss: 0.201 | Opp label coverage: 0.90
Step 1524476/5000000 | Win rate (rollout): 0.60 | Loss: 0.186 | Opp label coverage: 0.79
Step 1524988/5000000 | Win rate (rollout): 0.31 | Loss: 0.182 | Opp label coverage: 0.80
Step 1525501/5000000 | Win rate (rollout): 0.71 | Loss: 0.152 | Opp label coverage: 0.92
Step 1526014/5000000 | Win rate (rollout): 0.46 | Loss: 0.130 | Opp label coverage: 0.90
Step 1526530/5000000 | Win rate (rollout): 0.53 | Loss: 0.263 | Opp label coverage: 0.92
Step 1527042/5000000 | Win rate (rollout): 0.44 | Loss: 0.194 | Opp label coverage: 0.87
Step 1527554/5000000 | Win rate (rollout): 0.30 | Loss: 0.264 | Opp label coverage: 0.89
Step 1528066/5000000 | Win rate (rollout): 0.50 | Loss: 0.210 | Opp label coverage: 0.79
Step 1528578/5000000 | Win rate (rollout): 0.55 | Loss: 0.190 | Opp label coverage: 0.83
Step 1529090/5000000 | Win rate (rollout): 0.47 | Loss: 0.197 | Opp label coverage: 0.85
Step 1529602/5000000 | Win rate (rollout): 0.44 | Loss: 0.177 | Opp label coverage: 0.85
Step 1530121/5000000 | Win rate (rollout): 0.30 | Loss: 0.138 | Opp label coverage: 0.89
Step 1530637/5000000 | Win rate (rollout): 0.62 | Loss: 0.156 | Opp label coverage: 0.92
Step 1531149/5000000 | Win rate (rollout): 0.45 | Loss: 0.175 | Opp label coverage: 0.79
Step 1531665/5000000 | Win rate (rollout): 0.38 | Loss: 0.151 | Opp label coverage: 0.91
Step 1532182/5000000 | Win rate (rollout): 0.54 | Loss: 0.208 | Opp label coverage: 0.91
Step 1532696/5000000 | Win rate (rollout): 0.50 | Loss: 0.237 | Opp label coverage: 0.90
Step 1533208/5000000 | Win rate (rollout): 0.43 | Loss: 0.181 | Opp label coverage: 0.82
Step 1533720/5000000 | Win rate (rollout): 0.40 | Loss: 0.197 | Opp label coverage: 0.91
Step 1534238/5000000 | Win rate (rollout): 0.57 | Loss: 0.171 | Opp label coverage: 0.94
Step 1534750/5000000 | Win rate (rollout): 0.14 | Loss: 0.152 | Opp label coverage: 0.86
Step 1535262/5000000 | Win rate (rollout): 0.40 | Loss: 0.189 | Opp label coverage: 0.79
Step 1535775/5000000 | Win rate (rollout): 0.78 | Loss: 0.134 | Opp label coverage: 0.92
Step 1536287/5000000 | Win rate (rollout): 0.10 | Loss: 0.184 | Opp label coverage: 0.80
Step 1536799/5000000 | Win rate (rollout): 0.21 | Loss: 0.189 | Opp label coverage: 0.79
Step 1537311/5000000 | Win rate (rollout): 0.43 | Loss: 0.180 | Opp label coverage: 0.85
Step 1537828/5000000 | Win rate (rollout): 0.38 | Loss: 0.171 | Opp label coverage: 0.91
Step 1538344/5000000 | Win rate (rollout): 0.43 | Loss: 0.209 | Opp label coverage: 0.91
Step 1538856/5000000 | Win rate (rollout): 0.40 | Loss: 0.209 | Opp label coverage: 0.89
Step 1539368/5000000 | Win rate (rollout): 0.44 | Loss: 0.177 | Opp label coverage: 0.82
Step 1539880/5000000 | Win rate (rollout): 0.38 | Loss: 0.189 | Opp label coverage: 0.91
Step 1540392/5000000 | Win rate (rollout): 0.55 | Loss: 0.169 | Opp label coverage: 0.78
Step 1540904/5000000 | Win rate (rollout): 0.40 | Loss: 0.168 | Opp label coverage: 0.77
Step 1541416/5000000 | Win rate (rollout): 0.88 | Loss: 0.192 | Opp label coverage: 0.80
Step 1541928/5000000 | Win rate (rollout): 0.67 | Loss: 0.186 | Opp label coverage: 0.82
Step 1542445/5000000 | Win rate (rollout): 0.62 | Loss: 0.227 | Opp label coverage: 0.92
Step 1542957/5000000 | Win rate (rollout): 0.40 | Loss: 0.250 | Opp label coverage: 0.88
Step 1543473/5000000 | Win rate (rollout): 0.60 | Loss: 0.204 | Opp label coverage: 0.91
Step 1543988/5000000 | Win rate (rollout): 0.53 | Loss: 0.253 | Opp label coverage: 0.90
Step 1544502/5000000 | Win rate (rollout): 0.33 | Loss: 0.199 | Opp label coverage: 0.91
Step 1545016/5000000 | Win rate (rollout): 0.45 | Loss: 0.145 | Opp label coverage: 0.90
Step 1545533/5000000 | Win rate (rollout): 0.71 | Loss: 0.251 | Opp label coverage: 0.91
Step 1546045/5000000 | Win rate (rollout): 0.27 | Loss: 0.219 | Opp label coverage: 0.91
Step 1546557/5000000 | Win rate (rollout): 0.40 | Loss: 0.198 | Opp label coverage: 0.84
Step 1547069/5000000 | Win rate (rollout): 0.50 | Loss: 0.214 | Opp label coverage: 0.79
Step 1547584/5000000 | Win rate (rollout): 0.22 | Loss: 0.202 | Opp label coverage: 0.88
Step 1548100/5000000 | Win rate (rollout): 0.47 | Loss: 0.248 | Opp label coverage: 0.90
Step 1548612/5000000 | Win rate (rollout): 0.31 | Loss: 0.181 | Opp label coverage: 0.82
Step 1549124/5000000 | Win rate (rollout): 0.53 | Loss: 0.222 | Opp label coverage: 0.82
Step 1549636/5000000 | Win rate (rollout): 0.50 | Loss: 0.180 | Opp label coverage: 0.86
Step 1550148/5000000 | Win rate (rollout): 0.22 | Loss: 0.207 | Opp label coverage: 0.78
Step 1550660/5000000 | Win rate (rollout): 0.61 | Loss: 0.207 | Opp label coverage: 0.82
Step 1551172/5000000 | Win rate (rollout): 0.58 | Loss: 0.212 | Opp label coverage: 0.82
Step 1551684/5000000 | Win rate (rollout): 0.50 | Loss: 0.164 | Opp label coverage: 0.78
Step 1552196/5000000 | Win rate (rollout): 0.38 | Loss: 0.247 | Opp label coverage: 0.80
Step 1552708/5000000 | Win rate (rollout): 0.64 | Loss: 0.181 | Opp label coverage: 0.82
Step 1553223/5000000 | Win rate (rollout): 0.60 | Loss: 0.171 | Opp label coverage: 0.91
Step 1553735/5000000 | Win rate (rollout): 0.79 | Loss: 0.203 | Opp label coverage: 0.91
Step 1554252/5000000 | Win rate (rollout): 0.69 | Loss: 0.212 | Opp label coverage: 0.90
Step 1554764/5000000 | Win rate (rollout): 0.42 | Loss: 0.222 | Opp label coverage: 0.76
Step 1555276/5000000 | Win rate (rollout): 0.80 | Loss: 0.180 | Opp label coverage: 0.79
Step 1555788/5000000 | Win rate (rollout): 0.30 | Loss: 0.185 | Opp label coverage: 0.83
Step 1556300/5000000 | Win rate (rollout): 0.50 | Loss: 0.159 | Opp label coverage: 0.86
Step 1556812/5000000 | Win rate (rollout): 0.42 | Loss: 0.186 | Opp label coverage: 0.76
Step 1557324/5000000 | Win rate (rollout): 0.62 | Loss: 0.185 | Opp label coverage: 0.80
Step 1557839/5000000 | Win rate (rollout): 0.67 | Loss: 0.217 | Opp label coverage: 0.90
Step 1558351/5000000 | Win rate (rollout): 0.44 | Loss: 0.201 | Opp label coverage: 0.82
Step 1558863/5000000 | Win rate (rollout): 0.17 | Loss: 0.193 | Opp label coverage: 0.82
Step 1559380/5000000 | Win rate (rollout): 0.78 | Loss: 0.254 | Opp label coverage: 0.92
Step 1559892/5000000 | Win rate (rollout): 0.25 | Loss: 0.179 | Opp label coverage: 0.83
Step 1560409/5000000 | Win rate (rollout): 0.73 | Loss: 0.149 | Opp label coverage: 0.92
Step 1560928/5000000 | Win rate (rollout): 0.50 | Loss: 0.182 | Opp label coverage: 0.90
Step 1561442/5000000 | Win rate (rollout): 0.75 | Loss: 0.227 | Opp label coverage: 0.90
Step 1561954/5000000 | Win rate (rollout): 0.56 | Loss: 0.192 | Opp label coverage: 0.85
Step 1562470/5000000 | Win rate (rollout): 0.50 | Loss: 0.216 | Opp label coverage: 0.91
Step 1562982/5000000 | Win rate (rollout): 0.50 | Loss: 0.216 | Opp label coverage: 0.82
Step 1563494/5000000 | Win rate (rollout): 0.50 | Loss: 0.183 | Opp label coverage: 0.82
Step 1564006/5000000 | Win rate (rollout): 0.38 | Loss: 0.202 | Opp label coverage: 0.80
Step 1564518/5000000 | Win rate (rollout): 0.50 | Loss: 0.167 | Opp label coverage: 0.86
Step 1565030/5000000 | Win rate (rollout): 0.38 | Loss: 0.197 | Opp label coverage: 0.82
Step 1565543/5000000 | Win rate (rollout): 0.40 | Loss: 0.329 | Opp label coverage: 0.91
Step 1566055/5000000 | Win rate (rollout): 0.23 | Loss: 0.205 | Opp label coverage: 0.82
Step 1566573/5000000 | Win rate (rollout): 0.50 | Loss: 0.222 | Opp label coverage: 0.91
Step 1567085/5000000 | Win rate (rollout): 0.78 | Loss: 0.169 | Opp label coverage: 0.82
Step 1567598/5000000 | Win rate (rollout): 0.56 | Loss: 0.176 | Opp label coverage: 0.90
Step 1568110/5000000 | Win rate (rollout): 0.75 | Loss: 0.172 | Opp label coverage: 0.84
Step 1568624/5000000 | Win rate (rollout): 0.40 | Loss: 0.199 | Opp label coverage: 0.89
Step 1569138/5000000 | Win rate (rollout): 0.64 | Loss: 0.220 | Opp label coverage: 0.89
Step 1569650/5000000 | Win rate (rollout): 0.23 | Loss: 0.200 | Opp label coverage: 0.86
Step 1570162/5000000 | Win rate (rollout): 0.50 | Loss: 0.166 | Opp label coverage: 0.81
Step 1570680/5000000 | Win rate (rollout): 0.69 | Loss: 0.209 | Opp label coverage: 0.89
Step 1571194/5000000 | Win rate (rollout): 0.75 | Loss: 0.224 | Opp label coverage: 0.92
Step 1571713/5000000 | Win rate (rollout): 0.58 | Loss: 0.229 | Opp label coverage: 0.93
Step 1572227/5000000 | Win rate (rollout): 0.50 | Loss: 0.167 | Opp label coverage: 0.91
Step 1572743/5000000 | Win rate (rollout): 0.20 | Loss: 0.248 | Opp label coverage: 0.93
Step 1573255/5000000 | Win rate (rollout): 0.69 | Loss: 0.199 | Opp label coverage: 0.90
Step 1573772/5000000 | Win rate (rollout): 0.46 | Loss: 0.190 | Opp label coverage: 0.89
Step 1574284/5000000 | Win rate (rollout): 0.42 | Loss: 0.197 | Opp label coverage: 0.81
Step 1574797/5000000 | Win rate (rollout): 0.60 | Loss: 0.295 | Opp label coverage: 0.92
Step 1575309/5000000 | Win rate (rollout): 0.50 | Loss: 0.190 | Opp label coverage: 0.83
Step 1575822/5000000 | Win rate (rollout): 0.44 | Loss: 0.252 | Opp label coverage: 0.91
Step 1576341/5000000 | Win rate (rollout): 0.42 | Loss: 0.202 | Opp label coverage: 0.91
Step 1576853/5000000 | Win rate (rollout): 0.56 | Loss: 0.183 | Opp label coverage: 0.83
Step 1577365/5000000 | Win rate (rollout): 0.17 | Loss: 0.167 | Opp label coverage: 0.84
Step 1577877/5000000 | Win rate (rollout): 0.40 | Loss: 0.181 | Opp label coverage: 0.81
Step 1578389/5000000 | Win rate (rollout): 0.38 | Loss: 0.171 | Opp label coverage: 0.80
Step 1578904/5000000 | Win rate (rollout): 0.67 | Loss: 0.152 | Opp label coverage: 0.89
Step 1579419/5000000 | Win rate (rollout): 0.47 | Loss: 0.201 | Opp label coverage: 0.89
Step 1579931/5000000 | Win rate (rollout): 0.50 | Loss: 0.212 | Opp label coverage: 0.78
Step 1580445/5000000 | Win rate (rollout): 0.44 | Loss: 0.283 | Opp label coverage: 0.90
Step 1580962/5000000 | Win rate (rollout): 0.50 | Loss: 0.191 | Opp label coverage: 0.89
Step 1581474/5000000 | Win rate (rollout): 0.71 | Loss: 0.226 | Opp label coverage: 0.93
Step 1581991/5000000 | Win rate (rollout): 0.50 | Loss: 0.118 | Opp label coverage: 0.91
Step 1582503/5000000 | Win rate (rollout): 0.42 | Loss: 0.178 | Opp label coverage: 0.78
Step 1583015/5000000 | Win rate (rollout): 0.83 | Loss: 0.179 | Opp label coverage: 0.71
Step 1583527/5000000 | Win rate (rollout): 0.57 | Loss: 0.211 | Opp label coverage: 0.91
Step 1584041/5000000 | Win rate (rollout): 0.53 | Loss: 0.214 | Opp label coverage: 0.89
Step 1584553/5000000 | Win rate (rollout): 0.50 | Loss: 0.176 | Opp label coverage: 0.80
Step 1585066/5000000 | Win rate (rollout): 0.50 | Loss: 0.142 | Opp label coverage: 0.90
Step 1585578/5000000 | Win rate (rollout): 0.43 | Loss: 0.179 | Opp label coverage: 0.81
Step 1586090/5000000 | Win rate (rollout): 0.57 | Loss: 0.218 | Opp label coverage: 0.82
Step 1586602/5000000 | Win rate (rollout): 0.55 | Loss: 0.207 | Opp label coverage: 0.84
Step 1587119/5000000 | Win rate (rollout): 0.55 | Loss: 0.249 | Opp label coverage: 0.90
Step 1587631/5000000 | Win rate (rollout): 0.70 | Loss: 0.195 | Opp label coverage: 0.81
Step 1588143/5000000 | Win rate (rollout): 0.45 | Loss: 0.168 | Opp label coverage: 0.76
Step 1588657/5000000 | Win rate (rollout): 0.67 | Loss: 0.204 | Opp label coverage: 0.91
Step 1589169/5000000 | Win rate (rollout): 0.55 | Loss: 0.192 | Opp label coverage: 0.77
Step 1589681/5000000 | Win rate (rollout): 0.64 | Loss: 0.204 | Opp label coverage: 0.90
Step 1590196/5000000 | Win rate (rollout): 0.40 | Loss: 0.171 | Opp label coverage: 0.89
Step 1590708/5000000 | Win rate (rollout): 0.25 | Loss: 0.231 | Opp label coverage: 0.81
Step 1591220/5000000 | Win rate (rollout): 0.50 | Loss: 0.204 | Opp label coverage: 0.77
Step 1591732/5000000 | Win rate (rollout): 0.25 | Loss: 0.191 | Opp label coverage: 0.78
Step 1592251/5000000 | Win rate (rollout): 0.12 | Loss: 0.180 | Opp label coverage: 0.91
Step 1592768/5000000 | Win rate (rollout): 0.53 | Loss: 0.221 | Opp label coverage: 0.91
Step 1593282/5000000 | Win rate (rollout): 0.78 | Loss: 0.201 | Opp label coverage: 0.90
Step 1593797/5000000 | Win rate (rollout): 0.44 | Loss: 0.163 | Opp label coverage: 0.89
Step 1594309/5000000 | Win rate (rollout): 0.67 | Loss: 0.235 | Opp label coverage: 0.80
Step 1594821/5000000 | Win rate (rollout): 0.47 | Loss: 0.182 | Opp label coverage: 0.83
Step 1595338/5000000 | Win rate (rollout): 0.56 | Loss: 0.262 | Opp label coverage: 0.91
Step 1595850/5000000 | Win rate (rollout): 0.25 | Loss: 0.180 | Opp label coverage: 0.79
Step 1596365/5000000 | Win rate (rollout): 0.40 | Loss: 0.199 | Opp label coverage: 0.90
Step 1596877/5000000 | Win rate (rollout): 0.62 | Loss: 0.259 | Opp label coverage: 0.92
Step 1597389/5000000 | Win rate (rollout): 0.60 | Loss: 0.195 | Opp label coverage: 0.80
Step 1597907/5000000 | Win rate (rollout): 0.33 | Loss: 0.171 | Opp label coverage: 0.90
Step 1598423/5000000 | Win rate (rollout): 0.60 | Loss: 0.257 | Opp label coverage: 0.90
Step 1598935/5000000 | Win rate (rollout): 0.62 | Loss: 0.205 | Opp label coverage: 0.92
Step 1599454/5000000 | Win rate (rollout): 0.67 | Loss: 0.195 | Opp label coverage: 0.91
Step 1599966/5000000 | Win rate (rollout): 0.38 | Loss: 0.185 | Opp label coverage: 0.82
Step 1600478/5000000 | Win rate (rollout): 0.62 | Loss: 0.205 | Opp label coverage: 0.85
Step 1600990/5000000 | Win rate (rollout): 0.36 | Loss: 0.213 | Opp label coverage: 0.80
Step 1601502/5000000 | Win rate (rollout): 0.73 | Loss: 0.202 | Opp label coverage: 0.80
Step 1602014/5000000 | Win rate (rollout): 0.75 | Loss: 0.204 | Opp label coverage: 0.79
Step 1602526/5000000 | Win rate (rollout): 0.57 | Loss: 0.232 | Opp label coverage: 0.82
Step 1603038/5000000 | Win rate (rollout): 0.53 | Loss: 0.218 | Opp label coverage: 0.84
Step 1603550/5000000 | Win rate (rollout): 0.43 | Loss: 0.179 | Opp label coverage: 0.80
Step 1604068/5000000 | Win rate (rollout): 0.78 | Loss: 0.178 | Opp label coverage: 0.91
Step 1604581/5000000 | Win rate (rollout): 0.46 | Loss: 0.283 | Opp label coverage: 0.90
Step 1605093/5000000 | Win rate (rollout): 0.78 | Loss: 0.182 | Opp label coverage: 0.81
Step 1605605/5000000 | Win rate (rollout): 0.55 | Loss: 0.170 | Opp label coverage: 0.81
Step 1606117/5000000 | Win rate (rollout): 0.60 | Loss: 0.211 | Opp label coverage: 0.84
Step 1606629/5000000 | Win rate (rollout): 0.62 | Loss: 0.211 | Opp label coverage: 0.92
Step 1607145/5000000 | Win rate (rollout): 0.46 | Loss: 0.173 | Opp label coverage: 0.90
Step 1607657/5000000 | Win rate (rollout): 0.50 | Loss: 0.195 | Opp label coverage: 0.86
Step 1608169/5000000 | Win rate (rollout): 0.67 | Loss: 0.203 | Opp label coverage: 0.78
Step 1608681/5000000 | Win rate (rollout): 0.70 | Loss: 0.172 | Opp label coverage: 0.80
Step 1609199/5000000 | Win rate (rollout): 0.50 | Loss: 0.199 | Opp label coverage: 0.91
Step 1609711/5000000 | Win rate (rollout): 0.36 | Loss: 0.209 | Opp label coverage: 0.79
Step 1610223/5000000 | Win rate (rollout): 0.78 | Loss: 0.200 | Opp label coverage: 0.84
Step 1610735/5000000 | Win rate (rollout): 0.54 | Loss: 0.179 | Opp label coverage: 0.82
Step 1611249/5000000 | Win rate (rollout): 0.70 | Loss: 0.210 | Opp label coverage: 0.90
Step 1611764/5000000 | Win rate (rollout): 0.62 | Loss: 0.211 | Opp label coverage: 0.91
Step 1612282/5000000 | Win rate (rollout): 0.29 | Loss: 0.269 | Opp label coverage: 0.88
Step 1612798/5000000 | Win rate (rollout): 0.64 | Loss: 0.168 | Opp label coverage: 0.93
Step 1613313/5000000 | Win rate (rollout): 0.40 | Loss: 0.190 | Opp label coverage: 0.89
Step 1613829/5000000 | Win rate (rollout): 0.62 | Loss: 0.208 | Opp label coverage: 0.91
Step 1614341/5000000 | Win rate (rollout): 0.58 | Loss: 0.192 | Opp label coverage: 0.80
Step 1614856/5000000 | Win rate (rollout): 0.38 | Loss: 0.290 | Opp label coverage: 0.91
Step 1615368/5000000 | Win rate (rollout): 0.71 | Loss: 0.176 | Opp label coverage: 0.78
Step 1615880/5000000 | Win rate (rollout): 0.33 | Loss: 0.187 | Opp label coverage: 0.79
Step 1616397/5000000 | Win rate (rollout): 0.40 | Loss: 0.259 | Opp label coverage: 0.90
Step 1616909/5000000 | Win rate (rollout): 0.50 | Loss: 0.238 | Opp label coverage: 0.89
Step 1617421/5000000 | Win rate (rollout): 0.55 | Loss: 0.177 | Opp label coverage: 0.84
Step 1617933/5000000 | Win rate (rollout): 0.30 | Loss: 0.193 | Opp label coverage: 0.90
Step 1618449/5000000 | Win rate (rollout): 0.43 | Loss: 0.257 | Opp label coverage: 0.90
Step 1618961/5000000 | Win rate (rollout): 0.36 | Loss: 0.199 | Opp label coverage: 0.80
Step 1619473/5000000 | Win rate (rollout): 0.31 | Loss: 0.194 | Opp label coverage: 0.79
Step 1619985/5000000 | Win rate (rollout): 0.53 | Loss: 0.211 | Opp label coverage: 0.80
Step 1620499/5000000 | Win rate (rollout): 0.44 | Loss: 0.185 | Opp label coverage: 0.90
Step 1621013/5000000 | Win rate (rollout): 0.36 | Loss: 0.110 | Opp label coverage: 0.90
Step 1621530/5000000 | Win rate (rollout): 0.79 | Loss: 0.185 | Opp label coverage: 0.91
Step 1622042/5000000 | Win rate (rollout): 0.29 | Loss: 0.179 | Opp label coverage: 0.79
Step 1622554/5000000 | Win rate (rollout): 0.36 | Loss: 0.190 | Opp label coverage: 0.83
Step 1623066/5000000 | Win rate (rollout): 0.33 | Loss: 0.198 | Opp label coverage: 0.81
Step 1623578/5000000 | Win rate (rollout): 0.33 | Loss: 0.185 | Opp label coverage: 0.82
Step 1624090/5000000 | Win rate (rollout): 0.44 | Loss: 0.208 | Opp label coverage: 0.80
Step 1624602/5000000 | Win rate (rollout): 0.40 | Loss: 0.186 | Opp label coverage: 0.81
Step 1625114/5000000 | Win rate (rollout): 0.47 | Loss: 0.190 | Opp label coverage: 0.78
Step 1625626/5000000 | Win rate (rollout): 0.29 | Loss: 0.182 | Opp label coverage: 0.80
Step 1626138/5000000 | Win rate (rollout): 0.33 | Loss: 0.188 | Opp label coverage: 0.85
Step 1626650/5000000 | Win rate (rollout): 0.56 | Loss: 0.193 | Opp label coverage: 0.81
Step 1627162/5000000 | Win rate (rollout): 0.58 | Loss: 0.198 | Opp label coverage: 0.82
Step 1627676/5000000 | Win rate (rollout): 0.22 | Loss: 0.188 | Opp label coverage: 0.90
Step 1628193/5000000 | Win rate (rollout): 0.30 | Loss: 0.215 | Opp label coverage: 0.90
Step 1628705/5000000 | Win rate (rollout): 0.25 | Loss: 0.146 | Opp label coverage: 0.85
Step 1629217/5000000 | Win rate (rollout): 0.67 | Loss: 0.203 | Opp label coverage: 0.82
Step 1629730/5000000 | Win rate (rollout): 0.22 | Loss: 0.240 | Opp label coverage: 0.89
Step 1630242/5000000 | Win rate (rollout): 0.88 | Loss: 0.214 | Opp label coverage: 0.80
Step 1630754/5000000 | Win rate (rollout): 0.36 | Loss: 0.179 | Opp label coverage: 0.76
Step 1631266/5000000 | Win rate (rollout): 0.42 | Loss: 0.184 | Opp label coverage: 0.84
Step 1631778/5000000 | Win rate (rollout): 0.25 | Loss: 0.200 | Opp label coverage: 0.81
Step 1632290/5000000 | Win rate (rollout): 0.54 | Loss: 0.233 | Opp label coverage: 0.75
Step 1632802/5000000 | Win rate (rollout): 0.62 | Loss: 0.182 | Opp label coverage: 0.85
Step 1633317/5000000 | Win rate (rollout): 0.00 | Loss: 0.171 | Opp label coverage: 0.88
Step 1633829/5000000 | Win rate (rollout): 0.44 | Loss: 0.172 | Opp label coverage: 0.83
Step 1634341/5000000 | Win rate (rollout): 0.18 | Loss: 0.183 | Opp label coverage: 0.82
Step 1634853/5000000 | Win rate (rollout): 0.33 | Loss: 0.206 | Opp label coverage: 0.79
Step 1635367/5000000 | Win rate (rollout): 0.38 | Loss: 0.183 | Opp label coverage: 0.92
Step 1635881/5000000 | Win rate (rollout): 0.36 | Loss: 0.174 | Opp label coverage: 0.89
Step 1636395/5000000 | Win rate (rollout): 0.55 | Loss: 0.243 | Opp label coverage: 0.92
Step 1636907/5000000 | Win rate (rollout): 0.60 | Loss: 0.212 | Opp label coverage: 0.94
Step 1637419/5000000 | Win rate (rollout): 0.33 | Loss: 0.190 | Opp label coverage: 0.89
Step 1637931/5000000 | Win rate (rollout): 0.23 | Loss: 0.193 | Opp label coverage: 0.78
Step 1638448/5000000 | Win rate (rollout): 0.50 | Loss: 0.206 | Opp label coverage: 0.90
Step 1638960/5000000 | Win rate (rollout): 0.43 | Loss: 0.191 | Opp label coverage: 0.83
Step 1639472/5000000 | Win rate (rollout): 0.54 | Loss: 0.198 | Opp label coverage: 0.80
Step 1639987/5000000 | Win rate (rollout): 0.38 | Loss: 0.185 | Opp label coverage: 0.90
Step 1640505/5000000 | Win rate (rollout): 0.54 | Loss: 0.190 | Opp label coverage: 0.91
Step 1641017/5000000 | Win rate (rollout): 0.38 | Loss: 0.184 | Opp label coverage: 0.80
Step 1641532/5000000 | Win rate (rollout): 0.78 | Loss: 0.178 | Opp label coverage: 0.90
Step 1642046/5000000 | Win rate (rollout): 0.43 | Loss: 0.271 | Opp label coverage: 0.91
Step 1642564/5000000 | Win rate (rollout): 0.73 | Loss: 0.210 | Opp label coverage: 0.92
Step 1643079/5000000 | Win rate (rollout): 0.36 | Loss: 0.143 | Opp label coverage: 0.91
Step 1643598/5000000 | Win rate (rollout): 0.50 | Loss: 0.226 | Opp label coverage: 0.91
Step 1644110/5000000 | Win rate (rollout): 0.55 | Loss: 0.196 | Opp label coverage: 0.80
Step 1644622/5000000 | Win rate (rollout): 0.71 | Loss: 0.191 | Opp label coverage: 0.78
Step 1645135/5000000 | Win rate (rollout): 0.55 | Loss: 0.174 | Opp label coverage: 0.91
Step 1645647/5000000 | Win rate (rollout): 0.78 | Loss: 0.164 | Opp label coverage: 0.79
Step 1646159/5000000 | Win rate (rollout): 0.23 | Loss: 0.179 | Opp label coverage: 0.83
Step 1646671/5000000 | Win rate (rollout): 0.25 | Loss: 0.192 | Opp label coverage: 0.84
Step 1647190/5000000 | Win rate (rollout): 0.62 | Loss: 0.262 | Opp label coverage: 0.91
Step 1647702/5000000 | Win rate (rollout): 0.46 | Loss: 0.199 | Opp label coverage: 0.81
Step 1648214/5000000 | Win rate (rollout): 0.75 | Loss: 0.196 | Opp label coverage: 0.83
Step 1648726/5000000 | Win rate (rollout): 0.43 | Loss: 0.168 | Opp label coverage: 0.82
Step 1649238/5000000 | Win rate (rollout): 0.33 | Loss: 0.195 | Opp label coverage: 0.81
Step 1649750/5000000 | Win rate (rollout): 0.60 | Loss: 0.169 | Opp label coverage: 0.83
Step 1650262/5000000 | Win rate (rollout): 0.46 | Loss: 0.175 | Opp label coverage: 0.84
Step 1650775/5000000 | Win rate (rollout): 0.10 | Loss: 0.094 | Opp label coverage: 0.88
Step 1651287/5000000 | Win rate (rollout): 0.50 | Loss: 0.231 | Opp label coverage: 0.79
Step 1651799/5000000 | Win rate (rollout): 0.36 | Loss: 0.171 | Opp label coverage: 0.80
Step 1652311/5000000 | Win rate (rollout): 0.47 | Loss: 0.199 | Opp label coverage: 0.82
Step 1652823/5000000 | Win rate (rollout): 0.50 | Loss: 0.184 | Opp label coverage: 0.80
Step 1653339/5000000 | Win rate (rollout): 0.60 | Loss: 0.165 | Opp label coverage: 0.91
Step 1653851/5000000 | Win rate (rollout): 0.45 | Loss: 0.187 | Opp label coverage: 0.78
Step 1654363/5000000 | Win rate (rollout): 0.67 | Loss: 0.172 | Opp label coverage: 0.86
Step 1654876/5000000 | Win rate (rollout): 0.78 | Loss: 0.186 | Opp label coverage: 0.90
Step 1655393/5000000 | Win rate (rollout): 0.46 | Loss: 0.218 | Opp label coverage: 0.91
Step 1655911/5000000 | Win rate (rollout): 0.18 | Loss: 0.153 | Opp label coverage: 0.89
Step 1656424/5000000 | Win rate (rollout): 0.33 | Loss: 0.232 | Opp label coverage: 0.90
Step 1656936/5000000 | Win rate (rollout): 0.64 | Loss: 0.181 | Opp label coverage: 0.84
Step 1657453/5000000 | Win rate (rollout): 0.57 | Loss: 0.260 | Opp label coverage: 0.91
Step 1657965/5000000 | Win rate (rollout): 0.50 | Loss: 0.190 | Opp label coverage: 0.77
Step 1658478/5000000 | Win rate (rollout): 0.40 | Loss: 0.139 | Opp label coverage: 0.91
Step 1658990/5000000 | Win rate (rollout): 0.33 | Loss: 0.174 | Opp label coverage: 0.85
Step 1659502/5000000 | Win rate (rollout): 0.40 | Loss: 0.206 | Opp label coverage: 0.85
Step 1660014/5000000 | Win rate (rollout): 0.43 | Loss: 0.181 | Opp label coverage: 0.79
Step 1660529/5000000 | Win rate (rollout): 0.44 | Loss: 0.150 | Opp label coverage: 0.90
Step 1661042/5000000 | Win rate (rollout): 0.53 | Loss: 0.258 | Opp label coverage: 0.89
Step 1661559/5000000 | Win rate (rollout): 0.55 | Loss: 0.184 | Opp label coverage: 0.90
Step 1662071/5000000 | Win rate (rollout): 0.62 | Loss: 0.178 | Opp label coverage: 0.89
Step 1662584/5000000 | Win rate (rollout): 0.33 | Loss: 0.097 | Opp label coverage: 0.92
Step 1663097/5000000 | Win rate (rollout): 0.40 | Loss: 0.206 | Opp label coverage: 0.90
Step 1663609/5000000 | Win rate (rollout): 0.38 | Loss: 0.191 | Opp label coverage: 0.86
Step 1664124/5000000 | Win rate (rollout): 0.56 | Loss: 0.252 | Opp label coverage: 0.90
Step 1664641/5000000 | Win rate (rollout): 0.33 | Loss: 0.158 | Opp label coverage: 0.90
Step 1665153/5000000 | Win rate (rollout): 0.29 | Loss: 0.178 | Opp label coverage: 0.82
Step 1665665/5000000 | Win rate (rollout): 0.36 | Loss: 0.172 | Opp label coverage: 0.81
Step 1666177/5000000 | Win rate (rollout): 0.62 | Loss: 0.182 | Opp label coverage: 0.80
Step 1666689/5000000 | Win rate (rollout): 0.67 | Loss: 0.213 | Opp label coverage: 0.92
Step 1667201/5000000 | Win rate (rollout): 0.42 | Loss: 0.184 | Opp label coverage: 0.83
Step 1667714/5000000 | Win rate (rollout): 0.50 | Loss: 0.208 | Opp label coverage: 0.93
Step 1668226/5000000 | Win rate (rollout): 0.31 | Loss: 0.192 | Opp label coverage: 0.89
Step 1668738/5000000 | Win rate (rollout): 0.27 | Loss: 0.199 | Opp label coverage: 0.78
Step 1669250/5000000 | Win rate (rollout): 0.35 | Loss: 0.201 | Opp label coverage: 0.79
Step 1669766/5000000 | Win rate (rollout): 0.25 | Loss: 0.216 | Opp label coverage: 0.89
Step 1670278/5000000 | Win rate (rollout): 0.55 | Loss: 0.214 | Opp label coverage: 0.78
Step 1670790/5000000 | Win rate (rollout): 0.38 | Loss: 0.232 | Opp label coverage: 0.80
Step 1671304/5000000 | Win rate (rollout): 0.36 | Loss: 0.235 | Opp label coverage: 0.90
Step 1671816/5000000 | Win rate (rollout): 0.57 | Loss: 0.183 | Opp label coverage: 0.82
Step 1672328/5000000 | Win rate (rollout): 0.67 | Loss: 0.209 | Opp label coverage: 0.90
Step 1672840/5000000 | Win rate (rollout): 0.88 | Loss: 0.179 | Opp label coverage: 0.85
Step 1673352/5000000 | Win rate (rollout): 0.07 | Loss: 0.170 | Opp label coverage: 0.82
Step 1673869/5000000 | Win rate (rollout): 0.70 | Loss: 0.170 | Opp label coverage: 0.91
Step 1674382/5000000 | Win rate (rollout): 0.42 | Loss: 0.218 | Opp label coverage: 0.90
Step 1674899/5000000 | Win rate (rollout): 0.23 | Loss: 0.168 | Opp label coverage: 0.89
Step 1675416/5000000 | Win rate (rollout): 0.50 | Loss: 0.203 | Opp label coverage: 0.91
Step 1675930/5000000 | Win rate (rollout): 0.14 | Loss: 0.173 | Opp label coverage: 0.92
Step 1676445/5000000 | Win rate (rollout): 0.50 | Loss: 0.236 | Opp label coverage: 0.92
Step 1676963/5000000 | Win rate (rollout): 0.40 | Loss: 0.213 | Opp label coverage: 0.90
Step 1677480/5000000 | Win rate (rollout): 0.40 | Loss: 0.115 | Opp label coverage: 0.92
Step 1677999/5000000 | Win rate (rollout): 0.67 | Loss: 0.208 | Opp label coverage: 0.92
Step 1678511/5000000 | Win rate (rollout): 0.15 | Loss: 0.186 | Opp label coverage: 0.81
Step 1679027/5000000 | Win rate (rollout): 0.30 | Loss: 0.193 | Opp label coverage: 0.92
Step 1679539/5000000 | Win rate (rollout): 0.25 | Loss: 0.185 | Opp label coverage: 0.79
Step 1680051/5000000 | Win rate (rollout): 0.50 | Loss: 0.184 | Opp label coverage: 0.82
Step 1680563/5000000 | Win rate (rollout): 0.38 | Loss: 0.164 | Opp label coverage: 0.86
Step 1681075/5000000 | Win rate (rollout): 0.54 | Loss: 0.206 | Opp label coverage: 0.81
Step 1681587/5000000 | Win rate (rollout): 0.12 | Loss: 0.171 | Opp label coverage: 0.82
Step 1682099/5000000 | Win rate (rollout): 0.23 | Loss: 0.169 | Opp label coverage: 0.87
Step 1682611/5000000 | Win rate (rollout): 0.18 | Loss: 0.167 | Opp label coverage: 0.85
Step 1683129/5000000 | Win rate (rollout): 0.17 | Loss: 0.186 | Opp label coverage: 0.88
Step 1683641/5000000 | Win rate (rollout): 0.42 | Loss: 0.178 | Opp label coverage: 0.80
Step 1684153/5000000 | Win rate (rollout): 0.43 | Loss: 0.179 | Opp label coverage: 0.78
Step 1684665/5000000 | Win rate (rollout): 0.25 | Loss: 0.193 | Opp label coverage: 0.80
Step 1685177/5000000 | Win rate (rollout): 0.86 | Loss: 0.193 | Opp label coverage: 0.81
Step 1685689/5000000 | Win rate (rollout): 0.50 | Loss: 0.218 | Opp label coverage: 0.90
Step 1686201/5000000 | Win rate (rollout): 0.38 | Loss: 0.172 | Opp label coverage: 0.83
Step 1686713/5000000 | Win rate (rollout): 0.55 | Loss: 0.170 | Opp label coverage: 0.90
Step 1687225/5000000 | Win rate (rollout): 0.38 | Loss: 0.159 | Opp label coverage: 0.89
Step 1687738/5000000 | Win rate (rollout): 0.40 | Loss: 0.183 | Opp label coverage: 0.88
Step 1688250/5000000 | Win rate (rollout): 0.45 | Loss: 0.235 | Opp label coverage: 0.79
Step 1688762/5000000 | Win rate (rollout): 0.42 | Loss: 0.192 | Opp label coverage: 0.88
Step 1689275/5000000 | Win rate (rollout): 0.36 | Loss: 0.048 | Opp label coverage: 0.90
Step 1689787/5000000 | Win rate (rollout): 0.29 | Loss: 0.190 | Opp label coverage: 0.78
Step 1690299/5000000 | Win rate (rollout): 0.58 | Loss: 0.160 | Opp label coverage: 0.83
Step 1690811/5000000 | Win rate (rollout): 0.33 | Loss: 0.202 | Opp label coverage: 0.83
Step 1691323/5000000 | Win rate (rollout): 0.14 | Loss: 0.172 | Opp label coverage: 0.84
Step 1691840/5000000 | Win rate (rollout): 0.55 | Loss: 0.226 | Opp label coverage: 0.91
Step 1692357/5000000 | Win rate (rollout): 0.47 | Loss: 0.187 | Opp label coverage: 0.88
Step 1692869/5000000 | Win rate (rollout): 0.23 | Loss: 0.181 | Opp label coverage: 0.79
Step 1693381/5000000 | Win rate (rollout): 0.75 | Loss: 0.189 | Opp label coverage: 0.94
Step 1693893/5000000 | Win rate (rollout): 0.25 | Loss: 0.163 | Opp label coverage: 0.86
Step 1694411/5000000 | Win rate (rollout): 0.38 | Loss: 0.184 | Opp label coverage: 0.91
Step 1694923/5000000 | Win rate (rollout): 0.57 | Loss: 0.191 | Opp label coverage: 0.83
Step 1695435/5000000 | Win rate (rollout): 0.25 | Loss: 0.184 | Opp label coverage: 0.79
Step 1695949/5000000 | Win rate (rollout): 0.44 | Loss: 0.222 | Opp label coverage: 0.90
Step 1696461/5000000 | Win rate (rollout): 0.50 | Loss: 0.180 | Opp label coverage: 0.84
Step 1696973/5000000 | Win rate (rollout): 0.12 | Loss: 0.156 | Opp label coverage: 0.75
Step 1697485/5000000 | Win rate (rollout): 0.23 | Loss: 0.156 | Opp label coverage: 0.84
Step 1697997/5000000 | Win rate (rollout): 0.43 | Loss: 0.206 | Opp label coverage: 0.91
Step 1698511/5000000 | Win rate (rollout): 0.50 | Loss: 0.250 | Opp label coverage: 0.92
Step 1699029/5000000 | Win rate (rollout): 0.55 | Loss: 0.205 | Opp label coverage: 0.91
Step 1699548/5000000 | Win rate (rollout): 0.47 | Loss: 0.187 | Opp label coverage: 0.91
Step 1700067/5000000 | Win rate (rollout): 0.55 | Loss: 0.205 | Opp label coverage: 0.90
Step 1700582/5000000 | Win rate (rollout): 0.43 | Loss: 0.231 | Opp label coverage: 0.91
Step 1701094/5000000 | Win rate (rollout): 0.25 | Loss: 0.189 | Opp label coverage: 0.80
Step 1701611/5000000 | Win rate (rollout): 0.50 | Loss: 0.228 | Opp label coverage: 0.91
Step 1702123/5000000 | Win rate (rollout): 1.00 | Loss: 0.175 | Opp label coverage: 0.85
Step 1702635/5000000 | Win rate (rollout): 0.50 | Loss: 0.181 | Opp label coverage: 0.81
Step 1703147/5000000 | Win rate (rollout): 0.41 | Loss: 0.219 | Opp label coverage: 0.79
Step 1703659/5000000 | Win rate (rollout): 0.24 | Loss: 0.166 | Opp label coverage: 0.86
Step 1704171/5000000 | Win rate (rollout): 0.47 | Loss: 0.202 | Opp label coverage: 0.83
Step 1704683/5000000 | Win rate (rollout): 0.44 | Loss: 0.162 | Opp label coverage: 0.81
Step 1705202/5000000 | Win rate (rollout): 0.33 | Loss: 0.180 | Opp label coverage: 0.90
Step 1705718/5000000 | Win rate (rollout): 0.38 | Loss: 0.260 | Opp label coverage: 0.91
Step 1706230/5000000 | Win rate (rollout): 0.45 | Loss: 0.205 | Opp label coverage: 0.79
Step 1706746/5000000 | Win rate (rollout): 0.64 | Loss: 0.228 | Opp label coverage: 0.91
Step 1707263/5000000 | Win rate (rollout): 0.50 | Loss: 0.223 | Opp label coverage: 0.89
Step 1707775/5000000 | Win rate (rollout): 0.57 | Loss: 0.178 | Opp label coverage: 0.82
Step 1708287/5000000 | Win rate (rollout): 0.30 | Loss: 0.195 | Opp label coverage: 0.82
Step 1708802/5000000 | Win rate (rollout): 0.44 | Loss: 0.194 | Opp label coverage: 0.90
Step 1709314/5000000 | Win rate (rollout): 0.33 | Loss: 0.171 | Opp label coverage: 0.88
Step 1709832/5000000 | Win rate (rollout): 0.56 | Loss: 0.251 | Opp label coverage: 0.90
Step 1710344/5000000 | Win rate (rollout): 0.55 | Loss: 0.177 | Opp label coverage: 0.78
Step 1710858/5000000 | Win rate (rollout): 0.36 | Loss: 0.169 | Opp label coverage: 0.89
Step 1711372/5000000 | Win rate (rollout): 0.50 | Loss: 0.192 | Opp label coverage: 0.89
Step 1711886/5000000 | Win rate (rollout): 0.43 | Loss: 0.196 | Opp label coverage: 0.91
Step 1712402/5000000 | Win rate (rollout): 0.50 | Loss: 0.280 | Opp label coverage: 0.90
Step 1712914/5000000 | Win rate (rollout): 0.15 | Loss: 0.163 | Opp label coverage: 0.82
Step 1713433/5000000 | Win rate (rollout): 0.30 | Loss: 0.175 | Opp label coverage: 0.90
Step 1713948/5000000 | Win rate (rollout): 0.53 | Loss: 0.257 | Opp label coverage: 0.90
Step 1714460/5000000 | Win rate (rollout): 0.38 | Loss: 0.197 | Opp label coverage: 0.80
Step 1714972/5000000 | Win rate (rollout): 0.27 | Loss: 0.161 | Opp label coverage: 0.84
Step 1715488/5000000 | Win rate (rollout): 0.40 | Loss: 0.211 | Opp label coverage: 0.90
Step 1716003/5000000 | Win rate (rollout): 0.38 | Loss: 0.227 | Opp label coverage: 0.91
Step 1716515/5000000 | Win rate (rollout): 0.62 | Loss: 0.181 | Opp label coverage: 0.82
Step 1717027/5000000 | Win rate (rollout): 0.40 | Loss: 0.166 | Opp label coverage: 0.82
Step 1717539/5000000 | Win rate (rollout): 0.62 | Loss: 0.196 | Opp label coverage: 0.86
Step 1718058/5000000 | Win rate (rollout): 0.50 | Loss: 0.256 | Opp label coverage: 0.92
Step 1718570/5000000 | Win rate (rollout): 0.50 | Loss: 0.169 | Opp label coverage: 0.75
Step 1719082/5000000 | Win rate (rollout): 0.44 | Loss: 0.186 | Opp label coverage: 0.83
Step 1719596/5000000 | Win rate (rollout): 0.56 | Loss: 0.285 | Opp label coverage: 0.90
Step 1720114/5000000 | Win rate (rollout): 0.57 | Loss: 0.237 | Opp label coverage: 0.91
Step 1720632/5000000 | Win rate (rollout): 0.71 | Loss: 0.227 | Opp label coverage: 0.90
Step 1721144/5000000 | Win rate (rollout): 0.50 | Loss: 0.191 | Opp label coverage: 0.84
Step 1721656/5000000 | Win rate (rollout): 0.78 | Loss: 0.205 | Opp label coverage: 0.92
Step 1722168/5000000 | Win rate (rollout): 0.50 | Loss: 0.228 | Opp label coverage: 0.82
Step 1722680/5000000 | Win rate (rollout): 0.57 | Loss: 0.187 | Opp label coverage: 0.84
Step 1723192/5000000 | Win rate (rollout): 0.50 | Loss: 0.198 | Opp label coverage: 0.82
Step 1723708/5000000 | Win rate (rollout): 0.56 | Loss: 0.202 | Opp label coverage: 0.91
Step 1724220/5000000 | Win rate (rollout): 0.38 | Loss: 0.166 | Opp label coverage: 0.83
Step 1724732/5000000 | Win rate (rollout): 0.23 | Loss: 0.186 | Opp label coverage: 0.82
Step 1725244/5000000 | Win rate (rollout): 0.62 | Loss: 0.188 | Opp label coverage: 0.81
Step 1725758/5000000 | Win rate (rollout): 0.75 | Loss: 0.127 | Opp label coverage: 0.90
Step 1726270/5000000 | Win rate (rollout): 0.62 | Loss: 0.190 | Opp label coverage: 0.82
Step 1726786/5000000 | Win rate (rollout): 0.40 | Loss: 0.166 | Opp label coverage: 0.90
Step 1727298/5000000 | Win rate (rollout): 0.58 | Loss: 0.178 | Opp label coverage: 0.82
Step 1727810/5000000 | Win rate (rollout): 0.43 | Loss: 0.163 | Opp label coverage: 0.82
Step 1728322/5000000 | Win rate (rollout): 0.50 | Loss: 0.178 | Opp label coverage: 0.85
Step 1728834/5000000 | Win rate (rollout): 0.62 | Loss: 0.215 | Opp label coverage: 0.91
Step 1729348/5000000 | Win rate (rollout): 0.43 | Loss: 0.192 | Opp label coverage: 0.90
Step 1729866/5000000 | Win rate (rollout): 0.47 | Loss: 0.220 | Opp label coverage: 0.88
Step 1730383/5000000 | Win rate (rollout): 0.54 | Loss: 0.211 | Opp label coverage: 0.91
Step 1730895/5000000 | Win rate (rollout): 0.36 | Loss: 0.199 | Opp label coverage: 0.80
Step 1731410/5000000 | Win rate (rollout): 0.50 | Loss: 0.196 | Opp label coverage: 0.90
Step 1731922/5000000 | Win rate (rollout): 0.25 | Loss: 0.160 | Opp label coverage: 0.80
Step 1732434/5000000 | Win rate (rollout): 0.50 | Loss: 0.196 | Opp label coverage: 0.85
Step 1732951/5000000 | Win rate (rollout): 0.57 | Loss: 0.175 | Opp label coverage: 0.91
Step 1733468/5000000 | Win rate (rollout): 0.46 | Loss: 0.183 | Opp label coverage: 0.90
Step 1733980/5000000 | Win rate (rollout): 0.30 | Loss: 0.181 | Opp label coverage: 0.83
Step 1734492/5000000 | Win rate (rollout): 0.38 | Loss: 0.202 | Opp label coverage: 0.75
Step 1735005/5000000 | Win rate (rollout): 0.43 | Loss: 0.133 | Opp label coverage: 0.92
Step 1735520/5000000 | Win rate (rollout): 0.17 | Loss: 0.231 | Opp label coverage: 0.90
Step 1736032/5000000 | Win rate (rollout): 0.55 | Loss: 0.212 | Opp label coverage: 0.85
Step 1736544/5000000 | Win rate (rollout): 0.44 | Loss: 0.174 | Opp label coverage: 0.82
Step 1737062/5000000 | Win rate (rollout): 0.50 | Loss: 0.163 | Opp label coverage: 0.90
Step 1737577/5000000 | Win rate (rollout): 0.23 | Loss: 0.187 | Opp label coverage: 0.90
Step 1738093/5000000 | Win rate (rollout): 0.50 | Loss: 0.220 | Opp label coverage: 0.91
Step 1738605/5000000 | Win rate (rollout): 0.00 | Loss: 0.147 | Opp label coverage: 0.81
Step 1739122/5000000 | Win rate (rollout): 0.56 | Loss: 0.181 | Opp label coverage: 0.90
Step 1739634/5000000 | Win rate (rollout): 0.50 | Loss: 0.194 | Opp label coverage: 0.79
Step 1740146/5000000 | Win rate (rollout): 0.33 | Loss: 0.227 | Opp label coverage: 0.79
Step 1740659/5000000 | Win rate (rollout): 0.25 | Loss: 0.232 | Opp label coverage: 0.91
Step 1741173/5000000 | Win rate (rollout): 0.47 | Loss: 0.185 | Opp label coverage: 0.91
Step 1741685/5000000 | Win rate (rollout): 0.25 | Loss: 0.188 | Opp label coverage: 0.81
Step 1742200/5000000 | Win rate (rollout): 0.22 | Loss: 0.218 | Opp label coverage: 0.90
Step 1742712/5000000 | Win rate (rollout): 0.33 | Loss: 0.213 | Opp label coverage: 0.91
Step 1743224/5000000 | Win rate (rollout): 0.62 | Loss: 0.222 | Opp label coverage: 0.91
Step 1743736/5000000 | Win rate (rollout): 0.56 | Loss: 0.190 | Opp label coverage: 0.76
Step 1744248/5000000 | Win rate (rollout): 0.30 | Loss: 0.177 | Opp label coverage: 0.84
Step 1744760/5000000 | Win rate (rollout): 0.69 | Loss: 0.195 | Opp label coverage: 0.83
Step 1745272/5000000 | Win rate (rollout): 0.33 | Loss: 0.152 | Opp label coverage: 0.86
Step 1745788/5000000 | Win rate (rollout): 0.38 | Loss: 0.207 | Opp label coverage: 0.90
Step 1746302/5000000 | Win rate (rollout): 0.28 | Loss: 0.175 | Opp label coverage: 0.87
Step 1746818/5000000 | Win rate (rollout): 0.44 | Loss: 0.188 | Opp label coverage: 0.92
Step 1747334/5000000 | Win rate (rollout): 0.45 | Loss: 0.193 | Opp label coverage: 0.92
Step 1747846/5000000 | Win rate (rollout): 0.67 | Loss: 0.173 | Opp label coverage: 0.83
Step 1748361/5000000 | Win rate (rollout): 0.62 | Loss: 0.196 | Opp label coverage: 0.90
Step 1748873/5000000 | Win rate (rollout): 0.27 | Loss: 0.174 | Opp label coverage: 0.80
Step 1749391/5000000 | Win rate (rollout): 0.67 | Loss: 0.141 | Opp label coverage: 0.92
Step 1749903/5000000 | Win rate (rollout): 0.89 | Loss: 0.170 | Opp label coverage: 0.85
[checkpoint] Saved models/ppo/checkpoints/bcft/ppo_step_1750023.pt
Step 1750419/5000000 | Win rate (rollout): 0.43 | Loss: 0.218 | Opp label coverage: 0.91
Step 1750931/5000000 | Win rate (rollout): 0.30 | Loss: 0.178 | Opp label coverage: 0.82
Step 1751443/5000000 | Win rate (rollout): 0.47 | Loss: 0.182 | Opp label coverage: 0.82
Step 1751955/5000000 | Win rate (rollout): 0.50 | Loss: 0.170 | Opp label coverage: 0.85
Step 1752473/5000000 | Win rate (rollout): 0.11 | Loss: 0.207 | Opp label coverage: 0.90
Step 1752990/5000000 | Win rate (rollout): 0.59 | Loss: 0.193 | Opp label coverage: 0.91
Step 1753502/5000000 | Win rate (rollout): 0.30 | Loss: 0.199 | Opp label coverage: 0.80
Step 1754014/5000000 | Win rate (rollout): 0.50 | Loss: 0.196 | Opp label coverage: 0.84
Step 1754526/5000000 | Win rate (rollout): 0.15 | Loss: 0.190 | Opp label coverage: 0.80
Step 1755039/5000000 | Win rate (rollout): 0.33 | Loss: 0.195 | Opp label coverage: 0.88
Step 1755551/5000000 | Win rate (rollout): 0.46 | Loss: 0.191 | Opp label coverage: 0.82
Step 1756063/5000000 | Win rate (rollout): 0.47 | Loss: 0.193 | Opp label coverage: 0.84
Step 1756575/5000000 | Win rate (rollout): 0.21 | Loss: 0.188 | Opp label coverage: 0.79
Step 1757087/5000000 | Win rate (rollout): 0.62 | Loss: 0.180 | Opp label coverage: 0.84
Step 1757600/5000000 | Win rate (rollout): 0.55 | Loss: 0.245 | Opp label coverage: 0.90
Step 1758113/5000000 | Win rate (rollout): 0.67 | Loss: 0.209 | Opp label coverage: 0.89
Step 1758627/5000000 | Win rate (rollout): 0.70 | Loss: 0.274 | Opp label coverage: 0.91
Step 1759146/5000000 | Win rate (rollout): 0.64 | Loss: 0.208 | Opp label coverage: 0.93
Step 1759658/5000000 | Win rate (rollout): 0.50 | Loss: 0.158 | Opp label coverage: 0.80
Step 1760171/5000000 | Win rate (rollout): 0.56 | Loss: 0.199 | Opp label coverage: 0.90
Step 1760683/5000000 | Win rate (rollout): 0.50 | Loss: 0.177 | Opp label coverage: 0.77
Step 1761197/5000000 | Win rate (rollout): 0.36 | Loss: 0.222 | Opp label coverage: 0.90
Step 1761709/5000000 | Win rate (rollout): 0.64 | Loss: 0.209 | Opp label coverage: 0.91
Step 1762227/5000000 | Win rate (rollout): 0.69 | Loss: 0.189 | Opp label coverage: 0.92
Step 1762741/5000000 | Win rate (rollout): 0.33 | Loss: 0.245 | Opp label coverage: 0.90
Step 1763253/5000000 | Win rate (rollout): 0.50 | Loss: 0.197 | Opp label coverage: 0.78
Step 1763765/5000000 | Win rate (rollout): 0.50 | Loss: 0.206 | Opp label coverage: 0.92
Step 1764279/5000000 | Win rate (rollout): 0.64 | Loss: 0.145 | Opp label coverage: 0.92
Step 1764798/5000000 | Win rate (rollout): 0.75 | Loss: 0.236 | Opp label coverage: 0.90
Step 1765314/5000000 | Win rate (rollout): 0.29 | Loss: 0.216 | Opp label coverage: 0.90
Step 1765826/5000000 | Win rate (rollout): 0.57 | Loss: 0.193 | Opp label coverage: 0.82
Step 1766338/5000000 | Win rate (rollout): 0.42 | Loss: 0.194 | Opp label coverage: 0.85
Step 1766850/5000000 | Win rate (rollout): 0.64 | Loss: 0.182 | Opp label coverage: 0.82
Step 1767369/5000000 | Win rate (rollout): 0.42 | Loss: 0.282 | Opp label coverage: 0.90
Step 1767887/5000000 | Win rate (rollout): 0.33 | Loss: 0.241 | Opp label coverage: 0.90
Step 1768402/5000000 | Win rate (rollout): 0.50 | Loss: 0.199 | Opp label coverage: 0.91
Step 1768919/5000000 | Win rate (rollout): 0.57 | Loss: 0.149 | Opp label coverage: 0.91
Step 1769431/5000000 | Win rate (rollout): 0.38 | Loss: 0.183 | Opp label coverage: 0.85
Step 1769950/5000000 | Win rate (rollout): 0.30 | Loss: 0.191 | Opp label coverage: 0.89
Step 1770463/5000000 | Win rate (rollout): 0.20 | Loss: 0.112 | Opp label coverage: 0.91
Step 1770976/5000000 | Win rate (rollout): 0.50 | Loss: 0.239 | Opp label coverage: 0.92
Step 1771493/5000000 | Win rate (rollout): 0.57 | Loss: 0.190 | Opp label coverage: 0.89
Step 1772005/5000000 | Win rate (rollout): 0.50 | Loss: 0.197 | Opp label coverage: 0.79
Step 1772522/5000000 | Win rate (rollout): 0.67 | Loss: 0.218 | Opp label coverage: 0.91
Step 1773034/5000000 | Win rate (rollout): 0.11 | Loss: 0.190 | Opp label coverage: 0.81
Step 1773546/5000000 | Win rate (rollout): 0.73 | Loss: 0.212 | Opp label coverage: 0.82
Step 1774064/5000000 | Win rate (rollout): 0.60 | Loss: 0.222 | Opp label coverage: 0.92
Step 1774577/5000000 | Win rate (rollout): 0.67 | Loss: 0.135 | Opp label coverage: 0.92
Step 1775094/5000000 | Win rate (rollout): 0.46 | Loss: 0.199 | Opp label coverage: 0.89
Step 1775611/5000000 | Win rate (rollout): 0.67 | Loss: 0.166 | Opp label coverage: 0.91
Step 1776123/5000000 | Win rate (rollout): 0.33 | Loss: 0.183 | Opp label coverage: 0.77
Step 1776635/5000000 | Win rate (rollout): 0.20 | Loss: 0.194 | Opp label coverage: 0.83
Step 1777147/5000000 | Win rate (rollout): 0.57 | Loss: 0.170 | Opp label coverage: 0.86
Step 1777664/5000000 | Win rate (rollout): 0.70 | Loss: 0.190 | Opp label coverage: 0.91
Step 1778176/5000000 | Win rate (rollout): 0.60 | Loss: 0.215 | Opp label coverage: 0.82
Step 1778688/5000000 | Win rate (rollout): 0.27 | Loss: 0.174 | Opp label coverage: 0.82
Step 1779201/5000000 | Win rate (rollout): 0.50 | Loss: 0.204 | Opp label coverage: 0.91
Step 1779716/5000000 | Win rate (rollout): 0.71 | Loss: 0.243 | Opp label coverage: 0.92
Step 1780228/5000000 | Win rate (rollout): 0.56 | Loss: 0.209 | Opp label coverage: 0.92
Step 1780746/5000000 | Win rate (rollout): 0.69 | Loss: 0.222 | Opp label coverage: 0.92
Step 1781258/5000000 | Win rate (rollout): 0.50 | Loss: 0.208 | Opp label coverage: 0.79
Step 1781773/5000000 | Win rate (rollout): 0.38 | Loss: 0.223 | Opp label coverage: 0.91
Step 1782291/5000000 | Win rate (rollout): 0.33 | Loss: 0.173 | Opp label coverage: 0.88
Step 1782808/5000000 | Win rate (rollout): 0.58 | Loss: 0.201 | Opp label coverage: 0.91
Step 1783325/5000000 | Win rate (rollout): 0.53 | Loss: 0.192 | Opp label coverage: 0.89
Step 1783840/5000000 | Win rate (rollout): 0.55 | Loss: 0.218 | Opp label coverage: 0.91
Step 1784353/5000000 | Win rate (rollout): 0.69 | Loss: 0.162 | Opp label coverage: 0.92
Step 1784865/5000000 | Win rate (rollout): 0.38 | Loss: 0.188 | Opp label coverage: 0.84
Step 1785378/5000000 | Win rate (rollout): 0.11 | Loss: 0.150 | Opp label coverage: 0.89
Step 1785891/5000000 | Win rate (rollout): 0.47 | Loss: 0.222 | Opp label coverage: 0.90
Step 1786408/5000000 | Win rate (rollout): 0.75 | Loss: 0.217 | Opp label coverage: 0.91
Step 1786920/5000000 | Win rate (rollout): 0.50 | Loss: 0.194 | Opp label coverage: 0.77
Step 1787437/5000000 | Win rate (rollout): 0.38 | Loss: 0.170 | Opp label coverage: 0.91
Step 1787949/5000000 | Win rate (rollout): 0.64 | Loss: 0.238 | Opp label coverage: 0.91
Step 1788462/5000000 | Win rate (rollout): 0.54 | Loss: 0.180 | Opp label coverage: 0.90
Step 1788974/5000000 | Win rate (rollout): 0.38 | Loss: 0.200 | Opp label coverage: 0.80
Step 1789486/5000000 | Win rate (rollout): 0.75 | Loss: 0.213 | Opp label coverage: 0.91
Step 1789998/5000000 | Win rate (rollout): 0.10 | Loss: 0.157 | Opp label coverage: 0.84
Step 1790510/5000000 | Win rate (rollout): 0.77 | Loss: 0.218 | Opp label coverage: 0.76
Step 1791022/5000000 | Win rate (rollout): 0.50 | Loss: 0.179 | Opp label coverage: 0.84
Step 1791537/5000000 | Win rate (rollout): 0.38 | Loss: 0.232 | Opp label coverage: 0.88
Step 1792055/5000000 | Win rate (rollout): 0.40 | Loss: 0.197 | Opp label coverage: 0.91
Step 1792568/5000000 | Win rate (rollout): 0.50 | Loss: 0.153 | Opp label coverage: 0.91
Step 1793080/5000000 | Win rate (rollout): 0.43 | Loss: 0.212 | Opp label coverage: 0.84
Step 1793592/5000000 | Win rate (rollout): 0.30 | Loss: 0.254 | Opp label coverage: 0.89
Step 1794104/5000000 | Win rate (rollout): 0.36 | Loss: 0.202 | Opp label coverage: 0.90
Step 1794616/5000000 | Win rate (rollout): 0.25 | Loss: 0.169 | Opp label coverage: 0.82
Step 1795133/5000000 | Win rate (rollout): 0.33 | Loss: 0.179 | Opp label coverage: 0.90
Step 1795645/5000000 | Win rate (rollout): 0.78 | Loss: 0.200 | Opp label coverage: 0.78
Step 1796161/5000000 | Win rate (rollout): 0.54 | Loss: 0.219 | Opp label coverage: 0.90
Step 1796673/5000000 | Win rate (rollout): 0.31 | Loss: 0.206 | Opp label coverage: 0.81
Step 1797185/5000000 | Win rate (rollout): 0.38 | Loss: 0.228 | Opp label coverage: 0.80
Step 1797697/5000000 | Win rate (rollout): 0.27 | Loss: 0.183 | Opp label coverage: 0.79
Step 1798209/5000000 | Win rate (rollout): 0.35 | Loss: 0.179 | Opp label coverage: 0.80
Step 1798727/5000000 | Win rate (rollout): 0.30 | Loss: 0.193 | Opp label coverage: 0.88
Step 1799239/5000000 | Win rate (rollout): 0.23 | Loss: 0.176 | Opp label coverage: 0.84
Step 1799754/5000000 | Win rate (rollout): 0.20 | Loss: 0.164 | Opp label coverage: 0.90
Step 1800268/5000000 | Win rate (rollout): 0.71 | Loss: 0.173 | Opp label coverage: 0.90
Step 1800782/5000000 | Win rate (rollout): 0.38 | Loss: 0.170 | Opp label coverage: 0.90
Step 1801294/5000000 | Win rate (rollout): 0.58 | Loss: 0.194 | Opp label coverage: 0.79
Step 1801807/5000000 | Win rate (rollout): 0.38 | Loss: 0.133 | Opp label coverage: 0.90
Step 1802319/5000000 | Win rate (rollout): 0.36 | Loss: 0.197 | Opp label coverage: 0.85
Step 1802836/5000000 | Win rate (rollout): 0.43 | Loss: 0.175 | Opp label coverage: 0.92
Step 1803348/5000000 | Win rate (rollout): 0.31 | Loss: 0.200 | Opp label coverage: 0.81
Step 1803860/5000000 | Win rate (rollout): 0.50 | Loss: 0.194 | Opp label coverage: 0.84
Step 1804373/5000000 | Win rate (rollout): 0.70 | Loss: 0.195 | Opp label coverage: 0.90
Step 1804885/5000000 | Win rate (rollout): 0.54 | Loss: 0.187 | Opp label coverage: 0.91
Step 1805397/5000000 | Win rate (rollout): 0.30 | Loss: 0.204 | Opp label coverage: 0.76
Step 1805910/5000000 | Win rate (rollout): 0.45 | Loss: 0.070 | Opp label coverage: 0.91
Step 1806423/5000000 | Win rate (rollout): 0.46 | Loss: 0.197 | Opp label coverage: 0.91
Step 1806937/5000000 | Win rate (rollout): 0.73 | Loss: 0.238 | Opp label coverage: 0.92
Step 1807456/5000000 | Win rate (rollout): 0.50 | Loss: 0.235 | Opp label coverage: 0.92
Step 1807968/5000000 | Win rate (rollout): 0.62 | Loss: 0.163 | Opp label coverage: 0.73
Step 1808480/5000000 | Win rate (rollout): 0.20 | Loss: 0.180 | Opp label coverage: 0.78
Step 1808992/5000000 | Win rate (rollout): 0.33 | Loss: 0.184 | Opp label coverage: 0.81
Step 1809509/5000000 | Win rate (rollout): 0.44 | Loss: 0.158 | Opp label coverage: 0.90
Step 1810021/5000000 | Win rate (rollout): 0.14 | Loss: 0.181 | Opp label coverage: 0.85
Step 1810533/5000000 | Win rate (rollout): 0.62 | Loss: 0.168 | Opp label coverage: 0.85
Step 1811050/5000000 | Win rate (rollout): 0.50 | Loss: 0.189 | Opp label coverage: 0.89
Step 1811562/5000000 | Win rate (rollout): 0.43 | Loss: 0.190 | Opp label coverage: 0.85
Step 1812074/5000000 | Win rate (rollout): 0.50 | Loss: 0.197 | Opp label coverage: 0.74
Step 1812586/5000000 | Win rate (rollout): 0.20 | Loss: 0.223 | Opp label coverage: 0.88
Step 1813098/5000000 | Win rate (rollout): 0.27 | Loss: 0.173 | Opp label coverage: 0.79
Step 1813610/5000000 | Win rate (rollout): 0.38 | Loss: 0.166 | Opp label coverage: 0.76
Step 1814122/5000000 | Win rate (rollout): 0.56 | Loss: 0.177 | Opp label coverage: 0.89
Step 1814634/5000000 | Win rate (rollout): 0.36 | Loss: 0.203 | Opp label coverage: 0.83
Step 1815147/5000000 | Win rate (rollout): 0.78 | Loss: 0.208 | Opp label coverage: 0.92
Step 1815664/5000000 | Win rate (rollout): 0.71 | Loss: 0.206 | Opp label coverage: 0.91
Step 1816176/5000000 | Win rate (rollout): 0.75 | Loss: 0.179 | Opp label coverage: 0.82
Step 1816693/5000000 | Win rate (rollout): 0.62 | Loss: 0.168 | Opp label coverage: 0.92
Step 1817205/5000000 | Win rate (rollout): 0.38 | Loss: 0.205 | Opp label coverage: 0.81
Step 1817720/5000000 | Win rate (rollout): 0.40 | Loss: 0.186 | Opp label coverage: 0.89
Step 1818232/5000000 | Win rate (rollout): 0.58 | Loss: 0.212 | Opp label coverage: 0.74
Step 1818750/5000000 | Win rate (rollout): 0.71 | Loss: 0.201 | Opp label coverage: 0.95
Step 1819262/5000000 | Win rate (rollout): 0.42 | Loss: 0.192 | Opp label coverage: 0.78
Step 1819774/5000000 | Win rate (rollout): 0.38 | Loss: 0.217 | Opp label coverage: 0.90
Step 1820286/5000000 | Win rate (rollout): 0.50 | Loss: 0.199 | Opp label coverage: 0.81
Step 1820798/5000000 | Win rate (rollout): 0.38 | Loss: 0.185 | Opp label coverage: 0.82
Step 1821317/5000000 | Win rate (rollout): 0.62 | Loss: 0.216 | Opp label coverage: 0.93
Step 1821829/5000000 | Win rate (rollout): 0.62 | Loss: 0.185 | Opp label coverage: 0.81
Step 1822341/5000000 | Win rate (rollout): 0.31 | Loss: 0.157 | Opp label coverage: 0.84
Step 1822853/5000000 | Win rate (rollout): 0.71 | Loss: 0.191 | Opp label coverage: 0.92
Step 1823365/5000000 | Win rate (rollout): 0.23 | Loss: 0.184 | Opp label coverage: 0.81
Step 1823877/5000000 | Win rate (rollout): 0.15 | Loss: 0.166 | Opp label coverage: 0.78
Step 1824389/5000000 | Win rate (rollout): 0.50 | Loss: 0.193 | Opp label coverage: 0.80
Step 1824901/5000000 | Win rate (rollout): 0.75 | Loss: 0.217 | Opp label coverage: 0.82
Step 1825413/5000000 | Win rate (rollout): 0.27 | Loss: 0.188 | Opp label coverage: 0.79
Step 1825928/5000000 | Win rate (rollout): 0.50 | Loss: 0.222 | Opp label coverage: 0.90
Step 1826444/5000000 | Win rate (rollout): 0.25 | Loss: 0.161 | Opp label coverage: 0.90
Step 1826962/5000000 | Win rate (rollout): 0.57 | Loss: 0.232 | Opp label coverage: 0.90
Step 1827479/5000000 | Win rate (rollout): 0.18 | Loss: 0.212 | Opp label coverage: 0.89
Step 1827991/5000000 | Win rate (rollout): 0.62 | Loss: 0.174 | Opp label coverage: 0.91
Step 1828503/5000000 | Win rate (rollout): 0.09 | Loss: 0.181 | Opp label coverage: 0.79
Step 1829016/5000000 | Win rate (rollout): 0.60 | Loss: 0.173 | Opp label coverage: 0.91
Step 1829529/5000000 | Win rate (rollout): 0.46 | Loss: 0.205 | Opp label coverage: 0.92
Step 1830041/5000000 | Win rate (rollout): 0.18 | Loss: 0.175 | Opp label coverage: 0.83
Step 1830555/5000000 | Win rate (rollout): 0.50 | Loss: 0.148 | Opp label coverage: 0.89
Step 1831067/5000000 | Win rate (rollout): 0.70 | Loss: 0.186 | Opp label coverage: 0.83
Step 1831579/5000000 | Win rate (rollout): 0.43 | Loss: 0.177 | Opp label coverage: 0.78
Step 1832091/5000000 | Win rate (rollout): 0.50 | Loss: 0.172 | Opp label coverage: 0.86
Step 1832603/5000000 | Win rate (rollout): 0.27 | Loss: 0.208 | Opp label coverage: 0.85
Step 1833118/5000000 | Win rate (rollout): 0.67 | Loss: 0.232 | Opp label coverage: 0.91
Step 1833630/5000000 | Win rate (rollout): 0.36 | Loss: 0.171 | Opp label coverage: 0.82
Step 1834142/5000000 | Win rate (rollout): 0.50 | Loss: 0.238 | Opp label coverage: 0.83
Step 1834661/5000000 | Win rate (rollout): 0.44 | Loss: 0.209 | Opp label coverage: 0.88
Step 1835179/5000000 | Win rate (rollout): 0.31 | Loss: 0.225 | Opp label coverage: 0.90
Step 1835697/5000000 | Win rate (rollout): 0.67 | Loss: 0.182 | Opp label coverage: 0.91
Step 1836213/5000000 | Win rate (rollout): 0.71 | Loss: 0.185 | Opp label coverage: 0.90
Step 1836725/5000000 | Win rate (rollout): 0.20 | Loss: 0.183 | Opp label coverage: 0.82
Step 1837237/5000000 | Win rate (rollout): 0.40 | Loss: 0.180 | Opp label coverage: 0.84
Step 1837752/5000000 | Win rate (rollout): 0.55 | Loss: 0.266 | Opp label coverage: 0.91
Step 1838264/5000000 | Win rate (rollout): 0.46 | Loss: 0.197 | Opp label coverage: 0.81
Step 1838776/5000000 | Win rate (rollout): 0.53 | Loss: 0.194 | Opp label coverage: 0.81
Step 1839291/5000000 | Win rate (rollout): 0.33 | Loss: 0.205 | Opp label coverage: 0.88
Step 1839803/5000000 | Win rate (rollout): 0.57 | Loss: 0.209 | Opp label coverage: 0.83
Step 1840317/5000000 | Win rate (rollout): 0.27 | Loss: 0.181 | Opp label coverage: 0.88
Step 1840829/5000000 | Win rate (rollout): 0.25 | Loss: 0.245 | Opp label coverage: 0.83
Step 1841346/5000000 | Win rate (rollout): 0.60 | Loss: 0.246 | Opp label coverage: 0.90
Step 1841858/5000000 | Win rate (rollout): 0.33 | Loss: 0.166 | Opp label coverage: 0.80
Step 1842370/5000000 | Win rate (rollout): 0.33 | Loss: 0.216 | Opp label coverage: 0.82
Step 1842882/5000000 | Win rate (rollout): 0.38 | Loss: 0.167 | Opp label coverage: 0.86
Step 1843400/5000000 | Win rate (rollout): 0.70 | Loss: 0.218 | Opp label coverage: 0.91
Step 1843912/5000000 | Win rate (rollout): 0.30 | Loss: 0.207 | Opp label coverage: 0.83
Step 1844430/5000000 | Win rate (rollout): 1.00 | Loss: 0.209 | Opp label coverage: 0.92
Step 1844942/5000000 | Win rate (rollout): 0.56 | Loss: 0.177 | Opp label coverage: 0.84
Step 1845456/5000000 | Win rate (rollout): 0.38 | Loss: 0.221 | Opp label coverage: 0.90
Step 1845972/5000000 | Win rate (rollout): 0.60 | Loss: 0.151 | Opp label coverage: 0.90
Step 1846484/5000000 | Win rate (rollout): 0.22 | Loss: 0.183 | Opp label coverage: 0.81
Step 1846996/5000000 | Win rate (rollout): 0.67 | Loss: 0.213 | Opp label coverage: 0.90
Step 1847508/5000000 | Win rate (rollout): 0.08 | Loss: 0.164 | Opp label coverage: 0.80
Step 1848020/5000000 | Win rate (rollout): 0.33 | Loss: 0.239 | Opp label coverage: 0.79
Step 1848532/5000000 | Win rate (rollout): 0.43 | Loss: 0.192 | Opp label coverage: 0.82
Step 1849044/5000000 | Win rate (rollout): 0.90 | Loss: 0.197 | Opp label coverage: 0.84
Step 1849556/5000000 | Win rate (rollout): 0.46 | Loss: 0.206 | Opp label coverage: 0.86
Step 1850068/5000000 | Win rate (rollout): 0.56 | Loss: 0.194 | Opp label coverage: 0.85
Step 1850584/5000000 | Win rate (rollout): 0.50 | Loss: 0.187 | Opp label coverage: 0.90
Step 1851096/5000000 | Win rate (rollout): 0.38 | Loss: 0.190 | Opp label coverage: 0.77
Step 1851608/5000000 | Win rate (rollout): 0.75 | Loss: 0.190 | Opp label coverage: 0.83
Step 1852121/5000000 | Win rate (rollout): 0.56 | Loss: 0.179 | Opp label coverage: 0.90
Step 1852639/5000000 | Win rate (rollout): 0.43 | Loss: 0.169 | Opp label coverage: 0.92
Step 1853151/5000000 | Win rate (rollout): 0.20 | Loss: 0.163 | Opp label coverage: 0.80
Step 1853664/5000000 | Win rate (rollout): 0.11 | Loss: 0.249 | Opp label coverage: 0.88
Step 1854176/5000000 | Win rate (rollout): 0.50 | Loss: 0.184 | Opp label coverage: 0.82
Step 1854695/5000000 | Win rate (rollout): 0.38 | Loss: 0.181 | Opp label coverage: 0.90
Step 1855207/5000000 | Win rate (rollout): 0.69 | Loss: 0.203 | Opp label coverage: 0.91
Step 1855720/5000000 | Win rate (rollout): 0.38 | Loss: 0.172 | Opp label coverage: 0.91
Step 1856235/5000000 | Win rate (rollout): 0.43 | Loss: 0.243 | Opp label coverage: 0.89
Step 1856747/5000000 | Win rate (rollout): 0.40 | Loss: 0.200 | Opp label coverage: 0.84
Step 1857265/5000000 | Win rate (rollout): 0.50 | Loss: 0.188 | Opp label coverage: 0.90
Step 1857782/5000000 | Win rate (rollout): 0.64 | Loss: 0.186 | Opp label coverage: 0.90
Step 1858294/5000000 | Win rate (rollout): 0.45 | Loss: 0.185 | Opp label coverage: 0.80
Step 1858806/5000000 | Win rate (rollout): 0.10 | Loss: 0.170 | Opp label coverage: 0.88
Step 1859318/5000000 | Win rate (rollout): 0.64 | Loss: 0.197 | Opp label coverage: 0.92
Step 1859830/5000000 | Win rate (rollout): 0.31 | Loss: 0.168 | Opp label coverage: 0.85
Step 1860344/5000000 | Win rate (rollout): 0.38 | Loss: 0.153 | Opp label coverage: 0.93
Step 1860863/5000000 | Win rate (rollout): 0.57 | Loss: 0.196 | Opp label coverage: 0.89
Step 1861375/5000000 | Win rate (rollout): 0.33 | Loss: 0.197 | Opp label coverage: 0.82
Step 1861892/5000000 | Win rate (rollout): 0.89 | Loss: 0.192 | Opp label coverage: 0.93
Step 1862404/5000000 | Win rate (rollout): 0.70 | Loss: 0.208 | Opp label coverage: 0.92
Step 1862921/5000000 | Win rate (rollout): 0.50 | Loss: 0.215 | Opp label coverage: 0.89
Step 1863433/5000000 | Win rate (rollout): 0.27 | Loss: 0.171 | Opp label coverage: 0.78
Step 1863945/5000000 | Win rate (rollout): 0.44 | Loss: 0.211 | Opp label coverage: 0.80
Step 1864457/5000000 | Win rate (rollout): 0.83 | Loss: 0.179 | Opp label coverage: 0.91
Step 1864971/5000000 | Win rate (rollout): 0.38 | Loss: 0.211 | Opp label coverage: 0.90
Step 1865487/5000000 | Win rate (rollout): 0.38 | Loss: 0.183 | Opp label coverage: 0.90
Step 1865999/5000000 | Win rate (rollout): 0.50 | Loss: 0.177 | Opp label coverage: 0.87
Step 1866511/5000000 | Win rate (rollout): 0.21 | Loss: 0.163 | Opp label coverage: 0.79
Step 1867023/5000000 | Win rate (rollout): 0.89 | Loss: 0.183 | Opp label coverage: 0.77
Step 1867539/5000000 | Win rate (rollout): 0.33 | Loss: 0.177 | Opp label coverage: 0.89
Step 1868055/5000000 | Win rate (rollout): 0.42 | Loss: 0.180 | Opp label coverage: 0.90
Step 1868567/5000000 | Win rate (rollout): 0.58 | Loss: 0.251 | Opp label coverage: 0.92
Step 1869080/5000000 | Win rate (rollout): 0.54 | Loss: 0.220 | Opp label coverage: 0.91
Step 1869596/5000000 | Win rate (rollout): 0.50 | Loss: 0.152 | Opp label coverage: 0.90
Step 1870111/5000000 | Win rate (rollout): 0.33 | Loss: 0.168 | Opp label coverage: 0.88
Step 1870623/5000000 | Win rate (rollout): 0.62 | Loss: 0.179 | Opp label coverage: 0.86
Step 1871135/5000000 | Win rate (rollout): 0.46 | Loss: 0.216 | Opp label coverage: 0.85
Step 1871647/5000000 | Win rate (rollout): 0.33 | Loss: 0.178 | Opp label coverage: 0.81
Step 1872159/5000000 | Win rate (rollout): 0.38 | Loss: 0.182 | Opp label coverage: 0.82
Step 1872671/5000000 | Win rate (rollout): 0.14 | Loss: 0.211 | Opp label coverage: 0.91
Step 1873183/5000000 | Win rate (rollout): 0.33 | Loss: 0.177 | Opp label coverage: 0.85
Step 1873695/5000000 | Win rate (rollout): 0.50 | Loss: 0.191 | Opp label coverage: 0.79
Step 1874213/5000000 | Win rate (rollout): 0.14 | Loss: 0.192 | Opp label coverage: 0.89
Step 1874725/5000000 | Win rate (rollout): 0.08 | Loss: 0.157 | Opp label coverage: 0.81
Step 1875240/5000000 | Win rate (rollout): 0.33 | Loss: 0.138 | Opp label coverage: 0.90
Step 1875756/5000000 | Win rate (rollout): 0.57 | Loss: 0.250 | Opp label coverage: 0.91
Step 1876268/5000000 | Win rate (rollout): 0.18 | Loss: 0.171 | Opp label coverage: 0.83
Step 1876783/5000000 | Win rate (rollout): 0.43 | Loss: 0.216 | Opp label coverage: 0.90
Step 1877295/5000000 | Win rate (rollout): 0.33 | Loss: 0.177 | Opp label coverage: 0.83
Step 1877814/5000000 | Win rate (rollout): 0.31 | Loss: 0.159 | Opp label coverage: 0.89
Step 1878330/5000000 | Win rate (rollout): 0.50 | Loss: 0.179 | Opp label coverage: 0.90
Step 1878847/5000000 | Win rate (rollout): 0.64 | Loss: 0.225 | Opp label coverage: 0.89
Step 1879359/5000000 | Win rate (rollout): 0.62 | Loss: 0.168 | Opp label coverage: 0.81
Step 1879871/5000000 | Win rate (rollout): 0.42 | Loss: 0.182 | Opp label coverage: 0.78
Step 1880387/5000000 | Win rate (rollout): 0.38 | Loss: 0.205 | Opp label coverage: 0.91
Step 1880899/5000000 | Win rate (rollout): 0.25 | Loss: 0.151 | Opp label coverage: 0.85
Step 1881411/5000000 | Win rate (rollout): 0.33 | Loss: 0.166 | Opp label coverage: 0.82
Step 1881923/5000000 | Win rate (rollout): 0.43 | Loss: 0.190 | Opp label coverage: 0.83
Step 1882442/5000000 | Win rate (rollout): 0.60 | Loss: 0.187 | Opp label coverage: 0.93
Step 1882954/5000000 | Win rate (rollout): 0.56 | Loss: 0.187 | Opp label coverage: 0.90
Step 1883468/5000000 | Win rate (rollout): 0.69 | Loss: 0.183 | Opp label coverage: 0.91
Step 1883980/5000000 | Win rate (rollout): 0.45 | Loss: 0.205 | Opp label coverage: 0.91
Step 1884497/5000000 | Win rate (rollout): 0.62 | Loss: 0.231 | Opp label coverage: 0.91
Step 1885009/5000000 | Win rate (rollout): 0.25 | Loss: 0.176 | Opp label coverage: 0.78
Step 1885521/5000000 | Win rate (rollout): 0.33 | Loss: 0.217 | Opp label coverage: 0.84
Step 1886033/5000000 | Win rate (rollout): 0.43 | Loss: 0.201 | Opp label coverage: 0.83
Step 1886545/5000000 | Win rate (rollout): 0.54 | Loss: 0.190 | Opp label coverage: 0.85
Step 1887059/5000000 | Win rate (rollout): 0.40 | Loss: 0.186 | Opp label coverage: 0.90
Step 1887572/5000000 | Win rate (rollout): 0.71 | Loss: 0.231 | Opp label coverage: 0.90
Step 1888087/5000000 | Win rate (rollout): 0.42 | Loss: 0.214 | Opp label coverage: 0.92
Step 1888599/5000000 | Win rate (rollout): 0.21 | Loss: 0.178 | Opp label coverage: 0.85
Step 1889111/5000000 | Win rate (rollout): 0.36 | Loss: 0.195 | Opp label coverage: 0.81
Step 1889624/5000000 | Win rate (rollout): 0.78 | Loss: 0.268 | Opp label coverage: 0.91
Step 1890136/5000000 | Win rate (rollout): 0.22 | Loss: 0.171 | Opp label coverage: 0.83
Step 1890648/5000000 | Win rate (rollout): 0.42 | Loss: 0.181 | Opp label coverage: 0.84
Step 1891160/5000000 | Win rate (rollout): 0.57 | Loss: 0.191 | Opp label coverage: 0.79
Step 1891672/5000000 | Win rate (rollout): 0.33 | Loss: 0.190 | Opp label coverage: 0.83
Step 1892184/5000000 | Win rate (rollout): 0.42 | Loss: 0.158 | Opp label coverage: 0.86
Step 1892696/5000000 | Win rate (rollout): 0.33 | Loss: 0.193 | Opp label coverage: 0.78
Step 1893211/5000000 | Win rate (rollout): 0.11 | Loss: 0.192 | Opp label coverage: 0.88
Step 1893724/5000000 | Win rate (rollout): 0.46 | Loss: 0.146 | Opp label coverage: 0.91
Step 1894236/5000000 | Win rate (rollout): 0.12 | Loss: 0.155 | Opp label coverage: 0.82
Step 1894748/5000000 | Win rate (rollout): 0.36 | Loss: 0.171 | Opp label coverage: 0.85
Step 1895260/5000000 | Win rate (rollout): 0.38 | Loss: 0.200 | Opp label coverage: 0.84
Step 1895772/5000000 | Win rate (rollout): 0.43 | Loss: 0.197 | Opp label coverage: 0.86
Step 1896284/5000000 | Win rate (rollout): 0.43 | Loss: 0.187 | Opp label coverage: 0.78
Step 1896801/5000000 | Win rate (rollout): 0.67 | Loss: 0.221 | Opp label coverage: 0.91
Step 1897313/5000000 | Win rate (rollout): 0.38 | Loss: 0.187 | Opp label coverage: 0.87
Step 1897831/5000000 | Win rate (rollout): 0.70 | Loss: 0.186 | Opp label coverage: 0.91
Step 1898343/5000000 | Win rate (rollout): 0.50 | Loss: 0.187 | Opp label coverage: 0.83
Step 1898860/5000000 | Win rate (rollout): 0.33 | Loss: 0.207 | Opp label coverage: 0.89
Step 1899378/5000000 | Win rate (rollout): 0.54 | Loss: 0.235 | Opp label coverage: 0.91
Step 1899890/5000000 | Win rate (rollout): 0.69 | Loss: 0.197 | Opp label coverage: 0.91
Step 1900402/5000000 | Win rate (rollout): 0.50 | Loss: 0.185 | Opp label coverage: 0.78
Step 1900914/5000000 | Win rate (rollout): 0.21 | Loss: 0.175 | Opp label coverage: 0.77
Step 1901428/5000000 | Win rate (rollout): 0.50 | Loss: 0.227 | Opp label coverage: 0.91
Step 1901941/5000000 | Win rate (rollout): 0.64 | Loss: 0.312 | Opp label coverage: 0.90
Step 1902457/5000000 | Win rate (rollout): 0.67 | Loss: 0.175 | Opp label coverage: 0.92
Step 1902975/5000000 | Win rate (rollout): 0.62 | Loss: 0.165 | Opp label coverage: 0.89
Step 1903487/5000000 | Win rate (rollout): 0.42 | Loss: 0.175 | Opp label coverage: 0.81
Step 1903999/5000000 | Win rate (rollout): 0.31 | Loss: 0.193 | Opp label coverage: 0.83
Step 1904513/5000000 | Win rate (rollout): 0.50 | Loss: 0.205 | Opp label coverage: 0.90
Step 1905025/5000000 | Win rate (rollout): 0.50 | Loss: 0.207 | Opp label coverage: 0.79
Step 1905537/5000000 | Win rate (rollout): 0.12 | Loss: 0.189 | Opp label coverage: 0.80
Step 1906051/5000000 | Win rate (rollout): 0.33 | Loss: 0.224 | Opp label coverage: 0.91
Step 1906565/5000000 | Win rate (rollout): 0.33 | Loss: 0.135 | Opp label coverage: 0.90
Step 1907080/5000000 | Win rate (rollout): 0.50 | Loss: 0.290 | Opp label coverage: 0.89
Step 1907598/5000000 | Win rate (rollout): 0.54 | Loss: 0.210 | Opp label coverage: 0.91
Step 1908114/5000000 | Win rate (rollout): 0.64 | Loss: 0.159 | Opp label coverage: 0.89
Step 1908626/5000000 | Win rate (rollout): 0.25 | Loss: 0.175 | Opp label coverage: 0.84
Step 1909142/5000000 | Win rate (rollout): 0.17 | Loss: 0.203 | Opp label coverage: 0.91
Step 1909654/5000000 | Win rate (rollout): 0.58 | Loss: 0.211 | Opp label coverage: 0.82
Step 1910166/5000000 | Win rate (rollout): 0.33 | Loss: 0.192 | Opp label coverage: 0.82
Step 1910685/5000000 | Win rate (rollout): 0.44 | Loss: 0.222 | Opp label coverage: 0.90
Step 1911197/5000000 | Win rate (rollout): 0.44 | Loss: 0.185 | Opp label coverage: 0.83
Step 1911710/5000000 | Win rate (rollout): 0.25 | Loss: 0.229 | Opp label coverage: 0.88
Step 1912222/5000000 | Win rate (rollout): 0.43 | Loss: 0.227 | Opp label coverage: 0.85
Step 1912738/5000000 | Win rate (rollout): 0.83 | Loss: 0.223 | Opp label coverage: 0.93
Step 1913255/5000000 | Win rate (rollout): 0.23 | Loss: 0.164 | Opp label coverage: 0.91
Step 1913773/5000000 | Win rate (rollout): 0.29 | Loss: 0.210 | Opp label coverage: 0.90
Step 1914285/5000000 | Win rate (rollout): 0.43 | Loss: 0.177 | Opp label coverage: 0.77
Step 1914802/5000000 | Win rate (rollout): 0.55 | Loss: 0.232 | Opp label coverage: 0.89
Step 1915314/5000000 | Win rate (rollout): 0.60 | Loss: 0.166 | Opp label coverage: 0.81
Step 1915826/5000000 | Win rate (rollout): 0.43 | Loss: 0.184 | Opp label coverage: 0.82
Step 1916340/5000000 | Win rate (rollout): 0.56 | Loss: 0.244 | Opp label coverage: 0.91
Step 1916852/5000000 | Win rate (rollout): 0.47 | Loss: 0.203 | Opp label coverage: 0.89
Step 1917367/5000000 | Win rate (rollout): 0.25 | Loss: 0.237 | Opp label coverage: 0.90
Step 1917879/5000000 | Win rate (rollout): 0.50 | Loss: 0.222 | Opp label coverage: 0.85
Step 1918397/5000000 | Win rate (rollout): 0.62 | Loss: 0.207 | Opp label coverage: 0.90
Step 1918909/5000000 | Win rate (rollout): 0.36 | Loss: 0.198 | Opp label coverage: 0.91
Step 1919421/5000000 | Win rate (rollout): 0.30 | Loss: 0.192 | Opp label coverage: 0.81
Step 1919939/5000000 | Win rate (rollout): 0.50 | Loss: 0.204 | Opp label coverage: 0.90
Step 1920451/5000000 | Win rate (rollout): 0.58 | Loss: 0.202 | Opp label coverage: 0.92
Step 1920963/5000000 | Win rate (rollout): 0.50 | Loss: 0.174 | Opp label coverage: 0.81
Step 1921479/5000000 | Win rate (rollout): 0.22 | Loss: 0.177 | Opp label coverage: 0.90
Step 1921992/5000000 | Win rate (rollout): 0.47 | Loss: 0.268 | Opp label coverage: 0.90
Step 1922506/5000000 | Win rate (rollout): 0.33 | Loss: 0.182 | Opp label coverage: 0.89
Step 1923018/5000000 | Win rate (rollout): 0.10 | Loss: 0.164 | Opp label coverage: 0.77
Step 1923530/5000000 | Win rate (rollout): 0.21 | Loss: 0.187 | Opp label coverage: 0.82
Step 1924042/5000000 | Win rate (rollout): 0.50 | Loss: 0.224 | Opp label coverage: 0.83
Step 1924560/5000000 | Win rate (rollout): 0.67 | Loss: 0.249 | Opp label coverage: 0.89
Step 1925072/5000000 | Win rate (rollout): 0.50 | Loss: 0.188 | Opp label coverage: 0.81
Step 1925584/5000000 | Win rate (rollout): 0.53 | Loss: 0.214 | Opp label coverage: 0.81
Step 1926096/5000000 | Win rate (rollout): 0.38 | Loss: 0.184 | Opp label coverage: 0.86
Step 1926608/5000000 | Win rate (rollout): 0.40 | Loss: 0.184 | Opp label coverage: 0.83
Step 1927122/5000000 | Win rate (rollout): 0.27 | Loss: 0.232 | Opp label coverage: 0.88
Step 1927634/5000000 | Win rate (rollout): 0.50 | Loss: 0.189 | Opp label coverage: 0.80
Step 1928146/5000000 | Win rate (rollout): 0.55 | Loss: 0.160 | Opp label coverage: 0.83
Step 1928658/5000000 | Win rate (rollout): 0.56 | Loss: 0.219 | Opp label coverage: 0.90
Step 1929170/5000000 | Win rate (rollout): 0.00 | Loss: 0.134 | Opp label coverage: 0.85
Step 1929686/5000000 | Win rate (rollout): 0.30 | Loss: 0.195 | Opp label coverage: 0.91
Step 1930200/5000000 | Win rate (rollout): 0.62 | Loss: 0.287 | Opp label coverage: 0.89
Step 1930712/5000000 | Win rate (rollout): 0.44 | Loss: 0.198 | Opp label coverage: 0.80
Step 1931224/5000000 | Win rate (rollout): 0.57 | Loss: 0.165 | Opp label coverage: 0.84
Step 1931743/5000000 | Win rate (rollout): 0.60 | Loss: 0.240 | Opp label coverage: 0.91
Step 1932255/5000000 | Win rate (rollout): 0.31 | Loss: 0.193 | Opp label coverage: 0.81
Step 1932767/5000000 | Win rate (rollout): 0.20 | Loss: 0.211 | Opp label coverage: 0.83
Step 1933279/5000000 | Win rate (rollout): 0.62 | Loss: 0.232 | Opp label coverage: 0.78
Step 1933791/5000000 | Win rate (rollout): 0.50 | Loss: 0.162 | Opp label coverage: 0.79
Step 1934303/5000000 | Win rate (rollout): 0.60 | Loss: 0.201 | Opp label coverage: 0.91
Step 1934820/5000000 | Win rate (rollout): 0.60 | Loss: 0.216 | Opp label coverage: 0.89
Step 1935332/5000000 | Win rate (rollout): 0.80 | Loss: 0.187 | Opp label coverage: 0.86
Step 1935844/5000000 | Win rate (rollout): 0.25 | Loss: 0.226 | Opp label coverage: 0.81
Step 1936356/5000000 | Win rate (rollout): 0.20 | Loss: 0.168 | Opp label coverage: 0.81
Step 1936868/5000000 | Win rate (rollout): 0.53 | Loss: 0.210 | Opp label coverage: 0.81
Step 1937380/5000000 | Win rate (rollout): 0.40 | Loss: 0.194 | Opp label coverage: 0.89
Step 1937892/5000000 | Win rate (rollout): 0.33 | Loss: 0.181 | Opp label coverage: 0.80
Step 1938404/5000000 | Win rate (rollout): 0.30 | Loss: 0.164 | Opp label coverage: 0.79
Step 1938916/5000000 | Win rate (rollout): 0.27 | Loss: 0.217 | Opp label coverage: 0.82
Step 1939428/5000000 | Win rate (rollout): 0.56 | Loss: 0.192 | Opp label coverage: 0.83
Step 1939944/5000000 | Win rate (rollout): 0.67 | Loss: 0.279 | Opp label coverage: 0.92
Step 1940460/5000000 | Win rate (rollout): 0.38 | Loss: 0.216 | Opp label coverage: 0.90
Step 1940974/5000000 | Win rate (rollout): 0.38 | Loss: 0.172 | Opp label coverage: 0.88
Step 1941493/5000000 | Win rate (rollout): 0.60 | Loss: 0.222 | Opp label coverage: 0.91
Step 1942005/5000000 | Win rate (rollout): 0.33 | Loss: 0.188 | Opp label coverage: 0.83
Step 1942517/5000000 | Win rate (rollout): 0.36 | Loss: 0.219 | Opp label coverage: 0.79
Step 1943032/5000000 | Win rate (rollout): 0.50 | Loss: 0.260 | Opp label coverage: 0.91
Step 1943545/5000000 | Win rate (rollout): 0.58 | Loss: 0.230 | Opp label coverage: 0.90
Step 1944057/5000000 | Win rate (rollout): 0.53 | Loss: 0.201 | Opp label coverage: 0.83
Step 1944569/5000000 | Win rate (rollout): 0.25 | Loss: 0.169 | Opp label coverage: 0.80
Step 1945082/5000000 | Win rate (rollout): 0.60 | Loss: 0.212 | Opp label coverage: 0.90
Step 1945594/5000000 | Win rate (rollout): 0.31 | Loss: 0.198 | Opp label coverage: 0.79
Step 1946106/5000000 | Win rate (rollout): 0.57 | Loss: 0.173 | Opp label coverage: 0.84
Step 1946618/5000000 | Win rate (rollout): 0.67 | Loss: 0.195 | Opp label coverage: 0.80
Step 1947132/5000000 | Win rate (rollout): 0.64 | Loss: 0.177 | Opp label coverage: 0.91
Step 1947649/5000000 | Win rate (rollout): 0.75 | Loss: 0.188 | Opp label coverage: 0.89
Step 1948161/5000000 | Win rate (rollout): 0.38 | Loss: 0.167 | Opp label coverage: 0.80
Step 1948673/5000000 | Win rate (rollout): 0.44 | Loss: 0.182 | Opp label coverage: 0.81
Step 1949185/5000000 | Win rate (rollout): 0.36 | Loss: 0.182 | Opp label coverage: 0.79
Step 1949697/5000000 | Win rate (rollout): 0.38 | Loss: 0.171 | Opp label coverage: 0.81
Step 1950209/5000000 | Win rate (rollout): 0.42 | Loss: 0.186 | Opp label coverage: 0.83
Step 1950727/5000000 | Win rate (rollout): 0.78 | Loss: 0.230 | Opp label coverage: 0.92
Step 1951242/5000000 | Win rate (rollout): 0.38 | Loss: 0.207 | Opp label coverage: 0.89
Step 1951754/5000000 | Win rate (rollout): 0.40 | Loss: 0.200 | Opp label coverage: 0.80
Step 1952266/5000000 | Win rate (rollout): 0.33 | Loss: 0.204 | Opp label coverage: 0.90
Step 1952779/5000000 | Win rate (rollout): 0.64 | Loss: 0.271 | Opp label coverage: 0.91
Step 1953291/5000000 | Win rate (rollout): 0.62 | Loss: 0.165 | Opp label coverage: 0.84
Step 1953803/5000000 | Win rate (rollout): 0.69 | Loss: 0.208 | Opp label coverage: 0.82
Step 1954315/5000000 | Win rate (rollout): 0.29 | Loss: 0.204 | Opp label coverage: 0.79
Step 1954827/5000000 | Win rate (rollout): 0.50 | Loss: 0.194 | Opp label coverage: 0.87
Step 1955339/5000000 | Win rate (rollout): 0.50 | Loss: 0.199 | Opp label coverage: 0.84
Step 1955851/5000000 | Win rate (rollout): 0.25 | Loss: 0.178 | Opp label coverage: 0.78
Step 1956368/5000000 | Win rate (rollout): 0.43 | Loss: 0.112 | Opp label coverage: 0.92
Step 1956884/5000000 | Win rate (rollout): 0.40 | Loss: 0.221 | Opp label coverage: 0.91
Step 1957403/5000000 | Win rate (rollout): 0.53 | Loss: 0.181 | Opp label coverage: 0.91
Step 1957915/5000000 | Win rate (rollout): 0.62 | Loss: 0.168 | Opp label coverage: 0.85
Step 1958430/5000000 | Win rate (rollout): 0.40 | Loss: 0.193 | Opp label coverage: 0.90
Step 1958942/5000000 | Win rate (rollout): 0.57 | Loss: 0.167 | Opp label coverage: 0.84
Step 1959454/5000000 | Win rate (rollout): 0.33 | Loss: 0.182 | Opp label coverage: 0.80
Step 1959966/5000000 | Win rate (rollout): 0.37 | Loss: 0.211 | Opp label coverage: 0.81
Step 1960481/5000000 | Win rate (rollout): 0.12 | Loss: 0.231 | Opp label coverage: 0.91
Step 1960993/5000000 | Win rate (rollout): 0.38 | Loss: 0.183 | Opp label coverage: 0.84
Step 1961505/5000000 | Win rate (rollout): 0.40 | Loss: 0.197 | Opp label coverage: 0.87
Step 1962017/5000000 | Win rate (rollout): 0.58 | Loss: 0.207 | Opp label coverage: 0.90
Step 1962529/5000000 | Win rate (rollout): 0.67 | Loss: 0.160 | Opp label coverage: 0.83
Step 1963041/5000000 | Win rate (rollout): 0.60 | Loss: 0.210 | Opp label coverage: 0.85
Step 1963559/5000000 | Win rate (rollout): 0.64 | Loss: 0.218 | Opp label coverage: 0.89
Step 1964077/5000000 | Win rate (rollout): 0.40 | Loss: 0.169 | Opp label coverage: 0.89
Step 1964594/5000000 | Win rate (rollout): 0.77 | Loss: 0.215 | Opp label coverage: 0.91
Step 1965112/5000000 | Win rate (rollout): 0.57 | Loss: 0.210 | Opp label coverage: 0.90
Step 1965624/5000000 | Win rate (rollout): 0.20 | Loss: 0.205 | Opp label coverage: 0.83
Step 1966136/5000000 | Win rate (rollout): 0.29 | Loss: 0.157 | Opp label coverage: 0.87
Step 1966650/5000000 | Win rate (rollout): 0.50 | Loss: 0.239 | Opp label coverage: 0.91
Step 1967162/5000000 | Win rate (rollout): 0.27 | Loss: 0.179 | Opp label coverage: 0.81
Step 1967678/5000000 | Win rate (rollout): 0.33 | Loss: 0.192 | Opp label coverage: 0.89
Step 1968190/5000000 | Win rate (rollout): 0.44 | Loss: 0.199 | Opp label coverage: 0.83
Step 1968705/5000000 | Win rate (rollout): 0.50 | Loss: 0.256 | Opp label coverage: 0.90
Step 1969217/5000000 | Win rate (rollout): 0.50 | Loss: 0.165 | Opp label coverage: 0.79
Step 1969732/5000000 | Win rate (rollout): 0.67 | Loss: 0.265 | Opp label coverage: 0.90
Step 1970244/5000000 | Win rate (rollout): 0.27 | Loss: 0.205 | Opp label coverage: 0.79
Step 1970756/5000000 | Win rate (rollout): 0.50 | Loss: 0.213 | Opp label coverage: 0.84
Step 1971268/5000000 | Win rate (rollout): 0.33 | Loss: 0.174 | Opp label coverage: 0.81
Step 1971780/5000000 | Win rate (rollout): 0.33 | Loss: 0.177 | Opp label coverage: 0.77
Step 1972298/5000000 | Win rate (rollout): 0.60 | Loss: 0.222 | Opp label coverage: 0.92
Step 1972810/5000000 | Win rate (rollout): 0.21 | Loss: 0.171 | Opp label coverage: 0.81
Step 1973323/5000000 | Win rate (rollout): 0.44 | Loss: 0.155 | Opp label coverage: 0.91
Step 1973839/5000000 | Win rate (rollout): 0.50 | Loss: 0.175 | Opp label coverage: 0.92
Step 1974357/5000000 | Win rate (rollout): 0.60 | Loss: 0.198 | Opp label coverage: 0.91
Step 1974869/5000000 | Win rate (rollout): 0.50 | Loss: 0.180 | Opp label coverage: 0.78
Step 1975381/5000000 | Win rate (rollout): 0.09 | Loss: 0.180 | Opp label coverage: 0.80
Step 1975893/5000000 | Win rate (rollout): 0.28 | Loss: 0.218 | Opp label coverage: 0.79
Step 1976405/5000000 | Win rate (rollout): 0.40 | Loss: 0.192 | Opp label coverage: 0.83
Step 1976922/5000000 | Win rate (rollout): 0.70 | Loss: 0.224 | Opp label coverage: 0.90
Step 1977434/5000000 | Win rate (rollout): 0.20 | Loss: 0.163 | Opp label coverage: 0.84
Step 1977953/5000000 | Win rate (rollout): 0.50 | Loss: 0.155 | Opp label coverage: 0.90
Step 1978465/5000000 | Win rate (rollout): 0.25 | Loss: 0.154 | Opp label coverage: 0.89
Step 1978978/5000000 | Win rate (rollout): 0.62 | Loss: 0.213 | Opp label coverage: 0.89
Step 1979497/5000000 | Win rate (rollout): 0.56 | Loss: 0.173 | Opp label coverage: 0.90
Step 1980013/5000000 | Win rate (rollout): 0.42 | Loss: 0.195 | Opp label coverage: 0.89
Step 1980525/5000000 | Win rate (rollout): 0.55 | Loss: 0.171 | Opp label coverage: 0.90
Step 1981037/5000000 | Win rate (rollout): 0.36 | Loss: 0.206 | Opp label coverage: 0.80
Step 1981550/5000000 | Win rate (rollout): 0.33 | Loss: 0.100 | Opp label coverage: 0.88
Step 1982064/5000000 | Win rate (rollout): 0.33 | Loss: 0.189 | Opp label coverage: 0.91
Step 1982580/5000000 | Win rate (rollout): 0.58 | Loss: 0.273 | Opp label coverage: 0.91
Step 1983094/5000000 | Win rate (rollout): 0.71 | Loss: 0.242 | Opp label coverage: 0.90
Step 1983612/5000000 | Win rate (rollout): 0.64 | Loss: 0.273 | Opp label coverage: 0.89
Step 1984129/5000000 | Win rate (rollout): 0.55 | Loss: 0.172 | Opp label coverage: 0.90
Step 1984646/5000000 | Win rate (rollout): 0.33 | Loss: 0.225 | Opp label coverage: 0.90
Step 1985161/5000000 | Win rate (rollout): 0.57 | Loss: 0.217 | Opp label coverage: 0.92
Step 1985673/5000000 | Win rate (rollout): 0.50 | Loss: 0.183 | Opp label coverage: 0.83
Step 1986186/5000000 | Win rate (rollout): 0.67 | Loss: 0.256 | Opp label coverage: 0.90
Step 1986700/5000000 | Win rate (rollout): 0.64 | Loss: 0.170 | Opp label coverage: 0.91
Step 1987213/5000000 | Win rate (rollout): 0.62 | Loss: 0.134 | Opp label coverage: 0.89
Step 1987726/5000000 | Win rate (rollout): 0.54 | Loss: 0.178 | Opp label coverage: 0.90
Step 1988242/5000000 | Win rate (rollout): 0.64 | Loss: 0.218 | Opp label coverage: 0.89
Step 1988754/5000000 | Win rate (rollout): 0.56 | Loss: 0.193 | Opp label coverage: 0.87
Step 1989271/5000000 | Win rate (rollout): 0.78 | Loss: 0.220 | Opp label coverage: 0.89
Step 1989783/5000000 | Win rate (rollout): 0.64 | Loss: 0.224 | Opp label coverage: 0.82
Step 1990298/5000000 | Win rate (rollout): 0.40 | Loss: 0.221 | Opp label coverage: 0.91
Step 1990810/5000000 | Win rate (rollout): 0.46 | Loss: 0.205 | Opp label coverage: 0.81
Step 1991325/5000000 | Win rate (rollout): 0.44 | Loss: 0.198 | Opp label coverage: 0.90
Step 1991837/5000000 | Win rate (rollout): 0.46 | Loss: 0.216 | Opp label coverage: 0.84
Step 1992350/5000000 | Win rate (rollout): 0.55 | Loss: 0.185 | Opp label coverage: 0.90
Step 1992866/5000000 | Win rate (rollout): 0.46 | Loss: 0.169 | Opp label coverage: 0.90
Step 1993378/5000000 | Win rate (rollout): 0.31 | Loss: 0.179 | Opp label coverage: 0.80
Step 1993891/5000000 | Win rate (rollout): 0.50 | Loss: 0.172 | Opp label coverage: 0.90
Step 1994409/5000000 | Win rate (rollout): 0.36 | Loss: 0.198 | Opp label coverage: 0.88
Step 1994924/5000000 | Win rate (rollout): 0.58 | Loss: 0.153 | Opp label coverage: 0.91
Step 1995436/5000000 | Win rate (rollout): 0.86 | Loss: 0.207 | Opp label coverage: 0.92
Step 1995951/5000000 | Win rate (rollout): 0.45 | Loss: 0.189 | Opp label coverage: 0.90
Step 1996469/5000000 | Win rate (rollout): 0.33 | Loss: 0.205 | Opp label coverage: 0.89
Step 1996985/5000000 | Win rate (rollout): 0.50 | Loss: 0.237 | Opp label coverage: 0.89
Step 1997497/5000000 | Win rate (rollout): 0.22 | Loss: 0.173 | Opp label coverage: 0.79
Step 1998014/5000000 | Win rate (rollout): 0.50 | Loss: 0.224 | Opp label coverage: 0.91
Step 1998526/5000000 | Win rate (rollout): 0.62 | Loss: 0.183 | Opp label coverage: 0.86
Step 1999038/5000000 | Win rate (rollout): 0.44 | Loss: 0.162 | Opp label coverage: 0.81
Step 1999550/5000000 | Win rate (rollout): 0.00 | Loss: 0.169 | Opp label coverage: 0.84
[checkpoint] Saved models/ppo/checkpoints/bcft/ppo_step_2000030.pt
Step 2000062/5000000 | Win rate (rollout): 0.27 | Loss: 0.192 | Opp label coverage: 0.74
Step 2000579/5000000 | Win rate (rollout): 0.50 | Loss: 0.237 | Opp label coverage: 0.90
Step 2001091/5000000 | Win rate (rollout): 0.30 | Loss: 0.180 | Opp label coverage: 0.81
Step 2001603/5000000 | Win rate (rollout): 0.35 | Loss: 0.173 | Opp label coverage: 0.79
Step 2002118/5000000 | Win rate (rollout): 0.44 | Loss: 0.219 | Opp label coverage: 0.90
Step 2002630/5000000 | Win rate (rollout): 0.50 | Loss: 0.174 | Opp label coverage: 0.75
Step 2003142/5000000 | Win rate (rollout): 0.46 | Loss: 0.221 | Opp label coverage: 0.81
Step 2003654/5000000 | Win rate (rollout): 0.70 | Loss: 0.183 | Opp label coverage: 0.78
Step 2004166/5000000 | Win rate (rollout): 0.62 | Loss: 0.176 | Opp label coverage: 0.79
Step 2004678/5000000 | Win rate (rollout): 0.40 | Loss: 0.181 | Opp label coverage: 0.82
Step 2005190/5000000 | Win rate (rollout): 0.75 | Loss: 0.209 | Opp label coverage: 0.84
Step 2005706/5000000 | Win rate (rollout): 0.45 | Loss: 0.185 | Opp label coverage: 0.88
Step 2006218/5000000 | Win rate (rollout): 0.80 | Loss: 0.180 | Opp label coverage: 0.79
Step 2006737/5000000 | Win rate (rollout): 0.56 | Loss: 0.216 | Opp label coverage: 0.88
Step 2007250/5000000 | Win rate (rollout): 0.43 | Loss: 0.166 | Opp label coverage: 0.91
Step 2007763/5000000 | Win rate (rollout): 0.73 | Loss: 0.297 | Opp label coverage: 0.92
Step 2008277/5000000 | Win rate (rollout): 0.23 | Loss: 0.198 | Opp label coverage: 0.89
Step 2008793/5000000 | Win rate (rollout): 0.33 | Loss: 0.218 | Opp label coverage: 0.90
Step 2009308/5000000 | Win rate (rollout): 0.33 | Loss: 0.181 | Opp label coverage: 0.88
Step 2009820/5000000 | Win rate (rollout): 0.45 | Loss: 0.183 | Opp label coverage: 0.82
Step 2010332/5000000 | Win rate (rollout): 0.71 | Loss: 0.169 | Opp label coverage: 0.81
Step 2010844/5000000 | Win rate (rollout): 0.45 | Loss: 0.183 | Opp label coverage: 0.83
Step 2011363/5000000 | Win rate (rollout): 0.67 | Loss: 0.226 | Opp label coverage: 0.92
Step 2011875/5000000 | Win rate (rollout): 0.50 | Loss: 0.166 | Opp label coverage: 0.75
Step 2012389/5000000 | Win rate (rollout): 0.33 | Loss: 0.243 | Opp label coverage: 0.89
Step 2012901/5000000 | Win rate (rollout): 0.42 | Loss: 0.186 | Opp label coverage: 0.78
Step 2013417/5000000 | Win rate (rollout): 0.50 | Loss: 0.196 | Opp label coverage: 0.90
Step 2013929/5000000 | Win rate (rollout): 0.33 | Loss: 0.192 | Opp label coverage: 0.81
Step 2014441/5000000 | Win rate (rollout): 0.35 | Loss: 0.197 | Opp label coverage: 0.81
Step 2014959/5000000 | Win rate (rollout): 0.56 | Loss: 0.228 | Opp label coverage: 0.90
Step 2015473/5000000 | Win rate (rollout): 0.43 | Loss: 0.175 | Opp label coverage: 0.91
Step 2015985/5000000 | Win rate (rollout): 0.38 | Loss: 0.161 | Opp label coverage: 0.83
Step 2016497/5000000 | Win rate (rollout): 0.27 | Loss: 0.204 | Opp label coverage: 0.84
Step 2017014/5000000 | Win rate (rollout): 0.56 | Loss: 0.224 | Opp label coverage: 0.91
Step 2017526/5000000 | Win rate (rollout): 0.62 | Loss: 0.203 | Opp label coverage: 0.87
Step 2018038/5000000 | Win rate (rollout): 0.54 | Loss: 0.185 | Opp label coverage: 0.82
Step 2018550/5000000 | Win rate (rollout): 0.20 | Loss: 0.199 | Opp label coverage: 0.84
Step 2019062/5000000 | Win rate (rollout): 0.38 | Loss: 0.196 | Opp label coverage: 0.79BC KL-anchor attached: models/checkpoints/bc_mlp_gen1.pt (coef 0.05, constant)
Starting PPO training: 5000000 steps | obs_mode=v2 (obs_size=924) | rollout=512 steps | num_envs=8 | device=mps | opponent=selfplay=0.5,damagefirst=0.3,random=0.2 (pool: models/ppo/checkpoints/bcft) | checkpoint every 250000 steps | opp_coef=0.1
/Users/laithassaf/Documents/Programs/Archived/pokemon-showdown/models/ppo/train.py:247: UserWarning: checkpoint has no 'opp_head'; using a freshly initialized opponent-prediction head (expected for pre-M5 checkpoints)
  opponent = PPOAgent.load(str(path), device=device)
/Users/laithassaf/Documents/Programs/Archived/pokemon-showdown/models/ppo/train.py:247: UserWarning: could not restore optimizer state (loaded state dict contains a parameter group that doesn't match the size of optimizer's group); using a fresh optimizer (expected when loading a pre-M5 checkpoint into the headed agent)
  opponent = PPOAgent.load(str(path), device=device)
Step 2000542/5000000 | Win rate (rollout): 0.50 | Loss: 0.068 | Opp label coverage: 0.80
Step 2001054/5000000 | Win rate (rollout): 0.35 | Loss: 0.027 | Opp label coverage: 0.78
Step 2001568/5000000 | Win rate (rollout): 0.40 | Loss: 0.037 | Opp label coverage: 0.90
Step 2002080/5000000 | Win rate (rollout): 0.46 | Loss: 0.082 | Opp label coverage: 0.83
Step 2002597/5000000 | Win rate (rollout): 0.40 | Loss: 0.027 | Opp label coverage: 0.89
Step 2003109/5000000 | Win rate (rollout): 0.40 | Loss: 0.030 | Opp label coverage: 0.80
Step 2003621/5000000 | Win rate (rollout): 0.25 | Loss: 0.024 | Opp label coverage: 0.83
Step 2004133/5000000 | Win rate (rollout): 0.75 | Loss: 0.081 | Opp label coverage: 0.80
Step 2004647/5000000 | Win rate (rollout): 0.44 | Loss: 0.038 | Opp label coverage: 0.90
Step 2005163/5000000 | Win rate (rollout): 0.36 | Loss: 0.053 | Opp label coverage: 0.90
Step 2005675/5000000 | Win rate (rollout): 0.44 | Loss: 0.063 | Opp label coverage: 0.83
Step 2006188/5000000 | Win rate (rollout): 0.89 | Loss: 0.095 | Opp label coverage: 0.91
Step 2006700/5000000 | Win rate (rollout): 0.22 | Loss: 0.054 | Opp label coverage: 0.80
Step 2007217/5000000 | Win rate (rollout): 0.50 | Loss: 0.059 | Opp label coverage: 0.91
Step 2007729/5000000 | Win rate (rollout): 0.50 | Loss: 0.030 | Opp label coverage: 0.86
Step 2008241/5000000 | Win rate (rollout): 0.42 | Loss: 0.047 | Opp label coverage: 0.90
Step 2008753/5000000 | Win rate (rollout): 0.50 | Loss: 0.048 | Opp label coverage: 0.82
Step 2009265/5000000 | Win rate (rollout): 0.47 | Loss: 0.067 | Opp label coverage: 0.80
Step 2009777/5000000 | Win rate (rollout): 0.50 | Loss: 0.057 | Opp label coverage: 0.81
Step 2010289/5000000 | Win rate (rollout): 0.29 | Loss: 0.061 | Opp label coverage: 0.86
Step 2010802/5000000 | Win rate (rollout): 0.56 | Loss: -0.003 | Opp label coverage: 0.90
Step 2011318/5000000 | Win rate (rollout): 0.38 | Loss: 0.058 | Opp label coverage: 0.89
Step 2011830/5000000 | Win rate (rollout): 0.64 | Loss: 0.077 | Opp label coverage: 0.84
Step 2012342/5000000 | Win rate (rollout): 0.33 | Loss: 0.037 | Opp label coverage: 0.86
Step 2012854/5000000 | Win rate (rollout): 0.44 | Loss: 0.036 | Opp label coverage: 0.90
Step 2013366/5000000 | Win rate (rollout): 0.73 | Loss: 0.079 | Opp label coverage: 0.81
Step 2013880/5000000 | Win rate (rollout): 0.55 | Loss: 0.035 | Opp label coverage: 0.91
Step 2014397/5000000 | Win rate (rollout): 0.46 | Loss: 0.024 | Opp label coverage: 0.90
Step 2014913/5000000 | Win rate (rollout): 0.62 | Loss: 0.032 | Opp label coverage: 0.92
Step 2015425/5000000 | Win rate (rollout): 0.57 | Loss: 0.032 | Opp label coverage: 0.82
Step 2015937/5000000 | Win rate (rollout): 0.55 | Loss: 0.032 | Opp label coverage: 0.84
Step 2016449/5000000 | Win rate (rollout): 0.33 | Loss: 0.057 | Opp label coverage: 0.84
Step 2016961/5000000 | Win rate (rollout): 0.62 | Loss: 0.077 | Opp label coverage: 0.84
Step 2017479/5000000 | Win rate (rollout): 0.71 | Loss: 0.028 | Opp label coverage: 0.92
Step 2017992/5000000 | Win rate (rollout): 0.53 | Loss: 0.124 | Opp label coverage: 0.90
Step 2018507/5000000 | Win rate (rollout): 0.58 | Loss: -0.029 | Opp label coverage: 0.91
Step 2019019/5000000 | Win rate (rollout): 0.42 | Loss: 0.049 | Opp label coverage: 0.85
Step 2019537/5000000 | Win rate (rollout): 0.50 | Loss: 0.017 | Opp label coverage: 0.93
Step 2020049/5000000 | Win rate (rollout): 0.40 | Loss: 0.050 | Opp label coverage: 0.85
Step 2020561/5000000 | Win rate (rollout): 0.44 | Loss: 0.031 | Opp label coverage: 0.89
Step 2021073/5000000 | Win rate (rollout): 0.44 | Loss: 0.030 | Opp label coverage: 0.83
Step 2021585/5000000 | Win rate (rollout): 0.42 | Loss: 0.032 | Opp label coverage: 0.84
Step 2022097/5000000 | Win rate (rollout): 0.17 | Loss: 0.035 | Opp label coverage: 0.83
Step 2022614/5000000 | Win rate (rollout): 0.40 | Loss: 0.066 | Opp label coverage: 0.90
Step 2023126/5000000 | Win rate (rollout): 0.00 | Loss: 0.013 | Opp label coverage: 0.81
Step 2023641/5000000 | Win rate (rollout): 0.30 | Loss: -0.011 | Opp label coverage: 0.89
Step 2024155/5000000 | Win rate (rollout): 0.31 | Loss: 0.051 | Opp label coverage: 0.90
Step 2024667/5000000 | Win rate (rollout): 0.50 | Loss: 0.068 | Opp label coverage: 0.80
Step 2025184/5000000 | Win rate (rollout): 0.25 | Loss: 0.021 | Opp label coverage: 0.90
Step 2025696/5000000 | Win rate (rollout): 0.50 | Loss: 0.052 | Opp label coverage: 0.86
Step 2026208/5000000 | Win rate (rollout): 0.55 | Loss: 0.035 | Opp label coverage: 0.85
Step 2026720/5000000 | Win rate (rollout): 0.27 | Loss: 0.045 | Opp label coverage: 0.88
Step 2027239/5000000 | Win rate (rollout): 0.62 | Loss: 0.022 | Opp label coverage: 0.92
Step 2027751/5000000 | Win rate (rollout): 0.56 | Loss: 0.053 | Opp label coverage: 0.86
Step 2028268/5000000 | Win rate (rollout): 0.50 | Loss: 0.056 | Opp label coverage: 0.89
Step 2028780/5000000 | Win rate (rollout): 0.38 | Loss: 0.043 | Opp label coverage: 0.83
Step 2029298/5000000 | Win rate (rollout): 0.33 | Loss: 0.074 | Opp label coverage: 0.90
Step 2029815/5000000 | Win rate (rollout): 0.47 | Loss: 0.008 | Opp label coverage: 0.90
Step 2030327/5000000 | Win rate (rollout): 0.60 | Loss: 0.031 | Opp label coverage: 0.92
Step 2030839/5000000 | Win rate (rollout): 0.23 | Loss: 0.045 | Opp label coverage: 0.84
Step 2031351/5000000 | Win rate (rollout): 0.44 | Loss: 0.073 | Opp label coverage: 0.81
Step 2031869/5000000 | Win rate (rollout): 0.57 | Loss: 0.045 | Opp label coverage: 0.92
Step 2032382/5000000 | Win rate (rollout): 0.57 | Loss: -0.032 | Opp label coverage: 0.91
Step 2032901/5000000 | Win rate (rollout): 0.67 | Loss: 0.078 | Opp label coverage: 0.90
Step 2033413/5000000 | Win rate (rollout): 0.33 | Loss: 0.047 | Opp label coverage: 0.84
Step 2033931/5000000 | Win rate (rollout): 0.56 | Loss: 0.018 | Opp label coverage: 0.90
Step 2034443/5000000 | Win rate (rollout): 0.27 | Loss: 0.042 | Opp label coverage: 0.79
Step 2034955/5000000 | Win rate (rollout): 0.50 | Loss: 0.021 | Opp label coverage: 0.86
Step 2035467/5000000 | Win rate (rollout): 0.45 | Loss: 0.062 | Opp label coverage: 0.83
Step 2035985/5000000 | Win rate (rollout): 0.33 | Loss: 0.009 | Opp label coverage: 0.89
Step 2036501/5000000 | Win rate (rollout): 0.25 | Loss: 0.043 | Opp label coverage: 0.90
Step 2037013/5000000 | Win rate (rollout): 0.57 | Loss: 0.041 | Opp label coverage: 0.82
Step 2037525/5000000 | Win rate (rollout): 0.12 | Loss: 0.028 | Opp label coverage: 0.85
Step 2038037/5000000 | Win rate (rollout): 0.42 | Loss: 0.012 | Opp label coverage: 0.81
Step 2038549/5000000 | Win rate (rollout): 0.25 | Loss: 0.058 | Opp label coverage: 0.80
Step 2039065/5000000 | Win rate (rollout): 0.67 | Loss: 0.039 | Opp label coverage: 0.90
Step 2039580/5000000 | Win rate (rollout): 0.43 | Loss: 0.086 | Opp label coverage: 0.90
Step 2040092/5000000 | Win rate (rollout): 0.20 | Loss: 0.052 | Opp label coverage: 0.79
Step 2040605/5000000 | Win rate (rollout): 0.67 | Loss: -0.061 | Opp label coverage: 0.91
Step 2041121/5000000 | Win rate (rollout): 0.40 | Loss: 0.038 | Opp label coverage: 0.89
Step 2041640/5000000 | Win rate (rollout): 0.40 | Loss: 0.040 | Opp label coverage: 0.89
Step 2042152/5000000 | Win rate (rollout): 0.44 | Loss: 0.035 | Opp label coverage: 0.77
Step 2042669/5000000 | Win rate (rollout): 0.50 | Loss: 0.041 | Opp label coverage: 0.90
Step 2043181/5000000 | Win rate (rollout): 0.50 | Loss: 0.046 | Opp label coverage: 0.80
Step 2043699/5000000 | Win rate (rollout): 0.50 | Loss: 0.065 | Opp label coverage: 0.90
Step 2044212/5000000 | Win rate (rollout): 0.69 | Loss: 0.033 | Opp label coverage: 0.92
Step 2044724/5000000 | Win rate (rollout): 0.43 | Loss: 0.032 | Opp label coverage: 0.83
Step 2045238/5000000 | Win rate (rollout): 0.56 | Loss: -0.012 | Opp label coverage: 0.89
Step 2045750/5000000 | Win rate (rollout): 0.53 | Loss: 0.082 | Opp label coverage: 0.84
Step 2046264/5000000 | Win rate (rollout): 0.33 | Loss: 0.024 | Opp label coverage: 0.90
Step 2046779/5000000 | Win rate (rollout): 0.62 | Loss: -0.002 | Opp label coverage: 0.93
Step 2047291/5000000 | Win rate (rollout): 0.71 | Loss: 0.015 | Opp label coverage: 0.84
Step 2047806/5000000 | Win rate (rollout): 0.75 | Loss: 0.052 | Opp label coverage: 0.91
Step 2048323/5000000 | Win rate (rollout): 0.42 | Loss: 0.052 | Opp label coverage: 0.91
Step 2048835/5000000 | Win rate (rollout): 0.33 | Loss: 0.063 | Opp label coverage: 0.84
Step 2049347/5000000 | Win rate (rollout): 0.50 | Loss: 0.062 | Opp label coverage: 0.83
Step 2049859/5000000 | Win rate (rollout): 0.29 | Loss: 0.058 | Opp label coverage: 0.85
Step 2050376/5000000 | Win rate (rollout): 0.09 | Loss: 0.058 | Opp label coverage: 0.86
Step 2050889/5000000 | Win rate (rollout): 0.36 | Loss: -0.046 | Opp label coverage: 0.88
Step 2051401/5000000 | Win rate (rollout): 0.22 | Loss: 0.018 | Opp label coverage: 0.74
Step 2051913/5000000 | Win rate (rollout): 0.50 | Loss: 0.053 | Opp label coverage: 0.76
Step 2052427/5000000 | Win rate (rollout): 0.70 | Loss: 0.069 | Opp label coverage: 0.91
Step 2052939/5000000 | Win rate (rollout): 0.25 | Loss: 0.043 | Opp label coverage: 0.84
Step 2053451/5000000 | Win rate (rollout): 0.71 | Loss: 0.018 | Opp label coverage: 0.94
Step 2053963/5000000 | Win rate (rollout): 0.78 | Loss: 0.047 | Opp label coverage: 0.79
Step 2054478/5000000 | Win rate (rollout): 0.55 | Loss: 0.000 | Opp label coverage: 0.90
Step 2054990/5000000 | Win rate (rollout): 0.50 | Loss: 0.052 | Opp label coverage: 0.88
Step 2055502/5000000 | Win rate (rollout): 0.50 | Loss: 0.070 | Opp label coverage: 0.88
Step 2056014/5000000 | Win rate (rollout): 0.27 | Loss: 0.041 | Opp label coverage: 0.82
Step 2056526/5000000 | Win rate (rollout): 0.29 | Loss: 0.049 | Opp label coverage: 0.83
Step 2057038/5000000 | Win rate (rollout): 0.56 | Loss: 0.041 | Opp label coverage: 0.84
Step 2057550/5000000 | Win rate (rollout): 0.36 | Loss: 0.070 | Opp label coverage: 0.83
Step 2058062/5000000 | Win rate (rollout): 0.33 | Loss: 0.035 | Opp label coverage: 0.84
Step 2058574/5000000 | Win rate (rollout): 0.64 | Loss: 0.049 | Opp label coverage: 0.83
Step 2059086/5000000 | Win rate (rollout): 0.17 | Loss: 0.060 | Opp label coverage: 0.84
Step 2059598/5000000 | Win rate (rollout): 0.43 | Loss: 0.041 | Opp label coverage: 0.91
Step 2060117/5000000 | Win rate (rollout): 0.42 | Loss: 0.015 | Opp label coverage: 0.92
Step 2060631/5000000 | Win rate (rollout): 0.55 | Loss: -0.016 | Opp label coverage: 0.93
Step 2061143/5000000 | Win rate (rollout): 0.27 | Loss: 0.043 | Opp label coverage: 0.84
Step 2061655/5000000 | Win rate (rollout): 0.71 | Loss: 0.047 | Opp label coverage: 0.83
Step 2062171/5000000 | Win rate (rollout): 0.50 | Loss: 0.056 | Opp label coverage: 0.89
Step 2062689/5000000 | Win rate (rollout): 0.71 | Loss: 0.117 | Opp label coverage: 0.91
Step 2063207/5000000 | Win rate (rollout): 0.43 | Loss: 0.009 | Opp label coverage: 0.90
Step 2063724/5000000 | Win rate (rollout): 0.54 | Loss: 0.058 | Opp label coverage: 0.90
Step 2064236/5000000 | Win rate (rollout): 0.50 | Loss: 0.018 | Opp label coverage: 0.91
Step 2064748/5000000 | Win rate (rollout): 0.54 | Loss: 0.088 | Opp label coverage: 0.81
Step 2065260/5000000 | Win rate (rollout): 0.21 | Loss: 0.051 | Opp label coverage: 0.83
Step 2065774/5000000 | Win rate (rollout): 0.56 | Loss: 0.073 | Opp label coverage: 0.90
Step 2066286/5000000 | Win rate (rollout): 0.45 | Loss: 0.046 | Opp label coverage: 0.84
Step 2066798/5000000 | Win rate (rollout): 0.33 | Loss: 0.010 | Opp label coverage: 0.85
Step 2067310/5000000 | Win rate (rollout): 0.38 | Loss: 0.055 | Opp label coverage: 0.82
Step 2067822/5000000 | Win rate (rollout): 0.35 | Loss: 0.095 | Opp label coverage: 0.81
Step 2068334/5000000 | Win rate (rollout): 0.53 | Loss: 0.073 | Opp label coverage: 0.80
Step 2068846/5000000 | Win rate (rollout): 0.41 | Loss: 0.087 | Opp label coverage: 0.82
Step 2069361/5000000 | Win rate (rollout): 0.60 | Loss: 0.105 | Opp label coverage: 0.91
Step 2069878/5000000 | Win rate (rollout): 0.69 | Loss: 0.023 | Opp label coverage: 0.89
Step 2070390/5000000 | Win rate (rollout): 0.36 | Loss: 0.037 | Opp label coverage: 0.82
Step 2070907/5000000 | Win rate (rollout): 0.40 | Loss: 0.073 | Opp label coverage: 0.88
Step 2071422/5000000 | Win rate (rollout): 0.38 | Loss: 0.106 | Opp label coverage: 0.91
Step 2071941/5000000 | Win rate (rollout): 0.33 | Loss: 0.023 | Opp label coverage: 0.91
Step 2072453/5000000 | Win rate (rollout): 0.58 | Loss: 0.049 | Opp label coverage: 0.92
Step 2072971/5000000 | Win rate (rollout): 0.57 | Loss: 0.071 | Opp label coverage: 0.90
Step 2073483/5000000 | Win rate (rollout): 0.42 | Loss: 0.055 | Opp label coverage: 0.79
Step 2074001/5000000 | Win rate (rollout): 0.89 | Loss: 0.034 | Opp label coverage: 0.91
Step 2074513/5000000 | Win rate (rollout): 0.36 | Loss: 0.050 | Opp label coverage: 0.88
Step 2075025/5000000 | Win rate (rollout): 0.38 | Loss: 0.027 | Opp label coverage: 0.79
Step 2075537/5000000 | Win rate (rollout): 0.64 | Loss: 0.047 | Opp label coverage: 0.92
Step 2076051/5000000 | Win rate (rollout): 0.42 | Loss: -0.018 | Opp label coverage: 0.89
Step 2076563/5000000 | Win rate (rollout): 0.57 | Loss: 0.046 | Opp label coverage: 0.84
Step 2077080/5000000 | Win rate (rollout): 0.44 | Loss: 0.060 | Opp label coverage: 0.91
Step 2077592/5000000 | Win rate (rollout): 0.25 | Loss: 0.047 | Opp label coverage: 0.84
Step 2078106/5000000 | Win rate (rollout): 0.27 | Loss: 0.012 | Opp label coverage: 0.89
Step 2078621/5000000 | Win rate (rollout): 0.33 | Loss: 0.039 | Opp label coverage: 0.89
Step 2079135/5000000 | Win rate (rollout): 0.64 | Loss: 0.111 | Opp label coverage: 0.91
Step 2079647/5000000 | Win rate (rollout): 0.45 | Loss: 0.053 | Opp label coverage: 0.92
Step 2080160/5000000 | Win rate (rollout): 0.50 | Loss: 0.001 | Opp label coverage: 0.89
Step 2080677/5000000 | Win rate (rollout): 0.50 | Loss: 0.057 | Opp label coverage: 0.90
Step 2081193/5000000 | Win rate (rollout): 0.46 | Loss: 0.072 | Opp label coverage: 0.91
Step 2081710/5000000 | Win rate (rollout): 0.46 | Loss: 0.054 | Opp label coverage: 0.91
Step 2082224/5000000 | Win rate (rollout): 0.50 | Loss: 0.047 | Opp label coverage: 0.89
Step 2082736/5000000 | Win rate (rollout): 0.57 | Loss: 0.036 | Opp label coverage: 0.88
Step 2083249/5000000 | Win rate (rollout): 0.58 | Loss: 0.101 | Opp label coverage: 0.91
Step 2083761/5000000 | Win rate (rollout): 0.60 | Loss: 0.055 | Opp label coverage: 0.91
Step 2084273/5000000 | Win rate (rollout): 0.56 | Loss: 0.028 | Opp label coverage: 0.84
Step 2084785/5000000 | Win rate (rollout): 0.23 | Loss: 0.055 | Opp label coverage: 0.83
Step 2085297/5000000 | Win rate (rollout): 0.43 | Loss: 0.029 | Opp label coverage: 0.79
Step 2085809/5000000 | Win rate (rollout): 0.55 | Loss: 0.059 | Opp label coverage: 0.83
Step 2086321/5000000 | Win rate (rollout): 0.58 | Loss: 0.042 | Opp label coverage: 0.83
Step 2086833/5000000 | Win rate (rollout): 0.11 | Loss: 0.019 | Opp label coverage: 0.85
Step 2087345/5000000 | Win rate (rollout): 0.64 | Loss: 0.066 | Opp label coverage: 0.83
Step 2087857/5000000 | Win rate (rollout): 0.50 | Loss: 0.033 | Opp label coverage: 0.79
Step 2088376/5000000 | Win rate (rollout): 0.30 | Loss: 0.048 | Opp label coverage: 0.91
Step 2088892/5000000 | Win rate (rollout): 0.29 | Loss: -0.001 | Opp label coverage: 0.87
Step 2089404/5000000 | Win rate (rollout): 0.42 | Loss: 0.047 | Opp label coverage: 0.83
Step 2089916/5000000 | Win rate (rollout): 0.44 | Loss: 0.045 | Opp label coverage: 0.81
Step 2090428/5000000 | Win rate (rollout): 0.58 | Loss: 0.068 | Opp label coverage: 0.85
Step 2090947/5000000 | Win rate (rollout): 0.44 | Loss: 0.012 | Opp label coverage: 0.90
Step 2091459/5000000 | Win rate (rollout): 0.25 | Loss: 0.058 | Opp label coverage: 0.80
Step 2091971/5000000 | Win rate (rollout): 0.40 | Loss: 0.036 | Opp label coverage: 0.78
Step 2092485/5000000 | Win rate (rollout): 0.44 | Loss: 0.032 | Opp label coverage: 0.90
Step 2093002/5000000 | Win rate (rollout): 0.46 | Loss: 0.055 | Opp label coverage: 0.90
Step 2093514/5000000 | Win rate (rollout): 0.60 | Loss: 0.049 | Opp label coverage: 0.77
Step 2094026/5000000 | Win rate (rollout): 0.33 | Loss: 0.050 | Opp label coverage: 0.82
Step 2094540/5000000 | Win rate (rollout): 0.50 | Loss: 0.092 | Opp label coverage: 0.90
Step 2095052/5000000 | Win rate (rollout): 0.38 | Loss: 0.037 | Opp label coverage: 0.91
Step 2095567/5000000 | Win rate (rollout): 0.50 | Loss: 0.032 | Opp label coverage: 0.89
Step 2096079/5000000 | Win rate (rollout): 0.45 | Loss: 0.052 | Opp label coverage: 0.81
Step 2096591/5000000 | Win rate (rollout): 0.21 | Loss: 0.078 | Opp label coverage: 0.75
Step 2097110/5000000 | Win rate (rollout): 0.50 | Loss: 0.027 | Opp label coverage: 0.89
Step 2097622/5000000 | Win rate (rollout): 0.38 | Loss: 0.080 | Opp label coverage: 0.75
Step 2098134/5000000 | Win rate (rollout): 0.25 | Loss: 0.029 | Opp label coverage: 0.82
Step 2098646/5000000 | Win rate (rollout): 0.33 | Loss: 0.045 | Opp label coverage: 0.84
Step 2099159/5000000 | Win rate (rollout): 0.44 | Loss: 0.128 | Opp label coverage: 0.90
Step 2099671/5000000 | Win rate (rollout): 0.38 | Loss: 0.042 | Opp label coverage: 0.87
Step 2100183/5000000 | Win rate (rollout): 0.75 | Loss: 0.069 | Opp label coverage: 0.90
Step 2100700/5000000 | Win rate (rollout): 0.67 | Loss: 0.024 | Opp label coverage: 0.91
Step 2101217/5000000 | Win rate (rollout): 0.50 | Loss: 0.079 | Opp label coverage: 0.90
Step 2101729/5000000 | Win rate (rollout): 0.27 | Loss: 0.055 | Opp label coverage: 0.72
Step 2102241/5000000 | Win rate (rollout): 0.44 | Loss: 0.067 | Opp label coverage: 0.80
Step 2102756/5000000 | Win rate (rollout): 0.75 | Loss: 0.053 | Opp label coverage: 0.90
Step 2103272/5000000 | Win rate (rollout): 0.69 | Loss: 0.020 | Opp label coverage: 0.91
Step 2103786/5000000 | Win rate (rollout): 0.56 | Loss: -0.007 | Opp label coverage: 0.91
Step 2104298/5000000 | Win rate (rollout): 0.69 | Loss: 0.040 | Opp label coverage: 0.90
Step 2104812/5000000 | Win rate (rollout): 0.38 | Loss: 0.130 | Opp label coverage: 0.90
Step 2105324/5000000 | Win rate (rollout): 0.55 | Loss: 0.052 | Opp label coverage: 0.78
Step 2105836/5000000 | Win rate (rollout): 0.29 | Loss: 0.026 | Opp label coverage: 0.76
Step 2106348/5000000 | Win rate (rollout): 0.64 | Loss: 0.041 | Opp label coverage: 0.83
Step 2106860/5000000 | Win rate (rollout): 0.57 | Loss: 0.077 | Opp label coverage: 0.87
Step 2107372/5000000 | Win rate (rollout): 0.14 | Loss: 0.045 | Opp label coverage: 0.83
Step 2107884/5000000 | Win rate (rollout): 0.50 | Loss: 0.023 | Opp label coverage: 0.85
Step 2108396/5000000 | Win rate (rollout): 0.27 | Loss: 0.021 | Opp label coverage: 0.78
Step 2108908/5000000 | Win rate (rollout): 0.40 | Loss: 0.063 | Opp label coverage: 0.83
Step 2109420/5000000 | Win rate (rollout): 0.58 | Loss: 0.033 | Opp label coverage: 0.83
Step 2109932/5000000 | Win rate (rollout): 0.38 | Loss: 0.066 | Opp label coverage: 0.83
Step 2110444/5000000 | Win rate (rollout): 0.67 | Loss: 0.066 | Opp label coverage: 0.83
Step 2110962/5000000 | Win rate (rollout): 0.44 | Loss: 0.035 | Opp label coverage: 0.89
Step 2111474/5000000 | Win rate (rollout): 0.50 | Loss: 0.065 | Opp label coverage: 0.84
Step 2111986/5000000 | Win rate (rollout): 0.41 | Loss: 0.047 | Opp label coverage: 0.82
Step 2112504/5000000 | Win rate (rollout): 0.73 | Loss: 0.029 | Opp label coverage: 0.91
Step 2113016/5000000 | Win rate (rollout): 0.50 | Loss: 0.044 | Opp label coverage: 0.79
Step 2113532/5000000 | Win rate (rollout): 0.29 | Loss: 0.052 | Opp label coverage: 0.90
Step 2114044/5000000 | Win rate (rollout): 0.55 | Loss: 0.071 | Opp label coverage: 0.85
Step 2114559/5000000 | Win rate (rollout): 0.73 | Loss: 0.073 | Opp label coverage: 0.90
Step 2115073/5000000 | Win rate (rollout): 0.50 | Loss: 0.106 | Opp label coverage: 0.89
Step 2115585/5000000 | Win rate (rollout): 0.78 | Loss: 0.042 | Opp label coverage: 0.80
Step 2116099/5000000 | Win rate (rollout): 0.50 | Loss: 0.066 | Opp label coverage: 0.92
Step 2116611/5000000 | Win rate (rollout): 0.50 | Loss: 0.046 | Opp label coverage: 0.83
Step 2117127/5000000 | Win rate (rollout): 0.64 | Loss: 0.012 | Opp label coverage: 0.91
Step 2117644/5000000 | Win rate (rollout): 0.46 | Loss: 0.039 | Opp label coverage: 0.89
Step 2118156/5000000 | Win rate (rollout): 0.55 | Loss: 0.048 | Opp label coverage: 0.83
Step 2118668/5000000 | Win rate (rollout): 0.40 | Loss: 0.099 | Opp label coverage: 0.79
Step 2119184/5000000 | Win rate (rollout): 0.50 | Loss: 0.053 | Opp label coverage: 0.90
Step 2119698/5000000 | Win rate (rollout): 0.50 | Loss: 0.065 | Opp label coverage: 0.88
Step 2120214/5000000 | Win rate (rollout): 0.50 | Loss: 0.044 | Opp label coverage: 0.90
Step 2120726/5000000 | Win rate (rollout): 0.50 | Loss: 0.043 | Opp label coverage: 0.84
Step 2121238/5000000 | Win rate (rollout): 0.31 | Loss: 0.041 | Opp label coverage: 0.83
Step 2121750/5000000 | Win rate (rollout): 0.46 | Loss: 0.053 | Opp label coverage: 0.84
Step 2122267/5000000 | Win rate (rollout): 0.56 | Loss: 0.051 | Opp label coverage: 0.91
Step 2122779/5000000 | Win rate (rollout): 0.27 | Loss: 0.082 | Opp label coverage: 0.81
Step 2123297/5000000 | Win rate (rollout): 0.50 | Loss: 0.073 | Opp label coverage: 0.91
Step 2123810/5000000 | Win rate (rollout): 0.56 | Loss: -0.007 | Opp label coverage: 0.92
Step 2124325/5000000 | Win rate (rollout): 0.54 | Loss: -0.019 | Opp label coverage: 0.93
Step 2124840/5000000 | Win rate (rollout): 0.77 | Loss: 0.071 | Opp label coverage: 0.92
Step 2125357/5000000 | Win rate (rollout): 0.54 | Loss: 0.013 | Opp label coverage: 0.89
Step 2125871/5000000 | Win rate (rollout): 0.54 | Loss: 0.053 | Opp label coverage: 0.93
Step 2126389/5000000 | Win rate (rollout): 0.50 | Loss: 0.031 | Opp label coverage: 0.90
Step 2126901/5000000 | Win rate (rollout): 0.36 | Loss: 0.041 | Opp label coverage: 0.77
Step 2127413/5000000 | Win rate (rollout): 0.43 | Loss: 0.029 | Opp label coverage: 0.82
Step 2127929/5000000 | Win rate (rollout): 0.45 | Loss: 0.028 | Opp label coverage: 0.89
Step 2128445/5000000 | Win rate (rollout): 0.67 | Loss: 0.054 | Opp label coverage: 0.91
Step 2128957/5000000 | Win rate (rollout): 0.55 | Loss: 0.085 | Opp label coverage: 0.78
Step 2129471/5000000 | Win rate (rollout): 0.40 | Loss: 0.088 | Opp label coverage: 0.89
Step 2129984/5000000 | Win rate (rollout): 0.44 | Loss: 0.022 | Opp label coverage: 0.90
Step 2130503/5000000 | Win rate (rollout): 0.58 | Loss: 0.001 | Opp label coverage: 0.91
Step 2131018/5000000 | Win rate (rollout): 0.67 | Loss: 0.054 | Opp label coverage: 0.90
Step 2131530/5000000 | Win rate (rollout): 0.50 | Loss: 0.043 | Opp label coverage: 0.92
Step 2132042/5000000 | Win rate (rollout): 0.40 | Loss: 0.066 | Opp label coverage: 0.82
Step 2132554/5000000 | Win rate (rollout): 0.38 | Loss: 0.078 | Opp label coverage: 0.80
Step 2133068/5000000 | Win rate (rollout): 0.22 | Loss: 0.038 | Opp label coverage: 0.90
Step 2133580/5000000 | Win rate (rollout): 0.33 | Loss: 0.034 | Opp label coverage: 0.90
Step 2134092/5000000 | Win rate (rollout): 0.27 | Loss: 0.043 | Opp label coverage: 0.84
Step 2134604/5000000 | Win rate (rollout): 0.56 | Loss: 0.063 | Opp label coverage: 0.85
Step 2135116/5000000 | Win rate (rollout): 0.25 | Loss: 0.041 | Opp label coverage: 0.83
Step 2135634/5000000 | Win rate (rollout): 0.36 | Loss: 0.041 | Opp label coverage: 0.91
Step 2136146/5000000 | Win rate (rollout): 0.64 | Loss: 0.083 | Opp label coverage: 0.75
Step 2136661/5000000 | Win rate (rollout): 0.60 | Loss: -0.008 | Opp label coverage: 0.90
Step 2137173/5000000 | Win rate (rollout): 0.38 | Loss: 0.055 | Opp label coverage: 0.81
Step 2137686/5000000 | Win rate (rollout): 0.56 | Loss: 0.054 | Opp label coverage: 0.91
Step 2138198/5000000 | Win rate (rollout): 0.00 | Loss: 0.017 | Opp label coverage: 0.79
Step 2138710/5000000 | Win rate (rollout): 0.45 | Loss: 0.072 | Opp label coverage: 0.87
Step 2139223/5000000 | Win rate (rollout): 0.12 | Loss: 0.038 | Opp label coverage: 0.90
Step 2139735/5000000 | Win rate (rollout): 0.25 | Loss: 0.011 | Opp label coverage: 0.88
Step 2140247/5000000 | Win rate (rollout): 0.31 | Loss: 0.032 | Opp label coverage: 0.83
Step 2140759/5000000 | Win rate (rollout): 0.50 | Loss: 0.041 | Opp label coverage: 0.78
Step 2141271/5000000 | Win rate (rollout): 0.64 | Loss: 0.055 | Opp label coverage: 0.74
Step 2141783/5000000 | Win rate (rollout): 0.36 | Loss: 0.049 | Opp label coverage: 0.81
Step 2142296/5000000 | Win rate (rollout): 0.22 | Loss: -0.010 | Opp label coverage: 0.90
Step 2142808/5000000 | Win rate (rollout): 0.38 | Loss: 0.036 | Opp label coverage: 0.82
Step 2143320/5000000 | Win rate (rollout): 0.55 | Loss: 0.030 | Opp label coverage: 0.83
Step 2143835/5000000 | Win rate (rollout): 0.38 | Loss: 0.031 | Opp label coverage: 0.90
Step 2144350/5000000 | Win rate (rollout): 0.75 | Loss: 0.114 | Opp label coverage: 0.92
Step 2144866/5000000 | Win rate (rollout): 0.67 | Loss: 0.016 | Opp label coverage: 0.90
Step 2145378/5000000 | Win rate (rollout): 0.43 | Loss: 0.047 | Opp label coverage: 0.90
Step 2145893/5000000 | Win rate (rollout): 0.33 | Loss: 0.036 | Opp label coverage: 0.89
Step 2146407/5000000 | Win rate (rollout): 0.53 | Loss: 0.044 | Opp label coverage: 0.90
Step 2146921/5000000 | Win rate (rollout): 0.54 | Loss: 0.051 | Opp label coverage: 0.91
Step 2147440/5000000 | Win rate (rollout): 0.45 | Loss: 0.035 | Opp label coverage: 0.91
Step 2147958/5000000 | Win rate (rollout): 0.31 | Loss: 0.063 | Opp label coverage: 0.91
Step 2148472/5000000 | Win rate (rollout): 0.50 | Loss: 0.066 | Opp label coverage: 0.91
Step 2148991/5000000 | Win rate (rollout): 0.38 | Loss: 0.017 | Opp label coverage: 0.91
Step 2149503/5000000 | Win rate (rollout): 0.83 | Loss: 0.037 | Opp label coverage: 0.88
Step 2150019/5000000 | Win rate (rollout): 0.60 | Loss: -0.007 | Opp label coverage: 0.90
Step 2150531/5000000 | Win rate (rollout): 0.69 | Loss: 0.056 | Opp label coverage: 0.91
Step 2151044/5000000 | Win rate (rollout): 0.69 | Loss: 0.107 | Opp label coverage: 0.92
Step 2151556/5000000 | Win rate (rollout): 0.60 | Loss: 0.045 | Opp label coverage: 0.90
Step 2152071/5000000 | Win rate (rollout): 0.62 | Loss: 0.005 | Opp label coverage: 0.91
Step 2152586/5000000 | Win rate (rollout): 0.33 | Loss: -0.019 | Opp label coverage: 0.91
Step 2153098/5000000 | Win rate (rollout): 0.11 | Loss: 0.029 | Opp label coverage: 0.81
Step 2153610/5000000 | Win rate (rollout): 0.31 | Loss: 0.054 | Opp label coverage: 0.79
Step 2154124/5000000 | Win rate (rollout): 0.30 | Loss: 0.097 | Opp label coverage: 0.87
Step 2154636/5000000 | Win rate (rollout): 0.25 | Loss: 0.031 | Opp label coverage: 0.86
Step 2155154/5000000 | Win rate (rollout): 0.78 | Loss: 0.072 | Opp label coverage: 0.91
Step 2155671/5000000 | Win rate (rollout): 0.20 | Loss: 0.084 | Opp label coverage: 0.88
Step 2156183/5000000 | Win rate (rollout): 0.64 | Loss: 0.033 | Opp label coverage: 0.80
Step 2156695/5000000 | Win rate (rollout): 0.33 | Loss: 0.049 | Opp label coverage: 0.83
Step 2157211/5000000 | Win rate (rollout): 0.50 | Loss: 0.051 | Opp label coverage: 0.89
Step 2157727/5000000 | Win rate (rollout): 0.69 | Loss: 0.053 | Opp label coverage: 0.90
Step 2158239/5000000 | Win rate (rollout): 0.58 | Loss: 0.039 | Opp label coverage: 0.75
Step 2158754/5000000 | Win rate (rollout): 0.67 | Loss: -0.024 | Opp label coverage: 0.90
Step 2159266/5000000 | Win rate (rollout): 0.43 | Loss: 0.050 | Opp label coverage: 0.83
Step 2159778/5000000 | Win rate (rollout): 0.58 | Loss: 0.024 | Opp label coverage: 0.85
Step 2160290/5000000 | Win rate (rollout): 0.38 | Loss: 0.066 | Opp label coverage: 0.81
Step 2160807/5000000 | Win rate (rollout): 0.56 | Loss: 0.114 | Opp label coverage: 0.91
Step 2161319/5000000 | Win rate (rollout): 0.23 | Loss: 0.064 | Opp label coverage: 0.89
Step 2161833/5000000 | Win rate (rollout): 0.46 | Loss: 0.062 | Opp label coverage: 0.89
Step 2162345/5000000 | Win rate (rollout): 0.58 | Loss: 0.061 | Opp label coverage: 0.76
Step 2162857/5000000 | Win rate (rollout): 0.62 | Loss: 0.050 | Opp label coverage: 0.92
Step 2163376/5000000 | Win rate (rollout): 0.36 | Loss: 0.063 | Opp label coverage: 0.89
Step 2163890/5000000 | Win rate (rollout): 0.42 | Loss: 0.093 | Opp label coverage: 0.90
Step 2164402/5000000 | Win rate (rollout): 0.64 | Loss: 0.058 | Opp label coverage: 0.90
Step 2164915/5000000 | Win rate (rollout): 0.47 | Loss: 0.132 | Opp label coverage: 0.90
Step 2165427/5000000 | Win rate (rollout): 0.50 | Loss: 0.089 | Opp label coverage: 0.84
Step 2165945/5000000 | Win rate (rollout): 0.44 | Loss: 0.014 | Opp label coverage: 0.89
Step 2166462/5000000 | Win rate (rollout): 0.31 | Loss: 0.088 | Opp label coverage: 0.89
Step 2166976/5000000 | Win rate (rollout): 0.42 | Loss: 0.090 | Opp label coverage: 0.89
Step 2167494/5000000 | Win rate (rollout): 0.62 | Loss: 0.052 | Opp label coverage: 0.91
Step 2168006/5000000 | Win rate (rollout): 0.20 | Loss: 0.032 | Opp label coverage: 0.76
Step 2168518/5000000 | Win rate (rollout): 0.67 | Loss: 0.052 | Opp label coverage: 0.79
Step 2169030/5000000 | Win rate (rollout): 0.17 | Loss: 0.050 | Opp label coverage: 0.80
Step 2169542/5000000 | Win rate (rollout): 0.40 | Loss: 0.073 | Opp label coverage: 0.78
Step 2170054/5000000 | Win rate (rollout): 0.50 | Loss: 0.066 | Opp label coverage: 0.77
Step 2170570/5000000 | Win rate (rollout): 0.60 | Loss: 0.039 | Opp label coverage: 0.90
Step 2171086/5000000 | Win rate (rollout): 0.46 | Loss: 0.012 | Opp label coverage: 0.89
Step 2171598/5000000 | Win rate (rollout): 0.40 | Loss: 0.078 | Opp label coverage: 0.80
Step 2172110/5000000 | Win rate (rollout): 0.50 | Loss: 0.044 | Opp label coverage: 0.83
Step 2172622/5000000 | Win rate (rollout): 0.38 | Loss: 0.029 | Opp label coverage: 0.89
Step 2173134/5000000 | Win rate (rollout): 0.33 | Loss: 0.077 | Opp label coverage: 0.77
Step 2173646/5000000 | Win rate (rollout): 0.39 | Loss: 0.083 | Opp label coverage: 0.82
Step 2174158/5000000 | Win rate (rollout): 0.25 | Loss: 0.052 | Opp label coverage: 0.79
Step 2174671/5000000 | Win rate (rollout): 0.36 | Loss: 0.137 | Opp label coverage: 0.89
Step 2175187/5000000 | Win rate (rollout): 0.18 | Loss: 0.063 | Opp label coverage: 0.88
Step 2175702/5000000 | Win rate (rollout): 0.69 | Loss: 0.045 | Opp label coverage: 0.91
Step 2176214/5000000 | Win rate (rollout): 0.89 | Loss: 0.028 | Opp label coverage: 0.77
Step 2176726/5000000 | Win rate (rollout): 0.55 | Loss: 0.032 | Opp label coverage: 0.76
Step 2177238/5000000 | Win rate (rollout): 0.58 | Loss: 0.043 | Opp label coverage: 0.83
Step 2177750/5000000 | Win rate (rollout): 0.31 | Loss: 0.054 | Opp label coverage: 0.80
Step 2178262/5000000 | Win rate (rollout): 0.29 | Loss: 0.026 | Opp label coverage: 0.80
Step 2178775/5000000 | Win rate (rollout): 0.33 | Loss: 0.034 | Opp label coverage: 0.89
Step 2179287/5000000 | Win rate (rollout): 0.56 | Loss: 0.052 | Opp label coverage: 0.81
Step 2179799/5000000 | Win rate (rollout): 0.56 | Loss: 0.048 | Opp label coverage: 0.91
Step 2180311/5000000 | Win rate (rollout): 0.38 | Loss: 0.042 | Opp label coverage: 0.85
Step 2180824/5000000 | Win rate (rollout): 0.80 | Loss: 0.100 | Opp label coverage: 0.91
Step 2181336/5000000 | Win rate (rollout): 0.45 | Loss: 0.060 | Opp label coverage: 0.82
Step 2181848/5000000 | Win rate (rollout): 0.15 | Loss: 0.027 | Opp label coverage: 0.87
Step 2182366/5000000 | Win rate (rollout): 0.57 | Loss: 0.019 | Opp label coverage: 0.93
Step 2182878/5000000 | Win rate (rollout): 0.45 | Loss: 0.053 | Opp label coverage: 0.81
Step 2183390/5000000 | Win rate (rollout): 0.33 | Loss: 0.050 | Opp label coverage: 0.82
Step 2183902/5000000 | Win rate (rollout): 0.62 | Loss: 0.040 | Opp label coverage: 0.86
Step 2184421/5000000 | Win rate (rollout): 0.71 | Loss: 0.056 | Opp label coverage: 0.91
Step 2184937/5000000 | Win rate (rollout): 0.57 | Loss: 0.085 | Opp label coverage: 0.89
Step 2185449/5000000 | Win rate (rollout): 0.36 | Loss: 0.060 | Opp label coverage: 0.81
Step 2185961/5000000 | Win rate (rollout): 0.47 | Loss: 0.082 | Opp label coverage: 0.79
Step 2186473/5000000 | Win rate (rollout): 0.44 | Loss: 0.072 | Opp label coverage: 0.81
Step 2186985/5000000 | Win rate (rollout): 0.35 | Loss: 0.072 | Opp label coverage: 0.80
Step 2187497/5000000 | Win rate (rollout): 0.75 | Loss: 0.052 | Opp label coverage: 0.81
Step 2188009/5000000 | Win rate (rollout): 0.25 | Loss: 0.061 | Opp label coverage: 0.80
Step 2188522/5000000 | Win rate (rollout): 0.67 | Loss: -0.013 | Opp label coverage: 0.92
Step 2189036/5000000 | Win rate (rollout): 0.58 | Loss: 0.012 | Opp label coverage: 0.92
Step 2189548/5000000 | Win rate (rollout): 0.20 | Loss: 0.065 | Opp label coverage: 0.80
Step 2190067/5000000 | Win rate (rollout): 0.50 | Loss: 0.033 | Opp label coverage: 0.91
Step 2190585/5000000 | Win rate (rollout): 0.35 | Loss: 0.022 | Opp label coverage: 0.90
Step 2191097/5000000 | Win rate (rollout): 0.50 | Loss: 0.086 | Opp label coverage: 0.82
Step 2191609/5000000 | Win rate (rollout): 0.22 | Loss: 0.049 | Opp label coverage: 0.79
Step 2192121/5000000 | Win rate (rollout): 0.36 | Loss: 0.046 | Opp label coverage: 0.84
Step 2192633/5000000 | Win rate (rollout): 0.44 | Loss: 0.047 | Opp label coverage: 0.83
Step 2193147/5000000 | Win rate (rollout): 0.55 | Loss: 0.022 | Opp label coverage: 0.91
Step 2193659/5000000 | Win rate (rollout): 0.14 | Loss: 0.011 | Opp label coverage: 0.82
Step 2194171/5000000 | Win rate (rollout): 0.42 | Loss: 0.016 | Opp label coverage: 0.80
Step 2194687/5000000 | Win rate (rollout): 0.50 | Loss: 0.048 | Opp label coverage: 0.91
Step 2195204/5000000 | Win rate (rollout): 0.53 | Loss: -0.017 | Opp label coverage: 0.91
Step 2195716/5000000 | Win rate (rollout): 0.54 | Loss: 0.073 | Opp label coverage: 0.83
Step 2196228/5000000 | Win rate (rollout): 0.14 | Loss: 0.064 | Opp label coverage: 0.77
Step 2196740/5000000 | Win rate (rollout): 0.33 | Loss: 0.051 | Opp label coverage: 0.88
Step 2197255/5000000 | Win rate (rollout): 0.13 | Loss: 0.043 | Opp label coverage: 0.87
Step 2197772/5000000 | Win rate (rollout): 0.21 | Loss: 0.071 | Opp label coverage: 0.90
Step 2198285/5000000 | Win rate (rollout): 0.45 | Loss: 0.004 | Opp label coverage: 0.90
Step 2198800/5000000 | Win rate (rollout): 0.23 | Loss: 0.029 | Opp label coverage: 0.88
Step 2199312/5000000 | Win rate (rollout): 0.38 | Loss: 0.058 | Opp label coverage: 0.83
Step 2199824/5000000 | Win rate (rollout): 0.58 | Loss: 0.047 | Opp label coverage: 0.85
Step 2200342/5000000 | Win rate (rollout): 0.82 | Loss: 0.046 | Opp label coverage: 0.89
Step 2200859/5000000 | Win rate (rollout): 0.45 | Loss: 0.097 | Opp label coverage: 0.92
Step 2201371/5000000 | Win rate (rollout): 0.45 | Loss: 0.057 | Opp label coverage: 0.83
Step 2201886/5000000 | Win rate (rollout): 0.30 | Loss: -0.007 | Opp label coverage: 0.88
Step 2202398/5000000 | Win rate (rollout): 0.25 | Loss: 0.052 | Opp label coverage: 0.84
Step 2202910/5000000 | Win rate (rollout): 0.29 | Loss: 0.022 | Opp label coverage: 0.90
Step 2203426/5000000 | Win rate (rollout): 0.50 | Loss: 0.035 | Opp label coverage: 0.91
Step 2203938/5000000 | Win rate (rollout): 0.33 | Loss: 0.067 | Opp label coverage: 0.75
Step 2204450/5000000 | Win rate (rollout): 0.50 | Loss: 0.040 | Opp label coverage: 0.91
Step 2204962/5000000 | Win rate (rollout): 0.08 | Loss: 0.004 | Opp label coverage: 0.82
Step 2205480/5000000 | Win rate (rollout): 0.11 | Loss: 0.006 | Opp label coverage: 0.90
Step 2205996/5000000 | Win rate (rollout): 0.44 | Loss: 0.066 | Opp label coverage: 0.90
Step 2206508/5000000 | Win rate (rollout): 0.38 | Loss: 0.056 | Opp label coverage: 0.81
Step 2207020/5000000 | Win rate (rollout): 0.14 | Loss: 0.065 | Opp label coverage: 0.81
Step 2207539/5000000 | Win rate (rollout): 0.36 | Loss: 0.052 | Opp label coverage: 0.89
Step 2208051/5000000 | Win rate (rollout): 0.38 | Loss: 0.016 | Opp label coverage: 0.82
Step 2208566/5000000 | Win rate (rollout): 0.44 | Loss: 0.042 | Opp label coverage: 0.89
Step 2209078/5000000 | Win rate (rollout): 0.25 | Loss: 0.042 | Opp label coverage: 0.86
Step 2209590/5000000 | Win rate (rollout): 0.40 | Loss: 0.050 | Opp label coverage: 0.81
Step 2210104/5000000 | Win rate (rollout): 0.14 | Loss: 0.010 | Opp label coverage: 0.91
Step 2210616/5000000 | Win rate (rollout): 0.46 | Loss: 0.037 | Opp label coverage: 0.89
Step 2211133/5000000 | Win rate (rollout): 0.25 | Loss: 0.038 | Opp label coverage: 0.91
Step 2211645/5000000 | Win rate (rollout): 0.50 | Loss: 0.033 | Opp label coverage: 0.81
Step 2212158/5000000 | Win rate (rollout): 0.22 | Loss: 0.046 | Opp label coverage: 0.89
Step 2212676/5000000 | Win rate (rollout): 0.31 | Loss: 0.013 | Opp label coverage: 0.89
Step 2213188/5000000 | Win rate (rollout): 0.25 | Loss: 0.018 | Opp label coverage: 0.83
Step 2213700/5000000 | Win rate (rollout): 0.25 | Loss: 0.022 | Opp label coverage: 0.83
Step 2214212/5000000 | Win rate (rollout): 0.12 | Loss: 0.027 | Opp label coverage: 0.86
Step 2214727/5000000 | Win rate (rollout): 0.30 | Loss: 0.025 | Opp label coverage: 0.89
Step 2215239/5000000 | Win rate (rollout): 0.23 | Loss: 0.027 | Opp label coverage: 0.86
Step 2215751/5000000 | Win rate (rollout): 0.29 | Loss: 0.055 | Opp label coverage: 0.83
Step 2216263/5000000 | Win rate (rollout): 0.50 | Loss: 0.047 | Opp label coverage: 0.83
Step 2216779/5000000 | Win rate (rollout): 0.44 | Loss: 0.064 | Opp label coverage: 0.91
Step 2217291/5000000 | Win rate (rollout): 0.54 | Loss: 0.056 | Opp label coverage: 0.86
Step 2217804/5000000 | Win rate (rollout): 0.40 | Loss: 0.103 | Opp label coverage: 0.90
Step 2218322/5000000 | Win rate (rollout): 0.38 | Loss: 0.068 | Opp label coverage: 0.89
Step 2218839/5000000 | Win rate (rollout): 0.27 | Loss: 0.039 | Opp label coverage: 0.90
Step 2219357/5000000 | Win rate (rollout): 0.60 | Loss: 0.035 | Opp label coverage: 0.90
Step 2219875/5000000 | Win rate (rollout): 0.57 | Loss: 0.040 | Opp label coverage: 0.90
Step 2220387/5000000 | Win rate (rollout): 0.18 | Loss: 0.051 | Opp label coverage: 0.82
Step 2220899/5000000 | Win rate (rollout): 0.38 | Loss: 0.044 | Opp label coverage: 0.91
Step 2221411/5000000 | Win rate (rollout): 0.50 | Loss: 0.069 | Opp label coverage: 0.85
Step 2221923/5000000 | Win rate (rollout): 0.44 | Loss: 0.030 | Opp label coverage: 0.89
Step 2222435/5000000 | Win rate (rollout): 0.62 | Loss: 0.081 | Opp label coverage: 0.90
Step 2222947/5000000 | Win rate (rollout): 0.38 | Loss: 0.032 | Opp label coverage: 0.81
Step 2223459/5000000 | Win rate (rollout): 0.33 | Loss: 0.050 | Opp label coverage: 0.80
Step 2223971/5000000 | Win rate (rollout): 0.08 | Loss: 0.046 | Opp label coverage: 0.80
Step 2224483/5000000 | Win rate (rollout): 0.12 | Loss: 0.027 | Opp label coverage: 0.80
Step 2224995/5000000 | Win rate (rollout): 0.12 | Loss: 0.013 | Opp label coverage: 0.85
Step 2225507/5000000 | Win rate (rollout): 0.38 | Loss: 0.096 | Opp label coverage: 0.82
Step 2226019/5000000 | Win rate (rollout): 0.22 | Loss: 0.040 | Opp label coverage: 0.87
Step 2226536/5000000 | Win rate (rollout): 0.56 | Loss: 0.047 | Opp label coverage: 0.92
Step 2227050/5000000 | Win rate (rollout): 0.29 | Loss: -0.031 | Opp label coverage: 0.89
Step 2227564/5000000 | Win rate (rollout): 0.40 | Loss: 0.034 | Opp label coverage: 0.90
Step 2228080/5000000 | Win rate (rollout): 0.27 | Loss: 0.041 | Opp label coverage: 0.91
Step 2228598/5000000 | Win rate (rollout): 0.54 | Loss: 0.001 | Opp label coverage: 0.90
Step 2229113/5000000 | Win rate (rollout): 0.44 | Loss: 0.079 | Opp label coverage: 0.89
Step 2229627/5000000 | Win rate (rollout): 0.33 | Loss: 0.014 | Opp label coverage: 0.89
Step 2230141/5000000 | Win rate (rollout): 0.29 | Loss: -0.003 | Opp label coverage: 0.90
Step 2230658/5000000 | Win rate (rollout): 0.46 | Loss: 0.014 | Opp label coverage: 0.89
Step 2231175/5000000 | Win rate (rollout): 0.31 | Loss: 0.020 | Opp label coverage: 0.90
Step 2231690/5000000 | Win rate (rollout): 0.47 | Loss: 0.059 | Opp label coverage: 0.90
Step 2232205/5000000 | Win rate (rollout): 0.38 | Loss: 0.025 | Opp label coverage: 0.90
Step 2232717/5000000 | Win rate (rollout): 0.20 | Loss: 0.030 | Opp label coverage: 0.81
Step 2233231/5000000 | Win rate (rollout): 0.45 | Loss: 0.011 | Opp label coverage: 0.89
Step 2233743/5000000 | Win rate (rollout): 0.33 | Loss: 0.044 | Opp label coverage: 0.82
Step 2234255/5000000 | Win rate (rollout): 0.38 | Loss: 0.025 | Opp label coverage: 0.80
Step 2234767/5000000 | Win rate (rollout): 0.31 | Loss: 0.049 | Opp label coverage: 0.73
Step 2235279/5000000 | Win rate (rollout): 0.40 | Loss: 0.038 | Opp label coverage: 0.89
Step 2235791/5000000 | Win rate (rollout): 0.46 | Loss: 0.082 | Opp label coverage: 0.81
Step 2236303/5000000 | Win rate (rollout): 0.50 | Loss: 0.046 | Opp label coverage: 0.87
Step 2236815/5000000 | Win rate (rollout): 0.22 | Loss: 0.022 | Opp label coverage: 0.82
Step 2237327/5000000 | Win rate (rollout): 0.09 | Loss: 0.022 | Opp label coverage: 0.82
Step 2237839/5000000 | Win rate (rollout): 0.33 | Loss: 0.039 | Opp label coverage: 0.82
Step 2238355/5000000 | Win rate (rollout): 0.15 | Loss: 0.066 | Opp label coverage: 0.87
Step 2238871/5000000 | Win rate (rollout): 0.33 | Loss: 0.041 | Opp label coverage: 0.91
Step 2239383/5000000 | Win rate (rollout): 0.36 | Loss: 0.037 | Opp label coverage: 0.83
Step 2239898/5000000 | Win rate (rollout): 0.55 | Loss: 0.026 | Opp label coverage: 0.91
Step 2240413/5000000 | Win rate (rollout): 0.60 | Loss: 0.003 | Opp label coverage: 0.92
Step 2240925/5000000 | Win rate (rollout): 0.58 | Loss: 0.064 | Opp label coverage: 0.83
Step 2241437/5000000 | Win rate (rollout): 0.12 | Loss: 0.071 | Opp label coverage: 0.82
Step 2241951/5000000 | Win rate (rollout): 0.25 | Loss: 0.020 | Opp label coverage: 0.91
Step 2242467/5000000 | Win rate (rollout): 0.60 | Loss: 0.037 | Opp label coverage: 0.91
Step 2242979/5000000 | Win rate (rollout): 0.45 | Loss: 0.076 | Opp label coverage: 0.84
Step 2243491/5000000 | Win rate (rollout): 0.50 | Loss: 0.018 | Opp label coverage: 0.82
Step 2244003/5000000 | Win rate (rollout): 0.27 | Loss: 0.046 | Opp label coverage: 0.83
Step 2244515/5000000 | Win rate (rollout): 0.50 | Loss: 0.036 | Opp label coverage: 0.77
Step 2245030/5000000 | Win rate (rollout): 0.45 | Loss: 0.057 | Opp label coverage: 0.90
Step 2245542/5000000 | Win rate (rollout): 0.30 | Loss: 0.038 | Opp label coverage: 0.79
Step 2246054/5000000 | Win rate (rollout): 0.33 | Loss: 0.045 | Opp label coverage: 0.89
Step 2246572/5000000 | Win rate (rollout): 0.54 | Loss: 0.091 | Opp label coverage: 0.91
Step 2247089/5000000 | Win rate (rollout): 0.36 | Loss: 0.069 | Opp label coverage: 0.91
Step 2247606/5000000 | Win rate (rollout): 0.53 | Loss: 0.008 | Opp label coverage: 0.90
Step 2248118/5000000 | Win rate (rollout): 0.20 | Loss: 0.029 | Opp label coverage: 0.83
Step 2248630/5000000 | Win rate (rollout): 0.47 | Loss: 0.050 | Opp label coverage: 0.83
Step 2249142/5000000 | Win rate (rollout): 0.12 | Loss: 0.044 | Opp label coverage: 0.81
Step 2249654/5000000 | Win rate (rollout): 0.14 | Loss: 0.045 | Opp label coverage: 0.79
[checkpoint] Saved models/ppo/checkpoints/bcft/ppo_step_2250030.pt
Step 2250166/5000000 | Win rate (rollout): 0.33 | Loss: 0.038 | Opp label coverage: 0.81
Step 2250683/5000000 | Win rate (rollout): 0.60 | Loss: 0.054 | Opp label coverage: 0.92
Step 2251196/5000000 | Win rate (rollout): 0.54 | Loss: -0.032 | Opp label coverage: 0.90
Step 2251708/5000000 | Win rate (rollout): 0.17 | Loss: 0.045 | Opp label coverage: 0.80
Step 2252220/5000000 | Win rate (rollout): 0.40 | Loss: 0.082 | Opp label coverage: 0.82
Step 2252737/5000000 | Win rate (rollout): 0.67 | Loss: -0.001 | Opp label coverage: 0.94
Step 2253249/5000000 | Win rate (rollout): 0.42 | Loss: 0.038 | Opp label coverage: 0.91
Step 2253762/5000000 | Win rate (rollout): 0.56 | Loss: 0.093 | Opp label coverage: 0.91
Step 2254274/5000000 | Win rate (rollout): 0.58 | Loss: 0.073 | Opp label coverage: 0.91
Step 2254793/5000000 | Win rate (rollout): 0.69 | Loss: 0.037 | Opp label coverage: 0.90
Step 2255309/5000000 | Win rate (rollout): 0.46 | Loss: 0.054 | Opp label coverage: 0.92
Step 2255821/5000000 | Win rate (rollout): 0.40 | Loss: 0.041 | Opp label coverage: 0.81
Step 2256333/5000000 | Win rate (rollout): 0.38 | Loss: 0.034 | Opp label coverage: 0.86
Step 2256845/5000000 | Win rate (rollout): 0.44 | Loss: 0.064 | Opp label coverage: 0.83
Step 2257357/5000000 | Win rate (rollout): 0.36 | Loss: 0.048 | Opp label coverage: 0.82
Step 2257875/5000000 | Win rate (rollout): 0.50 | Loss: 0.062 | Opp label coverage: 0.89
Step 2258387/5000000 | Win rate (rollout): 0.33 | Loss: 0.049 | Opp label coverage: 0.75
Step 2258899/5000000 | Win rate (rollout): 0.50 | Loss: 0.044 | Opp label coverage: 0.80
Step 2259411/5000000 | Win rate (rollout): 0.38 | Loss: 0.030 | Opp label coverage: 0.91
Step 2259928/5000000 | Win rate (rollout): 0.36 | Loss: 0.066 | Opp label coverage: 0.89
Step 2260440/5000000 | Win rate (rollout): 0.45 | Loss: 0.065 | Opp label coverage: 0.80
Step 2260952/5000000 | Win rate (rollout): 0.29 | Loss: 0.052 | Opp label coverage: 0.81
Step 2261464/5000000 | Win rate (rollout): 0.25 | Loss: 0.052 | Opp label coverage: 0.79
Step 2261980/5000000 | Win rate (rollout): 0.78 | Loss: 0.036 | Opp label coverage: 0.90
Step 2262492/5000000 | Win rate (rollout): 0.55 | Loss: 0.084 | Opp label coverage: 0.80
Step 2263010/5000000 | Win rate (rollout): 0.82 | Loss: 0.024 | Opp label coverage: 0.90
Step 2263526/5000000 | Win rate (rollout): 0.59 | Loss: 0.048 | Opp label coverage: 0.89
Step 2264038/5000000 | Win rate (rollout): 0.46 | Loss: 0.084 | Opp label coverage: 0.85
Step 2264550/5000000 | Win rate (rollout): 0.14 | Loss: 0.021 | Opp label coverage: 0.80
Step 2265067/5000000 | Win rate (rollout): 0.44 | Loss: 0.097 | Opp label coverage: 0.91
Step 2265579/5000000 | Win rate (rollout): 0.46 | Loss: 0.039 | Opp label coverage: 0.85
Step 2266091/5000000 | Win rate (rollout): 0.62 | Loss: 0.052 | Opp label coverage: 0.91
Step 2266603/5000000 | Win rate (rollout): 0.67 | Loss: 0.086 | Opp label coverage: 0.82
Step 2267119/5000000 | Win rate (rollout): 0.33 | Loss: 0.056 | Opp label coverage: 0.90
Step 2267636/5000000 | Win rate (rollout): 0.46 | Loss: 0.055 | Opp label coverage: 0.90
Step 2268152/5000000 | Win rate (rollout): 0.57 | Loss: 0.085 | Opp label coverage: 0.89
Step 2268670/5000000 | Win rate (rollout): 0.38 | Loss: 0.063 | Opp label coverage: 0.89
Step 2269182/5000000 | Win rate (rollout): 0.89 | Loss: 0.038 | Opp label coverage: 0.81
Step 2269695/5000000 | Win rate (rollout): 0.56 | Loss: 0.109 | Opp label coverage: 0.92
Step 2270207/5000000 | Win rate (rollout): 0.54 | Loss: 0.061 | Opp label coverage: 0.85
Step 2270719/5000000 | Win rate (rollout): 0.80 | Loss: 0.042 | Opp label coverage: 0.82
Step 2271237/5000000 | Win rate (rollout): 0.62 | Loss: 0.077 | Opp label coverage: 0.91
Step 2271754/5000000 | Win rate (rollout): 0.54 | Loss: 0.060 | Opp label coverage: 0.90
Step 2272266/5000000 | Win rate (rollout): 0.31 | Loss: 0.061 | Opp label coverage: 0.82
Step 2272778/5000000 | Win rate (rollout): 0.17 | Loss: 0.034 | Opp label coverage: 0.83
Step 2273290/5000000 | Win rate (rollout): 0.46 | Loss: 0.028 | Opp label coverage: 0.80
Step 2273802/5000000 | Win rate (rollout): 0.27 | Loss: 0.042 | Opp label coverage: 0.81
Step 2274316/5000000 | Win rate (rollout): 0.40 | Loss: 0.082 | Opp label coverage: 0.90
Step 2274828/5000000 | Win rate (rollout): 0.50 | Loss: 0.062 | Opp label coverage: 0.90
Step 2275347/5000000 | Win rate (rollout): 0.42 | Loss: 0.071 | Opp label coverage: 0.90
Step 2275866/5000000 | Win rate (rollout): 0.73 | Loss: 0.065 | Opp label coverage: 0.90
Step 2276378/5000000 | Win rate (rollout): 0.62 | Loss: 0.055 | Opp label coverage: 0.89
Step 2276894/5000000 | Win rate (rollout): 0.42 | Loss: 0.058 | Opp label coverage: 0.89
Step 2277406/5000000 | Win rate (rollout): 0.36 | Loss: 0.040 | Opp label coverage: 0.77
Step 2277921/5000000 | Win rate (rollout): 0.62 | Loss: 0.032 | Opp label coverage: 0.90
Step 2278439/5000000 | Win rate (rollout): 0.50 | Loss: 0.070 | Opp label coverage: 0.91
Step 2278951/5000000 | Win rate (rollout): 0.42 | Loss: 0.083 | Opp label coverage: 0.79
Step 2279467/5000000 | Win rate (rollout): 0.50 | Loss: -0.024 | Opp label coverage: 0.92
Step 2279983/5000000 | Win rate (rollout): 0.69 | Loss: -0.007 | Opp label coverage: 0.91
Step 2280501/5000000 | Win rate (rollout): 0.62 | Loss: 0.080 | Opp label coverage: 0.92
Step 2281013/5000000 | Win rate (rollout): 1.00 | Loss: 0.014 | Opp label coverage: 0.83
Step 2281526/5000000 | Win rate (rollout): 0.38 | Loss: -0.017 | Opp label coverage: 0.88
Step 2282042/5000000 | Win rate (rollout): 0.67 | Loss: 0.051 | Opp label coverage: 0.91
Step 2282554/5000000 | Win rate (rollout): 0.45 | Loss: 0.058 | Opp label coverage: 0.81
Step 2283069/5000000 | Win rate (rollout): 1.00 | Loss: 0.034 | Opp label coverage: 0.93
Step 2283582/5000000 | Win rate (rollout): 0.69 | Loss: 0.036 | Opp label coverage: 0.91
Step 2284101/5000000 | Win rate (rollout): 0.31 | Loss: 0.047 | Opp label coverage: 0.89
Step 2284613/5000000 | Win rate (rollout): 0.23 | Loss: 0.074 | Opp label coverage: 0.85
Step 2285131/5000000 | Win rate (rollout): 0.62 | Loss: 0.042 | Opp label coverage: 0.93
Step 2285645/5000000 | Win rate (rollout): 0.60 | Loss: -0.014 | Opp label coverage: 0.89
Step 2286157/5000000 | Win rate (rollout): 0.31 | Loss: 0.050 | Opp label coverage: 0.78
Step 2286669/5000000 | Win rate (rollout): 0.33 | Loss: 0.087 | Opp label coverage: 0.83
Step 2287187/5000000 | Win rate (rollout): 0.38 | Loss: 0.076 | Opp label coverage: 0.90
Step 2287703/5000000 | Win rate (rollout): 0.60 | Loss: 0.083 | Opp label coverage: 0.90
Step 2288220/5000000 | Win rate (rollout): 0.38 | Loss: 0.027 | Opp label coverage: 0.90
Step 2288732/5000000 | Win rate (rollout): 0.90 | Loss: 0.045 | Opp label coverage: 0.86
Step 2289247/5000000 | Win rate (rollout): 0.40 | Loss: 0.033 | Opp label coverage: 0.90
Step 2289759/5000000 | Win rate (rollout): 0.27 | Loss: 0.056 | Opp label coverage: 0.83
Step 2290271/5000000 | Win rate (rollout): 0.86 | Loss: 0.032 | Opp label coverage: 0.78
Step 2290788/5000000 | Win rate (rollout): 0.62 | Loss: 0.086 | Opp label coverage: 0.91
Step 2291307/5000000 | Win rate (rollout): 0.67 | Loss: 0.085 | Opp label coverage: 0.90
Step 2291822/5000000 | Win rate (rollout): 0.54 | Loss: 0.064 | Opp label coverage: 0.91
Step 2292334/5000000 | Win rate (rollout): 0.44 | Loss: 0.013 | Opp label coverage: 0.87
Step 2292852/5000000 | Win rate (rollout): 0.57 | Loss: 0.047 | Opp label coverage: 0.91
Step 2293364/5000000 | Win rate (rollout): 0.67 | Loss: 0.023 | Opp label coverage: 0.86
Step 2293882/5000000 | Win rate (rollout): 0.38 | Loss: 0.016 | Opp label coverage: 0.90
Step 2294394/5000000 | Win rate (rollout): 0.71 | Loss: 0.053 | Opp label coverage: 0.91
Step 2294906/5000000 | Win rate (rollout): 0.50 | Loss: 0.069 | Opp label coverage: 0.82
Step 2295420/5000000 | Win rate (rollout): 0.70 | Loss: 0.051 | Opp label coverage: 0.90
Step 2295932/5000000 | Win rate (rollout): 0.43 | Loss: 0.053 | Opp label coverage: 0.89
Step 2296444/5000000 | Win rate (rollout): 0.42 | Loss: 0.067 | Opp label coverage: 0.90
Step 2296956/5000000 | Win rate (rollout): 0.50 | Loss: 0.060 | Opp label coverage: 0.82
Step 2297468/5000000 | Win rate (rollout): 0.50 | Loss: 0.079 | Opp label coverage: 0.78
Step 2297980/5000000 | Win rate (rollout): 0.50 | Loss: 0.049 | Opp label coverage: 0.81
Step 2298492/5000000 | Win rate (rollout): 0.17 | Loss: 0.031 | Opp label coverage: 0.77
Step 2299004/5000000 | Win rate (rollout): 0.45 | Loss: 0.037 | Opp label coverage: 0.81
Step 2299516/5000000 | Win rate (rollout): 0.36 | Loss: 0.061 | Opp label coverage: 0.79
Step 2300030/5000000 | Win rate (rollout): 0.88 | Loss: 0.066 | Opp label coverage: 0.94
Step 2300542/5000000 | Win rate (rollout): 0.27 | Loss: 0.045 | Opp label coverage: 0.78
Step 2301054/5000000 | Win rate (rollout): 0.43 | Loss: 0.092 | Opp label coverage: 0.83
Step 2301568/5000000 | Win rate (rollout): 0.78 | Loss: 0.142 | Opp label coverage: 0.90
Step 2302081/5000000 | Win rate (rollout): 0.44 | Loss: 0.032 | Opp label coverage: 0.93
Step 2302595/5000000 | Win rate (rollout): 0.30 | Loss: 0.005 | Opp label coverage: 0.93
Step 2303107/5000000 | Win rate (rollout): 0.33 | Loss: 0.050 | Opp label coverage: 0.81
Step 2303619/5000000 | Win rate (rollout): 0.25 | Loss: 0.069 | Opp label coverage: 0.83
Step 2304131/5000000 | Win rate (rollout): 0.71 | Loss: 0.041 | Opp label coverage: 0.84
Step 2304643/5000000 | Win rate (rollout): 0.30 | Loss: 0.047 | Opp label coverage: 0.83
Step 2305155/5000000 | Win rate (rollout): 0.20 | Loss: 0.032 | Opp label coverage: 0.81
Step 2305670/5000000 | Win rate (rollout): 0.60 | Loss: 0.006 | Opp label coverage: 0.90
Step 2306185/5000000 | Win rate (rollout): 0.43 | Loss: 0.042 | Opp label coverage: 0.90
Step 2306698/5000000 | Win rate (rollout): 0.50 | Loss: 0.086 | Opp label coverage: 0.89
Step 2307215/5000000 | Win rate (rollout): 0.71 | Loss: 0.089 | Opp label coverage: 0.90
Step 2307727/5000000 | Win rate (rollout): 0.46 | Loss: 0.080 | Opp label coverage: 0.82
Step 2308239/5000000 | Win rate (rollout): 0.60 | Loss: 0.057 | Opp label coverage: 0.78
Step 2308751/5000000 | Win rate (rollout): 0.30 | Loss: 0.046 | Opp label coverage: 0.84
Step 2309265/5000000 | Win rate (rollout): 0.75 | Loss: 0.023 | Opp label coverage: 0.90
Step 2309777/5000000 | Win rate (rollout): 0.40 | Loss: 0.027 | Opp label coverage: 0.85
Step 2310292/5000000 | Win rate (rollout): 0.50 | Loss: 0.114 | Opp label coverage: 0.90
Step 2310804/5000000 | Win rate (rollout): 0.56 | Loss: 0.048 | Opp label coverage: 0.78
Step 2311316/5000000 | Win rate (rollout): 0.50 | Loss: 0.041 | Opp label coverage: 0.79
Step 2311828/5000000 | Win rate (rollout): 0.44 | Loss: 0.048 | Opp label coverage: 0.88
Step 2312341/5000000 | Win rate (rollout): 0.47 | Loss: 0.045 | Opp label coverage: 0.90
Step 2312854/5000000 | Win rate (rollout): 0.58 | Loss: -0.001 | Opp label coverage: 0.88
Step 2313366/5000000 | Win rate (rollout): 0.56 | Loss: 0.060 | Opp label coverage: 0.80
Step 2313878/5000000 | Win rate (rollout): 0.50 | Loss: 0.068 | Opp label coverage: 0.74
Step 2314390/5000000 | Win rate (rollout): 0.31 | Loss: 0.058 | Opp label coverage: 0.75
Step 2314902/5000000 | Win rate (rollout): 0.44 | Loss: 0.027 | Opp label coverage: 0.81
Step 2315414/5000000 | Win rate (rollout): 0.44 | Loss: 0.073 | Opp label coverage: 0.90
Step 2315926/5000000 | Win rate (rollout): 0.27 | Loss: 0.050 | Opp label coverage: 0.79
Step 2316438/5000000 | Win rate (rollout): 0.44 | Loss: 0.066 | Opp label coverage: 0.80
Step 2316951/5000000 | Win rate (rollout): 0.44 | Loss: 0.106 | Opp label coverage: 0.91
Step 2317463/5000000 | Win rate (rollout): 0.69 | Loss: 0.041 | Opp label coverage: 0.91
Step 2317975/5000000 | Win rate (rollout): 0.30 | Loss: 0.049 | Opp label coverage: 0.81
Step 2318487/5000000 | Win rate (rollout): 0.55 | Loss: 0.067 | Opp label coverage: 0.84
Step 2319002/5000000 | Win rate (rollout): 0.50 | Loss: 0.029 | Opp label coverage: 0.92
Step 2319514/5000000 | Win rate (rollout): 0.43 | Loss: 0.049 | Opp label coverage: 0.78
Step 2320026/5000000 | Win rate (rollout): 0.89 | Loss: 0.061 | Opp label coverage: 0.84
Step 2320539/5000000 | Win rate (rollout): 0.55 | Loss: 0.039 | Opp label coverage: 0.90
Step 2321058/5000000 | Win rate (rollout): 0.47 | Loss: 0.026 | Opp label coverage: 0.88
Step 2321577/5000000 | Win rate (rollout): 0.57 | Loss: 0.052 | Opp label coverage: 0.92
Step 2322089/5000000 | Win rate (rollout): 0.43 | Loss: 0.028 | Opp label coverage: 0.86
Step 2322601/5000000 | Win rate (rollout): 0.50 | Loss: 0.060 | Opp label coverage: 0.79
Step 2323120/5000000 | Win rate (rollout): 0.50 | Loss: 0.036 | Opp label coverage: 0.90
Step 2323632/5000000 | Win rate (rollout): 0.25 | Loss: 0.061 | Opp label coverage: 0.81
Step 2324144/5000000 | Win rate (rollout): 0.29 | Loss: 0.048 | Opp label coverage: 0.81
Step 2324657/5000000 | Win rate (rollout): 0.40 | Loss: 0.052 | Opp label coverage: 0.88
Step 2325169/5000000 | Win rate (rollout): 0.46 | Loss: 0.051 | Opp label coverage: 0.83
Step 2325681/5000000 | Win rate (rollout): 0.60 | Loss: 0.064 | Opp label coverage: 0.87
Step 2326193/5000000 | Win rate (rollout): 0.56 | Loss: 0.074 | Opp label coverage: 0.89
Step 2326705/5000000 | Win rate (rollout): 0.70 | Loss: 0.066 | Opp label coverage: 0.83
Step 2327219/5000000 | Win rate (rollout): 0.38 | Loss: 0.047 | Opp label coverage: 0.89
Step 2327737/5000000 | Win rate (rollout): 0.75 | Loss: 0.052 | Opp label coverage: 0.90
Step 2328249/5000000 | Win rate (rollout): 0.27 | Loss: 0.060 | Opp label coverage: 0.80
Step 2328766/5000000 | Win rate (rollout): 0.50 | Loss: 0.077 | Opp label coverage: 0.88
Step 2329278/5000000 | Win rate (rollout): 0.38 | Loss: 0.044 | Opp label coverage: 0.83
Step 2329791/5000000 | Win rate (rollout): 0.56 | Loss: 0.106 | Opp label coverage: 0.91
Step 2330304/5000000 | Win rate (rollout): 0.31 | Loss: -0.019 | Opp label coverage: 0.89
Step 2330816/5000000 | Win rate (rollout): 0.10 | Loss: 0.031 | Opp label coverage: 0.82
Step 2331333/5000000 | Win rate (rollout): 0.56 | Loss: 0.078 | Opp label coverage: 0.89
Step 2331848/5000000 | Win rate (rollout): 0.64 | Loss: 0.056 | Opp label coverage: 0.89
Step 2332367/5000000 | Win rate (rollout): 0.40 | Loss: 0.022 | Opp label coverage: 0.89
Step 2332879/5000000 | Win rate (rollout): 0.27 | Loss: 0.036 | Opp label coverage: 0.88
Step 2333392/5000000 | Win rate (rollout): 0.62 | Loss: 0.087 | Opp label coverage: 0.89
Step 2333907/5000000 | Win rate (rollout): 0.83 | Loss: 0.048 | Opp label coverage: 0.91
Step 2334419/5000000 | Win rate (rollout): 0.56 | Loss: 0.050 | Opp label coverage: 0.88
Step 2334937/5000000 | Win rate (rollout): 0.50 | Loss: 0.021 | Opp label coverage: 0.92
Step 2335449/5000000 | Win rate (rollout): 0.42 | Loss: 0.048 | Opp label coverage: 0.76
Step 2335961/5000000 | Win rate (rollout): 0.44 | Loss: 0.059 | Opp label coverage: 0.85
Step 2336473/5000000 | Win rate (rollout): 0.30 | Loss: 0.058 | Opp label coverage: 0.79
Step 2336985/5000000 | Win rate (rollout): 0.19 | Loss: 0.056 | Opp label coverage: 0.83
Step 2337497/5000000 | Win rate (rollout): 0.38 | Loss: 0.055 | Opp label coverage: 0.78
Step 2338009/5000000 | Win rate (rollout): 0.29 | Loss: 0.052 | Opp label coverage: 0.83
Step 2338521/5000000 | Win rate (rollout): 0.44 | Loss: 0.071 | Opp label coverage: 0.83
Step 2339035/5000000 | Win rate (rollout): 0.42 | Loss: 0.047 | Opp label coverage: 0.89
Step 2339550/5000000 | Win rate (rollout): 0.30 | Loss: 0.066 | Opp label coverage: 0.90
Step 2340062/5000000 | Win rate (rollout): 0.40 | Loss: 0.023 | Opp label coverage: 0.76
Step 2340577/5000000 | Win rate (rollout): 0.20 | Loss: 0.039 | Opp label coverage: 0.88
Step 2341089/5000000 | Win rate (rollout): 0.33 | Loss: 0.041 | Opp label coverage: 0.86
Step 2341601/5000000 | Win rate (rollout): 0.27 | Loss: 0.044 | Opp label coverage: 0.80
Step 2342114/5000000 | Win rate (rollout): 0.22 | Loss: 0.048 | Opp label coverage: 0.89
Step 2342626/5000000 | Win rate (rollout): 0.67 | Loss: 0.077 | Opp label coverage: 0.80
Step 2343138/5000000 | Win rate (rollout): 0.44 | Loss: 0.061 | Opp label coverage: 0.79
Step 2343650/5000000 | Win rate (rollout): 0.19 | Loss: 0.068 | Opp label coverage: 0.81
Step 2344162/5000000 | Win rate (rollout): 0.27 | Loss: 0.036 | Opp label coverage: 0.82
Step 2344674/5000000 | Win rate (rollout): 0.50 | Loss: 0.053 | Opp label coverage: 0.82
Step 2345187/5000000 | Win rate (rollout): 0.45 | Loss: -0.067 | Opp label coverage: 0.90
Step 2345699/5000000 | Win rate (rollout): 0.42 | Loss: 0.059 | Opp label coverage: 0.84
Step 2346211/5000000 | Win rate (rollout): 0.33 | Loss: 0.017 | Opp label coverage: 0.83
Step 2346723/5000000 | Win rate (rollout): 0.27 | Loss: 0.042 | Opp label coverage: 0.79
Step 2347238/5000000 | Win rate (rollout): 0.62 | Loss: 0.112 | Opp label coverage: 0.90
Step 2347750/5000000 | Win rate (rollout): 0.71 | Loss: 0.060 | Opp label coverage: 0.84
Step 2348262/5000000 | Win rate (rollout): 0.20 | Loss: 0.028 | Opp label coverage: 0.81
Step 2348778/5000000 | Win rate (rollout): 0.38 | Loss: -0.002 | Opp label coverage: 0.89
Step 2349290/5000000 | Win rate (rollout): 0.50 | Loss: 0.030 | Opp label coverage: 0.79
Step 2349802/5000000 | Win rate (rollout): 0.30 | Loss: 0.057 | Opp label coverage: 0.85
Step 2350314/5000000 | Win rate (rollout): 0.30 | Loss: 0.029 | Opp label coverage: 0.78
Step 2350826/5000000 | Win rate (rollout): 0.20 | Loss: 0.053 | Opp label coverage: 0.82
Step 2351342/5000000 | Win rate (rollout): 0.56 | Loss: 0.070 | Opp label coverage: 0.90
Step 2351854/5000000 | Win rate (rollout): 0.30 | Loss: 0.031 | Opp label coverage: 0.80
Step 2352370/5000000 | Win rate (rollout): 0.64 | Loss: 0.063 | Opp label coverage: 0.92
Step 2352882/5000000 | Win rate (rollout): 0.12 | Loss: 0.031 | Opp label coverage: 0.83
Step 2353398/5000000 | Win rate (rollout): 0.44 | Loss: 0.027 | Opp label coverage: 0.90
Step 2353910/5000000 | Win rate (rollout): 0.64 | Loss: 0.047 | Opp label coverage: 0.78
Step 2354422/5000000 | Win rate (rollout): 0.43 | Loss: 0.035 | Opp label coverage: 0.85
Step 2354937/5000000 | Win rate (rollout): 0.44 | Loss: 0.089 | Opp label coverage: 0.90
Step 2355449/5000000 | Win rate (rollout): 0.50 | Loss: 0.034 | Opp label coverage: 0.85
Step 2355961/5000000 | Win rate (rollout): 0.46 | Loss: 0.065 | Opp label coverage: 0.82
Step 2356473/5000000 | Win rate (rollout): 0.45 | Loss: 0.074 | Opp label coverage: 0.81
Step 2356986/5000000 | Win rate (rollout): 0.00 | Loss: 0.019 | Opp label coverage: 0.89
Step 2357498/5000000 | Win rate (rollout): 0.50 | Loss: 0.058 | Opp label coverage: 0.79
Step 2358012/5000000 | Win rate (rollout): 0.67 | Loss: 0.060 | Opp label coverage: 0.92
Step 2358524/5000000 | Win rate (rollout): 0.60 | Loss: 0.062 | Opp label coverage: 0.89
Step 2359043/5000000 | Win rate (rollout): 0.73 | Loss: 0.063 | Opp label coverage: 0.89
Step 2359562/5000000 | Win rate (rollout): 0.69 | Loss: 0.065 | Opp label coverage: 0.90
Step 2360074/5000000 | Win rate (rollout): 0.50 | Loss: 0.086 | Opp label coverage: 0.80
Step 2360586/5000000 | Win rate (rollout): 0.54 | Loss: 0.085 | Opp label coverage: 0.77
Step 2361101/5000000 | Win rate (rollout): 0.62 | Loss: 0.079 | Opp label coverage: 0.90
Step 2361613/5000000 | Win rate (rollout): 0.33 | Loss: 0.043 | Opp label coverage: 0.83
Step 2362132/5000000 | Win rate (rollout): 0.33 | Loss: -0.012 | Opp label coverage: 0.90
Step 2362644/5000000 | Win rate (rollout): 0.27 | Loss: 0.054 | Opp label coverage: 0.84
Step 2363156/5000000 | Win rate (rollout): 0.43 | Loss: 0.013 | Opp label coverage: 0.92
Step 2363668/5000000 | Win rate (rollout): 0.36 | Loss: 0.066 | Opp label coverage: 0.81
Step 2364180/5000000 | Win rate (rollout): 0.38 | Loss: 0.079 | Opp label coverage: 0.78
Step 2364692/5000000 | Win rate (rollout): 0.38 | Loss: 0.056 | Opp label coverage: 0.80
Step 2365207/5000000 | Win rate (rollout): 0.33 | Loss: 0.017 | Opp label coverage: 0.91
Step 2365722/5000000 | Win rate (rollout): 0.58 | Loss: 0.062 | Opp label coverage: 0.92
Step 2366237/5000000 | Win rate (rollout): 0.60 | Loss: 0.037 | Opp label coverage: 0.90
Step 2366752/5000000 | Win rate (rollout): 0.62 | Loss: 0.066 | Opp label coverage: 0.90
Step 2367264/5000000 | Win rate (rollout): 0.56 | Loss: 0.040 | Opp label coverage: 0.79
Step 2367781/5000000 | Win rate (rollout): 0.71 | Loss: 0.022 | Opp label coverage: 0.89
Step 2368293/5000000 | Win rate (rollout): 0.45 | Loss: 0.046 | Opp label coverage: 0.80
Step 2368805/5000000 | Win rate (rollout): 0.71 | Loss: 0.023 | Opp label coverage: 0.80
Step 2369317/5000000 | Win rate (rollout): 0.25 | Loss: 0.066 | Opp label coverage: 0.82
Step 2369829/5000000 | Win rate (rollout): 0.43 | Loss: 0.026 | Opp label coverage: 0.79
Step 2370341/5000000 | Win rate (rollout): 0.44 | Loss: 0.048 | Opp label coverage: 0.91
Step 2370853/5000000 | Win rate (rollout): 0.33 | Loss: 0.081 | Opp label coverage: 0.81
Step 2371365/5000000 | Win rate (rollout): 0.14 | Loss: 0.051 | Opp label coverage: 0.78
Step 2371877/5000000 | Win rate (rollout): 0.36 | Loss: 0.055 | Opp label coverage: 0.81
Step 2372392/5000000 | Win rate (rollout): 0.22 | Loss: 0.055 | Opp label coverage: 0.90
Step 2372904/5000000 | Win rate (rollout): 0.18 | Loss: 0.040 | Opp label coverage: 0.82
Step 2373420/5000000 | Win rate (rollout): 0.44 | Loss: 0.016 | Opp label coverage: 0.90
Step 2373932/5000000 | Win rate (rollout): 0.11 | Loss: 0.041 | Opp label coverage: 0.72
Step 2374444/5000000 | Win rate (rollout): 0.25 | Loss: 0.055 | Opp label coverage: 0.82
Step 2374959/5000000 | Win rate (rollout): 0.33 | Loss: 0.028 | Opp label coverage: 0.89
Step 2375475/5000000 | Win rate (rollout): 0.53 | Loss: 0.053 | Opp label coverage: 0.92
Step 2375987/5000000 | Win rate (rollout): 0.67 | Loss: 0.087 | Opp label coverage: 0.91
Step 2376505/5000000 | Win rate (rollout): 0.47 | Loss: 0.037 | Opp label coverage: 0.89
Step 2377017/5000000 | Win rate (rollout): 0.50 | Loss: 0.046 | Opp label coverage: 0.83
Step 2377533/5000000 | Win rate (rollout): 0.43 | Loss: 0.039 | Opp label coverage: 0.90
Step 2378052/5000000 | Win rate (rollout): 0.54 | Loss: 0.062 | Opp label coverage: 0.92
Step 2378569/5000000 | Win rate (rollout): 0.43 | Loss: 0.033 | Opp label coverage: 0.90
Step 2379085/5000000 | Win rate (rollout): 0.25 | Loss: 0.069 | Opp label coverage: 0.88
Step 2379597/5000000 | Win rate (rollout): 0.50 | Loss: 0.049 | Opp label coverage: 0.91
Step 2380115/5000000 | Win rate (rollout): 0.62 | Loss: 0.027 | Opp label coverage: 0.91
Step 2380634/5000000 | Win rate (rollout): 0.36 | Loss: 0.031 | Opp label coverage: 0.89
Step 2381146/5000000 | Win rate (rollout): 0.50 | Loss: 0.061 | Opp label coverage: 0.80
Step 2381659/5000000 | Win rate (rollout): 0.56 | Loss: 0.083 | Opp label coverage: 0.91
Step 2382171/5000000 | Win rate (rollout): 0.40 | Loss: 0.050 | Opp label coverage: 0.81
Step 2382683/5000000 | Win rate (rollout): 0.57 | Loss: 0.049 | Opp label coverage: 0.84
Step 2383195/5000000 | Win rate (rollout): 0.60 | Loss: 0.057 | Opp label coverage: 0.84
Step 2383707/5000000 | Win rate (rollout): 0.27 | Loss: 0.043 | Opp label coverage: 0.82
Step 2384220/5000000 | Win rate (rollout): 0.67 | Loss: 0.104 | Opp label coverage: 0.89
Step 2384732/5000000 | Win rate (rollout): 0.38 | Loss: 0.079 | Opp label coverage: 0.78
Step 2385244/5000000 | Win rate (rollout): 0.40 | Loss: 0.068 | Opp label coverage: 0.82
Step 2385756/5000000 | Win rate (rollout): 0.33 | Loss: 0.074 | Opp label coverage: 0.79
Step 2386269/5000000 | Win rate (rollout): 0.62 | Loss: -0.046 | Opp label coverage: 0.91
Step 2386781/5000000 | Win rate (rollout): 0.43 | Loss: 0.056 | Opp label coverage: 0.80
Step 2387293/5000000 | Win rate (rollout): 0.43 | Loss: 0.039 | Opp label coverage: 0.77
Step 2387805/5000000 | Win rate (rollout): 0.45 | Loss: 0.029 | Opp label coverage: 0.81
Step 2388317/5000000 | Win rate (rollout): 0.50 | Loss: 0.058 | Opp label coverage: 0.81
Step 2388829/5000000 | Win rate (rollout): 0.11 | Loss: 0.029 | Opp label coverage: 0.80
Step 2389341/5000000 | Win rate (rollout): 0.30 | Loss: 0.049 | Opp label coverage: 0.82
Step 2389853/5000000 | Win rate (rollout): 0.50 | Loss: 0.072 | Opp label coverage: 0.84
Step 2390366/5000000 | Win rate (rollout): 0.78 | Loss: -0.013 | Opp label coverage: 0.92
Step 2390878/5000000 | Win rate (rollout): 0.22 | Loss: 0.042 | Opp label coverage: 0.83
Step 2391396/5000000 | Win rate (rollout): 0.00 | Loss: 0.061 | Opp label coverage: 0.90
Step 2391909/5000000 | Win rate (rollout): 0.40 | Loss: 0.001 | Opp label coverage: 0.91
Step 2392421/5000000 | Win rate (rollout): 0.50 | Loss: 0.068 | Opp label coverage: 0.82
Step 2392935/5000000 | Win rate (rollout): 0.73 | Loss: -0.002 | Opp label coverage: 0.91
Step 2393450/5000000 | Win rate (rollout): 0.46 | Loss: 0.042 | Opp label coverage: 0.90
Step 2393965/5000000 | Win rate (rollout): 0.46 | Loss: 0.055 | Opp label coverage: 0.91
Step 2394481/5000000 | Win rate (rollout): 0.46 | Loss: 0.043 | Opp label coverage: 0.92
Step 2394993/5000000 | Win rate (rollout): 0.36 | Loss: 0.039 | Opp label coverage: 0.80
Step 2395505/5000000 | Win rate (rollout): 0.21 | Loss: 0.066 | Opp label coverage: 0.76
Step 2396017/5000000 | Win rate (rollout): 0.50 | Loss: 0.086 | Opp label coverage: 0.78
Step 2396532/5000000 | Win rate (rollout): 0.44 | Loss: 0.019 | Opp label coverage: 0.89
Step 2397051/5000000 | Win rate (rollout): 0.53 | Loss: 0.070 | Opp label coverage: 0.89
Step 2397567/5000000 | Win rate (rollout): 0.33 | Loss: 0.066 | Opp label coverage: 0.89
Step 2398079/5000000 | Win rate (rollout): 0.64 | Loss: 0.054 | Opp label coverage: 0.79
Step 2398593/5000000 | Win rate (rollout): 0.44 | Loss: 0.037 | Opp label coverage: 0.90
Step 2399108/5000000 | Win rate (rollout): 0.79 | Loss: 0.105 | Opp label coverage: 0.90
Step 2399626/5000000 | Win rate (rollout): 0.57 | Loss: 0.070 | Opp label coverage: 0.90
Step 2400138/5000000 | Win rate (rollout): 0.57 | Loss: 0.070 | Opp label coverage: 0.80
Step 2400650/5000000 | Win rate (rollout): 0.40 | Loss: 0.077 | Opp label coverage: 0.79
Step 2401162/5000000 | Win rate (rollout): 0.38 | Loss: 0.042 | Opp label coverage: 0.82
Step 2401679/5000000 | Win rate (rollout): 0.50 | Loss: 0.079 | Opp label coverage: 0.90
Step 2402192/5000000 | Win rate (rollout): 0.33 | Loss: 0.151 | Opp label coverage: 0.89
Step 2402704/5000000 | Win rate (rollout): 0.62 | Loss: 0.064 | Opp label coverage: 0.79
Step 2403216/5000000 | Win rate (rollout): 0.36 | Loss: 0.087 | Opp label coverage: 0.83
Step 2403728/5000000 | Win rate (rollout): 0.67 | Loss: 0.046 | Opp label coverage: 0.79
Step 2404240/5000000 | Win rate (rollout): 0.55 | Loss: 0.052 | Opp label coverage: 0.88
Step 2404752/5000000 | Win rate (rollout): 0.77 | Loss: 0.066 | Opp label coverage: 0.84
Step 2405264/5000000 | Win rate (rollout): 0.53 | Loss: 0.084 | Opp label coverage: 0.81
Step 2405776/5000000 | Win rate (rollout): 0.33 | Loss: 0.066 | Opp label coverage: 0.76
Step 2406288/5000000 | Win rate (rollout): 0.50 | Loss: 0.029 | Opp label coverage: 0.79
Step 2406800/5000000 | Win rate (rollout): 0.58 | Loss: 0.091 | Opp label coverage: 0.81
Step 2407312/5000000 | Win rate (rollout): 0.31 | Loss: 0.065 | Opp label coverage: 0.75
Step 2407824/5000000 | Win rate (rollout): 0.62 | Loss: 0.022 | Opp label coverage: 0.91
Step 2408343/5000000 | Win rate (rollout): 0.54 | Loss: 0.017 | Opp label coverage: 0.91
Step 2408858/5000000 | Win rate (rollout): 0.79 | Loss: 0.023 | Opp label coverage: 0.91
Step 2409370/5000000 | Win rate (rollout): 0.22 | Loss: 0.044 | Opp label coverage: 0.85
Step 2409884/5000000 | Win rate (rollout): 0.62 | Loss: 0.046 | Opp label coverage: 0.90
Step 2410402/5000000 | Win rate (rollout): 0.33 | Loss: 0.018 | Opp label coverage: 0.89
Step 2410919/5000000 | Win rate (rollout): 0.46 | Loss: 0.037 | Opp label coverage: 0.91
Step 2411431/5000000 | Win rate (rollout): 0.43 | Loss: 0.045 | Opp label coverage: 0.82
Step 2411944/5000000 | Win rate (rollout): 0.22 | Loss: 0.046 | Opp label coverage: 0.89
Step 2412456/5000000 | Win rate (rollout): 0.45 | Loss: 0.061 | Opp label coverage: 0.79
Step 2412968/5000000 | Win rate (rollout): 0.44 | Loss: 0.047 | Opp label coverage: 0.79
Step 2413480/5000000 | Win rate (rollout): 0.19 | Loss: 0.025 | Opp label coverage: 0.83
Step 2413996/5000000 | Win rate (rollout): 0.44 | Loss: 0.028 | Opp label coverage: 0.91
Step 2414508/5000000 | Win rate (rollout): 0.38 | Loss: 0.022 | Opp label coverage: 0.76
Step 2415020/5000000 | Win rate (rollout): 0.50 | Loss: 0.049 | Opp label coverage: 0.81
Step 2415532/5000000 | Win rate (rollout): 0.35 | Loss: 0.077 | Opp label coverage: 0.79
Step 2416051/5000000 | Win rate (rollout): 0.44 | Loss: 0.028 | Opp label coverage: 0.89
Step 2416563/5000000 | Win rate (rollout): 0.89 | Loss: 0.046 | Opp label coverage: 0.83
Step 2417075/5000000 | Win rate (rollout): 0.50 | Loss: 0.033 | Opp label coverage: 0.78
Step 2417590/5000000 | Win rate (rollout): 0.30 | Loss: 0.025 | Opp label coverage: 0.88
Step 2418102/5000000 | Win rate (rollout): 0.27 | Loss: 0.044 | Opp label coverage: 0.81
Step 2418614/5000000 | Win rate (rollout): 0.40 | Loss: 0.089 | Opp label coverage: 0.86
Step 2419126/5000000 | Win rate (rollout): 0.33 | Loss: 0.028 | Opp label coverage: 0.83
Step 2419641/5000000 | Win rate (rollout): 0.70 | Loss: 0.007 | Opp label coverage: 0.92
Step 2420159/5000000 | Win rate (rollout): 0.80 | Loss: 0.026 | Opp label coverage: 0.92
Step 2420676/5000000 | Win rate (rollout): 0.36 | Loss: 0.013 | Opp label coverage: 0.91
Step 2421191/5000000 | Win rate (rollout): 0.46 | Loss: 0.022 | Opp label coverage: 0.89
Step 2421703/5000000 | Win rate (rollout): 0.09 | Loss: 0.065 | Opp label coverage: 0.80
Step 2422215/5000000 | Win rate (rollout): 0.33 | Loss: 0.042 | Opp label coverage: 0.83
Step 2422727/5000000 | Win rate (rollout): 0.42 | Loss: 0.057 | Opp label coverage: 0.80
Step 2423239/5000000 | Win rate (rollout): 0.00 | Loss: 0.017 | Opp label coverage: 0.81
Step 2423751/5000000 | Win rate (rollout): 0.57 | Loss: 0.056 | Opp label coverage: 0.83
Step 2424263/5000000 | Win rate (rollout): 0.31 | Loss: 0.075 | Opp label coverage: 0.80
Step 2424775/5000000 | Win rate (rollout): 0.36 | Loss: 0.061 | Opp label coverage: 0.80
Step 2425291/5000000 | Win rate (rollout): 0.23 | Loss: -0.004 | Opp label coverage: 0.88
Step 2425803/5000000 | Win rate (rollout): 0.58 | Loss: 0.059 | Opp label coverage: 0.80
Step 2426315/5000000 | Win rate (rollout): 0.30 | Loss: 0.058 | Opp label coverage: 0.74
Step 2426827/5000000 | Win rate (rollout): 0.47 | Loss: 0.092 | Opp label coverage: 0.84
Step 2427342/5000000 | Win rate (rollout): 0.56 | Loss: 0.019 | Opp label coverage: 0.89
Step 2427856/5000000 | Win rate (rollout): 0.50 | Loss: 0.028 | Opp label coverage: 0.91
Step 2428371/5000000 | Win rate (rollout): 0.36 | Loss: 0.042 | Opp label coverage: 0.91
Step 2428883/5000000 | Win rate (rollout): 0.58 | Loss: 0.086 | Opp label coverage: 0.83
Step 2429395/5000000 | Win rate (rollout): 0.38 | Loss: 0.038 | Opp label coverage: 0.91
Step 2429910/5000000 | Win rate (rollout): 0.54 | Loss: 0.057 | Opp label coverage: 0.91
Step 2430426/5000000 | Win rate (rollout): 0.42 | Loss: 0.084 | Opp label coverage: 0.90
Step 2430939/5000000 | Win rate (rollout): 0.55 | Loss: -0.044 | Opp label coverage: 0.91
Step 2431451/5000000 | Win rate (rollout): 0.69 | Loss: 0.040 | Opp label coverage: 0.89
Step 2431963/5000000 | Win rate (rollout): 0.45 | Loss: 0.068 | Opp label coverage: 0.90
Step 2432475/5000000 | Win rate (rollout): 0.45 | Loss: 0.028 | Opp label coverage: 0.76
Step 2432987/5000000 | Win rate (rollout): 0.50 | Loss: 0.084 | Opp label coverage: 0.80
Step 2433502/5000000 | Win rate (rollout): 0.80 | Loss: 0.030 | Opp label coverage: 0.90
Step 2434015/5000000 | Win rate (rollout): 0.62 | Loss: 0.070 | Opp label coverage: 0.89
Step 2434527/5000000 | Win rate (rollout): 0.30 | Loss: 0.069 | Opp label coverage: 0.86
Step 2435041/5000000 | Win rate (rollout): 0.78 | Loss: 0.062 | Opp label coverage: 0.91
Step 2435553/5000000 | Win rate (rollout): 0.33 | Loss: 0.070 | Opp label coverage: 0.79
Step 2436065/5000000 | Win rate (rollout): 0.38 | Loss: 0.067 | Opp label coverage: 0.87
Step 2436584/5000000 | Win rate (rollout): 0.62 | Loss: 0.040 | Opp label coverage: 0.91
Step 2437096/5000000 | Win rate (rollout): 0.38 | Loss: 0.041 | Opp label coverage: 0.81
Step 2437610/5000000 | Win rate (rollout): 0.56 | Loss: 0.083 | Opp label coverage: 0.92
Step 2438127/5000000 | Win rate (rollout): 0.83 | Loss: 0.002 | Opp label coverage: 0.91
Step 2438639/5000000 | Win rate (rollout): 0.80 | Loss: 0.054 | Opp label coverage: 0.91
Step 2439151/5000000 | Win rate (rollout): 0.50 | Loss: 0.025 | Opp label coverage: 0.83
Step 2439663/5000000 | Win rate (rollout): 0.36 | Loss: 0.064 | Opp label coverage: 0.79
Step 2440177/5000000 | Win rate (rollout): 0.44 | Loss: 0.007 | Opp label coverage: 0.91
Step 2440689/5000000 | Win rate (rollout): 0.10 | Loss: 0.075 | Opp label coverage: 0.81
Step 2441205/5000000 | Win rate (rollout): 0.62 | Loss: 0.096 | Opp label coverage: 0.92
Step 2441717/5000000 | Win rate (rollout): 0.44 | Loss: 0.058 | Opp label coverage: 0.85
Step 2442229/5000000 | Win rate (rollout): 0.46 | Loss: 0.056 | Opp label coverage: 0.84
Step 2442747/5000000 | Win rate (rollout): 0.60 | Loss: 0.045 | Opp label coverage: 0.91
Step 2443260/5000000 | Win rate (rollout): 0.54 | Loss: 0.056 | Opp label coverage: 0.91
Step 2443772/5000000 | Win rate (rollout): 0.11 | Loss: 0.043 | Opp label coverage: 0.82
Step 2444284/5000000 | Win rate (rollout): 0.50 | Loss: 0.054 | Opp label coverage: 0.87
Step 2444796/5000000 | Win rate (rollout): 0.23 | Loss: 0.037 | Opp label coverage: 0.83
Step 2445312/5000000 | Win rate (rollout): 0.22 | Loss: -0.034 | Opp label coverage: 0.91
Step 2445824/5000000 | Win rate (rollout): 0.20 | Loss: 0.052 | Opp label coverage: 0.84
Step 2446336/5000000 | Win rate (rollout): 0.67 | Loss: 0.078 | Opp label coverage: 0.79
Step 2446848/5000000 | Win rate (rollout): 0.22 | Loss: 0.024 | Opp label coverage: 0.87
Step 2447363/5000000 | Win rate (rollout): 0.33 | Loss: 0.042 | Opp label coverage: 0.88
Step 2447877/5000000 | Win rate (rollout): 0.69 | Loss: -0.007 | Opp label coverage: 0.90
Step 2448389/5000000 | Win rate (rollout): 0.33 | Loss: 0.055 | Opp label coverage: 0.74
Step 2448901/5000000 | Win rate (rollout): 0.33 | Loss: 0.023 | Opp label coverage: 0.82
Step 2449413/5000000 | Win rate (rollout): 0.36 | Loss: 0.039 | Opp label coverage: 0.77
Step 2449925/5000000 | Win rate (rollout): 0.38 | Loss: 0.048 | Opp label coverage: 0.85
Step 2450437/5000000 | Win rate (rollout): 0.25 | Loss: 0.047 | Opp label coverage: 0.73
Step 2450949/5000000 | Win rate (rollout): 0.43 | Loss: 0.064 | Opp label coverage: 0.80
Step 2451467/5000000 | Win rate (rollout): 0.44 | Loss: 0.029 | Opp label coverage: 0.92
Step 2451983/5000000 | Win rate (rollout): 0.54 | Loss: 0.037 | Opp label coverage: 0.91
Step 2452497/5000000 | Win rate (rollout): 0.40 | Loss: 0.028 | Opp label coverage: 0.92
Step 2453009/5000000 | Win rate (rollout): 0.43 | Loss: 0.030 | Opp label coverage: 0.85
Step 2453522/5000000 | Win rate (rollout): 0.60 | Loss: 0.027 | Opp label coverage: 0.91
Step 2454036/5000000 | Win rate (rollout): 0.38 | Loss: 0.071 | Opp label coverage: 0.90
Step 2454550/5000000 | Win rate (rollout): 0.67 | Loss: 0.107 | Opp label coverage: 0.90
Step 2455065/5000000 | Win rate (rollout): 0.50 | Loss: 0.085 | Opp label coverage: 0.90
Step 2455577/5000000 | Win rate (rollout): 0.30 | Loss: 0.045 | Opp label coverage: 0.83
Step 2456095/5000000 | Win rate (rollout): 0.67 | Loss: 0.029 | Opp label coverage: 0.90
Step 2456610/5000000 | Win rate (rollout): 0.40 | Loss: 0.083 | Opp label coverage: 0.88
Step 2457122/5000000 | Win rate (rollout): 0.14 | Loss: 0.065 | Opp label coverage: 0.80
Step 2457634/5000000 | Win rate (rollout): 0.20 | Loss: 0.018 | Opp label coverage: 0.85
Step 2458146/5000000 | Win rate (rollout): 0.58 | Loss: 0.063 | Opp label coverage: 0.80
Step 2458662/5000000 | Win rate (rollout): 0.44 | Loss: -0.005 | Opp label coverage: 0.88
Step 2459174/5000000 | Win rate (rollout): 0.30 | Loss: 0.072 | Opp label coverage: 0.84
Step 2459686/5000000 | Win rate (rollout): 0.56 | Loss: 0.062 | Opp label coverage: 0.82
Step 2460198/5000000 | Win rate (rollout): 0.67 | Loss: 0.029 | Opp label coverage: 0.90
Step 2460710/5000000 | Win rate (rollout): 0.38 | Loss: 0.039 | Opp label coverage: 0.83
Step 2461222/5000000 | Win rate (rollout): 0.36 | Loss: 0.046 | Opp label coverage: 0.85
Step 2461738/5000000 | Win rate (rollout): 0.36 | Loss: 0.054 | Opp label coverage: 0.88
Step 2462250/5000000 | Win rate (rollout): 0.30 | Loss: 0.043 | Opp label coverage: 0.79
Step 2462762/5000000 | Win rate (rollout): 0.33 | Loss: 0.038 | Opp label coverage: 0.82
Step 2463274/5000000 | Win rate (rollout): 0.50 | Loss: 0.074 | Opp label coverage: 0.85
Step 2463786/5000000 | Win rate (rollout): 0.33 | Loss: 0.039 | Opp label coverage: 0.82
Step 2464298/5000000 | Win rate (rollout): 0.44 | Loss: 0.057 | Opp label coverage: 0.85
Step 2464810/5000000 | Win rate (rollout): 0.40 | Loss: 0.089 | Opp label coverage: 0.82
Step 2465329/5000000 | Win rate (rollout): 0.56 | Loss: 0.055 | Opp label coverage: 0.89
Step 2465841/5000000 | Win rate (rollout): 0.54 | Loss: 0.055 | Opp label coverage: 0.80
Step 2466356/5000000 | Win rate (rollout): 0.56 | Loss: 0.063 | Opp label coverage: 0.90
Step 2466868/5000000 | Win rate (rollout): 0.36 | Loss: 0.052 | Opp label coverage: 0.79
Step 2467386/5000000 | Win rate (rollout): 0.44 | Loss: 0.040 | Opp label coverage: 0.89
Step 2467898/5000000 | Win rate (rollout): 0.60 | Loss: 0.049 | Opp label coverage: 0.76
Step 2468411/5000000 | Win rate (rollout): 0.25 | Loss: 0.019 | Opp label coverage: 0.89
Step 2468924/5000000 | Win rate (rollout): 0.33 | Loss: -0.067 | Opp label coverage: 0.90
Step 2469436/5000000 | Win rate (rollout): 0.38 | Loss: 0.066 | Opp label coverage: 0.84
Step 2469948/5000000 | Win rate (rollout): 0.70 | Loss: 0.048 | Opp label coverage: 0.83
Step 2470460/5000000 | Win rate (rollout): 0.33 | Loss: 0.064 | Opp label coverage: 0.81
Step 2470972/5000000 | Win rate (rollout): 0.62 | Loss: 0.034 | Opp label coverage: 0.91
Step 2471484/5000000 | Win rate (rollout): 0.50 | Loss: 0.068 | Opp label coverage: 0.81
Step 2472002/5000000 | Win rate (rollout): 0.33 | Loss: 0.051 | Opp label coverage: 0.89
Step 2472514/5000000 | Win rate (rollout): 0.57 | Loss: 0.025 | Opp label coverage: 0.82
Step 2473033/5000000 | Win rate (rollout): 0.22 | Loss: 0.046 | Opp label coverage: 0.90
Step 2473546/5000000 | Win rate (rollout): 0.44 | Loss: 0.072 | Opp label coverage: 0.89
Step 2474059/5000000 | Win rate (rollout): 0.73 | Loss: 0.008 | Opp label coverage: 0.93
Step 2474571/5000000 | Win rate (rollout): 0.45 | Loss: 0.063 | Opp label coverage: 0.82
Step 2475083/5000000 | Win rate (rollout): 0.67 | Loss: 0.048 | Opp label coverage: 0.86
Step 2475595/5000000 | Win rate (rollout): 0.64 | Loss: 0.029 | Opp label coverage: 0.81
Step 2476107/5000000 | Win rate (rollout): 0.60 | Loss: 0.056 | Opp label coverage: 0.77
Step 2476621/5000000 | Win rate (rollout): 0.56 | Loss: 0.057 | Opp label coverage: 0.91
Step 2477133/5000000 | Win rate (rollout): 0.55 | Loss: 0.073 | Opp label coverage: 0.76
Step 2477645/5000000 | Win rate (rollout): 0.57 | Loss: 0.062 | Opp label coverage: 0.83
Step 2478158/5000000 | Win rate (rollout): 0.38 | Loss: -0.023 | Opp label coverage: 0.92
Step 2478670/5000000 | Win rate (rollout): 0.71 | Loss: 0.041 | Opp label coverage: 0.87
Step 2479182/5000000 | Win rate (rollout): 0.58 | Loss: 0.058 | Opp label coverage: 0.83
Step 2479698/5000000 | Win rate (rollout): 0.25 | Loss: -0.026 | Opp label coverage: 0.89
Step 2480210/5000000 | Win rate (rollout): 0.45 | Loss: 0.061 | Opp label coverage: 0.79
Step 2480724/5000000 | Win rate (rollout): 0.71 | Loss: 0.090 | Opp label coverage: 0.91
Step 2481241/5000000 | Win rate (rollout): 0.56 | Loss: 0.094 | Opp label coverage: 0.89
Step 2481753/5000000 | Win rate (rollout): 0.62 | Loss: 0.050 | Opp label coverage: 0.90
Step 2482265/5000000 | Win rate (rollout): 0.38 | Loss: 0.038 | Opp label coverage: 0.83
Step 2482782/5000000 | Win rate (rollout): 0.38 | Loss: 0.080 | Opp label coverage: 0.90
Step 2483295/5000000 | Win rate (rollout): 0.73 | Loss: 0.092 | Opp label coverage: 0.90
Step 2483809/5000000 | Win rate (rollout): 0.64 | Loss: 0.034 | Opp label coverage: 0.91
Step 2484321/5000000 | Win rate (rollout): 0.42 | Loss: 0.090 | Opp label coverage: 0.79
Step 2484833/5000000 | Win rate (rollout): 0.47 | Loss: 0.056 | Opp label coverage: 0.81
Step 2485345/5000000 | Win rate (rollout): 0.43 | Loss: 0.087 | Opp label coverage: 0.83
Step 2485857/5000000 | Win rate (rollout): 0.43 | Loss: 0.024 | Opp label coverage: 0.79
Step 2486369/5000000 | Win rate (rollout): 0.22 | Loss: 0.032 | Opp label coverage: 0.82
Step 2486881/5000000 | Win rate (rollout): 0.60 | Loss: 0.051 | Opp label coverage: 0.76
Step 2487397/5000000 | Win rate (rollout): 0.89 | Loss: 0.026 | Opp label coverage: 0.90
Step 2487909/5000000 | Win rate (rollout): 0.64 | Loss: 0.096 | Opp label coverage: 0.84
Step 2488421/5000000 | Win rate (rollout): 0.57 | Loss: 0.049 | Opp label coverage: 0.77
Step 2488933/5000000 | Win rate (rollout): 0.50 | Loss: 0.101 | Opp label coverage: 0.83
Step 2489445/5000000 | Win rate (rollout): 0.35 | Loss: 0.075 | Opp label coverage: 0.83
Step 2489962/5000000 | Win rate (rollout): 0.67 | Loss: 0.040 | Opp label coverage: 0.90
Step 2490474/5000000 | Win rate (rollout): 0.12 | Loss: 0.028 | Opp label coverage: 0.81
Step 2490986/5000000 | Win rate (rollout): 0.70 | Loss: 0.041 | Opp label coverage: 0.90
Step 2491498/5000000 | Win rate (rollout): 0.40 | Loss: 0.064 | Opp label coverage: 0.85
Step 2492015/5000000 | Win rate (rollout): 0.67 | Loss: 0.023 | Opp label coverage: 0.91
Step 2492527/5000000 | Win rate (rollout): 0.67 | Loss: 0.062 | Opp label coverage: 0.89
Step 2493039/5000000 | Win rate (rollout): 0.38 | Loss: 0.062 | Opp label coverage: 0.82
Step 2493553/5000000 | Win rate (rollout): 0.45 | Loss: 0.022 | Opp label coverage: 0.90
Step 2494065/5000000 | Win rate (rollout): 0.79 | Loss: 0.065 | Opp label coverage: 0.90
Step 2494584/5000000 | Win rate (rollout): 0.53 | Loss: 0.019 | Opp label coverage: 0.89
Step 2495096/5000000 | Win rate (rollout): 0.60 | Loss: 0.060 | Opp label coverage: 0.83
Step 2495608/5000000 | Win rate (rollout): 0.90 | Loss: 0.028 | Opp label coverage: 0.91
Step 2496120/5000000 | Win rate (rollout): 0.50 | Loss: 0.051 | Opp label coverage: 0.83
Step 2496632/5000000 | Win rate (rollout): 0.33 | Loss: 0.072 | Opp label coverage: 0.77
Step 2497144/5000000 | Win rate (rollout): 0.50 | Loss: 0.060 | Opp label coverage: 0.84
Step 2497656/5000000 | Win rate (rollout): 0.33 | Loss: 0.079 | Opp label coverage: 0.86
Step 2498168/5000000 | Win rate (rollout): 0.19 | Loss: 0.031 | Opp label coverage: 0.82
Step 2498681/5000000 | Win rate (rollout): 0.70 | Loss: -0.006 | Opp label coverage: 0.89
Step 2499193/5000000 | Win rate (rollout): 0.55 | Loss: 0.069 | Opp label coverage: 0.80
Step 2499705/5000000 | Win rate (rollout): 0.27 | Loss: 0.073 | Opp label coverage: 0.81
[checkpoint] Saved models/ppo/checkpoints/bcft/ppo_step_2500034.pt
Step 2500217/5000000 | Win rate (rollout): 0.62 | Loss: 0.050 | Opp label coverage: 0.89
Step 2500729/5000000 | Win rate (rollout): 0.64 | Loss: 0.080 | Opp label coverage: 0.77
Step 2501241/5000000 | Win rate (rollout): 0.67 | Loss: 0.052 | Opp label coverage: 0.81
Step 2501753/5000000 | Win rate (rollout): 0.50 | Loss: 0.036 | Opp label coverage: 0.78
Step 2502270/5000000 | Win rate (rollout): 0.88 | Loss: 0.058 | Opp label coverage: 0.91
Step 2502782/5000000 | Win rate (rollout): 0.54 | Loss: 0.047 | Opp label coverage: 0.90
Step 2503294/5000000 | Win rate (rollout): 0.46 | Loss: 0.061 | Opp label coverage: 0.82
Step 2503806/5000000 | Win rate (rollout): 0.50 | Loss: 0.035 | Opp label coverage: 0.90
Step 2504318/5000000 | Win rate (rollout): 0.43 | Loss: 0.044 | Opp label coverage: 0.88
Step 2504831/5000000 | Win rate (rollout): 0.50 | Loss: 0.015 | Opp label coverage: 0.89
Step 2505343/5000000 | Win rate (rollout): 0.36 | Loss: 0.058 | Opp label coverage: 0.80
Step 2505857/5000000 | Win rate (rollout): 0.55 | Loss: 0.080 | Opp label coverage: 0.90
Step 2506370/5000000 | Win rate (rollout): 0.53 | Loss: -0.034 | Opp label coverage: 0.91
Step 2506882/5000000 | Win rate (rollout): 0.50 | Loss: 0.064 | Opp label coverage: 0.85
Step 2507397/5000000 | Win rate (rollout): 0.64 | Loss: 0.060 | Opp label coverage: 0.89
Step 2507909/5000000 | Win rate (rollout): 0.45 | Loss: 0.083 | Opp label coverage: 0.77
Step 2508426/5000000 | Win rate (rollout): 0.82 | Loss: 0.006 | Opp label coverage: 0.91
Step 2508944/5000000 | Win rate (rollout): 0.33 | Loss: 0.028 | Opp label coverage: 0.89
Step 2509456/5000000 | Win rate (rollout): 0.64 | Loss: 0.028 | Opp label coverage: 0.92
Step 2509974/5000000 | Win rate (rollout): 0.38 | Loss: 0.042 | Opp label coverage: 0.90
Step 2510486/5000000 | Win rate (rollout): 0.50 | Loss: 0.069 | Opp label coverage: 0.84
Step 2511000/5000000 | Win rate (rollout): 0.38 | Loss: 0.020 | Opp label coverage: 0.90
Step 2511518/5000000 | Win rate (rollout): 0.33 | Loss: -0.000 | Opp label coverage: 0.89
Step 2512034/5000000 | Win rate (rollout): 0.50 | Loss: 0.126 | Opp label coverage: 0.91
Step 2512546/5000000 | Win rate (rollout): 0.57 | Loss: 0.036 | Opp label coverage: 0.78
Step 2513058/5000000 | Win rate (rollout): 0.57 | Loss: 0.083 | Opp label coverage: 0.83
Step 2513570/5000000 | Win rate (rollout): 0.73 | Loss: 0.058 | Opp label coverage: 0.78
Step 2514082/5000000 | Win rate (rollout): 0.50 | Loss: 0.033 | Opp label coverage: 0.89
Step 2514594/5000000 | Win rate (rollout): 0.55 | Loss: 0.043 | Opp label coverage: 0.80
Step 2515108/5000000 | Win rate (rollout): 0.38 | Loss: 0.005 | Opp label coverage: 0.91
Step 2515623/5000000 | Win rate (rollout): 0.46 | Loss: 0.108 | Opp label coverage: 0.90
Step 2516137/5000000 | Win rate (rollout): 0.50 | Loss: 0.070 | Opp label coverage: 0.90
Step 2516649/5000000 | Win rate (rollout): 0.38 | Loss: 0.027 | Opp label coverage: 0.89
Step 2517161/5000000 | Win rate (rollout): 0.57 | Loss: 0.067 | Opp label coverage: 0.90
Step 2517673/5000000 | Win rate (rollout): 0.33 | Loss: 0.078 | Opp label coverage: 0.81
Step 2518185/5000000 | Win rate (rollout): 0.40 | Loss: 0.081 | Opp label coverage: 0.81
Step 2518704/5000000 | Win rate (rollout): 0.50 | Loss: 0.037 | Opp label coverage: 0.91
Step 2519216/5000000 | Win rate (rollout): 0.50 | Loss: 0.033 | Opp label coverage: 0.81
Step 2519734/5000000 | Win rate (rollout): 0.56 | Loss: 0.067 | Opp label coverage: 0.90
Step 2520246/5000000 | Win rate (rollout): 0.43 | Loss: 0.064 | Opp label coverage: 0.79
Step 2520758/5000000 | Win rate (rollout): 0.29 | Loss: 0.064 | Opp label coverage: 0.79
Step 2521270/5000000 | Win rate (rollout): 0.44 | Loss: 0.043 | Opp label coverage: 0.82
Step 2521782/5000000 | Win rate (rollout): 0.58 | Loss: 0.044 | Opp label coverage: 0.81
Step 2522294/5000000 | Win rate (rollout): 0.80 | Loss: 0.018 | Opp label coverage: 0.90
Step 2522806/5000000 | Win rate (rollout): 0.23 | Loss: 0.079 | Opp label coverage: 0.85
Step 2523318/5000000 | Win rate (rollout): 0.00 | Loss: 0.023 | Opp label coverage: 0.78
Step 2523830/5000000 | Win rate (rollout): 0.33 | Loss: 0.048 | Opp label coverage: 0.80
Step 2524345/5000000 | Win rate (rollout): 0.70 | Loss: 0.073 | Opp label coverage: 0.90
Step 2524857/5000000 | Win rate (rollout): 0.43 | Loss: 0.048 | Opp label coverage: 0.87
Step 2525375/5000000 | Win rate (rollout): 0.55 | Loss: 0.044 | Opp label coverage: 0.92
Step 2525887/5000000 | Win rate (rollout): 0.75 | Loss: 0.048 | Opp label coverage: 0.75
Step 2526399/5000000 | Win rate (rollout): 0.50 | Loss: 0.090 | Opp label coverage: 0.81
Step 2526913/5000000 | Win rate (rollout): 0.55 | Loss: 0.092 | Opp label coverage: 0.88
Step 2527425/5000000 | Win rate (rollout): 0.44 | Loss: 0.028 | Opp label coverage: 0.84
Step 2527937/5000000 | Win rate (rollout): 0.50 | Loss: 0.043 | Opp label coverage: 0.89
Step 2528449/5000000 | Win rate (rollout): 0.33 | Loss: 0.027 | Opp label coverage: 0.80
Step 2528961/5000000 | Win rate (rollout): 0.50 | Loss: 0.118 | Opp label coverage: 0.85
Step 2529473/5000000 | Win rate (rollout): 0.43 | Loss: 0.033 | Opp label coverage: 0.85
Step 2529985/5000000 | Win rate (rollout): 0.35 | Loss: 0.056 | Opp label coverage: 0.81
Step 2530497/5000000 | Win rate (rollout): 0.20 | Loss: 0.029 | Opp label coverage: 0.83
Step 2531009/5000000 | Win rate (rollout): 0.38 | Loss: 0.034 | Opp label coverage: 0.82
Step 2531521/5000000 | Win rate (rollout): 0.25 | Loss: 0.036 | Opp label coverage: 0.91
Step 2532033/5000000 | Win rate (rollout): 0.27 | Loss: 0.024 | Opp label coverage: 0.82
Step 2532551/5000000 | Win rate (rollout): 0.50 | Loss: 0.061 | Opp label coverage: 0.91
Step 2533063/5000000 | Win rate (rollout): 0.33 | Loss: 0.026 | Opp label coverage: 0.85
Step 2533578/5000000 | Win rate (rollout): 0.50 | Loss: 0.077 | Opp label coverage: 0.90
Step 2534090/5000000 | Win rate (rollout): 0.27 | Loss: 0.055 | Opp label coverage: 0.88
Step 2534604/5000000 | Win rate (rollout): 0.54 | Loss: 0.117 | Opp label coverage: 0.90
Step 2535116/5000000 | Win rate (rollout): 0.44 | Loss: 0.037 | Opp label coverage: 0.88
Step 2535628/5000000 | Win rate (rollout): 0.23 | Loss: 0.025 | Opp label coverage: 0.79
Step 2536147/5000000 | Win rate (rollout): 0.50 | Loss: 0.056 | Opp label coverage: 0.89
Step 2536661/5000000 | Win rate (rollout): 0.45 | Loss: 0.042 | Opp label coverage: 0.91
Step 2537173/5000000 | Win rate (rollout): 0.44 | Loss: 0.030 | Opp label coverage: 0.84
Step 2537685/5000000 | Win rate (rollout): 0.50 | Loss: 0.053 | Opp label coverage: 0.90
Step 2538197/5000000 | Win rate (rollout): 0.62 | Loss: 0.031 | Opp label coverage: 0.81
Step 2538709/5000000 | Win rate (rollout): 0.60 | Loss: 0.085 | Opp label coverage: 0.82
Step 2539227/5000000 | Win rate (rollout): 0.71 | Loss: 0.044 | Opp label coverage: 0.90
Step 2539746/5000000 | Win rate (rollout): 0.40 | Loss: 0.064 | Opp label coverage: 0.91
Step 2540264/5000000 | Win rate (rollout): 0.44 | Loss: 0.008 | Opp label coverage: 0.88
Step 2540777/5000000 | Win rate (rollout): 0.50 | Loss: 0.053 | Opp label coverage: 0.91
Step 2541289/5000000 | Win rate (rollout): 0.42 | Loss: 0.074 | Opp label coverage: 0.83
Step 2541803/5000000 | Win rate (rollout): 0.67 | Loss: 0.093 | Opp label coverage: 0.89
Step 2542315/5000000 | Win rate (rollout): 0.43 | Loss: 0.047 | Opp label coverage: 0.80
Step 2542831/5000000 | Win rate (rollout): 0.50 | Loss: 0.048 | Opp label coverage: 0.90
Step 2543346/5000000 | Win rate (rollout): 0.47 | Loss: 0.073 | Opp label coverage: 0.91
Step 2543858/5000000 | Win rate (rollout): 0.30 | Loss: 0.048 | Opp label coverage: 0.80
Step 2544370/5000000 | Win rate (rollout): 0.43 | Loss: 0.054 | Opp label coverage: 0.85
Step 2544885/5000000 | Win rate (rollout): 0.30 | Loss: 0.059 | Opp label coverage: 0.88
Step 2545403/5000000 | Win rate (rollout): 0.38 | Loss: 0.029 | Opp label coverage: 0.88
Step 2545915/5000000 | Win rate (rollout): 0.44 | Loss: 0.068 | Opp label coverage: 0.83
Step 2546427/5000000 | Win rate (rollout): 0.50 | Loss: 0.057 | Opp label coverage: 0.79
Step 2546939/5000000 | Win rate (rollout): 0.73 | Loss: 0.065 | Opp label coverage: 0.79
Step 2547451/5000000 | Win rate (rollout): 0.50 | Loss: 0.070 | Opp label coverage: 0.81
Step 2547963/5000000 | Win rate (rollout): 0.38 | Loss: 0.064 | Opp label coverage: 0.90
Step 2548475/5000000 | Win rate (rollout): 0.54 | Loss: 0.056 | Opp label coverage: 0.91
Step 2548987/5000000 | Win rate (rollout): 0.42 | Loss: 0.045 | Opp label coverage: 0.82
Step 2549499/5000000 | Win rate (rollout): 0.29 | Loss: 0.029 | Opp label coverage: 0.76
Step 2550011/5000000 | Win rate (rollout): 0.21 | Loss: 0.053 | Opp label coverage: 0.82
Step 2550523/5000000 | Win rate (rollout): 0.46 | Loss: 0.063 | Opp label coverage: 0.85
Step 2551035/5000000 | Win rate (rollout): 0.25 | Loss: 0.019 | Opp label coverage: 0.79
Step 2551547/5000000 | Win rate (rollout): 0.55 | Loss: 0.070 | Opp label coverage: 0.84
Step 2552062/5000000 | Win rate (rollout): 0.40 | Loss: 0.052 | Opp label coverage: 0.89
Step 2552574/5000000 | Win rate (rollout): 0.31 | Loss: 0.047 | Opp label coverage: 0.90
Step 2553086/5000000 | Win rate (rollout): 0.27 | Loss: 0.051 | Opp label coverage: 0.81
Step 2553598/5000000 | Win rate (rollout): 0.60 | Loss: 0.064 | Opp label coverage: 0.90
Step 2554115/5000000 | Win rate (rollout): 0.55 | Loss: 0.012 | Opp label coverage: 0.90
Step 2554627/5000000 | Win rate (rollout): 0.50 | Loss: 0.047 | Opp label coverage: 0.86
Step 2555139/5000000 | Win rate (rollout): 0.46 | Loss: 0.057 | Opp label coverage: 0.82
Step 2555651/5000000 | Win rate (rollout): 0.43 | Loss: 0.026 | Opp label coverage: 0.92
Step 2556168/5000000 | Win rate (rollout): 0.33 | Loss: 0.077 | Opp label coverage: 0.91
Step 2556680/5000000 | Win rate (rollout): 0.75 | Loss: 0.058 | Opp label coverage: 0.83
Step 2557192/5000000 | Win rate (rollout): 0.71 | Loss: 0.048 | Opp label coverage: 0.78
Step 2557704/5000000 | Win rate (rollout): 0.33 | Loss: 0.066 | Opp label coverage: 0.79
Step 2558216/5000000 | Win rate (rollout): 0.69 | Loss: 0.056 | Opp label coverage: 0.82
Step 2558728/5000000 | Win rate (rollout): 0.53 | Loss: 0.074 | Opp label coverage: 0.80
Step 2559244/5000000 | Win rate (rollout): 0.25 | Loss: 0.011 | Opp label coverage: 0.89
Step 2559760/5000000 | Win rate (rollout): 0.31 | Loss: 0.047 | Opp label coverage: 0.88
Step 2560279/5000000 | Win rate (rollout): 0.43 | Loss: 0.022 | Opp label coverage: 0.91
Step 2560795/5000000 | Win rate (rollout): 0.62 | Loss: 0.054 | Opp label coverage: 0.90
Step 2561307/5000000 | Win rate (rollout): 0.57 | Loss: 0.022 | Opp label coverage: 0.85
Step 2561819/5000000 | Win rate (rollout): 0.40 | Loss: 0.053 | Opp label coverage: 0.89
Step 2562336/5000000 | Win rate (rollout): 0.38 | Loss: -0.013 | Opp label coverage: 0.90
Step 2562854/5000000 | Win rate (rollout): 0.53 | Loss: 0.058 | Opp label coverage: 0.88
Step 2563366/5000000 | Win rate (rollout): 0.27 | Loss: 0.039 | Opp label coverage: 0.85
Step 2563881/5000000 | Win rate (rollout): 0.86 | Loss: 0.013 | Opp label coverage: 0.90
Step 2564393/5000000 | Win rate (rollout): 0.50 | Loss: 0.054 | Opp label coverage: 0.78
Step 2564905/5000000 | Win rate (rollout): 0.24 | Loss: 0.091 | Opp label coverage: 0.78
Step 2565417/5000000 | Win rate (rollout): 0.47 | Loss: 0.072 | Opp label coverage: 0.83
Step 2565932/5000000 | Win rate (rollout): 0.62 | Loss: 0.047 | Opp label coverage: 0.89
Step 2566444/5000000 | Win rate (rollout): 0.43 | Loss: 0.041 | Opp label coverage: 0.80
Step 2566957/5000000 | Win rate (rollout): 0.67 | Loss: -0.040 | Opp label coverage: 0.90
Step 2567469/5000000 | Win rate (rollout): 0.46 | Loss: 0.072 | Opp label coverage: 0.78
Step 2567981/5000000 | Win rate (rollout): 0.43 | Loss: 0.037 | Opp label coverage: 0.82
Step 2568493/5000000 | Win rate (rollout): 0.36 | Loss: 0.034 | Opp label coverage: 0.78
Step 2569005/5000000 | Win rate (rollout): 0.50 | Loss: 0.040 | Opp label coverage: 0.78
Step 2569517/5000000 | Win rate (rollout): 0.70 | Loss: 0.076 | Opp label coverage: 0.81
Step 2570036/5000000 | Win rate (rollout): 0.38 | Loss: 0.063 | Opp label coverage: 0.91
Step 2570548/5000000 | Win rate (rollout): 0.40 | Loss: 0.036 | Opp label coverage: 0.84
Step 2571061/5000000 | Win rate (rollout): 0.09 | Loss: 0.102 | Opp label coverage: 0.88
Step 2571579/5000000 | Win rate (rollout): 0.64 | Loss: 0.035 | Opp label coverage: 0.91
Step 2572091/5000000 | Win rate (rollout): 0.44 | Loss: 0.048 | Opp label coverage: 0.82
Step 2572603/5000000 | Win rate (rollout): 0.56 | Loss: 0.053 | Opp label coverage: 0.74
Step 2573122/5000000 | Win rate (rollout): 0.78 | Loss: 0.049 | Opp label coverage: 0.91
Step 2573634/5000000 | Win rate (rollout): 0.31 | Loss: 0.042 | Opp label coverage: 0.82
Step 2574146/5000000 | Win rate (rollout): 0.38 | Loss: 0.028 | Opp label coverage: 0.82
Step 2574658/5000000 | Win rate (rollout): 0.36 | Loss: 0.041 | Opp label coverage: 0.81
Step 2575170/5000000 | Win rate (rollout): 0.64 | Loss: 0.084 | Opp label coverage: 0.83
Step 2575682/5000000 | Win rate (rollout): 0.20 | Loss: 0.043 | Opp label coverage: 0.77
Step 2576194/5000000 | Win rate (rollout): 0.45 | Loss: 0.037 | Opp label coverage: 0.89
Step 2576710/5000000 | Win rate (rollout): 0.55 | Loss: 0.091 | Opp label coverage: 0.89
Step 2577228/5000000 | Win rate (rollout): 0.40 | Loss: 0.066 | Opp label coverage: 0.88
Step 2577747/5000000 | Win rate (rollout): 0.46 | Loss: 0.058 | Opp label coverage: 0.91
Step 2578263/5000000 | Win rate (rollout): 0.54 | Loss: 0.070 | Opp label coverage: 0.90
Step 2578775/5000000 | Win rate (rollout): 0.50 | Loss: 0.046 | Opp label coverage: 0.81
Step 2579287/5000000 | Win rate (rollout): 0.80 | Loss: 0.055 | Opp label coverage: 0.84
Step 2579799/5000000 | Win rate (rollout): 0.47 | Loss: 0.061 | Opp label coverage: 0.83
Step 2580312/5000000 | Win rate (rollout): 0.30 | Loss: 0.198 | Opp label coverage: 0.88
Step 2580824/5000000 | Win rate (rollout): 0.62 | Loss: 0.045 | Opp label coverage: 0.91
Step 2581336/5000000 | Win rate (rollout): 0.88 | Loss: 0.036 | Opp label coverage: 0.83
Step 2581848/5000000 | Win rate (rollout): 0.33 | Loss: 0.030 | Opp label coverage: 0.91
Step 2582360/5000000 | Win rate (rollout): 0.25 | Loss: 0.051 | Opp label coverage: 0.81
Step 2582874/5000000 | Win rate (rollout): 0.57 | Loss: 0.045 | Opp label coverage: 0.91
Step 2583390/5000000 | Win rate (rollout): 0.50 | Loss: 0.062 | Opp label coverage: 0.91
Step 2583907/5000000 | Win rate (rollout): 0.42 | Loss: 0.030 | Opp label coverage: 0.91
Step 2584419/5000000 | Win rate (rollout): 0.62 | Loss: 0.049 | Opp label coverage: 0.83
Step 2584931/5000000 | Win rate (rollout): 0.42 | Loss: 0.032 | Opp label coverage: 0.81
Step 2585446/5000000 | Win rate (rollout): 0.25 | Loss: 0.090 | Opp label coverage: 0.90
Step 2585962/5000000 | Win rate (rollout): 0.50 | Loss: 0.018 | Opp label coverage: 0.91
Step 2586478/5000000 | Win rate (rollout): 0.23 | Loss: 0.019 | Opp label coverage: 0.89
Step 2586990/5000000 | Win rate (rollout): 0.62 | Loss: 0.055 | Opp label coverage: 0.81
Step 2587502/5000000 | Win rate (rollout): 0.50 | Loss: 0.061 | Opp label coverage: 0.80
Step 2588014/5000000 | Win rate (rollout): 0.44 | Loss: 0.109 | Opp label coverage: 0.81
Step 2588531/5000000 | Win rate (rollout): 0.14 | Loss: 0.067 | Opp label coverage: 0.90
Step 2589045/5000000 | Win rate (rollout): 0.31 | Loss: 0.008 | Opp label coverage: 0.91
Step 2589557/5000000 | Win rate (rollout): 0.36 | Loss: 0.027 | Opp label coverage: 0.82
Step 2590069/5000000 | Win rate (rollout): 0.38 | Loss: 0.068 | Opp label coverage: 0.87
Step 2590586/5000000 | Win rate (rollout): 0.36 | Loss: 0.047 | Opp label coverage: 0.90
Step 2591098/5000000 | Win rate (rollout): 0.29 | Loss: 0.016 | Opp label coverage: 0.83
Step 2591610/5000000 | Win rate (rollout): 0.42 | Loss: 0.060 | Opp label coverage: 0.88
Step 2592125/5000000 | Win rate (rollout): 0.27 | Loss: 0.028 | Opp label coverage: 0.90
Step 2592637/5000000 | Win rate (rollout): 0.33 | Loss: 0.042 | Opp label coverage: 0.78
Step 2593149/5000000 | Win rate (rollout): 0.19 | Loss: 0.073 | Opp label coverage: 0.79
Step 2593666/5000000 | Win rate (rollout): 0.29 | Loss: 0.039 | Opp label coverage: 0.89
Step 2594184/5000000 | Win rate (rollout): 0.29 | Loss: 0.049 | Opp label coverage: 0.90
Step 2594696/5000000 | Win rate (rollout): 0.00 | Loss: 0.010 | Opp label coverage: 0.80
Step 2595208/5000000 | Win rate (rollout): 0.00 | Loss: 0.017 | Opp label coverage: 0.81
Step 2595722/5000000 | Win rate (rollout): 0.38 | Loss: -0.018 | Opp label coverage: 0.90
Step 2596234/5000000 | Win rate (rollout): 0.25 | Loss: 0.026 | Opp label coverage: 0.86
Step 2596750/5000000 | Win rate (rollout): 0.22 | Loss: -0.008 | Opp label coverage: 0.90
Step 2597262/5000000 | Win rate (rollout): 0.17 | Loss: 0.024 | Opp label coverage: 0.83
Step 2597778/5000000 | Win rate (rollout): 0.50 | Loss: 0.075 | Opp label coverage: 0.89
Step 2598290/5000000 | Win rate (rollout): 0.10 | Loss: 0.039 | Opp label coverage: 0.77
Step 2598802/5000000 | Win rate (rollout): 0.25 | Loss: 0.041 | Opp label coverage: 0.80
Step 2599318/5000000 | Win rate (rollout): 0.56 | Loss: 0.042 | Opp label coverage: 0.92
Step 2599833/5000000 | Win rate (rollout): 0.50 | Loss: 0.081 | Opp label coverage: 0.90
Step 2600345/5000000 | Win rate (rollout): 0.17 | Loss: 0.024 | Opp label coverage: 0.81
Step 2600863/5000000 | Win rate (rollout): 0.40 | Loss: 0.017 | Opp label coverage: 0.89
Step 2601375/5000000 | Win rate (rollout): 0.36 | Loss: 0.036 | Opp label coverage: 0.83
Step 2601892/5000000 | Win rate (rollout): 0.38 | Loss: 0.043 | Opp label coverage: 0.91
Step 2602405/5000000 | Win rate (rollout): 0.07 | Loss: 0.052 | Opp label coverage: 0.89
Step 2602920/5000000 | Win rate (rollout): 0.17 | Loss: 0.124 | Opp label coverage: 0.88
Step 2603432/5000000 | Win rate (rollout): 0.27 | Loss: 0.047 | Opp label coverage: 0.81
Step 2603949/5000000 | Win rate (rollout): 0.44 | Loss: 0.035 | Opp label coverage: 0.90
Step 2604461/5000000 | Win rate (rollout): 0.80 | Loss: 0.061 | Opp label coverage: 0.82
Step 2604973/5000000 | Win rate (rollout): 0.46 | Loss: 0.051 | Opp label coverage: 0.83
Step 2605485/5000000 | Win rate (rollout): 0.50 | Loss: 0.023 | Opp label coverage: 0.83
Step 2606001/5000000 | Win rate (rollout): 0.40 | Loss: 0.053 | Opp label coverage: 0.91
Step 2606513/5000000 | Win rate (rollout): 0.17 | Loss: 0.082 | Opp label coverage: 0.82
Step 2607025/5000000 | Win rate (rollout): 0.22 | Loss: 0.026 | Opp label coverage: 0.89
Step 2607537/5000000 | Win rate (rollout): 0.58 | Loss: 0.034 | Opp label coverage: 0.92
Step 2608051/5000000 | Win rate (rollout): 0.50 | Loss: 0.028 | Opp label coverage: 0.93
Step 2608567/5000000 | Win rate (rollout): 0.87 | Loss: 0.045 | Opp label coverage: 0.91
Step 2609079/5000000 | Win rate (rollout): 0.43 | Loss: 0.027 | Opp label coverage: 0.84
Step 2609591/5000000 | Win rate (rollout): 0.33 | Loss: 0.065 | Opp label coverage: 0.83
Step 2610103/5000000 | Win rate (rollout): 0.22 | Loss: 0.045 | Opp label coverage: 0.84
Step 2610615/5000000 | Win rate (rollout): 0.40 | Loss: 0.038 | Opp label coverage: 0.84
Step 2611127/5000000 | Win rate (rollout): 0.31 | Loss: 0.046 | Opp label coverage: 0.82
Step 2611640/5000000 | Win rate (rollout): 0.30 | Loss: 0.015 | Opp label coverage: 0.90
Step 2612152/5000000 | Win rate (rollout): 0.50 | Loss: 0.055 | Opp label coverage: 0.81
Step 2612664/5000000 | Win rate (rollout): 0.53 | Loss: 0.039 | Opp label coverage: 0.85
Step 2613180/5000000 | Win rate (rollout): 0.38 | Loss: 0.039 | Opp label coverage: 0.91
Step 2613692/5000000 | Win rate (rollout): 0.50 | Loss: 0.063 | Opp label coverage: 0.81
Step 2614209/5000000 | Win rate (rollout): 0.27 | Loss: 0.110 | Opp label coverage: 0.89
Step 2614726/5000000 | Win rate (rollout): 0.62 | Loss: 0.076 | Opp label coverage: 0.92
Step 2615243/5000000 | Win rate (rollout): 0.36 | Loss: 0.050 | Opp label coverage: 0.90
Step 2615755/5000000 | Win rate (rollout): 0.50 | Loss: 0.042 | Opp label coverage: 0.84
Step 2616270/5000000 | Win rate (rollout): 0.75 | Loss: 0.124 | Opp label coverage: 0.92
Step 2616786/5000000 | Win rate (rollout): 0.69 | Loss: 0.021 | Opp label coverage: 0.92
Step 2617301/5000000 | Win rate (rollout): 0.47 | Loss: 0.041 | Opp label coverage: 0.89
Step 2617813/5000000 | Win rate (rollout): 0.22 | Loss: 0.063 | Opp label coverage: 0.74
Step 2618331/5000000 | Win rate (rollout): 0.60 | Loss: 0.091 | Opp label coverage: 0.89
Step 2618843/5000000 | Win rate (rollout): 0.25 | Loss: 0.051 | Opp label coverage: 0.90
Step 2619355/5000000 | Win rate (rollout): 0.56 | Loss: 0.055 | Opp label coverage: 0.84
Step 2619872/5000000 | Win rate (rollout): 0.88 | Loss: 0.035 | Opp label coverage: 0.92
Step 2620384/5000000 | Win rate (rollout): 0.40 | Loss: 0.041 | Opp label coverage: 0.82
Step 2620899/5000000 | Win rate (rollout): 0.57 | Loss: -0.025 | Opp label coverage: 0.91
Step 2621412/5000000 | Win rate (rollout): 0.31 | Loss: 0.071 | Opp label coverage: 0.90
Step 2621927/5000000 | Win rate (rollout): 0.64 | Loss: 0.044 | Opp label coverage: 0.90
Step 2622439/5000000 | Win rate (rollout): 0.42 | Loss: 0.063 | Opp label coverage: 0.85
Step 2622955/5000000 | Win rate (rollout): 0.56 | Loss: 0.008 | Opp label coverage: 0.90
Step 2623467/5000000 | Win rate (rollout): 0.50 | Loss: 0.058 | Opp label coverage: 0.77
Step 2623979/5000000 | Win rate (rollout): 0.33 | Loss: 0.087 | Opp label coverage: 0.89
Step 2624497/5000000 | Win rate (rollout): 0.53 | Loss: 0.095 | Opp label coverage: 0.93
Step 2625010/5000000 | Win rate (rollout): 0.50 | Loss: 0.111 | Opp label coverage: 0.92
Step 2625527/5000000 | Win rate (rollout): 0.57 | Loss: 0.017 | Opp label coverage: 0.90
Step 2626043/5000000 | Win rate (rollout): 0.31 | Loss: 0.046 | Opp label coverage: 0.90
Step 2626559/5000000 | Win rate (rollout): 0.53 | Loss: 0.103 | Opp label coverage: 0.90
Step 2627074/5000000 | Win rate (rollout): 0.29 | Loss: 0.118 | Opp label coverage: 0.89
Step 2627590/5000000 | Win rate (rollout): 0.55 | Loss: 0.091 | Opp label coverage: 0.91
Step 2628102/5000000 | Win rate (rollout): 0.44 | Loss: 0.052 | Opp label coverage: 0.80
Step 2628614/5000000 | Win rate (rollout): 0.58 | Loss: 0.046 | Opp label coverage: 0.87
Step 2629132/5000000 | Win rate (rollout): 0.75 | Loss: 0.075 | Opp label coverage: 0.90
Step 2629647/5000000 | Win rate (rollout): 0.47 | Loss: 0.014 | Opp label coverage: 0.93
Step 2630159/5000000 | Win rate (rollout): 0.56 | Loss: 0.026 | Opp label coverage: 0.86
Step 2630673/5000000 | Win rate (rollout): 0.40 | Loss: 0.067 | Opp label coverage: 0.89
Step 2631186/5000000 | Win rate (rollout): 0.57 | Loss: 0.079 | Opp label coverage: 0.91
Step 2631698/5000000 | Win rate (rollout): 0.14 | Loss: 0.031 | Opp label coverage: 0.80
Step 2632212/5000000 | Win rate (rollout): 0.45 | Loss: -0.041 | Opp label coverage: 0.90
Step 2632724/5000000 | Win rate (rollout): 0.18 | Loss: 0.036 | Opp label coverage: 0.79
Step 2633236/5000000 | Win rate (rollout): 0.24 | Loss: 0.083 | Opp label coverage: 0.80
Step 2633748/5000000 | Win rate (rollout): 0.27 | Loss: 0.067 | Opp label coverage: 0.83
Step 2634266/5000000 | Win rate (rollout): 0.25 | Loss: 0.032 | Opp label coverage: 0.90
Step 2634779/5000000 | Win rate (rollout): 0.50 | Loss: 0.076 | Opp label coverage: 0.89
Step 2635291/5000000 | Win rate (rollout): 0.46 | Loss: 0.067 | Opp label coverage: 0.81
Step 2635803/5000000 | Win rate (rollout): 0.29 | Loss: 0.037 | Opp label coverage: 0.80
Step 2636315/5000000 | Win rate (rollout): 0.27 | Loss: 0.032 | Opp label coverage: 0.78
Step 2636827/5000000 | Win rate (rollout): 0.38 | Loss: 0.036 | Opp label coverage: 0.86
Step 2637339/5000000 | Win rate (rollout): 0.44 | Loss: 0.047 | Opp label coverage: 0.81
Step 2637851/5000000 | Win rate (rollout): 0.20 | Loss: 0.019 | Opp label coverage: 0.89
Step 2638363/5000000 | Win rate (rollout): 0.42 | Loss: 0.087 | Opp label coverage: 0.84
Step 2638876/5000000 | Win rate (rollout): 0.56 | Loss: 0.160 | Opp label coverage: 0.92
Step 2639388/5000000 | Win rate (rollout): 0.50 | Loss: 0.037 | Opp label coverage: 0.91
Step 2639900/5000000 | Win rate (rollout): 0.31 | Loss: 0.087 | Opp label coverage: 0.81
Step 2640416/5000000 | Win rate (rollout): 0.50 | Loss: 0.087 | Opp label coverage: 0.90
Step 2640932/5000000 | Win rate (rollout): 0.44 | Loss: 0.019 | Opp label coverage: 0.90
Step 2641444/5000000 | Win rate (rollout): 0.62 | Loss: 0.072 | Opp label coverage: 0.80
Step 2641956/5000000 | Win rate (rollout): 0.44 | Loss: 0.056 | Opp label coverage: 0.81
Step 2642468/5000000 | Win rate (rollout): 0.38 | Loss: 0.047 | Opp label coverage: 0.85
Step 2642980/5000000 | Win rate (rollout): 0.38 | Loss: 0.080 | Opp label coverage: 0.80
Step 2643492/5000000 | Win rate (rollout): 0.38 | Loss: 0.028 | Opp label coverage: 0.83
Step 2644010/5000000 | Win rate (rollout): 0.27 | Loss: 0.033 | Opp label coverage: 0.88
Step 2644527/5000000 | Win rate (rollout): 0.50 | Loss: 0.020 | Opp label coverage: 0.90
Step 2645039/5000000 | Win rate (rollout): 0.40 | Loss: 0.044 | Opp label coverage: 0.79
Step 2645551/5000000 | Win rate (rollout): 0.33 | Loss: 0.035 | Opp label coverage: 0.80
Step 2646063/5000000 | Win rate (rollout): 0.31 | Loss: 0.030 | Opp label coverage: 0.83
Step 2646575/5000000 | Win rate (rollout): 0.33 | Loss: 0.075 | Opp label coverage: 0.88
Step 2647087/5000000 | Win rate (rollout): 0.22 | Loss: 0.056 | Opp label coverage: 0.80
Step 2647599/5000000 | Win rate (rollout): 0.44 | Loss: 0.044 | Opp label coverage: 0.84
Step 2648111/5000000 | Win rate (rollout): 0.24 | Loss: 0.036 | Opp label coverage: 0.86
Step 2648623/5000000 | Win rate (rollout): 0.33 | Loss: 0.052 | Opp label coverage: 0.89
Step 2649135/5000000 | Win rate (rollout): 0.33 | Loss: 0.037 | Opp label coverage: 0.85
Step 2649648/5000000 | Win rate (rollout): 0.54 | Loss: 0.082 | Opp label coverage: 0.89
Step 2650160/5000000 | Win rate (rollout): 0.27 | Loss: 0.059 | Opp label coverage: 0.85
Step 2650676/5000000 | Win rate (rollout): 0.40 | Loss: 0.051 | Opp label coverage: 0.89
Step 2651192/5000000 | Win rate (rollout): 0.43 | Loss: 0.030 | Opp label coverage: 0.91
Step 2651704/5000000 | Win rate (rollout): 0.62 | Loss: 0.085 | Opp label coverage: 0.83
Step 2652217/5000000 | Win rate (rollout): 0.55 | Loss: 0.053 | Opp label coverage: 0.89
Step 2652736/5000000 | Win rate (rollout): 0.57 | Loss: 0.079 | Opp label coverage: 0.91
Step 2653248/5000000 | Win rate (rollout): 0.60 | Loss: 0.061 | Opp label coverage: 0.75
Step 2653765/5000000 | Win rate (rollout): 0.50 | Loss: 0.060 | Opp label coverage: 0.89
Step 2654281/5000000 | Win rate (rollout): 0.40 | Loss: 0.061 | Opp label coverage: 0.89
Step 2654793/5000000 | Win rate (rollout): 0.77 | Loss: 0.053 | Opp label coverage: 0.90
Step 2655310/5000000 | Win rate (rollout): 0.33 | Loss: 0.061 | Opp label coverage: 0.89
Step 2655828/5000000 | Win rate (rollout): 0.31 | Loss: 0.035 | Opp label coverage: 0.92
Step 2656345/5000000 | Win rate (rollout): 0.40 | Loss: 0.008 | Opp label coverage: 0.91
Step 2656860/5000000 | Win rate (rollout): 0.47 | Loss: 0.091 | Opp label coverage: 0.88
Step 2657373/5000000 | Win rate (rollout): 0.42 | Loss: 0.013 | Opp label coverage: 0.89
Step 2657885/5000000 | Win rate (rollout): 0.58 | Loss: 0.051 | Opp label coverage: 0.77
Step 2658397/5000000 | Win rate (rollout): 0.40 | Loss: 0.047 | Opp label coverage: 0.82
Step 2658909/5000000 | Win rate (rollout): 0.44 | Loss: 0.036 | Opp label coverage: 0.90
Step 2659421/5000000 | Win rate (rollout): 0.31 | Loss: 0.069 | Opp label coverage: 0.81
Step 2659933/5000000 | Win rate (rollout): 0.40 | Loss: 0.048 | Opp label coverage: 0.77
Step 2660445/5000000 | Win rate (rollout): 0.67 | Loss: 0.073 | Opp label coverage: 0.78
Step 2660958/5000000 | Win rate (rollout): 0.38 | Loss: 0.041 | Opp label coverage: 0.90
Step 2661477/5000000 | Win rate (rollout): 0.40 | Loss: 0.062 | Opp label coverage: 0.91
Step 2661996/5000000 | Win rate (rollout): 0.58 | Loss: 0.050 | Opp label coverage: 0.90
Step 2662511/5000000 | Win rate (rollout): 0.31 | Loss: 0.035 | Opp label coverage: 0.89
Step 2663024/5000000 | Win rate (rollout): 0.50 | Loss: 0.035 | Opp label coverage: 0.93
Step 2663542/5000000 | Win rate (rollout): 0.60 | Loss: 0.091 | Opp label coverage: 0.92
Step 2664054/5000000 | Win rate (rollout): 0.33 | Loss: 0.034 | Opp label coverage: 0.81
Step 2664573/5000000 | Win rate (rollout): 0.56 | Loss: 0.014 | Opp label coverage: 0.90
Step 2665089/5000000 | Win rate (rollout): 0.57 | Loss: 0.064 | Opp label coverage: 0.91
Step 2665607/5000000 | Win rate (rollout): 0.55 | Loss: 0.030 | Opp label coverage: 0.91
Step 2666119/5000000 | Win rate (rollout): 0.45 | Loss: 0.078 | Opp label coverage: 0.79
Step 2666631/5000000 | Win rate (rollout): 0.25 | Loss: 0.065 | Opp label coverage: 0.82
Step 2667143/5000000 | Win rate (rollout): 0.11 | Loss: 0.040 | Opp label coverage: 0.80
Step 2667661/5000000 | Win rate (rollout): 0.64 | Loss: 0.055 | Opp label coverage: 0.90
Step 2668173/5000000 | Win rate (rollout): 0.29 | Loss: 0.046 | Opp label coverage: 0.80
Step 2668685/5000000 | Win rate (rollout): 0.33 | Loss: 0.028 | Opp label coverage: 0.79
Step 2669197/5000000 | Win rate (rollout): 0.44 | Loss: 0.053 | Opp label coverage: 0.90
Step 2669710/5000000 | Win rate (rollout): 0.55 | Loss: -0.048 | Opp label coverage: 0.91
Step 2670222/5000000 | Win rate (rollout): 0.20 | Loss: 0.049 | Opp label coverage: 0.87
Step 2670734/5000000 | Win rate (rollout): 0.50 | Loss: 0.056 | Opp label coverage: 0.81
Step 2671252/5000000 | Win rate (rollout): 0.18 | Loss: 0.079 | Opp label coverage: 0.88
Step 2671767/5000000 | Win rate (rollout): 0.62 | Loss: 0.079 | Opp label coverage: 0.89
Step 2672281/5000000 | Win rate (rollout): 0.42 | Loss: 0.025 | Opp label coverage: 0.89
Step 2672793/5000000 | Win rate (rollout): 0.64 | Loss: 0.057 | Opp label coverage: 0.79
Step 2673311/5000000 | Win rate (rollout): 0.12 | Loss: 0.064 | Opp label coverage: 0.89
Step 2673826/5000000 | Win rate (rollout): 0.23 | Loss: 0.005 | Opp label coverage: 0.90
Step 2674340/5000000 | Win rate (rollout): 0.57 | Loss: -0.010 | Opp label coverage: 0.89
Step 2674852/5000000 | Win rate (rollout): 0.50 | Loss: 0.029 | Opp label coverage: 0.81
Step 2675370/5000000 | Win rate (rollout): 0.44 | Loss: -0.002 | Opp label coverage: 0.91
Step 2675882/5000000 | Win rate (rollout): 0.11 | Loss: 0.017 | Opp label coverage: 0.86
Step 2676397/5000000 | Win rate (rollout): 0.40 | Loss: 0.063 | Opp label coverage: 0.89
Step 2676909/5000000 | Win rate (rollout): 0.43 | Loss: 0.079 | Opp label coverage: 0.80
Step 2677426/5000000 | Win rate (rollout): 0.20 | Loss: 0.017 | Opp label coverage: 0.88
Step 2677938/5000000 | Win rate (rollout): 0.50 | Loss: 0.066 | Opp label coverage: 0.81
Step 2678450/5000000 | Win rate (rollout): 0.58 | Loss: 0.068 | Opp label coverage: 0.78
Step 2678967/5000000 | Win rate (rollout): 0.50 | Loss: 0.061 | Opp label coverage: 0.90
Step 2679479/5000000 | Win rate (rollout): 1.00 | Loss: 0.077 | Opp label coverage: 0.84
Step 2679991/5000000 | Win rate (rollout): 0.62 | Loss: 0.042 | Opp label coverage: 0.75
Step 2680507/5000000 | Win rate (rollout): 0.80 | Loss: 0.012 | Opp label coverage: 0.91
Step 2681019/5000000 | Win rate (rollout): 0.70 | Loss: 0.049 | Opp label coverage: 0.91
Step 2681531/5000000 | Win rate (rollout): 0.33 | Loss: 0.079 | Opp label coverage: 0.81
Step 2682047/5000000 | Win rate (rollout): 0.55 | Loss: 0.085 | Opp label coverage: 0.90
Step 2682563/5000000 | Win rate (rollout): 0.33 | Loss: 0.067 | Opp label coverage: 0.89
Step 2683075/5000000 | Win rate (rollout): 0.29 | Loss: 0.067 | Opp label coverage: 0.81
Step 2683591/5000000 | Win rate (rollout): 0.22 | Loss: 0.018 | Opp label coverage: 0.89
Step 2684110/5000000 | Win rate (rollout): 0.54 | Loss: 0.070 | Opp label coverage: 0.90
Step 2684627/5000000 | Win rate (rollout): 0.29 | Loss: 0.039 | Opp label coverage: 0.89
Step 2685140/5000000 | Win rate (rollout): 0.33 | Loss: -0.009 | Opp label coverage: 0.89
Step 2685652/5000000 | Win rate (rollout): 0.44 | Loss: 0.054 | Opp label coverage: 0.77
Step 2686164/5000000 | Win rate (rollout): 0.33 | Loss: 0.058 | Opp label coverage: 0.81
Step 2686676/5000000 | Win rate (rollout): 0.41 | Loss: 0.108 | Opp label coverage: 0.82
Step 2687188/5000000 | Win rate (rollout): 0.14 | Loss: 0.038 | Opp label coverage: 0.81
Step 2687702/5000000 | Win rate (rollout): 0.67 | Loss: -0.016 | Opp label coverage: 0.89
Step 2688215/5000000 | Win rate (rollout): 0.47 | Loss: 0.070 | Opp label coverage: 0.88
Step 2688727/5000000 | Win rate (rollout): 0.15 | Loss: 0.036 | Opp label coverage: 0.90
Step 2689241/5000000 | Win rate (rollout): 0.69 | Loss: 0.042 | Opp label coverage: 0.90
Step 2689755/5000000 | Win rate (rollout): 0.67 | Loss: 0.047 | Opp label coverage: 0.91
Step 2690267/5000000 | Win rate (rollout): 0.38 | Loss: 0.048 | Opp label coverage: 0.80
Step 2690779/5000000 | Win rate (rollout): 0.40 | Loss: 0.059 | Opp label coverage: 0.82
Step 2691293/5000000 | Win rate (rollout): 0.55 | Loss: 0.041 | Opp label coverage: 0.90
Step 2691807/5000000 | Win rate (rollout): 0.54 | Loss: 0.079 | Opp label coverage: 0.89
Step 2692321/5000000 | Win rate (rollout): 0.77 | Loss: 0.112 | Opp label coverage: 0.90
Step 2692833/5000000 | Win rate (rollout): 0.58 | Loss: 0.084 | Opp label coverage: 0.81
Step 2693345/5000000 | Win rate (rollout): 0.07 | Loss: 0.058 | Opp label coverage: 0.80
Step 2693857/5000000 | Win rate (rollout): 0.44 | Loss: 0.074 | Opp label coverage: 0.82
Step 2694369/5000000 | Win rate (rollout): 0.55 | Loss: 0.050 | Opp label coverage: 0.89
Step 2694881/5000000 | Win rate (rollout): 0.42 | Loss: 0.034 | Opp label coverage: 0.90
Step 2695393/5000000 | Win rate (rollout): 0.33 | Loss: 0.037 | Opp label coverage: 0.79
Step 2695908/5000000 | Win rate (rollout): 0.18 | Loss: 0.006 | Opp label coverage: 0.88
Step 2696420/5000000 | Win rate (rollout): 0.38 | Loss: 0.016 | Opp label coverage: 0.87
Step 2696937/5000000 | Win rate (rollout): 0.62 | Loss: 0.057 | Opp label coverage: 0.89
Step 2697449/5000000 | Win rate (rollout): 0.17 | Loss: 0.033 | Opp label coverage: 0.77
Step 2697961/5000000 | Win rate (rollout): 0.23 | Loss: 0.037 | Opp label coverage: 0.80
Step 2698475/5000000 | Win rate (rollout): 0.62 | Loss: 0.015 | Opp label coverage: 0.91
Step 2698990/5000000 | Win rate (rollout): 0.67 | Loss: 0.016 | Opp label coverage: 0.90
Step 2699502/5000000 | Win rate (rollout): 0.38 | Loss: 0.053 | Opp label coverage: 0.80
Step 2700018/5000000 | Win rate (rollout): 0.22 | Loss: 0.069 | Opp label coverage: 0.89
Step 2700530/5000000 | Win rate (rollout): 0.54 | Loss: 0.094 | Opp label coverage: 0.81
Step 2701042/5000000 | Win rate (rollout): 0.78 | Loss: 0.038 | Opp label coverage: 0.90
Step 2701558/5000000 | Win rate (rollout): 0.33 | Loss: 0.007 | Opp label coverage: 0.90
Step 2702070/5000000 | Win rate (rollout): 0.25 | Loss: 0.023 | Opp label coverage: 0.79
Step 2702586/5000000 | Win rate (rollout): 0.44 | Loss: 0.076 | Opp label coverage: 0.90
Step 2703099/5000000 | Win rate (rollout): 0.54 | Loss: 0.066 | Opp label coverage: 0.91
Step 2703616/5000000 | Win rate (rollout): 0.55 | Loss: 0.081 | Opp label coverage: 0.91
Step 2704128/5000000 | Win rate (rollout): 0.42 | Loss: 0.067 | Opp label coverage: 0.78
Step 2704646/5000000 | Win rate (rollout): 0.33 | Loss: 0.044 | Opp label coverage: 0.88
Step 2705158/5000000 | Win rate (rollout): 0.55 | Loss: 0.080 | Opp label coverage: 0.78
Step 2705670/5000000 | Win rate (rollout): 0.31 | Loss: 0.052 | Opp label coverage: 0.74
Step 2706182/5000000 | Win rate (rollout): 0.50 | Loss: 0.046 | Opp label coverage: 0.86
Step 2706696/5000000 | Win rate (rollout): 0.55 | Loss: 0.102 | Opp label coverage: 0.88
Step 2707208/5000000 | Win rate (rollout): 0.23 | Loss: 0.065 | Opp label coverage: 0.83
Step 2707720/5000000 | Win rate (rollout): 0.64 | Loss: 0.048 | Opp label coverage: 0.85
Step 2708232/5000000 | Win rate (rollout): 0.21 | Loss: 0.069 | Opp label coverage: 0.85
Step 2708751/5000000 | Win rate (rollout): 0.73 | Loss: 0.083 | Opp label coverage: 0.91
Step 2709266/5000000 | Win rate (rollout): 0.70 | Loss: 0.034 | Opp label coverage: 0.90
Step 2709778/5000000 | Win rate (rollout): 0.43 | Loss: 0.028 | Opp label coverage: 0.84
Step 2710292/5000000 | Win rate (rollout): 0.40 | Loss: 0.092 | Opp label coverage: 0.90
Step 2710804/5000000 | Win rate (rollout): 0.50 | Loss: 0.063 | Opp label coverage: 0.85
Step 2711316/5000000 | Win rate (rollout): 0.36 | Loss: 0.051 | Opp label coverage: 0.89
Step 2711828/5000000 | Win rate (rollout): 0.75 | Loss: 0.077 | Opp label coverage: 0.82
Step 2712340/5000000 | Win rate (rollout): 0.36 | Loss: 0.022 | Opp label coverage: 0.86
Step 2712855/5000000 | Win rate (rollout): 0.44 | Loss: 0.019 | Opp label coverage: 0.88
Step 2713367/5000000 | Win rate (rollout): 0.75 | Loss: 0.063 | Opp label coverage: 0.86
Step 2713879/5000000 | Win rate (rollout): 0.36 | Loss: 0.081 | Opp label coverage: 0.80
Step 2714397/5000000 | Win rate (rollout): 0.50 | Loss: 0.077 | Opp label coverage: 0.90
Step 2714912/5000000 | Win rate (rollout): 0.64 | Loss: 0.020 | Opp label coverage: 0.92
Step 2715429/5000000 | Win rate (rollout): 0.69 | Loss: 0.050 | Opp label coverage: 0.91
Step 2715947/5000000 | Win rate (rollout): 0.55 | Loss: 0.100 | Opp label coverage: 0.89
Step 2716459/5000000 | Win rate (rollout): 0.62 | Loss: 0.071 | Opp label coverage: 0.82
Step 2716971/5000000 | Win rate (rollout): 0.43 | Loss: 0.065 | Opp label coverage: 0.79
Step 2717484/5000000 | Win rate (rollout): 0.22 | Loss: -0.054 | Opp label coverage: 0.89
Step 2717996/5000000 | Win rate (rollout): 0.57 | Loss: 0.062 | Opp label coverage: 0.83
Step 2718508/5000000 | Win rate (rollout): 0.17 | Loss: 0.026 | Opp label coverage: 0.80
Step 2719020/5000000 | Win rate (rollout): 0.23 | Loss: 0.080 | Opp label coverage: 0.77
Step 2719532/5000000 | Win rate (rollout): 0.27 | Loss: 0.043 | Opp label coverage: 0.82
Step 2720044/5000000 | Win rate (rollout): 0.47 | Loss: 0.050 | Opp label coverage: 0.82
Step 2720562/5000000 | Win rate (rollout): 0.43 | Loss: 0.052 | Opp label coverage: 0.91
Step 2721079/5000000 | Win rate (rollout): 0.43 | Loss: 0.015 | Opp label coverage: 0.91
Step 2721591/5000000 | Win rate (rollout): 0.15 | Loss: 0.054 | Opp label coverage: 0.81
Step 2722103/5000000 | Win rate (rollout): 0.37 | Loss: 0.057 | Opp label coverage: 0.85
Step 2722615/5000000 | Win rate (rollout): 0.40 | Loss: 0.069 | Opp label coverage: 0.84
Step 2723133/5000000 | Win rate (rollout): 0.38 | Loss: 0.034 | Opp label coverage: 0.90
Step 2723651/5000000 | Win rate (rollout): 0.53 | Loss: 0.019 | Opp label coverage: 0.90
Step 2724163/5000000 | Win rate (rollout): 0.46 | Loss: 0.047 | Opp label coverage: 0.78
Step 2724675/5000000 | Win rate (rollout): 0.57 | Loss: 0.023 | Opp label coverage: 0.85
Step 2725187/5000000 | Win rate (rollout): 0.62 | Loss: 0.079 | Opp label coverage: 0.85
Step 2725700/5000000 | Win rate (rollout): 0.44 | Loss: -0.024 | Opp label coverage: 0.91
Step 2726216/5000000 | Win rate (rollout): 0.50 | Loss: 0.036 | Opp label coverage: 0.90
Step 2726728/5000000 | Win rate (rollout): 0.50 | Loss: 0.031 | Opp label coverage: 0.80
Step 2727240/5000000 | Win rate (rollout): 0.36 | Loss: 0.064 | Opp label coverage: 0.82
Step 2727752/5000000 | Win rate (rollout): 0.23 | Loss: 0.040 | Opp label coverage: 0.82
Step 2728268/5000000 | Win rate (rollout): 0.67 | Loss: 0.055 | Opp label coverage: 0.91
Step 2728783/5000000 | Win rate (rollout): 0.62 | Loss: 0.101 | Opp label coverage: 0.91
Step 2729295/5000000 | Win rate (rollout): 0.50 | Loss: 0.035 | Opp label coverage: 0.80
Step 2729807/5000000 | Win rate (rollout): 0.21 | Loss: 0.048 | Opp label coverage: 0.81
Step 2730320/5000000 | Win rate (rollout): 0.30 | Loss: 0.042 | Opp label coverage: 0.90
Step 2730833/5000000 | Win rate (rollout): 0.54 | Loss: 0.149 | Opp label coverage: 0.90
Step 2731345/5000000 | Win rate (rollout): 0.25 | Loss: 0.053 | Opp label coverage: 0.79
Step 2731859/5000000 | Win rate (rollout): 0.67 | Loss: 0.069 | Opp label coverage: 0.90
Step 2732371/5000000 | Win rate (rollout): 0.62 | Loss: 0.027 | Opp label coverage: 0.79
Step 2732883/5000000 | Win rate (rollout): 0.31 | Loss: 0.038 | Opp label coverage: 0.82
Step 2733399/5000000 | Win rate (rollout): 0.40 | Loss: 0.089 | Opp label coverage: 0.88
Step 2733911/5000000 | Win rate (rollout): 0.45 | Loss: 0.038 | Opp label coverage: 0.80
Step 2734428/5000000 | Win rate (rollout): 0.44 | Loss: 0.115 | Opp label coverage: 0.90
Step 2734942/5000000 | Win rate (rollout): 0.29 | Loss: 0.050 | Opp label coverage: 0.89
Step 2735460/5000000 | Win rate (rollout): 0.29 | Loss: 0.052 | Opp label coverage: 0.89
Step 2735972/5000000 | Win rate (rollout): 0.36 | Loss: 0.054 | Opp label coverage: 0.83
Step 2736484/5000000 | Win rate (rollout): 0.83 | Loss: 0.067 | Opp label coverage: 0.76
Step 2737000/5000000 | Win rate (rollout): 0.40 | Loss: 0.000 | Opp label coverage: 0.90
Step 2737512/5000000 | Win rate (rollout): 0.22 | Loss: 0.038 | Opp label coverage: 0.85
Step 2738027/5000000 | Win rate (rollout): 0.12 | Loss: 0.056 | Opp label coverage: 0.90
Step 2738539/5000000 | Win rate (rollout): 0.62 | Loss: 0.059 | Opp label coverage: 0.83
Step 2739054/5000000 | Win rate (rollout): 0.38 | Loss: 0.026 | Opp label coverage: 0.90
Step 2739566/5000000 | Win rate (rollout): 0.25 | Loss: 0.029 | Opp label coverage: 0.76
Step 2740078/5000000 | Win rate (rollout): 0.57 | Loss: 0.057 | Opp label coverage: 0.83
Step 2740592/5000000 | Win rate (rollout): 0.43 | Loss: 0.020 | Opp label coverage: 0.91
Step 2741104/5000000 | Win rate (rollout): 0.00 | Loss: 0.035 | Opp label coverage: 0.85
Step 2741621/5000000 | Win rate (rollout): 0.62 | Loss: 0.103 | Opp label coverage: 0.90
Step 2742133/5000000 | Win rate (rollout): 0.30 | Loss: 0.060 | Opp label coverage: 0.75
Step 2742651/5000000 | Win rate (rollout): 0.36 | Loss: 0.056 | Opp label coverage: 0.89
Step 2743167/5000000 | Win rate (rollout): 0.29 | Loss: 0.053 | Opp label coverage: 0.88
Step 2743679/5000000 | Win rate (rollout): 0.50 | Loss: 0.065 | Opp label coverage: 0.82
Step 2744192/5000000 | Win rate (rollout): 0.38 | Loss: 0.010 | Opp label coverage: 0.91
Step 2744704/5000000 | Win rate (rollout): 0.30 | Loss: 0.042 | Opp label coverage: 0.84
Step 2745223/5000000 | Win rate (rollout): 0.36 | Loss: 0.023 | Opp label coverage: 0.88
Step 2745735/5000000 | Win rate (rollout): 0.56 | Loss: 0.040 | Opp label coverage: 0.81
Step 2746247/5000000 | Win rate (rollout): 0.28 | Loss: 0.075 | Opp label coverage: 0.79
Step 2746763/5000000 | Win rate (rollout): 0.33 | Loss: 0.034 | Opp label coverage: 0.91
Step 2747275/5000000 | Win rate (rollout): 0.57 | Loss: 0.073 | Opp label coverage: 0.90
Step 2747787/5000000 | Win rate (rollout): 0.33 | Loss: 0.043 | Opp label coverage: 0.83
Step 2748302/5000000 | Win rate (rollout): 0.25 | Loss: 0.034 | Opp label coverage: 0.90
Step 2748815/5000000 | Win rate (rollout): 0.47 | Loss: 0.068 | Opp label coverage: 0.90
Step 2749328/5000000 | Win rate (rollout): 0.50 | Loss: 0.034 | Opp label coverage: 0.91
Step 2749841/5000000 | Win rate (rollout): 0.42 | Loss: 0.047 | Opp label coverage: 0.88
[checkpoint] Saved models/ppo/checkpoints/bcft/ppo_step_2750041.pt
Step 2750353/5000000 | Win rate (rollout): 0.36 | Loss: 0.052 | Opp label coverage: 0.82
Step 2750868/5000000 | Win rate (rollout): 0.67 | Loss: 0.010 | Opp label coverage: 0.91
Step 2751380/5000000 | Win rate (rollout): 0.15 | Loss: 0.072 | Opp label coverage: 0.79
Step 2751892/5000000 | Win rate (rollout): 0.25 | Loss: 0.020 | Opp label coverage: 0.92
Step 2752404/5000000 | Win rate (rollout): 0.23 | Loss: 0.028 | Opp label coverage: 0.77
Step 2752916/5000000 | Win rate (rollout): 0.62 | Loss: 0.065 | Opp label coverage: 0.83
Step 2753430/5000000 | Win rate (rollout): 0.57 | Loss: 0.045 | Opp label coverage: 0.92
Step 2753942/5000000 | Win rate (rollout): 0.10 | Loss: 0.021 | Opp label coverage: 0.79
Step 2754454/5000000 | Win rate (rollout): 0.40 | Loss: 0.031 | Opp label coverage: 0.80
Step 2754966/5000000 | Win rate (rollout): 0.20 | Loss: 0.052 | Opp label coverage: 0.76
Step 2755478/5000000 | Win rate (rollout): 0.56 | Loss: 0.070 | Opp label coverage: 0.79
Step 2755990/5000000 | Win rate (rollout): 0.36 | Loss: 0.057 | Opp label coverage: 0.77
Step 2756502/5000000 | Win rate (rollout): 0.78 | Loss: 0.056 | Opp label coverage: 0.83
Step 2757020/5000000 | Win rate (rollout): 0.62 | Loss: 0.077 | Opp label coverage: 0.91
Step 2757532/5000000 | Win rate (rollout): 0.46 | Loss: 0.047 | Opp label coverage: 0.79
Step 2758047/5000000 | Win rate (rollout): 0.12 | Loss: 0.063 | Opp label coverage: 0.90
Step 2758565/5000000 | Win rate (rollout): 0.40 | Loss: 0.034 | Opp label coverage: 0.89
Step 2759077/5000000 | Win rate (rollout): 0.44 | Loss: 0.037 | Opp label coverage: 0.75
Step 2759589/5000000 | Win rate (rollout): 0.29 | Loss: 0.028 | Opp label coverage: 0.83
Step 2760101/5000000 | Win rate (rollout): 0.50 | Loss: 0.058 | Opp label coverage: 0.78
Step 2760613/5000000 | Win rate (rollout): 0.40 | Loss: 0.039 | Opp label coverage: 0.85
Step 2761125/5000000 | Win rate (rollout): 0.50 | Loss: 0.029 | Opp label coverage: 0.79
Step 2761640/5000000 | Win rate (rollout): 0.30 | Loss: 0.041 | Opp label coverage: 0.90
Step 2762157/5000000 | Win rate (rollout): 0.45 | Loss: -0.009 | Opp label coverage: 0.92
Step 2762671/5000000 | Win rate (rollout): 0.40 | Loss: 0.036 | Opp label coverage: 0.91
Step 2763185/5000000 | Win rate (rollout): 0.42 | Loss: -0.006 | Opp label coverage: 0.88
Step 2763701/5000000 | Win rate (rollout): 0.29 | Loss: 0.027 | Opp label coverage: 0.88
Step 2764213/5000000 | Win rate (rollout): 0.20 | Loss: 0.032 | Opp label coverage: 0.84
Step 2764728/5000000 | Win rate (rollout): 0.62 | Loss: 0.039 | Opp label coverage: 0.91
Step 2765240/5000000 | Win rate (rollout): 0.27 | Loss: 0.053 | Opp label coverage: 0.84
Step 2765759/5000000 | Win rate (rollout): 0.56 | Loss: 0.053 | Opp label coverage: 0.92
Step 2766275/5000000 | Win rate (rollout): 0.50 | Loss: 0.063 | Opp label coverage: 0.89
Step 2766792/5000000 | Win rate (rollout): 0.58 | Loss: 0.049 | Opp label coverage: 0.91
Step 2767304/5000000 | Win rate (rollout): 0.45 | Loss: 0.039 | Opp label coverage: 0.83
Step 2767816/5000000 | Win rate (rollout): 0.25 | Loss: 0.074 | Opp label coverage: 0.81
Step 2768328/5000000 | Win rate (rollout): 0.62 | Loss: 0.054 | Opp label coverage: 0.83
Step 2768845/5000000 | Win rate (rollout): 0.55 | Loss: 0.052 | Opp label coverage: 0.89
Step 2769357/5000000 | Win rate (rollout): 0.27 | Loss: 0.053 | Opp label coverage: 0.83
Step 2769871/5000000 | Win rate (rollout): 0.33 | Loss: 0.013 | Opp label coverage: 0.90
Step 2770383/5000000 | Win rate (rollout): 0.56 | Loss: 0.056 | Opp label coverage: 0.83
Step 2770899/5000000 | Win rate (rollout): 0.38 | Loss: 0.034 | Opp label coverage: 0.91
Step 2771415/5000000 | Win rate (rollout): 0.67 | Loss: 0.012 | Opp label coverage: 0.90
Step 2771927/5000000 | Win rate (rollout): 0.33 | Loss: 0.069 | Opp label coverage: 0.79
Step 2772439/5000000 | Win rate (rollout): 0.21 | Loss: 0.039 | Opp label coverage: 0.80
Step 2772951/5000000 | Win rate (rollout): 0.14 | Loss: 0.042 | Opp label coverage: 0.81
Step 2773463/5000000 | Win rate (rollout): 0.33 | Loss: 0.055 | Opp label coverage: 0.81
Step 2773975/5000000 | Win rate (rollout): 0.50 | Loss: 0.037 | Opp label coverage: 0.76
Step 2774487/5000000 | Win rate (rollout): 0.50 | Loss: 0.061 | Opp label coverage: 0.82
Step 2774999/5000000 | Win rate (rollout): 0.47 | Loss: 0.051 | Opp label coverage: 0.85
Step 2775512/5000000 | Win rate (rollout): 0.29 | Loss: 0.096 | Opp label coverage: 0.91
Step 2776024/5000000 | Win rate (rollout): 0.67 | Loss: 0.041 | Opp label coverage: 0.90
Step 2776538/5000000 | Win rate (rollout): 0.38 | Loss: 0.062 | Opp label coverage: 0.89
Step 2777057/5000000 | Win rate (rollout): 0.64 | Loss: -0.010 | Opp label coverage: 0.92
Step 2777576/5000000 | Win rate (rollout): 0.47 | Loss: 0.063 | Opp label coverage: 0.91
Step 2778088/5000000 | Win rate (rollout): 0.31 | Loss: 0.083 | Opp label coverage: 0.85
Step 2778600/5000000 | Win rate (rollout): 0.29 | Loss: 0.039 | Opp label coverage: 0.85
Step 2779113/5000000 | Win rate (rollout): 0.42 | Loss: 0.048 | Opp label coverage: 0.89
Step 2779625/5000000 | Win rate (rollout): 0.56 | Loss: 0.078 | Opp label coverage: 0.83
Step 2780140/5000000 | Win rate (rollout): 0.78 | Loss: 0.069 | Opp label coverage: 0.90
Step 2780656/5000000 | Win rate (rollout): 0.67 | Loss: 0.047 | Opp label coverage: 0.91
Step 2781173/5000000 | Win rate (rollout): 0.50 | Loss: 0.083 | Opp label coverage: 0.91
Step 2781685/5000000 | Win rate (rollout): 0.27 | Loss: 0.065 | Opp label coverage: 0.78
Step 2782201/5000000 | Win rate (rollout): 0.60 | Loss: 0.019 | Opp label coverage: 0.90
Step 2782714/5000000 | Win rate (rollout): 0.43 | Loss: -0.002 | Opp label coverage: 0.89
Step 2783231/5000000 | Win rate (rollout): 0.53 | Loss: 0.062 | Opp label coverage: 0.90
Step 2783745/5000000 | Win rate (rollout): 0.67 | Loss: 0.190 | Opp label coverage: 0.91
Step 2784261/5000000 | Win rate (rollout): 0.67 | Loss: 0.042 | Opp label coverage: 0.91
Step 2784774/5000000 | Win rate (rollout): 0.85 | Loss: 0.050 | Opp label coverage: 0.91
Step 2785286/5000000 | Win rate (rollout): 0.73 | Loss: 0.038 | Opp label coverage: 0.82
Step 2785805/5000000 | Win rate (rollout): 0.56 | Loss: 0.030 | Opp label coverage: 0.90
Step 2786317/5000000 | Win rate (rollout): 0.71 | Loss: 0.029 | Opp label coverage: 0.87
Step 2786829/5000000 | Win rate (rollout): 0.45 | Loss: 0.077 | Opp label coverage: 0.81
Step 2787345/5000000 | Win rate (rollout): 0.30 | Loss: 0.031 | Opp label coverage: 0.90
Step 2787857/5000000 | Win rate (rollout): 0.33 | Loss: 0.069 | Opp label coverage: 0.76
Step 2788369/5000000 | Win rate (rollout): 0.53 | Loss: 0.055 | Opp label coverage: 0.82
Step 2788884/5000000 | Win rate (rollout): 0.33 | Loss: 0.087 | Opp label coverage: 0.90
Step 2789398/5000000 | Win rate (rollout): 0.67 | Loss: 0.090 | Opp label coverage: 0.91
Step 2789913/5000000 | Win rate (rollout): 0.71 | Loss: 0.013 | Opp label coverage: 0.90
Step 2790425/5000000 | Win rate (rollout): 0.43 | Loss: 0.048 | Opp label coverage: 0.85
Step 2790937/5000000 | Win rate (rollout): 0.62 | Loss: 0.048 | Opp label coverage: 0.91
Step 2791449/5000000 | Win rate (rollout): 0.33 | Loss: 0.027 | Opp label coverage: 0.81
Step 2791961/5000000 | Win rate (rollout): 0.11 | Loss: 0.035 | Opp label coverage: 0.89
Step 2792478/5000000 | Win rate (rollout): 0.31 | Loss: 0.037 | Opp label coverage: 0.88
Step 2792990/5000000 | Win rate (rollout): 0.57 | Loss: 0.035 | Opp label coverage: 0.83
Step 2793502/5000000 | Win rate (rollout): 0.11 | Loss: 0.042 | Opp label coverage: 0.81
Step 2794014/5000000 | Win rate (rollout): 0.67 | Loss: 0.047 | Opp label coverage: 0.79
Step 2794526/5000000 | Win rate (rollout): 0.38 | Loss: 0.052 | Opp label coverage: 0.84
Step 2795038/5000000 | Win rate (rollout): 0.14 | Loss: 0.046 | Opp label coverage: 0.84
Step 2795553/5000000 | Win rate (rollout): 0.20 | Loss: 0.018 | Opp label coverage: 0.89
Step 2796065/5000000 | Win rate (rollout): 0.67 | Loss: 0.079 | Opp label coverage: 0.87
Step 2796580/5000000 | Win rate (rollout): 0.80 | Loss: 0.015 | Opp label coverage: 0.90
Step 2797097/5000000 | Win rate (rollout): 0.23 | Loss: 0.064 | Opp label coverage: 0.87
Step 2797609/5000000 | Win rate (rollout): 0.54 | Loss: 0.074 | Opp label coverage: 0.83
Step 2798121/5000000 | Win rate (rollout): 0.38 | Loss: 0.068 | Opp label coverage: 0.82
Step 2798633/5000000 | Win rate (rollout): 0.38 | Loss: 0.037 | Opp label coverage: 0.85
Step 2799151/5000000 | Win rate (rollout): 0.44 | Loss: 0.014 | Opp label coverage: 0.90
Step 2799663/5000000 | Win rate (rollout): 0.55 | Loss: 0.060 | Opp label coverage: 0.82
Step 2800182/5000000 | Win rate (rollout): 0.50 | Loss: 0.052 | Opp label coverage: 0.91
Step 2800694/5000000 | Win rate (rollout): 0.50 | Loss: 0.028 | Opp label coverage: 0.82
Step 2801206/5000000 | Win rate (rollout): 0.42 | Loss: 0.061 | Opp label coverage: 0.85
Step 2801718/5000000 | Win rate (rollout): 0.60 | Loss: 0.051 | Opp label coverage: 0.84
Step 2802230/5000000 | Win rate (rollout): 0.55 | Loss: 0.060 | Opp label coverage: 0.79
Step 2802742/5000000 | Win rate (rollout): 0.25 | Loss: 0.021 | Opp label coverage: 0.84
Step 2803254/5000000 | Win rate (rollout): 0.27 | Loss: 0.027 | Opp label coverage: 0.82
Step 2803766/5000000 | Win rate (rollout): 0.50 | Loss: 0.086 | Opp label coverage: 0.81
Step 2804278/5000000 | Win rate (rollout): 0.50 | Loss: 0.078 | Opp label coverage: 0.81
Step 2804790/5000000 | Win rate (rollout): 0.33 | Loss: 0.039 | Opp label coverage: 0.76
Step 2805303/5000000 | Win rate (rollout): 0.55 | Loss: 0.136 | Opp label coverage: 0.90
Step 2805816/5000000 | Win rate (rollout): 0.69 | Loss: 0.017 | Opp label coverage: 0.91
Step 2806334/5000000 | Win rate (rollout): 0.60 | Loss: 0.089 | Opp label coverage: 0.90
Step 2806846/5000000 | Win rate (rollout): 0.38 | Loss: 0.085 | Opp label coverage: 0.83
Step 2807363/5000000 | Win rate (rollout): 0.67 | Loss: -0.001 | Opp label coverage: 0.91
Step 2807881/5000000 | Win rate (rollout): 0.21 | Loss: 0.079 | Opp label coverage: 0.91
Step 2808395/5000000 | Win rate (rollout): 0.82 | Loss: 0.083 | Opp label coverage: 0.91
Step 2808914/5000000 | Win rate (rollout): 0.31 | Loss: 0.064 | Opp label coverage: 0.88
Step 2809426/5000000 | Win rate (rollout): 0.27 | Loss: 0.066 | Opp label coverage: 0.85
Step 2809938/5000000 | Win rate (rollout): 0.29 | Loss: 0.053 | Opp label coverage: 0.79
Step 2810452/5000000 | Win rate (rollout): 0.73 | Loss: 0.014 | Opp label coverage: 0.92
Step 2810971/5000000 | Win rate (rollout): 0.75 | Loss: 0.065 | Opp label coverage: 0.90
Step 2811487/5000000 | Win rate (rollout): 0.46 | Loss: 0.040 | Opp label coverage: 0.91
Step 2811999/5000000 | Win rate (rollout): 0.25 | Loss: 0.060 | Opp label coverage: 0.81
Step 2812513/5000000 | Win rate (rollout): 0.83 | Loss: 0.065 | Opp label coverage: 0.94
Step 2813025/5000000 | Win rate (rollout): 0.46 | Loss: 0.064 | Opp label coverage: 0.79
Step 2813542/5000000 | Win rate (rollout): 0.50 | Loss: 0.023 | Opp label coverage: 0.90
Step 2814054/5000000 | Win rate (rollout): 0.50 | Loss: 0.015 | Opp label coverage: 0.82
Step 2814566/5000000 | Win rate (rollout): 0.46 | Loss: 0.084 | Opp label coverage: 0.85
Step 2815078/5000000 | Win rate (rollout): 0.43 | Loss: 0.051 | Opp label coverage: 0.81
Step 2815590/5000000 | Win rate (rollout): 0.50 | Loss: 0.056 | Opp label coverage: 0.89
Step 2816102/5000000 | Win rate (rollout): 0.50 | Loss: 0.046 | Opp label coverage: 0.84
Step 2816614/5000000 | Win rate (rollout): 0.50 | Loss: 0.039 | Opp label coverage: 0.84
Step 2817131/5000000 | Win rate (rollout): 0.38 | Loss: 0.054 | Opp label coverage: 0.90
Step 2817643/5000000 | Win rate (rollout): 0.80 | Loss: 0.032 | Opp label coverage: 0.79
Step 2818155/5000000 | Win rate (rollout): 0.50 | Loss: 0.042 | Opp label coverage: 0.90
Step 2818667/5000000 | Win rate (rollout): 0.46 | Loss: 0.067 | Opp label coverage: 0.87
Step 2819179/5000000 | Win rate (rollout): 0.17 | Loss: 0.020 | Opp label coverage: 0.81
Step 2819691/5000000 | Win rate (rollout): 0.44 | Loss: 0.066 | Opp label coverage: 0.79
Step 2820209/5000000 | Win rate (rollout): 0.56 | Loss: 0.032 | Opp label coverage: 0.89
Step 2820725/5000000 | Win rate (rollout): 0.40 | Loss: 0.032 | Opp label coverage: 0.88
Step 2821237/5000000 | Win rate (rollout): 0.25 | Loss: 0.050 | Opp label coverage: 0.85
Step 2821751/5000000 | Win rate (rollout): 0.57 | Loss: -0.000 | Opp label coverage: 0.92
Step 2822263/5000000 | Win rate (rollout): 0.20 | Loss: 0.042 | Opp label coverage: 0.84
Step 2822775/5000000 | Win rate (rollout): 0.27 | Loss: 0.018 | Opp label coverage: 0.88
Step 2823293/5000000 | Win rate (rollout): 0.54 | Loss: 0.029 | Opp label coverage: 0.90
Step 2823805/5000000 | Win rate (rollout): 0.36 | Loss: 0.049 | Opp label coverage: 0.82
Step 2824317/5000000 | Win rate (rollout): 0.24 | Loss: 0.051 | Opp label coverage: 0.84
Step 2824829/5000000 | Win rate (rollout): 0.20 | Loss: 0.047 | Opp label coverage: 0.81
Step 2825342/5000000 | Win rate (rollout): 0.33 | Loss: 0.091 | Opp label coverage: 0.92
Step 2825854/5000000 | Win rate (rollout): 0.36 | Loss: 0.071 | Opp label coverage: 0.85
Step 2826366/5000000 | Win rate (rollout): 0.62 | Loss: 0.070 | Opp label coverage: 0.88
Step 2826884/5000000 | Win rate (rollout): 0.11 | Loss: 0.032 | Opp label coverage: 0.89
Step 2827396/5000000 | Win rate (rollout): 0.62 | Loss: 0.055 | Opp label coverage: 0.85
Step 2827909/5000000 | Win rate (rollout): 0.38 | Loss: -0.028 | Opp label coverage: 0.90
Step 2828421/5000000 | Win rate (rollout): 0.62 | Loss: 0.050 | Opp label coverage: 0.87
Step 2828933/5000000 | Win rate (rollout): 0.50 | Loss: 0.082 | Opp label coverage: 0.80
Step 2829445/5000000 | Win rate (rollout): 0.30 | Loss: 0.049 | Opp label coverage: 0.85
Step 2829957/5000000 | Win rate (rollout): 0.67 | Loss: 0.027 | Opp label coverage: 0.91
Step 2830473/5000000 | Win rate (rollout): 0.54 | Loss: 0.041 | Opp label coverage: 0.91
Step 2830985/5000000 | Win rate (rollout): 0.45 | Loss: 0.057 | Opp label coverage: 0.78
Step 2831497/5000000 | Win rate (rollout): 0.75 | Loss: 0.031 | Opp label coverage: 0.93
Step 2832013/5000000 | Win rate (rollout): 0.33 | Loss: 0.006 | Opp label coverage: 0.90
Step 2832525/5000000 | Win rate (rollout): 0.08 | Loss: 0.060 | Opp label coverage: 0.83
Step 2833037/5000000 | Win rate (rollout): 0.43 | Loss: 0.054 | Opp label coverage: 0.82
Step 2833552/5000000 | Win rate (rollout): 0.78 | Loss: 0.034 | Opp label coverage: 0.92
Step 2834064/5000000 | Win rate (rollout): 0.25 | Loss: 0.043 | Opp label coverage: 0.80
Step 2834577/5000000 | Win rate (rollout): 0.44 | Loss: 0.020 | Opp label coverage: 0.91
Step 2835089/5000000 | Win rate (rollout): 0.50 | Loss: 0.064 | Opp label coverage: 0.84
Step 2835601/5000000 | Win rate (rollout): 0.58 | Loss: 0.067 | Opp label coverage: 0.89
Step 2836113/5000000 | Win rate (rollout): 0.57 | Loss: 0.024 | Opp label coverage: 0.82
Step 2836629/5000000 | Win rate (rollout): 0.50 | Loss: 0.095 | Opp label coverage: 0.90
Step 2837144/5000000 | Win rate (rollout): 0.45 | Loss: 0.108 | Opp label coverage: 0.90
Step 2837657/5000000 | Win rate (rollout): 0.36 | Loss: -0.134 | Opp label coverage: 0.90
Step 2838172/5000000 | Win rate (rollout): 0.62 | Loss: 0.046 | Opp label coverage: 0.90
Step 2838690/5000000 | Win rate (rollout): 0.43 | Loss: 0.094 | Opp label coverage: 0.87
Step 2839202/5000000 | Win rate (rollout): 0.25 | Loss: 0.044 | Opp label coverage: 0.82
Step 2839715/5000000 | Win rate (rollout): 0.60 | Loss: 0.033 | Opp label coverage: 0.89
Step 2840227/5000000 | Win rate (rollout): 0.57 | Loss: 0.075 | Opp label coverage: 0.81
Step 2840739/5000000 | Win rate (rollout): 0.20 | Loss: 0.047 | Opp label coverage: 0.79
Step 2841255/5000000 | Win rate (rollout): 0.78 | Loss: 0.097 | Opp label coverage: 0.92
Step 2841767/5000000 | Win rate (rollout): 0.33 | Loss: 0.096 | Opp label coverage: 0.79
Step 2842279/5000000 | Win rate (rollout): 0.33 | Loss: 0.043 | Opp label coverage: 0.81
Step 2842791/5000000 | Win rate (rollout): 0.75 | Loss: 0.043 | Opp label coverage: 0.78
Step 2843303/5000000 | Win rate (rollout): 0.38 | Loss: 0.059 | Opp label coverage: 0.83
Step 2843817/5000000 | Win rate (rollout): 0.64 | Loss: 0.005 | Opp label coverage: 0.91
Step 2844329/5000000 | Win rate (rollout): 0.30 | Loss: 0.056 | Opp label coverage: 0.81
Step 2844846/5000000 | Win rate (rollout): 0.75 | Loss: 0.014 | Opp label coverage: 0.91
Step 2845362/5000000 | Win rate (rollout): 0.67 | Loss: 0.013 | Opp label coverage: 0.90
Step 2845876/5000000 | Win rate (rollout): 0.57 | Loss: 0.042 | Opp label coverage: 0.89
Step 2846388/5000000 | Win rate (rollout): 0.50 | Loss: 0.042 | Opp label coverage: 0.90
Step 2846906/5000000 | Win rate (rollout): 0.33 | Loss: 0.065 | Opp label coverage: 0.91
Step 2847418/5000000 | Win rate (rollout): 0.00 | Loss: 0.027 | Opp label coverage: 0.82
Step 2847930/5000000 | Win rate (rollout): 0.54 | Loss: 0.079 | Opp label coverage: 0.88
Step 2848443/5000000 | Win rate (rollout): 0.56 | Loss: -0.027 | Opp label coverage: 0.93
Step 2848958/5000000 | Win rate (rollout): 0.47 | Loss: 0.027 | Opp label coverage: 0.90
Step 2849470/5000000 | Win rate (rollout): 0.25 | Loss: 0.019 | Opp label coverage: 0.83
Step 2849982/5000000 | Win rate (rollout): 0.36 | Loss: 0.069 | Opp label coverage: 0.84
Step 2850494/5000000 | Win rate (rollout): 0.92 | Loss: 0.043 | Opp label coverage: 0.91
Step 2851006/5000000 | Win rate (rollout): 0.71 | Loss: 0.024 | Opp label coverage: 0.81
Step 2851519/5000000 | Win rate (rollout): 0.78 | Loss: 0.109 | Opp label coverage: 0.91
Step 2852038/5000000 | Win rate (rollout): 0.56 | Loss: 0.055 | Opp label coverage: 0.91
Step 2852550/5000000 | Win rate (rollout): 0.56 | Loss: 0.060 | Opp label coverage: 0.83
Step 2853062/5000000 | Win rate (rollout): 0.36 | Loss: 0.069 | Opp label coverage: 0.81
Step 2853574/5000000 | Win rate (rollout): 0.57 | Loss: 0.061 | Opp label coverage: 0.86
Step 2854086/5000000 | Win rate (rollout): 0.21 | Loss: 0.058 | Opp label coverage: 0.80
Step 2854602/5000000 | Win rate (rollout): 0.70 | Loss: 0.038 | Opp label coverage: 0.90
Step 2855114/5000000 | Win rate (rollout): 0.43 | Loss: 0.031 | Opp label coverage: 0.84
Step 2855628/5000000 | Win rate (rollout): 0.62 | Loss: -0.015 | Opp label coverage: 0.90
Step 2856140/5000000 | Win rate (rollout): 0.31 | Loss: 0.058 | Opp label coverage: 0.79
Step 2856652/5000000 | Win rate (rollout): 0.47 | Loss: 0.099 | Opp label coverage: 0.77
Step 2857164/5000000 | Win rate (rollout): 0.40 | Loss: 0.026 | Opp label coverage: 0.90
Step 2857680/5000000 | Win rate (rollout): 0.62 | Loss: 0.052 | Opp label coverage: 0.91
Step 2858192/5000000 | Win rate (rollout): 0.31 | Loss: 0.041 | Opp label coverage: 0.91
Step 2858704/5000000 | Win rate (rollout): 0.42 | Loss: 0.035 | Opp label coverage: 0.81
Step 2859217/5000000 | Win rate (rollout): 0.38 | Loss: 0.038 | Opp label coverage: 0.90
Step 2859729/5000000 | Win rate (rollout): 0.30 | Loss: 0.042 | Opp label coverage: 0.77
Step 2860244/5000000 | Win rate (rollout): 0.50 | Loss: 0.088 | Opp label coverage: 0.91
Step 2860756/5000000 | Win rate (rollout): 0.25 | Loss: 0.035 | Opp label coverage: 0.85
Step 2861270/5000000 | Win rate (rollout): 0.38 | Loss: 0.050 | Opp label coverage: 0.90
Step 2861783/5000000 | Win rate (rollout): 0.54 | Loss: 0.015 | Opp label coverage: 0.92
Step 2862295/5000000 | Win rate (rollout): 0.50 | Loss: 0.053 | Opp label coverage: 0.81
Step 2862810/5000000 | Win rate (rollout): 0.62 | Loss: 0.018 | Opp label coverage: 0.91
Step 2863322/5000000 | Win rate (rollout): 0.67 | Loss: 0.050 | Opp label coverage: 0.90
Step 2863835/5000000 | Win rate (rollout): 0.58 | Loss: 0.083 | Opp label coverage: 0.91
Step 2864348/5000000 | Win rate (rollout): 0.73 | Loss: 0.026 | Opp label coverage: 0.93
Step 2864865/5000000 | Win rate (rollout): 0.45 | Loss: 0.087 | Opp label coverage: 0.92
Step 2865377/5000000 | Win rate (rollout): 0.23 | Loss: 0.049 | Opp label coverage: 0.85
Step 2865889/5000000 | Win rate (rollout): 0.31 | Loss: 0.085 | Opp label coverage: 0.80
Step 2866401/5000000 | Win rate (rollout): 0.71 | Loss: 0.047 | Opp label coverage: 0.89
Step 2866913/5000000 | Win rate (rollout): 0.33 | Loss: 0.046 | Opp label coverage: 0.83
Step 2867425/5000000 | Win rate (rollout): 0.23 | Loss: 0.068 | Opp label coverage: 0.81
Step 2867937/5000000 | Win rate (rollout): 0.56 | Loss: 0.042 | Opp label coverage: 0.81
Step 2868449/5000000 | Win rate (rollout): 0.50 | Loss: 0.056 | Opp label coverage: 0.78
Step 2868961/5000000 | Win rate (rollout): 0.43 | Loss: 0.057 | Opp label coverage: 0.80
Step 2869473/5000000 | Win rate (rollout): 0.31 | Loss: 0.066 | Opp label coverage: 0.82
Step 2869985/5000000 | Win rate (rollout): 0.50 | Loss: 0.049 | Opp label coverage: 0.90
Step 2870500/5000000 | Win rate (rollout): 0.64 | Loss: 0.090 | Opp label coverage: 0.92
Step 2871017/5000000 | Win rate (rollout): 0.33 | Loss: 0.010 | Opp label coverage: 0.93
Step 2871529/5000000 | Win rate (rollout): 0.25 | Loss: 0.024 | Opp label coverage: 0.80
Step 2872044/5000000 | Win rate (rollout): 0.30 | Loss: 0.038 | Opp label coverage: 0.91
Step 2872556/5000000 | Win rate (rollout): 0.56 | Loss: 0.056 | Opp label coverage: 0.83
Step 2873071/5000000 | Win rate (rollout): 0.67 | Loss: 0.144 | Opp label coverage: 0.90
Step 2873583/5000000 | Win rate (rollout): 0.75 | Loss: 0.012 | Opp label coverage: 0.78
Step 2874095/5000000 | Win rate (rollout): 0.23 | Loss: 0.049 | Opp label coverage: 0.84
Step 2874609/5000000 | Win rate (rollout): 0.55 | Loss: 0.026 | Opp label coverage: 0.93
Step 2875125/5000000 | Win rate (rollout): 0.46 | Loss: -0.010 | Opp label coverage: 0.91
Step 2875637/5000000 | Win rate (rollout): 0.67 | Loss: 0.030 | Opp label coverage: 0.92
Step 2876154/5000000 | Win rate (rollout): 0.42 | Loss: -0.002 | Opp label coverage: 0.90
Step 2876666/5000000 | Win rate (rollout): 0.44 | Loss: 0.035 | Opp label coverage: 0.83
Step 2877180/5000000 | Win rate (rollout): 0.50 | Loss: 0.095 | Opp label coverage: 0.92
Step 2877692/5000000 | Win rate (rollout): 0.50 | Loss: 0.033 | Opp label coverage: 0.86
Step 2878204/5000000 | Win rate (rollout): 0.33 | Loss: 0.060 | Opp label coverage: 0.89
Step 2878716/5000000 | Win rate (rollout): 0.33 | Loss: 0.073 | Opp label coverage: 0.85
Step 2879234/5000000 | Win rate (rollout): 0.78 | Loss: 0.063 | Opp label coverage: 0.92
Step 2879746/5000000 | Win rate (rollout): 0.33 | Loss: 0.059 | Opp label coverage: 0.82
Step 2880258/5000000 | Win rate (rollout): 0.50 | Loss: 0.032 | Opp label coverage: 0.83
Step 2880771/5000000 | Win rate (rollout): 0.86 | Loss: -0.041 | Opp label coverage: 0.93
Step 2881283/5000000 | Win rate (rollout): 0.50 | Loss: 0.046 | Opp label coverage: 0.78
Step 2881798/5000000 | Win rate (rollout): 0.44 | Loss: 0.040 | Opp label coverage: 0.90
Step 2882310/5000000 | Win rate (rollout): 0.40 | Loss: 0.052 | Opp label coverage: 0.82
Step 2882822/5000000 | Win rate (rollout): 0.38 | Loss: 0.091 | Opp label coverage: 0.82
Step 2883340/5000000 | Win rate (rollout): 0.40 | Loss: 0.055 | Opp label coverage: 0.89
Step 2883853/5000000 | Win rate (rollout): 0.42 | Loss: 0.089 | Opp label coverage: 0.90
Step 2884366/5000000 | Win rate (rollout): 0.64 | Loss: 0.005 | Opp label coverage: 0.92
Step 2884878/5000000 | Win rate (rollout): 0.17 | Loss: 0.058 | Opp label coverage: 0.80
Step 2885395/5000000 | Win rate (rollout): 0.33 | Loss: 0.016 | Opp label coverage: 0.90
Step 2885907/5000000 | Win rate (rollout): 0.33 | Loss: 0.028 | Opp label coverage: 0.81
Step 2886419/5000000 | Win rate (rollout): 0.80 | Loss: 0.093 | Opp label coverage: 0.91
Step 2886936/5000000 | Win rate (rollout): 0.29 | Loss: 0.060 | Opp label coverage: 0.91
Step 2887448/5000000 | Win rate (rollout): 0.40 | Loss: 0.071 | Opp label coverage: 0.80
Step 2887960/5000000 | Win rate (rollout): 0.75 | Loss: 0.062 | Opp label coverage: 0.82
Step 2888472/5000000 | Win rate (rollout): 0.50 | Loss: 0.056 | Opp label coverage: 0.84
Step 2888988/5000000 | Win rate (rollout): 0.55 | Loss: 0.037 | Opp label coverage: 0.91
Step 2889500/5000000 | Win rate (rollout): 0.50 | Loss: 0.073 | Opp label coverage: 0.83
Step 2890017/5000000 | Win rate (rollout): 0.73 | Loss: 0.048 | Opp label coverage: 0.91
Step 2890534/5000000 | Win rate (rollout): 0.73 | Loss: 0.030 | Opp label coverage: 0.89
Step 2891053/5000000 | Win rate (rollout): 0.43 | Loss: 0.085 | Opp label coverage: 0.90
Step 2891570/5000000 | Win rate (rollout): 0.38 | Loss: 0.034 | Opp label coverage: 0.91
Step 2892086/5000000 | Win rate (rollout): 0.43 | Loss: 0.028 | Opp label coverage: 0.90
Step 2892598/5000000 | Win rate (rollout): 0.44 | Loss: 0.052 | Opp label coverage: 0.86
Step 2893110/5000000 | Win rate (rollout): 0.47 | Loss: 0.081 | Opp label coverage: 0.84
Step 2893622/5000000 | Win rate (rollout): 0.53 | Loss: 0.109 | Opp label coverage: 0.81
Step 2894134/5000000 | Win rate (rollout): 0.33 | Loss: 0.049 | Opp label coverage: 0.80
Step 2894650/5000000 | Win rate (rollout): 0.80 | Loss: 0.038 | Opp label coverage: 0.91
Step 2895162/5000000 | Win rate (rollout): 0.23 | Loss: 0.037 | Opp label coverage: 0.81
Step 2895674/5000000 | Win rate (rollout): 0.50 | Loss: 0.046 | Opp label coverage: 0.92
Step 2896186/5000000 | Win rate (rollout): 0.23 | Loss: 0.052 | Opp label coverage: 0.82
Step 2896702/5000000 | Win rate (rollout): 0.55 | Loss: 0.041 | Opp label coverage: 0.91
Step 2897214/5000000 | Win rate (rollout): 0.25 | Loss: 0.026 | Opp label coverage: 0.84
Step 2897726/5000000 | Win rate (rollout): 0.38 | Loss: 0.071 | Opp label coverage: 0.83
Step 2898238/5000000 | Win rate (rollout): 0.58 | Loss: 0.080 | Opp label coverage: 0.78
Step 2898750/5000000 | Win rate (rollout): 0.38 | Loss: 0.031 | Opp label coverage: 0.81
Step 2899262/5000000 | Win rate (rollout): 0.35 | Loss: 0.071 | Opp label coverage: 0.81
Step 2899774/5000000 | Win rate (rollout): 0.20 | Loss: 0.055 | Opp label coverage: 0.79
Step 2900292/5000000 | Win rate (rollout): 0.22 | Loss: 0.077 | Opp label coverage: 0.88
Step 2900804/5000000 | Win rate (rollout): 0.31 | Loss: 0.050 | Opp label coverage: 0.84
Step 2901316/5000000 | Win rate (rollout): 0.38 | Loss: 0.048 | Opp label coverage: 0.84
Step 2901830/5000000 | Win rate (rollout): 0.78 | Loss: 0.017 | Opp label coverage: 0.91
Step 2902343/5000000 | Win rate (rollout): 0.38 | Loss: 0.060 | Opp label coverage: 0.89
Step 2902855/5000000 | Win rate (rollout): 0.22 | Loss: 0.036 | Opp label coverage: 0.83
Step 2903372/5000000 | Win rate (rollout): 0.86 | Loss: 0.034 | Opp label coverage: 0.93
Step 2903884/5000000 | Win rate (rollout): 0.38 | Loss: 0.035 | Opp label coverage: 0.82
Step 2904396/5000000 | Win rate (rollout): 0.62 | Loss: 0.027 | Opp label coverage: 0.91
Step 2904908/5000000 | Win rate (rollout): 0.17 | Loss: 0.040 | Opp label coverage: 0.82
Step 2905420/5000000 | Win rate (rollout): 0.15 | Loss: 0.047 | Opp label coverage: 0.77
Step 2905936/5000000 | Win rate (rollout): 0.67 | Loss: 0.033 | Opp label coverage: 0.91
Step 2906455/5000000 | Win rate (rollout): 0.57 | Loss: 0.014 | Opp label coverage: 0.92
Step 2906967/5000000 | Win rate (rollout): 0.45 | Loss: 0.110 | Opp label coverage: 0.82
Step 2907485/5000000 | Win rate (rollout): 0.43 | Loss: 0.120 | Opp label coverage: 0.88
Step 2908000/5000000 | Win rate (rollout): 0.36 | Loss: 0.038 | Opp label coverage: 0.91
Step 2908518/5000000 | Win rate (rollout): 0.36 | Loss: 0.034 | Opp label coverage: 0.91
Step 2909030/5000000 | Win rate (rollout): 0.67 | Loss: 0.092 | Opp label coverage: 0.91
Step 2909542/5000000 | Win rate (rollout): 0.44 | Loss: 0.058 | Opp label coverage: 0.80
Step 2910054/5000000 | Win rate (rollout): 0.15 | Loss: 0.043 | Opp label coverage: 0.81
Step 2910570/5000000 | Win rate (rollout): 0.29 | Loss: 0.050 | Opp label coverage: 0.90
Step 2911083/5000000 | Win rate (rollout): 0.47 | Loss: -0.028 | Opp label coverage: 0.90
Step 2911595/5000000 | Win rate (rollout): 0.30 | Loss: 0.040 | Opp label coverage: 0.83
Step 2912107/5000000 | Win rate (rollout): 0.47 | Loss: 0.062 | Opp label coverage: 0.85
Step 2912619/5000000 | Win rate (rollout): 0.56 | Loss: 0.063 | Opp label coverage: 0.81
Step 2913131/5000000 | Win rate (rollout): 0.42 | Loss: 0.025 | Opp label coverage: 0.84
Step 2913643/5000000 | Win rate (rollout): 0.45 | Loss: 0.072 | Opp label coverage: 0.77
Step 2914155/5000000 | Win rate (rollout): 0.45 | Loss: 0.042 | Opp label coverage: 0.79
Step 2914667/5000000 | Win rate (rollout): 0.46 | Loss: 0.061 | Opp label coverage: 0.81
Step 2915179/5000000 | Win rate (rollout): 0.40 | Loss: 0.044 | Opp label coverage: 0.84
Step 2915696/5000000 | Win rate (rollout): 0.50 | Loss: 0.068 | Opp label coverage: 0.90
Step 2916211/5000000 | Win rate (rollout): 0.85 | Loss: 0.057 | Opp label coverage: 0.92
Step 2916725/5000000 | Win rate (rollout): 0.50 | Loss: 0.037 | Opp label coverage: 0.90
Step 2917238/5000000 | Win rate (rollout): 0.33 | Loss: 0.075 | Opp label coverage: 0.92
Step 2917756/5000000 | Win rate (rollout): 0.64 | Loss: 0.057 | Opp label coverage: 0.90
Step 2918268/5000000 | Win rate (rollout): 0.57 | Loss: 0.106 | Opp label coverage: 0.81
Step 2918780/5000000 | Win rate (rollout): 0.30 | Loss: 0.046 | Opp label coverage: 0.81
Step 2919292/5000000 | Win rate (rollout): 0.40 | Loss: 0.064 | Opp label coverage: 0.78
Step 2919804/5000000 | Win rate (rollout): 0.33 | Loss: 0.060 | Opp label coverage: 0.78
Step 2920316/5000000 | Win rate (rollout): 0.23 | Loss: 0.060 | Opp label coverage: 0.76
Step 2920834/5000000 | Win rate (rollout): 0.56 | Loss: 0.070 | Opp label coverage: 0.91
Step 2921347/5000000 | Win rate (rollout): 0.64 | Loss: 0.017 | Opp label coverage: 0.91
Step 2921864/5000000 | Win rate (rollout): 0.38 | Loss: 0.109 | Opp label coverage: 0.90
Step 2922376/5000000 | Win rate (rollout): 0.30 | Loss: 0.057 | Opp label coverage: 0.80
Step 2922888/5000000 | Win rate (rollout): 0.57 | Loss: 0.029 | Opp label coverage: 0.81
Step 2923404/5000000 | Win rate (rollout): 0.56 | Loss: 0.033 | Opp label coverage: 0.90
Step 2923921/5000000 | Win rate (rollout): 0.67 | Loss: 0.044 | Opp label coverage: 0.92
Step 2924438/5000000 | Win rate (rollout): 0.62 | Loss: 0.065 | Opp label coverage: 0.89
Step 2924950/5000000 | Win rate (rollout): 0.38 | Loss: 0.044 | Opp label coverage: 0.79
Step 2925463/5000000 | Win rate (rollout): 0.50 | Loss: 0.088 | Opp label coverage: 0.89
Step 2925975/5000000 | Win rate (rollout): 0.43 | Loss: 0.040 | Opp label coverage: 0.91
Step 2926487/5000000 | Win rate (rollout): 0.36 | Loss: 0.064 | Opp label coverage: 0.80
Step 2927001/5000000 | Win rate (rollout): 0.62 | Loss: 0.030 | Opp label coverage: 0.89
Step 2927513/5000000 | Win rate (rollout): 0.43 | Loss: 0.054 | Opp label coverage: 0.83
Step 2928025/5000000 | Win rate (rollout): 0.46 | Loss: 0.084 | Opp label coverage: 0.84
Step 2928541/5000000 | Win rate (rollout): 0.62 | Loss: 0.053 | Opp label coverage: 0.91
Step 2929058/5000000 | Win rate (rollout): 0.69 | Loss: 0.014 | Opp label coverage: 0.92
Step 2929575/5000000 | Win rate (rollout): 0.62 | Loss: 0.069 | Opp label coverage: 0.88
Step 2930093/5000000 | Win rate (rollout): 0.50 | Loss: 0.087 | Opp label coverage: 0.89
Step 2930607/5000000 | Win rate (rollout): 0.50 | Loss: 0.187 | Opp label coverage: 0.91
Step 2931119/5000000 | Win rate (rollout): 0.38 | Loss: 0.049 | Opp label coverage: 0.81
Step 2931631/5000000 | Win rate (rollout): 0.27 | Loss: 0.057 | Opp label coverage: 0.79
Step 2932143/5000000 | Win rate (rollout): 0.29 | Loss: 0.028 | Opp label coverage: 0.81
Step 2932655/5000000 | Win rate (rollout): 0.36 | Loss: 0.090 | Opp label coverage: 0.81
Step 2933173/5000000 | Win rate (rollout): 0.60 | Loss: -0.003 | Opp label coverage: 0.91
Step 2933685/5000000 | Win rate (rollout): 0.50 | Loss: 0.070 | Opp label coverage: 0.84
Step 2934201/5000000 | Win rate (rollout): 0.29 | Loss: 0.066 | Opp label coverage: 0.90
Step 2934713/5000000 | Win rate (rollout): 0.44 | Loss: 0.056 | Opp label coverage: 0.81
Step 2935228/5000000 | Win rate (rollout): 0.38 | Loss: 0.020 | Opp label coverage: 0.92
Step 2935746/5000000 | Win rate (rollout): 0.42 | Loss: 0.026 | Opp label coverage: 0.91
Step 2936258/5000000 | Win rate (rollout): 0.67 | Loss: 0.019 | Opp label coverage: 0.88
Step 2936770/5000000 | Win rate (rollout): 0.64 | Loss: 0.069 | Opp label coverage: 0.78
Step 2937282/5000000 | Win rate (rollout): 0.75 | Loss: 0.047 | Opp label coverage: 0.85
Step 2937794/5000000 | Win rate (rollout): 0.30 | Loss: 0.022 | Opp label coverage: 0.80
Step 2938306/5000000 | Win rate (rollout): 0.50 | Loss: 0.052 | Opp label coverage: 0.78
Step 2938818/5000000 | Win rate (rollout): 0.64 | Loss: 0.052 | Opp label coverage: 0.77
Step 2939333/5000000 | Win rate (rollout): 0.73 | Loss: 0.064 | Opp label coverage: 0.90
Step 2939845/5000000 | Win rate (rollout): 0.45 | Loss: 0.061 | Opp label coverage: 0.81
Step 2940360/5000000 | Win rate (rollout): 0.56 | Loss: 0.032 | Opp label coverage: 0.92
Step 2940873/5000000 | Win rate (rollout): 0.38 | Loss: 0.078 | Opp label coverage: 0.88
Step 2941385/5000000 | Win rate (rollout): 0.50 | Loss: 0.044 | Opp label coverage: 0.78
Step 2941898/5000000 | Win rate (rollout): 0.56 | Loss: 0.093 | Opp label coverage: 0.91
Step 2942410/5000000 | Win rate (rollout): 0.46 | Loss: 0.046 | Opp label coverage: 0.75
Step 2942923/5000000 | Win rate (rollout): 0.50 | Loss: 0.137 | Opp label coverage: 0.89
Step 2943439/5000000 | Win rate (rollout): 0.64 | Loss: 0.109 | Opp label coverage: 0.91
Step 2943951/5000000 | Win rate (rollout): 0.33 | Loss: 0.073 | Opp label coverage: 0.83
Step 2944469/5000000 | Win rate (rollout): 0.62 | Loss: 0.011 | Opp label coverage: 0.91
Step 2944985/5000000 | Win rate (rollout): 0.36 | Loss: 0.019 | Opp label coverage: 0.91
Step 2945497/5000000 | Win rate (rollout): 0.56 | Loss: 0.057 | Opp label coverage: 0.87
Step 2946009/5000000 | Win rate (rollout): 0.36 | Loss: 0.044 | Opp label coverage: 0.79
Step 2946521/5000000 | Win rate (rollout): 0.33 | Loss: 0.019 | Opp label coverage: 0.82
Step 2947033/5000000 | Win rate (rollout): 0.30 | Loss: 0.038 | Opp label coverage: 0.79
Step 2947546/5000000 | Win rate (rollout): 0.38 | Loss: -0.107 | Opp label coverage: 0.92
Step 2948058/5000000 | Win rate (rollout): 0.54 | Loss: 0.101 | Opp label coverage: 0.79
Step 2948570/5000000 | Win rate (rollout): 0.36 | Loss: 0.062 | Opp label coverage: 0.79
Step 2949087/5000000 | Win rate (rollout): 0.64 | Loss: 0.022 | Opp label coverage: 0.90
Step 2949601/5000000 | Win rate (rollout): 0.46 | Loss: 0.061 | Opp label coverage: 0.89
Step 2950113/5000000 | Win rate (rollout): 0.38 | Loss: 0.076 | Opp label coverage: 0.83
Step 2950625/5000000 | Win rate (rollout): 0.38 | Loss: 0.051 | Opp label coverage: 0.83
Step 2951137/5000000 | Win rate (rollout): 0.62 | Loss: 0.047 | Opp label coverage: 0.86
Step 2951649/5000000 | Win rate (rollout): 0.40 | Loss: 0.063 | Opp label coverage: 0.80
Step 2952161/5000000 | Win rate (rollout): 0.25 | Loss: 0.042 | Opp label coverage: 0.81
Step 2952673/5000000 | Win rate (rollout): 0.53 | Loss: 0.061 | Opp label coverage: 0.85
Step 2953185/5000000 | Win rate (rollout): 0.44 | Loss: 0.059 | Opp label coverage: 0.92
Step 2953700/5000000 | Win rate (rollout): 0.73 | Loss: 0.017 | Opp label coverage: 0.89
Step 2954212/5000000 | Win rate (rollout): 0.55 | Loss: 0.054 | Opp label coverage: 0.90
Step 2954727/5000000 | Win rate (rollout): 0.67 | Loss: 0.052 | Opp label coverage: 0.92
Step 2955239/5000000 | Win rate (rollout): 0.45 | Loss: 0.066 | Opp label coverage: 0.76
Step 2955758/5000000 | Win rate (rollout): 0.62 | Loss: 0.057 | Opp label coverage: 0.91
Step 2956270/5000000 | Win rate (rollout): 0.13 | Loss: 0.064 | Opp label coverage: 0.80
Step 2956782/5000000 | Win rate (rollout): 0.57 | Loss: 0.115 | Opp label coverage: 0.82
Step 2957298/5000000 | Win rate (rollout): 0.60 | Loss: 0.047 | Opp label coverage: 0.90
Step 2957810/5000000 | Win rate (rollout): 0.23 | Loss: 0.032 | Opp label coverage: 0.80
Step 2958322/5000000 | Win rate (rollout): 0.75 | Loss: 0.049 | Opp label coverage: 0.79
Step 2958841/5000000 | Win rate (rollout): 0.50 | Loss: 0.058 | Opp label coverage: 0.90
Step 2959359/5000000 | Win rate (rollout): 0.57 | Loss: 0.068 | Opp label coverage: 0.90
Step 2959878/5000000 | Win rate (rollout): 0.54 | Loss: 0.064 | Opp label coverage: 0.91
Step 2960393/5000000 | Win rate (rollout): 0.62 | Loss: 0.035 | Opp label coverage: 0.89
Step 2960905/5000000 | Win rate (rollout): 0.00 | Loss: 0.037 | Opp label coverage: 0.82
Step 2961417/5000000 | Win rate (rollout): 0.60 | Loss: 0.078 | Opp label coverage: 0.80
Step 2961929/5000000 | Win rate (rollout): 0.38 | Loss: 0.064 | Opp label coverage: 0.79
Step 2962443/5000000 | Win rate (rollout): 0.62 | Loss: -0.011 | Opp label coverage: 0.91
Step 2962959/5000000 | Win rate (rollout): 0.50 | Loss: 0.005 | Opp label coverage: 0.88
Step 2963471/5000000 | Win rate (rollout): 0.42 | Loss: 0.068 | Opp label coverage: 0.80
Step 2963987/5000000 | Win rate (rollout): 0.40 | Loss: 0.073 | Opp label coverage: 0.91
Step 2964505/5000000 | Win rate (rollout): 0.67 | Loss: 0.039 | Opp label coverage: 0.90
Step 2965020/5000000 | Win rate (rollout): 0.69 | Loss: 0.102 | Opp label coverage: 0.91
Step 2965539/5000000 | Win rate (rollout): 0.71 | Loss: 0.017 | Opp label coverage: 0.91
Step 2966051/5000000 | Win rate (rollout): 0.36 | Loss: 0.078 | Opp label coverage: 0.83
Step 2966567/5000000 | Win rate (rollout): 0.56 | Loss: 0.063 | Opp label coverage: 0.90
Step 2967079/5000000 | Win rate (rollout): 0.60 | Loss: 0.046 | Opp label coverage: 0.82
Step 2967591/5000000 | Win rate (rollout): 0.78 | Loss: 0.052 | Opp label coverage: 0.90
Step 2968103/5000000 | Win rate (rollout): 0.09 | Loss: 0.083 | Opp label coverage: 0.84
Step 2968618/5000000 | Win rate (rollout): 0.70 | Loss: 0.084 | Opp label coverage: 0.90
Step 2969130/5000000 | Win rate (rollout): 0.15 | Loss: 0.048 | Opp label coverage: 0.82
Step 2969647/5000000 | Win rate (rollout): 0.64 | Loss: 0.056 | Opp label coverage: 0.91
Step 2970165/5000000 | Win rate (rollout): 0.60 | Loss: 0.021 | Opp label coverage: 0.91
Step 2970678/5000000 | Win rate (rollout): 0.54 | Loss: 0.077 | Opp label coverage: 0.89
Step 2971192/5000000 | Win rate (rollout): 0.50 | Loss: 0.004 | Opp label coverage: 0.93
Step 2971704/5000000 | Win rate (rollout): 0.50 | Loss: 0.031 | Opp label coverage: 0.77
Step 2972216/5000000 | Win rate (rollout): 0.44 | Loss: 0.080 | Opp label coverage: 0.82
Step 2972729/5000000 | Win rate (rollout): 0.44 | Loss: 0.017 | Opp label coverage: 0.90
Step 2973243/5000000 | Win rate (rollout): 0.60 | Loss: 0.086 | Opp label coverage: 0.90
Step 2973757/5000000 | Win rate (rollout): 0.69 | Loss: 0.088 | Opp label coverage: 0.90
Step 2974273/5000000 | Win rate (rollout): 0.54 | Loss: 0.021 | Opp label coverage: 0.91
Step 2974792/5000000 | Win rate (rollout): 0.67 | Loss: 0.055 | Opp label coverage: 0.92
Step 2975306/5000000 | Win rate (rollout): 0.58 | Loss: 0.044 | Opp label coverage: 0.90
Step 2975818/5000000 | Win rate (rollout): 0.58 | Loss: 0.053 | Opp label coverage: 0.84
Step 2976333/5000000 | Win rate (rollout): 1.00 | Loss: 0.086 | Opp label coverage: 0.93
Step 2976845/5000000 | Win rate (rollout): 0.64 | Loss: 0.068 | Opp label coverage: 0.91
Step 2977362/5000000 | Win rate (rollout): 0.47 | Loss: 0.017 | Opp label coverage: 0.89
Step 2977878/5000000 | Win rate (rollout): 0.55 | Loss: 0.093 | Opp label coverage: 0.90
Step 2978396/5000000 | Win rate (rollout): 0.53 | Loss: 0.046 | Opp label coverage: 0.89
Step 2978909/5000000 | Win rate (rollout): 0.85 | Loss: 0.006 | Opp label coverage: 0.91
Step 2979421/5000000 | Win rate (rollout): 0.54 | Loss: 0.072 | Opp label coverage: 0.82
Step 2979933/5000000 | Win rate (rollout): 0.40 | Loss: 0.076 | Opp label coverage: 0.80
Step 2980445/5000000 | Win rate (rollout): 0.44 | Loss: 0.068 | Opp label coverage: 0.83
Step 2980957/5000000 | Win rate (rollout): 0.67 | Loss: 0.045 | Opp label coverage: 0.90
Step 2981469/5000000 | Win rate (rollout): 0.36 | Loss: 0.058 | Opp label coverage: 0.81
Step 2981981/5000000 | Win rate (rollout): 0.67 | Loss: 0.057 | Opp label coverage: 0.87
Step 2982493/5000000 | Win rate (rollout): 0.46 | Loss: 0.077 | Opp label coverage: 0.83
Step 2983010/5000000 | Win rate (rollout): 0.50 | Loss: 0.044 | Opp label coverage: 0.91
Step 2983522/5000000 | Win rate (rollout): 0.36 | Loss: 0.096 | Opp label coverage: 0.81
Step 2984034/5000000 | Win rate (rollout): 0.22 | Loss: 0.028 | Opp label coverage: 0.77
Step 2984546/5000000 | Win rate (rollout): 0.80 | Loss: 0.041 | Opp label coverage: 0.92
Step 2985060/5000000 | Win rate (rollout): 0.27 | Loss: 0.042 | Opp label coverage: 0.87
Step 2985572/5000000 | Win rate (rollout): 0.62 | Loss: 0.036 | Opp label coverage: 0.92
Step 2986088/5000000 | Win rate (rollout): 0.46 | Loss: 0.026 | Opp label coverage: 0.91
Step 2986605/5000000 | Win rate (rollout): 0.54 | Loss: 0.039 | Opp label coverage: 0.90
Step 2987117/5000000 | Win rate (rollout): 0.43 | Loss: 0.059 | Opp label coverage: 0.80
Step 2987633/5000000 | Win rate (rollout): 0.55 | Loss: 0.066 | Opp label coverage: 0.89
Step 2988145/5000000 | Win rate (rollout): 0.57 | Loss: 0.037 | Opp label coverage: 0.79
Step 2988661/5000000 | Win rate (rollout): 0.47 | Loss: 0.088 | Opp label coverage: 0.88
Step 2989173/5000000 | Win rate (rollout): 0.36 | Loss: 0.076 | Opp label coverage: 0.84
Step 2989692/5000000 | Win rate (rollout): 0.33 | Loss: 0.045 | Opp label coverage: 0.88
Step 2990204/5000000 | Win rate (rollout): 0.50 | Loss: 0.056 | Opp label coverage: 0.79
Step 2990723/5000000 | Win rate (rollout): 0.80 | Loss: 0.048 | Opp label coverage: 0.92
Step 2991240/5000000 | Win rate (rollout): 0.53 | Loss: 0.093 | Opp label coverage: 0.91
Step 2991752/5000000 | Win rate (rollout): 0.43 | Loss: 0.093 | Opp label coverage: 0.84
Step 2992270/5000000 | Win rate (rollout): 0.75 | Loss: 0.062 | Opp label coverage: 0.92
Step 2992783/5000000 | Win rate (rollout): 0.43 | Loss: 0.081 | Opp label coverage: 0.90
Step 2993295/5000000 | Win rate (rollout): 0.38 | Loss: 0.037 | Opp label coverage: 0.84
Step 2993807/5000000 | Win rate (rollout): 0.55 | Loss: 0.022 | Opp label coverage: 0.78
Step 2994319/5000000 | Win rate (rollout): 0.73 | Loss: 0.064 | Opp label coverage: 0.86
Step 2994831/5000000 | Win rate (rollout): 0.25 | Loss: 0.062 | Opp label coverage: 0.85
Step 2995343/5000000 | Win rate (rollout): 0.57 | Loss: 0.054 | Opp label coverage: 0.81
Step 2995858/5000000 | Win rate (rollout): 0.75 | Loss: 0.011 | Opp label coverage: 0.92
Step 2996373/5000000 | Win rate (rollout): 0.62 | Loss: 0.113 | Opp label coverage: 0.90
Step 2996886/5000000 | Win rate (rollout): 0.36 | Loss: 0.022 | Opp label coverage: 0.92
Step 2997404/5000000 | Win rate (rollout): 0.62 | Loss: 0.037 | Opp label coverage: 0.89
Step 2997916/5000000 | Win rate (rollout): 0.30 | Loss: 0.047 | Opp label coverage: 0.80
Step 2998430/5000000 | Win rate (rollout): 0.56 | Loss: 0.092 | Opp label coverage: 0.92
Step 2998942/5000000 | Win rate (rollout): 0.43 | Loss: 0.095 | Opp label coverage: 0.87
Step 2999454/5000000 | Win rate (rollout): 0.78 | Loss: 0.029 | Opp label coverage: 0.92
Step 2999973/5000000 | Win rate (rollout): 0.50 | Loss: 0.023 | Opp label coverage: 0.92
[checkpoint] Saved models/ppo/checkpoints/bcft/ppo_step_3000045.pt
Step 3000488/5000000 | Win rate (rollout): 0.50 | Loss: 0.027 | Opp label coverage: 0.92
Step 3001000/5000000 | Win rate (rollout): 0.50 | Loss: 0.041 | Opp label coverage: 0.87
Step 3001515/5000000 | Win rate (rollout): 0.44 | Loss: 0.040 | Opp label coverage: 0.90
Step 3002029/5000000 | Win rate (rollout): 0.56 | Loss: 0.039 | Opp label coverage: 0.90
Step 3002541/5000000 | Win rate (rollout): 0.36 | Loss: 0.070 | Opp label coverage: 0.81
Step 3003060/5000000 | Win rate (rollout): 0.22 | Loss: 0.042 | Opp label coverage: 0.90
Step 3003578/5000000 | Win rate (rollout): 0.58 | Loss: 0.063 | Opp label coverage: 0.94
Step 3004097/5000000 | Win rate (rollout): 0.54 | Loss: 0.077 | Opp label coverage: 0.90
Step 3004611/5000000 | Win rate (rollout): 0.50 | Loss: -0.017 | Opp label coverage: 0.89
Step 3005123/5000000 | Win rate (rollout): 0.27 | Loss: 0.062 | Opp label coverage: 0.81
Step 3005636/5000000 | Win rate (rollout): 0.67 | Loss: 0.077 | Opp label coverage: 0.90
Step 3006148/5000000 | Win rate (rollout): 0.57 | Loss: 0.050 | Opp label coverage: 0.80
Step 3006660/5000000 | Win rate (rollout): 0.31 | Loss: 0.070 | Opp label coverage: 0.82
Step 3007174/5000000 | Win rate (rollout): 0.40 | Loss: 0.036 | Opp label coverage: 0.89
Step 3007687/5000000 | Win rate (rollout): 0.58 | Loss: -0.004 | Opp label coverage: 0.92
Step 3008203/5000000 | Win rate (rollout): 0.58 | Loss: 0.042 | Opp label coverage: 0.90
Step 3008715/5000000 | Win rate (rollout): 0.38 | Loss: 0.076 | Opp label coverage: 0.90
Step 3009227/5000000 | Win rate (rollout): 0.40 | Loss: 0.044 | Opp label coverage: 0.81
Step 3009739/5000000 | Win rate (rollout): 0.42 | Loss: 0.043 | Opp label coverage: 0.89
Step 3010253/5000000 | Win rate (rollout): 0.33 | Loss: 0.060 | Opp label coverage: 0.89
Step 3010766/5000000 | Win rate (rollout): 0.54 | Loss: 0.032 | Opp label coverage: 0.91
Step 3011282/5000000 | Win rate (rollout): 0.45 | Loss: -0.014 | Opp label coverage: 0.92
Step 3011800/5000000 | Win rate (rollout): 0.62 | Loss: 0.079 | Opp label coverage: 0.90
Step 3012314/5000000 | Win rate (rollout): 0.54 | Loss: 0.032 | Opp label coverage: 0.92
Step 3012831/5000000 | Win rate (rollout): 0.62 | Loss: 0.064 | Opp label coverage: 0.90
Step 3013343/5000000 | Win rate (rollout): 0.57 | Loss: 0.045 | Opp label coverage: 0.85
Step 3013855/5000000 | Win rate (rollout): 0.69 | Loss: 0.071 | Opp label coverage: 0.82
Step 3014369/5000000 | Win rate (rollout): 0.30 | Loss: 0.021 | Opp label coverage: 0.89
Step 3014881/5000000 | Win rate (rollout): 0.36 | Loss: 0.064 | Opp label coverage: 0.85
Step 3015395/5000000 | Win rate (rollout): 0.22 | Loss: -0.009 | Opp label coverage: 0.90
Step 3015913/5000000 | Win rate (rollout): 0.57 | Loss: 0.027 | Opp label coverage: 0.91
Step 3016425/5000000 | Win rate (rollout): 0.46 | Loss: 0.062 | Opp label coverage: 0.83
Step 3016937/5000000 | Win rate (rollout): 0.56 | Loss: 0.055 | Opp label coverage: 0.82
Step 3017450/5000000 | Win rate (rollout): 0.40 | Loss: 0.085 | Opp label coverage: 0.90
Step 3017969/5000000 | Win rate (rollout): 0.79 | Loss: 0.043 | Opp label coverage: 0.92
Step 3018481/5000000 | Win rate (rollout): 0.33 | Loss: 0.073 | Opp label coverage: 0.86
Step 3018993/5000000 | Win rate (rollout): 0.56 | Loss: 0.038 | Opp label coverage: 0.82
Step 3019509/5000000 | Win rate (rollout): 0.56 | Loss: 0.026 | Opp label coverage: 0.90
Step 3020025/5000000 | Win rate (rollout): 0.60 | Loss: 0.050 | Opp label coverage: 0.89
Step 3020537/5000000 | Win rate (rollout): 0.67 | Loss: 0.049 | Opp label coverage: 0.85
Step 3021049/5000000 | Win rate (rollout): 0.00 | Loss: 0.044 | Opp label coverage: 0.83
Step 3021561/5000000 | Win rate (rollout): 0.36 | Loss: 0.071 | Opp label coverage: 0.82
Step 3022078/5000000 | Win rate (rollout): 0.56 | Loss: 0.049 | Opp label coverage: 0.91
Step 3022594/5000000 | Win rate (rollout): 0.57 | Loss: 0.028 | Opp label coverage: 0.91
Step 3023106/5000000 | Win rate (rollout): 0.80 | Loss: 0.087 | Opp label coverage: 0.81
Step 3023625/5000000 | Win rate (rollout): 0.62 | Loss: 0.030 | Opp label coverage: 0.92
Step 3024137/5000000 | Win rate (rollout): 0.10 | Loss: 0.051 | Opp label coverage: 0.79
Step 3024656/5000000 | Win rate (rollout): 0.60 | Loss: 0.092 | Opp label coverage: 0.90
Step 3025168/5000000 | Win rate (rollout): 0.47 | Loss: 0.051 | Opp label coverage: 0.90
Step 3025683/5000000 | Win rate (rollout): 0.50 | Loss: 0.010 | Opp label coverage: 0.90
Step 3026195/5000000 | Win rate (rollout): 0.50 | Loss: 0.069 | Opp label coverage: 0.84
Step 3026707/5000000 | Win rate (rollout): 0.30 | Loss: 0.020 | Opp label coverage: 0.82
Step 3027220/5000000 | Win rate (rollout): 0.56 | Loss: 0.001 | Opp label coverage: 0.92
Step 3027734/5000000 | Win rate (rollout): 0.80 | Loss: 0.052 | Opp label coverage: 0.91
Step 3028251/5000000 | Win rate (rollout): 0.54 | Loss: 0.068 | Opp label coverage: 0.91
Step 3028763/5000000 | Win rate (rollout): 0.38 | Loss: 0.085 | Opp label coverage: 0.82
Step 3029278/5000000 | Win rate (rollout): 0.62 | Loss: 0.035 | Opp label coverage: 0.90
Step 3029790/5000000 | Win rate (rollout): 0.71 | Loss: 0.058 | Opp label coverage: 0.82
Step 3030303/5000000 | Win rate (rollout): 0.56 | Loss: 0.041 | Opp label coverage: 0.92
Step 3030816/5000000 | Win rate (rollout): 0.38 | Loss: 0.060 | Opp label coverage: 0.89
Step 3031328/5000000 | Win rate (rollout): 0.33 | Loss: 0.056 | Opp label coverage: 0.83
Step 3031840/5000000 | Win rate (rollout): 0.62 | Loss: 0.072 | Opp label coverage: 0.82
Step 3032355/5000000 | Win rate (rollout): 0.56 | Loss: 0.000 | Opp label coverage: 0.90
Step 3032869/5000000 | Win rate (rollout): 0.50 | Loss: 0.090 | Opp label coverage: 0.89
Step 3033381/5000000 | Win rate (rollout): 0.57 | Loss: 0.025 | Opp label coverage: 0.80
Step 3033893/5000000 | Win rate (rollout): 0.45 | Loss: 0.047 | Opp label coverage: 0.82
Step 3034409/5000000 | Win rate (rollout): 0.11 | Loss: 0.006 | Opp label coverage: 0.88
Step 3034925/5000000 | Win rate (rollout): 0.36 | Loss: 0.052 | Opp label coverage: 0.90
Step 3035443/5000000 | Win rate (rollout): 0.47 | Loss: 0.046 | Opp label coverage: 0.88
Step 3035955/5000000 | Win rate (rollout): 0.11 | Loss: 0.017 | Opp label coverage: 0.84
Step 3036470/5000000 | Win rate (rollout): 0.67 | Loss: 0.016 | Opp label coverage: 0.91
Step 3036982/5000000 | Win rate (rollout): 0.70 | Loss: 0.070 | Opp label coverage: 0.82
Step 3037495/5000000 | Win rate (rollout): 0.73 | Loss: 0.093 | Opp label coverage: 0.90
Step 3038007/5000000 | Win rate (rollout): 0.40 | Loss: 0.056 | Opp label coverage: 0.82
Step 3038519/5000000 | Win rate (rollout): 0.33 | Loss: 0.049 | Opp label coverage: 0.81
Step 3039031/5000000 | Win rate (rollout): 0.29 | Loss: 0.077 | Opp label coverage: 0.84
Step 3039548/5000000 | Win rate (rollout): 0.38 | Loss: 0.025 | Opp label coverage: 0.88
Step 3040060/5000000 | Win rate (rollout): 0.36 | Loss: 0.034 | Opp label coverage: 0.79
Step 3040572/5000000 | Win rate (rollout): 0.35 | Loss: 0.077 | Opp label coverage: 0.82
Step 3041084/5000000 | Win rate (rollout): 0.18 | Loss: 0.039 | Opp label coverage: 0.85
Step 3041600/5000000 | Win rate (rollout): 0.44 | Loss: 0.049 | Opp label coverage: 0.89
Step 3042117/5000000 | Win rate (rollout): 0.31 | Loss: 0.099 | Opp label coverage: 0.90
Step 3042629/5000000 | Win rate (rollout): 0.55 | Loss: 0.068 | Opp label coverage: 0.83
Step 3043141/5000000 | Win rate (rollout): 0.50 | Loss: 0.037 | Opp label coverage: 0.79
Step 3043656/5000000 | Win rate (rollout): 0.78 | Loss: 0.052 | Opp label coverage: 0.91
Step 3044169/5000000 | Win rate (rollout): 0.50 | Loss: 0.044 | Opp label coverage: 0.88
Step 3044683/5000000 | Win rate (rollout): 0.57 | Loss: 0.052 | Opp label coverage: 0.90
Step 3045195/5000000 | Win rate (rollout): 0.38 | Loss: 0.046 | Opp label coverage: 0.81
Step 3045707/5000000 | Win rate (rollout): 0.33 | Loss: 0.029 | Opp label coverage: 0.91
Step 3046220/5000000 | Win rate (rollout): 0.38 | Loss: 0.050 | Opp label coverage: 0.90
Step 3046732/5000000 | Win rate (rollout): 0.09 | Loss: 0.055 | Opp label coverage: 0.83
Step 3047245/5000000 | Win rate (rollout): 0.73 | Loss: 0.144 | Opp label coverage: 0.90
Step 3047757/5000000 | Win rate (rollout): 0.30 | Loss: 0.066 | Opp label coverage: 0.83
Step 3048269/5000000 | Win rate (rollout): 0.12 | Loss: 0.041 | Opp label coverage: 0.83
Step 3048786/5000000 | Win rate (rollout): 0.33 | Loss: 0.017 | Opp label coverage: 0.89
Step 3049298/5000000 | Win rate (rollout): 0.50 | Loss: 0.075 | Opp label coverage: 0.81
Step 3049810/5000000 | Win rate (rollout): 0.60 | Loss: 0.048 | Opp label coverage: 0.89
Step 3050322/5000000 | Win rate (rollout): 0.31 | Loss: 0.070 | Opp label coverage: 0.83
Step 3050836/5000000 | Win rate (rollout): 0.75 | Loss: 0.108 | Opp label coverage: 0.92
Step 3051348/5000000 | Win rate (rollout): 0.56 | Loss: 0.080 | Opp label coverage: 0.77
Step 3051862/5000000 | Win rate (rollout): 0.38 | Loss: 0.072 | Opp label coverage: 0.90
Step 3052374/5000000 | Win rate (rollout): 0.38 | Loss: 0.029 | Opp label coverage: 0.82
Step 3052886/5000000 | Win rate (rollout): 0.62 | Loss: 0.051 | Opp label coverage: 0.84
Step 3053398/5000000 | Win rate (rollout): 0.30 | Loss: 0.031 | Opp label coverage: 0.82
Step 3053910/5000000 | Win rate (rollout): 0.44 | Loss: 0.055 | Opp label coverage: 0.79
Step 3054422/5000000 | Win rate (rollout): 0.46 | Loss: 0.036 | Opp label coverage: 0.83
Step 3054937/5000000 | Win rate (rollout): 0.56 | Loss: 0.084 | Opp label coverage: 0.91
Step 3055449/5000000 | Win rate (rollout): 0.27 | Loss: 0.056 | Opp label coverage: 0.84
Step 3055963/5000000 | Win rate (rollout): 0.55 | Loss: 0.113 | Opp label coverage: 0.89
Step 3056477/5000000 | Win rate (rollout): 0.43 | Loss: 0.062 | Opp label coverage: 0.89
Step 3056989/5000000 | Win rate (rollout): 0.33 | Loss: 0.074 | Opp label coverage: 0.84
Step 3057503/5000000 | Win rate (rollout): 0.60 | Loss: 0.032 | Opp label coverage: 0.92
Step 3058015/5000000 | Win rate (rollout): 0.75 | Loss: 0.029 | Opp label coverage: 0.83
Step 3058532/5000000 | Win rate (rollout): 0.20 | Loss: 0.007 | Opp label coverage: 0.89
Step 3059044/5000000 | Win rate (rollout): 0.44 | Loss: 0.033 | Opp label coverage: 0.83
Step 3059556/5000000 | Win rate (rollout): 0.33 | Loss: 0.046 | Opp label coverage: 0.80
Step 3060070/5000000 | Win rate (rollout): 0.36 | Loss: 0.095 | Opp label coverage: 0.89
Step 3060583/5000000 | Win rate (rollout): 0.80 | Loss: 0.033 | Opp label coverage: 0.91
Step 3061095/5000000 | Win rate (rollout): 0.33 | Loss: 0.026 | Opp label coverage: 0.83
Step 3061607/5000000 | Win rate (rollout): 0.17 | Loss: 0.047 | Opp label coverage: 0.79
Step 3062119/5000000 | Win rate (rollout): 0.27 | Loss: 0.016 | Opp label coverage: 0.81
Step 3062635/5000000 | Win rate (rollout): 0.40 | Loss: 0.085 | Opp label coverage: 0.89
Step 3063147/5000000 | Win rate (rollout): 0.36 | Loss: 0.038 | Opp label coverage: 0.90
Step 3063664/5000000 | Win rate (rollout): 0.54 | Loss: 0.091 | Opp label coverage: 0.90
Step 3064176/5000000 | Win rate (rollout): 0.07 | Loss: 0.040 | Opp label coverage: 0.81
Step 3064688/5000000 | Win rate (rollout): 0.25 | Loss: 0.045 | Opp label coverage: 0.80
Step 3065200/5000000 | Win rate (rollout): 0.29 | Loss: 0.038 | Opp label coverage: 0.84
Step 3065718/5000000 | Win rate (rollout): 0.30 | Loss: 0.010 | Opp label coverage: 0.90
Step 3066234/5000000 | Win rate (rollout): 0.50 | Loss: 0.111 | Opp label coverage: 0.91
Step 3066746/5000000 | Win rate (rollout): 0.56 | Loss: 0.053 | Opp label coverage: 0.84
Step 3067258/5000000 | Win rate (rollout): 0.45 | Loss: 0.072 | Opp label coverage: 0.82
Step 3067770/5000000 | Win rate (rollout): 0.27 | Loss: 0.098 | Opp label coverage: 0.79
Step 3068287/5000000 | Win rate (rollout): 0.75 | Loss: 0.071 | Opp label coverage: 0.89
Step 3068799/5000000 | Win rate (rollout): 0.27 | Loss: 0.047 | Opp label coverage: 0.82
Step 3069311/5000000 | Win rate (rollout): 0.14 | Loss: 0.017 | Opp label coverage: 0.82
Step 3069825/5000000 | Win rate (rollout): 0.50 | Loss: 0.012 | Opp label coverage: 0.88
Step 3070337/5000000 | Win rate (rollout): 0.71 | Loss: 0.044 | Opp label coverage: 0.74
Step 3070849/5000000 | Win rate (rollout): 0.55 | Loss: 0.058 | Opp label coverage: 0.88
Step 3071367/5000000 | Win rate (rollout): 0.50 | Loss: 0.065 | Opp label coverage: 0.91
Step 3071879/5000000 | Win rate (rollout): 0.25 | Loss: 0.064 | Opp label coverage: 0.89
Step 3072392/5000000 | Win rate (rollout): 0.69 | Loss: 0.154 | Opp label coverage: 0.91
Step 3072906/5000000 | Win rate (rollout): 0.43 | Loss: -0.031 | Opp label coverage: 0.89
Step 3073418/5000000 | Win rate (rollout): 0.60 | Loss: 0.063 | Opp label coverage: 0.81
Step 3073931/5000000 | Win rate (rollout): 0.89 | Loss: 0.044 | Opp label coverage: 0.91
Step 3074443/5000000 | Win rate (rollout): 0.22 | Loss: 0.040 | Opp label coverage: 0.79
Step 3074955/5000000 | Win rate (rollout): 0.40 | Loss: 0.029 | Opp label coverage: 0.81
Step 3075467/5000000 | Win rate (rollout): 0.67 | Loss: 0.053 | Opp label coverage: 0.85
Step 3075985/5000000 | Win rate (rollout): 0.57 | Loss: 0.047 | Opp label coverage: 0.91
Step 3076497/5000000 | Win rate (rollout): 0.18 | Loss: 0.045 | Opp label coverage: 0.82
Step 3077009/5000000 | Win rate (rollout): 0.31 | Loss: 0.083 | Opp label coverage: 0.86
Step 3077521/5000000 | Win rate (rollout): 0.27 | Loss: 0.026 | Opp label coverage: 0.89
Step 3078035/5000000 | Win rate (rollout): 0.53 | Loss: 0.096 | Opp label coverage: 0.89
Step 3078549/5000000 | Win rate (rollout): 0.53 | Loss: 0.044 | Opp label coverage: 0.90
Step 3079061/5000000 | Win rate (rollout): 0.40 | Loss: 0.020 | Opp label coverage: 0.84
Step 3079573/5000000 | Win rate (rollout): 0.58 | Loss: 0.031 | Opp label coverage: 0.84
Step 3080085/5000000 | Win rate (rollout): 0.67 | Loss: 0.072 | Opp label coverage: 0.79
Step 3080599/5000000 | Win rate (rollout): 0.50 | Loss: 0.049 | Opp label coverage: 0.90
Step 3081111/5000000 | Win rate (rollout): 0.33 | Loss: 0.064 | Opp label coverage: 0.86
Step 3081623/5000000 | Win rate (rollout): 0.58 | Loss: 0.066 | Opp label coverage: 0.83
Step 3082135/5000000 | Win rate (rollout): 0.33 | Loss: 0.064 | Opp label coverage: 0.82
Step 3082653/5000000 | Win rate (rollout): 0.67 | Loss: 0.033 | Opp label coverage: 0.90
Step 3083165/5000000 | Win rate (rollout): 0.17 | Loss: 0.062 | Opp label coverage: 0.82
Step 3083683/5000000 | Win rate (rollout): 0.58 | Loss: 0.025 | Opp label coverage: 0.91
Step 3084195/5000000 | Win rate (rollout): 0.67 | Loss: 0.050 | Opp label coverage: 0.82
Step 3084709/5000000 | Win rate (rollout): 0.30 | Loss: 0.022 | Opp label coverage: 0.90
Step 3085228/5000000 | Win rate (rollout): 0.53 | Loss: 0.058 | Opp label coverage: 0.90
Step 3085740/5000000 | Win rate (rollout): 0.75 | Loss: 0.014 | Opp label coverage: 0.80
Step 3086252/5000000 | Win rate (rollout): 0.33 | Loss: 0.044 | Opp label coverage: 0.82
Step 3086764/5000000 | Win rate (rollout): 0.50 | Loss: 0.083 | Opp label coverage: 0.83
Step 3087281/5000000 | Win rate (rollout): 0.62 | Loss: 0.036 | Opp label coverage: 0.91
Step 3087793/5000000 | Win rate (rollout): 0.14 | Loss: 0.043 | Opp label coverage: 0.79
Step 3088305/5000000 | Win rate (rollout): 0.50 | Loss: 0.052 | Opp label coverage: 0.78
Step 3088822/5000000 | Win rate (rollout): 0.22 | Loss: 0.015 | Opp label coverage: 0.90
Step 3089340/5000000 | Win rate (rollout): 0.53 | Loss: 0.077 | Opp label coverage: 0.90
Step 3089852/5000000 | Win rate (rollout): 0.40 | Loss: 0.047 | Opp label coverage: 0.84
Step 3090364/5000000 | Win rate (rollout): 0.38 | Loss: 0.053 | Opp label coverage: 0.81
Step 3090878/5000000 | Win rate (rollout): 0.38 | Loss: 0.013 | Opp label coverage: 0.90
Step 3091390/5000000 | Win rate (rollout): 0.38 | Loss: 0.045 | Opp label coverage: 0.77
Step 3091902/5000000 | Win rate (rollout): 0.33 | Loss: 0.045 | Opp label coverage: 0.81
Step 3092414/5000000 | Win rate (rollout): 0.40 | Loss: 0.053 | Opp label coverage: 0.82
Step 3092926/5000000 | Win rate (rollout): 0.50 | Loss: 0.059 | Opp label coverage: 0.82
Step 3093439/5000000 | Win rate (rollout): 0.89 | Loss: 0.030 | Opp label coverage: 0.90
Step 3093951/5000000 | Win rate (rollout): 0.33 | Loss: 0.056 | Opp label coverage: 0.80
Step 3094463/5000000 | Win rate (rollout): 0.41 | Loss: 0.084 | Opp label coverage: 0.79
Step 3094975/5000000 | Win rate (rollout): 0.50 | Loss: 0.023 | Opp label coverage: 0.88
Step 3095492/5000000 | Win rate (rollout): 0.64 | Loss: 0.057 | Opp label coverage: 0.91
Step 3096004/5000000 | Win rate (rollout): 0.50 | Loss: 0.079 | Opp label coverage: 0.78
Step 3096516/5000000 | Win rate (rollout): 0.38 | Loss: 0.060 | Opp label coverage: 0.81
Step 3097032/5000000 | Win rate (rollout): 0.38 | Loss: 0.055 | Opp label coverage: 0.91
Step 3097544/5000000 | Win rate (rollout): 0.44 | Loss: 0.043 | Opp label coverage: 0.79
Step 3098061/5000000 | Win rate (rollout): 0.30 | Loss: 0.031 | Opp label coverage: 0.88
Step 3098573/5000000 | Win rate (rollout): 0.17 | Loss: 0.048 | Opp label coverage: 0.82
Step 3099085/5000000 | Win rate (rollout): 0.41 | Loss: 0.071 | Opp label coverage: 0.80
Step 3099599/5000000 | Win rate (rollout): 0.44 | Loss: 0.012 | Opp label coverage: 0.89
Step 3100111/5000000 | Win rate (rollout): 0.25 | Loss: 0.061 | Opp label coverage: 0.82
Step 3100626/5000000 | Win rate (rollout): 0.45 | Loss: 0.048 | Opp label coverage: 0.90
Step 3101138/5000000 | Win rate (rollout): 0.73 | Loss: 0.040 | Opp label coverage: 0.84
Step 3101650/5000000 | Win rate (rollout): 0.55 | Loss: 0.047 | Opp label coverage: 0.80
Step 3102167/5000000 | Win rate (rollout): 0.62 | Loss: 0.045 | Opp label coverage: 0.91
Step 3102679/5000000 | Win rate (rollout): 0.50 | Loss: 0.039 | Opp label coverage: 0.89
Step 3103191/5000000 | Win rate (rollout): 0.17 | Loss: 0.083 | Opp label coverage: 0.83
Step 3103703/5000000 | Win rate (rollout): 0.79 | Loss: 0.047 | Opp label coverage: 0.86
Step 3104222/5000000 | Win rate (rollout): 0.50 | Loss: -0.025 | Opp label coverage: 0.92
Step 3104739/5000000 | Win rate (rollout): 0.64 | Loss: 0.022 | Opp label coverage: 0.93
Step 3105257/5000000 | Win rate (rollout): 0.50 | Loss: 0.018 | Opp label coverage: 0.93
Step 3105772/5000000 | Win rate (rollout): 0.73 | Loss: 0.015 | Opp label coverage: 0.94
Step 3106284/5000000 | Win rate (rollout): 0.15 | Loss: 0.065 | Opp label coverage: 0.83
Step 3106796/5000000 | Win rate (rollout): 0.35 | Loss: 0.054 | Opp label coverage: 0.79
Step 3107308/5000000 | Win rate (rollout): 0.40 | Loss: 0.075 | Opp label coverage: 0.83
Step 3107821/5000000 | Win rate (rollout): 0.67 | Loss: 0.082 | Opp label coverage: 0.90
Step 3108334/5000000 | Win rate (rollout): 0.43 | Loss: 0.182 | Opp label coverage: 0.92
Step 3108851/5000000 | Win rate (rollout): 0.57 | Loss: 0.013 | Opp label coverage: 0.90
Step 3109369/5000000 | Win rate (rollout): 0.36 | Loss: 0.067 | Opp label coverage: 0.90
Step 3109881/5000000 | Win rate (rollout): 0.55 | Loss: 0.055 | Opp label coverage: 0.82
Step 3110393/5000000 | Win rate (rollout): 0.55 | Loss: 0.071 | Opp label coverage: 0.90
Step 3110905/5000000 | Win rate (rollout): 0.33 | Loss: 0.043 | Opp label coverage: 0.91
Step 3111417/5000000 | Win rate (rollout): 0.44 | Loss: 0.040 | Opp label coverage: 0.79
Step 3111936/5000000 | Win rate (rollout): 0.58 | Loss: 0.054 | Opp label coverage: 0.91
Step 3112448/5000000 | Win rate (rollout): 0.67 | Loss: 0.045 | Opp label coverage: 0.80
Step 3112960/5000000 | Win rate (rollout): 0.17 | Loss: 0.035 | Opp label coverage: 0.81
Step 3113475/5000000 | Win rate (rollout): 0.56 | Loss: 0.019 | Opp label coverage: 0.91
Step 3113991/5000000 | Win rate (rollout): 0.33 | Loss: 0.048 | Opp label coverage: 0.90
Step 3114503/5000000 | Win rate (rollout): 0.56 | Loss: 0.072 | Opp label coverage: 0.85
Step 3115016/5000000 | Win rate (rollout): 0.69 | Loss: 0.134 | Opp label coverage: 0.91
Step 3115528/5000000 | Win rate (rollout): 0.44 | Loss: 0.051 | Opp label coverage: 0.84
Step 3116040/5000000 | Win rate (rollout): 0.36 | Loss: 0.080 | Opp label coverage: 0.83
Step 3116552/5000000 | Win rate (rollout): 0.29 | Loss: 0.065 | Opp label coverage: 0.81
Step 3117064/5000000 | Win rate (rollout): 0.60 | Loss: 0.046 | Opp label coverage: 0.91
Step 3117579/5000000 | Win rate (rollout): 0.38 | Loss: 0.078 | Opp label coverage: 0.90
Step 3118094/5000000 | Win rate (rollout): 0.50 | Loss: -0.012 | Opp label coverage: 0.91
Step 3118606/5000000 | Win rate (rollout): 0.40 | Loss: 0.054 | Opp label coverage: 0.85
Step 3119118/5000000 | Win rate (rollout): 0.31 | Loss: 0.047 | Opp label coverage: 0.80
Step 3119633/5000000 | Win rate (rollout): 0.45 | Loss: 0.024 | Opp label coverage: 0.90
Step 3120151/5000000 | Win rate (rollout): 0.54 | Loss: 0.009 | Opp label coverage: 0.89
Step 3120663/5000000 | Win rate (rollout): 0.27 | Loss: 0.069 | Opp label coverage: 0.82
Step 3121175/5000000 | Win rate (rollout): 0.38 | Loss: 0.067 | Opp label coverage: 0.80
Step 3121693/5000000 | Win rate (rollout): 0.70 | Loss: 0.043 | Opp label coverage: 0.91
Step 3122206/5000000 | Win rate (rollout): 0.45 | Loss: -0.037 | Opp label coverage: 0.91
Step 3122718/5000000 | Win rate (rollout): 0.33 | Loss: 0.037 | Opp label coverage: 0.83
Step 3123237/5000000 | Win rate (rollout): 0.57 | Loss: 0.036 | Opp label coverage: 0.92
Step 3123749/5000000 | Win rate (rollout): 0.36 | Loss: 0.078 | Opp label coverage: 0.78
Step 3124261/5000000 | Win rate (rollout): 0.71 | Loss: 0.027 | Opp label coverage: 0.91
Step 3124773/5000000 | Win rate (rollout): 0.45 | Loss: 0.092 | Opp label coverage: 0.83
Step 3125285/5000000 | Win rate (rollout): 0.56 | Loss: 0.042 | Opp label coverage: 0.91
Step 3125797/5000000 | Win rate (rollout): 0.38 | Loss: 0.047 | Opp label coverage: 0.84
Step 3126309/5000000 | Win rate (rollout): 0.36 | Loss: 0.065 | Opp label coverage: 0.79
Step 3126827/5000000 | Win rate (rollout): 0.60 | Loss: 0.055 | Opp label coverage: 0.90
Step 3127339/5000000 | Win rate (rollout): 0.36 | Loss: 0.065 | Opp label coverage: 0.89
Step 3127852/5000000 | Win rate (rollout): 0.47 | Loss: -0.011 | Opp label coverage: 0.88
Step 3128370/5000000 | Win rate (rollout): 0.60 | Loss: 0.075 | Opp label coverage: 0.90
Step 3128882/5000000 | Win rate (rollout): 0.58 | Loss: 0.089 | Opp label coverage: 0.76
Step 3129394/5000000 | Win rate (rollout): 0.67 | Loss: 0.052 | Opp label coverage: 0.88
Step 3129906/5000000 | Win rate (rollout): 0.42 | Loss: 0.091 | Opp label coverage: 0.82
Step 3130423/5000000 | Win rate (rollout): 0.60 | Loss: 0.032 | Opp label coverage: 0.91
Step 3130935/5000000 | Win rate (rollout): 0.89 | Loss: 0.050 | Opp label coverage: 0.83
Step 3131452/5000000 | Win rate (rollout): 0.50 | Loss: 0.059 | Opp label coverage: 0.90
Step 3131966/5000000 | Win rate (rollout): 0.58 | Loss: 0.093 | Opp label coverage: 0.90
Step 3132479/5000000 | Win rate (rollout): 0.43 | Loss: 0.098 | Opp label coverage: 0.89
Step 3132991/5000000 | Win rate (rollout): 0.33 | Loss: 0.072 | Opp label coverage: 0.87
Step 3133503/5000000 | Win rate (rollout): 0.50 | Loss: 0.059 | Opp label coverage: 0.80
Step 3134018/5000000 | Win rate (rollout): 0.36 | Loss: 0.016 | Opp label coverage: 0.89
Step 3134530/5000000 | Win rate (rollout): 0.62 | Loss: 0.051 | Opp label coverage: 0.81
Step 3135042/5000000 | Win rate (rollout): 0.54 | Loss: 0.065 | Opp label coverage: 0.79
Step 3135557/5000000 | Win rate (rollout): 0.30 | Loss: 0.043 | Opp label coverage: 0.90
Step 3136069/5000000 | Win rate (rollout): 0.36 | Loss: 0.057 | Opp label coverage: 0.81
Step 3136583/5000000 | Win rate (rollout): 0.50 | Loss: 0.004 | Opp label coverage: 0.90
Step 3137101/5000000 | Win rate (rollout): 0.42 | Loss: 0.046 | Opp label coverage: 0.92
Step 3137620/5000000 | Win rate (rollout): 0.57 | Loss: 0.092 | Opp label coverage: 0.90
Step 3138132/5000000 | Win rate (rollout): 0.50 | Loss: 0.042 | Opp label coverage: 0.79
Step 3138644/5000000 | Win rate (rollout): 0.64 | Loss: 0.059 | Opp label coverage: 0.83
Step 3139160/5000000 | Win rate (rollout): 0.27 | Loss: 0.000 | Opp label coverage: 0.87
Step 3139672/5000000 | Win rate (rollout): 0.50 | Loss: 0.042 | Opp label coverage: 0.83
Step 3140189/5000000 | Win rate (rollout): 0.71 | Loss: 0.001 | Opp label coverage: 0.92
Step 3140701/5000000 | Win rate (rollout): 0.36 | Loss: 0.034 | Opp label coverage: 0.79
Step 3141220/5000000 | Win rate (rollout): 0.50 | Loss: 0.031 | Opp label coverage: 0.92
Step 3141733/5000000 | Win rate (rollout): 0.60 | Loss: 0.095 | Opp label coverage: 0.91
Step 3142245/5000000 | Win rate (rollout): 0.27 | Loss: 0.034 | Opp label coverage: 0.85
Step 3142757/5000000 | Win rate (rollout): 0.15 | Loss: 0.042 | Opp label coverage: 0.79
Step 3143269/5000000 | Win rate (rollout): 0.20 | Loss: 0.012 | Opp label coverage: 0.79
Step 3143781/5000000 | Win rate (rollout): 0.33 | Loss: 0.065 | Opp label coverage: 0.84
Step 3144293/5000000 | Win rate (rollout): 0.25 | Loss: 0.069 | Opp label coverage: 0.80
Step 3144805/5000000 | Win rate (rollout): 0.38 | Loss: 0.034 | Opp label coverage: 0.91
Step 3145317/5000000 | Win rate (rollout): 0.57 | Loss: 0.037 | Opp label coverage: 0.86
Step 3145834/5000000 | Win rate (rollout): 0.56 | Loss: 0.057 | Opp label coverage: 0.90
Step 3146346/5000000 | Win rate (rollout): 0.25 | Loss: 0.071 | Opp label coverage: 0.82
Step 3146858/5000000 | Win rate (rollout): 0.38 | Loss: 0.065 | Opp label coverage: 0.84
Step 3147370/5000000 | Win rate (rollout): 0.45 | Loss: 0.048 | Opp label coverage: 0.90
Step 3147882/5000000 | Win rate (rollout): 0.70 | Loss: 0.100 | Opp label coverage: 0.83
Step 3148394/5000000 | Win rate (rollout): 0.86 | Loss: 0.037 | Opp label coverage: 0.83
Step 3148906/5000000 | Win rate (rollout): 0.46 | Loss: 0.065 | Opp label coverage: 0.81
Step 3149418/5000000 | Win rate (rollout): 0.43 | Loss: 0.041 | Opp label coverage: 0.88
Step 3149930/5000000 | Win rate (rollout): 0.50 | Loss: 0.037 | Opp label coverage: 0.79
Step 3150444/5000000 | Win rate (rollout): 0.57 | Loss: 0.129 | Opp label coverage: 0.92
Step 3150956/5000000 | Win rate (rollout): 0.33 | Loss: 0.056 | Opp label coverage: 0.85
Step 3151473/5000000 | Win rate (rollout): 0.45 | Loss: 0.058 | Opp label coverage: 0.89
Step 3151985/5000000 | Win rate (rollout): 0.75 | Loss: 0.033 | Opp label coverage: 0.87
Step 3152504/5000000 | Win rate (rollout): 0.73 | Loss: 0.023 | Opp label coverage: 0.90
Step 3153020/5000000 | Win rate (rollout): 0.46 | Loss: 0.079 | Opp label coverage: 0.90
Step 3153532/5000000 | Win rate (rollout): 0.57 | Loss: 0.060 | Opp label coverage: 0.88
Step 3154044/5000000 | Win rate (rollout): 0.50 | Loss: 0.043 | Opp label coverage: 0.82
Step 3154559/5000000 | Win rate (rollout): 0.33 | Loss: 0.091 | Opp label coverage: 0.89
Step 3155075/5000000 | Win rate (rollout): 0.50 | Loss: 0.093 | Opp label coverage: 0.91
Step 3155590/5000000 | Win rate (rollout): 0.62 | Loss: 0.054 | Opp label coverage: 0.92
Step 3156107/5000000 | Win rate (rollout): 0.64 | Loss: 0.087 | Opp label coverage: 0.92
Step 3156619/5000000 | Win rate (rollout): 0.13 | Loss: 0.039 | Opp label coverage: 0.88
Step 3157131/5000000 | Win rate (rollout): 0.55 | Loss: 0.071 | Opp label coverage: 0.80
Step 3157650/5000000 | Win rate (rollout): 0.40 | Loss: 0.048 | Opp label coverage: 0.89
Step 3158162/5000000 | Win rate (rollout): 0.17 | Loss: 0.057 | Opp label coverage: 0.79
Step 3158674/5000000 | Win rate (rollout): 0.33 | Loss: 0.078 | Opp label coverage: 0.89
Step 3159186/5000000 | Win rate (rollout): 0.15 | Loss: 0.025 | Opp label coverage: 0.88
Step 3159698/5000000 | Win rate (rollout): 0.18 | Loss: 0.054 | Opp label coverage: 0.83
Step 3160216/5000000 | Win rate (rollout): 0.33 | Loss: 0.023 | Opp label coverage: 0.89
Step 3160728/5000000 | Win rate (rollout): 0.43 | Loss: 0.030 | Opp label coverage: 0.81
Step 3161240/5000000 | Win rate (rollout): 0.44 | Loss: 0.042 | Opp label coverage: 0.89
Step 3161752/5000000 | Win rate (rollout): 0.47 | Loss: 0.063 | Opp label coverage: 0.91
Step 3162265/5000000 | Win rate (rollout): 0.64 | Loss: 0.045 | Opp label coverage: 0.91
Step 3162783/5000000 | Win rate (rollout): 0.29 | Loss: 0.083 | Opp label coverage: 0.89
Step 3163302/5000000 | Win rate (rollout): 0.75 | Loss: 0.068 | Opp label coverage: 0.92
Step 3163814/5000000 | Win rate (rollout): 0.71 | Loss: 0.039 | Opp label coverage: 0.80
Step 3164326/5000000 | Win rate (rollout): 0.50 | Loss: 0.043 | Opp label coverage: 0.79
Step 3164838/5000000 | Win rate (rollout): 0.40 | Loss: 0.065 | Opp label coverage: 0.87
Step 3165350/5000000 | Win rate (rollout): 0.33 | Loss: 0.070 | Opp label coverage: 0.86
Step 3165862/5000000 | Win rate (rollout): 0.44 | Loss: 0.104 | Opp label coverage: 0.89
Step 3166376/5000000 | Win rate (rollout): 0.62 | Loss: 0.063 | Opp label coverage: 0.91
Step 3166893/5000000 | Win rate (rollout): 0.38 | Loss: 0.047 | Opp label coverage: 0.89
Step 3167405/5000000 | Win rate (rollout): 0.29 | Loss: 0.019 | Opp label coverage: 0.81
Step 3167917/5000000 | Win rate (rollout): 0.44 | Loss: 0.073 | Opp label coverage: 0.77
Step 3168429/5000000 | Win rate (rollout): 0.88 | Loss: 0.042 | Opp label coverage: 0.82
Step 3168941/5000000 | Win rate (rollout): 0.25 | Loss: 0.061 | Opp label coverage: 0.90
Step 3169453/5000000 | Win rate (rollout): 0.31 | Loss: 0.083 | Opp label coverage: 0.80
Step 3169969/5000000 | Win rate (rollout): 0.38 | Loss: 0.042 | Opp label coverage: 0.90
Step 3170483/5000000 | Win rate (rollout): 0.62 | Loss: -0.031 | Opp label coverage: 0.91
Step 3170995/5000000 | Win rate (rollout): 0.38 | Loss: 0.066 | Opp label coverage: 0.76
Step 3171510/5000000 | Win rate (rollout): 0.50 | Loss: 0.014 | Opp label coverage: 0.92
Step 3172022/5000000 | Win rate (rollout): 0.43 | Loss: 0.027 | Opp label coverage: 0.83
Step 3172536/5000000 | Win rate (rollout): 0.50 | Loss: 0.088 | Opp label coverage: 0.90
Step 3173048/5000000 | Win rate (rollout): 0.50 | Loss: 0.040 | Opp label coverage: 0.82
Step 3173560/5000000 | Win rate (rollout): 0.50 | Loss: 0.070 | Opp label coverage: 0.83
Step 3174075/5000000 | Win rate (rollout): 0.33 | Loss: 0.047 | Opp label coverage: 0.90
Step 3174588/5000000 | Win rate (rollout): 0.42 | Loss: 0.027 | Opp label coverage: 0.89
Step 3175104/5000000 | Win rate (rollout): 0.62 | Loss: 0.041 | Opp label coverage: 0.90
Step 3175618/5000000 | Win rate (rollout): 0.31 | Loss: 0.105 | Opp label coverage: 0.90
Step 3176135/5000000 | Win rate (rollout): 0.33 | Loss: 0.064 | Opp label coverage: 0.88
Step 3176647/5000000 | Win rate (rollout): 0.50 | Loss: 0.063 | Opp label coverage: 0.78
Step 3177162/5000000 | Win rate (rollout): 0.75 | Loss: 0.085 | Opp label coverage: 0.92
Step 3177680/5000000 | Win rate (rollout): 0.79 | Loss: 0.083 | Opp label coverage: 0.91
Step 3178193/5000000 | Win rate (rollout): 0.50 | Loss: 0.028 | Opp label coverage: 0.88
Step 3178705/5000000 | Win rate (rollout): 0.45 | Loss: 0.029 | Opp label coverage: 0.78
Step 3179220/5000000 | Win rate (rollout): 0.38 | Loss: 0.019 | Opp label coverage: 0.89
Step 3179732/5000000 | Win rate (rollout): 0.55 | Loss: 0.059 | Opp label coverage: 0.80
Step 3180244/5000000 | Win rate (rollout): 0.56 | Loss: 0.095 | Opp label coverage: 0.81
Step 3180757/5000000 | Win rate (rollout): 0.89 | Loss: 0.037 | Opp label coverage: 0.93
Step 3181269/5000000 | Win rate (rollout): 0.50 | Loss: 0.073 | Opp label coverage: 0.85
Step 3181781/5000000 | Win rate (rollout): 0.50 | Loss: 0.075 | Opp label coverage: 0.84
Step 3182297/5000000 | Win rate (rollout): 0.27 | Loss: 0.074 | Opp label coverage: 0.89
Step 3182815/5000000 | Win rate (rollout): 0.57 | Loss: 0.031 | Opp label coverage: 0.89
Step 3183327/5000000 | Win rate (rollout): 0.25 | Loss: 0.037 | Opp label coverage: 0.83
Step 3183842/5000000 | Win rate (rollout): 0.56 | Loss: 0.051 | Opp label coverage: 0.88
Step 3184354/5000000 | Win rate (rollout): 0.50 | Loss: 0.064 | Opp label coverage: 0.78
Step 3184866/5000000 | Win rate (rollout): 0.14 | Loss: 0.029 | Opp label coverage: 0.77
Step 3185380/5000000 | Win rate (rollout): 0.33 | Loss: 0.098 | Opp label coverage: 0.89
Step 3185892/5000000 | Win rate (rollout): 0.38 | Loss: 0.066 | Opp label coverage: 0.79
Step 3186404/5000000 | Win rate (rollout): 0.27 | Loss: 0.055 | Opp label coverage: 0.84
Step 3186916/5000000 | Win rate (rollout): 0.42 | Loss: 0.051 | Opp label coverage: 0.84
Step 3187428/5000000 | Win rate (rollout): 0.33 | Loss: 0.057 | Opp label coverage: 0.82
Step 3187940/5000000 | Win rate (rollout): 0.50 | Loss: 0.051 | Opp label coverage: 0.83
Step 3188452/5000000 | Win rate (rollout): 0.56 | Loss: 0.060 | Opp label coverage: 0.90
Step 3188964/5000000 | Win rate (rollout): 0.20 | Loss: 0.032 | Opp label coverage: 0.84
Step 3189478/5000000 | Win rate (rollout): 0.38 | Loss: 0.090 | Opp label coverage: 0.91
Step 3189994/5000000 | Win rate (rollout): 0.57 | Loss: 0.092 | Opp label coverage: 0.90
Step 3190510/5000000 | Win rate (rollout): 0.69 | Loss: 0.022 | Opp label coverage: 0.91
Step 3191022/5000000 | Win rate (rollout): 0.50 | Loss: 0.048 | Opp label coverage: 0.83
Step 3191535/5000000 | Win rate (rollout): 0.62 | Loss: 0.057 | Opp label coverage: 0.90
Step 3192052/5000000 | Win rate (rollout): 0.54 | Loss: 0.076 | Opp label coverage: 0.94
Step 3192564/5000000 | Win rate (rollout): 0.33 | Loss: 0.033 | Opp label coverage: 0.83
Step 3193076/5000000 | Win rate (rollout): 0.42 | Loss: 0.065 | Opp label coverage: 0.83
Step 3193588/5000000 | Win rate (rollout): 0.46 | Loss: 0.080 | Opp label coverage: 0.85
Step 3194105/5000000 | Win rate (rollout): 0.33 | Loss: 0.071 | Opp label coverage: 0.89
Step 3194617/5000000 | Win rate (rollout): 0.31 | Loss: 0.052 | Opp label coverage: 0.80
Step 3195129/5000000 | Win rate (rollout): 0.50 | Loss: 0.061 | Opp label coverage: 0.81
Step 3195642/5000000 | Win rate (rollout): 0.38 | Loss: -0.001 | Opp label coverage: 0.89
Step 3196159/5000000 | Win rate (rollout): 0.50 | Loss: 0.043 | Opp label coverage: 0.90
Step 3196677/5000000 | Win rate (rollout): 0.31 | Loss: 0.080 | Opp label coverage: 0.88
Step 3197189/5000000 | Win rate (rollout): 0.08 | Loss: 0.051 | Opp label coverage: 0.83
Step 3197705/5000000 | Win rate (rollout): 0.60 | Loss: 0.050 | Opp label coverage: 0.90
Step 3198223/5000000 | Win rate (rollout): 0.77 | Loss: 0.046 | Opp label coverage: 0.93
Step 3198736/5000000 | Win rate (rollout): 0.50 | Loss: 0.082 | Opp label coverage: 0.91
Step 3199248/5000000 | Win rate (rollout): 0.42 | Loss: 0.059 | Opp label coverage: 0.87
Step 3199764/5000000 | Win rate (rollout): 0.40 | Loss: 0.077 | Opp label coverage: 0.90
Step 3200280/5000000 | Win rate (rollout): 0.42 | Loss: 0.009 | Opp label coverage: 0.90
Step 3200792/5000000 | Win rate (rollout): 0.55 | Loss: 0.045 | Opp label coverage: 0.81
Step 3201306/5000000 | Win rate (rollout): 0.36 | Loss: 0.005 | Opp label coverage: 0.90
Step 3201818/5000000 | Win rate (rollout): 0.36 | Loss: 0.048 | Opp label coverage: 0.84
Step 3202330/5000000 | Win rate (rollout): 0.38 | Loss: 0.043 | Opp label coverage: 0.84
Step 3202842/5000000 | Win rate (rollout): 0.55 | Loss: 0.065 | Opp label coverage: 0.80
Step 3203356/5000000 | Win rate (rollout): 0.43 | Loss: 0.069 | Opp label coverage: 0.90
Step 3203868/5000000 | Win rate (rollout): 0.33 | Loss: 0.039 | Opp label coverage: 0.83
Step 3204380/5000000 | Win rate (rollout): 0.45 | Loss: 0.074 | Opp label coverage: 0.82
Step 3204895/5000000 | Win rate (rollout): 0.12 | Loss: -0.037 | Opp label coverage: 0.89
Step 3205412/5000000 | Win rate (rollout): 0.58 | Loss: 0.041 | Opp label coverage: 0.91
Step 3205930/5000000 | Win rate (rollout): 0.29 | Loss: 0.068 | Opp label coverage: 0.89
Step 3206442/5000000 | Win rate (rollout): 0.21 | Loss: 0.036 | Opp label coverage: 0.84
Step 3206954/5000000 | Win rate (rollout): 0.50 | Loss: 0.087 | Opp label coverage: 0.80
Step 3207466/5000000 | Win rate (rollout): 0.62 | Loss: 0.050 | Opp label coverage: 0.92
Step 3207978/5000000 | Win rate (rollout): 0.20 | Loss: 0.029 | Opp label coverage: 0.91
Step 3208497/5000000 | Win rate (rollout): 0.46 | Loss: 0.042 | Opp label coverage: 0.89
Step 3209012/5000000 | Win rate (rollout): 0.50 | Loss: 0.078 | Opp label coverage: 0.91
Step 3209529/5000000 | Win rate (rollout): 0.69 | Loss: 0.062 | Opp label coverage: 0.90
Step 3210041/5000000 | Win rate (rollout): 0.67 | Loss: 0.050 | Opp label coverage: 0.80
Step 3210558/5000000 | Win rate (rollout): 0.50 | Loss: 0.048 | Opp label coverage: 0.89
Step 3211072/5000000 | Win rate (rollout): 0.67 | Loss: -0.002 | Opp label coverage: 0.92
Step 3211587/5000000 | Win rate (rollout): 0.54 | Loss: 0.023 | Opp label coverage: 0.90
Step 3212103/5000000 | Win rate (rollout): 0.75 | Loss: -0.016 | Opp label coverage: 0.94
Step 3212615/5000000 | Win rate (rollout): 0.46 | Loss: 0.056 | Opp label coverage: 0.85
Step 3213127/5000000 | Win rate (rollout): 0.47 | Loss: 0.060 | Opp label coverage: 0.78
Step 3213643/5000000 | Win rate (rollout): 0.56 | Loss: 0.035 | Opp label coverage: 0.90
Step 3214159/5000000 | Win rate (rollout): 0.50 | Loss: 0.094 | Opp label coverage: 0.92
Step 3214671/5000000 | Win rate (rollout): 0.30 | Loss: 0.065 | Opp label coverage: 0.85
Step 3215183/5000000 | Win rate (rollout): 0.38 | Loss: 0.077 | Opp label coverage: 0.79
Step 3215695/5000000 | Win rate (rollout): 0.17 | Loss: 0.068 | Opp label coverage: 0.80
Step 3216210/5000000 | Win rate (rollout): 0.50 | Loss: 0.070 | Opp label coverage: 0.90
Step 3216728/5000000 | Win rate (rollout): 0.70 | Loss: 0.025 | Opp label coverage: 0.92
Step 3217240/5000000 | Win rate (rollout): 0.58 | Loss: 0.070 | Opp label coverage: 0.79
Step 3217752/5000000 | Win rate (rollout): 0.33 | Loss: 0.051 | Opp label coverage: 0.83
Step 3218267/5000000 | Win rate (rollout): 0.60 | Loss: 0.095 | Opp label coverage: 0.91
Step 3218779/5000000 | Win rate (rollout): 0.58 | Loss: 0.102 | Opp label coverage: 0.81
Step 3219294/5000000 | Win rate (rollout): 0.50 | Loss: 0.053 | Opp label coverage: 0.91
Step 3219806/5000000 | Win rate (rollout): 0.29 | Loss: 0.062 | Opp label coverage: 0.89
Step 3220318/5000000 | Win rate (rollout): 0.50 | Loss: 0.054 | Opp label coverage: 0.76
Step 3220830/5000000 | Win rate (rollout): 0.40 | Loss: 0.068 | Opp label coverage: 0.81
Step 3221342/5000000 | Win rate (rollout): 0.67 | Loss: 0.078 | Opp label coverage: 0.78
Step 3221859/5000000 | Win rate (rollout): 0.44 | Loss: 0.109 | Opp label coverage: 0.89
Step 3222371/5000000 | Win rate (rollout): 0.56 | Loss: 0.053 | Opp label coverage: 0.83
Step 3222883/5000000 | Win rate (rollout): 0.42 | Loss: 0.008 | Opp label coverage: 0.81
Step 3223395/5000000 | Win rate (rollout): 0.64 | Loss: 0.036 | Opp label coverage: 0.82
Step 3223907/5000000 | Win rate (rollout): 0.50 | Loss: 0.041 | Opp label coverage: 0.75
Step 3224419/5000000 | Win rate (rollout): 0.11 | Loss: 0.049 | Opp label coverage: 0.81
Step 3224932/5000000 | Win rate (rollout): 0.56 | Loss: 0.115 | Opp label coverage: 0.90
Step 3225444/5000000 | Win rate (rollout): 0.55 | Loss: 0.084 | Opp label coverage: 0.79
Step 3225956/5000000 | Win rate (rollout): 0.44 | Loss: 0.063 | Opp label coverage: 0.81
Step 3226468/5000000 | Win rate (rollout): 0.33 | Loss: 0.093 | Opp label coverage: 0.80
Step 3226980/5000000 | Win rate (rollout): 0.75 | Loss: 0.092 | Opp label coverage: 0.79
Step 3227492/5000000 | Win rate (rollout): 0.50 | Loss: 0.049 | Opp label coverage: 0.82
Step 3228010/5000000 | Win rate (rollout): 0.67 | Loss: 0.038 | Opp label coverage: 0.90
Step 3228525/5000000 | Win rate (rollout): 0.62 | Loss: 0.022 | Opp label coverage: 0.90
Step 3229037/5000000 | Win rate (rollout): 0.77 | Loss: 0.054 | Opp label coverage: 0.92
Step 3229550/5000000 | Win rate (rollout): 0.57 | Loss: 0.124 | Opp label coverage: 0.91
Step 3230062/5000000 | Win rate (rollout): 0.09 | Loss: 0.065 | Opp label coverage: 0.81
Step 3230574/5000000 | Win rate (rollout): 0.33 | Loss: 0.082 | Opp label coverage: 0.83
Step 3231090/5000000 | Win rate (rollout): 0.62 | Loss: 0.033 | Opp label coverage: 0.91
Step 3231603/5000000 | Win rate (rollout): 0.60 | Loss: 0.064 | Opp label coverage: 0.90
Step 3232117/5000000 | Win rate (rollout): 0.53 | Loss: 0.083 | Opp label coverage: 0.88
Step 3232635/5000000 | Win rate (rollout): 0.57 | Loss: 0.075 | Opp label coverage: 0.89
Step 3233149/5000000 | Win rate (rollout): 0.73 | Loss: -0.003 | Opp label coverage: 0.91
Step 3233661/5000000 | Win rate (rollout): 0.23 | Loss: 0.056 | Opp label coverage: 0.81
Step 3234177/5000000 | Win rate (rollout): 0.30 | Loss: 0.005 | Opp label coverage: 0.91
Step 3234689/5000000 | Win rate (rollout): 0.45 | Loss: 0.071 | Opp label coverage: 0.80
Step 3235201/5000000 | Win rate (rollout): 0.28 | Loss: 0.084 | Opp label coverage: 0.83
Step 3235713/5000000 | Win rate (rollout): 0.46 | Loss: 0.079 | Opp label coverage: 0.78
Step 3236225/5000000 | Win rate (rollout): 0.56 | Loss: 0.049 | Opp label coverage: 0.80
Step 3236744/5000000 | Win rate (rollout): 0.25 | Loss: 0.034 | Opp label coverage: 0.90
Step 3237256/5000000 | Win rate (rollout): 0.25 | Loss: 0.043 | Opp label coverage: 0.83
Step 3237768/5000000 | Win rate (rollout): 0.29 | Loss: 0.049 | Opp label coverage: 0.83
Step 3238284/5000000 | Win rate (rollout): 0.44 | Loss: 0.073 | Opp label coverage: 0.90
Step 3238796/5000000 | Win rate (rollout): 0.45 | Loss: 0.075 | Opp label coverage: 0.80
Step 3239308/5000000 | Win rate (rollout): 0.53 | Loss: 0.074 | Opp label coverage: 0.79
Step 3239824/5000000 | Win rate (rollout): 0.38 | Loss: 0.053 | Opp label coverage: 0.89
Step 3240336/5000000 | Win rate (rollout): 0.38 | Loss: 0.062 | Opp label coverage: 0.80
Step 3240848/5000000 | Win rate (rollout): 0.57 | Loss: 0.049 | Opp label coverage: 0.79
Step 3241363/5000000 | Win rate (rollout): 0.40 | Loss: 0.029 | Opp label coverage: 0.90
Step 3241876/5000000 | Win rate (rollout): 0.56 | Loss: 0.004 | Opp label coverage: 0.92
Step 3242388/5000000 | Win rate (rollout): 0.55 | Loss: 0.045 | Opp label coverage: 0.75
Step 3242900/5000000 | Win rate (rollout): 0.50 | Loss: 0.044 | Opp label coverage: 0.82
Step 3243412/5000000 | Win rate (rollout): 0.43 | Loss: 0.101 | Opp label coverage: 0.81
Step 3243925/5000000 | Win rate (rollout): 0.38 | Loss: 0.143 | Opp label coverage: 0.90
Step 3244438/5000000 | Win rate (rollout): 0.29 | Loss: 0.073 | Opp label coverage: 0.90
Step 3244950/5000000 | Win rate (rollout): 0.40 | Loss: 0.055 | Opp label coverage: 0.77
Step 3245462/5000000 | Win rate (rollout): 0.67 | Loss: 0.066 | Opp label coverage: 0.91
Step 3245975/5000000 | Win rate (rollout): 0.50 | Loss: -0.000 | Opp label coverage: 0.93
Step 3246487/5000000 | Win rate (rollout): 0.55 | Loss: 0.052 | Opp label coverage: 0.82
Step 3247004/5000000 | Win rate (rollout): 0.67 | Loss: 0.056 | Opp label coverage: 0.90
Step 3247522/5000000 | Win rate (rollout): 0.29 | Loss: 0.040 | Opp label coverage: 0.89
Step 3248034/5000000 | Win rate (rollout): 0.29 | Loss: 0.078 | Opp label coverage: 0.90
Step 3248550/5000000 | Win rate (rollout): 0.38 | Loss: 0.095 | Opp label coverage: 0.90
Step 3249063/5000000 | Win rate (rollout): 0.60 | Loss: 0.011 | Opp label coverage: 0.89
Step 3249575/5000000 | Win rate (rollout): 0.62 | Loss: 0.085 | Opp label coverage: 0.80
[checkpoint] Saved models/ppo/checkpoints/bcft/ppo_step_3250047.pt
Step 3250087/5000000 | Win rate (rollout): 0.20 | Loss: 0.057 | Opp label coverage: 0.83
Step 3250599/5000000 | Win rate (rollout): 0.35 | Loss: 0.081 | Opp label coverage: 0.77
Step 3251112/5000000 | Win rate (rollout): 0.33 | Loss: -0.040 | Opp label coverage: 0.90
Step 3251628/5000000 | Win rate (rollout): 0.64 | Loss: 0.090 | Opp label coverage: 0.90
Step 3252143/5000000 | Win rate (rollout): 0.70 | Loss: 0.061 | Opp label coverage: 0.91
Step 3252659/5000000 | Win rate (rollout): 0.38 | Loss: 0.063 | Opp label coverage: 0.89
Step 3253175/5000000 | Win rate (rollout): 0.40 | Loss: 0.029 | Opp label coverage: 0.90
Step 3253687/5000000 | Win rate (rollout): 0.67 | Loss: 0.094 | Opp label coverage: 0.77
Step 3254199/5000000 | Win rate (rollout): 0.70 | Loss: 0.038 | Opp label coverage: 0.87
Step 3254711/5000000 | Win rate (rollout): 0.09 | Loss: 0.034 | Opp label coverage: 0.82
Step 3255227/5000000 | Win rate (rollout): 0.38 | Loss: -0.056 | Opp label coverage: 0.90
Step 3255739/5000000 | Win rate (rollout): 0.33 | Loss: 0.040 | Opp label coverage: 0.84
Step 3256251/5000000 | Win rate (rollout): 0.38 | Loss: 0.058 | Opp label coverage: 0.90
Step 3256763/5000000 | Win rate (rollout): 0.30 | Loss: 0.051 | Opp label coverage: 0.79
Step 3257281/5000000 | Win rate (rollout): 0.44 | Loss: 0.074 | Opp label coverage: 0.89
Step 3257800/5000000 | Win rate (rollout): 0.47 | Loss: 0.083 | Opp label coverage: 0.90
Step 3258312/5000000 | Win rate (rollout): 0.22 | Loss: 0.057 | Opp label coverage: 0.79
Step 3258824/5000000 | Win rate (rollout): 0.44 | Loss: 0.042 | Opp label coverage: 0.87
Step 3259338/5000000 | Win rate (rollout): 0.50 | Loss: 0.044 | Opp label coverage: 0.90
Step 3259851/5000000 | Win rate (rollout): 0.46 | Loss: 0.048 | Opp label coverage: 0.90
Step 3260365/5000000 | Win rate (rollout): 0.55 | Loss: -0.012 | Opp label coverage: 0.92
Step 3260880/5000000 | Win rate (rollout): 0.50 | Loss: 0.007 | Opp label coverage: 0.89
Step 3261393/5000000 | Win rate (rollout): 0.40 | Loss: 0.040 | Opp label coverage: 0.90
Step 3261907/5000000 | Win rate (rollout): 0.27 | Loss: 0.065 | Opp label coverage: 0.91
Step 3262424/5000000 | Win rate (rollout): 0.50 | Loss: 0.052 | Opp label coverage: 0.92
Step 3262936/5000000 | Win rate (rollout): 0.60 | Loss: 0.061 | Opp label coverage: 0.78
Step 3263448/5000000 | Win rate (rollout): 0.20 | Loss: 0.047 | Opp label coverage: 0.89
Step 3263965/5000000 | Win rate (rollout): 0.29 | Loss: 0.058 | Opp label coverage: 0.90
Step 3264477/5000000 | Win rate (rollout): 0.33 | Loss: 0.082 | Opp label coverage: 0.86
Step 3264989/5000000 | Win rate (rollout): 0.40 | Loss: 0.068 | Opp label coverage: 0.84
Step 3265501/5000000 | Win rate (rollout): 0.21 | Loss: 0.023 | Opp label coverage: 0.81
Step 3266017/5000000 | Win rate (rollout): 0.77 | Loss: 0.072 | Opp label coverage: 0.89
Step 3266529/5000000 | Win rate (rollout): 0.33 | Loss: 0.044 | Opp label coverage: 0.83
Step 3267041/5000000 | Win rate (rollout): 0.33 | Loss: 0.040 | Opp label coverage: 0.79
Step 3267553/5000000 | Win rate (rollout): 0.43 | Loss: 0.032 | Opp label coverage: 0.87
Step 3268071/5000000 | Win rate (rollout): 0.50 | Loss: 0.070 | Opp label coverage: 0.91
Step 3268583/5000000 | Win rate (rollout): 0.62 | Loss: 0.043 | Opp label coverage: 0.85
Step 3269095/5000000 | Win rate (rollout): 0.44 | Loss: 0.038 | Opp label coverage: 0.86
Step 3269608/5000000 | Win rate (rollout): 0.50 | Loss: 0.051 | Opp label coverage: 0.91
Step 3270127/5000000 | Win rate (rollout): 0.46 | Loss: 0.055 | Opp label coverage: 0.91
Step 3270639/5000000 | Win rate (rollout): 0.44 | Loss: 0.052 | Opp label coverage: 0.82
Step 3271151/5000000 | Win rate (rollout): 0.40 | Loss: 0.068 | Opp label coverage: 0.90
Step 3271666/5000000 | Win rate (rollout): 0.47 | Loss: 0.098 | Opp label coverage: 0.90
Step 3272179/5000000 | Win rate (rollout): 0.50 | Loss: -0.025 | Opp label coverage: 0.90
Step 3272691/5000000 | Win rate (rollout): 0.30 | Loss: 0.047 | Opp label coverage: 0.92
Step 3273207/5000000 | Win rate (rollout): 0.54 | Loss: 0.054 | Opp label coverage: 0.92
Step 3273719/5000000 | Win rate (rollout): 0.60 | Loss: 0.048 | Opp label coverage: 0.92
Step 3274234/5000000 | Win rate (rollout): 0.58 | Loss: 0.032 | Opp label coverage: 0.91
Step 3274747/5000000 | Win rate (rollout): 0.50 | Loss: 0.024 | Opp label coverage: 0.92
Step 3275261/5000000 | Win rate (rollout): 0.44 | Loss: 0.013 | Opp label coverage: 0.91
Step 3275773/5000000 | Win rate (rollout): 0.42 | Loss: 0.064 | Opp label coverage: 0.81
Step 3276287/5000000 | Win rate (rollout): 0.36 | Loss: 0.018 | Opp label coverage: 0.88
Step 3276806/5000000 | Win rate (rollout): 0.33 | Loss: 0.038 | Opp label coverage: 0.88
Step 3277321/5000000 | Win rate (rollout): 0.47 | Loss: 0.043 | Opp label coverage: 0.89
Step 3277837/5000000 | Win rate (rollout): 0.67 | Loss: 0.084 | Opp label coverage: 0.92
Step 3278349/5000000 | Win rate (rollout): 0.30 | Loss: 0.056 | Opp label coverage: 0.83
Step 3278861/5000000 | Win rate (rollout): 0.33 | Loss: 0.028 | Opp label coverage: 0.83
Step 3279373/5000000 | Win rate (rollout): 0.46 | Loss: 0.056 | Opp label coverage: 0.82
Step 3279885/5000000 | Win rate (rollout): 0.33 | Loss: 0.027 | Opp label coverage: 0.77
Step 3280397/5000000 | Win rate (rollout): 0.55 | Loss: 0.064 | Opp label coverage: 0.82
Step 3280913/5000000 | Win rate (rollout): 0.11 | Loss: 0.076 | Opp label coverage: 0.90
Step 3281425/5000000 | Win rate (rollout): 0.71 | Loss: 0.036 | Opp label coverage: 0.81
Step 3281937/5000000 | Win rate (rollout): 0.43 | Loss: 0.055 | Opp label coverage: 0.79
Step 3282450/5000000 | Win rate (rollout): 0.50 | Loss: 0.090 | Opp label coverage: 0.90
Step 3282968/5000000 | Win rate (rollout): 0.69 | Loss: 0.086 | Opp label coverage: 0.90
Step 3283484/5000000 | Win rate (rollout): 0.70 | Loss: 0.032 | Opp label coverage: 0.94
Step 3283996/5000000 | Win rate (rollout): 0.17 | Loss: 0.074 | Opp label coverage: 0.82
Step 3284508/5000000 | Win rate (rollout): 0.33 | Loss: 0.050 | Opp label coverage: 0.76
Step 3285023/5000000 | Win rate (rollout): 0.50 | Loss: 0.056 | Opp label coverage: 0.89
Step 3285541/5000000 | Win rate (rollout): 0.67 | Loss: 0.085 | Opp label coverage: 0.91
Step 3286053/5000000 | Win rate (rollout): 0.44 | Loss: 0.038 | Opp label coverage: 0.82
Step 3286565/5000000 | Win rate (rollout): 0.23 | Loss: 0.083 | Opp label coverage: 0.83
Step 3287080/5000000 | Win rate (rollout): 0.56 | Loss: 0.048 | Opp label coverage: 0.90
Step 3287592/5000000 | Win rate (rollout): 0.43 | Loss: 0.051 | Opp label coverage: 0.88
Step 3288104/5000000 | Win rate (rollout): 0.33 | Loss: 0.068 | Opp label coverage: 0.83
Step 3288618/5000000 | Win rate (rollout): 0.57 | Loss: 0.030 | Opp label coverage: 0.90
Step 3289130/5000000 | Win rate (rollout): 0.20 | Loss: 0.057 | Opp label coverage: 0.80
Step 3289642/5000000 | Win rate (rollout): 0.19 | Loss: 0.062 | Opp label coverage: 0.79
Step 3290157/5000000 | Win rate (rollout): 0.55 | Loss: -0.019 | Opp label coverage: 0.90
Step 3290674/5000000 | Win rate (rollout): 0.17 | Loss: 0.025 | Opp label coverage: 0.88
Step 3291193/5000000 | Win rate (rollout): 0.33 | Loss: 0.038 | Opp label coverage: 0.91
Step 3291705/5000000 | Win rate (rollout): 0.12 | Loss: 0.028 | Opp label coverage: 0.79
Step 3292217/5000000 | Win rate (rollout): 0.40 | Loss: 0.059 | Opp label coverage: 0.79
Step 3292729/5000000 | Win rate (rollout): 0.41 | Loss: 0.056 | Opp label coverage: 0.83
Step 3293241/5000000 | Win rate (rollout): 0.00 | Loss: 0.033 | Opp label coverage: 0.84
Step 3293753/5000000 | Win rate (rollout): 0.38 | Loss: 0.051 | Opp label coverage: 0.85
Step 3294265/5000000 | Win rate (rollout): 0.18 | Loss: 0.026 | Opp label coverage: 0.76
Step 3294782/5000000 | Win rate (rollout): 0.67 | Loss: 0.064 | Opp label coverage: 0.91
Step 3295297/5000000 | Win rate (rollout): 0.21 | Loss: -0.009 | Opp label coverage: 0.89
Step 3295812/5000000 | Win rate (rollout): 0.29 | Loss: 0.027 | Opp label coverage: 0.90
Step 3296324/5000000 | Win rate (rollout): 0.57 | Loss: 0.088 | Opp label coverage: 0.79
Step 3296838/5000000 | Win rate (rollout): 0.88 | Loss: 0.065 | Opp label coverage: 0.90
Step 3297355/5000000 | Win rate (rollout): 0.56 | Loss: 0.068 | Opp label coverage: 0.91
Step 3297870/5000000 | Win rate (rollout): 0.36 | Loss: 0.008 | Opp label coverage: 0.91
Step 3298382/5000000 | Win rate (rollout): 0.33 | Loss: 0.035 | Opp label coverage: 0.82
Step 3298894/5000000 | Win rate (rollout): 0.38 | Loss: 0.023 | Opp label coverage: 0.80
Step 3299406/5000000 | Win rate (rollout): 0.40 | Loss: 0.085 | Opp label coverage: 0.88
Step 3299918/5000000 | Win rate (rollout): 0.10 | Loss: 0.023 | Opp label coverage: 0.86
Step 3300431/5000000 | Win rate (rollout): 0.50 | Loss: 0.049 | Opp label coverage: 0.92
Step 3300943/5000000 | Win rate (rollout): 0.38 | Loss: 0.049 | Opp label coverage: 0.86
Step 3301460/5000000 | Win rate (rollout): 0.38 | Loss: 0.039 | Opp label coverage: 0.92
Step 3301972/5000000 | Win rate (rollout): 0.46 | Loss: 0.096 | Opp label coverage: 0.80
Step 3302485/5000000 | Win rate (rollout): 0.62 | Loss: 0.108 | Opp label coverage: 0.90
Step 3303000/5000000 | Win rate (rollout): 0.50 | Loss: 0.054 | Opp label coverage: 0.89
Step 3303512/5000000 | Win rate (rollout): 0.33 | Loss: 0.036 | Opp label coverage: 0.80
Step 3304024/5000000 | Win rate (rollout): 0.50 | Loss: 0.054 | Opp label coverage: 0.81
Step 3304543/5000000 | Win rate (rollout): 0.38 | Loss: 0.044 | Opp label coverage: 0.92
Step 3305057/5000000 | Win rate (rollout): 0.56 | Loss: 0.130 | Opp label coverage: 0.89
Step 3305569/5000000 | Win rate (rollout): 0.42 | Loss: 0.040 | Opp label coverage: 0.88
Step 3306081/5000000 | Win rate (rollout): 0.29 | Loss: 0.046 | Opp label coverage: 0.84
Step 3306593/5000000 | Win rate (rollout): 0.29 | Loss: 0.057 | Opp label coverage: 0.81
Step 3307105/5000000 | Win rate (rollout): 0.88 | Loss: 0.049 | Opp label coverage: 0.78
Step 3307618/5000000 | Win rate (rollout): 0.67 | Loss: 0.085 | Opp label coverage: 0.92
Step 3308130/5000000 | Win rate (rollout): 0.11 | Loss: 0.048 | Opp label coverage: 0.77
Step 3308644/5000000 | Win rate (rollout): 0.56 | Loss: 0.116 | Opp label coverage: 0.92
Step 3309159/5000000 | Win rate (rollout): 0.40 | Loss: 0.052 | Opp label coverage: 0.90
Step 3309674/5000000 | Win rate (rollout): 0.64 | Loss: 0.021 | Opp label coverage: 0.90
Step 3310186/5000000 | Win rate (rollout): 0.44 | Loss: 0.045 | Opp label coverage: 0.84
Step 3310698/5000000 | Win rate (rollout): 0.64 | Loss: 0.079 | Opp label coverage: 0.88
Step 3311210/5000000 | Win rate (rollout): 0.60 | Loss: 0.042 | Opp label coverage: 0.79
Step 3311727/5000000 | Win rate (rollout): 0.64 | Loss: 0.044 | Opp label coverage: 0.91
Step 3312241/5000000 | Win rate (rollout): 0.31 | Loss: 0.100 | Opp label coverage: 0.89
Step 3312753/5000000 | Win rate (rollout): 0.40 | Loss: 0.033 | Opp label coverage: 0.91
Step 3313265/5000000 | Win rate (rollout): 0.33 | Loss: 0.055 | Opp label coverage: 0.79
Step 3313777/5000000 | Win rate (rollout): 0.19 | Loss: 0.055 | Opp label coverage: 0.82
Step 3314289/5000000 | Win rate (rollout): 0.43 | Loss: 0.042 | Opp label coverage: 0.91
Step 3314801/5000000 | Win rate (rollout): 0.38 | Loss: 0.067 | Opp label coverage: 0.82
Step 3315313/5000000 | Win rate (rollout): 0.67 | Loss: 0.030 | Opp label coverage: 0.80
Step 3315829/5000000 | Win rate (rollout): 0.56 | Loss: 0.092 | Opp label coverage: 0.91
Step 3316341/5000000 | Win rate (rollout): 0.30 | Loss: 0.044 | Opp label coverage: 0.83
Step 3316853/5000000 | Win rate (rollout): 0.46 | Loss: 0.062 | Opp label coverage: 0.82
Step 3317367/5000000 | Win rate (rollout): 0.56 | Loss: 0.055 | Opp label coverage: 0.91
Step 3317884/5000000 | Win rate (rollout): 0.54 | Loss: 0.040 | Opp label coverage: 0.90
Step 3318396/5000000 | Win rate (rollout): 0.22 | Loss: 0.054 | Opp label coverage: 0.79
Step 3318908/5000000 | Win rate (rollout): 0.50 | Loss: 0.088 | Opp label coverage: 0.76
Step 3319420/5000000 | Win rate (rollout): 0.57 | Loss: 0.070 | Opp label coverage: 0.79
Step 3319932/5000000 | Win rate (rollout): 0.38 | Loss: 0.075 | Opp label coverage: 0.89
Step 3320451/5000000 | Win rate (rollout): 0.56 | Loss: 0.055 | Opp label coverage: 0.91
Step 3320963/5000000 | Win rate (rollout): 0.17 | Loss: 0.035 | Opp label coverage: 0.85
Step 3321478/5000000 | Win rate (rollout): 0.44 | Loss: 0.107 | Opp label coverage: 0.90
Step 3321992/5000000 | Win rate (rollout): 0.43 | Loss: -0.012 | Opp label coverage: 0.89
Step 3322506/5000000 | Win rate (rollout): 0.58 | Loss: 0.062 | Opp label coverage: 0.90
Step 3323018/5000000 | Win rate (rollout): 0.17 | Loss: 0.023 | Opp label coverage: 0.83
Step 3323530/5000000 | Win rate (rollout): 0.42 | Loss: 0.068 | Opp label coverage: 0.84
Step 3324042/5000000 | Win rate (rollout): 0.50 | Loss: 0.059 | Opp label coverage: 0.81
Step 3324556/5000000 | Win rate (rollout): 0.30 | Loss: -0.004 | Opp label coverage: 0.89
Step 3325068/5000000 | Win rate (rollout): 0.53 | Loss: 0.115 | Opp label coverage: 0.81
Step 3325580/5000000 | Win rate (rollout): 0.47 | Loss: 0.070 | Opp label coverage: 0.77
Step 3326098/5000000 | Win rate (rollout): 0.44 | Loss: 0.070 | Opp label coverage: 0.89
Step 3326614/5000000 | Win rate (rollout): 0.50 | Loss: 0.073 | Opp label coverage: 0.92
Step 3327126/5000000 | Win rate (rollout): 0.42 | Loss: 0.040 | Opp label coverage: 0.81
Step 3327638/5000000 | Win rate (rollout): 0.30 | Loss: 0.062 | Opp label coverage: 0.84
Step 3328150/5000000 | Win rate (rollout): 0.50 | Loss: 0.095 | Opp label coverage: 0.76
Step 3328665/5000000 | Win rate (rollout): 0.67 | Loss: 0.065 | Opp label coverage: 0.90
Step 3329184/5000000 | Win rate (rollout): 0.29 | Loss: 0.052 | Opp label coverage: 0.90
Step 3329700/5000000 | Win rate (rollout): 0.64 | Loss: 0.089 | Opp label coverage: 0.90
Step 3330212/5000000 | Win rate (rollout): 0.42 | Loss: 0.046 | Opp label coverage: 0.74
Step 3330727/5000000 | Win rate (rollout): 0.25 | Loss: 0.054 | Opp label coverage: 0.89
Step 3331239/5000000 | Win rate (rollout): 0.43 | Loss: 0.054 | Opp label coverage: 0.90
Step 3331751/5000000 | Win rate (rollout): 0.50 | Loss: 0.046 | Opp label coverage: 0.93
Step 3332267/5000000 | Win rate (rollout): 0.50 | Loss: 0.033 | Opp label coverage: 0.90
Step 3332779/5000000 | Win rate (rollout): 0.55 | Loss: 0.040 | Opp label coverage: 0.93
Step 3333291/5000000 | Win rate (rollout): 0.67 | Loss: 0.025 | Opp label coverage: 0.91
Step 3333806/5000000 | Win rate (rollout): 0.67 | Loss: 0.041 | Opp label coverage: 0.92
Step 3334318/5000000 | Win rate (rollout): 0.45 | Loss: 0.072 | Opp label coverage: 0.74
Step 3334832/5000000 | Win rate (rollout): 0.50 | Loss: 0.017 | Opp label coverage: 0.90
Step 3335344/5000000 | Win rate (rollout): 0.38 | Loss: 0.047 | Opp label coverage: 0.82
Step 3335857/5000000 | Win rate (rollout): 0.80 | Loss: 0.081 | Opp label coverage: 0.93
Step 3336369/5000000 | Win rate (rollout): 0.57 | Loss: 0.042 | Opp label coverage: 0.84
Step 3336883/5000000 | Win rate (rollout): 0.50 | Loss: 0.015 | Opp label coverage: 0.90
Step 3337395/5000000 | Win rate (rollout): 0.14 | Loss: 0.045 | Opp label coverage: 0.84
Step 3337910/5000000 | Win rate (rollout): 0.14 | Loss: 0.020 | Opp label coverage: 0.92
Step 3338425/5000000 | Win rate (rollout): 0.54 | Loss: 0.084 | Opp label coverage: 0.90
Step 3338941/5000000 | Win rate (rollout): 0.38 | Loss: 0.047 | Opp label coverage: 0.89
Step 3339453/5000000 | Win rate (rollout): 0.50 | Loss: 0.047 | Opp label coverage: 0.82
Step 3339971/5000000 | Win rate (rollout): 0.33 | Loss: 0.026 | Opp label coverage: 0.90
Step 3340489/5000000 | Win rate (rollout): 0.50 | Loss: 0.050 | Opp label coverage: 0.91
Step 3341001/5000000 | Win rate (rollout): 0.50 | Loss: 0.071 | Opp label coverage: 0.82
Step 3341514/5000000 | Win rate (rollout): 0.20 | Loss: -0.046 | Opp label coverage: 0.89
Step 3342026/5000000 | Win rate (rollout): 0.33 | Loss: 0.048 | Opp label coverage: 0.82
Step 3342538/5000000 | Win rate (rollout): 0.77 | Loss: 0.067 | Opp label coverage: 0.82
Step 3343050/5000000 | Win rate (rollout): 0.47 | Loss: 0.079 | Opp label coverage: 0.80
Step 3343562/5000000 | Win rate (rollout): 0.55 | Loss: 0.074 | Opp label coverage: 0.82
Step 3344074/5000000 | Win rate (rollout): 0.40 | Loss: 0.111 | Opp label coverage: 0.81
Step 3344591/5000000 | Win rate (rollout): 0.44 | Loss: 0.043 | Opp label coverage: 0.89
Step 3345103/5000000 | Win rate (rollout): 0.67 | Loss: 0.050 | Opp label coverage: 0.83
Step 3345620/5000000 | Win rate (rollout): 0.62 | Loss: 0.087 | Opp label coverage: 0.90
Step 3346136/5000000 | Win rate (rollout): 0.47 | Loss: 0.060 | Opp label coverage: 0.89
Step 3346648/5000000 | Win rate (rollout): 0.45 | Loss: 0.069 | Opp label coverage: 0.79
Step 3347162/5000000 | Win rate (rollout): 0.50 | Loss: 0.038 | Opp label coverage: 0.90
Step 3347674/5000000 | Win rate (rollout): 0.64 | Loss: 0.076 | Opp label coverage: 0.79
Step 3348186/5000000 | Win rate (rollout): 0.38 | Loss: 0.088 | Opp label coverage: 0.83
Step 3348698/5000000 | Win rate (rollout): 0.75 | Loss: 0.063 | Opp label coverage: 0.83
Step 3349210/5000000 | Win rate (rollout): 0.45 | Loss: 0.053 | Opp label coverage: 0.85
Step 3349722/5000000 | Win rate (rollout): 0.46 | Loss: 0.041 | Opp label coverage: 0.82
Step 3350239/5000000 | Win rate (rollout): 0.60 | Loss: 0.034 | Opp label coverage: 0.90
Step 3350751/5000000 | Win rate (rollout): 0.33 | Loss: 0.050 | Opp label coverage: 0.85
Step 3351263/5000000 | Win rate (rollout): 0.54 | Loss: 0.064 | Opp label coverage: 0.86
Step 3351775/5000000 | Win rate (rollout): 0.18 | Loss: 0.029 | Opp label coverage: 0.80
Step 3352287/5000000 | Win rate (rollout): 0.31 | Loss: 0.075 | Opp label coverage: 0.79
Step 3352804/5000000 | Win rate (rollout): 0.60 | Loss: 0.069 | Opp label coverage: 0.90
Step 3353318/5000000 | Win rate (rollout): 0.45 | Loss: 0.015 | Opp label coverage: 0.91
Step 3353830/5000000 | Win rate (rollout): 0.58 | Loss: 0.030 | Opp label coverage: 0.78
Step 3354342/5000000 | Win rate (rollout): 0.38 | Loss: 0.099 | Opp label coverage: 0.81
Step 3354854/5000000 | Win rate (rollout): 0.40 | Loss: 0.021 | Opp label coverage: 0.85
Step 3355373/5000000 | Win rate (rollout): 0.64 | Loss: 0.054 | Opp label coverage: 0.89
Step 3355887/5000000 | Win rate (rollout): 0.21 | Loss: 0.109 | Opp label coverage: 0.89
Step 3356402/5000000 | Win rate (rollout): 0.38 | Loss: 0.047 | Opp label coverage: 0.88
Step 3356914/5000000 | Win rate (rollout): 0.75 | Loss: 0.067 | Opp label coverage: 0.80
Step 3357432/5000000 | Win rate (rollout): 0.62 | Loss: 0.066 | Opp label coverage: 0.90
Step 3357944/5000000 | Win rate (rollout): 0.50 | Loss: 0.039 | Opp label coverage: 0.92
Step 3358456/5000000 | Win rate (rollout): 0.33 | Loss: 0.048 | Opp label coverage: 0.77
Step 3358974/5000000 | Win rate (rollout): 0.57 | Loss: 0.035 | Opp label coverage: 0.91
Step 3359490/5000000 | Win rate (rollout): 0.50 | Loss: 0.023 | Opp label coverage: 0.92
Step 3360004/5000000 | Win rate (rollout): 0.46 | Loss: 0.070 | Opp label coverage: 0.91
Step 3360516/5000000 | Win rate (rollout): 0.50 | Loss: 0.043 | Opp label coverage: 0.86
Step 3361028/5000000 | Win rate (rollout): 0.40 | Loss: 0.066 | Opp label coverage: 0.78
Step 3361540/5000000 | Win rate (rollout): 0.33 | Loss: 0.070 | Opp label coverage: 0.83
Step 3362052/5000000 | Win rate (rollout): 0.50 | Loss: 0.044 | Opp label coverage: 0.89
Step 3362568/5000000 | Win rate (rollout): 0.69 | Loss: 0.065 | Opp label coverage: 0.89
Step 3363080/5000000 | Win rate (rollout): 0.20 | Loss: 0.067 | Opp label coverage: 0.81
Step 3363595/5000000 | Win rate (rollout): 0.44 | Loss: 0.032 | Opp label coverage: 0.89
Step 3364111/5000000 | Win rate (rollout): 0.54 | Loss: 0.097 | Opp label coverage: 0.91
Step 3364623/5000000 | Win rate (rollout): 0.62 | Loss: 0.057 | Opp label coverage: 0.80
Step 3365135/5000000 | Win rate (rollout): 0.36 | Loss: 0.081 | Opp label coverage: 0.85
Step 3365649/5000000 | Win rate (rollout): 0.56 | Loss: 0.046 | Opp label coverage: 0.89
Step 3366164/5000000 | Win rate (rollout): 0.20 | Loss: 0.049 | Opp label coverage: 0.90
Step 3366676/5000000 | Win rate (rollout): 0.50 | Loss: 0.068 | Opp label coverage: 0.85
Step 3367194/5000000 | Win rate (rollout): 0.50 | Loss: 0.088 | Opp label coverage: 0.88
Step 3367706/5000000 | Win rate (rollout): 0.55 | Loss: 0.046 | Opp label coverage: 0.79
Step 3368218/5000000 | Win rate (rollout): 0.37 | Loss: 0.093 | Opp label coverage: 0.81
Step 3368731/5000000 | Win rate (rollout): 0.50 | Loss: -0.004 | Opp label coverage: 0.90
Step 3369246/5000000 | Win rate (rollout): 0.29 | Loss: 0.078 | Opp label coverage: 0.90
Step 3369759/5000000 | Win rate (rollout): 0.64 | Loss: 0.145 | Opp label coverage: 0.91
Step 3370277/5000000 | Win rate (rollout): 0.62 | Loss: 0.041 | Opp label coverage: 0.91
Step 3370789/5000000 | Win rate (rollout): 0.57 | Loss: 0.075 | Opp label coverage: 0.91
Step 3371307/5000000 | Win rate (rollout): 0.67 | Loss: 0.070 | Opp label coverage: 0.89
Step 3371823/5000000 | Win rate (rollout): 0.36 | Loss: 0.031 | Opp label coverage: 0.90
Step 3372338/5000000 | Win rate (rollout): 0.60 | Loss: 0.048 | Opp label coverage: 0.91
Step 3372850/5000000 | Win rate (rollout): 0.30 | Loss: 0.049 | Opp label coverage: 0.74
Step 3373362/5000000 | Win rate (rollout): 0.29 | Loss: 0.028 | Opp label coverage: 0.83
Step 3373878/5000000 | Win rate (rollout): 0.38 | Loss: 0.053 | Opp label coverage: 0.91
Step 3374395/5000000 | Win rate (rollout): 0.53 | Loss: 0.077 | Opp label coverage: 0.88
Step 3374912/5000000 | Win rate (rollout): 0.45 | Loss: 0.042 | Opp label coverage: 0.91
Step 3375430/5000000 | Win rate (rollout): 0.36 | Loss: 0.089 | Opp label coverage: 0.91
Step 3375945/5000000 | Win rate (rollout): 0.60 | Loss: 0.031 | Opp label coverage: 0.90
Step 3376457/5000000 | Win rate (rollout): 0.17 | Loss: 0.045 | Opp label coverage: 0.84
Step 3376974/5000000 | Win rate (rollout): 0.40 | Loss: -0.000 | Opp label coverage: 0.91
Step 3377486/5000000 | Win rate (rollout): 0.42 | Loss: 0.074 | Opp label coverage: 0.89
Step 3377998/5000000 | Win rate (rollout): 0.38 | Loss: 0.059 | Opp label coverage: 0.84
Step 3378513/5000000 | Win rate (rollout): 0.75 | Loss: 0.061 | Opp label coverage: 0.92
Step 3379025/5000000 | Win rate (rollout): 0.44 | Loss: 0.022 | Opp label coverage: 0.79
Step 3379537/5000000 | Win rate (rollout): 0.42 | Loss: 0.058 | Opp label coverage: 0.85
Step 3380052/5000000 | Win rate (rollout): 0.56 | Loss: 0.024 | Opp label coverage: 0.91
Step 3380567/5000000 | Win rate (rollout): 0.58 | Loss: 0.019 | Opp label coverage: 0.92
Step 3381079/5000000 | Win rate (rollout): 0.43 | Loss: 0.063 | Opp label coverage: 0.78
Step 3381597/5000000 | Win rate (rollout): 0.40 | Loss: 0.016 | Opp label coverage: 0.90
Step 3382114/5000000 | Win rate (rollout): 0.25 | Loss: 0.019 | Opp label coverage: 0.91
Step 3382629/5000000 | Win rate (rollout): 0.38 | Loss: 0.082 | Opp label coverage: 0.89
Step 3383141/5000000 | Win rate (rollout): 0.78 | Loss: 0.061 | Opp label coverage: 0.82
Step 3383655/5000000 | Win rate (rollout): 0.44 | Loss: 0.133 | Opp label coverage: 0.91
Step 3384172/5000000 | Win rate (rollout): 0.50 | Loss: 0.076 | Opp label coverage: 0.88
Step 3384684/5000000 | Win rate (rollout): 0.43 | Loss: 0.037 | Opp label coverage: 0.80
Step 3385201/5000000 | Win rate (rollout): 0.55 | Loss: 0.063 | Opp label coverage: 0.91
Step 3385717/5000000 | Win rate (rollout): 0.43 | Loss: 0.055 | Opp label coverage: 0.89
Step 3386229/5000000 | Win rate (rollout): 0.55 | Loss: 0.039 | Opp label coverage: 0.79
Step 3386741/5000000 | Win rate (rollout): 0.46 | Loss: 0.091 | Opp label coverage: 0.82
Step 3387253/5000000 | Win rate (rollout): 0.25 | Loss: 0.059 | Opp label coverage: 0.85
Step 3387765/5000000 | Win rate (rollout): 0.31 | Loss: 0.073 | Opp label coverage: 0.82
Step 3388277/5000000 | Win rate (rollout): 0.73 | Loss: 0.076 | Opp label coverage: 0.82
Step 3388792/5000000 | Win rate (rollout): 0.67 | Loss: 0.047 | Opp label coverage: 0.90
Step 3389309/5000000 | Win rate (rollout): 0.73 | Loss: 0.034 | Opp label coverage: 0.90
Step 3389825/5000000 | Win rate (rollout): 0.54 | Loss: 0.052 | Opp label coverage: 0.91
Step 3390337/5000000 | Win rate (rollout): 0.54 | Loss: 0.075 | Opp label coverage: 0.76
Step 3390850/5000000 | Win rate (rollout): 0.67 | Loss: 0.055 | Opp label coverage: 0.91
Step 3391362/5000000 | Win rate (rollout): 0.31 | Loss: 0.066 | Opp label coverage: 0.81
Step 3391879/5000000 | Win rate (rollout): 0.44 | Loss: 0.074 | Opp label coverage: 0.91
Step 3392394/5000000 | Win rate (rollout): 0.36 | Loss: 0.049 | Opp label coverage: 0.89
Step 3392907/5000000 | Win rate (rollout): 0.47 | Loss: 0.128 | Opp label coverage: 0.90
Step 3393420/5000000 | Win rate (rollout): 0.60 | Loss: 0.042 | Opp label coverage: 0.89
Step 3393932/5000000 | Win rate (rollout): 0.25 | Loss: 0.055 | Opp label coverage: 0.83
Step 3394448/5000000 | Win rate (rollout): 0.11 | Loss: 0.010 | Opp label coverage: 0.91
Step 3394960/5000000 | Win rate (rollout): 0.56 | Loss: 0.025 | Opp label coverage: 0.83
Step 3395472/5000000 | Win rate (rollout): 0.33 | Loss: 0.061 | Opp label coverage: 0.78
Step 3395984/5000000 | Win rate (rollout): 0.54 | Loss: 0.069 | Opp label coverage: 0.77
Step 3396501/5000000 | Win rate (rollout): 0.86 | Loss: 0.058 | Opp label coverage: 0.92
Step 3397013/5000000 | Win rate (rollout): 0.75 | Loss: 0.048 | Opp label coverage: 0.71
Step 3397525/5000000 | Win rate (rollout): 0.31 | Loss: 0.049 | Opp label coverage: 0.82
Step 3398037/5000000 | Win rate (rollout): 0.33 | Loss: 0.031 | Opp label coverage: 0.81
Step 3398549/5000000 | Win rate (rollout): 0.30 | Loss: 0.026 | Opp label coverage: 0.89
Step 3399061/5000000 | Win rate (rollout): 0.30 | Loss: 0.052 | Opp label coverage: 0.79
Step 3399573/5000000 | Win rate (rollout): 0.60 | Loss: 0.073 | Opp label coverage: 0.81
Step 3400089/5000000 | Win rate (rollout): 0.75 | Loss: 0.010 | Opp label coverage: 0.91
Step 3400601/5000000 | Win rate (rollout): 0.50 | Loss: 0.038 | Opp label coverage: 0.82
Step 3401113/5000000 | Win rate (rollout): 0.36 | Loss: 0.056 | Opp label coverage: 0.80
Step 3401630/5000000 | Win rate (rollout): 0.70 | Loss: 0.070 | Opp label coverage: 0.91
Step 3402142/5000000 | Win rate (rollout): 0.88 | Loss: 0.061 | Opp label coverage: 0.85
Step 3402661/5000000 | Win rate (rollout): 0.25 | Loss: 0.092 | Opp label coverage: 0.88
Step 3403173/5000000 | Win rate (rollout): 0.55 | Loss: 0.056 | Opp label coverage: 0.82
Step 3403685/5000000 | Win rate (rollout): 0.70 | Loss: 0.061 | Opp label coverage: 0.91
Step 3404197/5000000 | Win rate (rollout): 0.83 | Loss: 0.052 | Opp label coverage: 0.80
Step 3404710/5000000 | Win rate (rollout): 0.62 | Loss: 0.049 | Opp label coverage: 0.90
Step 3405227/5000000 | Win rate (rollout): 0.57 | Loss: 0.073 | Opp label coverage: 0.91
Step 3405742/5000000 | Win rate (rollout): 0.38 | Loss: -0.026 | Opp label coverage: 0.91
Step 3406254/5000000 | Win rate (rollout): 0.36 | Loss: 0.049 | Opp label coverage: 0.83
Step 3406772/5000000 | Win rate (rollout): 0.50 | Loss: 0.028 | Opp label coverage: 0.91
Step 3407284/5000000 | Win rate (rollout): 0.36 | Loss: 0.043 | Opp label coverage: 0.91
Step 3407796/5000000 | Win rate (rollout): 0.15 | Loss: 0.042 | Opp label coverage: 0.81
Step 3408310/5000000 | Win rate (rollout): 0.36 | Loss: -0.014 | Opp label coverage: 0.89
Step 3408822/5000000 | Win rate (rollout): 0.45 | Loss: 0.052 | Opp label coverage: 0.79
Step 3409334/5000000 | Win rate (rollout): 0.59 | Loss: 0.053 | Opp label coverage: 0.80
Step 3409852/5000000 | Win rate (rollout): 0.31 | Loss: 0.090 | Opp label coverage: 0.88
Step 3410370/5000000 | Win rate (rollout): 0.75 | Loss: 0.020 | Opp label coverage: 0.91
Step 3410884/5000000 | Win rate (rollout): 0.46 | Loss: 0.059 | Opp label coverage: 0.90
Step 3411396/5000000 | Win rate (rollout): 0.58 | Loss: 0.047 | Opp label coverage: 0.80
Step 3411909/5000000 | Win rate (rollout): 0.50 | Loss: 0.079 | Opp label coverage: 0.89
Step 3412421/5000000 | Win rate (rollout): 0.27 | Loss: 0.042 | Opp label coverage: 0.76
Step 3412933/5000000 | Win rate (rollout): 0.60 | Loss: 0.076 | Opp label coverage: 0.79
Step 3413446/5000000 | Win rate (rollout): 0.43 | Loss: 0.024 | Opp label coverage: 0.89
Step 3413960/5000000 | Win rate (rollout): 0.41 | Loss: 0.118 | Opp label coverage: 0.89
Step 3414478/5000000 | Win rate (rollout): 0.56 | Loss: 0.062 | Opp label coverage: 0.92
Step 3414993/5000000 | Win rate (rollout): 0.57 | Loss: 0.047 | Opp label coverage: 0.90
Step 3415509/5000000 | Win rate (rollout): 0.53 | Loss: 0.091 | Opp label coverage: 0.90
Step 3416025/5000000 | Win rate (rollout): 0.62 | Loss: 0.071 | Opp label coverage: 0.91
Step 3416537/5000000 | Win rate (rollout): 0.25 | Loss: 0.038 | Opp label coverage: 0.81
Step 3417051/5000000 | Win rate (rollout): 0.38 | Loss: 0.081 | Opp label coverage: 0.91
Step 3417566/5000000 | Win rate (rollout): 0.60 | Loss: 0.009 | Opp label coverage: 0.90
Step 3418078/5000000 | Win rate (rollout): 0.44 | Loss: 0.064 | Opp label coverage: 0.81
Step 3418590/5000000 | Win rate (rollout): 0.33 | Loss: 0.045 | Opp label coverage: 0.81
Step 3419102/5000000 | Win rate (rollout): 0.67 | Loss: 0.030 | Opp label coverage: 0.79
Step 3419614/5000000 | Win rate (rollout): 0.33 | Loss: 0.070 | Opp label coverage: 0.79
Step 3420126/5000000 | Win rate (rollout): 0.36 | Loss: 0.062 | Opp label coverage: 0.89
Step 3420638/5000000 | Win rate (rollout): 0.36 | Loss: 0.045 | Opp label coverage: 0.81
Step 3421154/5000000 | Win rate (rollout): 0.62 | Loss: 0.067 | Opp label coverage: 0.89
Step 3421670/5000000 | Win rate (rollout): 0.67 | Loss: 0.104 | Opp label coverage: 0.91
Step 3422182/5000000 | Win rate (rollout): 0.38 | Loss: 0.028 | Opp label coverage: 0.77
Step 3422699/5000000 | Win rate (rollout): 0.27 | Loss: 0.038 | Opp label coverage: 0.88
Step 3423218/5000000 | Win rate (rollout): 0.29 | Loss: 0.037 | Opp label coverage: 0.89
Step 3423730/5000000 | Win rate (rollout): 0.36 | Loss: 0.057 | Opp label coverage: 0.81
Step 3424247/5000000 | Win rate (rollout): 0.50 | Loss: 0.050 | Opp label coverage: 0.93
Step 3424759/5000000 | Win rate (rollout): 0.62 | Loss: 0.077 | Opp label coverage: 0.81
Step 3425271/5000000 | Win rate (rollout): 0.50 | Loss: 0.080 | Opp label coverage: 0.75
Step 3425785/5000000 | Win rate (rollout): 0.64 | Loss: 0.064 | Opp label coverage: 0.89
Step 3426302/5000000 | Win rate (rollout): 0.38 | Loss: 0.048 | Opp label coverage: 0.89
Step 3426818/5000000 | Win rate (rollout): 0.69 | Loss: 0.061 | Opp label coverage: 0.89
Step 3427335/5000000 | Win rate (rollout): 0.55 | Loss: 0.026 | Opp label coverage: 0.91
Step 3427851/5000000 | Win rate (rollout): 0.50 | Loss: 0.061 | Opp label coverage: 0.91
Step 3428368/5000000 | Win rate (rollout): 0.53 | Loss: 0.061 | Opp label coverage: 0.89
Step 3428881/5000000 | Win rate (rollout): 0.42 | Loss: -0.034 | Opp label coverage: 0.89
Step 3429393/5000000 | Win rate (rollout): 0.50 | Loss: 0.066 | Opp label coverage: 0.86
Step 3429905/5000000 | Win rate (rollout): 0.73 | Loss: 0.049 | Opp label coverage: 0.87
Step 3430417/5000000 | Win rate (rollout): 0.75 | Loss: 0.075 | Opp label coverage: 0.79
Step 3430935/5000000 | Win rate (rollout): 0.50 | Loss: 0.064 | Opp label coverage: 0.89
Step 3431447/5000000 | Win rate (rollout): 0.67 | Loss: 0.063 | Opp label coverage: 0.81
Step 3431965/5000000 | Win rate (rollout): 0.20 | Loss: 0.062 | Opp label coverage: 0.89
Step 3432480/5000000 | Win rate (rollout): 0.33 | Loss: 0.080 | Opp label coverage: 0.91
Step 3432997/5000000 | Win rate (rollout): 0.43 | Loss: 0.101 | Opp label coverage: 0.90
Step 3433514/5000000 | Win rate (rollout): 0.75 | Loss: 0.087 | Opp label coverage: 0.91
Step 3434026/5000000 | Win rate (rollout): 0.64 | Loss: 0.036 | Opp label coverage: 0.91
Step 3434538/5000000 | Win rate (rollout): 0.70 | Loss: 0.064 | Opp label coverage: 0.83
Step 3435056/5000000 | Win rate (rollout): 0.20 | Loss: 0.018 | Opp label coverage: 0.89
Step 3435575/5000000 | Win rate (rollout): 0.50 | Loss: 0.074 | Opp label coverage: 0.89
Step 3436087/5000000 | Win rate (rollout): 0.58 | Loss: 0.062 | Opp label coverage: 0.84
Step 3436599/5000000 | Win rate (rollout): 0.67 | Loss: 0.075 | Opp label coverage: 0.82
Step 3437112/5000000 | Win rate (rollout): 0.56 | Loss: 0.025 | Opp label coverage: 0.91
Step 3437624/5000000 | Win rate (rollout): 0.27 | Loss: 0.058 | Opp label coverage: 0.78
Step 3438142/5000000 | Win rate (rollout): 0.55 | Loss: 0.035 | Opp label coverage: 0.89
Step 3438654/5000000 | Win rate (rollout): 0.50 | Loss: 0.052 | Opp label coverage: 0.77
Step 3439166/5000000 | Win rate (rollout): 0.60 | Loss: 0.082 | Opp label coverage: 0.86
Step 3439678/5000000 | Win rate (rollout): 0.29 | Loss: 0.073 | Opp label coverage: 0.83
Step 3440190/5000000 | Win rate (rollout): 0.27 | Loss: 0.078 | Opp label coverage: 0.82
Step 3440704/5000000 | Win rate (rollout): 0.42 | Loss: 0.005 | Opp label coverage: 0.89
Step 3441223/5000000 | Win rate (rollout): 0.33 | Loss: 0.043 | Opp label coverage: 0.88
Step 3441739/5000000 | Win rate (rollout): 0.55 | Loss: 0.076 | Opp label coverage: 0.91
Step 3442251/5000000 | Win rate (rollout): 0.38 | Loss: 0.088 | Opp label coverage: 0.83
Step 3442765/5000000 | Win rate (rollout): 0.70 | Loss: 0.063 | Opp label coverage: 0.91
Step 3443282/5000000 | Win rate (rollout): 0.77 | Loss: 0.033 | Opp label coverage: 0.91
Step 3443794/5000000 | Win rate (rollout): 0.50 | Loss: 0.043 | Opp label coverage: 0.90
Step 3444306/5000000 | Win rate (rollout): 0.31 | Loss: 0.073 | Opp label coverage: 0.84
Step 3444818/5000000 | Win rate (rollout): 0.42 | Loss: 0.053 | Opp label coverage: 0.88
Step 3445330/5000000 | Win rate (rollout): 0.42 | Loss: 0.108 | Opp label coverage: 0.81
Step 3445845/5000000 | Win rate (rollout): 0.71 | Loss: 0.026 | Opp label coverage: 0.92
Step 3446357/5000000 | Win rate (rollout): 0.22 | Loss: 0.055 | Opp label coverage: 0.83
Step 3446872/5000000 | Win rate (rollout): 0.73 | Loss: 0.002 | Opp label coverage: 0.90
Step 3447384/5000000 | Win rate (rollout): 0.70 | Loss: 0.040 | Opp label coverage: 0.79
Step 3447896/5000000 | Win rate (rollout): 0.82 | Loss: 0.055 | Opp label coverage: 0.83
Step 3448410/5000000 | Win rate (rollout): 0.67 | Loss: 0.046 | Opp label coverage: 0.91
Step 3448922/5000000 | Win rate (rollout): 0.40 | Loss: 0.061 | Opp label coverage: 0.81
Step 3449434/5000000 | Win rate (rollout): 0.50 | Loss: 0.053 | Opp label coverage: 0.76
Step 3449951/5000000 | Win rate (rollout): 0.50 | Loss: 0.093 | Opp label coverage: 0.90
Step 3450463/5000000 | Win rate (rollout): 0.46 | Loss: 0.050 | Opp label coverage: 0.90
Step 3450976/5000000 | Win rate (rollout): 0.69 | Loss: 0.062 | Opp label coverage: 0.91
Step 3451492/5000000 | Win rate (rollout): 0.62 | Loss: 0.030 | Opp label coverage: 0.90
Step 3452009/5000000 | Win rate (rollout): 0.50 | Loss: 0.023 | Opp label coverage: 0.91
Step 3452521/5000000 | Win rate (rollout): 0.67 | Loss: 0.042 | Opp label coverage: 0.81
Step 3453033/5000000 | Win rate (rollout): 0.36 | Loss: 0.052 | Opp label coverage: 0.79
Step 3453549/5000000 | Win rate (rollout): 0.30 | Loss: 0.053 | Opp label coverage: 0.88
Step 3454062/5000000 | Win rate (rollout): 0.57 | Loss: 0.014 | Opp label coverage: 0.90
Step 3454574/5000000 | Win rate (rollout): 0.36 | Loss: 0.053 | Opp label coverage: 0.84
Step 3455086/5000000 | Win rate (rollout): 0.33 | Loss: 0.043 | Opp label coverage: 0.89
Step 3455604/5000000 | Win rate (rollout): 0.64 | Loss: 0.089 | Opp label coverage: 0.91
Step 3456122/5000000 | Win rate (rollout): 0.25 | Loss: 0.040 | Opp label coverage: 0.88
Step 3456634/5000000 | Win rate (rollout): 0.56 | Loss: 0.033 | Opp label coverage: 0.81
Step 3457146/5000000 | Win rate (rollout): 0.45 | Loss: 0.047 | Opp label coverage: 0.83
Step 3457660/5000000 | Win rate (rollout): 0.38 | Loss: 0.111 | Opp label coverage: 0.91
Step 3458172/5000000 | Win rate (rollout): 0.67 | Loss: 0.038 | Opp label coverage: 0.84
Step 3458690/5000000 | Win rate (rollout): 0.40 | Loss: 0.025 | Opp label coverage: 0.91
Step 3459202/5000000 | Win rate (rollout): 0.45 | Loss: 0.057 | Opp label coverage: 0.81
Step 3459714/5000000 | Win rate (rollout): 0.40 | Loss: 0.062 | Opp label coverage: 0.81
Step 3460226/5000000 | Win rate (rollout): 0.64 | Loss: 0.061 | Opp label coverage: 0.84
Step 3460738/5000000 | Win rate (rollout): 0.31 | Loss: 0.080 | Opp label coverage: 0.84
Step 3461250/5000000 | Win rate (rollout): 0.56 | Loss: 0.053 | Opp label coverage: 0.92
Step 3461762/5000000 | Win rate (rollout): 0.27 | Loss: 0.058 | Opp label coverage: 0.85
Step 3462278/5000000 | Win rate (rollout): 0.40 | Loss: 0.017 | Opp label coverage: 0.90
Step 3462790/5000000 | Win rate (rollout): 0.15 | Loss: 0.074 | Opp label coverage: 0.79
Step 3463302/5000000 | Win rate (rollout): 0.44 | Loss: 0.088 | Opp label coverage: 0.83
Step 3463814/5000000 | Win rate (rollout): 0.43 | Loss: 0.060 | Opp label coverage: 0.78
Step 3464328/5000000 | Win rate (rollout): 0.62 | Loss: 0.010 | Opp label coverage: 0.91
Step 3464840/5000000 | Win rate (rollout): 0.47 | Loss: 0.045 | Opp label coverage: 0.89
Step 3465352/5000000 | Win rate (rollout): 0.50 | Loss: 0.056 | Opp label coverage: 0.85
Step 3465864/5000000 | Win rate (rollout): 0.38 | Loss: 0.034 | Opp label coverage: 0.80
Step 3466379/5000000 | Win rate (rollout): 0.70 | Loss: 0.077 | Opp label coverage: 0.91
Step 3466897/5000000 | Win rate (rollout): 0.53 | Loss: 0.064 | Opp label coverage: 0.91
Step 3467410/5000000 | Win rate (rollout): 0.70 | Loss: 0.078 | Opp label coverage: 0.91
Step 3467928/5000000 | Win rate (rollout): 0.58 | Loss: 0.085 | Opp label coverage: 0.92
Step 3468440/5000000 | Win rate (rollout): 0.75 | Loss: 0.047 | Opp label coverage: 0.79
Step 3468958/5000000 | Win rate (rollout): 0.40 | Loss: 0.040 | Opp label coverage: 0.90
Step 3469470/5000000 | Win rate (rollout): 0.46 | Loss: 0.062 | Opp label coverage: 0.89
Step 3469987/5000000 | Win rate (rollout): 0.53 | Loss: 0.058 | Opp label coverage: 0.90
Step 3470505/5000000 | Win rate (rollout): 0.57 | Loss: 0.108 | Opp label coverage: 0.89
Step 3471017/5000000 | Win rate (rollout): 0.20 | Loss: 0.049 | Opp label coverage: 0.83
Step 3471534/5000000 | Win rate (rollout): 0.27 | Loss: 0.052 | Opp label coverage: 0.90
Step 3472051/5000000 | Win rate (rollout): 0.50 | Loss: 0.046 | Opp label coverage: 0.90
Step 3472567/5000000 | Win rate (rollout): 0.36 | Loss: 0.021 | Opp label coverage: 0.91
Step 3473079/5000000 | Win rate (rollout): 0.57 | Loss: 0.067 | Opp label coverage: 0.92
Step 3473591/5000000 | Win rate (rollout): 0.55 | Loss: 0.047 | Opp label coverage: 0.92
Step 3474103/5000000 | Win rate (rollout): 0.67 | Loss: 0.032 | Opp label coverage: 0.82
Step 3474615/5000000 | Win rate (rollout): 0.45 | Loss: 0.054 | Opp label coverage: 0.79
Step 3475129/5000000 | Win rate (rollout): 0.43 | Loss: 0.000 | Opp label coverage: 0.91
Step 3475646/5000000 | Win rate (rollout): 0.42 | Loss: 0.063 | Opp label coverage: 0.92
Step 3476162/5000000 | Win rate (rollout): 0.22 | Loss: 0.003 | Opp label coverage: 0.92
Step 3476677/5000000 | Win rate (rollout): 0.50 | Loss: 0.022 | Opp label coverage: 0.90
Step 3477195/5000000 | Win rate (rollout): 0.25 | Loss: 0.072 | Opp label coverage: 0.89
Step 3477708/5000000 | Win rate (rollout): 0.46 | Loss: 0.061 | Opp label coverage: 0.90
Step 3478227/5000000 | Win rate (rollout): 0.38 | Loss: 0.020 | Opp label coverage: 0.88
Step 3478739/5000000 | Win rate (rollout): 0.43 | Loss: 0.050 | Opp label coverage: 0.79
Step 3479251/5000000 | Win rate (rollout): 0.18 | Loss: 0.052 | Opp label coverage: 0.78
Step 3479768/5000000 | Win rate (rollout): 0.50 | Loss: 0.055 | Opp label coverage: 0.92
Step 3480280/5000000 | Win rate (rollout): 0.25 | Loss: 0.011 | Opp label coverage: 0.79
Step 3480792/5000000 | Win rate (rollout): 0.45 | Loss: 0.077 | Opp label coverage: 0.78
Step 3481305/5000000 | Win rate (rollout): 0.44 | Loss: 0.029 | Opp label coverage: 0.90
Step 3481817/5000000 | Win rate (rollout): 0.38 | Loss: 0.029 | Opp label coverage: 0.78
Step 3482329/5000000 | Win rate (rollout): 0.10 | Loss: 0.046 | Opp label coverage: 0.85
Step 3482845/5000000 | Win rate (rollout): 0.33 | Loss: 0.039 | Opp label coverage: 0.89
Step 3483360/5000000 | Win rate (rollout): 0.29 | Loss: 0.059 | Opp label coverage: 0.90
Step 3483872/5000000 | Win rate (rollout): 0.50 | Loss: 0.020 | Opp label coverage: 0.88
Step 3484389/5000000 | Win rate (rollout): 0.54 | Loss: 0.096 | Opp label coverage: 0.91
Step 3484907/5000000 | Win rate (rollout): 0.50 | Loss: 0.044 | Opp label coverage: 0.91
Step 3485419/5000000 | Win rate (rollout): 0.33 | Loss: 0.069 | Opp label coverage: 0.76
Step 3485935/5000000 | Win rate (rollout): 0.60 | Loss: 0.091 | Opp label coverage: 0.90
Step 3486451/5000000 | Win rate (rollout): 0.47 | Loss: 0.025 | Opp label coverage: 0.89
Step 3486963/5000000 | Win rate (rollout): 0.42 | Loss: 0.056 | Opp label coverage: 0.81
Step 3487482/5000000 | Win rate (rollout): 0.50 | Loss: 0.056 | Opp label coverage: 0.90
Step 3487994/5000000 | Win rate (rollout): 0.67 | Loss: 0.063 | Opp label coverage: 0.80
Step 3488506/5000000 | Win rate (rollout): 0.56 | Loss: 0.066 | Opp label coverage: 0.83
Step 3489024/5000000 | Win rate (rollout): 0.40 | Loss: 0.084 | Opp label coverage: 0.90
Step 3489536/5000000 | Win rate (rollout): 0.44 | Loss: 0.032 | Opp label coverage: 0.84
Step 3490048/5000000 | Win rate (rollout): 0.36 | Loss: 0.067 | Opp label coverage: 0.87
Step 3490560/5000000 | Win rate (rollout): 0.33 | Loss: 0.067 | Opp label coverage: 0.82
Step 3491078/5000000 | Win rate (rollout): 0.00 | Loss: 0.017 | Opp label coverage: 0.87
Step 3491590/5000000 | Win rate (rollout): 0.54 | Loss: 0.076 | Opp label coverage: 0.79
Step 3492102/5000000 | Win rate (rollout): 0.20 | Loss: 0.020 | Opp label coverage: 0.87
Step 3492614/5000000 | Win rate (rollout): 0.12 | Loss: 0.020 | Opp label coverage: 0.89
Step 3493133/5000000 | Win rate (rollout): 0.45 | Loss: 0.067 | Opp label coverage: 0.91
Step 3493645/5000000 | Win rate (rollout): 0.40 | Loss: 0.039 | Opp label coverage: 0.83
Step 3494157/5000000 | Win rate (rollout): 0.57 | Loss: 0.040 | Opp label coverage: 0.83
Step 3494669/5000000 | Win rate (rollout): 0.38 | Loss: 0.046 | Opp label coverage: 0.77
Step 3495182/5000000 | Win rate (rollout): 0.42 | Loss: 0.093 | Opp label coverage: 0.88
Step 3495694/5000000 | Win rate (rollout): 0.50 | Loss: 0.093 | Opp label coverage: 0.82
Step 3496206/5000000 | Win rate (rollout): 0.33 | Loss: 0.067 | Opp label coverage: 0.87
Step 3496718/5000000 | Win rate (rollout): 0.50 | Loss: 0.071 | Opp label coverage: 0.80
Step 3497230/5000000 | Win rate (rollout): 0.45 | Loss: 0.033 | Opp label coverage: 0.85
Step 3497742/5000000 | Win rate (rollout): 0.75 | Loss: 0.062 | Opp label coverage: 0.85
Step 3498254/5000000 | Win rate (rollout): 0.08 | Loss: 0.058 | Opp label coverage: 0.80
Step 3498766/5000000 | Win rate (rollout): 0.25 | Loss: 0.053 | Opp label coverage: 0.79
Step 3499281/5000000 | Win rate (rollout): 0.56 | Loss: 0.051 | Opp label coverage: 0.91
Step 3499793/5000000 | Win rate (rollout): 0.42 | Loss: 0.073 | Opp label coverage: 0.80
[checkpoint] Saved models/ppo/checkpoints/bcft/ppo_step_3500050.pt
Step 3500307/5000000 | Win rate (rollout): 0.71 | Loss: 0.019 | Opp label coverage: 0.91
Step 3500819/5000000 | Win rate (rollout): 0.43 | Loss: 0.054 | Opp label coverage: 0.86
Step 3501335/5000000 | Win rate (rollout): 0.69 | Loss: 0.105 | Opp label coverage: 0.88
Step 3501847/5000000 | Win rate (rollout): 0.40 | Loss: 0.041 | Opp label coverage: 0.81
Step 3502366/5000000 | Win rate (rollout): 0.22 | Loss: 0.064 | Opp label coverage: 0.89
Step 3502878/5000000 | Win rate (rollout): 0.60 | Loss: 0.049 | Opp label coverage: 0.79
Step 3503392/5000000 | Win rate (rollout): 0.75 | Loss: 0.011 | Opp label coverage: 0.92
Step 3503904/5000000 | Win rate (rollout): 0.36 | Loss: 0.059 | Opp label coverage: 0.76
Step 3504416/5000000 | Win rate (rollout): 0.56 | Loss: 0.068 | Opp label coverage: 0.90
Step 3504928/5000000 | Win rate (rollout): 0.29 | Loss: 0.064 | Opp label coverage: 0.80
Step 3505444/5000000 | Win rate (rollout): 0.56 | Loss: 0.060 | Opp label coverage: 0.90
Step 3505956/5000000 | Win rate (rollout): 0.42 | Loss: 0.041 | Opp label coverage: 0.87
Step 3506468/5000000 | Win rate (rollout): 0.38 | Loss: 0.037 | Opp label coverage: 0.80
Step 3506980/5000000 | Win rate (rollout): 0.53 | Loss: 0.054 | Opp label coverage: 0.78
Step 3507495/5000000 | Win rate (rollout): 0.30 | Loss: 0.129 | Opp label coverage: 0.91
Step 3508011/5000000 | Win rate (rollout): 0.54 | Loss: 0.004 | Opp label coverage: 0.89
Step 3508523/5000000 | Win rate (rollout): 0.47 | Loss: 0.130 | Opp label coverage: 0.80
Step 3509035/5000000 | Win rate (rollout): 0.43 | Loss: 0.052 | Opp label coverage: 0.76
Step 3509547/5000000 | Win rate (rollout): 0.29 | Loss: 0.044 | Opp label coverage: 0.83
Step 3510059/5000000 | Win rate (rollout): 0.50 | Loss: 0.067 | Opp label coverage: 0.84
Step 3510573/5000000 | Win rate (rollout): 0.40 | Loss: 0.064 | Opp label coverage: 0.90
Step 3511085/5000000 | Win rate (rollout): 0.50 | Loss: 0.058 | Opp label coverage: 0.79
Step 3511597/5000000 | Win rate (rollout): 0.78 | Loss: 0.054 | Opp label coverage: 0.86
Step 3512111/5000000 | Win rate (rollout): 0.36 | Loss: 0.170 | Opp label coverage: 0.89
Step 3512623/5000000 | Win rate (rollout): 0.38 | Loss: 0.059 | Opp label coverage: 0.88
Step 3513138/5000000 | Win rate (rollout): 0.58 | Loss: 0.028 | Opp label coverage: 0.89
Step 3513656/5000000 | Win rate (rollout): 0.43 | Loss: 0.049 | Opp label coverage: 0.90
Step 3514168/5000000 | Win rate (rollout): 0.62 | Loss: 0.079 | Opp label coverage: 0.82
Step 3514680/5000000 | Win rate (rollout): 0.71 | Loss: 0.034 | Opp label coverage: 0.85
Step 3515192/5000000 | Win rate (rollout): 0.50 | Loss: 0.057 | Opp label coverage: 0.89
Step 3515705/5000000 | Win rate (rollout): 0.57 | Loss: 0.064 | Opp label coverage: 0.89
Step 3516217/5000000 | Win rate (rollout): 0.50 | Loss: 0.065 | Opp label coverage: 0.83
Step 3516729/5000000 | Win rate (rollout): 0.57 | Loss: 0.088 | Opp label coverage: 0.82
Step 3517241/5000000 | Win rate (rollout): 0.44 | Loss: 0.071 | Opp label coverage: 0.81
Step 3517759/5000000 | Win rate (rollout): 0.50 | Loss: 0.032 | Opp label coverage: 0.91
Step 3518271/5000000 | Win rate (rollout): 0.38 | Loss: 0.065 | Opp label coverage: 0.75
Step 3518787/5000000 | Win rate (rollout): 0.60 | Loss: 0.077 | Opp label coverage: 0.89
Step 3519299/5000000 | Win rate (rollout): 0.33 | Loss: 0.035 | Opp label coverage: 0.85
Step 3519811/5000000 | Win rate (rollout): 0.58 | Loss: 0.048 | Opp label coverage: 0.84
Step 3520323/5000000 | Win rate (rollout): 0.75 | Loss: 0.049 | Opp label coverage: 0.91
Step 3520835/5000000 | Win rate (rollout): 0.43 | Loss: 0.056 | Opp label coverage: 0.79
Step 3521347/5000000 | Win rate (rollout): 0.69 | Loss: 0.080 | Opp label coverage: 0.74
Step 3521863/5000000 | Win rate (rollout): 0.44 | Loss: 0.035 | Opp label coverage: 0.90
Step 3522375/5000000 | Win rate (rollout): 0.29 | Loss: 0.070 | Opp label coverage: 0.88
Step 3522891/5000000 | Win rate (rollout): 0.53 | Loss: 0.075 | Opp label coverage: 0.89
Step 3523410/5000000 | Win rate (rollout): 0.91 | Loss: 0.081 | Opp label coverage: 0.93
Step 3523922/5000000 | Win rate (rollout): 0.80 | Loss: 0.056 | Opp label coverage: 0.80
Step 3524434/5000000 | Win rate (rollout): 0.40 | Loss: 0.033 | Opp label coverage: 0.75
Step 3524953/5000000 | Win rate (rollout): 0.44 | Loss: 0.037 | Opp label coverage: 0.91
Step 3525469/5000000 | Win rate (rollout): 0.54 | Loss: 0.050 | Opp label coverage: 0.92
Step 3525981/5000000 | Win rate (rollout): 0.42 | Loss: 0.067 | Opp label coverage: 0.88
Step 3526499/5000000 | Win rate (rollout): 0.38 | Loss: 0.051 | Opp label coverage: 0.90
Step 3527011/5000000 | Win rate (rollout): 0.47 | Loss: 0.047 | Opp label coverage: 0.90
Step 3527523/5000000 | Win rate (rollout): 0.42 | Loss: 0.079 | Opp label coverage: 0.79
Step 3528038/5000000 | Win rate (rollout): 0.12 | Loss: -0.043 | Opp label coverage: 0.88
Step 3528550/5000000 | Win rate (rollout): 0.46 | Loss: 0.061 | Opp label coverage: 0.79
Step 3529062/5000000 | Win rate (rollout): 0.31 | Loss: 0.036 | Opp label coverage: 0.84
Step 3529574/5000000 | Win rate (rollout): 0.33 | Loss: 0.072 | Opp label coverage: 0.82
Step 3530086/5000000 | Win rate (rollout): 0.29 | Loss: 0.043 | Opp label coverage: 0.84
Step 3530598/5000000 | Win rate (rollout): 0.46 | Loss: 0.050 | Opp label coverage: 0.80
Step 3531110/5000000 | Win rate (rollout): 0.58 | Loss: 0.052 | Opp label coverage: 0.80
Step 3531623/5000000 | Win rate (rollout): 0.89 | Loss: 0.012 | Opp label coverage: 0.92
Step 3532135/5000000 | Win rate (rollout): 0.50 | Loss: 0.070 | Opp label coverage: 0.85
Step 3532648/5000000 | Win rate (rollout): 0.30 | Loss: 0.047 | Opp label coverage: 0.88
Step 3533160/5000000 | Win rate (rollout): 0.29 | Loss: 0.026 | Opp label coverage: 0.85
Step 3533672/5000000 | Win rate (rollout): 0.38 | Loss: 0.062 | Opp label coverage: 0.83
Step 3534184/5000000 | Win rate (rollout): 0.67 | Loss: 0.077 | Opp label coverage: 0.82
Step 3534696/5000000 | Win rate (rollout): 0.55 | Loss: 0.050 | Opp label coverage: 0.83
Step 3535208/5000000 | Win rate (rollout): 0.50 | Loss: 0.070 | Opp label coverage: 0.82
Step 3535723/5000000 | Win rate (rollout): 0.62 | Loss: 0.023 | Opp label coverage: 0.90
Step 3536235/5000000 | Win rate (rollout): 0.75 | Loss: 0.038 | Opp label coverage: 0.84
Step 3536747/5000000 | Win rate (rollout): 0.71 | Loss: 0.059 | Opp label coverage: 0.82
Step 3537259/5000000 | Win rate (rollout): 0.46 | Loss: 0.055 | Opp label coverage: 0.82
Step 3537771/5000000 | Win rate (rollout): 0.31 | Loss: 0.058 | Opp label coverage: 0.79
Step 3538288/5000000 | Win rate (rollout): 0.43 | Loss: 0.058 | Opp label coverage: 0.90
Step 3538807/5000000 | Win rate (rollout): 0.86 | Loss: 0.023 | Opp label coverage: 0.91
Step 3539319/5000000 | Win rate (rollout): 0.67 | Loss: 0.041 | Opp label coverage: 0.81
Step 3539831/5000000 | Win rate (rollout): 0.33 | Loss: 0.055 | Opp label coverage: 0.79
Step 3540343/5000000 | Win rate (rollout): 0.88 | Loss: 0.037 | Opp label coverage: 0.79
Step 3540860/5000000 | Win rate (rollout): 0.44 | Loss: 0.071 | Opp label coverage: 0.89
Step 3541372/5000000 | Win rate (rollout): 0.38 | Loss: 0.034 | Opp label coverage: 0.88
Step 3541890/5000000 | Win rate (rollout): 0.67 | Loss: 0.068 | Opp label coverage: 0.90
Step 3542402/5000000 | Win rate (rollout): 0.46 | Loss: 0.048 | Opp label coverage: 0.80
Step 3542914/5000000 | Win rate (rollout): 0.70 | Loss: 0.044 | Opp label coverage: 0.81
Step 3543430/5000000 | Win rate (rollout): 0.42 | Loss: 0.055 | Opp label coverage: 0.89
Step 3543948/5000000 | Win rate (rollout): 0.50 | Loss: 0.057 | Opp label coverage: 0.90
Step 3544464/5000000 | Win rate (rollout): 0.59 | Loss: 0.057 | Opp label coverage: 0.87
Step 3544976/5000000 | Win rate (rollout): 0.60 | Loss: 0.035 | Opp label coverage: 0.82
Step 3545488/5000000 | Win rate (rollout): 0.45 | Loss: 0.077 | Opp label coverage: 0.85
Step 3546003/5000000 | Win rate (rollout): 0.60 | Loss: 0.087 | Opp label coverage: 0.89
Step 3546521/5000000 | Win rate (rollout): 0.67 | Loss: 0.032 | Opp label coverage: 0.92
Step 3547033/5000000 | Win rate (rollout): 0.27 | Loss: 0.050 | Opp label coverage: 0.88
Step 3547545/5000000 | Win rate (rollout): 0.83 | Loss: 0.075 | Opp label coverage: 0.78
Step 3548058/5000000 | Win rate (rollout): 0.67 | Loss: -0.009 | Opp label coverage: 0.90
Step 3548573/5000000 | Win rate (rollout): 0.50 | Loss: 0.034 | Opp label coverage: 0.89
Step 3549089/5000000 | Win rate (rollout): 0.53 | Loss: 0.058 | Opp label coverage: 0.89
Step 3549606/5000000 | Win rate (rollout): 0.46 | Loss: 0.066 | Opp label coverage: 0.90
Step 3550122/5000000 | Win rate (rollout): 0.55 | Loss: 0.067 | Opp label coverage: 0.90
Step 3550634/5000000 | Win rate (rollout): 0.38 | Loss: 0.023 | Opp label coverage: 0.82
Step 3551147/5000000 | Win rate (rollout): 0.62 | Loss: -0.066 | Opp label coverage: 0.90
Step 3551659/5000000 | Win rate (rollout): 0.67 | Loss: 0.043 | Opp label coverage: 0.85
Step 3552171/5000000 | Win rate (rollout): 0.46 | Loss: 0.046 | Opp label coverage: 0.81
Step 3552687/5000000 | Win rate (rollout): 0.80 | Loss: 0.044 | Opp label coverage: 0.91
Step 3553199/5000000 | Win rate (rollout): 0.18 | Loss: 0.050 | Opp label coverage: 0.77
Step 3553713/5000000 | Win rate (rollout): 0.78 | Loss: 0.130 | Opp label coverage: 0.92
Step 3554225/5000000 | Win rate (rollout): 0.58 | Loss: 0.067 | Opp label coverage: 0.84
Step 3554737/5000000 | Win rate (rollout): 0.29 | Loss: 0.037 | Opp label coverage: 0.90
Step 3555249/5000000 | Win rate (rollout): 0.62 | Loss: 0.032 | Opp label coverage: 0.86
Step 3555761/5000000 | Win rate (rollout): 0.38 | Loss: 0.042 | Opp label coverage: 0.86
Step 3556273/5000000 | Win rate (rollout): 0.56 | Loss: 0.053 | Opp label coverage: 0.88
Step 3556785/5000000 | Win rate (rollout): 0.27 | Loss: 0.050 | Opp label coverage: 0.80
Step 3557300/5000000 | Win rate (rollout): 0.70 | Loss: 0.066 | Opp label coverage: 0.89
Step 3557812/5000000 | Win rate (rollout): 0.38 | Loss: 0.094 | Opp label coverage: 0.85
Step 3558328/5000000 | Win rate (rollout): 0.64 | Loss: 0.049 | Opp label coverage: 0.90
Step 3558841/5000000 | Win rate (rollout): 0.46 | Loss: 0.142 | Opp label coverage: 0.92
Step 3559353/5000000 | Win rate (rollout): 0.43 | Loss: 0.056 | Opp label coverage: 0.82
Step 3559865/5000000 | Win rate (rollout): 0.45 | Loss: 0.054 | Opp label coverage: 0.78
Step 3560380/5000000 | Win rate (rollout): 0.67 | Loss: 0.067 | Opp label coverage: 0.90
Step 3560895/5000000 | Win rate (rollout): 0.47 | Loss: 0.080 | Opp label coverage: 0.90
Step 3561409/5000000 | Win rate (rollout): 0.31 | Loss: 0.069 | Opp label coverage: 0.90
Step 3561923/5000000 | Win rate (rollout): 0.50 | Loss: 0.066 | Opp label coverage: 0.91
Step 3562435/5000000 | Win rate (rollout): 0.43 | Loss: 0.084 | Opp label coverage: 0.83
Step 3562947/5000000 | Win rate (rollout): 0.25 | Loss: 0.039 | Opp label coverage: 0.77
Step 3563465/5000000 | Win rate (rollout): 0.75 | Loss: 0.055 | Opp label coverage: 0.89
Step 3563979/5000000 | Win rate (rollout): 0.69 | Loss: 0.050 | Opp label coverage: 0.90
Step 3564491/5000000 | Win rate (rollout): 0.42 | Loss: 0.064 | Opp label coverage: 0.78
Step 3565003/5000000 | Win rate (rollout): 0.50 | Loss: 0.076 | Opp label coverage: 0.83
Step 3565515/5000000 | Win rate (rollout): 0.70 | Loss: 0.054 | Opp label coverage: 0.85
Step 3566027/5000000 | Win rate (rollout): 0.42 | Loss: 0.074 | Opp label coverage: 0.80
Step 3566539/5000000 | Win rate (rollout): 0.29 | Loss: 0.032 | Opp label coverage: 0.82
Step 3567051/5000000 | Win rate (rollout): 0.40 | Loss: 0.071 | Opp label coverage: 0.85
Step 3567569/5000000 | Win rate (rollout): 0.33 | Loss: 0.042 | Opp label coverage: 0.90
Step 3568082/5000000 | Win rate (rollout): 0.38 | Loss: 0.047 | Opp label coverage: 0.88
Step 3568594/5000000 | Win rate (rollout): 0.31 | Loss: 0.065 | Opp label coverage: 0.82
Step 3569106/5000000 | Win rate (rollout): 0.29 | Loss: 0.043 | Opp label coverage: 0.76
Step 3569619/5000000 | Win rate (rollout): 0.22 | Loss: -0.070 | Opp label coverage: 0.88
Step 3570131/5000000 | Win rate (rollout): 0.43 | Loss: 0.020 | Opp label coverage: 0.86
Step 3570649/5000000 | Win rate (rollout): 0.86 | Loss: 0.066 | Opp label coverage: 0.92
Step 3571161/5000000 | Win rate (rollout): 0.17 | Loss: 0.054 | Opp label coverage: 0.82
Step 3571678/5000000 | Win rate (rollout): 0.58 | Loss: 0.035 | Opp label coverage: 0.88
Step 3572193/5000000 | Win rate (rollout): 0.20 | Loss: 0.068 | Opp label coverage: 0.87
Step 3572711/5000000 | Win rate (rollout): 0.45 | Loss: 0.030 | Opp label coverage: 0.93
Step 3573227/5000000 | Win rate (rollout): 0.45 | Loss: 0.000 | Opp label coverage: 0.90
Step 3573743/5000000 | Win rate (rollout): 0.22 | Loss: 0.016 | Opp label coverage: 0.92
Step 3574261/5000000 | Win rate (rollout): 0.42 | Loss: 0.041 | Opp label coverage: 0.91
Step 3574773/5000000 | Win rate (rollout): 0.86 | Loss: 0.057 | Opp label coverage: 0.79
Step 3575287/5000000 | Win rate (rollout): 0.67 | Loss: 0.037 | Opp label coverage: 0.91
Step 3575799/5000000 | Win rate (rollout): 0.42 | Loss: 0.056 | Opp label coverage: 0.83
Step 3576311/5000000 | Win rate (rollout): 0.39 | Loss: 0.093 | Opp label coverage: 0.82
Step 3576826/5000000 | Win rate (rollout): 0.67 | Loss: 0.035 | Opp label coverage: 0.90
Step 3577343/5000000 | Win rate (rollout): 0.29 | Loss: 0.079 | Opp label coverage: 0.90
Step 3577859/5000000 | Win rate (rollout): 0.47 | Loss: 0.167 | Opp label coverage: 0.90
Step 3578371/5000000 | Win rate (rollout): 0.43 | Loss: 0.061 | Opp label coverage: 0.90
Step 3578883/5000000 | Win rate (rollout): 0.54 | Loss: 0.067 | Opp label coverage: 0.84
Step 3579395/5000000 | Win rate (rollout): 0.67 | Loss: 0.048 | Opp label coverage: 0.80
Step 3579911/5000000 | Win rate (rollout): 0.14 | Loss: 0.058 | Opp label coverage: 0.89
Step 3580423/5000000 | Win rate (rollout): 0.33 | Loss: 0.072 | Opp label coverage: 0.88
Step 3580935/5000000 | Win rate (rollout): 0.36 | Loss: 0.044 | Opp label coverage: 0.79
Step 3581447/5000000 | Win rate (rollout): 0.44 | Loss: 0.028 | Opp label coverage: 0.91
Step 3581959/5000000 | Win rate (rollout): 0.42 | Loss: 0.068 | Opp label coverage: 0.82
Step 3582475/5000000 | Win rate (rollout): 0.50 | Loss: 0.025 | Opp label coverage: 0.90
Step 3582987/5000000 | Win rate (rollout): 0.56 | Loss: 0.073 | Opp label coverage: 0.85
Step 3583499/5000000 | Win rate (rollout): 0.38 | Loss: 0.058 | Opp label coverage: 0.83
Step 3584011/5000000 | Win rate (rollout): 0.27 | Loss: 0.071 | Opp label coverage: 0.77
Step 3584526/5000000 | Win rate (rollout): 0.30 | Loss: 0.044 | Opp label coverage: 0.88
Step 3585038/5000000 | Win rate (rollout): 0.36 | Loss: 0.082 | Opp label coverage: 0.82
Step 3585550/5000000 | Win rate (rollout): 0.19 | Loss: 0.034 | Opp label coverage: 0.83
Step 3586062/5000000 | Win rate (rollout): 0.17 | Loss: 0.053 | Opp label coverage: 0.83
Step 3586574/5000000 | Win rate (rollout): 0.57 | Loss: 0.054 | Opp label coverage: 0.79
Step 3587088/5000000 | Win rate (rollout): 0.64 | Loss: 0.095 | Opp label coverage: 0.91
Step 3587600/5000000 | Win rate (rollout): 0.36 | Loss: 0.040 | Opp label coverage: 0.84
Step 3588114/5000000 | Win rate (rollout): 0.75 | Loss: 0.035 | Opp label coverage: 0.91
Step 3588626/5000000 | Win rate (rollout): 0.38 | Loss: 0.045 | Opp label coverage: 0.79
Step 3589138/5000000 | Win rate (rollout): 0.56 | Loss: 0.039 | Opp label coverage: 0.82
Step 3589650/5000000 | Win rate (rollout): 0.50 | Loss: 0.104 | Opp label coverage: 0.83
Step 3590162/5000000 | Win rate (rollout): 0.65 | Loss: 0.074 | Opp label coverage: 0.81
Step 3590680/5000000 | Win rate (rollout): 0.70 | Loss: 0.044 | Opp label coverage: 0.92
Step 3591193/5000000 | Win rate (rollout): 0.75 | Loss: 0.009 | Opp label coverage: 0.91
Step 3591707/5000000 | Win rate (rollout): 0.38 | Loss: 0.063 | Opp label coverage: 0.91
Step 3592219/5000000 | Win rate (rollout): 0.44 | Loss: 0.081 | Opp label coverage: 0.82
Step 3592735/5000000 | Win rate (rollout): 0.64 | Loss: -0.005 | Opp label coverage: 0.89
Step 3593254/5000000 | Win rate (rollout): 0.50 | Loss: 0.036 | Opp label coverage: 0.92
Step 3593766/5000000 | Win rate (rollout): 0.33 | Loss: 0.071 | Opp label coverage: 0.82
Step 3594281/5000000 | Win rate (rollout): 0.55 | Loss: 0.064 | Opp label coverage: 0.88
Step 3594793/5000000 | Win rate (rollout): 0.42 | Loss: 0.059 | Opp label coverage: 0.84
Step 3595305/5000000 | Win rate (rollout): 0.64 | Loss: 0.069 | Opp label coverage: 0.79
Step 3595817/5000000 | Win rate (rollout): 0.67 | Loss: 0.070 | Opp label coverage: 0.80
Step 3596329/5000000 | Win rate (rollout): 0.70 | Loss: 0.025 | Opp label coverage: 0.91
Step 3596842/5000000 | Win rate (rollout): 0.62 | Loss: 0.054 | Opp label coverage: 0.89
Step 3597360/5000000 | Win rate (rollout): 0.33 | Loss: 0.094 | Opp label coverage: 0.91
Step 3597875/5000000 | Win rate (rollout): 0.67 | Loss: -0.001 | Opp label coverage: 0.92
Step 3598391/5000000 | Win rate (rollout): 0.50 | Loss: 0.051 | Opp label coverage: 0.89
Step 3598903/5000000 | Win rate (rollout): 0.38 | Loss: 0.039 | Opp label coverage: 0.75
Step 3599415/5000000 | Win rate (rollout): 0.50 | Loss: 0.079 | Opp label coverage: 0.79
Step 3599927/5000000 | Win rate (rollout): 0.40 | Loss: 0.065 | Opp label coverage: 0.82
Step 3600439/5000000 | Win rate (rollout): 0.55 | Loss: 0.057 | Opp label coverage: 0.82
Step 3600951/5000000 | Win rate (rollout): 0.50 | Loss: 0.077 | Opp label coverage: 0.83
Step 3601463/5000000 | Win rate (rollout): 0.82 | Loss: 0.036 | Opp label coverage: 0.84
Step 3601975/5000000 | Win rate (rollout): 0.38 | Loss: 0.080 | Opp label coverage: 0.85
Step 3602487/5000000 | Win rate (rollout): 0.12 | Loss: 0.059 | Opp label coverage: 0.77
Step 3602999/5000000 | Win rate (rollout): 0.45 | Loss: 0.076 | Opp label coverage: 0.78
Step 3603513/5000000 | Win rate (rollout): 0.80 | Loss: 0.070 | Opp label coverage: 0.90
Step 3604025/5000000 | Win rate (rollout): 0.36 | Loss: 0.041 | Opp label coverage: 0.90
Step 3604537/5000000 | Win rate (rollout): 0.57 | Loss: 0.092 | Opp label coverage: 0.80
Step 3605055/5000000 | Win rate (rollout): 0.55 | Loss: 0.086 | Opp label coverage: 0.91
Step 3605567/5000000 | Win rate (rollout): 0.88 | Loss: 0.014 | Opp label coverage: 0.87
Step 3606079/5000000 | Win rate (rollout): 0.50 | Loss: 0.095 | Opp label coverage: 0.80
Step 3606592/5000000 | Win rate (rollout): 0.67 | Loss: 0.023 | Opp label coverage: 0.91
Step 3607109/5000000 | Win rate (rollout): 0.62 | Loss: 0.021 | Opp label coverage: 0.90
Step 3607621/5000000 | Win rate (rollout): 0.71 | Loss: 0.068 | Opp label coverage: 0.84
Step 3608135/5000000 | Win rate (rollout): 0.50 | Loss: 0.067 | Opp label coverage: 0.90
Step 3608649/5000000 | Win rate (rollout): 0.69 | Loss: 0.029 | Opp label coverage: 0.90
Step 3609161/5000000 | Win rate (rollout): 0.50 | Loss: 0.073 | Opp label coverage: 0.78
Step 3609677/5000000 | Win rate (rollout): 0.38 | Loss: 0.034 | Opp label coverage: 0.91
Step 3610189/5000000 | Win rate (rollout): 0.17 | Loss: 0.037 | Opp label coverage: 0.90
Step 3610701/5000000 | Win rate (rollout): 0.12 | Loss: 0.024 | Opp label coverage: 0.81
Step 3611215/5000000 | Win rate (rollout): 0.50 | Loss: 0.007 | Opp label coverage: 0.90
Step 3611734/5000000 | Win rate (rollout): 0.42 | Loss: 0.026 | Opp label coverage: 0.91
Step 3612250/5000000 | Win rate (rollout): 0.33 | Loss: 0.037 | Opp label coverage: 0.89
Step 3612767/5000000 | Win rate (rollout): 0.77 | Loss: 0.021 | Opp label coverage: 0.90
Step 3613279/5000000 | Win rate (rollout): 0.70 | Loss: 0.059 | Opp label coverage: 0.84
Step 3613791/5000000 | Win rate (rollout): 0.70 | Loss: 0.063 | Opp label coverage: 0.89
Step 3614305/5000000 | Win rate (rollout): 0.31 | Loss: 0.054 | Opp label coverage: 0.89
Step 3614819/5000000 | Win rate (rollout): 0.50 | Loss: 0.094 | Opp label coverage: 0.91
Step 3615331/5000000 | Win rate (rollout): 0.60 | Loss: 0.063 | Opp label coverage: 0.83
Step 3615843/5000000 | Win rate (rollout): 0.53 | Loss: 0.035 | Opp label coverage: 0.83
Step 3616355/5000000 | Win rate (rollout): 0.46 | Loss: 0.094 | Opp label coverage: 0.81
Step 3616867/5000000 | Win rate (rollout): 0.36 | Loss: 0.056 | Opp label coverage: 0.82
Step 3617379/5000000 | Win rate (rollout): 0.50 | Loss: 0.040 | Opp label coverage: 0.82
Step 3617891/5000000 | Win rate (rollout): 0.38 | Loss: 0.050 | Opp label coverage: 0.78
Step 3618407/5000000 | Win rate (rollout): 0.55 | Loss: 0.068 | Opp label coverage: 0.91
Step 3618919/5000000 | Win rate (rollout): 0.54 | Loss: 0.095 | Opp label coverage: 0.85
Step 3619431/5000000 | Win rate (rollout): 0.56 | Loss: 0.039 | Opp label coverage: 0.90
Step 3619947/5000000 | Win rate (rollout): 0.36 | Loss: 0.078 | Opp label coverage: 0.91
Step 3620459/5000000 | Win rate (rollout): 0.45 | Loss: 0.077 | Opp label coverage: 0.84
Step 3620971/5000000 | Win rate (rollout): 0.50 | Loss: 0.074 | Opp label coverage: 0.82
Step 3621483/5000000 | Win rate (rollout): 0.38 | Loss: 0.070 | Opp label coverage: 0.84
Step 3621999/5000000 | Win rate (rollout): 0.11 | Loss: 0.086 | Opp label coverage: 0.90
Step 3622511/5000000 | Win rate (rollout): 0.40 | Loss: 0.050 | Opp label coverage: 0.82
Step 3623023/5000000 | Win rate (rollout): 0.31 | Loss: 0.054 | Opp label coverage: 0.81
Step 3623536/5000000 | Win rate (rollout): 0.36 | Loss: 0.084 | Opp label coverage: 0.90
Step 3624048/5000000 | Win rate (rollout): 0.57 | Loss: 0.070 | Opp label coverage: 0.89
Step 3624564/5000000 | Win rate (rollout): 0.23 | Loss: 0.047 | Opp label coverage: 0.91
Step 3625076/5000000 | Win rate (rollout): 0.43 | Loss: 0.073 | Opp label coverage: 0.88
Step 3625588/5000000 | Win rate (rollout): 0.27 | Loss: 0.062 | Opp label coverage: 0.81
Step 3626100/5000000 | Win rate (rollout): 0.50 | Loss: 0.043 | Opp label coverage: 0.83
Step 3626612/5000000 | Win rate (rollout): 0.60 | Loss: 0.061 | Opp label coverage: 0.83
Step 3627127/5000000 | Win rate (rollout): 0.10 | Loss: -0.010 | Opp label coverage: 0.88
Step 3627639/5000000 | Win rate (rollout): 0.42 | Loss: 0.051 | Opp label coverage: 0.82
Step 3628151/5000000 | Win rate (rollout): 0.42 | Loss: 0.047 | Opp label coverage: 0.83
Step 3628663/5000000 | Win rate (rollout): 0.33 | Loss: 0.032 | Opp label coverage: 0.74
Step 3629175/5000000 | Win rate (rollout): 0.67 | Loss: 0.034 | Opp label coverage: 0.81
Step 3629687/5000000 | Win rate (rollout): 0.18 | Loss: 0.032 | Opp label coverage: 0.81
Step 3630200/5000000 | Win rate (rollout): 0.70 | Loss: 0.027 | Opp label coverage: 0.92
Step 3630715/5000000 | Win rate (rollout): 0.29 | Loss: 0.015 | Opp label coverage: 0.87
Step 3631231/5000000 | Win rate (rollout): 0.47 | Loss: 0.092 | Opp label coverage: 0.91
Step 3631743/5000000 | Win rate (rollout): 0.42 | Loss: 0.060 | Opp label coverage: 0.79
Step 3632255/5000000 | Win rate (rollout): 0.56 | Loss: 0.066 | Opp label coverage: 0.93
Step 3632767/5000000 | Win rate (rollout): 0.43 | Loss: 0.054 | Opp label coverage: 0.82
Step 3633279/5000000 | Win rate (rollout): 0.60 | Loss: 0.044 | Opp label coverage: 0.81
Step 3633794/5000000 | Win rate (rollout): 0.56 | Loss: 0.072 | Opp label coverage: 0.92
Step 3634306/5000000 | Win rate (rollout): 0.56 | Loss: 0.032 | Opp label coverage: 0.86
Step 3634820/5000000 | Win rate (rollout): 0.60 | Loss: 0.081 | Opp label coverage: 0.91
Step 3635336/5000000 | Win rate (rollout): 0.15 | Loss: 0.060 | Opp label coverage: 0.90
Step 3635848/5000000 | Win rate (rollout): 0.33 | Loss: 0.047 | Opp label coverage: 0.83
Step 3636360/5000000 | Win rate (rollout): 0.20 | Loss: 0.054 | Opp label coverage: 0.81
Step 3636872/5000000 | Win rate (rollout): 0.69 | Loss: 0.111 | Opp label coverage: 0.84
Step 3637386/5000000 | Win rate (rollout): 0.44 | Loss: -0.058 | Opp label coverage: 0.90
Step 3637898/5000000 | Win rate (rollout): 0.60 | Loss: 0.060 | Opp label coverage: 0.81
Step 3638412/5000000 | Win rate (rollout): 0.22 | Loss: 0.067 | Opp label coverage: 0.89
Step 3638924/5000000 | Win rate (rollout): 0.29 | Loss: 0.024 | Opp label coverage: 0.85
Step 3639441/5000000 | Win rate (rollout): 0.75 | Loss: 0.056 | Opp label coverage: 0.92
Step 3639953/5000000 | Win rate (rollout): 0.42 | Loss: 0.051 | Opp label coverage: 0.85
Step 3640469/5000000 | Win rate (rollout): 0.50 | Loss: 0.036 | Opp label coverage: 0.91
Step 3640987/5000000 | Win rate (rollout): 0.50 | Loss: 0.031 | Opp label coverage: 0.90
Step 3641499/5000000 | Win rate (rollout): 0.36 | Loss: 0.048 | Opp label coverage: 0.83
Step 3642012/5000000 | Win rate (rollout): 0.75 | Loss: 0.147 | Opp label coverage: 0.91
Step 3642526/5000000 | Win rate (rollout): 0.56 | Loss: 0.083 | Opp label coverage: 0.89
Step 3643038/5000000 | Win rate (rollout): 0.40 | Loss: 0.055 | Opp label coverage: 0.83
Step 3643556/5000000 | Win rate (rollout): 0.27 | Loss: 0.027 | Opp label coverage: 0.89
Step 3644070/5000000 | Win rate (rollout): 0.64 | Loss: -0.003 | Opp label coverage: 0.90
Step 3644582/5000000 | Win rate (rollout): 0.55 | Loss: 0.054 | Opp label coverage: 0.84
Step 3645094/5000000 | Win rate (rollout): 0.55 | Loss: 0.069 | Opp label coverage: 0.76
Step 3645606/5000000 | Win rate (rollout): 0.25 | Loss: 0.051 | Opp label coverage: 0.83
Step 3646118/5000000 | Win rate (rollout): 0.31 | Loss: 0.055 | Opp label coverage: 0.79
Step 3646630/5000000 | Win rate (rollout): 0.67 | Loss: 0.065 | Opp label coverage: 0.84
Step 3647142/5000000 | Win rate (rollout): 0.14 | Loss: 0.054 | Opp label coverage: 0.82
Step 3647660/5000000 | Win rate (rollout): 0.50 | Loss: 0.066 | Opp label coverage: 0.90
Step 3648172/5000000 | Win rate (rollout): 0.67 | Loss: 0.021 | Opp label coverage: 0.85
Step 3648684/5000000 | Win rate (rollout): 0.50 | Loss: 0.061 | Opp label coverage: 0.82
Step 3649200/5000000 | Win rate (rollout): 0.55 | Loss: 0.038 | Opp label coverage: 0.88
Step 3649716/5000000 | Win rate (rollout): 0.50 | Loss: 0.094 | Opp label coverage: 0.89
Step 3650229/5000000 | Win rate (rollout): 0.62 | Loss: 0.095 | Opp label coverage: 0.93
Step 3650741/5000000 | Win rate (rollout): 0.43 | Loss: 0.092 | Opp label coverage: 0.82
Step 3651257/5000000 | Win rate (rollout): 0.45 | Loss: 0.065 | Opp label coverage: 0.90
Step 3651769/5000000 | Win rate (rollout): 0.67 | Loss: 0.036 | Opp label coverage: 0.90
Step 3652281/5000000 | Win rate (rollout): 0.29 | Loss: 0.027 | Opp label coverage: 0.86
Step 3652794/5000000 | Win rate (rollout): 0.50 | Loss: 0.048 | Opp label coverage: 0.91
Step 3653309/5000000 | Win rate (rollout): 0.40 | Loss: 0.055 | Opp label coverage: 0.89
Step 3653821/5000000 | Win rate (rollout): 0.57 | Loss: 0.124 | Opp label coverage: 0.89
Step 3654333/5000000 | Win rate (rollout): 0.22 | Loss: 0.026 | Opp label coverage: 0.80
Step 3654845/5000000 | Win rate (rollout): 0.33 | Loss: 0.071 | Opp label coverage: 0.81
Step 3655357/5000000 | Win rate (rollout): 0.36 | Loss: 0.021 | Opp label coverage: 0.81
Step 3655871/5000000 | Win rate (rollout): 0.78 | Loss: 0.021 | Opp label coverage: 0.90
Step 3656385/5000000 | Win rate (rollout): 0.53 | Loss: 0.025 | Opp label coverage: 0.90
Step 3656897/5000000 | Win rate (rollout): 0.33 | Loss: 0.078 | Opp label coverage: 0.85
Step 3657414/5000000 | Win rate (rollout): 0.45 | Loss: 0.033 | Opp label coverage: 0.89
Step 3657926/5000000 | Win rate (rollout): 0.31 | Loss: 0.063 | Opp label coverage: 0.84
Step 3658442/5000000 | Win rate (rollout): 0.75 | Loss: 0.059 | Opp label coverage: 0.91
Step 3658957/5000000 | Win rate (rollout): 0.53 | Loss: 0.073 | Opp label coverage: 0.91
Step 3659472/5000000 | Win rate (rollout): 0.80 | Loss: 0.061 | Opp label coverage: 0.90
Step 3659984/5000000 | Win rate (rollout): 0.62 | Loss: 0.072 | Opp label coverage: 0.90
Step 3660496/5000000 | Win rate (rollout): 0.64 | Loss: 0.046 | Opp label coverage: 0.82
Step 3661008/5000000 | Win rate (rollout): 0.43 | Loss: 0.054 | Opp label coverage: 0.85
Step 3661520/5000000 | Win rate (rollout): 0.57 | Loss: 0.059 | Opp label coverage: 0.83
Step 3662036/5000000 | Win rate (rollout): 0.60 | Loss: 0.059 | Opp label coverage: 0.90
Step 3662555/5000000 | Win rate (rollout): 0.45 | Loss: 0.113 | Opp label coverage: 0.92
Step 3663067/5000000 | Win rate (rollout): 0.50 | Loss: 0.053 | Opp label coverage: 0.80
Step 3663583/5000000 | Win rate (rollout): 0.56 | Loss: 0.036 | Opp label coverage: 0.91
Step 3664098/5000000 | Win rate (rollout): 0.33 | Loss: 0.033 | Opp label coverage: 0.91
Step 3664610/5000000 | Win rate (rollout): 0.50 | Loss: 0.075 | Opp label coverage: 0.84
Step 3665122/5000000 | Win rate (rollout): 0.33 | Loss: 0.055 | Opp label coverage: 0.81
Step 3665640/5000000 | Win rate (rollout): 0.38 | Loss: 0.030 | Opp label coverage: 0.91
Step 3666154/5000000 | Win rate (rollout): 0.71 | Loss: 0.048 | Opp label coverage: 0.90
Step 3666666/5000000 | Win rate (rollout): 0.75 | Loss: 0.049 | Opp label coverage: 0.82
Step 3667185/5000000 | Win rate (rollout): 0.60 | Loss: 0.070 | Opp label coverage: 0.90
Step 3667697/5000000 | Win rate (rollout): 0.46 | Loss: 0.032 | Opp label coverage: 0.80
Step 3668213/5000000 | Win rate (rollout): 0.60 | Loss: 0.053 | Opp label coverage: 0.88
Step 3668729/5000000 | Win rate (rollout): 0.53 | Loss: 0.046 | Opp label coverage: 0.91
Step 3669244/5000000 | Win rate (rollout): 0.50 | Loss: 0.098 | Opp label coverage: 0.89
Step 3669756/5000000 | Win rate (rollout): 0.64 | Loss: 0.046 | Opp label coverage: 0.81
Step 3670269/5000000 | Win rate (rollout): 0.50 | Loss: 0.042 | Opp label coverage: 0.89
Step 3670785/5000000 | Win rate (rollout): 0.86 | Loss: 0.030 | Opp label coverage: 0.92
Step 3671297/5000000 | Win rate (rollout): 0.36 | Loss: 0.061 | Opp label coverage: 0.82
Step 3671814/5000000 | Win rate (rollout): 0.67 | Loss: 0.126 | Opp label coverage: 0.90
Step 3672329/5000000 | Win rate (rollout): 0.70 | Loss: 0.003 | Opp label coverage: 0.93
Step 3672847/5000000 | Win rate (rollout): 0.38 | Loss: 0.027 | Opp label coverage: 0.90
Step 3673359/5000000 | Win rate (rollout): 0.18 | Loss: 0.052 | Opp label coverage: 0.81
Step 3673877/5000000 | Win rate (rollout): 0.50 | Loss: 0.057 | Opp label coverage: 0.90
Step 3674389/5000000 | Win rate (rollout): 0.38 | Loss: 0.052 | Opp label coverage: 0.86
Step 3674902/5000000 | Win rate (rollout): 0.82 | Loss: 0.132 | Opp label coverage: 0.90
Step 3675414/5000000 | Win rate (rollout): 0.40 | Loss: 0.037 | Opp label coverage: 0.80
Step 3675926/5000000 | Win rate (rollout): 0.42 | Loss: 0.061 | Opp label coverage: 0.81
Step 3676441/5000000 | Win rate (rollout): 0.64 | Loss: 0.045 | Opp label coverage: 0.89
Step 3676953/5000000 | Win rate (rollout): 0.60 | Loss: 0.065 | Opp label coverage: 0.77
Step 3677465/5000000 | Win rate (rollout): 0.38 | Loss: 0.036 | Opp label coverage: 0.79
Step 3677977/5000000 | Win rate (rollout): 0.25 | Loss: 0.031 | Opp label coverage: 0.82
Step 3678489/5000000 | Win rate (rollout): 0.64 | Loss: 0.024 | Opp label coverage: 0.84
Step 3679001/5000000 | Win rate (rollout): 0.36 | Loss: 0.064 | Opp label coverage: 0.81
Step 3679513/5000000 | Win rate (rollout): 0.62 | Loss: 0.048 | Opp label coverage: 0.91
Step 3680025/5000000 | Win rate (rollout): 0.50 | Loss: 0.047 | Opp label coverage: 0.82
Step 3680540/5000000 | Win rate (rollout): 0.40 | Loss: -0.007 | Opp label coverage: 0.90
Step 3681052/5000000 | Win rate (rollout): 0.56 | Loss: 0.051 | Opp label coverage: 0.84
Step 3681565/5000000 | Win rate (rollout): 0.64 | Loss: 0.017 | Opp label coverage: 0.90
Step 3682082/5000000 | Win rate (rollout): 0.60 | Loss: 0.075 | Opp label coverage: 0.87
Step 3682597/5000000 | Win rate (rollout): 0.54 | Loss: 0.056 | Opp label coverage: 0.92
Step 3683109/5000000 | Win rate (rollout): 0.23 | Loss: 0.086 | Opp label coverage: 0.75
Step 3683622/5000000 | Win rate (rollout): 0.50 | Loss: 0.117 | Opp label coverage: 0.88
Step 3684137/5000000 | Win rate (rollout): 0.54 | Loss: 0.085 | Opp label coverage: 0.91
Step 3684652/5000000 | Win rate (rollout): 0.40 | Loss: -0.021 | Opp label coverage: 0.92
Step 3685169/5000000 | Win rate (rollout): 0.42 | Loss: 0.059 | Opp label coverage: 0.91
Step 3685685/5000000 | Win rate (rollout): 0.41 | Loss: 0.055 | Opp label coverage: 0.88
Step 3686197/5000000 | Win rate (rollout): 0.58 | Loss: 0.060 | Opp label coverage: 0.80
Step 3686709/5000000 | Win rate (rollout): 0.40 | Loss: 0.067 | Opp label coverage: 0.76
Step 3687221/5000000 | Win rate (rollout): 0.56 | Loss: 0.050 | Opp label coverage: 0.82
Step 3687733/5000000 | Win rate (rollout): 0.54 | Loss: 0.071 | Opp label coverage: 0.80
Step 3688249/5000000 | Win rate (rollout): 0.29 | Loss: 0.072 | Opp label coverage: 0.91
Step 3688761/5000000 | Win rate (rollout): 0.57 | Loss: 0.067 | Opp label coverage: 0.82
Step 3689277/5000000 | Win rate (rollout): 0.50 | Loss: 0.087 | Opp label coverage: 0.90
Step 3689792/5000000 | Win rate (rollout): 0.55 | Loss: 0.029 | Opp label coverage: 0.92
Step 3690310/5000000 | Win rate (rollout): 0.20 | Loss: 0.050 | Opp label coverage: 0.91
Step 3690822/5000000 | Win rate (rollout): 0.33 | Loss: 0.037 | Opp label coverage: 0.83
Step 3691334/5000000 | Win rate (rollout): 0.36 | Loss: 0.084 | Opp label coverage: 0.84
Step 3691846/5000000 | Win rate (rollout): 0.50 | Loss: 0.038 | Opp label coverage: 0.89
Step 3692358/5000000 | Win rate (rollout): 0.50 | Loss: 0.041 | Opp label coverage: 0.83
Step 3692870/5000000 | Win rate (rollout): 0.46 | Loss: 0.040 | Opp label coverage: 0.79
Step 3693386/5000000 | Win rate (rollout): 0.50 | Loss: 0.051 | Opp label coverage: 0.91
Step 3693898/5000000 | Win rate (rollout): 0.60 | Loss: 0.063 | Opp label coverage: 0.83
Step 3694410/5000000 | Win rate (rollout): 0.27 | Loss: 0.042 | Opp label coverage: 0.79
Step 3694922/5000000 | Win rate (rollout): 0.25 | Loss: 0.088 | Opp label coverage: 0.81
Step 3695434/5000000 | Win rate (rollout): 0.60 | Loss: 0.081 | Opp label coverage: 0.90
Step 3695946/5000000 | Win rate (rollout): 0.50 | Loss: 0.044 | Opp label coverage: 0.83
Step 3696458/5000000 | Win rate (rollout): 0.50 | Loss: 0.052 | Opp label coverage: 0.85
Step 3696971/5000000 | Win rate (rollout): 0.75 | Loss: -0.012 | Opp label coverage: 0.89
Step 3697483/5000000 | Win rate (rollout): 0.67 | Loss: 0.044 | Opp label coverage: 0.84
Step 3697999/5000000 | Win rate (rollout): 0.78 | Loss: 0.050 | Opp label coverage: 0.92
Step 3698513/5000000 | Win rate (rollout): 0.79 | Loss: 0.074 | Opp label coverage: 0.91
Step 3699026/5000000 | Win rate (rollout): 0.75 | Loss: 0.144 | Opp label coverage: 0.91
Step 3699538/5000000 | Win rate (rollout): 0.00 | Loss: 0.031 | Opp label coverage: 0.81
Step 3700050/5000000 | Win rate (rollout): 0.73 | Loss: 0.067 | Opp label coverage: 0.82
Step 3700562/5000000 | Win rate (rollout): 0.46 | Loss: 0.080 | Opp label coverage: 0.82
Step 3701074/5000000 | Win rate (rollout): 0.44 | Loss: 0.056 | Opp label coverage: 0.82
Step 3701590/5000000 | Win rate (rollout): 0.67 | Loss: 0.066 | Opp label coverage: 0.90
Step 3702102/5000000 | Win rate (rollout): 0.33 | Loss: 0.065 | Opp label coverage: 0.79
Step 3702620/5000000 | Win rate (rollout): 0.50 | Loss: 0.066 | Opp label coverage: 0.92
Step 3703132/5000000 | Win rate (rollout): 0.42 | Loss: 0.056 | Opp label coverage: 0.83
Step 3703646/5000000 | Win rate (rollout): 0.75 | Loss: 0.080 | Opp label coverage: 0.91
Step 3704161/5000000 | Win rate (rollout): 0.40 | Loss: 0.044 | Opp label coverage: 0.89
Step 3704673/5000000 | Win rate (rollout): 0.46 | Loss: 0.078 | Opp label coverage: 0.82
Step 3705185/5000000 | Win rate (rollout): 0.80 | Loss: 0.069 | Opp label coverage: 0.80
Step 3705698/5000000 | Win rate (rollout): 0.44 | Loss: 0.053 | Opp label coverage: 0.90
Step 3706217/5000000 | Win rate (rollout): 0.46 | Loss: 0.027 | Opp label coverage: 0.90
Step 3706729/5000000 | Win rate (rollout): 0.36 | Loss: 0.077 | Opp label coverage: 0.83
Step 3707241/5000000 | Win rate (rollout): 0.33 | Loss: 0.037 | Opp label coverage: 0.81
Step 3707753/5000000 | Win rate (rollout): 0.64 | Loss: 0.067 | Opp label coverage: 0.81
Step 3708265/5000000 | Win rate (rollout): 0.44 | Loss: 0.053 | Opp label coverage: 0.83
Step 3708784/5000000 | Win rate (rollout): 0.22 | Loss: 0.060 | Opp label coverage: 0.90
Step 3709300/5000000 | Win rate (rollout): 0.42 | Loss: 0.049 | Opp label coverage: 0.90
Step 3709817/5000000 | Win rate (rollout): 0.50 | Loss: 0.114 | Opp label coverage: 0.89
Step 3710333/5000000 | Win rate (rollout): 0.25 | Loss: 0.076 | Opp label coverage: 0.89
Step 3710851/5000000 | Win rate (rollout): 0.50 | Loss: 0.084 | Opp label coverage: 0.89
Step 3711367/5000000 | Win rate (rollout): 0.33 | Loss: 0.023 | Opp label coverage: 0.90
Step 3711879/5000000 | Win rate (rollout): 0.80 | Loss: 0.061 | Opp label coverage: 0.92
Step 3712395/5000000 | Win rate (rollout): 0.44 | Loss: 0.044 | Opp label coverage: 0.89
Step 3712910/5000000 | Win rate (rollout): 0.89 | Loss: 0.051 | Opp label coverage: 0.94
Step 3713422/5000000 | Win rate (rollout): 0.38 | Loss: 0.074 | Opp label coverage: 0.83
Step 3713934/5000000 | Win rate (rollout): 0.62 | Loss: 0.056 | Opp label coverage: 0.90
Step 3714446/5000000 | Win rate (rollout): 0.46 | Loss: 0.064 | Opp label coverage: 0.83
Step 3714958/5000000 | Win rate (rollout): 0.29 | Loss: 0.038 | Opp label coverage: 0.80
Step 3715470/5000000 | Win rate (rollout): 0.36 | Loss: 0.036 | Opp label coverage: 0.79
Step 3715984/5000000 | Win rate (rollout): 0.25 | Loss: 0.148 | Opp label coverage: 0.89
Step 3716497/5000000 | Win rate (rollout): 0.54 | Loss: 0.089 | Opp label coverage: 0.91
Step 3717009/5000000 | Win rate (rollout): 0.46 | Loss: 0.074 | Opp label coverage: 0.83
Step 3717521/5000000 | Win rate (rollout): 0.33 | Loss: 0.097 | Opp label coverage: 0.80
Step 3718039/5000000 | Win rate (rollout): 0.70 | Loss: 0.042 | Opp label coverage: 0.91
Step 3718551/5000000 | Win rate (rollout): 0.70 | Loss: 0.044 | Opp label coverage: 0.79
Step 3719063/5000000 | Win rate (rollout): 0.50 | Loss: 0.043 | Opp label coverage: 0.83
Step 3719575/5000000 | Win rate (rollout): 0.57 | Loss: 0.064 | Opp label coverage: 0.78
Step 3720087/5000000 | Win rate (rollout): 0.33 | Loss: 0.061 | Opp label coverage: 0.82
Step 3720604/5000000 | Win rate (rollout): 0.80 | Loss: 0.070 | Opp label coverage: 0.91
Step 3721116/5000000 | Win rate (rollout): 0.50 | Loss: 0.062 | Opp label coverage: 0.80
Step 3721628/5000000 | Win rate (rollout): 0.25 | Loss: 0.031 | Opp label coverage: 0.83
Step 3722140/5000000 | Win rate (rollout): 0.17 | Loss: 0.067 | Opp label coverage: 0.80
Step 3722659/5000000 | Win rate (rollout): 0.50 | Loss: 0.056 | Opp label coverage: 0.92
Step 3723173/5000000 | Win rate (rollout): 0.62 | Loss: 0.080 | Opp label coverage: 0.91
Step 3723691/5000000 | Win rate (rollout): 0.82 | Loss: 0.065 | Opp label coverage: 0.90
Step 3724203/5000000 | Win rate (rollout): 0.30 | Loss: 0.064 | Opp label coverage: 0.79
Step 3724715/5000000 | Win rate (rollout): 0.35 | Loss: 0.036 | Opp label coverage: 0.80
Step 3725227/5000000 | Win rate (rollout): 0.56 | Loss: 0.070 | Opp label coverage: 0.88
Step 3725739/5000000 | Win rate (rollout): 0.36 | Loss: 0.049 | Opp label coverage: 0.82
Step 3726256/5000000 | Win rate (rollout): 0.56 | Loss: 0.053 | Opp label coverage: 0.91
Step 3726771/5000000 | Win rate (rollout): 0.59 | Loss: 0.086 | Opp label coverage: 0.90
Step 3727288/5000000 | Win rate (rollout): 0.67 | Loss: 0.107 | Opp label coverage: 0.92
Step 3727805/5000000 | Win rate (rollout): 0.67 | Loss: 0.057 | Opp label coverage: 0.92
Step 3728317/5000000 | Win rate (rollout): 0.50 | Loss: 0.079 | Opp label coverage: 0.84
Step 3728829/5000000 | Win rate (rollout): 0.27 | Loss: 0.071 | Opp label coverage: 0.81
Step 3729341/5000000 | Win rate (rollout): 0.44 | Loss: 0.075 | Opp label coverage: 0.79
Step 3729855/5000000 | Win rate (rollout): 0.55 | Loss: 0.051 | Opp label coverage: 0.90
Step 3730367/5000000 | Win rate (rollout): 0.18 | Loss: 0.051 | Opp label coverage: 0.82
Step 3730883/5000000 | Win rate (rollout): 0.12 | Loss: 0.080 | Opp label coverage: 0.89
Step 3731395/5000000 | Win rate (rollout): 0.57 | Loss: 0.066 | Opp label coverage: 0.80
Step 3731909/5000000 | Win rate (rollout): 0.50 | Loss: -0.015 | Opp label coverage: 0.89
Step 3732425/5000000 | Win rate (rollout): 0.59 | Loss: 0.094 | Opp label coverage: 0.87
Step 3732938/5000000 | Win rate (rollout): 0.36 | Loss: 0.007 | Opp label coverage: 0.90
Step 3733450/5000000 | Win rate (rollout): 0.75 | Loss: 0.022 | Opp label coverage: 0.79
Step 3733962/5000000 | Win rate (rollout): 0.29 | Loss: 0.086 | Opp label coverage: 0.82
Step 3734474/5000000 | Win rate (rollout): 0.71 | Loss: 0.059 | Opp label coverage: 0.79
Step 3734988/5000000 | Win rate (rollout): 0.67 | Loss: 0.046 | Opp label coverage: 0.89
Step 3735500/5000000 | Win rate (rollout): 0.60 | Loss: 0.054 | Opp label coverage: 0.93
Step 3736017/5000000 | Win rate (rollout): 0.46 | Loss: 0.052 | Opp label coverage: 0.89
Step 3736529/5000000 | Win rate (rollout): 0.78 | Loss: 0.029 | Opp label coverage: 0.86
Step 3737041/5000000 | Win rate (rollout): 0.50 | Loss: 0.028 | Opp label coverage: 0.88
Step 3737553/5000000 | Win rate (rollout): 0.62 | Loss: 0.061 | Opp label coverage: 0.85
Step 3738065/5000000 | Win rate (rollout): 0.44 | Loss: 0.077 | Opp label coverage: 0.89
Step 3738577/5000000 | Win rate (rollout): 0.29 | Loss: 0.050 | Opp label coverage: 0.82
Step 3739092/5000000 | Win rate (rollout): 0.33 | Loss: 0.043 | Opp label coverage: 0.90
Step 3739610/5000000 | Win rate (rollout): 0.53 | Loss: 0.048 | Opp label coverage: 0.89
Step 3740122/5000000 | Win rate (rollout): 0.38 | Loss: 0.086 | Opp label coverage: 0.83
Step 3740634/5000000 | Win rate (rollout): 0.31 | Loss: 0.062 | Opp label coverage: 0.80
Step 3741146/5000000 | Win rate (rollout): 0.40 | Loss: 0.052 | Opp label coverage: 0.82
Step 3741660/5000000 | Win rate (rollout): 0.62 | Loss: -0.009 | Opp label coverage: 0.92
Step 3742172/5000000 | Win rate (rollout): 0.58 | Loss: 0.075 | Opp label coverage: 0.79
Step 3742688/5000000 | Win rate (rollout): 0.44 | Loss: -0.008 | Opp label coverage: 0.89
Step 3743203/5000000 | Win rate (rollout): 0.36 | Loss: 0.090 | Opp label coverage: 0.91
Step 3743715/5000000 | Win rate (rollout): 0.27 | Loss: 0.093 | Opp label coverage: 0.84
Step 3744227/5000000 | Win rate (rollout): 0.64 | Loss: 0.055 | Opp label coverage: 0.90
Step 3744739/5000000 | Win rate (rollout): 0.38 | Loss: 0.018 | Opp label coverage: 0.79
Step 3745251/5000000 | Win rate (rollout): 0.64 | Loss: 0.059 | Opp label coverage: 0.89
Step 3745767/5000000 | Win rate (rollout): 0.67 | Loss: 0.106 | Opp label coverage: 0.90
Step 3746279/5000000 | Win rate (rollout): 0.44 | Loss: 0.038 | Opp label coverage: 0.85
Step 3746792/5000000 | Win rate (rollout): 0.70 | Loss: 0.073 | Opp label coverage: 0.91
Step 3747304/5000000 | Win rate (rollout): 0.36 | Loss: 0.078 | Opp label coverage: 0.81
Step 3747818/5000000 | Win rate (rollout): 0.43 | Loss: 0.126 | Opp label coverage: 0.91
Step 3748330/5000000 | Win rate (rollout): 0.50 | Loss: 0.043 | Opp label coverage: 0.85
Step 3748843/5000000 | Win rate (rollout): 0.50 | Loss: 0.045 | Opp label coverage: 0.91
Step 3749357/5000000 | Win rate (rollout): 0.73 | Loss: 0.057 | Opp label coverage: 0.92
Step 3749874/5000000 | Win rate (rollout): 0.38 | Loss: 0.052 | Opp label coverage: 0.90
[checkpoint] Saved models/ppo/checkpoints/bcft/ppo_step_3750054.pt
Step 3750388/5000000 | Win rate (rollout): 0.58 | Loss: 0.108 | Opp label coverage: 0.91
Step 3750900/5000000 | Win rate (rollout): 0.45 | Loss: 0.068 | Opp label coverage: 0.78
Step 3751412/5000000 | Win rate (rollout): 0.50 | Loss: 0.128 | Opp label coverage: 0.80
Step 3751924/5000000 | Win rate (rollout): 0.29 | Loss: 0.053 | Opp label coverage: 0.84
Step 3752436/5000000 | Win rate (rollout): 0.50 | Loss: 0.069 | Opp label coverage: 0.77
Step 3752948/5000000 | Win rate (rollout): 0.53 | Loss: 0.046 | Opp label coverage: 0.85
Step 3753467/5000000 | Win rate (rollout): 0.67 | Loss: 0.013 | Opp label coverage: 0.91
Step 3753979/5000000 | Win rate (rollout): 0.73 | Loss: 0.059 | Opp label coverage: 0.76
Step 3754491/5000000 | Win rate (rollout): 0.19 | Loss: 0.051 | Opp label coverage: 0.80
Step 3755003/5000000 | Win rate (rollout): 0.25 | Loss: 0.068 | Opp label coverage: 0.85
Step 3755515/5000000 | Win rate (rollout): 0.39 | Loss: 0.084 | Opp label coverage: 0.79
Step 3756029/5000000 | Win rate (rollout): 0.70 | Loss: 0.062 | Opp label coverage: 0.89
Step 3756546/5000000 | Win rate (rollout): 0.33 | Loss: 0.056 | Opp label coverage: 0.88
Step 3757058/5000000 | Win rate (rollout): 0.62 | Loss: 0.046 | Opp label coverage: 0.84
Step 3757570/5000000 | Win rate (rollout): 0.25 | Loss: 0.059 | Opp label coverage: 0.81
Step 3758082/5000000 | Win rate (rollout): 0.15 | Loss: 0.048 | Opp label coverage: 0.83
Step 3758594/5000000 | Win rate (rollout): 0.43 | Loss: 0.069 | Opp label coverage: 0.83
Step 3759106/5000000 | Win rate (rollout): 0.57 | Loss: 0.051 | Opp label coverage: 0.80
Step 3759622/5000000 | Win rate (rollout): 0.67 | Loss: 0.009 | Opp label coverage: 0.93
Step 3760141/5000000 | Win rate (rollout): 0.58 | Loss: 0.055 | Opp label coverage: 0.89
Step 3760659/5000000 | Win rate (rollout): 0.47 | Loss: 0.022 | Opp label coverage: 0.89
Step 3761175/5000000 | Win rate (rollout): 0.64 | Loss: 0.067 | Opp label coverage: 0.91
Step 3761687/5000000 | Win rate (rollout): 0.40 | Loss: 0.063 | Opp label coverage: 0.80
Step 3762203/5000000 | Win rate (rollout): 0.44 | Loss: 0.022 | Opp label coverage: 0.90
Step 3762715/5000000 | Win rate (rollout): 0.47 | Loss: 0.049 | Opp label coverage: 0.90
Step 3763227/5000000 | Win rate (rollout): 0.64 | Loss: 0.066 | Opp label coverage: 0.90
Step 3763740/5000000 | Win rate (rollout): 0.50 | Loss: 0.008 | Opp label coverage: 0.89
Step 3764255/5000000 | Win rate (rollout): 0.17 | Loss: 0.058 | Opp label coverage: 0.88
Step 3764767/5000000 | Win rate (rollout): 0.50 | Loss: 0.059 | Opp label coverage: 0.79
Step 3765282/5000000 | Win rate (rollout): 0.40 | Loss: 0.056 | Opp label coverage: 0.91
Step 3765798/5000000 | Win rate (rollout): 0.36 | Loss: 0.036 | Opp label coverage: 0.87
Step 3766312/5000000 | Win rate (rollout): 0.33 | Loss: 0.035 | Opp label coverage: 0.89
Step 3766824/5000000 | Win rate (rollout): 0.38 | Loss: 0.057 | Opp label coverage: 0.82
Step 3767336/5000000 | Win rate (rollout): 0.20 | Loss: 0.078 | Opp label coverage: 0.82
Step 3767848/5000000 | Win rate (rollout): 0.44 | Loss: 0.075 | Opp label coverage: 0.82
Step 3768360/5000000 | Win rate (rollout): 0.30 | Loss: 0.046 | Opp label coverage: 0.82
Step 3768872/5000000 | Win rate (rollout): 0.17 | Loss: 0.053 | Opp label coverage: 0.79
Step 3769384/5000000 | Win rate (rollout): 0.36 | Loss: 0.068 | Opp label coverage: 0.75
Step 3769899/5000000 | Win rate (rollout): 0.67 | Loss: 0.052 | Opp label coverage: 0.90
Step 3770411/5000000 | Win rate (rollout): 0.70 | Loss: 0.049 | Opp label coverage: 0.82
Step 3770926/5000000 | Win rate (rollout): 0.56 | Loss: 0.070 | Opp label coverage: 0.89
Step 3771445/5000000 | Win rate (rollout): 0.33 | Loss: 0.082 | Opp label coverage: 0.91
Step 3771958/5000000 | Win rate (rollout): 0.40 | Loss: 0.090 | Opp label coverage: 0.87
Step 3772470/5000000 | Win rate (rollout): 0.09 | Loss: 0.029 | Opp label coverage: 0.82
Step 3772982/5000000 | Win rate (rollout): 0.83 | Loss: 0.055 | Opp label coverage: 0.83
Step 3773494/5000000 | Win rate (rollout): 0.22 | Loss: 0.056 | Opp label coverage: 0.82
Step 3774006/5000000 | Win rate (rollout): 0.40 | Loss: 0.049 | Opp label coverage: 0.87
Step 3774519/5000000 | Win rate (rollout): 0.88 | Loss: 0.080 | Opp label coverage: 0.91
Step 3775034/5000000 | Win rate (rollout): 0.75 | Loss: 0.053 | Opp label coverage: 0.92
Step 3775546/5000000 | Win rate (rollout): 0.17 | Loss: 0.059 | Opp label coverage: 0.84
Step 3776058/5000000 | Win rate (rollout): 0.38 | Loss: 0.014 | Opp label coverage: 0.82
Step 3776574/5000000 | Win rate (rollout): 0.46 | Loss: 0.092 | Opp label coverage: 0.89
Step 3777088/5000000 | Win rate (rollout): 0.50 | Loss: 0.126 | Opp label coverage: 0.89
Step 3777600/5000000 | Win rate (rollout): 0.17 | Loss: 0.055 | Opp label coverage: 0.79
Step 3778112/5000000 | Win rate (rollout): 0.50 | Loss: 0.085 | Opp label coverage: 0.84
Step 3778628/5000000 | Win rate (rollout): 0.57 | Loss: 0.043 | Opp label coverage: 0.90
Step 3779144/5000000 | Win rate (rollout): 0.56 | Loss: 0.115 | Opp label coverage: 0.90
Step 3779663/5000000 | Win rate (rollout): 0.43 | Loss: 0.088 | Opp label coverage: 0.90
Step 3780175/5000000 | Win rate (rollout): 0.27 | Loss: 0.048 | Opp label coverage: 0.82
Step 3780690/5000000 | Win rate (rollout): 0.67 | Loss: 0.034 | Opp label coverage: 0.92
Step 3781202/5000000 | Win rate (rollout): 0.33 | Loss: 0.042 | Opp label coverage: 0.79
Step 3781714/5000000 | Win rate (rollout): 0.38 | Loss: 0.076 | Opp label coverage: 0.85
Step 3782229/5000000 | Win rate (rollout): 0.50 | Loss: 0.037 | Opp label coverage: 0.89
Step 3782742/5000000 | Win rate (rollout): 0.60 | Loss: 0.086 | Opp label coverage: 0.91
Step 3783254/5000000 | Win rate (rollout): 0.86 | Loss: 0.059 | Opp label coverage: 0.82
Step 3783766/5000000 | Win rate (rollout): 0.17 | Loss: 0.049 | Opp label coverage: 0.81
Step 3784278/5000000 | Win rate (rollout): 0.60 | Loss: 0.060 | Opp label coverage: 0.91
Step 3784795/5000000 | Win rate (rollout): 0.62 | Loss: 0.036 | Opp label coverage: 0.89
Step 3785313/5000000 | Win rate (rollout): 0.83 | Loss: 0.061 | Opp label coverage: 0.92
Step 3785825/5000000 | Win rate (rollout): 0.45 | Loss: 0.074 | Opp label coverage: 0.82
Step 3786337/5000000 | Win rate (rollout): 0.33 | Loss: 0.017 | Opp label coverage: 0.77
Step 3786851/5000000 | Win rate (rollout): 0.27 | Loss: 0.053 | Opp label coverage: 0.89
Step 3787363/5000000 | Win rate (rollout): 0.44 | Loss: 0.044 | Opp label coverage: 0.81
Step 3787875/5000000 | Win rate (rollout): 0.50 | Loss: 0.053 | Opp label coverage: 0.78
Step 3788387/5000000 | Win rate (rollout): 0.42 | Loss: 0.060 | Opp label coverage: 0.83
Step 3788899/5000000 | Win rate (rollout): 0.23 | Loss: 0.080 | Opp label coverage: 0.77
Step 3789418/5000000 | Win rate (rollout): 0.33 | Loss: 0.032 | Opp label coverage: 0.90
Step 3789930/5000000 | Win rate (rollout): 0.43 | Loss: 0.059 | Opp label coverage: 0.89
Step 3790449/5000000 | Win rate (rollout): 0.58 | Loss: 0.034 | Opp label coverage: 0.93
Step 3790961/5000000 | Win rate (rollout): 0.20 | Loss: 0.061 | Opp label coverage: 0.81
Step 3791473/5000000 | Win rate (rollout): 0.32 | Loss: 0.050 | Opp label coverage: 0.83
Step 3791985/5000000 | Win rate (rollout): 0.13 | Loss: 0.056 | Opp label coverage: 0.84
Step 3792498/5000000 | Win rate (rollout): 0.45 | Loss: 0.005 | Opp label coverage: 0.89
Step 3793010/5000000 | Win rate (rollout): 0.62 | Loss: 0.069 | Opp label coverage: 0.79
Step 3793525/5000000 | Win rate (rollout): 0.40 | Loss: 0.062 | Opp label coverage: 0.88
Step 3794038/5000000 | Win rate (rollout): 0.44 | Loss: 0.082 | Opp label coverage: 0.89
Step 3794550/5000000 | Win rate (rollout): 0.42 | Loss: 0.076 | Opp label coverage: 0.81
Step 3795068/5000000 | Win rate (rollout): 0.31 | Loss: 0.030 | Opp label coverage: 0.87
Step 3795580/5000000 | Win rate (rollout): 0.50 | Loss: 0.053 | Opp label coverage: 0.74
Step 3796092/5000000 | Win rate (rollout): 0.19 | Loss: 0.047 | Opp label coverage: 0.81
Step 3796604/5000000 | Win rate (rollout): 0.70 | Loss: 0.086 | Opp label coverage: 0.82
Step 3797116/5000000 | Win rate (rollout): 0.62 | Loss: 0.027 | Opp label coverage: 0.91
Step 3797628/5000000 | Win rate (rollout): 0.57 | Loss: 0.039 | Opp label coverage: 0.90
Step 3798140/5000000 | Win rate (rollout): 0.62 | Loss: 0.049 | Opp label coverage: 0.85
Step 3798652/5000000 | Win rate (rollout): 0.38 | Loss: 0.032 | Opp label coverage: 0.77
Step 3799164/5000000 | Win rate (rollout): 0.43 | Loss: 0.064 | Opp label coverage: 0.91
Step 3799681/5000000 | Win rate (rollout): 0.31 | Loss: 0.062 | Opp label coverage: 0.90
Step 3800193/5000000 | Win rate (rollout): 0.20 | Loss: 0.045 | Opp label coverage: 0.80
Step 3800705/5000000 | Win rate (rollout): 0.36 | Loss: 0.076 | Opp label coverage: 0.79
Step 3801217/5000000 | Win rate (rollout): 0.31 | Loss: 0.040 | Opp label coverage: 0.82
Step 3801731/5000000 | Win rate (rollout): 0.50 | Loss: 0.093 | Opp label coverage: 0.89
Step 3802244/5000000 | Win rate (rollout): 0.50 | Loss: 0.049 | Opp label coverage: 0.90
Step 3802763/5000000 | Win rate (rollout): 0.38 | Loss: 0.010 | Opp label coverage: 0.89
Step 3803275/5000000 | Win rate (rollout): 0.17 | Loss: 0.039 | Opp label coverage: 0.81
Step 3803787/5000000 | Win rate (rollout): 0.42 | Loss: 0.031 | Opp label coverage: 0.87
Step 3804301/5000000 | Win rate (rollout): 0.64 | Loss: 0.073 | Opp label coverage: 0.89
Step 3804813/5000000 | Win rate (rollout): 0.38 | Loss: 0.053 | Opp label coverage: 0.81
Step 3805326/5000000 | Win rate (rollout): 0.67 | Loss: 0.084 | Opp label coverage: 0.89
Step 3805839/5000000 | Win rate (rollout): 0.50 | Loss: 0.104 | Opp label coverage: 0.93
Step 3806352/5000000 | Win rate (rollout): 0.57 | Loss: 0.029 | Opp label coverage: 0.90
Step 3806864/5000000 | Win rate (rollout): 0.56 | Loss: 0.043 | Opp label coverage: 0.85
Step 3807381/5000000 | Win rate (rollout): 0.38 | Loss: 0.065 | Opp label coverage: 0.90
Step 3807893/5000000 | Win rate (rollout): 0.30 | Loss: 0.056 | Opp label coverage: 0.84
Step 3808405/5000000 | Win rate (rollout): 0.25 | Loss: 0.018 | Opp label coverage: 0.90
Step 3808919/5000000 | Win rate (rollout): 0.77 | Loss: 0.022 | Opp label coverage: 0.94
Step 3809431/5000000 | Win rate (rollout): 0.33 | Loss: 0.081 | Opp label coverage: 0.84
Step 3809943/5000000 | Win rate (rollout): 0.56 | Loss: 0.035 | Opp label coverage: 0.91
Step 3810456/5000000 | Win rate (rollout): 0.62 | Loss: 0.093 | Opp label coverage: 0.88
Step 3810969/5000000 | Win rate (rollout): 0.47 | Loss: 0.045 | Opp label coverage: 0.89
Step 3811481/5000000 | Win rate (rollout): 0.33 | Loss: 0.053 | Opp label coverage: 0.74
Step 3811997/5000000 | Win rate (rollout): 0.50 | Loss: 0.034 | Opp label coverage: 0.90
Step 3812511/5000000 | Win rate (rollout): 0.50 | Loss: 0.085 | Opp label coverage: 0.90
Step 3813023/5000000 | Win rate (rollout): 0.45 | Loss: 0.066 | Opp label coverage: 0.86
Step 3813537/5000000 | Win rate (rollout): 0.45 | Loss: 0.013 | Opp label coverage: 0.90
Step 3814050/5000000 | Win rate (rollout): 0.31 | Loss: -0.014 | Opp label coverage: 0.90
Step 3814562/5000000 | Win rate (rollout): 0.50 | Loss: 0.036 | Opp label coverage: 0.87
Step 3815074/5000000 | Win rate (rollout): 0.53 | Loss: 0.053 | Opp label coverage: 0.79
Step 3815586/5000000 | Win rate (rollout): 0.42 | Loss: 0.040 | Opp label coverage: 0.80
Step 3816098/5000000 | Win rate (rollout): 0.60 | Loss: 0.055 | Opp label coverage: 0.82
Step 3816610/5000000 | Win rate (rollout): 0.50 | Loss: 0.032 | Opp label coverage: 0.77
Step 3817122/5000000 | Win rate (rollout): 0.40 | Loss: 0.065 | Opp label coverage: 0.81
Step 3817638/5000000 | Win rate (rollout): 0.36 | Loss: 0.113 | Opp label coverage: 0.90
Step 3818153/5000000 | Win rate (rollout): 0.42 | Loss: 0.061 | Opp label coverage: 0.89
Step 3818666/5000000 | Win rate (rollout): 0.45 | Loss: 0.078 | Opp label coverage: 0.91
Step 3819178/5000000 | Win rate (rollout): 0.36 | Loss: 0.035 | Opp label coverage: 0.82
Step 3819695/5000000 | Win rate (rollout): 0.25 | Loss: 0.005 | Opp label coverage: 0.88
Step 3820207/5000000 | Win rate (rollout): 0.58 | Loss: 0.056 | Opp label coverage: 0.82
Step 3820721/5000000 | Win rate (rollout): 0.56 | Loss: 0.135 | Opp label coverage: 0.90
Step 3821233/5000000 | Win rate (rollout): 0.67 | Loss: 0.051 | Opp label coverage: 0.77
Step 3821751/5000000 | Win rate (rollout): 0.20 | Loss: 0.092 | Opp label coverage: 0.89
Step 3822267/5000000 | Win rate (rollout): 0.57 | Loss: 0.094 | Opp label coverage: 0.89
Step 3822780/5000000 | Win rate (rollout): 0.44 | Loss: 0.072 | Opp label coverage: 0.90
Step 3823292/5000000 | Win rate (rollout): 0.56 | Loss: 0.065 | Opp label coverage: 0.84
Step 3823807/5000000 | Win rate (rollout): 0.50 | Loss: 0.080 | Opp label coverage: 0.90
Step 3824324/5000000 | Win rate (rollout): 0.47 | Loss: 0.018 | Opp label coverage: 0.89
Step 3824836/5000000 | Win rate (rollout): 0.33 | Loss: 0.053 | Opp label coverage: 0.83
Step 3825348/5000000 | Win rate (rollout): 0.50 | Loss: 0.043 | Opp label coverage: 0.80
Step 3825860/5000000 | Win rate (rollout): 0.33 | Loss: 0.080 | Opp label coverage: 0.86
Step 3826373/5000000 | Win rate (rollout): 0.56 | Loss: 0.107 | Opp label coverage: 0.91
Step 3826890/5000000 | Win rate (rollout): 0.58 | Loss: 0.058 | Opp label coverage: 0.91
Step 3827402/5000000 | Win rate (rollout): 0.64 | Loss: 0.084 | Opp label coverage: 0.81
Step 3827917/5000000 | Win rate (rollout): 0.64 | Loss: 0.103 | Opp label coverage: 0.90
Step 3828429/5000000 | Win rate (rollout): 0.58 | Loss: 0.073 | Opp label coverage: 0.78
Step 3828941/5000000 | Win rate (rollout): 0.44 | Loss: 0.067 | Opp label coverage: 0.91
Step 3829453/5000000 | Win rate (rollout): 0.60 | Loss: 0.038 | Opp label coverage: 0.79
Step 3829965/5000000 | Win rate (rollout): 0.50 | Loss: 0.072 | Opp label coverage: 0.83
Step 3830480/5000000 | Win rate (rollout): 0.33 | Loss: 0.001 | Opp label coverage: 0.89
Step 3830999/5000000 | Win rate (rollout): 0.53 | Loss: 0.083 | Opp label coverage: 0.90
Step 3831511/5000000 | Win rate (rollout): 0.36 | Loss: 0.063 | Opp label coverage: 0.82
Step 3832029/5000000 | Win rate (rollout): 0.30 | Loss: 0.059 | Opp label coverage: 0.90
Step 3832541/5000000 | Win rate (rollout): 0.20 | Loss: 0.054 | Opp label coverage: 0.80
Step 3833053/5000000 | Win rate (rollout): 0.73 | Loss: 0.057 | Opp label coverage: 0.79
Step 3833565/5000000 | Win rate (rollout): 0.25 | Loss: 0.062 | Opp label coverage: 0.82
Step 3834077/5000000 | Win rate (rollout): 0.23 | Loss: 0.042 | Opp label coverage: 0.84
Step 3834589/5000000 | Win rate (rollout): 0.50 | Loss: 0.042 | Opp label coverage: 0.91
Step 3835106/5000000 | Win rate (rollout): 0.45 | Loss: 0.064 | Opp label coverage: 0.91
Step 3835618/5000000 | Win rate (rollout): 0.33 | Loss: 0.058 | Opp label coverage: 0.78
Step 3836136/5000000 | Win rate (rollout): 0.67 | Loss: 0.052 | Opp label coverage: 0.90
Step 3836648/5000000 | Win rate (rollout): 0.50 | Loss: 0.045 | Opp label coverage: 0.80
Step 3837161/5000000 | Win rate (rollout): 0.67 | Loss: 0.087 | Opp label coverage: 0.89
Step 3837677/5000000 | Win rate (rollout): 0.64 | Loss: 0.040 | Opp label coverage: 0.90
Step 3838189/5000000 | Win rate (rollout): 0.36 | Loss: 0.061 | Opp label coverage: 0.80
Step 3838705/5000000 | Win rate (rollout): 0.50 | Loss: 0.020 | Opp label coverage: 0.88
Step 3839221/5000000 | Win rate (rollout): 0.43 | Loss: 0.063 | Opp label coverage: 0.89
Step 3839733/5000000 | Win rate (rollout): 0.67 | Loss: 0.056 | Opp label coverage: 0.84
Step 3840251/5000000 | Win rate (rollout): 0.44 | Loss: 0.050 | Opp label coverage: 0.91
Step 3840763/5000000 | Win rate (rollout): 0.50 | Loss: 0.049 | Opp label coverage: 0.74
Step 3841275/5000000 | Win rate (rollout): 0.18 | Loss: 0.055 | Opp label coverage: 0.84
Step 3841787/5000000 | Win rate (rollout): 0.55 | Loss: 0.051 | Opp label coverage: 0.83
Step 3842299/5000000 | Win rate (rollout): 0.36 | Loss: 0.078 | Opp label coverage: 0.86
Step 3842811/5000000 | Win rate (rollout): 0.57 | Loss: 0.069 | Opp label coverage: 0.86
Step 3843323/5000000 | Win rate (rollout): 0.09 | Loss: 0.049 | Opp label coverage: 0.85
Step 3843835/5000000 | Win rate (rollout): 0.43 | Loss: 0.039 | Opp label coverage: 0.81
Step 3844347/5000000 | Win rate (rollout): 0.44 | Loss: 0.031 | Opp label coverage: 0.88
Step 3844859/5000000 | Win rate (rollout): 0.33 | Loss: 0.066 | Opp label coverage: 0.79
Step 3845374/5000000 | Win rate (rollout): 0.67 | Loss: 0.052 | Opp label coverage: 0.90
Step 3845886/5000000 | Win rate (rollout): 0.82 | Loss: 0.032 | Opp label coverage: 0.93
Step 3846398/5000000 | Win rate (rollout): 0.00 | Loss: 0.064 | Opp label coverage: 0.81
Step 3846910/5000000 | Win rate (rollout): 0.31 | Loss: 0.042 | Opp label coverage: 0.81
Step 3847427/5000000 | Win rate (rollout): 0.36 | Loss: 0.039 | Opp label coverage: 0.89
Step 3847939/5000000 | Win rate (rollout): 0.27 | Loss: 0.038 | Opp label coverage: 0.83
Step 3848453/5000000 | Win rate (rollout): 0.44 | Loss: 0.009 | Opp label coverage: 0.90
Step 3848968/5000000 | Win rate (rollout): 0.33 | Loss: -0.007 | Opp label coverage: 0.92
Step 3849480/5000000 | Win rate (rollout): 0.62 | Loss: 0.071 | Opp label coverage: 0.92
Step 3849992/5000000 | Win rate (rollout): 0.50 | Loss: 0.048 | Opp label coverage: 0.84
Step 3850504/5000000 | Win rate (rollout): 0.60 | Loss: 0.073 | Opp label coverage: 0.92
Step 3851016/5000000 | Win rate (rollout): 0.27 | Loss: 0.064 | Opp label coverage: 0.83
Step 3851528/5000000 | Win rate (rollout): 0.33 | Loss: 0.045 | Opp label coverage: 0.81
Step 3852040/5000000 | Win rate (rollout): 0.86 | Loss: 0.055 | Opp label coverage: 0.79
Step 3852557/5000000 | Win rate (rollout): 0.33 | Loss: 0.079 | Opp label coverage: 0.89
Step 3853070/5000000 | Win rate (rollout): 0.23 | Loss: 0.044 | Opp label coverage: 0.89
Step 3853585/5000000 | Win rate (rollout): 0.64 | Loss: 0.045 | Opp label coverage: 0.91
Step 3854097/5000000 | Win rate (rollout): 0.40 | Loss: 0.040 | Opp label coverage: 0.80
Step 3854609/5000000 | Win rate (rollout): 0.71 | Loss: 0.052 | Opp label coverage: 0.85
Step 3855127/5000000 | Win rate (rollout): 0.36 | Loss: 0.079 | Opp label coverage: 0.89
Step 3855640/5000000 | Win rate (rollout): 0.43 | Loss: 0.000 | Opp label coverage: 0.91
Step 3856152/5000000 | Win rate (rollout): 0.44 | Loss: 0.061 | Opp label coverage: 0.76
Step 3856664/5000000 | Win rate (rollout): 0.27 | Loss: 0.081 | Opp label coverage: 0.82
Step 3857177/5000000 | Win rate (rollout): 0.57 | Loss: 0.161 | Opp label coverage: 0.91
Step 3857692/5000000 | Win rate (rollout): 0.67 | Loss: 0.072 | Opp label coverage: 0.91
Step 3858204/5000000 | Win rate (rollout): 0.50 | Loss: 0.059 | Opp label coverage: 0.79
Step 3858716/5000000 | Win rate (rollout): 0.25 | Loss: 0.072 | Opp label coverage: 0.78
Step 3859228/5000000 | Win rate (rollout): 0.62 | Loss: 0.063 | Opp label coverage: 0.78
Step 3859740/5000000 | Win rate (rollout): 0.50 | Loss: 0.081 | Opp label coverage: 0.84
Step 3860259/5000000 | Win rate (rollout): 0.46 | Loss: 0.093 | Opp label coverage: 0.91
Step 3860771/5000000 | Win rate (rollout): 0.50 | Loss: 0.055 | Opp label coverage: 0.83
Step 3861283/5000000 | Win rate (rollout): 0.50 | Loss: 0.044 | Opp label coverage: 0.84
Step 3861795/5000000 | Win rate (rollout): 0.27 | Loss: 0.109 | Opp label coverage: 0.81
Step 3862307/5000000 | Win rate (rollout): 0.20 | Loss: 0.052 | Opp label coverage: 0.83
Step 3862819/5000000 | Win rate (rollout): 0.62 | Loss: 0.051 | Opp label coverage: 0.83
Step 3863331/5000000 | Win rate (rollout): 0.36 | Loss: 0.041 | Opp label coverage: 0.82
Step 3863844/5000000 | Win rate (rollout): 0.36 | Loss: 0.064 | Opp label coverage: 0.89
Step 3864356/5000000 | Win rate (rollout): 0.60 | Loss: 0.054 | Opp label coverage: 0.82
Step 3864873/5000000 | Win rate (rollout): 0.33 | Loss: 0.040 | Opp label coverage: 0.91
Step 3865392/5000000 | Win rate (rollout): 0.53 | Loss: 0.026 | Opp label coverage: 0.92
Step 3865904/5000000 | Win rate (rollout): 0.36 | Loss: 0.057 | Opp label coverage: 0.77
Step 3866417/5000000 | Win rate (rollout): 0.62 | Loss: 0.045 | Opp label coverage: 0.90
Step 3866931/5000000 | Win rate (rollout): 0.57 | Loss: 0.075 | Opp label coverage: 0.90
Step 3867443/5000000 | Win rate (rollout): 0.31 | Loss: 0.069 | Opp label coverage: 0.83
Step 3867961/5000000 | Win rate (rollout): 0.42 | Loss: 0.052 | Opp label coverage: 0.88
Step 3868480/5000000 | Win rate (rollout): 0.50 | Loss: 0.071 | Opp label coverage: 0.89
Step 3868995/5000000 | Win rate (rollout): 0.46 | Loss: 0.002 | Opp label coverage: 0.90
Step 3869508/5000000 | Win rate (rollout): 0.36 | Loss: 0.061 | Opp label coverage: 0.88
Step 3870025/5000000 | Win rate (rollout): 0.53 | Loss: 0.091 | Opp label coverage: 0.90
Step 3870537/5000000 | Win rate (rollout): 0.31 | Loss: 0.072 | Opp label coverage: 0.83
Step 3871049/5000000 | Win rate (rollout): 0.83 | Loss: 0.048 | Opp label coverage: 0.84
Step 3871561/5000000 | Win rate (rollout): 0.47 | Loss: 0.079 | Opp label coverage: 0.86
Step 3872073/5000000 | Win rate (rollout): 0.67 | Loss: 0.027 | Opp label coverage: 0.90
Step 3872585/5000000 | Win rate (rollout): 0.40 | Loss: 0.068 | Opp label coverage: 0.83
Step 3873097/5000000 | Win rate (rollout): 0.46 | Loss: 0.059 | Opp label coverage: 0.82
Step 3873615/5000000 | Win rate (rollout): 0.64 | Loss: 0.049 | Opp label coverage: 0.91
Step 3874130/5000000 | Win rate (rollout): 0.50 | Loss: 0.023 | Opp label coverage: 0.89
Step 3874645/5000000 | Win rate (rollout): 0.53 | Loss: 0.082 | Opp label coverage: 0.91
Step 3875157/5000000 | Win rate (rollout): 0.54 | Loss: 0.092 | Opp label coverage: 0.81
Step 3875669/5000000 | Win rate (rollout): 0.62 | Loss: 0.043 | Opp label coverage: 0.83
Step 3876181/5000000 | Win rate (rollout): 0.15 | Loss: 0.066 | Opp label coverage: 0.80
Step 3876698/5000000 | Win rate (rollout): 0.50 | Loss: 0.030 | Opp label coverage: 0.91
Step 3877210/5000000 | Win rate (rollout): 0.64 | Loss: 0.075 | Opp label coverage: 0.80
Step 3877722/5000000 | Win rate (rollout): 0.22 | Loss: 0.049 | Opp label coverage: 0.90
Step 3878240/5000000 | Win rate (rollout): 0.62 | Loss: 0.043 | Opp label coverage: 0.91
Step 3878753/5000000 | Win rate (rollout): 0.22 | Loss: 0.001 | Opp label coverage: 0.91
Step 3879265/5000000 | Win rate (rollout): 0.29 | Loss: 0.031 | Opp label coverage: 0.83
Step 3879783/5000000 | Win rate (rollout): 0.27 | Loss: 0.054 | Opp label coverage: 0.88
Step 3880295/5000000 | Win rate (rollout): 0.25 | Loss: 0.032 | Opp label coverage: 0.89
Step 3880811/5000000 | Win rate (rollout): 0.38 | Loss: 0.003 | Opp label coverage: 0.90
Step 3881323/5000000 | Win rate (rollout): 0.36 | Loss: 0.065 | Opp label coverage: 0.71
Step 3881837/5000000 | Win rate (rollout): 0.50 | Loss: 0.042 | Opp label coverage: 0.90
Step 3882349/5000000 | Win rate (rollout): 0.56 | Loss: 0.045 | Opp label coverage: 0.83
Step 3882861/5000000 | Win rate (rollout): 0.36 | Loss: 0.059 | Opp label coverage: 0.80
Step 3883374/5000000 | Win rate (rollout): 0.36 | Loss: -0.047 | Opp label coverage: 0.88
Step 3883892/5000000 | Win rate (rollout): 0.21 | Loss: 0.043 | Opp label coverage: 0.88
Step 3884409/5000000 | Win rate (rollout): 0.57 | Loss: 0.062 | Opp label coverage: 0.91
Step 3884921/5000000 | Win rate (rollout): 0.22 | Loss: 0.056 | Opp label coverage: 0.78
Step 3885437/5000000 | Win rate (rollout): 0.60 | Loss: 0.073 | Opp label coverage: 0.91
Step 3885951/5000000 | Win rate (rollout): 0.67 | Loss: 0.125 | Opp label coverage: 0.92
Step 3886463/5000000 | Win rate (rollout): 0.25 | Loss: 0.071 | Opp label coverage: 0.84
Step 3886975/5000000 | Win rate (rollout): 0.38 | Loss: 0.050 | Opp label coverage: 0.83
Step 3887487/5000000 | Win rate (rollout): 0.46 | Loss: 0.054 | Opp label coverage: 0.85
Step 3887999/5000000 | Win rate (rollout): 0.29 | Loss: 0.047 | Opp label coverage: 0.83
Step 3888516/5000000 | Win rate (rollout): 0.90 | Loss: 0.019 | Opp label coverage: 0.92
Step 3889034/5000000 | Win rate (rollout): 0.57 | Loss: 0.114 | Opp label coverage: 0.90
Step 3889546/5000000 | Win rate (rollout): 0.64 | Loss: 0.041 | Opp label coverage: 0.80
Step 3890062/5000000 | Win rate (rollout): 0.88 | Loss: 0.030 | Opp label coverage: 0.91
Step 3890574/5000000 | Win rate (rollout): 0.25 | Loss: 0.048 | Opp label coverage: 0.82
Step 3891086/5000000 | Win rate (rollout): 0.40 | Loss: 0.066 | Opp label coverage: 0.86
Step 3891598/5000000 | Win rate (rollout): 0.46 | Loss: 0.076 | Opp label coverage: 0.85
Step 3892110/5000000 | Win rate (rollout): 0.62 | Loss: 0.074 | Opp label coverage: 0.84
Step 3892626/5000000 | Win rate (rollout): 0.56 | Loss: 0.005 | Opp label coverage: 0.89
Step 3893138/5000000 | Win rate (rollout): 0.70 | Loss: 0.052 | Opp label coverage: 0.80
Step 3893653/5000000 | Win rate (rollout): 0.62 | Loss: 0.127 | Opp label coverage: 0.90
Step 3894165/5000000 | Win rate (rollout): 0.50 | Loss: 0.043 | Opp label coverage: 0.82
Step 3894677/5000000 | Win rate (rollout): 0.31 | Loss: 0.077 | Opp label coverage: 0.78
Step 3895194/5000000 | Win rate (rollout): 0.83 | Loss: 0.053 | Opp label coverage: 0.90
Step 3895706/5000000 | Win rate (rollout): 0.45 | Loss: 0.079 | Opp label coverage: 0.75
Step 3896224/5000000 | Win rate (rollout): 0.82 | Loss: 0.075 | Opp label coverage: 0.90
Step 3896736/5000000 | Win rate (rollout): 0.67 | Loss: 0.061 | Opp label coverage: 0.79
Step 3897248/5000000 | Win rate (rollout): 0.58 | Loss: 0.058 | Opp label coverage: 0.81
Step 3897765/5000000 | Win rate (rollout): 0.60 | Loss: 0.091 | Opp label coverage: 0.89
Step 3898277/5000000 | Win rate (rollout): 0.50 | Loss: 0.078 | Opp label coverage: 0.81
Step 3898789/5000000 | Win rate (rollout): 0.75 | Loss: 0.043 | Opp label coverage: 0.86
Step 3899302/5000000 | Win rate (rollout): 0.25 | Loss: 0.065 | Opp label coverage: 0.89
Step 3899814/5000000 | Win rate (rollout): 0.50 | Loss: 0.054 | Opp label coverage: 0.76
Step 3900326/5000000 | Win rate (rollout): 0.44 | Loss: 0.080 | Opp label coverage: 0.76
Step 3900841/5000000 | Win rate (rollout): 0.36 | Loss: 0.023 | Opp label coverage: 0.89
Step 3901355/5000000 | Win rate (rollout): 0.33 | Loss: -0.005 | Opp label coverage: 0.92
Step 3901872/5000000 | Win rate (rollout): 0.69 | Loss: 0.106 | Opp label coverage: 0.92
Step 3902391/5000000 | Win rate (rollout): 0.36 | Loss: 0.105 | Opp label coverage: 0.88
Step 3902903/5000000 | Win rate (rollout): 0.62 | Loss: 0.042 | Opp label coverage: 0.75
Step 3903415/5000000 | Win rate (rollout): 0.70 | Loss: 0.043 | Opp label coverage: 0.90
Step 3903927/5000000 | Win rate (rollout): 0.45 | Loss: 0.042 | Opp label coverage: 0.78
Step 3904439/5000000 | Win rate (rollout): 0.43 | Loss: 0.083 | Opp label coverage: 0.80
Step 3904951/5000000 | Win rate (rollout): 0.45 | Loss: 0.080 | Opp label coverage: 0.89
Step 3905467/5000000 | Win rate (rollout): 0.31 | Loss: 0.054 | Opp label coverage: 0.90
Step 3905979/5000000 | Win rate (rollout): 0.58 | Loss: 0.104 | Opp label coverage: 0.81
Step 3906491/5000000 | Win rate (rollout): 0.44 | Loss: 0.087 | Opp label coverage: 0.82
Step 3907008/5000000 | Win rate (rollout): 0.14 | Loss: 0.044 | Opp label coverage: 0.90
Step 3907523/5000000 | Win rate (rollout): 0.46 | Loss: 0.050 | Opp label coverage: 0.92
Step 3908037/5000000 | Win rate (rollout): 0.55 | Loss: 0.048 | Opp label coverage: 0.91
Step 3908550/5000000 | Win rate (rollout): 0.25 | Loss: 0.025 | Opp label coverage: 0.91
Step 3909066/5000000 | Win rate (rollout): 0.67 | Loss: 0.061 | Opp label coverage: 0.92
Step 3909584/5000000 | Win rate (rollout): 0.62 | Loss: 0.061 | Opp label coverage: 0.91
Step 3910098/5000000 | Win rate (rollout): 0.38 | Loss: 0.016 | Opp label coverage: 0.90
Step 3910610/5000000 | Win rate (rollout): 0.25 | Loss: 0.054 | Opp label coverage: 0.88
Step 3911127/5000000 | Win rate (rollout): 0.46 | Loss: 0.075 | Opp label coverage: 0.91
Step 3911643/5000000 | Win rate (rollout): 0.62 | Loss: 0.074 | Opp label coverage: 0.90
Step 3912156/5000000 | Win rate (rollout): 0.38 | Loss: 0.059 | Opp label coverage: 0.89
Step 3912672/5000000 | Win rate (rollout): 0.50 | Loss: 0.015 | Opp label coverage: 0.91
Step 3913184/5000000 | Win rate (rollout): 0.50 | Loss: 0.043 | Opp label coverage: 0.82
Step 3913696/5000000 | Win rate (rollout): 0.20 | Loss: 0.053 | Opp label coverage: 0.75
Step 3914208/5000000 | Win rate (rollout): 0.56 | Loss: 0.050 | Opp label coverage: 0.89
Step 3914721/5000000 | Win rate (rollout): 0.21 | Loss: -0.047 | Opp label coverage: 0.90
Step 3915234/5000000 | Win rate (rollout): 0.60 | Loss: 0.057 | Opp label coverage: 0.91
Step 3915748/5000000 | Win rate (rollout): 0.54 | Loss: -0.028 | Opp label coverage: 0.91
Step 3916260/5000000 | Win rate (rollout): 0.43 | Loss: 0.064 | Opp label coverage: 0.83
Step 3916776/5000000 | Win rate (rollout): 0.33 | Loss: 0.080 | Opp label coverage: 0.90
Step 3917288/5000000 | Win rate (rollout): 0.27 | Loss: 0.061 | Opp label coverage: 0.77
Step 3917800/5000000 | Win rate (rollout): 0.78 | Loss: 0.057 | Opp label coverage: 0.91
Step 3918317/5000000 | Win rate (rollout): 0.50 | Loss: 0.062 | Opp label coverage: 0.91
Step 3918829/5000000 | Win rate (rollout): 0.44 | Loss: 0.049 | Opp label coverage: 0.81
Step 3919341/5000000 | Win rate (rollout): 0.30 | Loss: 0.035 | Opp label coverage: 0.78
Step 3919853/5000000 | Win rate (rollout): 0.53 | Loss: 0.067 | Opp label coverage: 0.80
Step 3920365/5000000 | Win rate (rollout): 0.47 | Loss: 0.098 | Opp label coverage: 0.79
Step 3920883/5000000 | Win rate (rollout): 0.56 | Loss: -0.007 | Opp label coverage: 0.90
Step 3921400/5000000 | Win rate (rollout): 0.14 | Loss: 0.044 | Opp label coverage: 0.90
Step 3921912/5000000 | Win rate (rollout): 0.57 | Loss: 0.062 | Opp label coverage: 0.88
Step 3922429/5000000 | Win rate (rollout): 0.58 | Loss: 0.064 | Opp label coverage: 0.90
Step 3922943/5000000 | Win rate (rollout): 0.44 | Loss: 0.069 | Opp label coverage: 0.88
Step 3923455/5000000 | Win rate (rollout): 0.38 | Loss: 0.043 | Opp label coverage: 0.80
Step 3923967/5000000 | Win rate (rollout): 0.56 | Loss: 0.069 | Opp label coverage: 0.82
Step 3924484/5000000 | Win rate (rollout): 0.36 | Loss: 0.039 | Opp label coverage: 0.90
Step 3925001/5000000 | Win rate (rollout): 0.27 | Loss: 0.052 | Opp label coverage: 0.89
Step 3925516/5000000 | Win rate (rollout): 0.40 | Loss: 0.058 | Opp label coverage: 0.89
Step 3926028/5000000 | Win rate (rollout): 0.56 | Loss: 0.050 | Opp label coverage: 0.81
Step 3926540/5000000 | Win rate (rollout): 0.33 | Loss: 0.041 | Opp label coverage: 0.81
Step 3927058/5000000 | Win rate (rollout): 0.55 | Loss: 0.040 | Opp label coverage: 0.90
Step 3927570/5000000 | Win rate (rollout): 0.73 | Loss: 0.070 | Opp label coverage: 0.80
Step 3928082/5000000 | Win rate (rollout): 0.82 | Loss: 0.080 | Opp label coverage: 0.79
Step 3928595/5000000 | Win rate (rollout): 0.30 | Loss: 0.070 | Opp label coverage: 0.87
Step 3929107/5000000 | Win rate (rollout): 0.00 | Loss: 0.050 | Opp label coverage: 0.82
Step 3929619/5000000 | Win rate (rollout): 0.42 | Loss: 0.074 | Opp label coverage: 0.86
Step 3930131/5000000 | Win rate (rollout): 0.69 | Loss: 0.062 | Opp label coverage: 0.83
Step 3930646/5000000 | Win rate (rollout): 0.75 | Loss: 0.042 | Opp label coverage: 0.89
Step 3931158/5000000 | Win rate (rollout): 0.62 | Loss: 0.090 | Opp label coverage: 0.79
Step 3931670/5000000 | Win rate (rollout): 0.70 | Loss: 0.060 | Opp label coverage: 0.82
Step 3932184/5000000 | Win rate (rollout): 0.40 | Loss: 0.068 | Opp label coverage: 0.89
Step 3932698/5000000 | Win rate (rollout): 0.43 | Loss: 0.056 | Opp label coverage: 0.90
Step 3933217/5000000 | Win rate (rollout): 0.38 | Loss: 0.041 | Opp label coverage: 0.90
Step 3933735/5000000 | Win rate (rollout): 0.69 | Loss: 0.066 | Opp label coverage: 0.91
Step 3934247/5000000 | Win rate (rollout): 0.50 | Loss: 0.063 | Opp label coverage: 0.78
Step 3934763/5000000 | Win rate (rollout): 0.14 | Loss: 0.055 | Opp label coverage: 0.90
Step 3935275/5000000 | Win rate (rollout): 0.57 | Loss: 0.061 | Opp label coverage: 0.81
Step 3935791/5000000 | Win rate (rollout): 0.56 | Loss: 0.018 | Opp label coverage: 0.92
Step 3936308/5000000 | Win rate (rollout): 0.40 | Loss: 0.057 | Opp label coverage: 0.91
Step 3936820/5000000 | Win rate (rollout): 0.50 | Loss: 0.060 | Opp label coverage: 0.90
Step 3937337/5000000 | Win rate (rollout): 0.58 | Loss: 0.066 | Opp label coverage: 0.89
Step 3937854/5000000 | Win rate (rollout): 0.14 | Loss: 0.008 | Opp label coverage: 0.88
Step 3938366/5000000 | Win rate (rollout): 0.44 | Loss: 0.077 | Opp label coverage: 0.83
Step 3938882/5000000 | Win rate (rollout): 0.50 | Loss: 0.081 | Opp label coverage: 0.90
Step 3939400/5000000 | Win rate (rollout): 0.50 | Loss: 0.059 | Opp label coverage: 0.91
Step 3939912/5000000 | Win rate (rollout): 0.20 | Loss: 0.036 | Opp label coverage: 0.84
Step 3940424/5000000 | Win rate (rollout): 0.47 | Loss: 0.081 | Opp label coverage: 0.80
Step 3940937/5000000 | Win rate (rollout): 0.75 | Loss: 0.156 | Opp label coverage: 0.93
Step 3941449/5000000 | Win rate (rollout): 0.83 | Loss: 0.044 | Opp label coverage: 0.91
Step 3941961/5000000 | Win rate (rollout): 0.46 | Loss: 0.086 | Opp label coverage: 0.82
Step 3942473/5000000 | Win rate (rollout): 0.15 | Loss: 0.052 | Opp label coverage: 0.84
Step 3942985/5000000 | Win rate (rollout): 0.44 | Loss: 0.067 | Opp label coverage: 0.81
Step 3943497/5000000 | Win rate (rollout): 0.43 | Loss: 0.033 | Opp label coverage: 0.87
Step 3944012/5000000 | Win rate (rollout): 0.58 | Loss: 0.054 | Opp label coverage: 0.90
Step 3944529/5000000 | Win rate (rollout): 0.42 | Loss: 0.056 | Opp label coverage: 0.89
Step 3945044/5000000 | Win rate (rollout): 0.41 | Loss: 0.087 | Opp label coverage: 0.89
Step 3945560/5000000 | Win rate (rollout): 0.36 | Loss: 0.084 | Opp label coverage: 0.89
Step 3946074/5000000 | Win rate (rollout): 0.46 | Loss: 0.114 | Opp label coverage: 0.90
Step 3946586/5000000 | Win rate (rollout): 0.70 | Loss: 0.038 | Opp label coverage: 0.76
Step 3947098/5000000 | Win rate (rollout): 0.38 | Loss: 0.081 | Opp label coverage: 0.80
Step 3947610/5000000 | Win rate (rollout): 0.25 | Loss: 0.035 | Opp label coverage: 0.92
Step 3948125/5000000 | Win rate (rollout): 0.79 | Loss: 0.006 | Opp label coverage: 0.89
Step 3948637/5000000 | Win rate (rollout): 0.50 | Loss: 0.076 | Opp label coverage: 0.82
Step 3949155/5000000 | Win rate (rollout): 0.56 | Loss: 0.043 | Opp label coverage: 0.91
Step 3949667/5000000 | Win rate (rollout): 0.33 | Loss: 0.092 | Opp label coverage: 0.78
Step 3950180/5000000 | Win rate (rollout): 0.45 | Loss: 0.054 | Opp label coverage: 0.91
Step 3950692/5000000 | Win rate (rollout): 0.45 | Loss: 0.051 | Opp label coverage: 0.80
Step 3951204/5000000 | Win rate (rollout): 0.50 | Loss: 0.052 | Opp label coverage: 0.91
Step 3951716/5000000 | Win rate (rollout): 0.50 | Loss: 0.030 | Opp label coverage: 0.92
Step 3952230/5000000 | Win rate (rollout): 0.56 | Loss: 0.018 | Opp label coverage: 0.91
Step 3952742/5000000 | Win rate (rollout): 0.33 | Loss: 0.057 | Opp label coverage: 0.80
Step 3953254/5000000 | Win rate (rollout): 0.38 | Loss: 0.044 | Opp label coverage: 0.75
Step 3953766/5000000 | Win rate (rollout): 0.67 | Loss: 0.066 | Opp label coverage: 0.83
Step 3954279/5000000 | Win rate (rollout): 0.67 | Loss: 0.005 | Opp label coverage: 0.93
Step 3954795/5000000 | Win rate (rollout): 0.45 | Loss: 0.041 | Opp label coverage: 0.90
Step 3955307/5000000 | Win rate (rollout): 0.54 | Loss: 0.066 | Opp label coverage: 0.81
Step 3955822/5000000 | Win rate (rollout): 0.45 | Loss: 0.070 | Opp label coverage: 0.90
Step 3956334/5000000 | Win rate (rollout): 0.27 | Loss: 0.064 | Opp label coverage: 0.82
Step 3956846/5000000 | Win rate (rollout): 0.25 | Loss: 0.047 | Opp label coverage: 0.87
Step 3957360/5000000 | Win rate (rollout): 0.50 | Loss: 0.052 | Opp label coverage: 0.89
Step 3957872/5000000 | Win rate (rollout): 0.38 | Loss: 0.075 | Opp label coverage: 0.87
Step 3958384/5000000 | Win rate (rollout): 0.56 | Loss: 0.092 | Opp label coverage: 0.79
Step 3958896/5000000 | Win rate (rollout): 0.22 | Loss: 0.044 | Opp label coverage: 0.79
Step 3959408/5000000 | Win rate (rollout): 0.67 | Loss: 0.084 | Opp label coverage: 0.81
Step 3959920/5000000 | Win rate (rollout): 0.40 | Loss: 0.073 | Opp label coverage: 0.79
Step 3960432/5000000 | Win rate (rollout): 0.44 | Loss: 0.095 | Opp label coverage: 0.82
Step 3960948/5000000 | Win rate (rollout): 1.00 | Loss: 0.051 | Opp label coverage: 0.91
Step 3961460/5000000 | Win rate (rollout): 0.38 | Loss: 0.061 | Opp label coverage: 0.81
Step 3961972/5000000 | Win rate (rollout): 0.78 | Loss: 0.045 | Opp label coverage: 0.90
Step 3962487/5000000 | Win rate (rollout): 0.33 | Loss: 0.068 | Opp label coverage: 0.90
Step 3962999/5000000 | Win rate (rollout): 0.57 | Loss: 0.062 | Opp label coverage: 0.79
Step 3963511/5000000 | Win rate (rollout): 0.50 | Loss: 0.071 | Opp label coverage: 0.79
Step 3964023/5000000 | Win rate (rollout): 0.50 | Loss: 0.058 | Opp label coverage: 0.90
Step 3964535/5000000 | Win rate (rollout): 0.60 | Loss: 0.043 | Opp label coverage: 0.85
Step 3965052/5000000 | Win rate (rollout): 0.22 | Loss: 0.052 | Opp label coverage: 0.89
Step 3965564/5000000 | Win rate (rollout): 0.27 | Loss: 0.043 | Opp label coverage: 0.76
Step 3966082/5000000 | Win rate (rollout): 0.56 | Loss: 0.026 | Opp label coverage: 0.90
Step 3966595/5000000 | Win rate (rollout): 0.50 | Loss: 0.033 | Opp label coverage: 0.90
Step 3967107/5000000 | Win rate (rollout): 0.38 | Loss: 0.036 | Opp label coverage: 0.81
Step 3967619/5000000 | Win rate (rollout): 0.43 | Loss: 0.065 | Opp label coverage: 0.83
Step 3968137/5000000 | Win rate (rollout): 0.33 | Loss: 0.044 | Opp label coverage: 0.88
Step 3968649/5000000 | Win rate (rollout): 0.44 | Loss: 0.078 | Opp label coverage: 0.84
Step 3969165/5000000 | Win rate (rollout): 0.73 | Loss: 0.083 | Opp label coverage: 0.91
Step 3969677/5000000 | Win rate (rollout): 0.45 | Loss: 0.053 | Opp label coverage: 0.80
Step 3970189/5000000 | Win rate (rollout): 0.56 | Loss: 0.074 | Opp label coverage: 0.86
Step 3970701/5000000 | Win rate (rollout): 0.11 | Loss: 0.036 | Opp label coverage: 0.90
Step 3971213/5000000 | Win rate (rollout): 0.80 | Loss: 0.078 | Opp label coverage: 0.79
Step 3971727/5000000 | Win rate (rollout): 0.54 | Loss: -0.001 | Opp label coverage: 0.89
Step 3972243/5000000 | Win rate (rollout): 0.50 | Loss: 0.011 | Opp label coverage: 0.90
Step 3972760/5000000 | Win rate (rollout): 0.62 | Loss: 0.065 | Opp label coverage: 0.91
Step 3973272/5000000 | Win rate (rollout): 0.31 | Loss: 0.073 | Opp label coverage: 0.81
Step 3973784/5000000 | Win rate (rollout): 0.44 | Loss: 0.066 | Opp label coverage: 0.81
Step 3974302/5000000 | Win rate (rollout): 0.78 | Loss: 0.063 | Opp label coverage: 0.94
Step 3974814/5000000 | Win rate (rollout): 0.60 | Loss: 0.085 | Opp label coverage: 0.82
Step 3975326/5000000 | Win rate (rollout): 0.33 | Loss: 0.047 | Opp label coverage: 0.90
Step 3975838/5000000 | Win rate (rollout): 0.88 | Loss: 0.052 | Opp label coverage: 0.84
Step 3976350/5000000 | Win rate (rollout): 0.57 | Loss: 0.055 | Opp label coverage: 0.87
Step 3976862/5000000 | Win rate (rollout): 0.75 | Loss: 0.052 | Opp label coverage: 0.90
Step 3977374/5000000 | Win rate (rollout): 0.50 | Loss: 0.066 | Opp label coverage: 0.77
Step 3977891/5000000 | Win rate (rollout): 0.55 | Loss: 0.044 | Opp label coverage: 0.90
Step 3978404/5000000 | Win rate (rollout): 0.50 | Loss: 0.074 | Opp label coverage: 0.88
Step 3978921/5000000 | Win rate (rollout): 0.25 | Loss: 0.006 | Opp label coverage: 0.91
Step 3979433/5000000 | Win rate (rollout): 0.55 | Loss: 0.077 | Opp label coverage: 0.85
Step 3979946/5000000 | Win rate (rollout): 0.44 | Loss: 0.067 | Opp label coverage: 0.89
Step 3980459/5000000 | Win rate (rollout): 0.57 | Loss: -0.009 | Opp label coverage: 0.90
Step 3980971/5000000 | Win rate (rollout): 0.56 | Loss: 0.059 | Opp label coverage: 0.79
Step 3981483/5000000 | Win rate (rollout): 0.50 | Loss: 0.074 | Opp label coverage: 0.79
Step 3981995/5000000 | Win rate (rollout): 0.57 | Loss: 0.040 | Opp label coverage: 0.87
Step 3982507/5000000 | Win rate (rollout): 0.62 | Loss: 0.076 | Opp label coverage: 0.82
Step 3983019/5000000 | Win rate (rollout): 0.64 | Loss: 0.075 | Opp label coverage: 0.81
Step 3983531/5000000 | Win rate (rollout): 0.53 | Loss: 0.066 | Opp label coverage: 0.81
Step 3984043/5000000 | Win rate (rollout): 0.47 | Loss: 0.128 | Opp label coverage: 0.83
Step 3984561/5000000 | Win rate (rollout): 0.70 | Loss: 0.011 | Opp label coverage: 0.90
Step 3985077/5000000 | Win rate (rollout): 0.54 | Loss: 0.065 | Opp label coverage: 0.90
Step 3985589/5000000 | Win rate (rollout): 0.57 | Loss: 0.068 | Opp label coverage: 0.84
Step 3986104/5000000 | Win rate (rollout): 0.80 | Loss: 0.046 | Opp label coverage: 0.89
Step 3986621/5000000 | Win rate (rollout): 0.33 | Loss: 0.094 | Opp label coverage: 0.87
Step 3987133/5000000 | Win rate (rollout): 0.36 | Loss: 0.058 | Opp label coverage: 0.76
Step 3987645/5000000 | Win rate (rollout): 0.43 | Loss: 0.066 | Opp label coverage: 0.77
Step 3988157/5000000 | Win rate (rollout): 0.46 | Loss: 0.055 | Opp label coverage: 0.79
Step 3988669/5000000 | Win rate (rollout): 0.75 | Loss: 0.045 | Opp label coverage: 0.92
Step 3989187/5000000 | Win rate (rollout): 0.60 | Loss: 0.068 | Opp label coverage: 0.90
Step 3989699/5000000 | Win rate (rollout): 0.42 | Loss: 0.046 | Opp label coverage: 0.85
Step 3990211/5000000 | Win rate (rollout): 0.28 | Loss: 0.082 | Opp label coverage: 0.80
Step 3990724/5000000 | Win rate (rollout): 0.33 | Loss: 0.091 | Opp label coverage: 0.90
Step 3991236/5000000 | Win rate (rollout): 0.25 | Loss: 0.048 | Opp label coverage: 0.77
Step 3991751/5000000 | Win rate (rollout): 0.40 | Loss: 0.097 | Opp label coverage: 0.90
Step 3992263/5000000 | Win rate (rollout): 0.46 | Loss: 0.056 | Opp label coverage: 0.82
Step 3992775/5000000 | Win rate (rollout): 0.62 | Loss: 0.044 | Opp label coverage: 0.81
Step 3993287/5000000 | Win rate (rollout): 0.29 | Loss: 0.076 | Opp label coverage: 0.84
Step 3993799/5000000 | Win rate (rollout): 0.62 | Loss: 0.053 | Opp label coverage: 0.83
Step 3994317/5000000 | Win rate (rollout): 0.56 | Loss: 0.063 | Opp label coverage: 0.90
Step 3994829/5000000 | Win rate (rollout): 0.56 | Loss: 0.055 | Opp label coverage: 0.81
Step 3995341/5000000 | Win rate (rollout): 0.56 | Loss: 0.058 | Opp label coverage: 0.85
Step 3995860/5000000 | Win rate (rollout): 0.22 | Loss: 0.042 | Opp label coverage: 0.90
Step 3996372/5000000 | Win rate (rollout): 0.40 | Loss: 0.053 | Opp label coverage: 0.77
Step 3996884/5000000 | Win rate (rollout): 0.33 | Loss: 0.047 | Opp label coverage: 0.85
Step 3997396/5000000 | Win rate (rollout): 0.17 | Loss: 0.055 | Opp label coverage: 0.81
Step 3997908/5000000 | Win rate (rollout): 0.25 | Loss: 0.026 | Opp label coverage: 0.86
Step 3998420/5000000 | Win rate (rollout): 0.64 | Loss: 0.080 | Opp label coverage: 0.78
Step 3998932/5000000 | Win rate (rollout): 0.33 | Loss: 0.033 | Opp label coverage: 0.81
Step 3999444/5000000 | Win rate (rollout): 0.90 | Loss: 0.066 | Opp label coverage: 0.91
Step 3999956/5000000 | Win rate (rollout): 0.33 | Loss: 0.075 | Opp label coverage: 0.82
[checkpoint] Saved models/ppo/checkpoints/bcft/ppo_step_4000059.pt
Step 4000473/5000000 | Win rate (rollout): 0.40 | Loss: -0.038 | Opp label coverage: 0.89
Step 4000985/5000000 | Win rate (rollout): 0.31 | Loss: 0.071 | Opp label coverage: 0.82
Step 4001497/5000000 | Win rate (rollout): 0.64 | Loss: 0.067 | Opp label coverage: 0.85
Step 4002009/5000000 | Win rate (rollout): 0.27 | Loss: 0.071 | Opp label coverage: 0.81
Step 4002521/5000000 | Win rate (rollout): 0.50 | Loss: 0.079 | Opp label coverage: 0.82
Step 4003033/5000000 | Win rate (rollout): 0.25 | Loss: 0.064 | Opp label coverage: 0.83
Step 4003545/5000000 | Win rate (rollout): 0.88 | Loss: 0.059 | Opp label coverage: 0.92
Step 4004057/5000000 | Win rate (rollout): 0.56 | Loss: 0.040 | Opp label coverage: 0.81
Step 4004570/5000000 | Win rate (rollout): 0.50 | Loss: 0.146 | Opp label coverage: 0.90
Step 4005085/5000000 | Win rate (rollout): 0.38 | Loss: 0.128 | Opp label coverage: 0.90
Step 4005597/5000000 | Win rate (rollout): 0.50 | Loss: 0.045 | Opp label coverage: 0.80
Step 4006109/5000000 | Win rate (rollout): 0.45 | Loss: 0.057 | Opp label coverage: 0.78
Step 4006627/5000000 | Win rate (rollout): 0.27 | Loss: 0.054 | Opp label coverage: 0.90
Step 4007145/5000000 | Win rate (rollout): 0.67 | Loss: 0.049 | Opp label coverage: 0.91
Step 4007664/5000000 | Win rate (rollout): 0.67 | Loss: 0.044 | Opp label coverage: 0.90
Step 4008176/5000000 | Win rate (rollout): 0.46 | Loss: 0.069 | Opp label coverage: 0.82
Step 4008688/5000000 | Win rate (rollout): 0.38 | Loss: 0.022 | Opp label coverage: 0.84
Step 4009205/5000000 | Win rate (rollout): 0.56 | Loss: 0.051 | Opp label coverage: 0.90
Step 4009717/5000000 | Win rate (rollout): 0.47 | Loss: 0.044 | Opp label coverage: 0.91
Step 4010232/5000000 | Win rate (rollout): 0.50 | Loss: 0.081 | Opp label coverage: 0.90
Step 4010746/5000000 | Win rate (rollout): 0.50 | Loss: -0.052 | Opp label coverage: 0.89
Step 4011258/5000000 | Win rate (rollout): 0.33 | Loss: 0.043 | Opp label coverage: 0.80
Step 4011770/5000000 | Win rate (rollout): 0.44 | Loss: 0.044 | Opp label coverage: 0.84
Step 4012282/5000000 | Win rate (rollout): 0.36 | Loss: 0.078 | Opp label coverage: 0.84
Step 4012794/5000000 | Win rate (rollout): 0.47 | Loss: 0.096 | Opp label coverage: 0.75
Step 4013306/5000000 | Win rate (rollout): 0.50 | Loss: 0.065 | Opp label coverage: 0.90
Step 4013818/5000000 | Win rate (rollout): 0.33 | Loss: 0.025 | Opp label coverage: 0.81
Step 4014330/5000000 | Win rate (rollout): 0.40 | Loss: 0.047 | Opp label coverage: 0.82
Step 4014842/5000000 | Win rate (rollout): 0.40 | Loss: 0.062 | Opp label coverage: 0.86
Step 4015354/5000000 | Win rate (rollout): 0.33 | Loss: 0.042 | Opp label coverage: 0.81
Step 4015870/5000000 | Win rate (rollout): 0.36 | Loss: 0.075 | Opp label coverage: 0.90
Step 4016382/5000000 | Win rate (rollout): 0.50 | Loss: 0.086 | Opp label coverage: 0.81
Step 4016894/5000000 | Win rate (rollout): 0.50 | Loss: 0.046 | Opp label coverage: 0.84
Step 4017406/5000000 | Win rate (rollout): 0.36 | Loss: 0.089 | Opp label coverage: 0.77
Step 4017924/5000000 | Win rate (rollout): 0.70 | Loss: 0.056 | Opp label coverage: 0.91
Step 4018436/5000000 | Win rate (rollout): 0.43 | Loss: 0.042 | Opp label coverage: 0.86
Step 4018950/5000000 | Win rate (rollout): 0.20 | Loss: 0.097 | Opp label coverage: 0.90
Step 4019462/5000000 | Win rate (rollout): 0.58 | Loss: 0.072 | Opp label coverage: 0.83
Step 4019977/5000000 | Win rate (rollout): 0.38 | Loss: 0.058 | Opp label coverage: 0.91
Step 4020492/5000000 | Win rate (rollout): 0.29 | Loss: 0.057 | Opp label coverage: 0.88
Step 4021007/5000000 | Win rate (rollout): 0.36 | Loss: 0.062 | Opp label coverage: 0.89
Step 4021520/5000000 | Win rate (rollout): 0.69 | Loss: 0.090 | Opp label coverage: 0.89
Step 4022038/5000000 | Win rate (rollout): 0.62 | Loss: 0.048 | Opp label coverage: 0.89
Step 4022557/5000000 | Win rate (rollout): 0.53 | Loss: 0.063 | Opp label coverage: 0.90
Step 4023072/5000000 | Win rate (rollout): 0.23 | Loss: 0.064 | Opp label coverage: 0.89
Step 4023587/5000000 | Win rate (rollout): 0.36 | Loss: 0.066 | Opp label coverage: 0.88
Step 4024099/5000000 | Win rate (rollout): 0.62 | Loss: 0.071 | Opp label coverage: 0.79
Step 4024611/5000000 | Win rate (rollout): 0.38 | Loss: 0.061 | Opp label coverage: 0.83
Step 4025123/5000000 | Win rate (rollout): 0.33 | Loss: 0.101 | Opp label coverage: 0.84
Step 4025635/5000000 | Win rate (rollout): 0.62 | Loss: 0.045 | Opp label coverage: 0.86
Step 4026147/5000000 | Win rate (rollout): 0.42 | Loss: 0.049 | Opp label coverage: 0.80
Step 4026659/5000000 | Win rate (rollout): 0.31 | Loss: 0.043 | Opp label coverage: 0.78
Step 4027171/5000000 | Win rate (rollout): 0.31 | Loss: 0.043 | Opp label coverage: 0.77
Step 4027683/5000000 | Win rate (rollout): 0.35 | Loss: 0.052 | Opp label coverage: 0.82
Step 4028195/5000000 | Win rate (rollout): 0.14 | Loss: 0.048 | Opp label coverage: 0.87
Step 4028711/5000000 | Win rate (rollout): 0.30 | Loss: 0.048 | Opp label coverage: 0.89
Step 4029223/5000000 | Win rate (rollout): 0.33 | Loss: 0.060 | Opp label coverage: 0.82
Step 4029735/5000000 | Win rate (rollout): 0.53 | Loss: 0.106 | Opp label coverage: 0.84
Step 4030247/5000000 | Win rate (rollout): 0.25 | Loss: 0.075 | Opp label coverage: 0.75
Step 4030759/5000000 | Win rate (rollout): 0.35 | Loss: 0.062 | Opp label coverage: 0.84
Step 4031271/5000000 | Win rate (rollout): 0.40 | Loss: 0.036 | Opp label coverage: 0.90
Step 4031783/5000000 | Win rate (rollout): 0.17 | Loss: 0.051 | Opp label coverage: 0.91
Step 4032295/5000000 | Win rate (rollout): 0.57 | Loss: 0.051 | Opp label coverage: 0.79
Step 4032807/5000000 | Win rate (rollout): 0.33 | Loss: 0.056 | Opp label coverage: 0.80
Step 4033326/5000000 | Win rate (rollout): 0.60 | Loss: 0.013 | Opp label coverage: 0.90
Step 4033838/5000000 | Win rate (rollout): 0.18 | Loss: 0.022 | Opp label coverage: 0.79
Step 4034350/5000000 | Win rate (rollout): 0.56 | Loss: 0.073 | Opp label coverage: 0.81
Step 4034862/5000000 | Win rate (rollout): 0.62 | Loss: 0.083 | Opp label coverage: 0.92
Step 4035374/5000000 | Win rate (rollout): 0.33 | Loss: 0.037 | Opp label coverage: 0.80
Step 4035886/5000000 | Win rate (rollout): 0.27 | Loss: 0.066 | Opp label coverage: 0.81
Step 4036405/5000000 | Win rate (rollout): 0.75 | Loss: 0.027 | Opp label coverage: 0.92
Step 4036922/5000000 | Win rate (rollout): 0.56 | Loss: 0.051 | Opp label coverage: 0.90
Step 4037437/5000000 | Win rate (rollout): 0.50 | Loss: 0.107 | Opp label coverage: 0.89
Step 4037953/5000000 | Win rate (rollout): 0.73 | Loss: 0.059 | Opp label coverage: 0.91
Step 4038465/5000000 | Win rate (rollout): 0.44 | Loss: 0.050 | Opp label coverage: 0.84
Step 4038977/5000000 | Win rate (rollout): 0.46 | Loss: 0.096 | Opp label coverage: 0.86
Step 4039489/5000000 | Win rate (rollout): 0.56 | Loss: 0.040 | Opp label coverage: 0.81
Step 4040001/5000000 | Win rate (rollout): 0.33 | Loss: 0.077 | Opp label coverage: 0.82
Step 4040513/5000000 | Win rate (rollout): 0.50 | Loss: 0.048 | Opp label coverage: 0.84
Step 4041025/5000000 | Win rate (rollout): 0.31 | Loss: 0.079 | Opp label coverage: 0.83
Step 4041543/5000000 | Win rate (rollout): 0.45 | Loss: 0.018 | Opp label coverage: 0.88
Step 4042055/5000000 | Win rate (rollout): 0.50 | Loss: 0.088 | Opp label coverage: 0.84
Step 4042567/5000000 | Win rate (rollout): 0.47 | Loss: 0.081 | Opp label coverage: 0.80
Step 4043081/5000000 | Win rate (rollout): 0.64 | Loss: 0.001 | Opp label coverage: 0.90
Step 4043595/5000000 | Win rate (rollout): 0.50 | Loss: -0.044 | Opp label coverage: 0.92
Step 4044110/5000000 | Win rate (rollout): 0.67 | Loss: 0.051 | Opp label coverage: 0.92
Step 4044622/5000000 | Win rate (rollout): 0.50 | Loss: 0.075 | Opp label coverage: 0.78
Step 4045135/5000000 | Win rate (rollout): 0.67 | Loss: 0.139 | Opp label coverage: 0.89
Step 4045647/5000000 | Win rate (rollout): 0.36 | Loss: 0.083 | Opp label coverage: 0.83
Step 4046160/5000000 | Win rate (rollout): 0.33 | Loss: 0.114 | Opp label coverage: 0.89
Step 4046672/5000000 | Win rate (rollout): 0.13 | Loss: 0.045 | Opp label coverage: 0.81
Step 4047184/5000000 | Win rate (rollout): 0.50 | Loss: 0.093 | Opp label coverage: 0.91
Step 4047698/5000000 | Win rate (rollout): 0.54 | Loss: 0.064 | Opp label coverage: 0.91
Step 4048210/5000000 | Win rate (rollout): 0.78 | Loss: 0.077 | Opp label coverage: 0.79
Step 4048722/5000000 | Win rate (rollout): 0.53 | Loss: 0.051 | Opp label coverage: 0.81
Step 4049237/5000000 | Win rate (rollout): 0.50 | Loss: 0.098 | Opp label coverage: 0.89
Step 4049752/5000000 | Win rate (rollout): 0.38 | Loss: 0.185 | Opp label coverage: 0.89
Step 4050264/5000000 | Win rate (rollout): 0.60 | Loss: 0.050 | Opp label coverage: 0.90
Step 4050782/5000000 | Win rate (rollout): 0.56 | Loss: 0.056 | Opp label coverage: 0.88
Step 4051301/5000000 | Win rate (rollout): 0.50 | Loss: 0.079 | Opp label coverage: 0.91
Step 4051813/5000000 | Win rate (rollout): 0.55 | Loss: 0.090 | Opp label coverage: 0.77
Step 4052328/5000000 | Win rate (rollout): 0.57 | Loss: 0.067 | Opp label coverage: 0.92
Step 4052840/5000000 | Win rate (rollout): 0.33 | Loss: 0.040 | Opp label coverage: 0.82
Step 4053355/5000000 | Win rate (rollout): 0.56 | Loss: 0.063 | Opp label coverage: 0.90
Step 4053870/5000000 | Win rate (rollout): 0.50 | Loss: 0.005 | Opp label coverage: 0.91
Step 4054386/5000000 | Win rate (rollout): 0.60 | Loss: 0.060 | Opp label coverage: 0.89
Step 4054898/5000000 | Win rate (rollout): 0.50 | Loss: 0.078 | Opp label coverage: 0.78
Step 4055415/5000000 | Win rate (rollout): 0.64 | Loss: 0.012 | Opp label coverage: 0.90
Step 4055927/5000000 | Win rate (rollout): 0.43 | Loss: 0.085 | Opp label coverage: 0.82
Step 4056440/5000000 | Win rate (rollout): 0.36 | Loss: 0.099 | Opp label coverage: 0.88
Step 4056959/5000000 | Win rate (rollout): 0.50 | Loss: 0.053 | Opp label coverage: 0.89
Step 4057473/5000000 | Win rate (rollout): 0.58 | Loss: 0.011 | Opp label coverage: 0.91
Step 4057986/5000000 | Win rate (rollout): 0.50 | Loss: 0.051 | Opp label coverage: 0.91
Step 4058502/5000000 | Win rate (rollout): 0.62 | Loss: 0.080 | Opp label coverage: 0.91
Step 4059014/5000000 | Win rate (rollout): 0.55 | Loss: 0.058 | Opp label coverage: 0.82
Step 4059529/5000000 | Win rate (rollout): 1.00 | Loss: -0.014 | Opp label coverage: 0.93
Step 4060041/5000000 | Win rate (rollout): 0.43 | Loss: 0.108 | Opp label coverage: 0.91
Step 4060553/5000000 | Win rate (rollout): 0.50 | Loss: 0.047 | Opp label coverage: 0.90
Step 4061065/5000000 | Win rate (rollout): 0.58 | Loss: 0.074 | Opp label coverage: 0.83
Step 4061582/5000000 | Win rate (rollout): 0.50 | Loss: 0.014 | Opp label coverage: 0.91
Step 4062095/5000000 | Win rate (rollout): 0.46 | Loss: -0.018 | Opp label coverage: 0.90
Step 4062612/5000000 | Win rate (rollout): 0.50 | Loss: 0.070 | Opp label coverage: 0.88
Step 4063124/5000000 | Win rate (rollout): 0.20 | Loss: 0.053 | Opp label coverage: 0.82
Step 4063636/5000000 | Win rate (rollout): 0.45 | Loss: 0.042 | Opp label coverage: 0.89
Step 4064148/5000000 | Win rate (rollout): 0.27 | Loss: 0.048 | Opp label coverage: 0.89
Step 4064660/5000000 | Win rate (rollout): 0.50 | Loss: 0.027 | Opp label coverage: 0.81
Step 4065172/5000000 | Win rate (rollout): 0.53 | Loss: 0.067 | Opp label coverage: 0.82
Step 4065687/5000000 | Win rate (rollout): 0.27 | Loss: 0.035 | Opp label coverage: 0.90
Step 4066199/5000000 | Win rate (rollout): 0.38 | Loss: 0.037 | Opp label coverage: 0.84
Step 4066717/5000000 | Win rate (rollout): 0.33 | Loss: 0.048 | Opp label coverage: 0.91
Step 4067229/5000000 | Win rate (rollout): 0.21 | Loss: 0.048 | Opp label coverage: 0.82
Step 4067747/5000000 | Win rate (rollout): 0.22 | Loss: 0.014 | Opp label coverage: 0.90
Step 4068259/5000000 | Win rate (rollout): 0.30 | Loss: 0.028 | Opp label coverage: 0.83
Step 4068773/5000000 | Win rate (rollout): 0.80 | Loss: 0.074 | Opp label coverage: 0.90
Step 4069287/5000000 | Win rate (rollout): 0.62 | Loss: 0.051 | Opp label coverage: 0.90
Step 4069799/5000000 | Win rate (rollout): 0.18 | Loss: 0.037 | Opp label coverage: 0.86
Step 4070311/5000000 | Win rate (rollout): 0.50 | Loss: 0.040 | Opp label coverage: 0.87
Step 4070827/5000000 | Win rate (rollout): 0.73 | Loss: 0.046 | Opp label coverage: 0.91
Step 4071339/5000000 | Win rate (rollout): 0.45 | Loss: 0.070 | Opp label coverage: 0.76
Step 4071851/5000000 | Win rate (rollout): 0.24 | Loss: 0.080 | Opp label coverage: 0.85
Step 4072370/5000000 | Win rate (rollout): 0.56 | Loss: 0.048 | Opp label coverage: 0.91
Step 4072882/5000000 | Win rate (rollout): 0.33 | Loss: 0.071 | Opp label coverage: 0.80
Step 4073397/5000000 | Win rate (rollout): 0.55 | Loss: 0.088 | Opp label coverage: 0.90
Step 4073915/5000000 | Win rate (rollout): 0.46 | Loss: 0.084 | Opp label coverage: 0.90
Step 4074434/5000000 | Win rate (rollout): 0.36 | Loss: 0.039 | Opp label coverage: 0.89
Step 4074946/5000000 | Win rate (rollout): 0.54 | Loss: 0.072 | Opp label coverage: 0.83
Step 4075465/5000000 | Win rate (rollout): 0.70 | Loss: 0.095 | Opp label coverage: 0.89
Step 4075978/5000000 | Win rate (rollout): 0.57 | Loss: 0.031 | Opp label coverage: 0.92
Step 4076493/5000000 | Win rate (rollout): 0.50 | Loss: -0.003 | Opp label coverage: 0.90
Step 4077005/5000000 | Win rate (rollout): 0.57 | Loss: 0.036 | Opp label coverage: 0.84
Step 4077517/5000000 | Win rate (rollout): 0.29 | Loss: 0.078 | Opp label coverage: 0.81
Step 4078033/5000000 | Win rate (rollout): 0.82 | Loss: 0.098 | Opp label coverage: 0.90
Step 4078545/5000000 | Win rate (rollout): 0.50 | Loss: 0.047 | Opp label coverage: 0.85
Step 4079060/5000000 | Win rate (rollout): 0.64 | Loss: 0.099 | Opp label coverage: 0.90
Step 4079572/5000000 | Win rate (rollout): 0.56 | Loss: 0.057 | Opp label coverage: 0.83
Step 4080084/5000000 | Win rate (rollout): 0.58 | Loss: 0.090 | Opp label coverage: 0.80
Step 4080603/5000000 | Win rate (rollout): 0.90 | Loss: 0.042 | Opp label coverage: 0.92
Step 4081115/5000000 | Win rate (rollout): 0.57 | Loss: 0.062 | Opp label coverage: 0.80
Step 4081627/5000000 | Win rate (rollout): 0.54 | Loss: 0.054 | Opp label coverage: 0.84
Step 4082143/5000000 | Win rate (rollout): 0.44 | Loss: 0.063 | Opp label coverage: 0.89
Step 4082659/5000000 | Win rate (rollout): 0.38 | Loss: 0.021 | Opp label coverage: 0.90
Step 4083171/5000000 | Win rate (rollout): 0.38 | Loss: 0.083 | Opp label coverage: 0.77
Step 4083689/5000000 | Win rate (rollout): 0.33 | Loss: 0.058 | Opp label coverage: 0.89
Step 4084207/5000000 | Win rate (rollout): 0.61 | Loss: 0.028 | Opp label coverage: 0.92
Step 4084724/5000000 | Win rate (rollout): 0.33 | Loss: 0.070 | Opp label coverage: 0.89
Step 4085236/5000000 | Win rate (rollout): 0.42 | Loss: 0.059 | Opp label coverage: 0.80
Step 4085755/5000000 | Win rate (rollout): 0.25 | Loss: 0.016 | Opp label coverage: 0.90
Step 4086270/5000000 | Win rate (rollout): 0.50 | Loss: 0.096 | Opp label coverage: 0.89
Step 4086782/5000000 | Win rate (rollout): 0.56 | Loss: 0.040 | Opp label coverage: 0.82
Step 4087294/5000000 | Win rate (rollout): 0.44 | Loss: 0.068 | Opp label coverage: 0.83
Step 4087806/5000000 | Win rate (rollout): 0.55 | Loss: 0.038 | Opp label coverage: 0.91
Step 4088320/5000000 | Win rate (rollout): 0.57 | Loss: 0.077 | Opp label coverage: 0.89
Step 4088832/5000000 | Win rate (rollout): 0.38 | Loss: 0.072 | Opp label coverage: 0.82
Step 4089345/5000000 | Win rate (rollout): 0.55 | Loss: 0.090 | Opp label coverage: 0.90
Step 4089857/5000000 | Win rate (rollout): 0.31 | Loss: 0.066 | Opp label coverage: 0.83
Step 4090374/5000000 | Win rate (rollout): 0.55 | Loss: 0.076 | Opp label coverage: 0.91
Step 4090886/5000000 | Win rate (rollout): 0.56 | Loss: 0.043 | Opp label coverage: 0.87
Step 4091399/5000000 | Win rate (rollout): 0.67 | Loss: 0.073 | Opp label coverage: 0.91
Step 4091911/5000000 | Win rate (rollout): 0.38 | Loss: 0.039 | Opp label coverage: 0.74
Step 4092423/5000000 | Win rate (rollout): 0.38 | Loss: 0.068 | Opp label coverage: 0.81
Step 4092941/5000000 | Win rate (rollout): 0.56 | Loss: 0.023 | Opp label coverage: 0.90
Step 4093459/5000000 | Win rate (rollout): 0.43 | Loss: 0.072 | Opp label coverage: 0.90
Step 4093972/5000000 | Win rate (rollout): 0.62 | Loss: -0.015 | Opp label coverage: 0.90
Step 4094484/5000000 | Win rate (rollout): 0.44 | Loss: 0.063 | Opp label coverage: 0.87
Step 4094996/5000000 | Win rate (rollout): 0.58 | Loss: 0.079 | Opp label coverage: 0.86
Step 4095509/5000000 | Win rate (rollout): 0.56 | Loss: 0.006 | Opp label coverage: 0.89
Step 4096023/5000000 | Win rate (rollout): 0.29 | Loss: 0.081 | Opp label coverage: 0.88
Step 4096535/5000000 | Win rate (rollout): 0.23 | Loss: 0.057 | Opp label coverage: 0.83
Step 4097053/5000000 | Win rate (rollout): 0.70 | Loss: 0.085 | Opp label coverage: 0.91
Step 4097565/5000000 | Win rate (rollout): 0.45 | Loss: 0.074 | Opp label coverage: 0.77
Step 4098080/5000000 | Win rate (rollout): 0.38 | Loss: -0.001 | Opp label coverage: 0.92
Step 4098592/5000000 | Win rate (rollout): 0.25 | Loss: 0.036 | Opp label coverage: 0.81
Step 4099107/5000000 | Win rate (rollout): 0.70 | Loss: 0.056 | Opp label coverage: 0.91
Step 4099620/5000000 | Win rate (rollout): 0.62 | Loss: 0.116 | Opp label coverage: 0.91
Step 4100135/5000000 | Win rate (rollout): 0.36 | Loss: 0.037 | Opp label coverage: 0.90
Step 4100647/5000000 | Win rate (rollout): 0.54 | Loss: 0.053 | Opp label coverage: 0.93
Step 4101159/5000000 | Win rate (rollout): 0.36 | Loss: 0.056 | Opp label coverage: 0.87
Step 4101671/5000000 | Win rate (rollout): 0.50 | Loss: 0.038 | Opp label coverage: 0.84
Step 4102183/5000000 | Win rate (rollout): 0.58 | Loss: 0.041 | Opp label coverage: 0.82
Step 4102695/5000000 | Win rate (rollout): 0.44 | Loss: 0.061 | Opp label coverage: 0.89
Step 4103207/5000000 | Win rate (rollout): 0.47 | Loss: 0.061 | Opp label coverage: 0.82
Step 4103719/5000000 | Win rate (rollout): 0.44 | Loss: 0.062 | Opp label coverage: 0.80
Step 4104236/5000000 | Win rate (rollout): 0.25 | Loss: 0.076 | Opp label coverage: 0.88
Step 4104748/5000000 | Win rate (rollout): 0.31 | Loss: 0.056 | Opp label coverage: 0.83
Step 4105260/5000000 | Win rate (rollout): 0.50 | Loss: 0.059 | Opp label coverage: 0.84
Step 4105772/5000000 | Win rate (rollout): 0.17 | Loss: 0.078 | Opp label coverage: 0.83
Step 4106284/5000000 | Win rate (rollout): 0.40 | Loss: 0.031 | Opp label coverage: 0.91
Step 4106800/5000000 | Win rate (rollout): 0.53 | Loss: 0.095 | Opp label coverage: 0.90
Step 4107312/5000000 | Win rate (rollout): 0.40 | Loss: 0.031 | Opp label coverage: 0.86
Step 4107827/5000000 | Win rate (rollout): 0.36 | Loss: 0.095 | Opp label coverage: 0.88
Step 4108339/5000000 | Win rate (rollout): 0.57 | Loss: 0.070 | Opp label coverage: 0.84
Step 4108851/5000000 | Win rate (rollout): 0.64 | Loss: 0.045 | Opp label coverage: 0.76
Step 4109363/5000000 | Win rate (rollout): 0.27 | Loss: 0.084 | Opp label coverage: 0.83
Step 4109875/5000000 | Win rate (rollout): 0.33 | Loss: 0.086 | Opp label coverage: 0.81
Step 4110387/5000000 | Win rate (rollout): 0.39 | Loss: 0.060 | Opp label coverage: 0.82
Step 4110899/5000000 | Win rate (rollout): 0.41 | Loss: 0.057 | Opp label coverage: 0.77
Step 4111414/5000000 | Win rate (rollout): 0.75 | Loss: 0.115 | Opp label coverage: 0.91
Step 4111927/5000000 | Win rate (rollout): 0.67 | Loss: 0.051 | Opp label coverage: 0.91
Step 4112444/5000000 | Win rate (rollout): 0.31 | Loss: 0.062 | Opp label coverage: 0.87
Step 4112963/5000000 | Win rate (rollout): 0.33 | Loss: 0.041 | Opp label coverage: 0.88
Step 4113475/5000000 | Win rate (rollout): 0.08 | Loss: 0.031 | Opp label coverage: 0.83
Step 4113992/5000000 | Win rate (rollout): 0.78 | Loss: 0.091 | Opp label coverage: 0.91
Step 4114504/5000000 | Win rate (rollout): 0.43 | Loss: 0.034 | Opp label coverage: 0.90
Step 4115016/5000000 | Win rate (rollout): 0.20 | Loss: 0.040 | Opp label coverage: 0.84
Step 4115531/5000000 | Win rate (rollout): 0.62 | Loss: 0.061 | Opp label coverage: 0.91
Step 4116043/5000000 | Win rate (rollout): 0.30 | Loss: 0.057 | Opp label coverage: 0.83
Step 4116558/5000000 | Win rate (rollout): 0.38 | Loss: 0.025 | Opp label coverage: 0.91
Step 4117072/5000000 | Win rate (rollout): 0.62 | Loss: 0.065 | Opp label coverage: 0.90
Step 4117590/5000000 | Win rate (rollout): 0.36 | Loss: 0.057 | Opp label coverage: 0.88
Step 4118102/5000000 | Win rate (rollout): 0.54 | Loss: 0.062 | Opp label coverage: 0.91
Step 4118614/5000000 | Win rate (rollout): 0.31 | Loss: 0.075 | Opp label coverage: 0.78
Step 4119127/5000000 | Win rate (rollout): 0.67 | Loss: 0.061 | Opp label coverage: 0.91
Step 4119640/5000000 | Win rate (rollout): 0.64 | Loss: 0.112 | Opp label coverage: 0.91
Step 4120152/5000000 | Win rate (rollout): 0.62 | Loss: 0.049 | Opp label coverage: 0.83
Step 4120665/5000000 | Win rate (rollout): 0.82 | Loss: 0.021 | Opp label coverage: 0.90
Step 4121180/5000000 | Win rate (rollout): 0.64 | Loss: 0.050 | Opp label coverage: 0.89
Step 4121692/5000000 | Win rate (rollout): 0.57 | Loss: 0.044 | Opp label coverage: 0.82
Step 4122210/5000000 | Win rate (rollout): 0.64 | Loss: 0.085 | Opp label coverage: 0.91
Step 4122722/5000000 | Win rate (rollout): 0.43 | Loss: 0.054 | Opp label coverage: 0.85
Step 4123236/5000000 | Win rate (rollout): 0.40 | Loss: -0.010 | Opp label coverage: 0.90
Step 4123753/5000000 | Win rate (rollout): 0.38 | Loss: 0.022 | Opp label coverage: 0.90
Step 4124271/5000000 | Win rate (rollout): 0.75 | Loss: 0.066 | Opp label coverage: 0.90
Step 4124787/5000000 | Win rate (rollout): 0.38 | Loss: 0.061 | Opp label coverage: 0.90
Step 4125300/5000000 | Win rate (rollout): 0.36 | Loss: 0.080 | Opp label coverage: 0.91
Step 4125817/5000000 | Win rate (rollout): 0.33 | Loss: 0.054 | Opp label coverage: 0.91
Step 4126329/5000000 | Win rate (rollout): 0.45 | Loss: 0.039 | Opp label coverage: 0.91
Step 4126841/5000000 | Win rate (rollout): 0.45 | Loss: 0.065 | Opp label coverage: 0.83
Step 4127353/5000000 | Win rate (rollout): 0.56 | Loss: 0.050 | Opp label coverage: 0.78
Step 4127866/5000000 | Win rate (rollout): 0.70 | Loss: 0.057 | Opp label coverage: 0.90
Step 4128378/5000000 | Win rate (rollout): 0.53 | Loss: 0.093 | Opp label coverage: 0.89
Step 4128890/5000000 | Win rate (rollout): 0.25 | Loss: 0.047 | Opp label coverage: 0.85
Step 4129402/5000000 | Win rate (rollout): 0.50 | Loss: 0.081 | Opp label coverage: 0.79
Step 4129914/5000000 | Win rate (rollout): 0.30 | Loss: 0.047 | Opp label coverage: 0.87
Step 4130427/5000000 | Win rate (rollout): 0.46 | Loss: 0.007 | Opp label coverage: 0.90
Step 4130941/5000000 | Win rate (rollout): 0.56 | Loss: 0.016 | Opp label coverage: 0.89
Step 4131457/5000000 | Win rate (rollout): 0.50 | Loss: 0.073 | Opp label coverage: 0.90
Step 4131969/5000000 | Win rate (rollout): 0.50 | Loss: 0.049 | Opp label coverage: 0.79
Step 4132481/5000000 | Win rate (rollout): 0.38 | Loss: 0.042 | Opp label coverage: 0.82
Step 4132995/5000000 | Win rate (rollout): 0.45 | Loss: 0.084 | Opp label coverage: 0.89
Step 4133512/5000000 | Win rate (rollout): 0.50 | Loss: 0.064 | Opp label coverage: 0.89
Step 4134024/5000000 | Win rate (rollout): 0.50 | Loss: 0.052 | Opp label coverage: 0.83
Step 4134536/5000000 | Win rate (rollout): 0.55 | Loss: 0.066 | Opp label coverage: 0.85
Step 4135049/5000000 | Win rate (rollout): 0.89 | Loss: 0.010 | Opp label coverage: 0.91
Step 4135561/5000000 | Win rate (rollout): 0.20 | Loss: 0.044 | Opp label coverage: 0.82
Step 4136073/5000000 | Win rate (rollout): 0.19 | Loss: 0.046 | Opp label coverage: 0.81
Step 4136589/5000000 | Win rate (rollout): 0.64 | Loss: 0.060 | Opp label coverage: 0.89
Step 4137101/5000000 | Win rate (rollout): 0.71 | Loss: 0.047 | Opp label coverage: 0.80
Step 4137615/5000000 | Win rate (rollout): 0.44 | Loss: 0.045 | Opp label coverage: 0.89
Step 4138127/5000000 | Win rate (rollout): 0.38 | Loss: 0.101 | Opp label coverage: 0.84
Step 4138645/5000000 | Win rate (rollout): 0.75 | Loss: 0.058 | Opp label coverage: 0.91
Step 4139157/5000000 | Win rate (rollout): 0.69 | Loss: 0.055 | Opp label coverage: 0.81
Step 4139670/5000000 | Win rate (rollout): 0.44 | Loss: -0.017 | Opp label coverage: 0.91
Step 4140186/5000000 | Win rate (rollout): 0.55 | Loss: 0.078 | Opp label coverage: 0.92
Step 4140700/5000000 | Win rate (rollout): 0.60 | Loss: 0.055 | Opp label coverage: 0.91
Step 4141212/5000000 | Win rate (rollout): 0.55 | Loss: 0.074 | Opp label coverage: 0.82
Step 4141731/5000000 | Win rate (rollout): 0.50 | Loss: 0.093 | Opp label coverage: 0.90
Step 4142243/5000000 | Win rate (rollout): 0.57 | Loss: 0.059 | Opp label coverage: 0.81
Step 4142760/5000000 | Win rate (rollout): 0.55 | Loss: 0.046 | Opp label coverage: 0.91
Step 4143272/5000000 | Win rate (rollout): 0.43 | Loss: 0.065 | Opp label coverage: 0.81
Step 4143784/5000000 | Win rate (rollout): 0.50 | Loss: 0.060 | Opp label coverage: 0.80
Step 4144296/5000000 | Win rate (rollout): 0.36 | Loss: 0.062 | Opp label coverage: 0.84
Step 4144809/5000000 | Win rate (rollout): 0.40 | Loss: 0.034 | Opp label coverage: 0.88
Step 4145321/5000000 | Win rate (rollout): 0.56 | Loss: 0.084 | Opp label coverage: 0.81
Step 4145833/5000000 | Win rate (rollout): 0.75 | Loss: 0.050 | Opp label coverage: 0.89
Step 4146349/5000000 | Win rate (rollout): 0.29 | Loss: -0.026 | Opp label coverage: 0.89
Step 4146864/5000000 | Win rate (rollout): 0.27 | Loss: 0.030 | Opp label coverage: 0.91
Step 4147376/5000000 | Win rate (rollout): 0.70 | Loss: 0.065 | Opp label coverage: 0.87
Step 4147889/5000000 | Win rate (rollout): 0.20 | Loss: 0.038 | Opp label coverage: 0.90
Step 4148401/5000000 | Win rate (rollout): 0.50 | Loss: 0.051 | Opp label coverage: 0.83
Step 4148913/5000000 | Win rate (rollout): 0.36 | Loss: 0.043 | Opp label coverage: 0.80
Step 4149426/5000000 | Win rate (rollout): 0.83 | Loss: 0.064 | Opp label coverage: 0.92
Step 4149938/5000000 | Win rate (rollout): 0.33 | Loss: 0.049 | Opp label coverage: 0.79
Step 4150450/5000000 | Win rate (rollout): 0.75 | Loss: 0.059 | Opp label coverage: 0.82
Step 4150966/5000000 | Win rate (rollout): 0.57 | Loss: 0.034 | Opp label coverage: 0.92
Step 4151478/5000000 | Win rate (rollout): 0.36 | Loss: 0.065 | Opp label coverage: 0.83
Step 4151997/5000000 | Win rate (rollout): 0.56 | Loss: 0.068 | Opp label coverage: 0.90
Step 4152509/5000000 | Win rate (rollout): 0.50 | Loss: 0.089 | Opp label coverage: 0.80
Step 4153023/5000000 | Win rate (rollout): 0.50 | Loss: -0.015 | Opp label coverage: 0.89
Step 4153537/5000000 | Win rate (rollout): 0.43 | Loss: 0.056 | Opp label coverage: 0.89
Step 4154054/5000000 | Win rate (rollout): 0.53 | Loss: 0.102 | Opp label coverage: 0.88
Step 4154566/5000000 | Win rate (rollout): 0.60 | Loss: 0.077 | Opp label coverage: 0.84
Step 4155078/5000000 | Win rate (rollout): 0.50 | Loss: 0.052 | Opp label coverage: 0.82
Step 4155590/5000000 | Win rate (rollout): 0.09 | Loss: 0.047 | Opp label coverage: 0.82
Step 4156109/5000000 | Win rate (rollout): 0.60 | Loss: 0.068 | Opp label coverage: 0.89
Step 4156621/5000000 | Win rate (rollout): 0.46 | Loss: 0.055 | Opp label coverage: 0.81
Step 4157133/5000000 | Win rate (rollout): 0.38 | Loss: 0.080 | Opp label coverage: 0.83
Step 4157645/5000000 | Win rate (rollout): 0.67 | Loss: 0.058 | Opp label coverage: 0.79
Step 4158163/5000000 | Win rate (rollout): 0.44 | Loss: 0.117 | Opp label coverage: 0.90
Step 4158675/5000000 | Win rate (rollout): 0.44 | Loss: 0.025 | Opp label coverage: 0.80
Step 4159193/5000000 | Win rate (rollout): 0.22 | Loss: 0.044 | Opp label coverage: 0.87
Step 4159705/5000000 | Win rate (rollout): 0.65 | Loss: 0.054 | Opp label coverage: 0.93
Step 4160217/5000000 | Win rate (rollout): 0.40 | Loss: 0.062 | Opp label coverage: 0.80
Step 4160729/5000000 | Win rate (rollout): 0.50 | Loss: 0.066 | Opp label coverage: 0.82
Step 4161244/5000000 | Win rate (rollout): 0.67 | Loss: -0.002 | Opp label coverage: 0.90
Step 4161757/5000000 | Win rate (rollout): 0.76 | Loss: 0.124 | Opp label coverage: 0.90
Step 4162272/5000000 | Win rate (rollout): 0.64 | Loss: 0.063 | Opp label coverage: 0.90
Step 4162784/5000000 | Win rate (rollout): 0.58 | Loss: 0.057 | Opp label coverage: 0.81
Step 4163296/5000000 | Win rate (rollout): 0.40 | Loss: 0.083 | Opp label coverage: 0.82
Step 4163810/5000000 | Win rate (rollout): 0.50 | Loss: 0.073 | Opp label coverage: 0.89
Step 4164322/5000000 | Win rate (rollout): 0.71 | Loss: 0.083 | Opp label coverage: 0.83
Step 4164834/5000000 | Win rate (rollout): 0.55 | Loss: 0.075 | Opp label coverage: 0.79
Step 4165353/5000000 | Win rate (rollout): 0.30 | Loss: 0.053 | Opp label coverage: 0.90
Step 4165869/5000000 | Win rate (rollout): 0.62 | Loss: 0.025 | Opp label coverage: 0.92
Step 4166382/5000000 | Win rate (rollout): 0.80 | Loss: 0.002 | Opp label coverage: 0.93
Step 4166895/5000000 | Win rate (rollout): 0.50 | Loss: -0.024 | Opp label coverage: 0.92
Step 4167411/5000000 | Win rate (rollout): 0.73 | Loss: 0.058 | Opp label coverage: 0.92
Step 4167923/5000000 | Win rate (rollout): 0.42 | Loss: 0.088 | Opp label coverage: 0.84
Step 4168435/5000000 | Win rate (rollout): 0.29 | Loss: 0.100 | Opp label coverage: 0.82
Step 4168947/5000000 | Win rate (rollout): 0.50 | Loss: 0.078 | Opp label coverage: 0.80
Step 4169461/5000000 | Win rate (rollout): 0.43 | Loss: 0.036 | Opp label coverage: 0.91
Step 4169973/5000000 | Win rate (rollout): 0.46 | Loss: 0.073 | Opp label coverage: 0.82
Step 4170492/5000000 | Win rate (rollout): 0.40 | Loss: 0.043 | Opp label coverage: 0.91
Step 4171004/5000000 | Win rate (rollout): 0.54 | Loss: 0.054 | Opp label coverage: 0.91
Step 4171518/5000000 | Win rate (rollout): 0.31 | Loss: 0.011 | Opp label coverage: 0.88
Step 4172031/5000000 | Win rate (rollout): 0.40 | Loss: 0.066 | Opp label coverage: 0.88
Step 4172543/5000000 | Win rate (rollout): 0.44 | Loss: 0.040 | Opp label coverage: 0.80
Step 4173055/5000000 | Win rate (rollout): 0.24 | Loss: 0.097 | Opp label coverage: 0.81
Step 4173567/5000000 | Win rate (rollout): 0.62 | Loss: 0.069 | Opp label coverage: 0.83
Step 4174079/5000000 | Win rate (rollout): 0.55 | Loss: 0.059 | Opp label coverage: 0.82
Step 4174591/5000000 | Win rate (rollout): 0.33 | Loss: 0.013 | Opp label coverage: 0.83
Step 4175106/5000000 | Win rate (rollout): 0.67 | Loss: 0.027 | Opp label coverage: 0.91
Step 4175623/5000000 | Win rate (rollout): 0.71 | Loss: 0.130 | Opp label coverage: 0.90
Step 4176136/5000000 | Win rate (rollout): 0.77 | Loss: 0.094 | Opp label coverage: 0.91
Step 4176654/5000000 | Win rate (rollout): 0.62 | Loss: 0.045 | Opp label coverage: 0.92
Step 4177169/5000000 | Win rate (rollout): 0.64 | Loss: 0.081 | Opp label coverage: 0.92
Step 4177681/5000000 | Win rate (rollout): 0.54 | Loss: 0.072 | Opp label coverage: 0.90
Step 4178193/5000000 | Win rate (rollout): 0.62 | Loss: 0.057 | Opp label coverage: 0.81
Step 4178711/5000000 | Win rate (rollout): 0.25 | Loss: 0.125 | Opp label coverage: 0.90
Step 4179227/5000000 | Win rate (rollout): 0.80 | Loss: 0.038 | Opp label coverage: 0.92
Step 4179741/5000000 | Win rate (rollout): 0.50 | Loss: 0.068 | Opp label coverage: 0.89
Step 4180253/5000000 | Win rate (rollout): 0.42 | Loss: 0.092 | Opp label coverage: 0.76
Step 4180767/5000000 | Win rate (rollout): 0.67 | Loss: 0.070 | Opp label coverage: 0.89
Step 4181279/5000000 | Win rate (rollout): 0.64 | Loss: 0.046 | Opp label coverage: 0.88
Step 4181793/5000000 | Win rate (rollout): 0.56 | Loss: 0.086 | Opp label coverage: 0.89
Step 4182305/5000000 | Win rate (rollout): 0.33 | Loss: 0.051 | Opp label coverage: 0.82
Step 4182822/5000000 | Win rate (rollout): 0.14 | Loss: 0.068 | Opp label coverage: 0.89
Step 4183334/5000000 | Win rate (rollout): 0.57 | Loss: 0.061 | Opp label coverage: 0.83
Step 4183846/5000000 | Win rate (rollout): 0.77 | Loss: 0.051 | Opp label coverage: 0.83
Step 4184365/5000000 | Win rate (rollout): 0.86 | Loss: 0.018 | Opp label coverage: 0.93
Step 4184878/5000000 | Win rate (rollout): 0.83 | Loss: 0.149 | Opp label coverage: 0.92
Step 4185390/5000000 | Win rate (rollout): 0.15 | Loss: 0.085 | Opp label coverage: 0.82
Step 4185902/5000000 | Win rate (rollout): 0.56 | Loss: 0.082 | Opp label coverage: 0.82
Step 4186416/5000000 | Win rate (rollout): 0.73 | Loss: 0.078 | Opp label coverage: 0.88
Step 4186928/5000000 | Win rate (rollout): 0.00 | Loss: 0.056 | Opp label coverage: 0.78
Step 4187445/5000000 | Win rate (rollout): 0.56 | Loss: 0.047 | Opp label coverage: 0.89
Step 4187957/5000000 | Win rate (rollout): 0.47 | Loss: 0.073 | Opp label coverage: 0.90
Step 4188470/5000000 | Win rate (rollout): 0.46 | Loss: 0.042 | Opp label coverage: 0.90
Step 4188982/5000000 | Win rate (rollout): 0.38 | Loss: 0.090 | Opp label coverage: 0.82
Step 4189497/5000000 | Win rate (rollout): 0.38 | Loss: 0.031 | Opp label coverage: 0.90
Step 4190009/5000000 | Win rate (rollout): 0.53 | Loss: 0.060 | Opp label coverage: 0.81
Step 4190521/5000000 | Win rate (rollout): 0.56 | Loss: 0.055 | Opp label coverage: 0.78
Step 4191034/5000000 | Win rate (rollout): 0.45 | Loss: 0.073 | Opp label coverage: 0.88
Step 4191546/5000000 | Win rate (rollout): 0.67 | Loss: 0.076 | Opp label coverage: 0.82
Step 4192058/5000000 | Win rate (rollout): 0.50 | Loss: 0.059 | Opp label coverage: 0.89
Step 4192570/5000000 | Win rate (rollout): 0.67 | Loss: 0.057 | Opp label coverage: 0.82
Step 4193082/5000000 | Win rate (rollout): 0.50 | Loss: 0.089 | Opp label coverage: 0.85
Step 4193595/5000000 | Win rate (rollout): 0.11 | Loss: 0.114 | Opp label coverage: 0.89
Step 4194107/5000000 | Win rate (rollout): 0.45 | Loss: 0.057 | Opp label coverage: 0.84
Step 4194619/5000000 | Win rate (rollout): 0.36 | Loss: 0.047 | Opp label coverage: 0.82
Step 4195131/5000000 | Win rate (rollout): 0.88 | Loss: 0.061 | Opp label coverage: 0.86
Step 4195643/5000000 | Win rate (rollout): 0.36 | Loss: 0.070 | Opp label coverage: 0.79
Step 4196155/5000000 | Win rate (rollout): 0.56 | Loss: 0.037 | Opp label coverage: 0.89
Step 4196670/5000000 | Win rate (rollout): 0.67 | Loss: 0.097 | Opp label coverage: 0.92
Step 4197186/5000000 | Win rate (rollout): 0.43 | Loss: 0.055 | Opp label coverage: 0.89
Step 4197698/5000000 | Win rate (rollout): 0.60 | Loss: 0.106 | Opp label coverage: 0.80
Step 4198210/5000000 | Win rate (rollout): 0.64 | Loss: 0.026 | Opp label coverage: 0.81
Step 4198728/5000000 | Win rate (rollout): 0.78 | Loss: 0.047 | Opp label coverage: 0.90
Step 4199240/5000000 | Win rate (rollout): 0.36 | Loss: 0.034 | Opp label coverage: 0.79
Step 4199752/5000000 | Win rate (rollout): 0.62 | Loss: 0.048 | Opp label coverage: 0.81
Step 4200264/5000000 | Win rate (rollout): 0.40 | Loss: 0.034 | Opp label coverage: 0.83
Step 4200779/5000000 | Win rate (rollout): 0.50 | Loss: 0.043 | Opp label coverage: 0.91
Step 4201291/5000000 | Win rate (rollout): 0.50 | Loss: 0.046 | Opp label coverage: 0.85
Step 4201803/5000000 | Win rate (rollout): 0.36 | Loss: 0.038 | Opp label coverage: 0.85
Step 4202315/5000000 | Win rate (rollout): 0.38 | Loss: 0.055 | Opp label coverage: 0.85
Step 4202827/5000000 | Win rate (rollout): 0.43 | Loss: 0.052 | Opp label coverage: 0.81
Step 4203340/5000000 | Win rate (rollout): 0.50 | Loss: 0.096 | Opp label coverage: 0.90
Step 4203858/5000000 | Win rate (rollout): 0.62 | Loss: 0.014 | Opp label coverage: 0.91
Step 4204376/5000000 | Win rate (rollout): 0.50 | Loss: 0.034 | Opp label coverage: 0.90
Step 4204888/5000000 | Win rate (rollout): 0.57 | Loss: 0.093 | Opp label coverage: 0.90
Step 4205400/5000000 | Win rate (rollout): 0.50 | Loss: 0.071 | Opp label coverage: 0.77
Step 4205912/5000000 | Win rate (rollout): 0.41 | Loss: 0.047 | Opp label coverage: 0.82
Step 4206424/5000000 | Win rate (rollout): 0.62 | Loss: 0.079 | Opp label coverage: 0.78
Step 4206936/5000000 | Win rate (rollout): 0.71 | Loss: 0.035 | Opp label coverage: 0.79
Step 4207448/5000000 | Win rate (rollout): 0.50 | Loss: 0.048 | Opp label coverage: 0.78
Step 4207960/5000000 | Win rate (rollout): 0.44 | Loss: 0.045 | Opp label coverage: 0.79
Step 4208472/5000000 | Win rate (rollout): 0.25 | Loss: 0.052 | Opp label coverage: 0.83
Step 4208984/5000000 | Win rate (rollout): 0.67 | Loss: 0.045 | Opp label coverage: 0.84
Step 4209497/5000000 | Win rate (rollout): 0.44 | Loss: -0.027 | Opp label coverage: 0.89
Step 4210013/5000000 | Win rate (rollout): 0.47 | Loss: 0.062 | Opp label coverage: 0.89
Step 4210530/5000000 | Win rate (rollout): 0.57 | Loss: 0.066 | Opp label coverage: 0.90
Step 4211042/5000000 | Win rate (rollout): 0.54 | Loss: 0.053 | Opp label coverage: 0.92
Step 4211554/5000000 | Win rate (rollout): 0.57 | Loss: 0.050 | Opp label coverage: 0.81
Step 4212070/5000000 | Win rate (rollout): 0.50 | Loss: 0.149 | Opp label coverage: 0.92
Step 4212582/5000000 | Win rate (rollout): 0.11 | Loss: 0.042 | Opp label coverage: 0.83
Step 4213094/5000000 | Win rate (rollout): 0.33 | Loss: 0.046 | Opp label coverage: 0.85
Step 4213606/5000000 | Win rate (rollout): 0.50 | Loss: 0.048 | Opp label coverage: 0.90
Step 4214125/5000000 | Win rate (rollout): 0.64 | Loss: -0.008 | Opp label coverage: 0.90
Step 4214640/5000000 | Win rate (rollout): 0.50 | Loss: 0.082 | Opp label coverage: 0.88
Step 4215152/5000000 | Win rate (rollout): 0.36 | Loss: 0.074 | Opp label coverage: 0.81
Step 4215666/5000000 | Win rate (rollout): 0.75 | Loss: 0.039 | Opp label coverage: 0.90
Step 4216179/5000000 | Win rate (rollout): 0.73 | Loss: 0.122 | Opp label coverage: 0.92
Step 4216691/5000000 | Win rate (rollout): 0.80 | Loss: 0.037 | Opp label coverage: 0.79
Step 4217204/5000000 | Win rate (rollout): 0.60 | Loss: 0.233 | Opp label coverage: 0.90
Step 4217716/5000000 | Win rate (rollout): 0.46 | Loss: 0.068 | Opp label coverage: 0.83
Step 4218228/5000000 | Win rate (rollout): 0.55 | Loss: 0.034 | Opp label coverage: 0.90
Step 4218747/5000000 | Win rate (rollout): 0.55 | Loss: 0.069 | Opp label coverage: 0.92
Step 4219259/5000000 | Win rate (rollout): 0.15 | Loss: 0.062 | Opp label coverage: 0.83
Step 4219772/5000000 | Win rate (rollout): 0.44 | Loss: -0.014 | Opp label coverage: 0.91
Step 4220285/5000000 | Win rate (rollout): 0.69 | Loss: 0.068 | Opp label coverage: 0.91
Step 4220803/5000000 | Win rate (rollout): 0.54 | Loss: 0.096 | Opp label coverage: 0.91
Step 4221315/5000000 | Win rate (rollout): 0.56 | Loss: 0.024 | Opp label coverage: 0.87
Step 4221834/5000000 | Win rate (rollout): 0.44 | Loss: 0.012 | Opp label coverage: 0.91
Step 4222349/5000000 | Win rate (rollout): 0.58 | Loss: 0.036 | Opp label coverage: 0.90
Step 4222865/5000000 | Win rate (rollout): 0.69 | Loss: 0.060 | Opp label coverage: 0.91
Step 4223379/5000000 | Win rate (rollout): 0.38 | Loss: 0.039 | Opp label coverage: 0.89
Step 4223891/5000000 | Win rate (rollout): 0.40 | Loss: 0.072 | Opp label coverage: 0.87
Step 4224406/5000000 | Win rate (rollout): 0.64 | Loss: 0.058 | Opp label coverage: 0.88
Step 4224918/5000000 | Win rate (rollout): 0.36 | Loss: 0.058 | Opp label coverage: 0.81
Step 4225430/5000000 | Win rate (rollout): 0.36 | Loss: 0.053 | Opp label coverage: 0.85
Step 4225944/5000000 | Win rate (rollout): 0.50 | Loss: 0.066 | Opp label coverage: 0.91
Step 4226456/5000000 | Win rate (rollout): 0.50 | Loss: 0.050 | Opp label coverage: 0.81
Step 4226968/5000000 | Win rate (rollout): 0.44 | Loss: 0.028 | Opp label coverage: 0.83
Step 4227483/5000000 | Win rate (rollout): 0.54 | Loss: 0.053 | Opp label coverage: 0.89
Step 4227995/5000000 | Win rate (rollout): 0.62 | Loss: 0.063 | Opp label coverage: 0.87
Step 4228509/5000000 | Win rate (rollout): 0.56 | Loss: 0.108 | Opp label coverage: 0.87
Step 4229021/5000000 | Win rate (rollout): 0.80 | Loss: 0.060 | Opp label coverage: 0.78
Step 4229533/5000000 | Win rate (rollout): 0.70 | Loss: 0.045 | Opp label coverage: 0.83
Step 4230045/5000000 | Win rate (rollout): 0.50 | Loss: 0.037 | Opp label coverage: 0.82
Step 4230557/5000000 | Win rate (rollout): 0.40 | Loss: 0.055 | Opp label coverage: 0.83
Step 4231069/5000000 | Win rate (rollout): 0.70 | Loss: 0.056 | Opp label coverage: 0.85
Step 4231583/5000000 | Win rate (rollout): 0.75 | Loss: 0.031 | Opp label coverage: 0.91
Step 4232095/5000000 | Win rate (rollout): 0.33 | Loss: 0.041 | Opp label coverage: 0.81
Step 4232607/5000000 | Win rate (rollout): 0.62 | Loss: 0.033 | Opp label coverage: 0.91
Step 4233121/5000000 | Win rate (rollout): 0.64 | Loss: 0.053 | Opp label coverage: 0.91
Step 4233635/5000000 | Win rate (rollout): 0.53 | Loss: 0.054 | Opp label coverage: 0.90
Step 4234147/5000000 | Win rate (rollout): 0.50 | Loss: 0.079 | Opp label coverage: 0.81
Step 4234659/5000000 | Win rate (rollout): 0.50 | Loss: 0.041 | Opp label coverage: 0.90
Step 4235171/5000000 | Win rate (rollout): 0.36 | Loss: 0.048 | Opp label coverage: 0.83
Step 4235686/5000000 | Win rate (rollout): 0.10 | Loss: 0.026 | Opp label coverage: 0.89
Step 4236198/5000000 | Win rate (rollout): 0.33 | Loss: 0.066 | Opp label coverage: 0.82
Step 4236710/5000000 | Win rate (rollout): 0.78 | Loss: 0.089 | Opp label coverage: 0.81
Step 4237222/5000000 | Win rate (rollout): 0.55 | Loss: 0.048 | Opp label coverage: 0.82
Step 4237734/5000000 | Win rate (rollout): 0.46 | Loss: 0.069 | Opp label coverage: 0.83
Step 4238249/5000000 | Win rate (rollout): 0.30 | Loss: -0.011 | Opp label coverage: 0.89
Step 4238765/5000000 | Win rate (rollout): 0.53 | Loss: 0.084 | Opp label coverage: 0.88
Step 4239277/5000000 | Win rate (rollout): 0.15 | Loss: 0.037 | Opp label coverage: 0.82
Step 4239789/5000000 | Win rate (rollout): 0.56 | Loss: 0.040 | Opp label coverage: 0.84
Step 4240301/5000000 | Win rate (rollout): 0.62 | Loss: 0.058 | Opp label coverage: 0.81
Step 4240813/5000000 | Win rate (rollout): 0.40 | Loss: 0.048 | Opp label coverage: 0.91
Step 4241331/5000000 | Win rate (rollout): 0.86 | Loss: 0.038 | Opp label coverage: 0.92
Step 4241843/5000000 | Win rate (rollout): 0.40 | Loss: 0.066 | Opp label coverage: 0.80
Step 4242355/5000000 | Win rate (rollout): 0.50 | Loss: 0.049 | Opp label coverage: 0.77
Step 4242868/5000000 | Win rate (rollout): 0.70 | Loss: -0.055 | Opp label coverage: 0.91
Step 4243380/5000000 | Win rate (rollout): 0.43 | Loss: 0.041 | Opp label coverage: 0.88
Step 4243892/5000000 | Win rate (rollout): 0.50 | Loss: 0.057 | Opp label coverage: 0.91
Step 4244404/5000000 | Win rate (rollout): 0.44 | Loss: 0.060 | Opp label coverage: 0.79
Step 4244916/5000000 | Win rate (rollout): 0.42 | Loss: 0.074 | Opp label coverage: 0.80
Step 4245434/5000000 | Win rate (rollout): 0.33 | Loss: 0.088 | Opp label coverage: 0.90
Step 4245946/5000000 | Win rate (rollout): 0.31 | Loss: 0.075 | Opp label coverage: 0.79
Step 4246461/5000000 | Win rate (rollout): 0.56 | Loss: 0.067 | Opp label coverage: 0.90
Step 4246973/5000000 | Win rate (rollout): 0.29 | Loss: 0.044 | Opp label coverage: 0.84
Step 4247489/5000000 | Win rate (rollout): 0.30 | Loss: 0.027 | Opp label coverage: 0.90
Step 4248001/5000000 | Win rate (rollout): 0.31 | Loss: 0.061 | Opp label coverage: 0.89
Step 4248517/5000000 | Win rate (rollout): 0.17 | Loss: 0.038 | Opp label coverage: 0.91
Step 4249034/5000000 | Win rate (rollout): 0.56 | Loss: 0.098 | Opp label coverage: 0.89
Step 4249552/5000000 | Win rate (rollout): 0.46 | Loss: 0.097 | Opp label coverage: 0.90
[checkpoint] Saved models/ppo/checkpoints/bcft/ppo_step_4250064.pt
Step 4250064/5000000 | Win rate (rollout): 0.25 | Loss: 0.062 | Opp label coverage: 0.85
Step 4250576/5000000 | Win rate (rollout): 0.57 | Loss: 0.057 | Opp label coverage: 0.91
Step 4251088/5000000 | Win rate (rollout): 0.42 | Loss: 0.058 | Opp label coverage: 0.89
Step 4251600/5000000 | Win rate (rollout): 0.64 | Loss: 0.066 | Opp label coverage: 0.80
Step 4252117/5000000 | Win rate (rollout): 0.50 | Loss: 0.008 | Opp label coverage: 0.90
Step 4252629/5000000 | Win rate (rollout): 0.10 | Loss: 0.066 | Opp label coverage: 0.81
Step 4253147/5000000 | Win rate (rollout): 0.50 | Loss: 0.052 | Opp label coverage: 0.88
Step 4253659/5000000 | Win rate (rollout): 0.09 | Loss: 0.023 | Opp label coverage: 0.84
Step 4254173/5000000 | Win rate (rollout): 0.62 | Loss: -0.036 | Opp label coverage: 0.91
Step 4254685/5000000 | Win rate (rollout): 0.50 | Loss: 0.031 | Opp label coverage: 0.82
Step 4255197/5000000 | Win rate (rollout): 0.38 | Loss: 0.057 | Opp label coverage: 0.83
Step 4255711/5000000 | Win rate (rollout): 0.30 | Loss: 0.039 | Opp label coverage: 0.89
Step 4256223/5000000 | Win rate (rollout): 0.40 | Loss: 0.055 | Opp label coverage: 0.83
Step 4256735/5000000 | Win rate (rollout): 0.44 | Loss: 0.094 | Opp label coverage: 0.82
Step 4257249/5000000 | Win rate (rollout): 0.62 | Loss: 0.054 | Opp label coverage: 0.91
Step 4257762/5000000 | Win rate (rollout): 0.57 | Loss: -0.031 | Opp label coverage: 0.91
Step 4258281/5000000 | Win rate (rollout): 0.40 | Loss: 0.053 | Opp label coverage: 0.88
Step 4258799/5000000 | Win rate (rollout): 0.42 | Loss: 0.123 | Opp label coverage: 0.90
Step 4259311/5000000 | Win rate (rollout): 0.70 | Loss: 0.061 | Opp label coverage: 0.80
Step 4259823/5000000 | Win rate (rollout): 0.29 | Loss: 0.036 | Opp label coverage: 0.89
Step 4260338/5000000 | Win rate (rollout): 0.60 | Loss: 0.129 | Opp label coverage: 0.91
Step 4260857/5000000 | Win rate (rollout): 0.29 | Loss: 0.074 | Opp label coverage: 0.89
Step 4261372/5000000 | Win rate (rollout): 0.36 | Loss: 0.028 | Opp label coverage: 0.90
Step 4261884/5000000 | Win rate (rollout): 0.60 | Loss: 0.047 | Opp label coverage: 0.81
Step 4262396/5000000 | Win rate (rollout): 0.36 | Loss: 0.088 | Opp label coverage: 0.81
Step 4262908/5000000 | Win rate (rollout): 0.50 | Loss: 0.053 | Opp label coverage: 0.91
Step 4263425/5000000 | Win rate (rollout): 0.78 | Loss: 0.072 | Opp label coverage: 0.92
Step 4263937/5000000 | Win rate (rollout): 0.56 | Loss: 0.054 | Opp label coverage: 0.80
Step 4264452/5000000 | Win rate (rollout): 0.67 | Loss: 0.045 | Opp label coverage: 0.92
Step 4264964/5000000 | Win rate (rollout): 0.75 | Loss: 0.069 | Opp label coverage: 0.91
Step 4265476/5000000 | Win rate (rollout): 0.25 | Loss: 0.093 | Opp label coverage: 0.81
Step 4265993/5000000 | Win rate (rollout): 0.56 | Loss: 0.115 | Opp label coverage: 0.90
Step 4266510/5000000 | Win rate (rollout): 0.46 | Loss: 0.073 | Opp label coverage: 0.90
Step 4267022/5000000 | Win rate (rollout): 0.54 | Loss: 0.100 | Opp label coverage: 0.74
Step 4267537/5000000 | Win rate (rollout): 0.88 | Loss: 0.068 | Opp label coverage: 0.90
Step 4268049/5000000 | Win rate (rollout): 0.33 | Loss: 0.049 | Opp label coverage: 0.77
Step 4268567/5000000 | Win rate (rollout): 0.80 | Loss: 0.054 | Opp label coverage: 0.91
Step 4269079/5000000 | Win rate (rollout): 0.55 | Loss: 0.063 | Opp label coverage: 0.84
Step 4269597/5000000 | Win rate (rollout): 0.40 | Loss: 0.057 | Opp label coverage: 0.89
Step 4270114/5000000 | Win rate (rollout): 0.47 | Loss: 0.047 | Opp label coverage: 0.91
Step 4270626/5000000 | Win rate (rollout): 0.38 | Loss: 0.068 | Opp label coverage: 0.86
Step 4271138/5000000 | Win rate (rollout): 0.47 | Loss: 0.077 | Opp label coverage: 0.79
Step 4271650/5000000 | Win rate (rollout): 0.53 | Loss: 0.098 | Opp label coverage: 0.79
Step 4272162/5000000 | Win rate (rollout): 0.29 | Loss: 0.051 | Opp label coverage: 0.79
Step 4272679/5000000 | Win rate (rollout): 0.86 | Loss: 0.039 | Opp label coverage: 0.93
Step 4273191/5000000 | Win rate (rollout): 0.55 | Loss: 0.074 | Opp label coverage: 0.91
Step 4273703/5000000 | Win rate (rollout): 0.50 | Loss: 0.046 | Opp label coverage: 0.83
Step 4274215/5000000 | Win rate (rollout): 0.27 | Loss: 0.044 | Opp label coverage: 0.78
Step 4274730/5000000 | Win rate (rollout): 0.55 | Loss: 0.090 | Opp label coverage: 0.89
Step 4275242/5000000 | Win rate (rollout): 0.29 | Loss: 0.085 | Opp label coverage: 0.88
Step 4275757/5000000 | Win rate (rollout): 0.47 | Loss: 0.055 | Opp label coverage: 0.90
Step 4276272/5000000 | Win rate (rollout): 0.46 | Loss: 0.047 | Opp label coverage: 0.90
Step 4276784/5000000 | Win rate (rollout): 0.40 | Loss: 0.076 | Opp label coverage: 0.83
Step 4277296/5000000 | Win rate (rollout): 0.75 | Loss: 0.062 | Opp label coverage: 0.85
Step 4277814/5000000 | Win rate (rollout): 0.60 | Loss: 0.087 | Opp label coverage: 0.88
Step 4278326/5000000 | Win rate (rollout): 0.36 | Loss: 0.068 | Opp label coverage: 0.82
Step 4278838/5000000 | Win rate (rollout): 0.47 | Loss: 0.094 | Opp label coverage: 0.77
Step 4279354/5000000 | Win rate (rollout): 0.50 | Loss: 0.041 | Opp label coverage: 0.90
Step 4279866/5000000 | Win rate (rollout): 0.60 | Loss: 0.065 | Opp label coverage: 0.76
Step 4280380/5000000 | Win rate (rollout): 0.44 | Loss: 0.098 | Opp label coverage: 0.92
Step 4280892/5000000 | Win rate (rollout): 0.60 | Loss: 0.062 | Opp label coverage: 0.79
Step 4281404/5000000 | Win rate (rollout): 0.31 | Loss: 0.100 | Opp label coverage: 0.80
Step 4281916/5000000 | Win rate (rollout): 0.40 | Loss: 0.061 | Opp label coverage: 0.81
Step 4282434/5000000 | Win rate (rollout): 0.75 | Loss: 0.020 | Opp label coverage: 0.92
Step 4282946/5000000 | Win rate (rollout): 0.67 | Loss: 0.037 | Opp label coverage: 0.75
Step 4283458/5000000 | Win rate (rollout): 0.40 | Loss: 0.076 | Opp label coverage: 0.84
Step 4283970/5000000 | Win rate (rollout): 0.33 | Loss: 0.093 | Opp label coverage: 0.80
Step 4284482/5000000 | Win rate (rollout): 0.14 | Loss: 0.018 | Opp label coverage: 0.83
Step 4284998/5000000 | Win rate (rollout): 0.67 | Loss: 0.092 | Opp label coverage: 0.90
Step 4285510/5000000 | Win rate (rollout): 0.31 | Loss: 0.071 | Opp label coverage: 0.76
Step 4286023/5000000 | Win rate (rollout): 0.75 | Loss: 0.013 | Opp label coverage: 0.92
Step 4286535/5000000 | Win rate (rollout): 0.33 | Loss: 0.073 | Opp label coverage: 0.80
Step 4287051/5000000 | Win rate (rollout): 0.33 | Loss: 0.033 | Opp label coverage: 0.92
Step 4287563/5000000 | Win rate (rollout): 0.33 | Loss: 0.063 | Opp label coverage: 0.90
Step 4288075/5000000 | Win rate (rollout): 0.83 | Loss: 0.043 | Opp label coverage: 0.81
Step 4288589/5000000 | Win rate (rollout): 0.33 | Loss: 0.043 | Opp label coverage: 0.89
Step 4289106/5000000 | Win rate (rollout): 0.71 | Loss: 0.072 | Opp label coverage: 0.90
Step 4289625/5000000 | Win rate (rollout): 0.64 | Loss: 0.029 | Opp label coverage: 0.90
Step 4290137/5000000 | Win rate (rollout): 0.60 | Loss: 0.066 | Opp label coverage: 0.83
Step 4290649/5000000 | Win rate (rollout): 0.50 | Loss: 0.059 | Opp label coverage: 0.79
Step 4291163/5000000 | Win rate (rollout): 0.50 | Loss: 0.116 | Opp label coverage: 0.90
Step 4291677/5000000 | Win rate (rollout): 0.27 | Loss: 0.096 | Opp label coverage: 0.90
Step 4292191/5000000 | Win rate (rollout): 0.50 | Loss: 0.031 | Opp label coverage: 0.91
Step 4292703/5000000 | Win rate (rollout): 0.38 | Loss: 0.042 | Opp label coverage: 0.85
Step 4293215/5000000 | Win rate (rollout): 0.46 | Loss: 0.054 | Opp label coverage: 0.77
Step 4293727/5000000 | Win rate (rollout): 0.79 | Loss: 0.060 | Opp label coverage: 0.79
Step 4294239/5000000 | Win rate (rollout): 0.38 | Loss: 0.062 | Opp label coverage: 0.81
Step 4294757/5000000 | Win rate (rollout): 0.45 | Loss: 0.123 | Opp label coverage: 0.90
Step 4295270/5000000 | Win rate (rollout): 0.62 | Loss: 0.140 | Opp label coverage: 0.89
Step 4295785/5000000 | Win rate (rollout): 0.60 | Loss: 0.036 | Opp label coverage: 0.92
Step 4296297/5000000 | Win rate (rollout): 0.31 | Loss: 0.055 | Opp label coverage: 0.78
Step 4296812/5000000 | Win rate (rollout): 0.55 | Loss: 0.043 | Opp label coverage: 0.90
Step 4297324/5000000 | Win rate (rollout): 0.62 | Loss: 0.048 | Opp label coverage: 0.92
Step 4297837/5000000 | Win rate (rollout): 0.80 | Loss: 0.115 | Opp label coverage: 0.93
Step 4298349/5000000 | Win rate (rollout): 0.15 | Loss: 0.058 | Opp label coverage: 0.80
Step 4298868/5000000 | Win rate (rollout): 0.40 | Loss: 0.029 | Opp label coverage: 0.89
Step 4299382/5000000 | Win rate (rollout): 0.25 | Loss: 0.102 | Opp label coverage: 0.88
Step 4299894/5000000 | Win rate (rollout): 0.50 | Loss: 0.088 | Opp label coverage: 0.89
Step 4300406/5000000 | Win rate (rollout): 0.45 | Loss: 0.060 | Opp label coverage: 0.85
Step 4300921/5000000 | Win rate (rollout): 0.86 | Loss: 0.048 | Opp label coverage: 0.91
Step 4301437/5000000 | Win rate (rollout): 0.54 | Loss: 0.042 | Opp label coverage: 0.90
Step 4301949/5000000 | Win rate (rollout): 0.36 | Loss: 0.070 | Opp label coverage: 0.74
Step 4302461/5000000 | Win rate (rollout): 0.57 | Loss: 0.095 | Opp label coverage: 0.81
Step 4302973/5000000 | Win rate (rollout): 0.44 | Loss: 0.063 | Opp label coverage: 0.83
Step 4303485/5000000 | Win rate (rollout): 0.30 | Loss: 0.074 | Opp label coverage: 0.80
Step 4303997/5000000 | Win rate (rollout): 0.19 | Loss: 0.049 | Opp label coverage: 0.75
Step 4304510/5000000 | Win rate (rollout): 0.50 | Loss: 0.079 | Opp label coverage: 0.89
Step 4305025/5000000 | Win rate (rollout): 0.46 | Loss: 0.050 | Opp label coverage: 0.91
Step 4305537/5000000 | Win rate (rollout): 0.57 | Loss: 0.068 | Opp label coverage: 0.81
Step 4306055/5000000 | Win rate (rollout): 0.50 | Loss: 0.032 | Opp label coverage: 0.91
Step 4306567/5000000 | Win rate (rollout): 0.38 | Loss: 0.066 | Opp label coverage: 0.79
Step 4307079/5000000 | Win rate (rollout): 0.27 | Loss: 0.045 | Opp label coverage: 0.83
Step 4307591/5000000 | Win rate (rollout): 0.38 | Loss: 0.064 | Opp label coverage: 0.83
Step 4308105/5000000 | Win rate (rollout): 0.64 | Loss: 0.107 | Opp label coverage: 0.89
Step 4308617/5000000 | Win rate (rollout): 0.42 | Loss: 0.074 | Opp label coverage: 0.80
Step 4309132/5000000 | Win rate (rollout): 0.75 | Loss: 0.048 | Opp label coverage: 0.92
Step 4309644/5000000 | Win rate (rollout): 0.29 | Loss: 0.040 | Opp label coverage: 0.81
Step 4310156/5000000 | Win rate (rollout): 0.23 | Loss: 0.071 | Opp label coverage: 0.82
Step 4310668/5000000 | Win rate (rollout): 0.44 | Loss: 0.061 | Opp label coverage: 0.81
Step 4311185/5000000 | Win rate (rollout): 0.75 | Loss: 0.033 | Opp label coverage: 0.91
Step 4311697/5000000 | Win rate (rollout): 0.60 | Loss: 0.053 | Opp label coverage: 0.91
Step 4312209/5000000 | Win rate (rollout): 0.36 | Loss: 0.070 | Opp label coverage: 0.76
Step 4312728/5000000 | Win rate (rollout): 0.67 | Loss: 0.080 | Opp label coverage: 0.92
Step 4313240/5000000 | Win rate (rollout): 0.17 | Loss: 0.057 | Opp label coverage: 0.79
Step 4313753/5000000 | Win rate (rollout): 0.44 | Loss: 0.103 | Opp label coverage: 0.90
Step 4314270/5000000 | Win rate (rollout): 0.42 | Loss: 0.052 | Opp label coverage: 0.89
Step 4314784/5000000 | Win rate (rollout): 0.36 | Loss: 0.035 | Opp label coverage: 0.91
Step 4315296/5000000 | Win rate (rollout): 0.25 | Loss: 0.075 | Opp label coverage: 0.83
Step 4315810/5000000 | Win rate (rollout): 0.25 | Loss: 0.090 | Opp label coverage: 0.90
Step 4316322/5000000 | Win rate (rollout): 0.69 | Loss: 0.070 | Opp label coverage: 0.91
Step 4316834/5000000 | Win rate (rollout): 0.38 | Loss: 0.051 | Opp label coverage: 0.89
Step 4317346/5000000 | Win rate (rollout): 0.36 | Loss: 0.084 | Opp label coverage: 0.82
Step 4317865/5000000 | Win rate (rollout): 0.70 | Loss: 0.105 | Opp label coverage: 0.90
Step 4318377/5000000 | Win rate (rollout): 0.57 | Loss: 0.017 | Opp label coverage: 0.73
Step 4318890/5000000 | Win rate (rollout): 0.25 | Loss: 0.105 | Opp label coverage: 0.90
Step 4319402/5000000 | Win rate (rollout): 0.45 | Loss: 0.085 | Opp label coverage: 0.81
Step 4319920/5000000 | Win rate (rollout): 0.56 | Loss: 0.029 | Opp label coverage: 0.90
Step 4320436/5000000 | Win rate (rollout): 0.57 | Loss: 0.049 | Opp label coverage: 0.88
Step 4320949/5000000 | Win rate (rollout): 0.27 | Loss: 0.008 | Opp label coverage: 0.92
Step 4321461/5000000 | Win rate (rollout): 0.53 | Loss: 0.085 | Opp label coverage: 0.81
Step 4321973/5000000 | Win rate (rollout): 0.82 | Loss: 0.069 | Opp label coverage: 0.82
Step 4322492/5000000 | Win rate (rollout): 0.44 | Loss: 0.080 | Opp label coverage: 0.89
Step 4323010/5000000 | Win rate (rollout): 0.62 | Loss: 0.043 | Opp label coverage: 0.90
Step 4323522/5000000 | Win rate (rollout): 0.40 | Loss: 0.085 | Opp label coverage: 0.81
Step 4324034/5000000 | Win rate (rollout): 0.50 | Loss: 0.089 | Opp label coverage: 0.83
Step 4324546/5000000 | Win rate (rollout): 0.35 | Loss: 0.082 | Opp label coverage: 0.81
Step 4325064/5000000 | Win rate (rollout): 0.40 | Loss: 0.086 | Opp label coverage: 0.88
Step 4325576/5000000 | Win rate (rollout): 0.44 | Loss: 0.035 | Opp label coverage: 0.79
Step 4326090/5000000 | Win rate (rollout): 0.33 | Loss: 0.077 | Opp label coverage: 0.89
Step 4326602/5000000 | Win rate (rollout): 0.50 | Loss: 0.086 | Opp label coverage: 0.82
Step 4327118/5000000 | Win rate (rollout): 0.56 | Loss: 0.020 | Opp label coverage: 0.91
Step 4327630/5000000 | Win rate (rollout): 0.25 | Loss: 0.035 | Opp label coverage: 0.83
Step 4328142/5000000 | Win rate (rollout): 0.38 | Loss: 0.064 | Opp label coverage: 0.78
Step 4328661/5000000 | Win rate (rollout): 0.22 | Loss: 0.071 | Opp label coverage: 0.90
Step 4329173/5000000 | Win rate (rollout): 0.56 | Loss: 0.075 | Opp label coverage: 0.80
Step 4329685/5000000 | Win rate (rollout): 0.35 | Loss: 0.078 | Opp label coverage: 0.82
Step 4330204/5000000 | Win rate (rollout): 0.89 | Loss: 0.090 | Opp label coverage: 0.90
Step 4330722/5000000 | Win rate (rollout): 0.64 | Loss: 0.057 | Opp label coverage: 0.91
Step 4331235/5000000 | Win rate (rollout): 0.54 | Loss: 0.044 | Opp label coverage: 0.90
Step 4331753/5000000 | Win rate (rollout): 0.23 | Loss: 0.032 | Opp label coverage: 0.90
Step 4332269/5000000 | Win rate (rollout): 0.54 | Loss: 0.057 | Opp label coverage: 0.90
Step 4332781/5000000 | Win rate (rollout): 0.67 | Loss: 0.058 | Opp label coverage: 0.75
Step 4333293/5000000 | Win rate (rollout): 0.45 | Loss: 0.059 | Opp label coverage: 0.79
Step 4333805/5000000 | Win rate (rollout): 0.30 | Loss: 0.070 | Opp label coverage: 0.81
Step 4334324/5000000 | Win rate (rollout): 0.40 | Loss: 0.074 | Opp label coverage: 0.90
Step 4334836/5000000 | Win rate (rollout): 0.44 | Loss: 0.060 | Opp label coverage: 0.82
Step 4335348/5000000 | Win rate (rollout): 0.33 | Loss: 0.049 | Opp label coverage: 0.87
Step 4335860/5000000 | Win rate (rollout): 0.62 | Loss: 0.050 | Opp label coverage: 0.90
Step 4336372/5000000 | Win rate (rollout): 0.62 | Loss: 0.077 | Opp label coverage: 0.78
Step 4336884/5000000 | Win rate (rollout): 0.60 | Loss: 0.042 | Opp label coverage: 0.89
Step 4337400/5000000 | Win rate (rollout): 0.64 | Loss: 0.038 | Opp label coverage: 0.90
Step 4337913/5000000 | Win rate (rollout): 0.46 | Loss: -0.009 | Opp label coverage: 0.90
Step 4338429/5000000 | Win rate (rollout): 0.50 | Loss: 0.028 | Opp label coverage: 0.91
Step 4338941/5000000 | Win rate (rollout): 0.27 | Loss: 0.065 | Opp label coverage: 0.79
Step 4339453/5000000 | Win rate (rollout): 0.20 | Loss: 0.048 | Opp label coverage: 0.82
Step 4339965/5000000 | Win rate (rollout): 0.20 | Loss: 0.057 | Opp label coverage: 0.80
Step 4340477/5000000 | Win rate (rollout): 0.50 | Loss: 0.054 | Opp label coverage: 0.90
Step 4340991/5000000 | Win rate (rollout): 0.38 | Loss: 0.101 | Opp label coverage: 0.90
Step 4341503/5000000 | Win rate (rollout): 0.55 | Loss: 0.063 | Opp label coverage: 0.86
Step 4342015/5000000 | Win rate (rollout): 0.60 | Loss: 0.065 | Opp label coverage: 0.90
Step 4342527/5000000 | Win rate (rollout): 0.67 | Loss: 0.062 | Opp label coverage: 0.82
Step 4343039/5000000 | Win rate (rollout): 0.38 | Loss: 0.058 | Opp label coverage: 0.91
Step 4343551/5000000 | Win rate (rollout): 0.30 | Loss: 0.055 | Opp label coverage: 0.82
Step 4344063/5000000 | Win rate (rollout): 0.23 | Loss: 0.066 | Opp label coverage: 0.80
Step 4344582/5000000 | Win rate (rollout): 0.36 | Loss: 0.072 | Opp label coverage: 0.88
Step 4345094/5000000 | Win rate (rollout): 0.50 | Loss: 0.051 | Opp label coverage: 0.81
Step 4345607/5000000 | Win rate (rollout): 0.43 | Loss: 0.041 | Opp label coverage: 0.91
Step 4346121/5000000 | Win rate (rollout): 0.67 | Loss: 0.108 | Opp label coverage: 0.88
Step 4346635/5000000 | Win rate (rollout): 0.40 | Loss: 0.055 | Opp label coverage: 0.90
Step 4347147/5000000 | Win rate (rollout): 0.14 | Loss: 0.045 | Opp label coverage: 0.83
Step 4347659/5000000 | Win rate (rollout): 0.47 | Loss: 0.088 | Opp label coverage: 0.79
Step 4348173/5000000 | Win rate (rollout): 0.56 | Loss: 0.054 | Opp label coverage: 0.90
Step 4348687/5000000 | Win rate (rollout): 0.46 | Loss: 0.071 | Opp label coverage: 0.90
Step 4349200/5000000 | Win rate (rollout): 0.60 | Loss: 0.147 | Opp label coverage: 0.89
Step 4349718/5000000 | Win rate (rollout): 0.67 | Loss: 0.011 | Opp label coverage: 0.89
Step 4350230/5000000 | Win rate (rollout): 0.18 | Loss: 0.053 | Opp label coverage: 0.80
Step 4350745/5000000 | Win rate (rollout): 0.64 | Loss: 0.049 | Opp label coverage: 0.90
Step 4351258/5000000 | Win rate (rollout): 0.62 | Loss: 0.039 | Opp label coverage: 0.91
Step 4351770/5000000 | Win rate (rollout): 0.27 | Loss: 0.048 | Opp label coverage: 0.79
Step 4352283/5000000 | Win rate (rollout): 0.22 | Loss: -0.007 | Opp label coverage: 0.90
Step 4352795/5000000 | Win rate (rollout): 0.50 | Loss: 0.080 | Opp label coverage: 0.83
Step 4353307/5000000 | Win rate (rollout): 0.82 | Loss: 0.058 | Opp label coverage: 0.75
Step 4353821/5000000 | Win rate (rollout): 0.67 | Loss: 0.068 | Opp label coverage: 0.92
Step 4354338/5000000 | Win rate (rollout): 0.71 | Loss: 0.064 | Opp label coverage: 0.90
Step 4354850/5000000 | Win rate (rollout): 0.50 | Loss: 0.050 | Opp label coverage: 0.90
Step 4355368/5000000 | Win rate (rollout): 0.62 | Loss: 0.039 | Opp label coverage: 0.92
Step 4355881/5000000 | Win rate (rollout): 0.40 | Loss: -0.036 | Opp label coverage: 0.91
Step 4356394/5000000 | Win rate (rollout): 0.82 | Loss: 0.074 | Opp label coverage: 0.90
Step 4356907/5000000 | Win rate (rollout): 0.46 | Loss: -0.040 | Opp label coverage: 0.92
Step 4357419/5000000 | Win rate (rollout): 0.50 | Loss: 0.076 | Opp label coverage: 0.92
Step 4357934/5000000 | Win rate (rollout): 0.54 | Loss: 0.026 | Opp label coverage: 0.91
Step 4358446/5000000 | Win rate (rollout): 0.33 | Loss: 0.039 | Opp label coverage: 0.74
Step 4358958/5000000 | Win rate (rollout): 0.75 | Loss: 0.037 | Opp label coverage: 0.83
Step 4359474/5000000 | Win rate (rollout): 0.29 | Loss: 0.049 | Opp label coverage: 0.90
Step 4359989/5000000 | Win rate (rollout): 0.54 | Loss: 0.035 | Opp label coverage: 0.92
Step 4360505/5000000 | Win rate (rollout): 0.43 | Loss: 0.064 | Opp label coverage: 0.90
Step 4361018/5000000 | Win rate (rollout): 0.69 | Loss: 0.075 | Opp label coverage: 0.91
Step 4361530/5000000 | Win rate (rollout): 0.45 | Loss: 0.094 | Opp label coverage: 0.91
Step 4362042/5000000 | Win rate (rollout): 0.56 | Loss: 0.055 | Opp label coverage: 0.81
Step 4362554/5000000 | Win rate (rollout): 0.50 | Loss: 0.057 | Opp label coverage: 0.76
Step 4363072/5000000 | Win rate (rollout): 0.38 | Loss: 0.063 | Opp label coverage: 0.91
Step 4363590/5000000 | Win rate (rollout): 0.17 | Loss: 0.112 | Opp label coverage: 0.89
Step 4364102/5000000 | Win rate (rollout): 0.18 | Loss: 0.088 | Opp label coverage: 0.82
Step 4364619/5000000 | Win rate (rollout): 0.80 | Loss: 0.063 | Opp label coverage: 0.92
Step 4365131/5000000 | Win rate (rollout): 0.54 | Loss: 0.069 | Opp label coverage: 0.90
Step 4365645/5000000 | Win rate (rollout): 0.64 | Loss: 0.096 | Opp label coverage: 0.92
Step 4366162/5000000 | Win rate (rollout): 0.58 | Loss: 0.049 | Opp label coverage: 0.89
Step 4366674/5000000 | Win rate (rollout): 0.42 | Loss: 0.076 | Opp label coverage: 0.81
Step 4367189/5000000 | Win rate (rollout): 0.38 | Loss: 0.072 | Opp label coverage: 0.90
Step 4367701/5000000 | Win rate (rollout): 0.46 | Loss: 0.056 | Opp label coverage: 0.88
Step 4368213/5000000 | Win rate (rollout): 0.36 | Loss: 0.052 | Opp label coverage: 0.79
Step 4368725/5000000 | Win rate (rollout): 0.62 | Loss: 0.039 | Opp label coverage: 0.92
Step 4369237/5000000 | Win rate (rollout): 0.56 | Loss: 0.050 | Opp label coverage: 0.81
Step 4369754/5000000 | Win rate (rollout): 0.38 | Loss: 0.080 | Opp label coverage: 0.88
Step 4370266/5000000 | Win rate (rollout): 0.42 | Loss: 0.090 | Opp label coverage: 0.83
Step 4370778/5000000 | Win rate (rollout): 0.62 | Loss: 0.050 | Opp label coverage: 0.76
Step 4371291/5000000 | Win rate (rollout): 0.78 | Loss: 0.021 | Opp label coverage: 0.91
Step 4371803/5000000 | Win rate (rollout): 0.38 | Loss: 0.062 | Opp label coverage: 0.78
Step 4372315/5000000 | Win rate (rollout): 0.46 | Loss: 0.074 | Opp label coverage: 0.76
Step 4372831/5000000 | Win rate (rollout): 0.67 | Loss: 0.028 | Opp label coverage: 0.92
Step 4373345/5000000 | Win rate (rollout): 0.54 | Loss: 0.013 | Opp label coverage: 0.91
Step 4373857/5000000 | Win rate (rollout): 0.50 | Loss: 0.061 | Opp label coverage: 0.80
Step 4374369/5000000 | Win rate (rollout): 0.50 | Loss: 0.047 | Opp label coverage: 0.78
Step 4374881/5000000 | Win rate (rollout): 0.18 | Loss: 0.080 | Opp label coverage: 0.80
Step 4375393/5000000 | Win rate (rollout): 0.55 | Loss: 0.067 | Opp label coverage: 0.82
Step 4375910/5000000 | Win rate (rollout): 0.38 | Loss: 0.050 | Opp label coverage: 0.90
Step 4376426/5000000 | Win rate (rollout): 0.31 | Loss: 0.076 | Opp label coverage: 0.91
Step 4376940/5000000 | Win rate (rollout): 0.55 | Loss: 0.066 | Opp label coverage: 0.91
Step 4377458/5000000 | Win rate (rollout): 0.31 | Loss: 0.025 | Opp label coverage: 0.90
Step 4377972/5000000 | Win rate (rollout): 0.62 | Loss: 0.090 | Opp label coverage: 0.90
Step 4378484/5000000 | Win rate (rollout): 0.25 | Loss: 0.060 | Opp label coverage: 0.84
Step 4379001/5000000 | Win rate (rollout): 0.55 | Loss: 0.029 | Opp label coverage: 0.88
Step 4379515/5000000 | Win rate (rollout): 0.56 | Loss: 0.059 | Opp label coverage: 0.89
Step 4380027/5000000 | Win rate (rollout): 0.30 | Loss: 0.079 | Opp label coverage: 0.78
Step 4380539/5000000 | Win rate (rollout): 0.50 | Loss: 0.073 | Opp label coverage: 0.74
Step 4381051/5000000 | Win rate (rollout): 0.56 | Loss: 0.065 | Opp label coverage: 0.81
Step 4381567/5000000 | Win rate (rollout): 0.70 | Loss: 0.081 | Opp label coverage: 0.90
Step 4382081/5000000 | Win rate (rollout): 0.53 | Loss: 0.059 | Opp label coverage: 0.89
Step 4382598/5000000 | Win rate (rollout): 0.45 | Loss: 0.082 | Opp label coverage: 0.92
Step 4383110/5000000 | Win rate (rollout): 0.50 | Loss: 0.047 | Opp label coverage: 0.88
Step 4383625/5000000 | Win rate (rollout): 0.50 | Loss: 0.046 | Opp label coverage: 0.91
Step 4384138/5000000 | Win rate (rollout): 0.69 | Loss: 0.060 | Opp label coverage: 0.93
Step 4384650/5000000 | Win rate (rollout): 0.20 | Loss: 0.062 | Opp label coverage: 0.76
Step 4385162/5000000 | Win rate (rollout): 0.25 | Loss: 0.073 | Opp label coverage: 0.79
Step 4385674/5000000 | Win rate (rollout): 0.46 | Loss: 0.090 | Opp label coverage: 0.77
Step 4386188/5000000 | Win rate (rollout): 0.33 | Loss: -0.013 | Opp label coverage: 0.90
Step 4386700/5000000 | Win rate (rollout): 0.36 | Loss: 0.036 | Opp label coverage: 0.80
Step 4387212/5000000 | Win rate (rollout): 0.33 | Loss: 0.045 | Opp label coverage: 0.91
Step 4387724/5000000 | Win rate (rollout): 0.29 | Loss: 0.053 | Opp label coverage: 0.77
Step 4388236/5000000 | Win rate (rollout): 0.30 | Loss: 0.044 | Opp label coverage: 0.77
Step 4388750/5000000 | Win rate (rollout): 0.38 | Loss: -0.007 | Opp label coverage: 0.90
Step 4389264/5000000 | Win rate (rollout): 0.70 | Loss: 0.040 | Opp label coverage: 0.91
Step 4389781/5000000 | Win rate (rollout): 0.64 | Loss: 0.128 | Opp label coverage: 0.92
Step 4390293/5000000 | Win rate (rollout): 0.69 | Loss: 0.039 | Opp label coverage: 0.90
Step 4390811/5000000 | Win rate (rollout): 0.57 | Loss: 0.039 | Opp label coverage: 0.90
Step 4391326/5000000 | Win rate (rollout): 0.54 | Loss: 0.104 | Opp label coverage: 0.90
Step 4391840/5000000 | Win rate (rollout): 0.79 | Loss: 0.093 | Opp label coverage: 0.92
Step 4392353/5000000 | Win rate (rollout): 0.79 | Loss: 0.103 | Opp label coverage: 0.89
Step 4392868/5000000 | Win rate (rollout): 0.73 | Loss: 0.037 | Opp label coverage: 0.90
Step 4393382/5000000 | Win rate (rollout): 0.58 | Loss: 0.061 | Opp label coverage: 0.90
Step 4393894/5000000 | Win rate (rollout): 0.36 | Loss: 0.071 | Opp label coverage: 0.80
Step 4394406/5000000 | Win rate (rollout): 1.00 | Loss: 0.047 | Opp label coverage: 0.91
Step 4394919/5000000 | Win rate (rollout): 0.53 | Loss: 0.010 | Opp label coverage: 0.90
Step 4395431/5000000 | Win rate (rollout): 0.62 | Loss: 0.049 | Opp label coverage: 0.77
Step 4395944/5000000 | Win rate (rollout): 0.33 | Loss: -0.029 | Opp label coverage: 0.92
Step 4396461/5000000 | Win rate (rollout): 0.58 | Loss: 0.053 | Opp label coverage: 0.92
Step 4396976/5000000 | Win rate (rollout): 0.45 | Loss: 0.052 | Opp label coverage: 0.91
Step 4397488/5000000 | Win rate (rollout): 0.38 | Loss: 0.057 | Opp label coverage: 0.90
Step 4398000/5000000 | Win rate (rollout): 0.62 | Loss: 0.034 | Opp label coverage: 0.90
Step 4398513/5000000 | Win rate (rollout): 0.43 | Loss: -0.063 | Opp label coverage: 0.91
Step 4399031/5000000 | Win rate (rollout): 0.57 | Loss: 0.046 | Opp label coverage: 0.89
Step 4399543/5000000 | Win rate (rollout): 0.25 | Loss: 0.076 | Opp label coverage: 0.81
Step 4400055/5000000 | Win rate (rollout): 0.43 | Loss: 0.057 | Opp label coverage: 0.83
Step 4400567/5000000 | Win rate (rollout): 0.65 | Loss: 0.095 | Opp label coverage: 0.81
Step 4401079/5000000 | Win rate (rollout): 0.50 | Loss: 0.030 | Opp label coverage: 0.82
Step 4401596/5000000 | Win rate (rollout): 0.57 | Loss: 0.025 | Opp label coverage: 0.91
Step 4402108/5000000 | Win rate (rollout): 0.45 | Loss: 0.074 | Opp label coverage: 0.82
Step 4402620/5000000 | Win rate (rollout): 0.07 | Loss: 0.045 | Opp label coverage: 0.83
Step 4403132/5000000 | Win rate (rollout): 0.50 | Loss: 0.082 | Opp label coverage: 0.73
Step 4403644/5000000 | Win rate (rollout): 0.46 | Loss: 0.079 | Opp label coverage: 0.78
Step 4404156/5000000 | Win rate (rollout): 0.71 | Loss: 0.076 | Opp label coverage: 0.80
Step 4404668/5000000 | Win rate (rollout): 0.50 | Loss: 0.078 | Opp label coverage: 0.78
Step 4405180/5000000 | Win rate (rollout): 0.67 | Loss: 0.023 | Opp label coverage: 0.83
Step 4405694/5000000 | Win rate (rollout): 0.44 | Loss: 0.036 | Opp label coverage: 0.89
Step 4406206/5000000 | Win rate (rollout): 0.36 | Loss: 0.060 | Opp label coverage: 0.80
Step 4406718/5000000 | Win rate (rollout): 0.33 | Loss: 0.074 | Opp label coverage: 0.81
Step 4407230/5000000 | Win rate (rollout): 0.56 | Loss: 0.080 | Opp label coverage: 0.80
Step 4407742/5000000 | Win rate (rollout): 0.55 | Loss: 0.081 | Opp label coverage: 0.79
Step 4408255/5000000 | Win rate (rollout): 0.42 | Loss: 0.069 | Opp label coverage: 0.89
Step 4408767/5000000 | Win rate (rollout): 0.71 | Loss: 0.097 | Opp label coverage: 0.81
Step 4409280/5000000 | Win rate (rollout): 0.18 | Loss: 0.049 | Opp label coverage: 0.89
Step 4409796/5000000 | Win rate (rollout): 0.57 | Loss: 0.017 | Opp label coverage: 0.90
Step 4410311/5000000 | Win rate (rollout): 0.40 | Loss: 0.089 | Opp label coverage: 0.90
Step 4410823/5000000 | Win rate (rollout): 0.67 | Loss: 0.045 | Opp label coverage: 0.91
Step 4411338/5000000 | Win rate (rollout): 0.60 | Loss: 0.082 | Opp label coverage: 0.90
Step 4411850/5000000 | Win rate (rollout): 0.33 | Loss: 0.078 | Opp label coverage: 0.84
Step 4412364/5000000 | Win rate (rollout): 0.89 | Loss: 0.007 | Opp label coverage: 0.90
Step 4412876/5000000 | Win rate (rollout): 0.30 | Loss: 0.071 | Opp label coverage: 0.84
Step 4413392/5000000 | Win rate (rollout): 0.30 | Loss: 0.060 | Opp label coverage: 0.90
Step 4413904/5000000 | Win rate (rollout): 0.50 | Loss: 0.046 | Opp label coverage: 0.90
Step 4414418/5000000 | Win rate (rollout): 0.54 | Loss: 0.094 | Opp label coverage: 0.92
Step 4414930/5000000 | Win rate (rollout): 0.89 | Loss: 0.069 | Opp label coverage: 0.82
Step 4415442/5000000 | Win rate (rollout): 0.36 | Loss: 0.051 | Opp label coverage: 0.82
Step 4415957/5000000 | Win rate (rollout): 0.36 | Loss: 0.011 | Opp label coverage: 0.90
Step 4416469/5000000 | Win rate (rollout): 0.45 | Loss: 0.090 | Opp label coverage: 0.79
Step 4416988/5000000 | Win rate (rollout): 0.73 | Loss: 0.057 | Opp label coverage: 0.90
Step 4417504/5000000 | Win rate (rollout): 0.50 | Loss: -0.019 | Opp label coverage: 0.89
Step 4418016/5000000 | Win rate (rollout): 0.50 | Loss: 0.061 | Opp label coverage: 0.85
Step 4418531/5000000 | Win rate (rollout): 0.71 | Loss: 0.063 | Opp label coverage: 0.90
Step 4419043/5000000 | Win rate (rollout): 0.50 | Loss: 0.063 | Opp label coverage: 0.84
Step 4419555/5000000 | Win rate (rollout): 0.58 | Loss: 0.060 | Opp label coverage: 0.84
Step 4420070/5000000 | Win rate (rollout): 0.33 | Loss: 0.047 | Opp label coverage: 0.90
Step 4420589/5000000 | Win rate (rollout): 0.60 | Loss: 0.048 | Opp label coverage: 0.90
Step 4421101/5000000 | Win rate (rollout): 0.29 | Loss: 0.078 | Opp label coverage: 0.89
Step 4421613/5000000 | Win rate (rollout): 0.50 | Loss: 0.055 | Opp label coverage: 0.90
Step 4422129/5000000 | Win rate (rollout): 0.38 | Loss: 0.056 | Opp label coverage: 0.89
Step 4422641/5000000 | Win rate (rollout): 0.60 | Loss: 0.056 | Opp label coverage: 0.93
Step 4423153/5000000 | Win rate (rollout): 0.46 | Loss: 0.049 | Opp label coverage: 0.79
Step 4423668/5000000 | Win rate (rollout): 0.67 | Loss: 0.093 | Opp label coverage: 0.92
Step 4424180/5000000 | Win rate (rollout): 0.57 | Loss: 0.043 | Opp label coverage: 0.81
Step 4424695/5000000 | Win rate (rollout): 0.82 | Loss: 0.099 | Opp label coverage: 0.90
Step 4425207/5000000 | Win rate (rollout): 0.38 | Loss: 0.060 | Opp label coverage: 0.85
Step 4425719/5000000 | Win rate (rollout): 0.64 | Loss: 0.035 | Opp label coverage: 0.83
Step 4426235/5000000 | Win rate (rollout): 0.67 | Loss: 0.021 | Opp label coverage: 0.91
Step 4426747/5000000 | Win rate (rollout): 0.31 | Loss: 0.059 | Opp label coverage: 0.80
Step 4427259/5000000 | Win rate (rollout): 0.30 | Loss: 0.049 | Opp label coverage: 0.82
Step 4427771/5000000 | Win rate (rollout): 0.45 | Loss: 0.055 | Opp label coverage: 0.82
Step 4428283/5000000 | Win rate (rollout): 0.10 | Loss: 0.054 | Opp label coverage: 0.82
Step 4428795/5000000 | Win rate (rollout): 0.36 | Loss: 0.049 | Opp label coverage: 0.81
Step 4429307/5000000 | Win rate (rollout): 0.30 | Loss: 0.025 | Opp label coverage: 0.84
Step 4429820/5000000 | Win rate (rollout): 0.89 | Loss: -0.009 | Opp label coverage: 0.92
Step 4430339/5000000 | Win rate (rollout): 0.43 | Loss: 0.084 | Opp label coverage: 0.89
Step 4430851/5000000 | Win rate (rollout): 0.57 | Loss: 0.065 | Opp label coverage: 0.90
Step 4431370/5000000 | Win rate (rollout): 0.50 | Loss: 0.078 | Opp label coverage: 0.90
Step 4431884/5000000 | Win rate (rollout): 0.82 | Loss: 0.122 | Opp label coverage: 0.91
Step 4432398/5000000 | Win rate (rollout): 0.64 | Loss: 0.090 | Opp label coverage: 0.91
Step 4432910/5000000 | Win rate (rollout): 0.43 | Loss: 0.063 | Opp label coverage: 0.83
Step 4433422/5000000 | Win rate (rollout): 0.38 | Loss: 0.068 | Opp label coverage: 0.80
Step 4433934/5000000 | Win rate (rollout): 0.57 | Loss: 0.106 | Opp label coverage: 0.80
Step 4434446/5000000 | Win rate (rollout): 0.43 | Loss: 0.044 | Opp label coverage: 0.87
Step 4434964/5000000 | Win rate (rollout): 0.56 | Loss: 0.067 | Opp label coverage: 0.90
Step 4435476/5000000 | Win rate (rollout): 0.50 | Loss: 0.061 | Opp label coverage: 0.83
Step 4435990/5000000 | Win rate (rollout): 0.75 | Loss: 0.088 | Opp label coverage: 0.90
Step 4436505/5000000 | Win rate (rollout): 0.40 | Loss: 0.069 | Opp label coverage: 0.91
Step 4437023/5000000 | Win rate (rollout): 0.46 | Loss: 0.071 | Opp label coverage: 0.89
Step 4437535/5000000 | Win rate (rollout): 0.62 | Loss: 0.036 | Opp label coverage: 0.83
Step 4438047/5000000 | Win rate (rollout): 0.47 | Loss: 0.062 | Opp label coverage: 0.84
Step 4438562/5000000 | Win rate (rollout): 0.33 | Loss: 0.029 | Opp label coverage: 0.90
Step 4439077/5000000 | Win rate (rollout): 0.50 | Loss: 0.085 | Opp label coverage: 0.89
Step 4439592/5000000 | Win rate (rollout): 0.55 | Loss: 0.093 | Opp label coverage: 0.90
Step 4440104/5000000 | Win rate (rollout): 0.23 | Loss: 0.040 | Opp label coverage: 0.78
Step 4440616/5000000 | Win rate (rollout): 0.70 | Loss: 0.040 | Opp label coverage: 0.90
Step 4441128/5000000 | Win rate (rollout): 0.67 | Loss: 0.046 | Opp label coverage: 0.80
Step 4441646/5000000 | Win rate (rollout): 0.78 | Loss: 0.060 | Opp label coverage: 0.89
Step 4442158/5000000 | Win rate (rollout): 0.89 | Loss: 0.056 | Opp label coverage: 0.77
Step 4442670/5000000 | Win rate (rollout): 0.27 | Loss: 0.058 | Opp label coverage: 0.82
Step 4443187/5000000 | Win rate (rollout): 0.33 | Loss: 0.048 | Opp label coverage: 0.88
Step 4443699/5000000 | Win rate (rollout): 0.45 | Loss: 0.076 | Opp label coverage: 0.82
Step 4444211/5000000 | Win rate (rollout): 0.36 | Loss: 0.049 | Opp label coverage: 0.82
Step 4444724/5000000 | Win rate (rollout): 0.56 | Loss: 0.061 | Opp label coverage: 0.91
Step 4445236/5000000 | Win rate (rollout): 0.42 | Loss: 0.072 | Opp label coverage: 0.84
Step 4445748/5000000 | Win rate (rollout): 0.50 | Loss: 0.076 | Opp label coverage: 0.78
Step 4446262/5000000 | Win rate (rollout): 0.56 | Loss: 0.011 | Opp label coverage: 0.90
Step 4446774/5000000 | Win rate (rollout): 0.56 | Loss: 0.079 | Opp label coverage: 0.84
Step 4447287/5000000 | Win rate (rollout): 0.78 | Loss: 0.039 | Opp label coverage: 0.91
Step 4447803/5000000 | Win rate (rollout): 0.36 | Loss: 0.130 | Opp label coverage: 0.87
Step 4448320/5000000 | Win rate (rollout): 0.67 | Loss: 0.077 | Opp label coverage: 0.91
Step 4448832/5000000 | Win rate (rollout): 0.50 | Loss: 0.066 | Opp label coverage: 0.79
Step 4449344/5000000 | Win rate (rollout): 0.56 | Loss: 0.018 | Opp label coverage: 0.78
Step 4449859/5000000 | Win rate (rollout): 0.67 | Loss: 0.015 | Opp label coverage: 0.90
Step 4450374/5000000 | Win rate (rollout): 0.73 | Loss: 0.071 | Opp label coverage: 0.90
Step 4450886/5000000 | Win rate (rollout): 0.90 | Loss: 0.038 | Opp label coverage: 0.83
Step 4451399/5000000 | Win rate (rollout): 0.36 | Loss: 0.067 | Opp label coverage: 0.90
Step 4451917/5000000 | Win rate (rollout): 0.62 | Loss: 0.061 | Opp label coverage: 0.90
Step 4452429/5000000 | Win rate (rollout): 0.20 | Loss: 0.061 | Opp label coverage: 0.80
Step 4452947/5000000 | Win rate (rollout): 0.50 | Loss: 0.055 | Opp label coverage: 0.91
Step 4453459/5000000 | Win rate (rollout): 0.62 | Loss: 0.064 | Opp label coverage: 0.83
Step 4453971/5000000 | Win rate (rollout): 0.38 | Loss: 0.063 | Opp label coverage: 0.77
Step 4454483/5000000 | Win rate (rollout): 0.46 | Loss: 0.089 | Opp label coverage: 0.77
Step 4454996/5000000 | Win rate (rollout): 0.44 | Loss: 0.083 | Opp label coverage: 0.89
Step 4455513/5000000 | Win rate (rollout): 0.60 | Loss: 0.075 | Opp label coverage: 0.91
Step 4456027/5000000 | Win rate (rollout): 0.62 | Loss: 0.072 | Opp label coverage: 0.90
Step 4456539/5000000 | Win rate (rollout): 0.43 | Loss: 0.045 | Opp label coverage: 0.84
Step 4457051/5000000 | Win rate (rollout): 0.70 | Loss: 0.050 | Opp label coverage: 0.82
Step 4457567/5000000 | Win rate (rollout): 0.40 | Loss: 0.014 | Opp label coverage: 0.91
Step 4458083/5000000 | Win rate (rollout): 0.69 | Loss: 0.111 | Opp label coverage: 0.91
Step 4458598/5000000 | Win rate (rollout): 0.64 | Loss: 0.058 | Opp label coverage: 0.90
Step 4459117/5000000 | Win rate (rollout): 0.53 | Loss: 0.027 | Opp label coverage: 0.91
Step 4459629/5000000 | Win rate (rollout): 0.85 | Loss: 0.066 | Opp label coverage: 0.90
Step 4460141/5000000 | Win rate (rollout): 0.31 | Loss: 0.098 | Opp label coverage: 0.81
Step 4460658/5000000 | Win rate (rollout): 0.40 | Loss: 0.054 | Opp label coverage: 0.91
Step 4461172/5000000 | Win rate (rollout): 0.50 | Loss: -0.000 | Opp label coverage: 0.90
Step 4461685/5000000 | Win rate (rollout): 0.38 | Loss: 0.109 | Opp label coverage: 0.89
Step 4462197/5000000 | Win rate (rollout): 0.31 | Loss: 0.072 | Opp label coverage: 0.77
Step 4462709/5000000 | Win rate (rollout): 0.40 | Loss: 0.068 | Opp label coverage: 0.80
Step 4463224/5000000 | Win rate (rollout): 0.44 | Loss: 0.062 | Opp label coverage: 0.89
Step 4463736/5000000 | Win rate (rollout): 0.38 | Loss: 0.027 | Opp label coverage: 0.84
Step 4464254/5000000 | Win rate (rollout): 0.67 | Loss: 0.062 | Opp label coverage: 0.89
Step 4464769/5000000 | Win rate (rollout): 0.62 | Loss: 0.044 | Opp label coverage: 0.91
Step 4465282/5000000 | Win rate (rollout): 0.57 | Loss: 0.029 | Opp label coverage: 0.90
Step 4465794/5000000 | Win rate (rollout): 0.55 | Loss: 0.070 | Opp label coverage: 0.79
Step 4466310/5000000 | Win rate (rollout): 0.62 | Loss: 0.034 | Opp label coverage: 0.90
Step 4466822/5000000 | Win rate (rollout): 0.56 | Loss: 0.035 | Opp label coverage: 0.79
Step 4467334/5000000 | Win rate (rollout): 0.44 | Loss: 0.083 | Opp label coverage: 0.81
Step 4467846/5000000 | Win rate (rollout): 0.43 | Loss: 0.097 | Opp label coverage: 0.80
Step 4468365/5000000 | Win rate (rollout): 0.62 | Loss: 0.056 | Opp label coverage: 0.93
Step 4468877/5000000 | Win rate (rollout): 0.67 | Loss: 0.081 | Opp label coverage: 0.83
Step 4469389/5000000 | Win rate (rollout): 0.62 | Loss: 0.064 | Opp label coverage: 0.81
Step 4469907/5000000 | Win rate (rollout): 0.44 | Loss: 0.006 | Opp label coverage: 0.91
Step 4470419/5000000 | Win rate (rollout): 0.75 | Loss: 0.055 | Opp label coverage: 0.73
Step 4470931/5000000 | Win rate (rollout): 0.54 | Loss: 0.056 | Opp label coverage: 0.79
Step 4471444/5000000 | Win rate (rollout): 0.55 | Loss: 0.081 | Opp label coverage: 0.89
Step 4471962/5000000 | Win rate (rollout): 0.60 | Loss: 0.061 | Opp label coverage: 0.89
Step 4472479/5000000 | Win rate (rollout): 0.62 | Loss: 0.066 | Opp label coverage: 0.92
Step 4472995/5000000 | Win rate (rollout): 0.42 | Loss: 0.022 | Opp label coverage: 0.92
Step 4473507/5000000 | Win rate (rollout): 0.64 | Loss: 0.058 | Opp label coverage: 0.84
Step 4474024/5000000 | Win rate (rollout): 0.20 | Loss: 0.064 | Opp label coverage: 0.89
Step 4474536/5000000 | Win rate (rollout): 0.62 | Loss: 0.053 | Opp label coverage: 0.83
Step 4475048/5000000 | Win rate (rollout): 0.31 | Loss: 0.057 | Opp label coverage: 0.80
Step 4475560/5000000 | Win rate (rollout): 0.40 | Loss: 0.079 | Opp label coverage: 0.82
Step 4476073/5000000 | Win rate (rollout): 0.25 | Loss: 0.093 | Opp label coverage: 0.91
Step 4476592/5000000 | Win rate (rollout): 0.57 | Loss: 0.084 | Opp label coverage: 0.91
Step 4477104/5000000 | Win rate (rollout): 0.36 | Loss: 0.072 | Opp label coverage: 0.82
Step 4477616/5000000 | Win rate (rollout): 0.38 | Loss: 0.068 | Opp label coverage: 0.84
Step 4478134/5000000 | Win rate (rollout): 0.22 | Loss: 0.039 | Opp label coverage: 0.90
Step 4478652/5000000 | Win rate (rollout): 0.42 | Loss: 0.059 | Opp label coverage: 0.90
Step 4479164/5000000 | Win rate (rollout): 0.36 | Loss: 0.078 | Opp label coverage: 0.85
Step 4479680/5000000 | Win rate (rollout): 0.50 | Loss: 0.048 | Opp label coverage: 0.90
Step 4480192/5000000 | Win rate (rollout): 0.67 | Loss: 0.045 | Opp label coverage: 0.81
Step 4480704/5000000 | Win rate (rollout): 0.33 | Loss: 0.047 | Opp label coverage: 0.79
Step 4481217/5000000 | Win rate (rollout): 0.38 | Loss: -0.019 | Opp label coverage: 0.89
Step 4481734/5000000 | Win rate (rollout): 0.38 | Loss: 0.066 | Opp label coverage: 0.91
Step 4482246/5000000 | Win rate (rollout): 0.54 | Loss: 0.057 | Opp label coverage: 0.85
Step 4482765/5000000 | Win rate (rollout): 0.55 | Loss: 0.078 | Opp label coverage: 0.90
Step 4483277/5000000 | Win rate (rollout): 0.23 | Loss: 0.095 | Opp label coverage: 0.84
Step 4483789/5000000 | Win rate (rollout): 0.30 | Loss: 0.028 | Opp label coverage: 0.88
Step 4484301/5000000 | Win rate (rollout): 0.43 | Loss: 0.068 | Opp label coverage: 0.80
Step 4484815/5000000 | Win rate (rollout): 0.33 | Loss: 0.057 | Opp label coverage: 0.89
Step 4485327/5000000 | Win rate (rollout): 0.54 | Loss: 0.066 | Opp label coverage: 0.92
Step 4485844/5000000 | Win rate (rollout): 0.73 | Loss: 0.039 | Opp label coverage: 0.91
Step 4486356/5000000 | Win rate (rollout): 0.67 | Loss: 0.055 | Opp label coverage: 0.77
Step 4486873/5000000 | Win rate (rollout): 0.36 | Loss: 0.070 | Opp label coverage: 0.90
Step 4487388/5000000 | Win rate (rollout): 0.42 | Loss: 0.022 | Opp label coverage: 0.89
Step 4487902/5000000 | Win rate (rollout): 0.42 | Loss: 0.061 | Opp label coverage: 0.91
Step 4488414/5000000 | Win rate (rollout): 0.40 | Loss: 0.057 | Opp label coverage: 0.82
Step 4488926/5000000 | Win rate (rollout): 0.42 | Loss: 0.064 | Opp label coverage: 0.79
Step 4489438/5000000 | Win rate (rollout): 0.44 | Loss: 0.113 | Opp label coverage: 0.80
Step 4489950/5000000 | Win rate (rollout): 0.58 | Loss: 0.073 | Opp label coverage: 0.84
Step 4490462/5000000 | Win rate (rollout): 0.40 | Loss: 0.086 | Opp label coverage: 0.86
Step 4490976/5000000 | Win rate (rollout): 0.38 | Loss: 0.052 | Opp label coverage: 0.91
Step 4491488/5000000 | Win rate (rollout): 0.40 | Loss: 0.079 | Opp label coverage: 0.82
Step 4492006/5000000 | Win rate (rollout): 0.40 | Loss: 0.080 | Opp label coverage: 0.91
Step 4492519/5000000 | Win rate (rollout): 0.60 | Loss: 0.015 | Opp label coverage: 0.92
Step 4493031/5000000 | Win rate (rollout): 0.38 | Loss: 0.052 | Opp label coverage: 0.79
Step 4493545/5000000 | Win rate (rollout): 0.44 | Loss: 0.100 | Opp label coverage: 0.91
Step 4494058/5000000 | Win rate (rollout): 0.69 | Loss: 0.109 | Opp label coverage: 0.92
Step 4494570/5000000 | Win rate (rollout): 0.25 | Loss: 0.085 | Opp label coverage: 0.83
Step 4495086/5000000 | Win rate (rollout): 0.57 | Loss: 0.047 | Opp label coverage: 0.90
Step 4495598/5000000 | Win rate (rollout): 0.50 | Loss: 0.073 | Opp label coverage: 0.83
Step 4496110/5000000 | Win rate (rollout): 0.47 | Loss: 0.068 | Opp label coverage: 0.82
Step 4496622/5000000 | Win rate (rollout): 0.80 | Loss: 0.056 | Opp label coverage: 0.80
Step 4497134/5000000 | Win rate (rollout): 0.25 | Loss: 0.071 | Opp label coverage: 0.81
Step 4497648/5000000 | Win rate (rollout): 0.62 | Loss: 0.044 | Opp label coverage: 0.91
Step 4498165/5000000 | Win rate (rollout): 0.54 | Loss: 0.036 | Opp label coverage: 0.91
Step 4498681/5000000 | Win rate (rollout): 0.50 | Loss: 0.050 | Opp label coverage: 0.91
Step 4499198/5000000 | Win rate (rollout): 0.50 | Loss: 0.131 | Opp label coverage: 0.90
Step 4499710/5000000 | Win rate (rollout): 0.30 | Loss: 0.072 | Opp label coverage: 0.83
[checkpoint] Saved models/ppo/checkpoints/bcft/ppo_step_4500066.pt
Step 4500224/5000000 | Win rate (rollout): 0.62 | Loss: 0.013 | Opp label coverage: 0.92
Step 4500736/5000000 | Win rate (rollout): 0.62 | Loss: 0.054 | Opp label coverage: 0.77
Step 4501248/5000000 | Win rate (rollout): 0.10 | Loss: 0.051 | Opp label coverage: 0.79
Step 4501760/5000000 | Win rate (rollout): 0.19 | Loss: 0.055 | Opp label coverage: 0.82
Step 4502273/5000000 | Win rate (rollout): 0.62 | Loss: -0.035 | Opp label coverage: 0.90
Step 4502787/5000000 | Win rate (rollout): 0.33 | Loss: -0.000 | Opp label coverage: 0.89
Step 4503299/5000000 | Win rate (rollout): 0.30 | Loss: 0.027 | Opp label coverage: 0.79
Step 4503811/5000000 | Win rate (rollout): 0.55 | Loss: 0.057 | Opp label coverage: 0.83
Step 4504323/5000000 | Win rate (rollout): 0.67 | Loss: 0.028 | Opp label coverage: 0.78
Step 4504835/5000000 | Win rate (rollout): 0.31 | Loss: 0.070 | Opp label coverage: 0.82
Step 4505347/5000000 | Win rate (rollout): 0.25 | Loss: 0.044 | Opp label coverage: 0.84
Step 4505863/5000000 | Win rate (rollout): 0.30 | Loss: 0.060 | Opp label coverage: 0.90
Step 4506380/5000000 | Win rate (rollout): 0.83 | Loss: 0.054 | Opp label coverage: 0.92
Step 4506892/5000000 | Win rate (rollout): 0.60 | Loss: 0.036 | Opp label coverage: 0.81
Step 4507409/5000000 | Win rate (rollout): 0.75 | Loss: 0.033 | Opp label coverage: 0.92
Step 4507924/5000000 | Win rate (rollout): 0.53 | Loss: 0.033 | Opp label coverage: 0.90
Step 4508436/5000000 | Win rate (rollout): 0.38 | Loss: 0.041 | Opp label coverage: 0.81
Step 4508948/5000000 | Win rate (rollout): 0.33 | Loss: 0.037 | Opp label coverage: 0.75
Step 4509460/5000000 | Win rate (rollout): 0.57 | Loss: 0.071 | Opp label coverage: 0.80
Step 4509979/5000000 | Win rate (rollout): 0.55 | Loss: 0.044 | Opp label coverage: 0.90
Step 4510497/5000000 | Win rate (rollout): 0.42 | Loss: 0.076 | Opp label coverage: 0.90
Step 4511013/5000000 | Win rate (rollout): 0.50 | Loss: 0.044 | Opp label coverage: 0.91
Step 4511532/5000000 | Win rate (rollout): 0.46 | Loss: 0.038 | Opp label coverage: 0.90
Step 4512050/5000000 | Win rate (rollout): 0.25 | Loss: 0.034 | Opp label coverage: 0.89
Step 4512563/5000000 | Win rate (rollout): 0.14 | Loss: 0.001 | Opp label coverage: 0.88
Step 4513075/5000000 | Win rate (rollout): 0.40 | Loss: 0.054 | Opp label coverage: 0.79
Step 4513589/5000000 | Win rate (rollout): 0.38 | Loss: 0.083 | Opp label coverage: 0.90
Step 4514101/5000000 | Win rate (rollout): 0.57 | Loss: 0.026 | Opp label coverage: 0.83
Step 4514618/5000000 | Win rate (rollout): 0.40 | Loss: 0.045 | Opp label coverage: 0.90
Step 4515135/5000000 | Win rate (rollout): 0.50 | Loss: 0.078 | Opp label coverage: 0.90
Step 4515647/5000000 | Win rate (rollout): 0.62 | Loss: 0.036 | Opp label coverage: 0.90
Step 4516162/5000000 | Win rate (rollout): 0.62 | Loss: 0.078 | Opp label coverage: 0.89
Step 4516674/5000000 | Win rate (rollout): 0.79 | Loss: 0.070 | Opp label coverage: 0.91
Step 4517187/5000000 | Win rate (rollout): 0.22 | Loss: 0.032 | Opp label coverage: 0.91
Step 4517699/5000000 | Win rate (rollout): 0.33 | Loss: 0.042 | Opp label coverage: 0.78
Step 4518214/5000000 | Win rate (rollout): 0.30 | Loss: 0.032 | Opp label coverage: 0.90
Step 4518726/5000000 | Win rate (rollout): 0.56 | Loss: 0.062 | Opp label coverage: 0.84
Step 4519238/5000000 | Win rate (rollout): 0.54 | Loss: 0.065 | Opp label coverage: 0.82
Step 4519750/5000000 | Win rate (rollout): 0.40 | Loss: 0.061 | Opp label coverage: 0.81
Step 4520263/5000000 | Win rate (rollout): 0.56 | Loss: 0.031 | Opp label coverage: 0.89
Step 4520775/5000000 | Win rate (rollout): 0.43 | Loss: 0.070 | Opp label coverage: 0.83
Step 4521293/5000000 | Win rate (rollout): 0.44 | Loss: 0.052 | Opp label coverage: 0.90
Step 4521805/5000000 | Win rate (rollout): 0.62 | Loss: 0.046 | Opp label coverage: 0.79
Step 4522322/5000000 | Win rate (rollout): 0.70 | Loss: 0.068 | Opp label coverage: 0.91
Step 4522834/5000000 | Win rate (rollout): 0.42 | Loss: 0.043 | Opp label coverage: 0.78
Step 4523348/5000000 | Win rate (rollout): 0.40 | Loss: 0.039 | Opp label coverage: 0.90
Step 4523860/5000000 | Win rate (rollout): 0.57 | Loss: 0.071 | Opp label coverage: 0.88
Step 4524372/5000000 | Win rate (rollout): 0.57 | Loss: 0.039 | Opp label coverage: 0.80
Step 4524884/5000000 | Win rate (rollout): 0.53 | Loss: 0.062 | Opp label coverage: 0.80
Step 4525396/5000000 | Win rate (rollout): 0.50 | Loss: 0.034 | Opp label coverage: 0.78
Step 4525908/5000000 | Win rate (rollout): 0.25 | Loss: 0.057 | Opp label coverage: 0.83
Step 4526420/5000000 | Win rate (rollout): 0.70 | Loss: 0.058 | Opp label coverage: 0.84
Step 4526932/5000000 | Win rate (rollout): 0.36 | Loss: 0.043 | Opp label coverage: 0.83
Step 4527448/5000000 | Win rate (rollout): 0.33 | Loss: 0.045 | Opp label coverage: 0.90
Step 4527962/5000000 | Win rate (rollout): 0.43 | Loss: -0.005 | Opp label coverage: 0.89
Step 4528478/5000000 | Win rate (rollout): 0.31 | Loss: 0.070 | Opp label coverage: 0.86
Step 4528990/5000000 | Win rate (rollout): 0.33 | Loss: 0.044 | Opp label coverage: 0.83
Step 4529507/5000000 | Win rate (rollout): 0.38 | Loss: 0.021 | Opp label coverage: 0.90
Step 4530019/5000000 | Win rate (rollout): 0.50 | Loss: 0.043 | Opp label coverage: 0.85
Step 4530531/5000000 | Win rate (rollout): 0.30 | Loss: 0.044 | Opp label coverage: 0.81
Step 4531043/5000000 | Win rate (rollout): 0.44 | Loss: 0.073 | Opp label coverage: 0.81
Step 4531555/5000000 | Win rate (rollout): 0.56 | Loss: 0.057 | Opp label coverage: 0.82
Step 4532074/5000000 | Win rate (rollout): 0.50 | Loss: 0.019 | Opp label coverage: 0.91
Step 4532589/5000000 | Win rate (rollout): 0.50 | Loss: 0.025 | Opp label coverage: 0.90
Step 4533103/5000000 | Win rate (rollout): 0.50 | Loss: 0.089 | Opp label coverage: 0.91
Step 4533615/5000000 | Win rate (rollout): 0.54 | Loss: 0.075 | Opp label coverage: 0.81
Step 4534127/5000000 | Win rate (rollout): 0.60 | Loss: 0.072 | Opp label coverage: 0.84
Step 4534645/5000000 | Win rate (rollout): 0.50 | Loss: 0.057 | Opp label coverage: 0.89
Step 4535159/5000000 | Win rate (rollout): 0.47 | Loss: 0.073 | Opp label coverage: 0.90
Step 4535671/5000000 | Win rate (rollout): 0.33 | Loss: 0.040 | Opp label coverage: 0.83
Step 4536183/5000000 | Win rate (rollout): 0.50 | Loss: 0.098 | Opp label coverage: 0.81
Step 4536697/5000000 | Win rate (rollout): 0.89 | Loss: 0.064 | Opp label coverage: 0.91
Step 4537210/5000000 | Win rate (rollout): 0.58 | Loss: -0.022 | Opp label coverage: 0.91
Step 4537722/5000000 | Win rate (rollout): 0.40 | Loss: 0.057 | Opp label coverage: 0.82
Step 4538236/5000000 | Win rate (rollout): 0.60 | Loss: 0.077 | Opp label coverage: 0.89
Step 4538752/5000000 | Win rate (rollout): 0.69 | Loss: 0.065 | Opp label coverage: 0.92
Step 4539267/5000000 | Win rate (rollout): 0.67 | Loss: -0.013 | Opp label coverage: 0.90
Step 4539779/5000000 | Win rate (rollout): 0.62 | Loss: 0.050 | Opp label coverage: 0.81
Step 4540291/5000000 | Win rate (rollout): 0.31 | Loss: 0.080 | Opp label coverage: 0.77
Step 4540803/5000000 | Win rate (rollout): 0.44 | Loss: 0.021 | Opp label coverage: 0.81
Step 4541315/5000000 | Win rate (rollout): 0.36 | Loss: 0.050 | Opp label coverage: 0.85
Step 4541834/5000000 | Win rate (rollout): 0.64 | Loss: 0.069 | Opp label coverage: 0.90
Step 4542346/5000000 | Win rate (rollout): 0.71 | Loss: 0.032 | Opp label coverage: 0.79
Step 4542860/5000000 | Win rate (rollout): 0.33 | Loss: 0.015 | Opp label coverage: 0.89
Step 4543372/5000000 | Win rate (rollout): 0.42 | Loss: 0.077 | Opp label coverage: 0.88
Step 4543887/5000000 | Win rate (rollout): 0.57 | Loss: 0.107 | Opp label coverage: 0.90
Step 4544399/5000000 | Win rate (rollout): 0.60 | Loss: 0.061 | Opp label coverage: 0.83
Step 4544911/5000000 | Win rate (rollout): 0.60 | Loss: 0.046 | Opp label coverage: 0.78
Step 4545427/5000000 | Win rate (rollout): 0.56 | Loss: 0.066 | Opp label coverage: 0.90
Step 4545939/5000000 | Win rate (rollout): 0.60 | Loss: 0.057 | Opp label coverage: 0.78
Step 4546451/5000000 | Win rate (rollout): 0.50 | Loss: 0.043 | Opp label coverage: 0.83
Step 4546969/5000000 | Win rate (rollout): 0.62 | Loss: 0.000 | Opp label coverage: 0.91
Step 4547484/5000000 | Win rate (rollout): 0.57 | Loss: 0.025 | Opp label coverage: 0.92
Step 4547996/5000000 | Win rate (rollout): 0.70 | Loss: 0.070 | Opp label coverage: 0.79
Step 4548514/5000000 | Win rate (rollout): 0.60 | Loss: 0.024 | Opp label coverage: 0.91
Step 4549026/5000000 | Win rate (rollout): 0.64 | Loss: 0.065 | Opp label coverage: 0.82
Step 4549544/5000000 | Win rate (rollout): 0.33 | Loss: 0.084 | Opp label coverage: 0.90
Step 4550056/5000000 | Win rate (rollout): 0.75 | Loss: 0.031 | Opp label coverage: 0.84
Step 4550570/5000000 | Win rate (rollout): 0.62 | Loss: 0.070 | Opp label coverage: 0.91
Step 4551082/5000000 | Win rate (rollout): 0.67 | Loss: 0.069 | Opp label coverage: 0.90
Step 4551594/5000000 | Win rate (rollout): 0.45 | Loss: 0.078 | Opp label coverage: 0.79
Step 4552108/5000000 | Win rate (rollout): 0.82 | Loss: 0.031 | Opp label coverage: 0.89
Step 4552622/5000000 | Win rate (rollout): 0.29 | Loss: 0.001 | Opp label coverage: 0.88
Step 4553139/5000000 | Win rate (rollout): 0.64 | Loss: 0.026 | Opp label coverage: 0.90
Step 4553656/5000000 | Win rate (rollout): 0.40 | Loss: 0.099 | Opp label coverage: 0.90
Step 4554168/5000000 | Win rate (rollout): 0.62 | Loss: 0.049 | Opp label coverage: 0.91
Step 4554684/5000000 | Win rate (rollout): 0.46 | Loss: 0.053 | Opp label coverage: 0.89
Step 4555196/5000000 | Win rate (rollout): 0.31 | Loss: 0.078 | Opp label coverage: 0.90
Step 4555708/5000000 | Win rate (rollout): 0.58 | Loss: 0.081 | Opp label coverage: 0.90
Step 4556223/5000000 | Win rate (rollout): 0.71 | Loss: 0.099 | Opp label coverage: 0.89
Step 4556735/5000000 | Win rate (rollout): 0.50 | Loss: 0.071 | Opp label coverage: 0.79
Step 4557248/5000000 | Win rate (rollout): 0.50 | Loss: 0.002 | Opp label coverage: 0.89
Step 4557760/5000000 | Win rate (rollout): 0.58 | Loss: 0.051 | Opp label coverage: 0.90
Step 4558272/5000000 | Win rate (rollout): 0.62 | Loss: 0.074 | Opp label coverage: 0.90
Step 4558789/5000000 | Win rate (rollout): 0.46 | Loss: 0.030 | Opp label coverage: 0.91
Step 4559305/5000000 | Win rate (rollout): 0.36 | Loss: 0.083 | Opp label coverage: 0.90
Step 4559817/5000000 | Win rate (rollout): 0.20 | Loss: 0.041 | Opp label coverage: 0.86
Step 4560330/5000000 | Win rate (rollout): 0.44 | Loss: 0.040 | Opp label coverage: 0.90
Step 4560842/5000000 | Win rate (rollout): 0.77 | Loss: 0.052 | Opp label coverage: 0.89
Step 4561354/5000000 | Win rate (rollout): 0.33 | Loss: 0.074 | Opp label coverage: 0.81
Step 4561866/5000000 | Win rate (rollout): 0.33 | Loss: 0.069 | Opp label coverage: 0.88
Step 4562378/5000000 | Win rate (rollout): 0.75 | Loss: 0.081 | Opp label coverage: 0.90
Step 4562896/5000000 | Win rate (rollout): 0.67 | Loss: 0.089 | Opp label coverage: 0.89
Step 4563408/5000000 | Win rate (rollout): 0.31 | Loss: 0.049 | Opp label coverage: 0.81
Step 4563920/5000000 | Win rate (rollout): 0.20 | Loss: 0.049 | Opp label coverage: 0.81
Step 4564434/5000000 | Win rate (rollout): 0.36 | Loss: 0.037 | Opp label coverage: 0.89
Step 4564946/5000000 | Win rate (rollout): 0.27 | Loss: 0.058 | Opp label coverage: 0.82
Step 4565458/5000000 | Win rate (rollout): 0.47 | Loss: 0.074 | Opp label coverage: 0.82
Step 4565970/5000000 | Win rate (rollout): 0.39 | Loss: 0.055 | Opp label coverage: 0.85
Step 4566482/5000000 | Win rate (rollout): 0.22 | Loss: 0.028 | Opp label coverage: 0.79
Step 4566994/5000000 | Win rate (rollout): 0.33 | Loss: 0.098 | Opp label coverage: 0.79
Step 4567506/5000000 | Win rate (rollout): 0.38 | Loss: 0.060 | Opp label coverage: 0.79
Step 4568023/5000000 | Win rate (rollout): 0.62 | Loss: 0.071 | Opp label coverage: 0.91
Step 4568535/5000000 | Win rate (rollout): 0.42 | Loss: 0.086 | Opp label coverage: 0.79
Step 4569047/5000000 | Win rate (rollout): 0.31 | Loss: 0.058 | Opp label coverage: 0.83
Step 4569559/5000000 | Win rate (rollout): 0.30 | Loss: 0.038 | Opp label coverage: 0.84
Step 4570071/5000000 | Win rate (rollout): 0.45 | Loss: 0.054 | Opp label coverage: 0.80
Step 4570583/5000000 | Win rate (rollout): 0.50 | Loss: 0.038 | Opp label coverage: 0.80
Step 4571098/5000000 | Win rate (rollout): 0.50 | Loss: 0.073 | Opp label coverage: 0.91
Step 4571613/5000000 | Win rate (rollout): 0.57 | Loss: 0.072 | Opp label coverage: 0.89
Step 4572125/5000000 | Win rate (rollout): 0.82 | Loss: 0.064 | Opp label coverage: 0.84
Step 4572637/5000000 | Win rate (rollout): 0.25 | Loss: 0.022 | Opp label coverage: 0.82
Step 4573149/5000000 | Win rate (rollout): 0.54 | Loss: 0.076 | Opp label coverage: 0.83
Step 4573661/5000000 | Win rate (rollout): 0.67 | Loss: 0.052 | Opp label coverage: 0.86
Step 4574173/5000000 | Win rate (rollout): 0.21 | Loss: 0.048 | Opp label coverage: 0.79
Step 4574685/5000000 | Win rate (rollout): 0.56 | Loss: 0.065 | Opp label coverage: 0.81
Step 4575197/5000000 | Win rate (rollout): 0.78 | Loss: 0.043 | Opp label coverage: 0.85
Step 4575709/5000000 | Win rate (rollout): 0.43 | Loss: 0.048 | Opp label coverage: 0.79
Step 4576227/5000000 | Win rate (rollout): 0.67 | Loss: 0.040 | Opp label coverage: 0.92
Step 4576742/5000000 | Win rate (rollout): 0.69 | Loss: 0.062 | Opp label coverage: 0.91
Step 4577260/5000000 | Win rate (rollout): 0.31 | Loss: 0.049 | Opp label coverage: 0.91
Step 4577772/5000000 | Win rate (rollout): 0.42 | Loss: 0.062 | Opp label coverage: 0.83
Step 4578285/5000000 | Win rate (rollout): 0.50 | Loss: 0.075 | Opp label coverage: 0.90
Step 4578797/5000000 | Win rate (rollout): 0.38 | Loss: 0.052 | Opp label coverage: 0.84
Step 4579314/5000000 | Win rate (rollout): 0.38 | Loss: 0.072 | Opp label coverage: 0.91
Step 4579826/5000000 | Win rate (rollout): 0.54 | Loss: 0.068 | Opp label coverage: 0.86
Step 4580340/5000000 | Win rate (rollout): 0.62 | Loss: 0.063 | Opp label coverage: 0.91
Step 4580856/5000000 | Win rate (rollout): 0.62 | Loss: 0.002 | Opp label coverage: 0.91
Step 4581370/5000000 | Win rate (rollout): 0.57 | Loss: 0.043 | Opp label coverage: 0.90
Step 4581887/5000000 | Win rate (rollout): 0.54 | Loss: 0.106 | Opp label coverage: 0.89
Step 4582399/5000000 | Win rate (rollout): 0.31 | Loss: 0.039 | Opp label coverage: 0.90
Step 4582911/5000000 | Win rate (rollout): 0.33 | Loss: 0.054 | Opp label coverage: 0.91
Step 4583427/5000000 | Win rate (rollout): 0.31 | Loss: 0.043 | Opp label coverage: 0.90
Step 4583944/5000000 | Win rate (rollout): 0.71 | Loss: 0.044 | Opp label coverage: 0.92
Step 4584456/5000000 | Win rate (rollout): 0.55 | Loss: 0.053 | Opp label coverage: 0.91
Step 4584968/5000000 | Win rate (rollout): 0.27 | Loss: 0.062 | Opp label coverage: 0.87
Step 4585480/5000000 | Win rate (rollout): 0.56 | Loss: 0.042 | Opp label coverage: 0.88
Step 4585995/5000000 | Win rate (rollout): 0.78 | Loss: 0.051 | Opp label coverage: 0.92
Step 4586507/5000000 | Win rate (rollout): 0.20 | Loss: 0.031 | Opp label coverage: 0.83
Step 4587019/5000000 | Win rate (rollout): 0.38 | Loss: 0.031 | Opp label coverage: 0.85
Step 4587531/5000000 | Win rate (rollout): 0.13 | Loss: 0.056 | Opp label coverage: 0.82
Step 4588043/5000000 | Win rate (rollout): 0.31 | Loss: 0.075 | Opp label coverage: 0.81
Step 4588555/5000000 | Win rate (rollout): 0.44 | Loss: 0.101 | Opp label coverage: 0.79
Step 4589067/5000000 | Win rate (rollout): 0.62 | Loss: 0.043 | Opp label coverage: 0.86
Step 4589579/5000000 | Win rate (rollout): 0.20 | Loss: 0.055 | Opp label coverage: 0.81
Step 4590091/5000000 | Win rate (rollout): 0.44 | Loss: 0.055 | Opp label coverage: 0.79
Step 4590603/5000000 | Win rate (rollout): 0.29 | Loss: 0.033 | Opp label coverage: 0.84
Step 4591115/5000000 | Win rate (rollout): 0.78 | Loss: 0.094 | Opp label coverage: 0.82
Step 4591633/5000000 | Win rate (rollout): 0.73 | Loss: 0.078 | Opp label coverage: 0.91
Step 4592147/5000000 | Win rate (rollout): 0.42 | Loss: 0.045 | Opp label coverage: 0.89
Step 4592659/5000000 | Win rate (rollout): 0.50 | Loss: 0.070 | Opp label coverage: 0.80
Step 4593171/5000000 | Win rate (rollout): 0.33 | Loss: 0.068 | Opp label coverage: 0.81
Step 4593684/5000000 | Win rate (rollout): 0.71 | Loss: 0.055 | Opp label coverage: 0.91
Step 4594198/5000000 | Win rate (rollout): 0.57 | Loss: 0.103 | Opp label coverage: 0.93
Step 4594715/5000000 | Win rate (rollout): 0.38 | Loss: 0.065 | Opp label coverage: 0.89
Step 4595228/5000000 | Win rate (rollout): 0.75 | Loss: 0.160 | Opp label coverage: 0.93
Step 4595740/5000000 | Win rate (rollout): 0.73 | Loss: 0.073 | Opp label coverage: 0.89
Step 4596256/5000000 | Win rate (rollout): 0.36 | Loss: 0.020 | Opp label coverage: 0.90
Step 4596768/5000000 | Win rate (rollout): 0.67 | Loss: 0.092 | Opp label coverage: 0.83
Step 4597284/5000000 | Win rate (rollout): 0.40 | Loss: 0.021 | Opp label coverage: 0.91
Step 4597802/5000000 | Win rate (rollout): 0.64 | Loss: 0.053 | Opp label coverage: 0.90
Step 4598318/5000000 | Win rate (rollout): 0.60 | Loss: 0.028 | Opp label coverage: 0.90
Step 4598830/5000000 | Win rate (rollout): 0.33 | Loss: 0.043 | Opp label coverage: 0.87
Step 4599342/5000000 | Win rate (rollout): 0.56 | Loss: 0.054 | Opp label coverage: 0.91
Step 4599855/5000000 | Win rate (rollout): 0.80 | Loss: -0.029 | Opp label coverage: 0.92
Step 4600369/5000000 | Win rate (rollout): 0.60 | Loss: 0.122 | Opp label coverage: 0.90
Step 4600883/5000000 | Win rate (rollout): 0.47 | Loss: 0.014 | Opp label coverage: 0.89
Step 4601395/5000000 | Win rate (rollout): 0.42 | Loss: 0.111 | Opp label coverage: 0.79
Step 4601908/5000000 | Win rate (rollout): 0.78 | Loss: 0.061 | Opp label coverage: 0.90
Step 4602421/5000000 | Win rate (rollout): 0.54 | Loss: 0.009 | Opp label coverage: 0.92
Step 4602934/5000000 | Win rate (rollout): 0.42 | Loss: 0.084 | Opp label coverage: 0.91
Step 4603446/5000000 | Win rate (rollout): 0.53 | Loss: 0.076 | Opp label coverage: 0.82
Step 4603959/5000000 | Win rate (rollout): 0.67 | Loss: 0.005 | Opp label coverage: 0.91
Step 4604477/5000000 | Win rate (rollout): 0.53 | Loss: 0.059 | Opp label coverage: 0.90
Step 4604995/5000000 | Win rate (rollout): 0.42 | Loss: 0.061 | Opp label coverage: 0.90
Step 4605507/5000000 | Win rate (rollout): 0.43 | Loss: 0.081 | Opp label coverage: 0.77
Step 4606019/5000000 | Win rate (rollout): 0.77 | Loss: 0.048 | Opp label coverage: 0.80
Step 4606531/5000000 | Win rate (rollout): 0.25 | Loss: 0.072 | Opp label coverage: 0.83
Step 4607043/5000000 | Win rate (rollout): 0.43 | Loss: 0.059 | Opp label coverage: 0.76
Step 4607559/5000000 | Win rate (rollout): 0.60 | Loss: 0.033 | Opp label coverage: 0.91
Step 4608073/5000000 | Win rate (rollout): 0.46 | Loss: 0.042 | Opp label coverage: 0.89
Step 4608585/5000000 | Win rate (rollout): 0.50 | Loss: 0.059 | Opp label coverage: 0.82
Step 4609099/5000000 | Win rate (rollout): 0.71 | Loss: 0.024 | Opp label coverage: 0.88
Step 4609613/5000000 | Win rate (rollout): 0.58 | Loss: 0.117 | Opp label coverage: 0.91
Step 4610125/5000000 | Win rate (rollout): 0.60 | Loss: 0.053 | Opp label coverage: 0.83
Step 4610638/5000000 | Win rate (rollout): 0.56 | Loss: 0.025 | Opp label coverage: 0.92
Step 4611154/5000000 | Win rate (rollout): 0.57 | Loss: 0.067 | Opp label coverage: 0.91
Step 4611672/5000000 | Win rate (rollout): 0.55 | Loss: 0.078 | Opp label coverage: 0.90
Step 4612184/5000000 | Win rate (rollout): 0.45 | Loss: 0.055 | Opp label coverage: 0.82
Step 4612696/5000000 | Win rate (rollout): 0.44 | Loss: 0.031 | Opp label coverage: 0.74
Step 4613208/5000000 | Win rate (rollout): 0.42 | Loss: 0.079 | Opp label coverage: 0.80
Step 4613720/5000000 | Win rate (rollout): 0.38 | Loss: 0.053 | Opp label coverage: 0.75
Step 4614234/5000000 | Win rate (rollout): 0.67 | Loss: 0.082 | Opp label coverage: 0.92
Step 4614748/5000000 | Win rate (rollout): 0.42 | Loss: 0.070 | Opp label coverage: 0.90
Step 4615261/5000000 | Win rate (rollout): 0.00 | Loss: -0.005 | Opp label coverage: 0.88
Step 4615773/5000000 | Win rate (rollout): 0.55 | Loss: 0.096 | Opp label coverage: 0.78
Step 4616285/5000000 | Win rate (rollout): 0.25 | Loss: 0.042 | Opp label coverage: 0.81
Step 4616800/5000000 | Win rate (rollout): 0.50 | Loss: 0.079 | Opp label coverage: 0.89
Step 4617312/5000000 | Win rate (rollout): 0.55 | Loss: 0.051 | Opp label coverage: 0.82
Step 4617829/5000000 | Win rate (rollout): 0.40 | Loss: 0.096 | Opp label coverage: 0.89
Step 4618348/5000000 | Win rate (rollout): 0.67 | Loss: 0.077 | Opp label coverage: 0.91
Step 4618860/5000000 | Win rate (rollout): 0.50 | Loss: 0.070 | Opp label coverage: 0.91
Step 4619372/5000000 | Win rate (rollout): 0.42 | Loss: 0.055 | Opp label coverage: 0.83
Step 4619884/5000000 | Win rate (rollout): 0.44 | Loss: 0.050 | Opp label coverage: 0.84
Step 4620396/5000000 | Win rate (rollout): 0.54 | Loss: 0.049 | Opp label coverage: 0.83
Step 4620910/5000000 | Win rate (rollout): 0.88 | Loss: 0.053 | Opp label coverage: 0.92
Step 4621422/5000000 | Win rate (rollout): 0.43 | Loss: 0.122 | Opp label coverage: 0.80
Step 4621940/5000000 | Win rate (rollout): 0.55 | Loss: 0.052 | Opp label coverage: 0.89
Step 4622455/5000000 | Win rate (rollout): 0.23 | Loss: 0.093 | Opp label coverage: 0.90
Step 4622974/5000000 | Win rate (rollout): 0.50 | Loss: 0.048 | Opp label coverage: 0.92
Step 4623491/5000000 | Win rate (rollout): 0.44 | Loss: 0.080 | Opp label coverage: 0.91
Step 4624004/5000000 | Win rate (rollout): 0.60 | Loss: -0.026 | Opp label coverage: 0.91
Step 4624516/5000000 | Win rate (rollout): 0.46 | Loss: 0.058 | Opp label coverage: 0.92
Step 4625028/5000000 | Win rate (rollout): 0.42 | Loss: 0.048 | Opp label coverage: 0.81
Step 4625540/5000000 | Win rate (rollout): 0.33 | Loss: 0.081 | Opp label coverage: 0.85
Step 4626052/5000000 | Win rate (rollout): 0.88 | Loss: 0.077 | Opp label coverage: 0.78
Step 4626564/5000000 | Win rate (rollout): 0.60 | Loss: 0.075 | Opp label coverage: 0.81
Step 4627076/5000000 | Win rate (rollout): 0.67 | Loss: 0.032 | Opp label coverage: 0.83
Step 4627588/5000000 | Win rate (rollout): 0.27 | Loss: 0.099 | Opp label coverage: 0.82
Step 4628104/5000000 | Win rate (rollout): 0.64 | Loss: 0.098 | Opp label coverage: 0.91
Step 4628620/5000000 | Win rate (rollout): 0.38 | Loss: 0.072 | Opp label coverage: 0.89
Step 4629132/5000000 | Win rate (rollout): 0.27 | Loss: 0.080 | Opp label coverage: 0.82
Step 4629650/5000000 | Win rate (rollout): 0.38 | Loss: 0.013 | Opp label coverage: 0.89
Step 4630162/5000000 | Win rate (rollout): 0.40 | Loss: 0.052 | Opp label coverage: 0.79
Step 4630674/5000000 | Win rate (rollout): 0.78 | Loss: 0.051 | Opp label coverage: 0.91
Step 4631189/5000000 | Win rate (rollout): 0.73 | Loss: 0.056 | Opp label coverage: 0.91
Step 4631701/5000000 | Win rate (rollout): 0.55 | Loss: 0.061 | Opp label coverage: 0.82
Step 4632219/5000000 | Win rate (rollout): 0.25 | Loss: 0.109 | Opp label coverage: 0.90
Step 4632731/5000000 | Win rate (rollout): 0.43 | Loss: 0.035 | Opp label coverage: 0.85
Step 4633246/5000000 | Win rate (rollout): 0.62 | Loss: 0.021 | Opp label coverage: 0.93
Step 4633759/5000000 | Win rate (rollout): 0.77 | Loss: 0.011 | Opp label coverage: 0.91
Step 4634272/5000000 | Win rate (rollout): 0.62 | Loss: 0.005 | Opp label coverage: 0.91
Step 4634784/5000000 | Win rate (rollout): 0.30 | Loss: 0.057 | Opp label coverage: 0.73
Step 4635296/5000000 | Win rate (rollout): 0.56 | Loss: 0.064 | Opp label coverage: 0.82
Step 4635808/5000000 | Win rate (rollout): 0.60 | Loss: 0.066 | Opp label coverage: 0.82
Step 4636323/5000000 | Win rate (rollout): 0.55 | Loss: 0.066 | Opp label coverage: 0.90
Step 4636841/5000000 | Win rate (rollout): 0.62 | Loss: 0.077 | Opp label coverage: 0.90
Step 4637356/5000000 | Win rate (rollout): 0.64 | Loss: 0.037 | Opp label coverage: 0.92
Step 4637868/5000000 | Win rate (rollout): 0.73 | Loss: 0.026 | Opp label coverage: 0.92
Step 4638380/5000000 | Win rate (rollout): 0.30 | Loss: 0.081 | Opp label coverage: 0.82
Step 4638893/5000000 | Win rate (rollout): 0.62 | Loss: 0.072 | Opp label coverage: 0.90
Step 4639406/5000000 | Win rate (rollout): 0.69 | Loss: 0.049 | Opp label coverage: 0.90
Step 4639918/5000000 | Win rate (rollout): 0.30 | Loss: 0.076 | Opp label coverage: 0.86
Step 4640434/5000000 | Win rate (rollout): 0.27 | Loss: 0.056 | Opp label coverage: 0.88
Step 4640946/5000000 | Win rate (rollout): 0.71 | Loss: 0.052 | Opp label coverage: 0.83
Step 4641463/5000000 | Win rate (rollout): 0.33 | Loss: -0.000 | Opp label coverage: 0.91
Step 4641975/5000000 | Win rate (rollout): 0.33 | Loss: 0.044 | Opp label coverage: 0.79
Step 4642491/5000000 | Win rate (rollout): 0.73 | Loss: 0.060 | Opp label coverage: 0.90
Step 4643003/5000000 | Win rate (rollout): 0.71 | Loss: 0.046 | Opp label coverage: 0.85
Step 4643515/5000000 | Win rate (rollout): 0.77 | Loss: 0.065 | Opp label coverage: 0.79
Step 4644030/5000000 | Win rate (rollout): 0.22 | Loss: 0.067 | Opp label coverage: 0.89
Step 4644542/5000000 | Win rate (rollout): 0.75 | Loss: 0.064 | Opp label coverage: 0.90
Step 4645054/5000000 | Win rate (rollout): 0.67 | Loss: 0.084 | Opp label coverage: 0.80
Step 4645566/5000000 | Win rate (rollout): 0.38 | Loss: 0.050 | Opp label coverage: 0.78
Step 4646078/5000000 | Win rate (rollout): 0.46 | Loss: 0.080 | Opp label coverage: 0.80
Step 4646596/5000000 | Win rate (rollout): 0.33 | Loss: 0.015 | Opp label coverage: 0.88
Step 4647108/5000000 | Win rate (rollout): 0.46 | Loss: 0.093 | Opp label coverage: 0.90
Step 4647620/5000000 | Win rate (rollout): 0.31 | Loss: 0.067 | Opp label coverage: 0.82
Step 4648133/5000000 | Win rate (rollout): 0.29 | Loss: -0.003 | Opp label coverage: 0.91
Step 4648650/5000000 | Win rate (rollout): 0.70 | Loss: 0.049 | Opp label coverage: 0.93
Step 4649162/5000000 | Win rate (rollout): 0.50 | Loss: 0.032 | Opp label coverage: 0.82
Step 4649674/5000000 | Win rate (rollout): 0.42 | Loss: 0.069 | Opp label coverage: 0.79
Step 4650186/5000000 | Win rate (rollout): 0.36 | Loss: 0.061 | Opp label coverage: 0.81
Step 4650698/5000000 | Win rate (rollout): 0.56 | Loss: 0.065 | Opp label coverage: 0.81
Step 4651215/5000000 | Win rate (rollout): 0.50 | Loss: 0.035 | Opp label coverage: 0.91
Step 4651727/5000000 | Win rate (rollout): 0.31 | Loss: 0.056 | Opp label coverage: 0.81
Step 4652241/5000000 | Win rate (rollout): 0.71 | Loss: 0.057 | Opp label coverage: 0.91
Step 4652758/5000000 | Win rate (rollout): 0.64 | Loss: 0.071 | Opp label coverage: 0.91
Step 4653270/5000000 | Win rate (rollout): 0.46 | Loss: 0.082 | Opp label coverage: 0.75
Step 4653782/5000000 | Win rate (rollout): 0.62 | Loss: 0.054 | Opp label coverage: 0.82
Step 4654294/5000000 | Win rate (rollout): 0.64 | Loss: 0.045 | Opp label coverage: 0.84
Step 4654811/5000000 | Win rate (rollout): 0.62 | Loss: 0.067 | Opp label coverage: 0.91
Step 4655327/5000000 | Win rate (rollout): 0.33 | Loss: -0.011 | Opp label coverage: 0.90
Step 4655839/5000000 | Win rate (rollout): 0.44 | Loss: 0.038 | Opp label coverage: 0.85
Step 4656351/5000000 | Win rate (rollout): 0.44 | Loss: 0.045 | Opp label coverage: 0.74
Step 4656863/5000000 | Win rate (rollout): 0.45 | Loss: 0.073 | Opp label coverage: 0.79
Step 4657375/5000000 | Win rate (rollout): 0.27 | Loss: 0.049 | Opp label coverage: 0.83
Step 4657887/5000000 | Win rate (rollout): 0.29 | Loss: 0.023 | Opp label coverage: 0.91
Step 4658399/5000000 | Win rate (rollout): 0.67 | Loss: 0.071 | Opp label coverage: 0.82
Step 4658911/5000000 | Win rate (rollout): 0.19 | Loss: 0.044 | Opp label coverage: 0.79
Step 4659424/5000000 | Win rate (rollout): 0.70 | Loss: 0.124 | Opp label coverage: 0.90
Step 4659941/5000000 | Win rate (rollout): 0.46 | Loss: 0.043 | Opp label coverage: 0.91
Step 4660453/5000000 | Win rate (rollout): 0.23 | Loss: 0.062 | Opp label coverage: 0.80
Step 4660965/5000000 | Win rate (rollout): 0.36 | Loss: 0.054 | Opp label coverage: 0.81
Step 4661477/5000000 | Win rate (rollout): 0.60 | Loss: 0.101 | Opp label coverage: 0.79
Step 4661991/5000000 | Win rate (rollout): 0.27 | Loss: 0.001 | Opp label coverage: 0.88
Step 4662503/5000000 | Win rate (rollout): 0.29 | Loss: 0.051 | Opp label coverage: 0.80
Step 4663018/5000000 | Win rate (rollout): 0.60 | Loss: 0.001 | Opp label coverage: 0.88
Step 4663530/5000000 | Win rate (rollout): 0.44 | Loss: 0.046 | Opp label coverage: 0.83
Step 4664042/5000000 | Win rate (rollout): 0.78 | Loss: 0.031 | Opp label coverage: 0.92
Step 4664554/5000000 | Win rate (rollout): 0.33 | Loss: 0.057 | Opp label coverage: 0.78
Step 4665066/5000000 | Win rate (rollout): 0.25 | Loss: 0.046 | Opp label coverage: 0.80
Step 4665579/5000000 | Win rate (rollout): 0.88 | Loss: 0.090 | Opp label coverage: 0.91
Step 4666091/5000000 | Win rate (rollout): 0.62 | Loss: 0.038 | Opp label coverage: 0.81
Step 4666603/5000000 | Win rate (rollout): 0.25 | Loss: 0.069 | Opp label coverage: 0.84
Step 4667115/5000000 | Win rate (rollout): 0.40 | Loss: 0.080 | Opp label coverage: 0.80
Step 4667629/5000000 | Win rate (rollout): 0.44 | Loss: 0.028 | Opp label coverage: 0.90
Step 4668141/5000000 | Win rate (rollout): 0.57 | Loss: 0.049 | Opp label coverage: 0.83
Step 4668658/5000000 | Win rate (rollout): 0.60 | Loss: 0.097 | Opp label coverage: 0.90
Step 4669177/5000000 | Win rate (rollout): 0.33 | Loss: 0.056 | Opp label coverage: 0.87
Step 4669693/5000000 | Win rate (rollout): 0.43 | Loss: 0.005 | Opp label coverage: 0.90
Step 4670208/5000000 | Win rate (rollout): 0.75 | Loss: 0.061 | Opp label coverage: 0.91
Step 4670720/5000000 | Win rate (rollout): 0.12 | Loss: 0.044 | Opp label coverage: 0.86
Step 4671238/5000000 | Win rate (rollout): 0.45 | Loss: 0.076 | Opp label coverage: 0.90
Step 4671750/5000000 | Win rate (rollout): 0.50 | Loss: 0.025 | Opp label coverage: 0.77
Step 4672262/5000000 | Win rate (rollout): 0.38 | Loss: 0.072 | Opp label coverage: 0.81
Step 4672780/5000000 | Win rate (rollout): 0.40 | Loss: 0.051 | Opp label coverage: 0.89
Step 4673293/5000000 | Win rate (rollout): 0.62 | Loss: 0.057 | Opp label coverage: 0.91
Step 4673805/5000000 | Win rate (rollout): 0.08 | Loss: 0.045 | Opp label coverage: 0.84
Step 4674317/5000000 | Win rate (rollout): 0.55 | Loss: 0.068 | Opp label coverage: 0.63
Step 4674830/5000000 | Win rate (rollout): 0.80 | Loss: 0.039 | Opp label coverage: 0.91
Step 4675346/5000000 | Win rate (rollout): 0.27 | Loss: 0.020 | Opp label coverage: 0.90
Step 4675858/5000000 | Win rate (rollout): 0.78 | Loss: 0.065 | Opp label coverage: 0.83
Step 4676370/5000000 | Win rate (rollout): 0.57 | Loss: 0.070 | Opp label coverage: 0.86
Step 4676886/5000000 | Win rate (rollout): 0.33 | Loss: 0.028 | Opp label coverage: 0.89
Step 4677404/5000000 | Win rate (rollout): 0.42 | Loss: 0.090 | Opp label coverage: 0.91
Step 4677919/5000000 | Win rate (rollout): 0.42 | Loss: 0.044 | Opp label coverage: 0.91
Step 4678433/5000000 | Win rate (rollout): 0.58 | Loss: 0.125 | Opp label coverage: 0.90
Step 4678950/5000000 | Win rate (rollout): 0.64 | Loss: 0.018 | Opp label coverage: 0.91
Step 4679462/5000000 | Win rate (rollout): 0.20 | Loss: 0.054 | Opp label coverage: 0.78
Step 4679974/5000000 | Win rate (rollout): 0.80 | Loss: 0.076 | Opp label coverage: 0.90
Step 4680486/5000000 | Win rate (rollout): 0.69 | Loss: 0.035 | Opp label coverage: 0.90
Step 4680998/5000000 | Win rate (rollout): 0.50 | Loss: 0.074 | Opp label coverage: 0.83
Step 4681510/5000000 | Win rate (rollout): 0.54 | Loss: 0.051 | Opp label coverage: 0.86
Step 4682022/5000000 | Win rate (rollout): 0.73 | Loss: 0.083 | Opp label coverage: 0.89
Step 4682534/5000000 | Win rate (rollout): 0.70 | Loss: 0.053 | Opp label coverage: 0.86
Step 4683052/5000000 | Win rate (rollout): 0.67 | Loss: 0.029 | Opp label coverage: 0.88
Step 4683564/5000000 | Win rate (rollout): 0.62 | Loss: 0.019 | Opp label coverage: 0.80
Step 4684076/5000000 | Win rate (rollout): 0.30 | Loss: 0.087 | Opp label coverage: 0.79
Step 4684589/5000000 | Win rate (rollout): 0.67 | Loss: 0.075 | Opp label coverage: 0.91
Step 4685103/5000000 | Win rate (rollout): 0.38 | Loss: 0.047 | Opp label coverage: 0.90
Step 4685620/5000000 | Win rate (rollout): 0.82 | Loss: 0.069 | Opp label coverage: 0.91
Step 4686139/5000000 | Win rate (rollout): 0.60 | Loss: -0.003 | Opp label coverage: 0.89
Step 4686651/5000000 | Win rate (rollout): 0.33 | Loss: 0.034 | Opp label coverage: 0.80
Step 4687166/5000000 | Win rate (rollout): 0.57 | Loss: -0.003 | Opp label coverage: 0.90
Step 4687678/5000000 | Win rate (rollout): 0.22 | Loss: 0.038 | Opp label coverage: 0.77
Step 4688190/5000000 | Win rate (rollout): 0.50 | Loss: 0.051 | Opp label coverage: 0.72
Step 4688707/5000000 | Win rate (rollout): 0.40 | Loss: 0.080 | Opp label coverage: 0.89
Step 4689224/5000000 | Win rate (rollout): 0.73 | Loss: 0.064 | Opp label coverage: 0.91
Step 4689736/5000000 | Win rate (rollout): 0.46 | Loss: 0.069 | Opp label coverage: 0.83
Step 4690251/5000000 | Win rate (rollout): 0.44 | Loss: 0.007 | Opp label coverage: 0.90
Step 4690766/5000000 | Win rate (rollout): 0.45 | Loss: 0.083 | Opp label coverage: 0.92
Step 4691278/5000000 | Win rate (rollout): 0.80 | Loss: 0.056 | Opp label coverage: 0.88
Step 4691790/5000000 | Win rate (rollout): 0.08 | Loss: 0.074 | Opp label coverage: 0.86
Step 4692302/5000000 | Win rate (rollout): 0.42 | Loss: 0.073 | Opp label coverage: 0.84
Step 4692817/5000000 | Win rate (rollout): 0.33 | Loss: -0.034 | Opp label coverage: 0.90
Step 4693329/5000000 | Win rate (rollout): 0.58 | Loss: 0.065 | Opp label coverage: 0.81
Step 4693842/5000000 | Win rate (rollout): 0.62 | Loss: 0.076 | Opp label coverage: 0.92
Step 4694357/5000000 | Win rate (rollout): 0.58 | Loss: 0.106 | Opp label coverage: 0.91
Step 4694869/5000000 | Win rate (rollout): 0.31 | Loss: 0.071 | Opp label coverage: 0.83
Step 4695387/5000000 | Win rate (rollout): 0.73 | Loss: 0.068 | Opp label coverage: 0.91
Step 4695904/5000000 | Win rate (rollout): 0.45 | Loss: 0.043 | Opp label coverage: 0.93
Step 4696417/5000000 | Win rate (rollout): 0.77 | Loss: 0.194 | Opp label coverage: 0.90
Step 4696935/5000000 | Win rate (rollout): 0.69 | Loss: 0.060 | Opp label coverage: 0.90
Step 4697449/5000000 | Win rate (rollout): 0.85 | Loss: 0.011 | Opp label coverage: 0.92
Step 4697968/5000000 | Win rate (rollout): 0.71 | Loss: 0.066 | Opp label coverage: 0.91
Step 4698481/5000000 | Win rate (rollout): 0.23 | Loss: -0.001 | Opp label coverage: 0.89
Step 4698993/5000000 | Win rate (rollout): 0.38 | Loss: 0.070 | Opp label coverage: 0.90
Step 4699506/5000000 | Win rate (rollout): 0.50 | Loss: 0.038 | Opp label coverage: 0.90
Step 4700018/5000000 | Win rate (rollout): 0.73 | Loss: 0.093 | Opp label coverage: 0.78
Step 4700530/5000000 | Win rate (rollout): 0.50 | Loss: 0.028 | Opp label coverage: 0.83
Step 4701042/5000000 | Win rate (rollout): 0.54 | Loss: 0.067 | Opp label coverage: 0.84
Step 4701554/5000000 | Win rate (rollout): 0.50 | Loss: 0.059 | Opp label coverage: 0.83
Step 4702066/5000000 | Win rate (rollout): 0.27 | Loss: 0.081 | Opp label coverage: 0.83
Step 4702578/5000000 | Win rate (rollout): 0.44 | Loss: 0.056 | Opp label coverage: 0.89
Step 4703095/5000000 | Win rate (rollout): 0.46 | Loss: 0.040 | Opp label coverage: 0.91
Step 4703607/5000000 | Win rate (rollout): 0.33 | Loss: 0.057 | Opp label coverage: 0.77
Step 4704124/5000000 | Win rate (rollout): 0.64 | Loss: 0.009 | Opp label coverage: 0.90
Step 4704639/5000000 | Win rate (rollout): 0.33 | Loss: 0.076 | Opp label coverage: 0.88
Step 4705154/5000000 | Win rate (rollout): 0.58 | Loss: 0.083 | Opp label coverage: 0.90
Step 4705666/5000000 | Win rate (rollout): 0.60 | Loss: 0.055 | Opp label coverage: 0.88
Step 4706178/5000000 | Win rate (rollout): 0.56 | Loss: 0.065 | Opp label coverage: 0.81
Step 4706690/5000000 | Win rate (rollout): 0.33 | Loss: 0.051 | Opp label coverage: 0.85
Step 4707202/5000000 | Win rate (rollout): 0.33 | Loss: 0.057 | Opp label coverage: 0.78
Step 4707714/5000000 | Win rate (rollout): 0.67 | Loss: 0.063 | Opp label coverage: 0.84
Step 4708226/5000000 | Win rate (rollout): 0.23 | Loss: 0.056 | Opp label coverage: 0.79
Step 4708741/5000000 | Win rate (rollout): 0.67 | Loss: 0.032 | Opp label coverage: 0.90
Step 4709255/5000000 | Win rate (rollout): 0.62 | Loss: 0.104 | Opp label coverage: 0.90
Step 4709767/5000000 | Win rate (rollout): 0.54 | Loss: 0.050 | Opp label coverage: 0.84
Step 4710279/5000000 | Win rate (rollout): 0.47 | Loss: 0.050 | Opp label coverage: 0.82
Step 4710791/5000000 | Win rate (rollout): 0.78 | Loss: 0.042 | Opp label coverage: 0.81
Step 4711303/5000000 | Win rate (rollout): 0.47 | Loss: 0.091 | Opp label coverage: 0.82
Step 4711815/5000000 | Win rate (rollout): 0.50 | Loss: 0.073 | Opp label coverage: 0.79
Step 4712327/5000000 | Win rate (rollout): 0.38 | Loss: 0.112 | Opp label coverage: 0.82
Step 4712841/5000000 | Win rate (rollout): 0.60 | Loss: 0.018 | Opp label coverage: 0.91
Step 4713353/5000000 | Win rate (rollout): 0.55 | Loss: 0.085 | Opp label coverage: 0.80
Step 4713865/5000000 | Win rate (rollout): 0.67 | Loss: 0.050 | Opp label coverage: 0.92
Step 4714377/5000000 | Win rate (rollout): 0.38 | Loss: 0.058 | Opp label coverage: 0.79
Step 4714889/5000000 | Win rate (rollout): 0.60 | Loss: 0.046 | Opp label coverage: 0.85
Step 4715406/5000000 | Win rate (rollout): 0.80 | Loss: 0.051 | Opp label coverage: 0.92
Step 4715918/5000000 | Win rate (rollout): 0.64 | Loss: 0.089 | Opp label coverage: 0.79
Step 4716435/5000000 | Win rate (rollout): 0.56 | Loss: 0.049 | Opp label coverage: 0.91
Step 4716947/5000000 | Win rate (rollout): 0.58 | Loss: 0.084 | Opp label coverage: 0.81
Step 4717464/5000000 | Win rate (rollout): 0.38 | Loss: 0.011 | Opp label coverage: 0.91
Step 4717976/5000000 | Win rate (rollout): 0.73 | Loss: 0.061 | Opp label coverage: 0.85
Step 4718492/5000000 | Win rate (rollout): 0.44 | Loss: 0.067 | Opp label coverage: 0.90
Step 4719008/5000000 | Win rate (rollout): 0.50 | Loss: 0.046 | Opp label coverage: 0.90
Step 4719524/5000000 | Win rate (rollout): 0.62 | Loss: 0.042 | Opp label coverage: 0.91
Step 4720040/5000000 | Win rate (rollout): 0.47 | Loss: 0.111 | Opp label coverage: 0.89
Step 4720555/5000000 | Win rate (rollout): 0.58 | Loss: 0.068 | Opp label coverage: 0.90
Step 4721069/5000000 | Win rate (rollout): 0.42 | Loss: 0.033 | Opp label coverage: 0.89
Step 4721581/5000000 | Win rate (rollout): 0.12 | Loss: 0.059 | Opp label coverage: 0.78
Step 4722093/5000000 | Win rate (rollout): 0.19 | Loss: 0.061 | Opp label coverage: 0.78
Step 4722605/5000000 | Win rate (rollout): 0.60 | Loss: 0.088 | Opp label coverage: 0.82
Step 4723117/5000000 | Win rate (rollout): 0.47 | Loss: 0.069 | Opp label coverage: 0.80
Step 4723633/5000000 | Win rate (rollout): 0.78 | Loss: 0.036 | Opp label coverage: 0.91
Step 4724146/5000000 | Win rate (rollout): 0.58 | Loss: 0.147 | Opp label coverage: 0.93
Step 4724665/5000000 | Win rate (rollout): 0.36 | Loss: 0.068 | Opp label coverage: 0.87
Step 4725177/5000000 | Win rate (rollout): 0.36 | Loss: 0.068 | Opp label coverage: 0.79
Step 4725689/5000000 | Win rate (rollout): 0.50 | Loss: 0.112 | Opp label coverage: 0.81
Step 4726201/5000000 | Win rate (rollout): 0.60 | Loss: 0.075 | Opp label coverage: 0.91
Step 4726713/5000000 | Win rate (rollout): 0.44 | Loss: 0.064 | Opp label coverage: 0.81
Step 4727227/5000000 | Win rate (rollout): 0.70 | Loss: 0.104 | Opp label coverage: 0.90
Step 4727739/5000000 | Win rate (rollout): 0.55 | Loss: 0.080 | Opp label coverage: 0.84
Step 4728251/5000000 | Win rate (rollout): 0.40 | Loss: 0.060 | Opp label coverage: 0.91
Step 4728767/5000000 | Win rate (rollout): 0.67 | Loss: 0.054 | Opp label coverage: 0.90
Step 4729279/5000000 | Win rate (rollout): 0.69 | Loss: 0.058 | Opp label coverage: 0.90
Step 4729791/5000000 | Win rate (rollout): 0.29 | Loss: 0.109 | Opp label coverage: 0.83
Step 4730303/5000000 | Win rate (rollout): 0.36 | Loss: 0.093 | Opp label coverage: 0.81
Step 4730815/5000000 | Win rate (rollout): 0.44 | Loss: 0.059 | Opp label coverage: 0.83
Step 4731327/5000000 | Win rate (rollout): 0.40 | Loss: 0.078 | Opp label coverage: 0.83
Step 4731839/5000000 | Win rate (rollout): 0.64 | Loss: 0.066 | Opp label coverage: 0.78
Step 4732353/5000000 | Win rate (rollout): 0.83 | Loss: 0.034 | Opp label coverage: 0.93
Step 4732866/5000000 | Win rate (rollout): 0.69 | Loss: -0.002 | Opp label coverage: 0.91
Step 4733378/5000000 | Win rate (rollout): 0.67 | Loss: 0.059 | Opp label coverage: 0.80
Step 4733890/5000000 | Win rate (rollout): 0.50 | Loss: 0.088 | Opp label coverage: 0.82
Step 4734409/5000000 | Win rate (rollout): 0.45 | Loss: 0.046 | Opp label coverage: 0.89
Step 4734921/5000000 | Win rate (rollout): 0.50 | Loss: 0.049 | Opp label coverage: 0.81
Step 4735433/5000000 | Win rate (rollout): 0.50 | Loss: 0.067 | Opp label coverage: 0.82
Step 4735947/5000000 | Win rate (rollout): 0.73 | Loss: 0.063 | Opp label coverage: 0.90
Step 4736463/5000000 | Win rate (rollout): 0.42 | Loss: 0.073 | Opp label coverage: 0.90
Step 4736975/5000000 | Win rate (rollout): 0.50 | Loss: 0.063 | Opp label coverage: 0.85
Step 4737490/5000000 | Win rate (rollout): 0.64 | Loss: 0.024 | Opp label coverage: 0.90
Step 4738007/5000000 | Win rate (rollout): 0.56 | Loss: 0.052 | Opp label coverage: 0.91
Step 4738519/5000000 | Win rate (rollout): 0.67 | Loss: 0.063 | Opp label coverage: 0.92
Step 4739034/5000000 | Win rate (rollout): 0.58 | Loss: 0.065 | Opp label coverage: 0.90
Step 4739546/5000000 | Win rate (rollout): 0.36 | Loss: 0.037 | Opp label coverage: 0.83
Step 4740058/5000000 | Win rate (rollout): 0.62 | Loss: 0.065 | Opp label coverage: 0.73
Step 4740570/5000000 | Win rate (rollout): 0.53 | Loss: 0.065 | Opp label coverage: 0.79
Step 4741084/5000000 | Win rate (rollout): 0.60 | Loss: 0.024 | Opp label coverage: 0.91
Step 4741596/5000000 | Win rate (rollout): 0.50 | Loss: 0.073 | Opp label coverage: 0.87
Step 4742108/5000000 | Win rate (rollout): 0.25 | Loss: 0.073 | Opp label coverage: 0.80
Step 4742620/5000000 | Win rate (rollout): 0.33 | Loss: 0.063 | Opp label coverage: 0.76
Step 4743132/5000000 | Win rate (rollout): 0.31 | Loss: 0.085 | Opp label coverage: 0.81
Step 4743644/5000000 | Win rate (rollout): 0.47 | Loss: 0.097 | Opp label coverage: 0.81
Step 4744156/5000000 | Win rate (rollout): 0.38 | Loss: 0.060 | Opp label coverage: 0.81
Step 4744669/5000000 | Win rate (rollout): 0.89 | Loss: -0.013 | Opp label coverage: 0.91
Step 4745182/5000000 | Win rate (rollout): 0.69 | Loss: 0.090 | Opp label coverage: 0.90
Step 4745695/5000000 | Win rate (rollout): 0.70 | Loss: 0.032 | Opp label coverage: 0.92
Step 4746207/5000000 | Win rate (rollout): 0.60 | Loss: 0.049 | Opp label coverage: 0.92
Step 4746719/5000000 | Win rate (rollout): 0.57 | Loss: 0.050 | Opp label coverage: 0.90
Step 4747231/5000000 | Win rate (rollout): 0.33 | Loss: 0.050 | Opp label coverage: 0.80
Step 4747748/5000000 | Win rate (rollout): 0.71 | Loss: 0.045 | Opp label coverage: 0.91
Step 4748264/5000000 | Win rate (rollout): 0.20 | Loss: 0.060 | Opp label coverage: 0.88
Step 4748780/5000000 | Win rate (rollout): 0.43 | Loss: 0.032 | Opp label coverage: 0.90
Step 4749292/5000000 | Win rate (rollout): 0.43 | Loss: 0.030 | Opp label coverage: 0.80
Step 4749807/5000000 | Win rate (rollout): 0.33 | Loss: 0.038 | Opp label coverage: 0.89
[checkpoint] Saved models/ppo/checkpoints/bcft/ppo_step_4750071.pt
Step 4750319/5000000 | Win rate (rollout): 0.67 | Loss: 0.071 | Opp label coverage: 0.84
Step 4750831/5000000 | Win rate (rollout): 0.38 | Loss: 0.079 | Opp label coverage: 0.84
Step 4751343/5000000 | Win rate (rollout): 0.43 | Loss: 0.051 | Opp label coverage: 0.82
Step 4751856/5000000 | Win rate (rollout): 0.38 | Loss: 0.048 | Opp label coverage: 0.89
Step 4752371/5000000 | Win rate (rollout): 0.65 | Loss: 0.049 | Opp label coverage: 0.92
Step 4752883/5000000 | Win rate (rollout): 0.17 | Loss: 0.055 | Opp label coverage: 0.82
Step 4753395/5000000 | Win rate (rollout): 0.50 | Loss: 0.063 | Opp label coverage: 0.91
Step 4753907/5000000 | Win rate (rollout): 0.42 | Loss: 0.070 | Opp label coverage: 0.89
Step 4754419/5000000 | Win rate (rollout): 0.40 | Loss: 0.081 | Opp label coverage: 0.81
Step 4754931/5000000 | Win rate (rollout): 0.50 | Loss: 0.061 | Opp label coverage: 0.87
Step 4755445/5000000 | Win rate (rollout): 0.46 | Loss: 0.085 | Opp label coverage: 0.88
Step 4755962/5000000 | Win rate (rollout): 0.21 | Loss: 0.065 | Opp label coverage: 0.89
Step 4756474/5000000 | Win rate (rollout): 0.33 | Loss: 0.064 | Opp label coverage: 0.85
Step 4756986/5000000 | Win rate (rollout): 0.62 | Loss: 0.057 | Opp label coverage: 0.84
Step 4757498/5000000 | Win rate (rollout): 0.46 | Loss: 0.069 | Opp label coverage: 0.79
Step 4758010/5000000 | Win rate (rollout): 0.62 | Loss: 0.081 | Opp label coverage: 0.82
Step 4758522/5000000 | Win rate (rollout): 0.47 | Loss: 0.094 | Opp label coverage: 0.82
Step 4759037/5000000 | Win rate (rollout): 0.58 | Loss: 0.126 | Opp label coverage: 0.89
Step 4759549/5000000 | Win rate (rollout): 0.46 | Loss: 0.061 | Opp label coverage: 0.80
Step 4760067/5000000 | Win rate (rollout): 0.50 | Loss: 0.094 | Opp label coverage: 0.88
Step 4760579/5000000 | Win rate (rollout): 0.46 | Loss: 0.038 | Opp label coverage: 0.82
Step 4761091/5000000 | Win rate (rollout): 0.31 | Loss: 0.081 | Opp label coverage: 0.81
Step 4761603/5000000 | Win rate (rollout): 0.31 | Loss: 0.111 | Opp label coverage: 0.81
Step 4762122/5000000 | Win rate (rollout): 0.89 | Loss: 0.032 | Opp label coverage: 0.91
Step 4762639/5000000 | Win rate (rollout): 0.38 | Loss: 0.049 | Opp label coverage: 0.90
Step 4763158/5000000 | Win rate (rollout): 0.75 | Loss: 0.142 | Opp label coverage: 0.91
Step 4763673/5000000 | Win rate (rollout): 0.85 | Loss: 0.009 | Opp label coverage: 0.90
Step 4764185/5000000 | Win rate (rollout): 0.46 | Loss: 0.058 | Opp label coverage: 0.80
Step 4764697/5000000 | Win rate (rollout): 0.70 | Loss: 0.026 | Opp label coverage: 0.83
Step 4765215/5000000 | Win rate (rollout): 0.55 | Loss: 0.048 | Opp label coverage: 0.89
Step 4765727/5000000 | Win rate (rollout): 0.42 | Loss: 0.056 | Opp label coverage: 0.79
Step 4766239/5000000 | Win rate (rollout): 0.62 | Loss: 0.065 | Opp label coverage: 0.88
Step 4766753/5000000 | Win rate (rollout): 0.50 | Loss: 0.047 | Opp label coverage: 0.92
Step 4767265/5000000 | Win rate (rollout): 0.29 | Loss: 0.039 | Opp label coverage: 0.87
Step 4767777/5000000 | Win rate (rollout): 0.69 | Loss: 0.069 | Opp label coverage: 0.83
Step 4768289/5000000 | Win rate (rollout): 0.62 | Loss: 0.060 | Opp label coverage: 0.90
Step 4768801/5000000 | Win rate (rollout): 0.43 | Loss: 0.052 | Opp label coverage: 0.86
Step 4769313/5000000 | Win rate (rollout): 0.33 | Loss: 0.057 | Opp label coverage: 0.85
Step 4769825/5000000 | Win rate (rollout): 0.19 | Loss: 0.034 | Opp label coverage: 0.81
Step 4770337/5000000 | Win rate (rollout): 0.50 | Loss: 0.055 | Opp label coverage: 0.90
Step 4770849/5000000 | Win rate (rollout): 0.75 | Loss: 0.050 | Opp label coverage: 0.84
Step 4771361/5000000 | Win rate (rollout): 0.25 | Loss: 0.064 | Opp label coverage: 0.83
Step 4771874/5000000 | Win rate (rollout): 0.33 | Loss: 0.054 | Opp label coverage: 0.90
Step 4772386/5000000 | Win rate (rollout): 0.67 | Loss: 0.061 | Opp label coverage: 0.82
Step 4772904/5000000 | Win rate (rollout): 0.50 | Loss: 0.044 | Opp label coverage: 0.89
Step 4773416/5000000 | Win rate (rollout): 0.23 | Loss: 0.066 | Opp label coverage: 0.78
Step 4773929/5000000 | Win rate (rollout): 0.44 | Loss: 0.099 | Opp label coverage: 0.90
Step 4774442/5000000 | Win rate (rollout): 0.64 | Loss: 0.027 | Opp label coverage: 0.92
Step 4774954/5000000 | Win rate (rollout): 0.36 | Loss: 0.064 | Opp label coverage: 0.83
Step 4775466/5000000 | Win rate (rollout): 0.14 | Loss: 0.043 | Opp label coverage: 0.78
Step 4775978/5000000 | Win rate (rollout): 0.36 | Loss: 0.057 | Opp label coverage: 0.82
Step 4776490/5000000 | Win rate (rollout): 0.12 | Loss: 0.054 | Opp label coverage: 0.80
Step 4777002/5000000 | Win rate (rollout): 0.62 | Loss: 0.111 | Opp label coverage: 0.80
Step 4777514/5000000 | Win rate (rollout): 0.31 | Loss: 0.065 | Opp label coverage: 0.80
Step 4778027/5000000 | Win rate (rollout): 0.20 | Loss: 0.071 | Opp label coverage: 0.89
Step 4778544/5000000 | Win rate (rollout): 0.62 | Loss: 0.090 | Opp label coverage: 0.90
Step 4779058/5000000 | Win rate (rollout): 0.64 | Loss: 0.064 | Opp label coverage: 0.89
Step 4779570/5000000 | Win rate (rollout): 0.64 | Loss: 0.079 | Opp label coverage: 0.81
Step 4780082/5000000 | Win rate (rollout): 0.25 | Loss: 0.046 | Opp label coverage: 0.88
Step 4780594/5000000 | Win rate (rollout): 0.67 | Loss: 0.073 | Opp label coverage: 0.82
Step 4781110/5000000 | Win rate (rollout): 0.78 | Loss: 0.042 | Opp label coverage: 0.91
Step 4781622/5000000 | Win rate (rollout): 0.75 | Loss: 0.035 | Opp label coverage: 0.87
Step 4782134/5000000 | Win rate (rollout): 0.33 | Loss: 0.061 | Opp label coverage: 0.81
Step 4782646/5000000 | Win rate (rollout): 0.46 | Loss: 0.058 | Opp label coverage: 0.83
Step 4783161/5000000 | Win rate (rollout): 0.70 | Loss: 0.131 | Opp label coverage: 0.91
Step 4783674/5000000 | Win rate (rollout): 0.54 | Loss: 0.069 | Opp label coverage: 0.89
Step 4784189/5000000 | Win rate (rollout): 0.46 | Loss: 0.052 | Opp label coverage: 0.90
Step 4784701/5000000 | Win rate (rollout): 0.50 | Loss: 0.058 | Opp label coverage: 0.80
Step 4785215/5000000 | Win rate (rollout): 0.50 | Loss: 0.076 | Opp label coverage: 0.89
Step 4785729/5000000 | Win rate (rollout): 0.64 | Loss: 0.083 | Opp label coverage: 0.91
Step 4786246/5000000 | Win rate (rollout): 0.82 | Loss: 0.026 | Opp label coverage: 0.90
Step 4786761/5000000 | Win rate (rollout): 0.62 | Loss: 0.013 | Opp label coverage: 0.91
Step 4787273/5000000 | Win rate (rollout): 0.46 | Loss: 0.058 | Opp label coverage: 0.84
Step 4787788/5000000 | Win rate (rollout): 0.10 | Loss: -0.016 | Opp label coverage: 0.87
Step 4788300/5000000 | Win rate (rollout): 0.50 | Loss: 0.054 | Opp label coverage: 0.85
Step 4788812/5000000 | Win rate (rollout): 0.19 | Loss: 0.059 | Opp label coverage: 0.81
Step 4789324/5000000 | Win rate (rollout): 0.62 | Loss: 0.112 | Opp label coverage: 0.81
Step 4789839/5000000 | Win rate (rollout): 0.60 | Loss: 0.086 | Opp label coverage: 0.90
Step 4790356/5000000 | Win rate (rollout): 0.43 | Loss: 0.082 | Opp label coverage: 0.90
Step 4790869/5000000 | Win rate (rollout): 0.23 | Loss: 0.047 | Opp label coverage: 0.90
Step 4791383/5000000 | Win rate (rollout): 0.67 | Loss: 0.069 | Opp label coverage: 0.89
Step 4791895/5000000 | Win rate (rollout): 0.55 | Loss: 0.074 | Opp label coverage: 0.85
Step 4792407/5000000 | Win rate (rollout): 0.44 | Loss: 0.042 | Opp label coverage: 0.77
Step 4792926/5000000 | Win rate (rollout): 1.00 | Loss: 0.056 | Opp label coverage: 0.92
Step 4793441/5000000 | Win rate (rollout): 0.47 | Loss: 0.087 | Opp label coverage: 0.89
Step 4793954/5000000 | Win rate (rollout): 0.57 | Loss: -0.007 | Opp label coverage: 0.88
Step 4794466/5000000 | Win rate (rollout): 0.70 | Loss: 0.094 | Opp label coverage: 0.84
Step 4794985/5000000 | Win rate (rollout): 0.42 | Loss: 0.046 | Opp label coverage: 0.88
Step 4795497/5000000 | Win rate (rollout): 0.27 | Loss: 0.043 | Opp label coverage: 0.82
Step 4796009/5000000 | Win rate (rollout): 0.50 | Loss: 0.097 | Opp label coverage: 0.82
Step 4796528/5000000 | Win rate (rollout): 0.30 | Loss: 0.055 | Opp label coverage: 0.91
Step 4797040/5000000 | Win rate (rollout): 0.36 | Loss: 0.049 | Opp label coverage: 0.79
Step 4797553/5000000 | Win rate (rollout): 0.73 | Loss: 0.118 | Opp label coverage: 0.92
Step 4798068/5000000 | Win rate (rollout): 0.43 | Loss: 0.108 | Opp label coverage: 0.90
Step 4798580/5000000 | Win rate (rollout): 0.33 | Loss: 0.045 | Opp label coverage: 0.88
Step 4799092/5000000 | Win rate (rollout): 0.50 | Loss: 0.040 | Opp label coverage: 0.78
Step 4799606/5000000 | Win rate (rollout): 0.62 | Loss: 0.092 | Opp label coverage: 0.91
Step 4800120/5000000 | Win rate (rollout): 0.60 | Loss: 0.052 | Opp label coverage: 0.88
Step 4800639/5000000 | Win rate (rollout): 0.69 | Loss: 0.072 | Opp label coverage: 0.88
Step 4801154/5000000 | Win rate (rollout): 0.55 | Loss: -0.013 | Opp label coverage: 0.92
Step 4801666/5000000 | Win rate (rollout): 0.50 | Loss: 0.038 | Opp label coverage: 0.85
Step 4802180/5000000 | Win rate (rollout): 0.20 | Loss: 0.029 | Opp label coverage: 0.89
Step 4802692/5000000 | Win rate (rollout): 0.45 | Loss: 0.056 | Opp label coverage: 0.80
Step 4803204/5000000 | Win rate (rollout): 0.40 | Loss: 0.077 | Opp label coverage: 0.82
Step 4803716/5000000 | Win rate (rollout): 0.50 | Loss: 0.035 | Opp label coverage: 0.82
Step 4804229/5000000 | Win rate (rollout): 0.64 | Loss: 0.025 | Opp label coverage: 0.91
Step 4804741/5000000 | Win rate (rollout): 0.57 | Loss: 0.049 | Opp label coverage: 0.80
Step 4805253/5000000 | Win rate (rollout): 0.20 | Loss: 0.069 | Opp label coverage: 0.81
Step 4805768/5000000 | Win rate (rollout): 0.27 | Loss: 0.024 | Opp label coverage: 0.89
Step 4806280/5000000 | Win rate (rollout): 0.62 | Loss: 0.054 | Opp label coverage: 0.84
Step 4806792/5000000 | Win rate (rollout): 0.20 | Loss: 0.052 | Opp label coverage: 0.82
Step 4807304/5000000 | Win rate (rollout): 0.64 | Loss: 0.054 | Opp label coverage: 0.90
Step 4807816/5000000 | Win rate (rollout): 0.43 | Loss: 0.108 | Opp label coverage: 0.88
Step 4808330/5000000 | Win rate (rollout): 0.71 | Loss: 0.048 | Opp label coverage: 0.90
Step 4808848/5000000 | Win rate (rollout): 0.60 | Loss: 0.034 | Opp label coverage: 0.91
Step 4809360/5000000 | Win rate (rollout): 0.75 | Loss: 0.054 | Opp label coverage: 0.89
Step 4809872/5000000 | Win rate (rollout): 0.43 | Loss: 0.055 | Opp label coverage: 0.85
Step 4810389/5000000 | Win rate (rollout): 0.60 | Loss: 0.021 | Opp label coverage: 0.90
Step 4810901/5000000 | Win rate (rollout): 0.50 | Loss: 0.062 | Opp label coverage: 0.74
Step 4811413/5000000 | Win rate (rollout): 0.50 | Loss: 0.066 | Opp label coverage: 0.83
Step 4811925/5000000 | Win rate (rollout): 0.23 | Loss: 0.058 | Opp label coverage: 0.80
Step 4812437/5000000 | Win rate (rollout): 0.25 | Loss: 0.064 | Opp label coverage: 0.79
Step 4812949/5000000 | Win rate (rollout): 0.36 | Loss: 0.062 | Opp label coverage: 0.81
Step 4813467/5000000 | Win rate (rollout): 0.44 | Loss: 0.069 | Opp label coverage: 0.88
Step 4813979/5000000 | Win rate (rollout): 0.62 | Loss: 0.080 | Opp label coverage: 0.91
Step 4814498/5000000 | Win rate (rollout): 0.36 | Loss: 0.071 | Opp label coverage: 0.90
Step 4815010/5000000 | Win rate (rollout): 0.50 | Loss: 0.060 | Opp label coverage: 0.79
Step 4815522/5000000 | Win rate (rollout): 0.44 | Loss: 0.057 | Opp label coverage: 0.83
Step 4816035/5000000 | Win rate (rollout): 0.56 | Loss: 0.010 | Opp label coverage: 0.90
Step 4816547/5000000 | Win rate (rollout): 0.50 | Loss: 0.076 | Opp label coverage: 0.77
Step 4817065/5000000 | Win rate (rollout): 0.50 | Loss: 0.041 | Opp label coverage: 0.91
Step 4817577/5000000 | Win rate (rollout): 0.62 | Loss: 0.072 | Opp label coverage: 0.86
Step 4818089/5000000 | Win rate (rollout): 0.56 | Loss: 0.065 | Opp label coverage: 0.90
Step 4818605/5000000 | Win rate (rollout): 0.62 | Loss: -0.021 | Opp label coverage: 0.91
Step 4819118/5000000 | Win rate (rollout): 0.62 | Loss: 0.048 | Opp label coverage: 0.92
Step 4819630/5000000 | Win rate (rollout): 0.64 | Loss: 0.064 | Opp label coverage: 0.90
Step 4820142/5000000 | Win rate (rollout): 0.25 | Loss: 0.066 | Opp label coverage: 0.83
Step 4820660/5000000 | Win rate (rollout): 0.25 | Loss: 0.013 | Opp label coverage: 0.91
Step 4821178/5000000 | Win rate (rollout): 0.57 | Loss: 0.068 | Opp label coverage: 0.88
Step 4821692/5000000 | Win rate (rollout): 0.50 | Loss: 0.087 | Opp label coverage: 0.90
Step 4822209/5000000 | Win rate (rollout): 0.67 | Loss: 0.070 | Opp label coverage: 0.91
Step 4822726/5000000 | Win rate (rollout): 0.38 | Loss: 0.059 | Opp label coverage: 0.89
Step 4823238/5000000 | Win rate (rollout): 0.46 | Loss: 0.078 | Opp label coverage: 0.89
Step 4823753/5000000 | Win rate (rollout): 0.50 | Loss: 0.051 | Opp label coverage: 0.93
Step 4824271/5000000 | Win rate (rollout): 0.62 | Loss: 0.049 | Opp label coverage: 0.92
Step 4824783/5000000 | Win rate (rollout): 0.56 | Loss: 0.054 | Opp label coverage: 0.84
Step 4825299/5000000 | Win rate (rollout): 0.82 | Loss: 0.005 | Opp label coverage: 0.92
Step 4825812/5000000 | Win rate (rollout): 0.55 | Loss: 0.064 | Opp label coverage: 0.91
Step 4826324/5000000 | Win rate (rollout): 0.25 | Loss: 0.037 | Opp label coverage: 0.81
Step 4826840/5000000 | Win rate (rollout): 0.44 | Loss: 0.029 | Opp label coverage: 0.90
Step 4827352/5000000 | Win rate (rollout): 0.38 | Loss: 0.062 | Opp label coverage: 0.79
Step 4827864/5000000 | Win rate (rollout): 0.36 | Loss: 0.053 | Opp label coverage: 0.82
Step 4828376/5000000 | Win rate (rollout): 0.37 | Loss: 0.105 | Opp label coverage: 0.82
Step 4828888/5000000 | Win rate (rollout): 0.73 | Loss: 0.079 | Opp label coverage: 0.86
Step 4829400/5000000 | Win rate (rollout): 0.78 | Loss: 0.041 | Opp label coverage: 0.89
Step 4829915/5000000 | Win rate (rollout): 0.47 | Loss: 0.114 | Opp label coverage: 0.90
Step 4830427/5000000 | Win rate (rollout): 0.31 | Loss: 0.064 | Opp label coverage: 0.89
Step 4830944/5000000 | Win rate (rollout): 0.46 | Loss: 0.092 | Opp label coverage: 0.90
Step 4831456/5000000 | Win rate (rollout): 0.44 | Loss: 0.062 | Opp label coverage: 0.80
Step 4831972/5000000 | Win rate (rollout): 0.70 | Loss: 0.101 | Opp label coverage: 0.90
Step 4832484/5000000 | Win rate (rollout): 0.75 | Loss: 0.069 | Opp label coverage: 0.80
Step 4832996/5000000 | Win rate (rollout): 0.78 | Loss: 0.045 | Opp label coverage: 0.83
Step 4833513/5000000 | Win rate (rollout): 0.57 | Loss: 0.056 | Opp label coverage: 0.91
Step 4834029/5000000 | Win rate (rollout): 0.53 | Loss: 0.060 | Opp label coverage: 0.89
Step 4834544/5000000 | Win rate (rollout): 0.57 | Loss: 0.029 | Opp label coverage: 0.90
Step 4835056/5000000 | Win rate (rollout): 0.33 | Loss: 0.088 | Opp label coverage: 0.86
Step 4835574/5000000 | Win rate (rollout): 0.25 | Loss: 0.085 | Opp label coverage: 0.90
Step 4836086/5000000 | Win rate (rollout): 0.50 | Loss: 0.047 | Opp label coverage: 0.93
Step 4836599/5000000 | Win rate (rollout): 0.54 | Loss: 0.100 | Opp label coverage: 0.91
Step 4837111/5000000 | Win rate (rollout): 0.58 | Loss: 0.043 | Opp label coverage: 0.93
Step 4837623/5000000 | Win rate (rollout): 0.58 | Loss: 0.054 | Opp label coverage: 0.90
Step 4838135/5000000 | Win rate (rollout): 0.56 | Loss: 0.045 | Opp label coverage: 0.82
Step 4838647/5000000 | Win rate (rollout): 0.36 | Loss: 0.075 | Opp label coverage: 0.80
Step 4839163/5000000 | Win rate (rollout): 0.67 | Loss: 0.031 | Opp label coverage: 0.93
Step 4839677/5000000 | Win rate (rollout): 0.53 | Loss: 0.028 | Opp label coverage: 0.88
Step 4840189/5000000 | Win rate (rollout): 0.71 | Loss: 0.059 | Opp label coverage: 0.87
Step 4840702/5000000 | Win rate (rollout): 0.50 | Loss: 0.011 | Opp label coverage: 0.88
Step 4841214/5000000 | Win rate (rollout): 0.43 | Loss: 0.038 | Opp label coverage: 0.88
Step 4841726/5000000 | Win rate (rollout): 0.29 | Loss: 0.082 | Opp label coverage: 0.88
Step 4842242/5000000 | Win rate (rollout): 0.27 | Loss: 0.054 | Opp label coverage: 0.91
Step 4842755/5000000 | Win rate (rollout): 0.38 | Loss: 0.021 | Opp label coverage: 0.92
Step 4843272/5000000 | Win rate (rollout): 0.62 | Loss: 0.089 | Opp label coverage: 0.89
Step 4843789/5000000 | Win rate (rollout): 0.69 | Loss: 0.069 | Opp label coverage: 0.89
Step 4844306/5000000 | Win rate (rollout): 0.31 | Loss: 0.114 | Opp label coverage: 0.89
Step 4844823/5000000 | Win rate (rollout): 0.38 | Loss: 0.072 | Opp label coverage: 0.90
Step 4845335/5000000 | Win rate (rollout): 0.42 | Loss: 0.068 | Opp label coverage: 0.82
Step 4845847/5000000 | Win rate (rollout): 0.31 | Loss: 0.066 | Opp label coverage: 0.82
Step 4846359/5000000 | Win rate (rollout): 0.29 | Loss: 0.040 | Opp label coverage: 0.85
Step 4846874/5000000 | Win rate (rollout): 0.44 | Loss: 0.034 | Opp label coverage: 0.90
Step 4847386/5000000 | Win rate (rollout): 0.62 | Loss: 0.070 | Opp label coverage: 0.83
Step 4847898/5000000 | Win rate (rollout): 0.30 | Loss: 0.051 | Opp label coverage: 0.82
Step 4848410/5000000 | Win rate (rollout): 0.25 | Loss: 0.044 | Opp label coverage: 0.78
Step 4848922/5000000 | Win rate (rollout): 0.19 | Loss: 0.063 | Opp label coverage: 0.79
Step 4849434/5000000 | Win rate (rollout): 0.42 | Loss: 0.061 | Opp label coverage: 0.81
Step 4849946/5000000 | Win rate (rollout): 0.50 | Loss: 0.064 | Opp label coverage: 0.83
Step 4850458/5000000 | Win rate (rollout): 0.36 | Loss: 0.067 | Opp label coverage: 0.76
Step 4850976/5000000 | Win rate (rollout): 0.44 | Loss: 0.026 | Opp label coverage: 0.91
Step 4851492/5000000 | Win rate (rollout): 0.64 | Loss: 0.101 | Opp label coverage: 0.91
Step 4852010/5000000 | Win rate (rollout): 0.46 | Loss: 0.011 | Opp label coverage: 0.90
Step 4852526/5000000 | Win rate (rollout): 0.30 | Loss: 0.057 | Opp label coverage: 0.91
Step 4853042/5000000 | Win rate (rollout): 0.43 | Loss: 0.060 | Opp label coverage: 0.89
Step 4853554/5000000 | Win rate (rollout): 0.30 | Loss: 0.037 | Opp label coverage: 0.77
Step 4854070/5000000 | Win rate (rollout): 0.40 | Loss: 0.077 | Opp label coverage: 0.88
Step 4854586/5000000 | Win rate (rollout): 0.29 | Loss: 0.087 | Opp label coverage: 0.91
Step 4855101/5000000 | Win rate (rollout): 0.31 | Loss: 0.071 | Opp label coverage: 0.90
Step 4855618/5000000 | Win rate (rollout): 0.53 | Loss: 0.066 | Opp label coverage: 0.90
Step 4856130/5000000 | Win rate (rollout): 0.08 | Loss: 0.021 | Opp label coverage: 0.86
Step 4856642/5000000 | Win rate (rollout): 0.22 | Loss: 0.051 | Opp label coverage: 0.87
Step 4857160/5000000 | Win rate (rollout): 0.50 | Loss: 0.037 | Opp label coverage: 0.91
Step 4857672/5000000 | Win rate (rollout): 0.17 | Loss: 0.038 | Opp label coverage: 0.79
Step 4858189/5000000 | Win rate (rollout): 0.45 | Loss: 0.057 | Opp label coverage: 0.89
Step 4858701/5000000 | Win rate (rollout): 0.38 | Loss: 0.043 | Opp label coverage: 0.90
Step 4859214/5000000 | Win rate (rollout): 0.58 | Loss: 0.165 | Opp label coverage: 0.90
Step 4859726/5000000 | Win rate (rollout): 0.60 | Loss: 0.055 | Opp label coverage: 0.83
Step 4860238/5000000 | Win rate (rollout): 0.44 | Loss: 0.059 | Opp label coverage: 0.84
Step 4860753/5000000 | Win rate (rollout): 0.50 | Loss: 0.110 | Opp label coverage: 0.90
Step 4861267/5000000 | Win rate (rollout): 0.82 | Loss: 0.076 | Opp label coverage: 0.93
Step 4861786/5000000 | Win rate (rollout): 0.58 | Loss: 0.045 | Opp label coverage: 0.92
Step 4862298/5000000 | Win rate (rollout): 0.78 | Loss: 0.058 | Opp label coverage: 0.82
Step 4862811/5000000 | Win rate (rollout): 0.36 | Loss: 0.063 | Opp label coverage: 0.89
Step 4863326/5000000 | Win rate (rollout): 0.55 | Loss: 0.097 | Opp label coverage: 0.92
Step 4863843/5000000 | Win rate (rollout): 0.30 | Loss: 0.019 | Opp label coverage: 0.91
Step 4864359/5000000 | Win rate (rollout): 0.50 | Loss: 0.088 | Opp label coverage: 0.89
Step 4864871/5000000 | Win rate (rollout): 0.64 | Loss: 0.054 | Opp label coverage: 0.91
Step 4865383/5000000 | Win rate (rollout): 0.71 | Loss: 0.047 | Opp label coverage: 0.87
Step 4865895/5000000 | Win rate (rollout): 0.42 | Loss: 0.041 | Opp label coverage: 0.78
Step 4866407/5000000 | Win rate (rollout): 0.25 | Loss: 0.055 | Opp label coverage: 0.89
Step 4866923/5000000 | Win rate (rollout): 0.38 | Loss: 0.040 | Opp label coverage: 0.90
Step 4867435/5000000 | Win rate (rollout): 0.29 | Loss: 0.048 | Opp label coverage: 0.86
Step 4867947/5000000 | Win rate (rollout): 0.58 | Loss: 0.085 | Opp label coverage: 0.86
Step 4868459/5000000 | Win rate (rollout): 0.88 | Loss: 0.061 | Opp label coverage: 0.87
Step 4868971/5000000 | Win rate (rollout): 0.09 | Loss: 0.041 | Opp label coverage: 0.83
Step 4869483/5000000 | Win rate (rollout): 0.56 | Loss: 0.062 | Opp label coverage: 0.83
Step 4870000/5000000 | Win rate (rollout): 0.67 | Loss: 0.057 | Opp label coverage: 0.91
Step 4870512/5000000 | Win rate (rollout): 0.44 | Loss: 0.079 | Opp label coverage: 0.83
Step 4871025/5000000 | Win rate (rollout): 0.44 | Loss: 0.001 | Opp label coverage: 0.89
Step 4871537/5000000 | Win rate (rollout): 0.23 | Loss: 0.074 | Opp label coverage: 0.85
Step 4872052/5000000 | Win rate (rollout): 0.38 | Loss: 0.121 | Opp label coverage: 0.90
Step 4872564/5000000 | Win rate (rollout): 0.44 | Loss: 0.047 | Opp label coverage: 0.82
Step 4873076/5000000 | Win rate (rollout): 0.36 | Loss: 0.065 | Opp label coverage: 0.78
Step 4873588/5000000 | Win rate (rollout): 0.56 | Loss: 0.045 | Opp label coverage: 0.91
Step 4874104/5000000 | Win rate (rollout): 0.64 | Loss: 0.035 | Opp label coverage: 0.91
Step 4874617/5000000 | Win rate (rollout): 0.38 | Loss: 0.012 | Opp label coverage: 0.88
Step 4875136/5000000 | Win rate (rollout): 0.46 | Loss: 0.056 | Opp label coverage: 0.90
Step 4875651/5000000 | Win rate (rollout): 0.27 | Loss: 0.039 | Opp label coverage: 0.90
Step 4876163/5000000 | Win rate (rollout): 0.46 | Loss: 0.069 | Opp label coverage: 0.85
Step 4876675/5000000 | Win rate (rollout): 0.50 | Loss: 0.069 | Opp label coverage: 0.80
Step 4877187/5000000 | Win rate (rollout): 0.41 | Loss: 0.070 | Opp label coverage: 0.83
Step 4877699/5000000 | Win rate (rollout): 0.36 | Loss: 0.095 | Opp label coverage: 0.81
Step 4878211/5000000 | Win rate (rollout): 0.27 | Loss: 0.082 | Opp label coverage: 0.80
Step 4878723/5000000 | Win rate (rollout): 0.25 | Loss: 0.035 | Opp label coverage: 0.81
Step 4879235/5000000 | Win rate (rollout): 0.20 | Loss: 0.055 | Opp label coverage: 0.80
Step 4879747/5000000 | Win rate (rollout): 0.56 | Loss: 0.071 | Opp label coverage: 0.85
Step 4880264/5000000 | Win rate (rollout): 0.56 | Loss: 0.028 | Opp label coverage: 0.91
Step 4880776/5000000 | Win rate (rollout): 0.44 | Loss: 0.061 | Opp label coverage: 0.81
Step 4881289/5000000 | Win rate (rollout): 0.67 | Loss: 0.041 | Opp label coverage: 0.91
Step 4881804/5000000 | Win rate (rollout): 0.36 | Loss: 0.072 | Opp label coverage: 0.89
Step 4882316/5000000 | Win rate (rollout): 0.31 | Loss: 0.052 | Opp label coverage: 0.82
Step 4882829/5000000 | Win rate (rollout): 0.56 | Loss: -0.001 | Opp label coverage: 0.90
Step 4883346/5000000 | Win rate (rollout): 0.46 | Loss: 0.065 | Opp label coverage: 0.91
Step 4883858/5000000 | Win rate (rollout): 0.11 | Loss: 0.047 | Opp label coverage: 0.80
Step 4884376/5000000 | Win rate (rollout): 0.56 | Loss: 0.072 | Opp label coverage: 0.91
Step 4884893/5000000 | Win rate (rollout): 0.57 | Loss: 0.048 | Opp label coverage: 0.91
Step 4885408/5000000 | Win rate (rollout): 0.33 | Loss: -0.028 | Opp label coverage: 0.90
Step 4885925/5000000 | Win rate (rollout): 0.18 | Loss: 0.079 | Opp label coverage: 0.90
Step 4886441/5000000 | Win rate (rollout): 0.69 | Loss: 0.034 | Opp label coverage: 0.90
Step 4886957/5000000 | Win rate (rollout): 0.25 | Loss: 0.048 | Opp label coverage: 0.89
Step 4887472/5000000 | Win rate (rollout): 0.47 | Loss: 0.021 | Opp label coverage: 0.90
Step 4887984/5000000 | Win rate (rollout): 0.45 | Loss: 0.064 | Opp label coverage: 0.77
Step 4888496/5000000 | Win rate (rollout): 0.23 | Loss: 0.039 | Opp label coverage: 0.82
Step 4889013/5000000 | Win rate (rollout): 0.36 | Loss: 0.036 | Opp label coverage: 0.88
Step 4889525/5000000 | Win rate (rollout): 0.67 | Loss: 0.058 | Opp label coverage: 0.84
Step 4890040/5000000 | Win rate (rollout): 0.50 | Loss: 0.082 | Opp label coverage: 0.91
Step 4890558/5000000 | Win rate (rollout): 0.62 | Loss: 0.055 | Opp label coverage: 0.91
Step 4891070/5000000 | Win rate (rollout): 0.36 | Loss: 0.077 | Opp label coverage: 0.75
Step 4891586/5000000 | Win rate (rollout): 0.60 | Loss: 0.099 | Opp label coverage: 0.91
Step 4892098/5000000 | Win rate (rollout): 0.67 | Loss: 0.069 | Opp label coverage: 0.84
Step 4892614/5000000 | Win rate (rollout): 0.78 | Loss: 0.006 | Opp label coverage: 0.90
Step 4893126/5000000 | Win rate (rollout): 0.42 | Loss: 0.064 | Opp label coverage: 0.81
Step 4893639/5000000 | Win rate (rollout): 0.27 | Loss: -0.030 | Opp label coverage: 0.88
Step 4894151/5000000 | Win rate (rollout): 0.67 | Loss: 0.047 | Opp label coverage: 0.80
Step 4894663/5000000 | Win rate (rollout): 0.46 | Loss: 0.106 | Opp label coverage: 0.84
Step 4895175/5000000 | Win rate (rollout): 0.33 | Loss: 0.088 | Opp label coverage: 0.80
Step 4895689/5000000 | Win rate (rollout): 0.43 | Loss: 0.081 | Opp label coverage: 0.89
Step 4896202/5000000 | Win rate (rollout): 0.50 | Loss: 0.036 | Opp label coverage: 0.90
Step 4896714/5000000 | Win rate (rollout): 0.45 | Loss: 0.097 | Opp label coverage: 0.79
Step 4897226/5000000 | Win rate (rollout): 0.43 | Loss: 0.055 | Opp label coverage: 0.83
Step 4897738/5000000 | Win rate (rollout): 0.55 | Loss: 0.050 | Opp label coverage: 0.83
Step 4898250/5000000 | Win rate (rollout): 0.50 | Loss: 0.045 | Opp label coverage: 0.91
Step 4898766/5000000 | Win rate (rollout): 0.46 | Loss: 0.044 | Opp label coverage: 0.90
Step 4899278/5000000 | Win rate (rollout): 0.45 | Loss: 0.073 | Opp label coverage: 0.81
Step 4899792/5000000 | Win rate (rollout): 0.25 | Loss: 0.092 | Opp label coverage: 0.90
Step 4900306/5000000 | Win rate (rollout): 0.69 | Loss: 0.048 | Opp label coverage: 0.88
Step 4900818/5000000 | Win rate (rollout): 0.45 | Loss: 0.059 | Opp label coverage: 0.82
Step 4901334/5000000 | Win rate (rollout): 0.33 | Loss: 0.051 | Opp label coverage: 0.90
Step 4901846/5000000 | Win rate (rollout): 0.18 | Loss: 0.054 | Opp label coverage: 0.80
Step 4902363/5000000 | Win rate (rollout): 0.50 | Loss: 0.112 | Opp label coverage: 0.89
Step 4902879/5000000 | Win rate (rollout): 0.44 | Loss: 0.024 | Opp label coverage: 0.86
Step 4903392/5000000 | Win rate (rollout): 0.42 | Loss: 0.081 | Opp label coverage: 0.90
Step 4903904/5000000 | Win rate (rollout): 0.17 | Loss: 0.070 | Opp label coverage: 0.81
Step 4904419/5000000 | Win rate (rollout): 0.67 | Loss: 0.052 | Opp label coverage: 0.91
Step 4904931/5000000 | Win rate (rollout): 0.71 | Loss: 0.057 | Opp label coverage: 0.92
Step 4905443/5000000 | Win rate (rollout): 0.54 | Loss: 0.072 | Opp label coverage: 0.81
Step 4905955/5000000 | Win rate (rollout): 0.38 | Loss: 0.062 | Opp label coverage: 0.82
Step 4906467/5000000 | Win rate (rollout): 0.67 | Loss: 0.081 | Opp label coverage: 0.79
Step 4906979/5000000 | Win rate (rollout): 0.31 | Loss: 0.061 | Opp label coverage: 0.79
Step 4907491/5000000 | Win rate (rollout): 0.47 | Loss: 0.085 | Opp label coverage: 0.82
Step 4908005/5000000 | Win rate (rollout): 0.43 | Loss: 0.040 | Opp label coverage: 0.91
Step 4908517/5000000 | Win rate (rollout): 0.25 | Loss: 0.050 | Opp label coverage: 0.84
Step 4909029/5000000 | Win rate (rollout): 0.50 | Loss: 0.037 | Opp label coverage: 0.76
Step 4909541/5000000 | Win rate (rollout): 0.43 | Loss: 0.064 | Opp label coverage: 0.77
Step 4910057/5000000 | Win rate (rollout): 0.64 | Loss: 0.075 | Opp label coverage: 0.89
Step 4910573/5000000 | Win rate (rollout): 0.46 | Loss: 0.097 | Opp label coverage: 0.90
Step 4911085/5000000 | Win rate (rollout): 0.40 | Loss: 0.044 | Opp label coverage: 0.83
Step 4911597/5000000 | Win rate (rollout): 0.38 | Loss: 0.024 | Opp label coverage: 0.76
Step 4912112/5000000 | Win rate (rollout): 0.25 | Loss: 0.004 | Opp label coverage: 0.90
Step 4912624/5000000 | Win rate (rollout): 0.33 | Loss: 0.099 | Opp label coverage: 0.82
Step 4913137/5000000 | Win rate (rollout): 0.56 | Loss: 0.078 | Opp label coverage: 0.89
Step 4913649/5000000 | Win rate (rollout): 0.44 | Loss: 0.053 | Opp label coverage: 0.80
Step 4914165/5000000 | Win rate (rollout): 0.62 | Loss: 0.066 | Opp label coverage: 0.92
Step 4914680/5000000 | Win rate (rollout): 0.71 | Loss: 0.075 | Opp label coverage: 0.90
Step 4915194/5000000 | Win rate (rollout): 0.64 | Loss: 0.032 | Opp label coverage: 0.92
Step 4915706/5000000 | Win rate (rollout): 0.58 | Loss: 0.040 | Opp label coverage: 0.89
Step 4916218/5000000 | Win rate (rollout): 0.50 | Loss: 0.062 | Opp label coverage: 0.85
Step 4916730/5000000 | Win rate (rollout): 0.55 | Loss: 0.065 | Opp label coverage: 0.90
Step 4917242/5000000 | Win rate (rollout): 0.45 | Loss: 0.090 | Opp label coverage: 0.79
Step 4917754/5000000 | Win rate (rollout): 0.67 | Loss: 0.097 | Opp label coverage: 0.81
Step 4918270/5000000 | Win rate (rollout): 0.27 | Loss: 0.087 | Opp label coverage: 0.88
Step 4918786/5000000 | Win rate (rollout): 0.73 | Loss: 0.049 | Opp label coverage: 0.90
Step 4919305/5000000 | Win rate (rollout): 0.71 | Loss: 0.030 | Opp label coverage: 0.91
Step 4919817/5000000 | Win rate (rollout): 0.20 | Loss: 0.038 | Opp label coverage: 0.78
Step 4920335/5000000 | Win rate (rollout): 0.20 | Loss: 0.036 | Opp label coverage: 0.88
Step 4920847/5000000 | Win rate (rollout): 0.54 | Loss: 0.062 | Opp label coverage: 0.82
Step 4921363/5000000 | Win rate (rollout): 0.33 | Loss: 0.026 | Opp label coverage: 0.88
Step 4921880/5000000 | Win rate (rollout): 0.60 | Loss: 0.063 | Opp label coverage: 0.89
Step 4922397/5000000 | Win rate (rollout): 0.75 | Loss: 0.085 | Opp label coverage: 0.89
Step 4922909/5000000 | Win rate (rollout): 0.50 | Loss: 0.049 | Opp label coverage: 0.86
Step 4923422/5000000 | Win rate (rollout): 0.50 | Loss: 0.136 | Opp label coverage: 0.90
Step 4923934/5000000 | Win rate (rollout): 0.67 | Loss: 0.053 | Opp label coverage: 0.90
Step 4924446/5000000 | Win rate (rollout): 0.67 | Loss: 0.079 | Opp label coverage: 0.82
Step 4924958/5000000 | Win rate (rollout): 0.23 | Loss: 0.074 | Opp label coverage: 0.83
Step 4925470/5000000 | Win rate (rollout): 0.20 | Loss: 0.044 | Opp label coverage: 0.90
Step 4925987/5000000 | Win rate (rollout): 0.40 | Loss: 0.050 | Opp label coverage: 0.88
Step 4926505/5000000 | Win rate (rollout): 0.67 | Loss: 0.086 | Opp label coverage: 0.91
Step 4927019/5000000 | Win rate (rollout): 0.67 | Loss: 0.025 | Opp label coverage: 0.90
Step 4927533/5000000 | Win rate (rollout): 0.73 | Loss: 0.077 | Opp label coverage: 0.90
Step 4928045/5000000 | Win rate (rollout): 0.27 | Loss: 0.059 | Opp label coverage: 0.84
Step 4928561/5000000 | Win rate (rollout): 0.38 | Loss: 0.133 | Opp label coverage: 0.89
Step 4929073/5000000 | Win rate (rollout): 0.45 | Loss: 0.072 | Opp label coverage: 0.80
Step 4929589/5000000 | Win rate (rollout): 0.71 | Loss: 0.057 | Opp label coverage: 0.90
Step 4930101/5000000 | Win rate (rollout): 0.50 | Loss: 0.035 | Opp label coverage: 0.79
Step 4930619/5000000 | Win rate (rollout): 0.60 | Loss: 0.058 | Opp label coverage: 0.89
Step 4931131/5000000 | Win rate (rollout): 0.50 | Loss: 0.071 | Opp label coverage: 0.86
Step 4931645/5000000 | Win rate (rollout): 0.67 | Loss: 0.034 | Opp label coverage: 0.89
Step 4932161/5000000 | Win rate (rollout): 0.58 | Loss: 0.036 | Opp label coverage: 0.91
Step 4932675/5000000 | Win rate (rollout): 0.45 | Loss: 0.053 | Opp label coverage: 0.92
Step 4933187/5000000 | Win rate (rollout): 0.42 | Loss: 0.071 | Opp label coverage: 0.81
Step 4933702/5000000 | Win rate (rollout): 0.20 | Loss: 0.071 | Opp label coverage: 0.89
Step 4934218/5000000 | Win rate (rollout): 0.42 | Loss: 0.064 | Opp label coverage: 0.89
Step 4934730/5000000 | Win rate (rollout): 0.38 | Loss: 0.040 | Opp label coverage: 0.80
Step 4935242/5000000 | Win rate (rollout): 0.57 | Loss: 0.062 | Opp label coverage: 0.85
Step 4935754/5000000 | Win rate (rollout): 0.75 | Loss: 0.055 | Opp label coverage: 0.81
Step 4936271/5000000 | Win rate (rollout): 0.44 | Loss: 0.017 | Opp label coverage: 0.89
Step 4936784/5000000 | Win rate (rollout): 0.62 | Loss: 0.122 | Opp label coverage: 0.90
Step 4937296/5000000 | Win rate (rollout): 0.33 | Loss: 0.092 | Opp label coverage: 0.77
Step 4937808/5000000 | Win rate (rollout): 0.31 | Loss: 0.048 | Opp label coverage: 0.79
Step 4938324/5000000 | Win rate (rollout): 0.73 | Loss: 0.030 | Opp label coverage: 0.89
Step 4938837/5000000 | Win rate (rollout): 0.54 | Loss: 0.067 | Opp label coverage: 0.91
Step 4939349/5000000 | Win rate (rollout): 0.44 | Loss: 0.049 | Opp label coverage: 0.83
Step 4939863/5000000 | Win rate (rollout): 0.40 | Loss: 0.080 | Opp label coverage: 0.90
Step 4940375/5000000 | Win rate (rollout): 0.50 | Loss: 0.065 | Opp label coverage: 0.89
Step 4940889/5000000 | Win rate (rollout): 0.71 | Loss: 0.058 | Opp label coverage: 0.91
Step 4941401/5000000 | Win rate (rollout): 0.56 | Loss: 0.046 | Opp label coverage: 0.85
Step 4941913/5000000 | Win rate (rollout): 0.55 | Loss: 0.068 | Opp label coverage: 0.78
Step 4942430/5000000 | Win rate (rollout): 0.56 | Loss: 0.053 | Opp label coverage: 0.90
Step 4942942/5000000 | Win rate (rollout): 0.70 | Loss: 0.053 | Opp label coverage: 0.83
Step 4943455/5000000 | Win rate (rollout): 0.78 | Loss: 0.239 | Opp label coverage: 0.91
Step 4943967/5000000 | Win rate (rollout): 0.40 | Loss: 0.092 | Opp label coverage: 0.84
Step 4944479/5000000 | Win rate (rollout): 0.54 | Loss: 0.081 | Opp label coverage: 0.84
Step 4944994/5000000 | Win rate (rollout): 0.88 | Loss: 0.054 | Opp label coverage: 0.90
Step 4945506/5000000 | Win rate (rollout): 0.40 | Loss: 0.061 | Opp label coverage: 0.76
Step 4946018/5000000 | Win rate (rollout): 0.53 | Loss: 0.067 | Opp label coverage: 0.80
Step 4946530/5000000 | Win rate (rollout): 0.29 | Loss: 0.118 | Opp label coverage: 0.83
Step 4947042/5000000 | Win rate (rollout): 0.57 | Loss: 0.062 | Opp label coverage: 0.79
Step 4947558/5000000 | Win rate (rollout): 0.56 | Loss: 0.092 | Opp label coverage: 0.90
Step 4948072/5000000 | Win rate (rollout): 0.57 | Loss: 0.112 | Opp label coverage: 0.91
Step 4948586/5000000 | Win rate (rollout): 0.64 | Loss: 0.069 | Opp label coverage: 0.89
Step 4949098/5000000 | Win rate (rollout): 0.43 | Loss: 0.044 | Opp label coverage: 0.74
Step 4949616/5000000 | Win rate (rollout): 0.56 | Loss: 0.005 | Opp label coverage: 0.91
Step 4950128/5000000 | Win rate (rollout): 0.55 | Loss: 0.053 | Opp label coverage: 0.81
Step 4950646/5000000 | Win rate (rollout): 0.12 | Loss: 0.014 | Opp label coverage: 0.89
Step 4951158/5000000 | Win rate (rollout): 0.82 | Loss: 0.048 | Opp label coverage: 0.81
Step 4951671/5000000 | Win rate (rollout): 0.45 | Loss: 0.055 | Opp label coverage: 0.88
Step 4952184/5000000 | Win rate (rollout): 0.36 | Loss: 0.121 | Opp label coverage: 0.89
Step 4952696/5000000 | Win rate (rollout): 0.33 | Loss: 0.084 | Opp label coverage: 0.79
Step 4953208/5000000 | Win rate (rollout): 0.89 | Loss: 0.054 | Opp label coverage: 0.80
Step 4953722/5000000 | Win rate (rollout): 0.33 | Loss: 0.114 | Opp label coverage: 0.89
Step 4954234/5000000 | Win rate (rollout): 0.25 | Loss: 0.052 | Opp label coverage: 0.78
Step 4954747/5000000 | Win rate (rollout): 0.22 | Loss: 0.073 | Opp label coverage: 0.89
Step 4955262/5000000 | Win rate (rollout): 0.67 | Loss: 0.074 | Opp label coverage: 0.92
Step 4955779/5000000 | Win rate (rollout): 0.50 | Loss: 0.088 | Opp label coverage: 0.91
Step 4956297/5000000 | Win rate (rollout): 0.33 | Loss: 0.045 | Opp label coverage: 0.94
Step 4956809/5000000 | Win rate (rollout): 0.46 | Loss: 0.073 | Opp label coverage: 0.83
Step 4957325/5000000 | Win rate (rollout): 0.56 | Loss: 0.029 | Opp label coverage: 0.89
Step 4957837/5000000 | Win rate (rollout): 0.36 | Loss: 0.068 | Opp label coverage: 0.90
Step 4958352/5000000 | Win rate (rollout): 0.35 | Loss: 0.030 | Opp label coverage: 0.88
Step 4958864/5000000 | Win rate (rollout): 0.71 | Loss: 0.078 | Opp label coverage: 0.93
Step 4959378/5000000 | Win rate (rollout): 0.55 | Loss: 0.025 | Opp label coverage: 0.91
Step 4959890/5000000 | Win rate (rollout): 0.69 | Loss: 0.059 | Opp label coverage: 0.91
Step 4960409/5000000 | Win rate (rollout): 0.79 | Loss: 0.043 | Opp label coverage: 0.90
Step 4960923/5000000 | Win rate (rollout): 0.50 | Loss: 0.053 | Opp label coverage: 0.89
Step 4961435/5000000 | Win rate (rollout): 0.55 | Loss: 0.053 | Opp label coverage: 0.78
Step 4961947/5000000 | Win rate (rollout): 0.56 | Loss: 0.035 | Opp label coverage: 0.81
Step 4962459/5000000 | Win rate (rollout): 0.31 | Loss: 0.054 | Opp label coverage: 0.86
Step 4962971/5000000 | Win rate (rollout): 0.64 | Loss: 0.062 | Opp label coverage: 0.78
Step 4963483/5000000 | Win rate (rollout): 0.67 | Loss: 0.043 | Opp label coverage: 0.90
Step 4963995/5000000 | Win rate (rollout): 0.43 | Loss: 0.073 | Opp label coverage: 0.81
Step 4964507/5000000 | Win rate (rollout): 0.46 | Loss: 0.122 | Opp label coverage: 0.78
Step 4965019/5000000 | Win rate (rollout): 0.69 | Loss: 0.065 | Opp label coverage: 0.83
Step 4965531/5000000 | Win rate (rollout): 0.53 | Loss: 0.094 | Opp label coverage: 0.79
Step 4966043/5000000 | Win rate (rollout): 0.25 | Loss: 0.089 | Opp label coverage: 0.81
Step 4966560/5000000 | Win rate (rollout): 0.78 | Loss: 0.063 | Opp label coverage: 0.90
Step 4967076/5000000 | Win rate (rollout): 0.42 | Loss: 0.094 | Opp label coverage: 0.90
Step 4967588/5000000 | Win rate (rollout): 0.42 | Loss: 0.072 | Opp label coverage: 0.79
Step 4968104/5000000 | Win rate (rollout): 0.56 | Loss: 0.071 | Opp label coverage: 0.90
Step 4968616/5000000 | Win rate (rollout): 0.75 | Loss: 0.085 | Opp label coverage: 0.83
Step 4969128/5000000 | Win rate (rollout): 0.30 | Loss: 0.068 | Opp label coverage: 0.81
Step 4969640/5000000 | Win rate (rollout): 0.60 | Loss: 0.046 | Opp label coverage: 0.76
Step 4970152/5000000 | Win rate (rollout): 0.36 | Loss: 0.068 | Opp label coverage: 0.83
Step 4970664/5000000 | Win rate (rollout): 0.50 | Loss: 0.057 | Opp label coverage: 0.79
Step 4971177/5000000 | Win rate (rollout): 0.45 | Loss: 0.014 | Opp label coverage: 0.89
Step 4971689/5000000 | Win rate (rollout): 0.50 | Loss: 0.060 | Opp label coverage: 0.83
Step 4972201/5000000 | Win rate (rollout): 0.67 | Loss: 0.065 | Opp label coverage: 0.90
Step 4972720/5000000 | Win rate (rollout): 0.57 | Loss: 0.097 | Opp label coverage: 0.91
Step 4973235/5000000 | Win rate (rollout): 0.91 | Loss: 0.048 | Opp label coverage: 0.90
Step 4973747/5000000 | Win rate (rollout): 0.40 | Loss: 0.069 | Opp label coverage: 0.90
Step 4974266/5000000 | Win rate (rollout): 0.54 | Loss: 0.076 | Opp label coverage: 0.89
Step 4974780/5000000 | Win rate (rollout): 0.57 | Loss: 0.011 | Opp label coverage: 0.90
Step 4975292/5000000 | Win rate (rollout): 0.62 | Loss: 0.048 | Opp label coverage: 0.85
Step 4975804/5000000 | Win rate (rollout): 0.36 | Loss: 0.094 | Opp label coverage: 0.81
Step 4976316/5000000 | Win rate (rollout): 0.43 | Loss: 0.060 | Opp label coverage: 0.83
Step 4976828/5000000 | Win rate (rollout): 0.62 | Loss: 0.095 | Opp label coverage: 0.81
Step 4977340/5000000 | Win rate (rollout): 0.64 | Loss: 0.044 | Opp label coverage: 0.81
Step 4977855/5000000 | Win rate (rollout): 0.60 | Loss: 0.021 | Opp label coverage: 0.91
Step 4978369/5000000 | Win rate (rollout): 0.67 | Loss: 0.030 | Opp label coverage: 0.91
Step 4978885/5000000 | Win rate (rollout): 0.62 | Loss: 0.071 | Opp label coverage: 0.88
Step 4979397/5000000 | Win rate (rollout): 0.45 | Loss: 0.064 | Opp label coverage: 0.79
Step 4979909/5000000 | Win rate (rollout): 0.75 | Loss: 0.038 | Opp label coverage: 0.92
Step 4980424/5000000 | Win rate (rollout): 0.30 | Loss: 0.003 | Opp label coverage: 0.89
Step 4980936/5000000 | Win rate (rollout): 0.29 | Loss: 0.089 | Opp label coverage: 0.79
Step 4981448/5000000 | Win rate (rollout): 0.40 | Loss: 0.097 | Opp label coverage: 0.82
Step 4981963/5000000 | Win rate (rollout): 0.44 | Loss: 0.021 | Opp label coverage: 0.90
Step 4982476/5000000 | Win rate (rollout): 0.53 | Loss: -0.003 | Opp label coverage: 0.89
Step 4982988/5000000 | Win rate (rollout): 0.33 | Loss: 0.067 | Opp label coverage: 0.81
Step 4983500/5000000 | Win rate (rollout): 0.32 | Loss: 0.067 | Opp label coverage: 0.79
Step 4984012/5000000 | Win rate (rollout): 0.67 | Loss: 0.054 | Opp label coverage: 0.79
Step 4984524/5000000 | Win rate (rollout): 0.67 | Loss: 0.046 | Opp label coverage: 0.81
Step 4985036/5000000 | Win rate (rollout): 0.38 | Loss: 0.049 | Opp label coverage: 0.86
Step 4985548/5000000 | Win rate (rollout): 0.50 | Loss: 0.030 | Opp label coverage: 0.83
Step 4986060/5000000 | Win rate (rollout): 0.43 | Loss: 0.078 | Opp label coverage: 0.82
Step 4986578/5000000 | Win rate (rollout): 0.50 | Loss: 0.015 | Opp label coverage: 0.91
Step 4987094/5000000 | Win rate (rollout): 0.75 | Loss: 0.085 | Opp label coverage: 0.89
Step 4987608/5000000 | Win rate (rollout): 0.69 | Loss: 0.083 | Opp label coverage: 0.91
Step 4988120/5000000 | Win rate (rollout): 0.55 | Loss: 0.079 | Opp label coverage: 0.82
Step 4988632/5000000 | Win rate (rollout): 0.80 | Loss: 0.056 | Opp label coverage: 0.83
Step 4989145/5000000 | Win rate (rollout): 0.56 | Loss: 0.013 | Opp label coverage: 0.90
Step 4989657/5000000 | Win rate (rollout): 0.43 | Loss: 0.058 | Opp label coverage: 0.90
Step 4990171/5000000 | Win rate (rollout): 0.71 | Loss: 0.029 | Opp label coverage: 0.90
Step 4990683/5000000 | Win rate (rollout): 0.67 | Loss: 0.074 | Opp label coverage: 0.90
Step 4991195/5000000 | Win rate (rollout): 0.82 | Loss: 0.073 | Opp label coverage: 0.85
Step 4991714/5000000 | Win rate (rollout): 0.40 | Loss: 0.031 | Opp label coverage: 0.90
Step 4992228/5000000 | Win rate (rollout): 0.77 | Loss: 0.008 | Opp label coverage: 0.91
Step 4992740/5000000 | Win rate (rollout): 0.36 | Loss: 0.068 | Opp label coverage: 0.84
Step 4993257/5000000 | Win rate (rollout): 0.67 | Loss: 0.006 | Opp label coverage: 0.92
Step 4993769/5000000 | Win rate (rollout): 0.88 | Loss: 0.021 | Opp label coverage: 0.87
Step 4994287/5000000 | Win rate (rollout): 0.60 | Loss: 0.050 | Opp label coverage: 0.90
Step 4994799/5000000 | Win rate (rollout): 0.36 | Loss: 0.070 | Opp label coverage: 0.85
Step 4995317/5000000 | Win rate (rollout): 0.67 | Loss: 0.034 | Opp label coverage: 0.91
Step 4995832/5000000 | Win rate (rollout): 0.58 | Loss: 0.065 | Opp label coverage: 0.90
Step 4996344/5000000 | Win rate (rollout): 0.50 | Loss: 0.047 | Opp label coverage: 0.80
Step 4996856/5000000 | Win rate (rollout): 0.58 | Loss: 0.083 | Opp label coverage: 0.83
Step 4997368/5000000 | Win rate (rollout): 0.50 | Loss: 0.103 | Opp label coverage: 0.81
Step 4997880/5000000 | Win rate (rollout): 0.37 | Loss: 0.091 | Opp label coverage: 0.84
Step 4998392/5000000 | Win rate (rollout): 0.00 | Loss: 0.018 | Opp label coverage: 0.86
Step 4998904/5000000 | Win rate (rollout): 0.43 | Loss: 0.081 | Opp label coverage: 0.84
Step 4999422/5000000 | Win rate (rollout): 0.75 | Loss: 0.028 | Opp label coverage: 0.91
Step 4999940/5000000 | Win rate (rollout): 0.62 | Loss: 0.060 | Opp label coverage: 0.90
Step 5000000/5000000 | Win rate (rollout): 0.00 | Loss: 0.023 | Opp label coverage: 0.95

Training complete. Final model saved to models/ppo/checkpoints/bcft/ppo_step_5000000_final.pt
Total steps: 5000000
